classified_movement,recording_timestamp,x,y,pupil_l,pupil_r,duration,ID,USER
fixation,0.0,1.2370627596974373,0.7750898450613022,2.600656509399414,2.6219120025634766,124.0,1,Starttimelines
fixation,199.86899995803833,1.090638518333435,1.046757232059132,2.6434589732776987,2.727315729314631,184.0,2,Starttimelines
fixation,400.0059999227524,1.1248444744518824,1.114195031779153,2.727022443498884,2.835841587611607,125.0,3,Starttimelines
fixation,583.2819999456406,0.460112108124627,0.4374002201689614,2.672275119357639,2.8965827094184027,151.0,4,Starttimelines
fixation,1100.1330000162125,0.28542619417695436,0.20751629988936818,2.5676197725183822,2.7622357536764706,284.0,5,Starttimelines
fixation,1416.8149999380112,0.1910470575094223,0.2697860463099046,2.537655917080966,2.664521650834517,183.0,6,Starttimelines
fixation,1633.4779999256134,0.2530142441391945,0.2713330082595348,2.546240234375,2.6617950439453124,166.0,7,Starttimelines
fixation,1816.7819999456406,0.30447023565118964,0.27463854307478125,2.5494329279119317,2.6813826127485796,183.0,8,Starttimelines
fixation,2033.4289999008179,0.3673880688018269,0.2706962691413032,2.54746585422092,2.6901736789279513,300.0,9,Starttimelines
fixation,2383.442999958992,0.49271720498800275,0.27481978535652163,2.56279296875,2.68743896484375,166.0,10,Starttimelines
fixation,2583.451999902725,0.4527657777070999,0.2756628800522197,2.5627288818359375,2.7408585981889204,183.0,11,Starttimelines
fixation,2800.125,0.5514805082763944,0.27380944575582233,2.6111068725585938,2.7915845598493303,242.0,12,Starttimelines
fixation,3183.4769999980927,0.5863137516108426,0.26856415515596216,2.587706132368608,2.8112071644176138,175.0,13,Starttimelines
fixation,3383.485999941826,0.6663936078548431,0.2646661624312401,2.62117682562934,2.8433956570095487,300.0,14,Starttimelines
fixation,3766.832999944687,0.03328422581156095,0.4603806907931964,2.479080200195312,2.7506510416666665,100.0,15,Starttimelines
fixation,3933.5159999132156,-0.49174701124429704,1.0320583879947662,2.5857818603515623,2.7343399047851564,174.0,16,Starttimelines
fixation,4250.174999952316,0.5235473688910989,0.3064604576896219,2.478619743795956,2.6194700353285847,276.0,17,Starttimelines
fixation,4566.840999960899,0.2858036408821742,0.2808387660317951,2.4987030029296875,2.6899854871961804,150.0,18,Starttimelines
fixation,4750.184000015259,0.2022577403113246,0.29125866293907166,2.5075931549072266,2.7112197875976562,267.0,19,Starttimelines
fixation,5033.511999964714,0.27570256271532606,0.2989251890352794,2.513939993722098,2.6830596923828125,233.0,20,Starttimelines
fixation,5300.166999936104,0.33957645669579506,0.2973724653323491,2.4841283162434897,2.6404927571614585,200.0,21,Starttimelines
fixation,5533.495000004768,0.4152693208307028,0.29704389348626137,2.533184051513672,2.6919116973876953,133.0,22,Starttimelines
fixation,5700.164999961853,0.1972837480051177,0.294005457844053,2.5581370762416293,2.741992405482701,234.0,23,Starttimelines
fixation,5950.181999921799,0.2439053820875975,0.3046954996310748,2.539990938626803,2.7293501633864183,217.0,24,Starttimelines
fixation,6183.521999955177,0.26851338360990795,0.30591859774930136,2.482111249651228,2.675034659249442,233.0,25,Starttimelines
fixation,6450.194000005722,0.18530078947544099,0.3004554730653763,2.4371575927734375,2.633885498046875,425.0,26,Starttimelines
fixation,7166.870999932289,0.19253160373160713,-0.011300579558959916,2.4539827045641447,2.6804873817845394,317.0,27,Starttimelines
fixation,7516.8830000162125,0.1625004398326079,-0.04220736425163017,2.3513395521375866,2.576346503363715,308.0,28,Starttimelines
fixation,8033.567999958992,0.284685967862606,0.3553049430251122,2.2771530151367188,2.445811462402344,166.0,29,Starttimelines
fixation,8216.90699994564,0.2978653013706207,0.3156536180864681,2.419820612127131,2.5936418013139204,183.0,30,Starttimelines
fixation,8433.579999923706,0.38313536231334394,0.300176651431964,2.460277850811298,2.611432589017428,216.0,31,Starttimelines
fixation,8700.255999922752,0.21574342027306556,0.30212646126747134,2.4248641967773437,2.5850753784179688,167.0,32,Starttimelines
fixation,8883.595999956131,0.17204201221466064,0.30130690783262254,2.406749725341797,2.567427062988281,333.0,33,Starttimelines
fixation,9266.939999938011,0.5297554665141635,0.2863108068704605,2.4662543402777777,2.5369025336371527,300.0,34,Starttimelines
fixation,9600.284999966621,0.6678481493145227,0.26169292628765106,2.530703544616699,2.6368885040283203,267.0,35,Starttimelines
fixation,9900.296000003815,0.7617889894888952,0.27491797850682187,2.570196298452524,2.6851583627554088,217.0,36,Starttimelines
fixation,10183.636999964714,0.3012848012149334,0.31718978472054005,2.536651611328125,2.7574844360351562,133.0,37,Starttimelines
fixation,10350.31299996376,0.1870474113445533,0.29209470121484055,2.535627666272615,2.729639956825658,317.0,38,Starttimelines
fixation,10700.325999975204,0.25155671851502526,0.27496376468075645,2.4639960394965277,2.6385006374782987,150.0,39,Starttimelines
fixation,10883.663999915123,0.29421642558141187,0.27558837831020355,2.4079145951704546,2.589548284357244,183.0,40,Starttimelines
fixation,11100.337000012398,0.3702143008510272,0.27536796364519334,2.4270028008355036,2.535233391655816,300.0,41,Starttimelines
fixation,11467.015999913216,0.23066694183009012,0.8596302441188267,2.4985809326171875,2.5795440673828125,117.0,42,Starttimelines
fixation,11600.348999977112,0.19474859822254914,0.8035008976092706,2.5259188138521633,2.6274390587439904,216.0,43,Starttimelines
fixation,11850.358999967575,0.29882727066675824,0.7867226501305898,2.4781290690104165,2.6459808349609375,100.0,44,Starttimelines
fixation,11967.02899992466,0.2968980401754379,0.803633040189743,2.4949127197265626,2.6253692626953127,84.0,45,Starttimelines
fixation,12083.699000000954,0.23887413293123244,0.8083654761314392,2.4664825439453124,2.58880615234375,91.0,46,Starttimelines
fixation,12350.368999958038,0.3182608187198639,0.27288209564156,2.5418887668185763,2.694549560546875,142.0,47,Starttimelines
fixation,12533.707999944687,0.19045830269654593,0.26250801607966423,2.6441268920898438,2.814070383707682,200.0,48,Starttimelines
fixation,12767.046999931335,0.24794104872714906,0.26631533035210203,2.5016988118489585,2.6448436918712797,350.0,49,Starttimelines
fixation,13150.393000006676,0.18666174648595707,0.26524866798094343,2.4235194069998607,2.5786944798060825,933.0,50,Starttimelines
fixation,14100.400999903679,0.17948982119560242,0.2618808463215828,2.3172943115234377,2.4369903564453126,166.0,51,Starttimelines
fixation,14283.731999993324,0.2577528293643679,0.25451370754412245,2.310021536690848,2.406491960797991,117.0,52,Starttimelines
fixation,14433.733999967575,0.3023146523369683,0.25970782505141365,2.292666965060764,2.381339179144965,150.0,53,Starttimelines
fixation,14617.06400001049,0.37376855810483295,0.2601997181773186,2.280175526936849,2.367090861002604,200.0,54,Starttimelines
fixation,14850.395999908447,0.4886165589094162,0.25910314321517947,2.279768371582031,2.374462890625,166.0,55,Starttimelines
fixation,15050.393999934196,0.45735316127538683,0.2627245426177979,2.2767868041992188,2.378033447265625,166.0,56,Starttimelines
fixation,15250.390999913216,0.576491865515709,0.2600579924881458,2.29892578125,2.376966857910156,174.0,57,Starttimelines
fixation,15783.71700000763,0.6917126178741455,0.2640252113342285,2.4088119506835937,2.530656433105469,167.0,58,Starttimelines
fixation,15983.713999986649,0.7566938642412424,0.261767971329391,2.3703250885009766,2.4691905975341797,267.0,59,Starttimelines
fixation,16267.041999936104,0.7834885060787201,0.25420050844550135,2.3237838745117188,2.405048370361328,334.0,60,Starttimelines
fixation,16667.03499996662,0.21148615992731518,0.296266774336497,2.319366455078125,2.5144178602430554,150.0,61,Starttimelines
fixation,16850.365000009537,0.18103675627046162,0.28577632705370587,2.3237982855902777,2.5063018798828125,150.0,62,Starttimelines
fixation,17033.694999933243,0.24302068104346594,0.2982022513945897,2.359971364339193,2.510430653889974,200.0,63,Starttimelines
fixation,17250.352999925613,0.26616832779513466,0.30373920334710014,2.3482733832465277,2.5071309407552085,150.0,64,Starttimelines
fixation,17417.016999959946,0.3248484826513699,0.3005634769797325,2.3648768833705356,2.4957689557756697,234.0,65,Starttimelines
fixation,17683.674999952316,0.3845104858279228,0.29942407310009,2.370130920410156,2.478692626953125,167.0,66,Starttimelines
fixation,17867.008000016212,0.417307796222823,0.2983852071421487,2.367255074637277,2.468468802315848,117.0,67,Starttimelines
fixation,18017.00499999523,0.31047960886588466,0.29129685346896833,2.3623246413010817,2.4783900334284854,217.0,68,Starttimelines
fixation,18250.329999923706,0.2871898954564875,0.29211378503929486,2.347622958096591,2.4695795232599433,184.0,69,Starttimelines
fixation,18466.990999937057,0.38747197575867176,0.29488258995115757,2.324535369873047,2.4178810119628906,133.0,70,Starttimelines
fixation,18633.65399992466,0.4731272576110704,0.28894960241658346,2.288667951311384,2.380528041294643,233.0,71,Starttimelines
fixation,18900.324999928474,0.528644632209431,0.29176291010596533,2.3283025568181817,2.4348602294921875,184.0,72,Starttimelines
fixation,19116.99299991131,0.4669184661828555,0.2954691006587102,2.3413790189302883,2.4574479323167067,217.0,73,Starttimelines
fixation,19350.332000017166,0.5178062140941619,0.29101471453905103,2.3338623046875,2.4745880126953126,167.0,74,Starttimelines
fixation,19550.332999944687,0.5487203652208502,0.29173665019598877,2.336239901455966,2.4739144065163354,184.0,75,Starttimelines
fixation,19767.00199997425,0.62417271733284,0.2941635094937824,2.3832586379278276,2.474398658389137,350.0,76,Starttimelines
fixation,20150.33999991417,0.6948465406894684,0.2943124324083328,2.4018173217773438,2.4919700622558594,74.0,77,Starttimelines
fixation,20517.011999964714,0.7692810982465744,0.2904763862490654,2.4399734497070313,2.5335159301757812,167.0,78,Starttimelines
fixation,20700.3449999094,0.7390005371787332,0.28874329138885846,2.442990389737216,2.5568806041370737,183.0,79,Starttimelines
fixation,20933.68599998951,0.20721740797162055,0.32008438408374784,2.3245590209960936,2.4779922485351564,167.0,80,Starttimelines
fixation,21117.020999908447,0.1749689049190945,0.326236872209443,2.297702365451389,2.4345211452907987,150.0,81,Starttimelines
fixation,21300.354999899864,0.26370095393874426,0.3287379768761722,2.307769775390625,2.4109677401455967,183.0,82,Starttimelines
fixation,21500.355999946594,0.236417322854201,0.3252331664164861,2.2619842529296874,2.372115071614583,250.0,83,Starttimelines
fixation,21767.02899992466,0.203366319835186,0.32579818069934846,2.255975341796875,2.406060791015625,84.0,84,Starttimelines
fixation,21883.694999933243,0.24612419131924124,0.3270900267011979,2.2712348489200367,2.4097065645105697,283.0,85,Starttimelines
fixation,22200.366999983788,0.28738742768764497,0.3324166715145111,2.2784332275390624,2.4328369140625,91.0,86,Starttimelines
fixation,22533.701999902725,0.28576552867889404,0.3402752528587977,2.3104756673177085,2.459833780924479,92.0,87,Starttimelines
fixation,22683.704999923706,0.17834219709038734,0.39568792283535004,2.364508056640625,2.5485809326171873,167.0,88,Starttimelines
fixation,22883.708999991417,0.2236697120325906,0.3910634826336588,2.3495712280273438,2.495863778250558,233.0,89,Starttimelines
fixation,23133.712000012398,0.25872744454277885,0.3948063403367996,2.3028750949435763,2.4335225423177085,150.0,90,Starttimelines
fixation,23317.047999978065,0.19208009541034698,0.38701094686985016,2.2440414428710938,2.4016361236572266,134.0,91,Starttimelines
fixation,23467.047999978065,0.2985980361700058,0.3883407404025396,2.2877705891927085,2.426982625325521,250.0,92,Starttimelines
fixation,23750.388000011444,0.36369517658438,0.3926890588232449,2.319666181291853,2.415283203125,233.0,93,Starttimelines
fixation,24017.055999994278,0.4412144273519516,0.3862140561853136,2.327268327985491,2.448883056640625,234.0,94,Starttimelines
fixation,24283.725999951363,0.5156769400293176,0.38851865990595386,2.363028786399148,2.4928422407670454,183.0,95,Starttimelines
fixation,24483.725999951363,0.5525944715454465,0.38665942421981264,2.3693985711960566,2.503968011765253,350.0,96,Starttimelines
fixation,24867.06400001049,0.6417153278986613,0.3880377324918906,2.3609644571940103,2.5039037068684897,200.0,97,Starttimelines
fixation,25100.399999976158,0.5593495517969131,0.39945802837610245,2.3957316080729165,2.5658912658691406,208.0,98,Starttimelines
fixation,25533.737999916077,0.5086257457733154,0.38572178532679874,2.4067586263020835,2.5529454549153647,92.0,99,Starttimelines
fixation,25683.740000009537,0.7054338371753692,0.3925616091489792,2.4560321044921873,2.582918701171875,417.0,100,Starttimelines
fixation,26133.74500000477,0.7829905175245725,0.38180849299981046,2.3573526235727162,2.469988309420072,217.0,101,Starttimelines
fixation,26367.082000017166,0.7524023130536079,0.38424040377140045,2.345508575439453,2.472278594970703,75.0,102,Starttimelines
fixation,26650.417999982834,0.7555921696699582,0.37760791641015273,2.4116891714242787,2.554113534780649,208.0,103,Starttimelines
fixation,26900.419999957085,0.8071916022083976,0.3796460736881603,2.4458174272017046,2.5531879771839487,183.0,104,Starttimelines
fixation,27150.423999905586,0.22805737207333246,0.41476156810919446,2.2719930013020835,2.4329833984375,150.0,105,Starttimelines
fixation,27317.0909999609,0.1711859628558159,0.4093973648089629,2.23025395320012,2.3995255690354567,217.0,106,Starttimelines
fixation,27567.09299993515,0.2600434652783654,0.42153912647203967,2.2493410977450283,2.351144964044744,184.0,107,Starttimelines
fixation,27767.09599995613,0.2958505554841115,0.42109887989667744,2.2058011568509617,2.316442636343149,217.0,108,Starttimelines
fixation,28000.428999900818,0.27342599133650464,0.4267110439638297,2.2333577473958335,2.346435546875,200.0,109,Starttimelines
fixation,28233.765999913216,0.19697525529634385,0.47812162055855706,2.2237461635044644,2.41998291015625,358.0,110,Starttimelines
fixation,28800.44099998474,0.2130982843892915,0.4665901554482324,2.268988473074777,2.428015572684152,108.0,111,Starttimelines
fixation,28933.774999976158,0.18542432487010957,0.4907923698425293,2.3341995239257813,2.5030838012695313,167.0,112,Starttimelines
fixation,29150.444999933243,0.2743042781949043,0.4900028593838215,2.3607470194498696,2.4982452392578125,200.0,113,Starttimelines
fixation,29367.113999962807,0.20426857077023564,0.48128386280115915,2.2575010411879597,2.4051100786994484,284.0,114,Starttimelines
fixation,29683.78600001335,0.2761917244642973,0.48882288578897715,2.3140382766723633,2.4438161849975586,267.0,115,Starttimelines
fixation,29983.788999915123,0.33097328139202936,0.4825106476034437,2.3236923217773438,2.4444002423967635,233.0,116,Starttimelines
fixation,30233.791999936104,0.36050010433322505,0.48647849340187876,2.339116146689967,2.4573235762746712,317.0,117,Starttimelines
fixation,30583.796999931335,0.4160804860293865,0.4813201104601224,2.3126932779947915,2.4255994160970054,200.0,118,Starttimelines
fixation,30817.134999990463,0.3507113733461925,0.4916877086673464,2.3081436157226562,2.4489713396344865,234.0,119,Starttimelines
fixation,31067.135999917984,0.3873673290014267,0.4931191325187683,2.3107940673828127,2.4371185302734375,84.0,120,Starttimelines
fixation,31183.801999926567,0.43856729865074157,0.48901156038045884,2.2948287963867187,2.4374710083007813,167.0,121,Starttimelines
fixation,31383.80900001526,0.5007396679032933,0.4840816327116706,2.3144087357954546,2.4305295077237217,183.0,122,Starttimelines
fixation,31600.477999925613,0.5483024001121521,0.47030102014541625,2.3038055419921877,2.3935333251953126,91.0,123,Starttimelines
fixation,31883.81599998474,0.6222483843564988,0.4984829932451248,2.3236419677734377,2.4239013671875,159.0,124,Starttimelines
fixation,32067.149999976158,0.603134710341692,0.4899392295628786,2.3813114166259766,2.485502243041992,142.0,125,Starttimelines
fixation,32400.488999962807,0.5288743928074837,0.4751898631453514,2.284893035888672,2.402021789550781,325.0,126,Starttimelines
fixation,32750.490999937057,0.5660949668713978,0.4695993246776717,2.2978112357003346,2.394160679408482,233.0,127,Starttimelines
fixation,33000.49699997902,0.5333297252655029,0.47175976758201915,2.2415758768717446,2.3672027587890625,208.0,128,Starttimelines
fixation,33417.167999982834,0.5928526495893797,0.496306199580431,2.352583567301432,2.459771474202474,192.0,129,Starttimelines
fixation,33633.83599996567,0.6325621902942657,0.48801594972610474,2.4040973369891825,2.5261699969951925,217.0,130,Starttimelines
fixation,33883.8449999094,0.6962459039303565,0.4827242546504544,2.3160203503024195,2.3927799347908265,517.0,131,Starttimelines
fixation,34433.86500000954,0.7450956155856451,0.48634951561689377,2.344751993815104,2.4336268107096353,100.0,132,Starttimelines
fixation,34550.53600001335,0.7847560197114944,0.48514726385474205,2.3633041381835938,2.4435882568359375,66.0,133,Starttimelines
fixation,34683.87399995327,0.22664439119398594,0.5333262458443642,2.3389739990234375,2.5063304901123047,133.0,134,Starttimelines
fixation,34850.546000003815,0.17920549015204112,0.5289978901545207,2.368818155924479,2.5405283610026044,250.0,135,Starttimelines
fixation,35117.22399997711,0.24127639830112457,0.5172885470092297,2.346576690673828,2.485126495361328,75.0,136,Starttimelines
fixation,35400.56799995899,0.2514122620224953,0.5311125159263611,2.2562347412109376,2.3822174072265625,75.0,137,Starttimelines
fixation,35500.57199990749,0.30558153038675134,0.5286830501122908,2.3254436146129263,2.4325311834161933,183.0,138,Starttimelines
fixation,35700.580999970436,0.2887856281465954,0.5311477002170351,2.331496344672309,2.4576237996419272,300.0,139,Starttimelines
fixation,36017.25899994373,0.24955870769917965,0.5247962176799774,2.278461456298828,2.410289764404297,67.0,140,Starttimelines
fixation,36117.264999985695,0.3016749987235436,0.5179452666869531,2.2748800424429088,2.384924081655649,217.0,141,Starttimelines
fixation,36367.27399992943,0.37633560510242686,0.5211927908308366,2.2979206758386947,2.417414945714614,284.0,142,Starttimelines
fixation,36683.953999996185,0.47666321580226606,0.5191522790835454,2.309666560246394,2.449457021859976,217.0,143,Starttimelines
fixation,36933.96299993992,0.3843567751348019,0.5264743879437447,2.332525634765625,2.4980628967285154,333.0,144,Starttimelines
fixation,37283.97799992561,0.4083155627761568,0.5172695709126336,2.360919407435826,2.5164358956473216,233.0,145,Starttimelines
fixation,37550.65399992466,0.35889926652113596,0.5132322013378143,2.3481770833333333,2.5145029703776043,250.0,146,Starttimelines
fixation,37867.330999970436,0.21966642700135708,0.5848355628550053,2.3324527740478516,2.5277023315429688,133.0,147,Starttimelines
fixation,38034.011999964714,0.18629502775994214,0.5910478559407321,2.336417458274148,2.4996532093394888,184.0,148,Starttimelines
fixation,38250.68699991703,0.25987348173345837,0.5833479719502586,2.3049490792410716,2.4791150774274553,125.0,149,Starttimelines
fixation,38584.03499996662,0.20861318436535922,0.5884871076453816,2.286965110085227,2.485899491743608,176.0,150,Starttimelines
fixation,38817.37599992752,0.3296964354813099,0.5997870936989784,2.3845596313476562,2.5171661376953125,133.0,151,Starttimelines
fixation,38967.37999999523,0.378960241874059,0.5938132256269455,2.2835566202799478,2.368707021077474,200.0,152,Starttimelines
fixation,39200.71399998665,0.438031194465501,0.5813175375972476,2.244006565638951,2.334409441266741,233.0,153,Starttimelines
fixation,39467.37699997425,0.46896576633056003,0.5878387267390887,2.322296142578125,2.4442977905273438,200.0,154,Starttimelines
fixation,39700.72299993038,0.4299416281282902,0.5905848667025566,2.348682403564453,2.473236083984375,67.0,155,Starttimelines
fixation,39784.05799996853,0.5429885515144893,0.5906204219375338,2.368900844029018,2.4766006469726562,234.0,156,Starttimelines
fixation,40050.730999946594,0.49115629150317264,0.5918418948466961,2.3861659123347354,2.5310152493990383,225.0,157,Starttimelines
fixation,40500.72799992561,0.5232387349523347,0.5942715663334419,2.4563272410425645,2.550958041487069,491.0,158,Starttimelines
fixation,41217.40799999237,0.5275680848530361,0.6140645870140621,2.370179675874256,2.4802660260881697,342.0,159,Starttimelines
fixation,41584.082000017166,0.5755776584148407,0.6065717379252116,2.3823862711588544,2.4672760009765624,250.0,160,Starttimelines
fixation,41867.416999936104,0.6144277091537204,0.5937323080641883,2.3525161743164062,2.4353539603097096,233.0,161,Starttimelines
fixation,42117.424999952316,0.6534204913510216,0.6025781002309587,2.388975355360243,2.479432847764757,150.0,162,Starttimelines
fixation,42300.75899994373,0.7068305292299816,0.600721904209682,2.420530046735491,2.5147694178989957,233.0,163,Starttimelines
fixation,42550.763999938965,0.7522008895874024,0.5838169425725936,2.389630126953125,2.4660491943359375,167.0,164,Starttimelines
fixation,42784.110999941826,0.1930200240828774,0.6262791319326921,2.361946799538352,2.506620927290483,184.0,165,Starttimelines
fixation,42984.105999946594,0.1713565836350123,0.6382885992527008,2.38465576171875,2.5010955810546873,258.0,166,Starttimelines
fixation,43500.77899992466,0.21569697829810056,0.6474475400014357,2.2947124134410513,2.4615950150923296,175.0,167,Starttimelines
fixation,43700.78499996662,0.2484240917996927,0.6367523209615187,2.3641718084161933,2.544737382368608,183.0,168,Starttimelines
fixation,43917.44799995422,0.1828199704842908,0.6348273200648171,2.2847704206194197,2.424463544573103,233.0,169,Starttimelines
fixation,44167.452999949455,0.2529590767290857,0.621532572640313,2.20741950141059,2.407353719075521,150.0,170,Starttimelines
fixation,44350.78299999237,0.1814738523501616,0.634861980493252,2.2995077279897838,2.4189840463491588,217.0,171,Starttimelines
fixation,44600.78299999237,0.2661591172218323,0.619136723379294,2.293848673502604,2.4630559285481772,200.0,172,Starttimelines
fixation,44817.44699990749,0.2464250862598419,0.6257186084985733,2.3009246826171874,2.49046630859375,166.0,173,Starttimelines
fixation,45000.78399991989,0.32351394945924933,0.6188599602742628,2.3221934925426138,2.487813776189631,183.0,174,Starttimelines
fixation,45200.78999996185,0.3066613159396432,0.6280265992338007,2.374826604669744,2.5069940740411933,183.0,175,Starttimelines
fixation,45417.45799994469,0.40198900607916027,0.6076327218459203,2.324236356295072,2.440838153545673,216.0,176,Starttimelines
fixation,45650.78999996185,0.44336967832512325,0.6096001201205783,2.3090396457248263,2.441009521484375,150.0,177,Starttimelines
fixation,45834.12399995327,0.48070174753665923,0.6095370173454284,2.341619873046875,2.4369171142578123,92.0,178,Starttimelines
fixation,46167.453999996185,0.413763877004385,0.6399585902690887,2.361419677734375,2.492910385131836,125.0,179,Starttimelines
fixation,46317.454999923706,0.36477023895297733,0.6360546371766499,2.465853009905134,2.5806797572544644,233.0,180,Starttimelines
fixation,46567.44699990749,0.3882964783244663,0.6165859003861746,2.382197062174479,2.470670912000868,150.0,181,Starttimelines
fixation,46750.78600001335,0.3083941365281741,0.6260648543636004,2.323741912841797,2.4545923868815103,200.0,182,Starttimelines
fixation,47000.77899992466,0.4072737945243716,0.6118743326514959,2.2969741821289062,2.392110824584961,267.0,183,Starttimelines
fixation,47300.78600001335,0.45094649245341617,0.6242767920096716,2.3079910278320312,2.39166259765625,108.0,184,Starttimelines
fixation,47600.78499996662,0.46855299174785614,0.6302611099349128,2.381773206922743,2.495237562391493,150.0,185,Starttimelines
fixation,47767.449000000954,0.37537701725959777,0.6282818814118704,2.46080322265625,2.621753946940104,250.0,186,Starttimelines
fixation,48034.11500000954,0.41917360623677574,0.6232353607813518,2.3980784098307293,2.560206095377604,250.0,187,Starttimelines
fixation,48317.44699990749,0.4720560366457159,0.62228478084911,2.3604666969992896,2.4986197731711646,183.0,188,Starttimelines
fixation,48534.11500000954,0.315187961343796,0.6159886073681616,2.397189724829889,2.5521949029737905,517.0,189,Starttimelines
fixation,49100.78600001335,0.20001747624741661,0.7056310044394599,2.43646240234375,2.5555182562934027,150.0,190,Starttimelines
fixation,49267.455999970436,0.17452705568737453,0.6983068618509505,2.4535980224609375,2.5475345187717013,150.0,191,Starttimelines
fixation,49434.11699998379,0.26945753892262775,0.6920402728848987,2.412785847981771,2.5315322875976562,300.0,192,Starttimelines
fixation,49767.452999949455,0.3388307640949885,0.6770517205198606,2.313238779703776,2.4878832499186196,200.0,193,Starttimelines
fixation,50000.79100000858,0.41773029334015316,0.6686656243271298,2.3066236707899304,2.4524993896484375,150.0,194,Starttimelines
fixation,50167.45799994469,0.3744943831115961,0.6776439007371664,2.3510732650756836,2.5099620819091797,266.0,195,Starttimelines
fixation,50467.47399997711,0.43012376957469517,0.6741369697782729,2.3584781222873263,2.5011528862847223,150.0,196,Starttimelines
fixation,50884.14599990845,0.5044333181447453,0.6926184876097573,2.4398379855685763,2.525154961480035,292.0,197,Starttimelines
fixation,51217.47200000286,0.5667499005794525,0.6833004607604101,2.3949068509615383,2.4555429311899037,216.0,198,Starttimelines
fixation,51467.47899997234,0.6250917240977287,0.6777907858292261,2.2789815266927085,2.3592936197916665,200.0,199,Starttimelines
fixation,51700.81599998474,0.6882245801389217,0.6788812801241875,2.31241512298584,2.408963203430176,267.0,200,Starttimelines
fixation,52017.49599993229,0.7577717138661278,0.6837589045365652,2.3771548800998263,2.4623582628038196,150.0,201,Starttimelines
fixation,52217.5,0.26171662552016123,0.6871287609849658,2.3851209368024553,2.5402614048549106,116.0,202,Starttimelines
fixation,52367.50099992752,0.18331356542675117,0.6887122439710718,2.3748482152035364,2.5319896497224508,316.0,203,Starttimelines
fixation,52700.83799993992,0.17441384568810464,0.7432201385498047,2.3638229370117188,2.4788360595703125,167.0,204,Starttimelines
fixation,52900.84200000763,0.25173891379552726,0.7191461517530329,2.300327974207261,2.4373249727136947,283.0,205,Starttimelines
fixation,53217.50699996948,0.32501107901334764,0.7207516878843307,2.29468994140625,2.4388916015625,166.0,206,Starttimelines
fixation,53417.50800001621,0.36628618287412745,0.7113824016169498,2.2712177477384867,2.447647897820724,316.0,207,Starttimelines
fixation,53784.18799996376,0.22131159032384554,0.7555410812298456,2.3065541585286455,2.4890340169270835,100.0,208,Starttimelines
fixation,53934.18400001526,0.20870875790715218,0.5423480331897735,2.326033020019531,2.47906494140625,167.0,209,Starttimelines
fixation,54134.18099999428,0.20481096282601358,0.40114662051200867,2.3864791870117186,2.4977691650390623,167.0,210,Starttimelines
fixation,54317.53499996662,0.20072192326188087,0.3469900041818619,2.4044570922851562,2.5232620239257812,66.0,211,Starttimelines
fixation,54417.5379999876,0.2061561710304684,0.24691379815340042,2.3945482042100696,2.5305582682291665,150.0,212,Starttimelines
fixation,54584.20799994469,0.19540547082821527,0.2616056799888611,2.3747431437174478,2.5105667114257812,100.0,213,Starttimelines
fixation,54717.546000003815,0.31569800078868865,0.27291734516620636,2.3819839477539064,2.5096221923828126,166.0,214,Starttimelines
fixation,54917.54100000858,0.4128397310321981,0.2667350857095285,2.3572193492542612,2.4567732377485796,183.0,215,Starttimelines
fixation,55134.22099995613,0.37687687741385567,0.27428291406896377,2.3632066514756946,2.4613477918836804,150.0,216,Starttimelines
fixation,55317.55900001526,0.4868322496230786,0.2769575909926341,2.3771867018479567,2.4799041748046875,216.0,217,Starttimelines
fixation,55567.56499993801,0.5639869521061579,0.2730202426513036,2.4012730916341147,2.4814453125,108.0,218,Starttimelines
fixation,55884.232999920845,0.6406667649745941,0.265214142203331,2.4320770263671876,2.5237197875976562,159.0,219,Starttimelines
fixation,56067.576999902725,0.6865934202304254,0.2601749117557819,2.479296170748197,2.5570772611177883,216.0,220,Starttimelines
fixation,56317.58399999142,0.760290302336216,0.2615115096171697,2.378107706705729,2.4247093200683594,200.0,221,Starttimelines
fixation,56534.25699996948,0.7319971919059753,0.2636248933918336,2.330470365636489,2.3740925508386947,284.0,222,Starttimelines
fixation,56834.265999913216,0.6632844917476177,0.26331192441284657,2.349264144897461,2.4049510955810547,142.0,223,Starttimelines
fixation,57250.93299996853,0.20344231887297196,0.3120316050269387,2.4114643443714487,2.5777546275745737,183.0,224,Starttimelines
fixation,57450.93900001049,0.1779662643869718,0.3053722580273946,2.4669647216796875,2.6387863159179688,100.0,225,Starttimelines
fixation,57567.610000014305,0.24278597075205582,0.3018874113376324,2.417528592623197,2.5429722712590146,216.0,226,Starttimelines
fixation,57817.61699998379,0.3321296295949391,0.29861076601914,2.322511945452009,2.420121329171317,233.0,227,Starttimelines
fixation,58067.62199997902,0.3117467649281025,0.30248962218562764,2.340193430582682,2.4743194580078125,200.0,228,Starttimelines
fixation,58284.293999910355,0.29884610218661173,0.2972652167081833,2.3876756940569197,2.504880632672991,117.0,229,Starttimelines
fixation,58450.9659999609,0.3986786752939224,0.3015421579281489,2.3978983561197915,2.5351231892903647,108.0,230,Starttimelines
fixation,58784.30799996853,0.41643568802447545,0.317253929518518,2.5598827543712797,2.710235595703125,342.0,231,Starttimelines
fixation,59167.64800000191,0.38202832639217377,0.3023991838097572,2.5140960693359373,2.655897521972656,166.0,232,Starttimelines
fixation,59367.64999997616,0.4722891633327191,0.29694646482284254,2.401890681340144,2.5094980093149037,216.0,233,Starttimelines
fixation,59617.65600001812,0.5335868060588836,0.30153200924396517,2.4025558471679687,2.4967605590820314,166.0,234,Starttimelines
fixation,59800.99199998379,0.49353986978530884,0.30364400148391724,2.417424201965332,2.535573959350586,267.0,235,Starttimelines
fixation,60084.325999975204,0.5534516045680413,0.30118254400216615,2.4546297513521633,2.574095505934495,217.0,236,Starttimelines
fixation,60334.33299994469,0.6087498622281211,0.29861786535808016,2.5070103236607144,2.575066702706473,125.0,237,Starttimelines
fixation,60684.33899998665,0.5870269313454628,0.30225553922355175,2.517711639404297,2.5955734252929688,125.0,238,Starttimelines
fixation,60834.33999991417,0.5483017514149348,0.30123606075843173,2.555750528971354,2.6498565673828125,100.0,239,Starttimelines
fixation,60967.67899990082,0.6182192013813899,0.29628991507566893,2.537616436298077,2.5877098670372596,217.0,240,Starttimelines
fixation,61217.67999994755,0.6957634474549975,0.2929911794407027,2.4251937866210938,2.503283909388951,233.0,241,Starttimelines
fixation,61484.35199999809,0.779258519411087,0.29172847100666593,2.422635759626116,2.4981515066964284,116.0,242,Starttimelines
fixation,61667.68900001049,0.2168099969625473,0.33187163919210433,2.428790283203125,2.5492919921875,167.0,243,Starttimelines
fixation,61867.68900001049,0.18378938734531403,0.3238087079741738,2.4184806130149146,2.5352061878551138,183.0,244,Starttimelines
fixation,62084.360999941826,0.2572776238833155,0.33754303944962366,2.4016571044921875,2.5011389596121654,233.0,245,Starttimelines
fixation,62334.36599993706,0.27327336370944977,0.3372899442911148,2.3349212646484374,2.46396484375,91.0,246,Starttimelines
fixation,62617.701999902725,0.183526417447461,0.41969313224156696,2.3635118272569446,2.4470638699001737,142.0,247,Starttimelines
fixation,62784.37099993229,0.20856883997718492,0.41250912927918965,2.3929256863064237,2.5060848659939237,300.0,248,Starttimelines
fixation,63101.042999982834,0.2667095988988876,0.42093226313591003,2.29718017578125,2.4168853759765625,167.0,249,Starttimelines
fixation,63284.3789999485,0.3111537342721766,0.4193571535023776,2.30072021484375,2.4319888028231533,183.0,250,Starttimelines
fixation,63484.38300001621,0.28962593525648117,0.42185388257106143,2.3465906778971353,2.4647801717122397,100.0,251,Starttimelines
fixation,63617.7159999609,0.37356527894735336,0.4111514273617003,2.380701700846354,2.4912651909722223,300.0,252,Starttimelines
fixation,63951.06199991703,0.4434512663971294,0.4052106792276556,2.3958060524680396,2.505917635830966,184.0,253,Starttimelines
fixation,64167.72699999809,0.543066646044071,0.4018034167014636,2.402820293719952,2.528009267953726,217.0,254,Starttimelines
fixation,64417.730999946594,0.6253603805195201,0.3990679816766219,2.417936845259233,2.5302886962890625,183.0,255,Starttimelines
fixation,64634.40199995041,0.5385204792022705,0.3961349934339523,2.3580291748046873,2.5175537109375,83.0,256,Starttimelines
fixation,64751.06999993324,0.44588025100529194,0.39625480957329273,2.363454818725586,2.528715133666992,134.0,257,Starttimelines
fixation,64984.40600001812,0.5572175443172455,0.39177012542883555,2.404380289713542,2.560185750325521,250.0,258,Starttimelines
fixation,65267.74500000477,0.6685569551255968,0.39100155234336853,2.453216552734375,2.5197906494140625,150.0,259,Starttimelines
fixation,65451.08399999142,0.7616704665124416,0.3881436735391617,2.4484405517578125,2.5463027954101562,134.0,260,Starttimelines
fixation,65684.42100000381,0.20987439701954524,0.416748716433843,2.3908762613932293,2.529126993815104,250.0,261,Starttimelines
fixation,65967.76599991322,0.2828454930673946,0.41988333382389764,2.381927490234375,2.496102072975852,183.0,262,Starttimelines
fixation,66184.4279999733,0.21409712731838226,0.48988367191382814,2.309250967843192,2.420835222516741,241.0,263,Starttimelines
fixation,66751.10699999332,0.27374265023640226,0.49970494281677974,2.44283694312686,2.5412728445870534,350.0,264,Starttimelines
fixation,67134.44499993324,0.22806047648191452,0.49108611419796944,2.3432896931966147,2.462256113688151,200.0,265,Starttimelines
fixation,67351.1139999628,0.25524222292006016,0.4948738932609558,2.2591888427734377,2.383109283447266,334.0,266,Starttimelines
fixation,67701.12099993229,0.2180356014933851,0.588503102461497,2.2595079210069446,2.3815104166666665,300.0,267,Starttimelines
fixation,68017.79299998283,0.2600487139075994,0.5830862268805503,2.259785461425781,2.40523681640625,333.0,268,Starttimelines
fixation,68367.79899990559,0.29149388521909714,0.5775968283414841,2.237830025809152,2.4025584629603793,233.0,269,Starttimelines
fixation,68617.8029999733,0.3239350030198693,0.5896437242627144,2.301743507385254,2.43131160736084,267.0,270,Starttimelines
fixation,68901.14199995995,0.2894811164587736,0.5814498383551836,2.295102119445801,2.4353933334350586,267.0,271,Starttimelines
fixation,69201.14499998093,0.29927509210326453,0.4878218255259774,2.3092165860262783,2.4361142245205967,184.0,272,Starttimelines
fixation,69401.14699995518,0.272076611717542,0.4961693204111523,2.32588873969184,2.4640129937065973,150.0,273,Starttimelines
fixation,69584.4850000143,0.2013770006597042,0.488581420481205,2.3019363403320314,2.4404067993164062,174.0,274,Starttimelines
fixation,70167.83099997044,0.28954588435590267,0.5102283414453268,2.3947677612304688,2.5319900512695312,125.0,275,Starttimelines
fixation,70334.49699997902,0.3545809862288562,0.49816175076094543,2.4848161177201704,2.6010867032137783,183.0,276,Starttimelines
fixation,70567.83499991894,0.4677561687098609,0.4913958013057709,2.402837117513021,2.4829525417751737,150.0,277,Starttimelines
fixation,70751.17100000381,0.5786466977813027,0.48713175410574133,2.3173051313920454,2.3762928355823862,184.0,278,Starttimelines
fixation,70967.83999991417,0.6443611115217209,0.47968543469905855,2.3063079833984377,2.3411575317382813,167.0,279,Starttimelines
fixation,71184.50899994373,0.7164178118109703,0.49124257639050484,2.3530960083007812,2.4125804901123047,133.0,280,Starttimelines
fixation,71384.51399993896,0.21686929712692896,0.5269779132472144,2.323086208767361,2.4831085205078125,150.0,281,Starttimelines
fixation,71567.84899997711,0.17943774450283784,0.5318666811172779,2.3650125356820912,2.5167564978966346,217.0,282,Starttimelines
fixation,71801.18699991703,0.2017178550362587,0.5939261496067048,2.375291442871094,2.487213134765625,167.0,283,Starttimelines
fixation,71984.52399992943,0.2601311306158702,0.5729320128758748,2.2937723795572915,2.449560546875,250.0,284,Starttimelines
fixation,72267.8600000143,0.379404188444217,0.5895390212535858,2.325689951578776,2.411609649658203,200.0,285,Starttimelines
fixation,72501.19900000095,0.4571764301508665,0.5797855816781521,2.3416061401367188,2.4184703826904297,134.0,286,Starttimelines
fixation,72667.86599993706,0.5298351138830185,0.5876829892396926,2.38623046875,2.4754623413085937,167.0,287,Starttimelines
fixation,72867.87000000477,0.6377383906107682,0.5833862240497882,2.3749659611628604,2.4369588998647838,217.0,288,Starttimelines
fixation,73117.87599992752,0.7121220661534203,0.5869769685798221,2.3562130398220487,2.440980699327257,150.0,289,Starttimelines
fixation,73284.54299998283,0.7566974386572838,0.6003282070159912,2.3573646545410156,2.4628067016601562,66.0,290,Starttimelines
fixation,73417.87999999523,0.23833479173481464,0.6311661787331104,2.3470993041992188,2.5114192962646484,133.0,291,Starttimelines
fixation,73584.54899990559,0.18134597688913345,0.6384141658033643,2.4109715053013394,2.535515921456473,116.0,292,Starttimelines
fixation,73751.21799993515,0.36202528029680253,0.6175154715776443,2.356591796875,2.52822265625,167.0,293,Starttimelines
fixation,73951.22200000286,0.31878231631384957,0.6238965425226424,2.3229878743489585,2.499113294813368,150.0,294,Starttimelines
fixation,74134.55799996853,0.4139925961693128,0.6180339579780897,2.3560918172200522,2.457800547281901,200.0,295,Starttimelines
fixation,74351.22499990463,0.4699356611818075,0.6098189763724804,2.3677940368652344,2.461517333984375,142.0,296,Starttimelines
fixation,74717.89999997616,0.30833745428494047,0.6615392842463085,2.4183338710239957,2.582818167550223,233.0,297,Starttimelines
fixation,75184.5759999752,0.35680910110473635,0.6155651259422302,2.37983154296875,2.508331298828125,408.0,298,Starttimelines
fixation,75634.58299994469,0.2678663820028305,0.6872604568799336,2.3095733642578127,2.447593180338542,250.0,299,Starttimelines
fixation,75917.92399990559,0.18585727077264053,0.7033090522656074,2.3750269963191104,2.4592625544621396,217.0,300,Starttimelines
fixation,76251.25999999046,0.19453743371096524,0.8104320900006727,2.3772152987393467,2.504921653053977,184.0,301,Starttimelines
fixation,76467.9319999218,0.2600384476509961,0.793409981510856,2.363149469549006,2.537619850852273,183.0,302,Starttimelines
fixation,76667.93400001526,0.3091788377080645,0.7821976712771824,2.354252406529018,2.5199977329799106,117.0,303,Starttimelines
fixation,76817.93499994278,0.241828762822681,0.7192002435525259,2.42893303765191,2.507441202799479,150.0,304,Starttimelines
fixation,77001.27199995518,0.2962637179427677,0.6976805528004965,2.4352891710069446,2.55694580078125,150.0,305,Starttimelines
fixation,77184.60799992085,0.37365418672561646,0.6822802424430847,2.4405181884765623,2.5845123291015626,166.0,306,Starttimelines
fixation,77384.6139999628,0.4345443531870842,0.6755470603704452,2.4351104736328124,2.5575439453125,166.0,307,Starttimelines
fixation,77584.61599993706,0.529361142353578,0.6800682734359395,2.478209062056108,2.5771068226207388,183.0,308,Starttimelines
fixation,77784.62999999523,0.504739452492107,0.679506242275238,2.4714424826882104,2.591971657492898,183.0,309,Starttimelines
fixation,77984.62399995327,0.5855750381946564,0.6994630654652914,2.4765940348307294,2.584983317057292,250.0,310,Starttimelines
fixation,78267.9620000124,0.6747494861483574,0.7179276719689369,2.4933204650878906,2.6359329223632812,75.0,311,Starttimelines
fixation,78634.64099991322,0.7542575349410375,0.7010456720987955,2.6454900105794272,2.7951685587565103,100.0,312,Starttimelines
fixation,78801.31499993801,0.2314128577709198,0.7187132266434756,2.633461692116477,2.7934986461292612,184.0,313,Starttimelines
fixation,79001.31599998474,0.18313771858811378,0.7352509647607803,2.492511749267578,2.6098899841308594,134.0,314,Starttimelines
fixation,79201.31999993324,0.3098025874179952,0.28383754369090586,2.405291389016544,2.4890379064223347,284.0,315,Starttimelines
fixation,79534.65799999237,0.20770440250635147,0.4117946270853281,2.4293861389160156,2.5415115356445312,133.0,316,Starttimelines
fixation,79684.65999996662,0.1832460409828595,0.4045084800039019,2.4270520891462053,2.5801783970424106,116.0,317,Starttimelines
fixation,79834.66100001335,0.2981393310156735,0.4107084436850114,2.454824274236506,2.5668210116299717,183.0,318,Starttimelines
fixation,80034.66499996185,0.33858293065657985,0.41222087007302505,2.411022479717548,2.5097937950721154,217.0,319,Starttimelines
fixation,80284.66899991035,0.4056524978234218,0.4047536380015887,2.409595196063702,2.4896146334134617,217.0,320,Starttimelines
fixation,80534.67299997807,0.4579636967844433,0.40041208432780373,2.4244503445095487,2.5220455593532987,150.0,321,Starttimelines
fixation,80701.34299993515,0.5132322733600935,0.4033768412967523,2.4253273010253906,2.553431193033854,200.0,322,Starttimelines
fixation,80918.01300001144,0.5670321702957153,0.40534135401248933,2.4637115478515623,2.5571665445963543,250.0,323,Starttimelines
fixation,81184.68499994278,0.6189695596694946,0.4002705713113149,2.4633331298828125,2.5307820638020835,108.0,324,Starttimelines
fixation,81501.34700000286,0.6475191464026769,0.39539611091216403,2.4828948974609375,2.5471623738606772,100.0,325,Starttimelines
fixation,81618.01599991322,0.6797630101442337,0.3992217853665352,2.49814453125,2.598321533203125,167.0,326,Starttimelines
fixation,81818.02599990368,0.7688444521692064,0.40036144438717103,2.410403781467014,2.5224100748697915,300.0,327,Starttimelines
fixation,82134.69900000095,0.8167945038188588,0.39828597009181976,2.3632243763316763,2.418448708274148,191.0,328,Starttimelines
fixation,82534.69499993324,0.28624604145685834,0.4252594883243243,2.388916015625,2.5517959594726562,92.0,329,Starttimelines
fixation,82668.04100000858,0.20557452812790872,0.4103488177061081,2.475080871582031,2.6185394287109376,167.0,330,Starttimelines
fixation,82868.04399991035,0.2914181749025981,0.4113075766298506,2.4556698269314237,2.534998575846354,150.0,331,Starttimelines
fixation,83051.37099993229,0.35380127727985383,0.408515602350235,2.3103057861328127,2.4119873046875,174.0,332,Starttimelines
fixation,83451.38699996471,0.4327470080720054,0.4095403369930055,2.3364732530381946,2.4420013427734375,150.0,333,Starttimelines
fixation,83634.72399997711,0.5022536652783552,0.4062112271785736,2.398888905843099,2.5304946899414062,200.0,334,Starttimelines
fixation,83851.39199995995,0.48691527942816415,0.40602673987547555,2.3216756184895835,2.436273193359375,250.0,335,Starttimelines
fixation,84134.72999989986,0.5473337050746468,0.3995700294480604,2.3053301642922794,2.4222412109375,283.0,336,Starttimelines
fixation,84451.40199995041,0.4537848439067602,0.40164848044514656,2.36614990234375,2.484067916870117,133.0,337,Starttimelines
fixation,84618.07299995422,0.5295875817537308,0.3948945278922717,2.362553914388021,2.5013351440429688,100.0,338,Starttimelines
fixation,84768.07299995422,0.29882264882326126,0.41232369393110274,2.4194915771484373,2.549652099609375,167.0,339,Starttimelines
fixation,84951.40899991989,0.23055249739151734,0.4121085817997272,2.457818838266226,2.553979726938101,216.0,340,Starttimelines
fixation,85201.41399991512,0.3780981925400821,0.4118607315150174,2.4014088023792612,2.5155695134943183,183.0,341,Starttimelines
fixation,85418.08299994469,0.4542688024895532,0.4030537818159376,2.354891095842634,2.4361419677734375,117.0,342,Starttimelines
fixation,85568.0759999752,0.5491853275082328,0.4022309319539504,2.359434647993608,2.4595087224786933,184.0,343,Starttimelines
fixation,85784.74599993229,0.594985387542031,0.40348253602331335,2.406747991388494,2.4918698397549717,183.0,344,Starttimelines
fixation,86001.42599999905,0.6783720638070788,0.4022782061781202,2.441901070731027,2.479435511997768,116.0,345,Starttimelines
fixation,86151.41899991035,0.8170674783842904,0.4000393684421267,2.4211251395089284,2.489353724888393,116.0,346,Starttimelines
fixation,86334.76099991798,0.22891690262726375,0.4430700434105737,2.3749258858816966,2.520845685686384,117.0,347,Starttimelines
fixation,86484.75999999046,0.17933723255991935,0.43857490867376325,2.3773574829101562,2.5297897338867186,167.0,348,Starttimelines
fixation,86668.10199999809,0.2523670223626224,0.4421454437754371,2.391720858487216,2.5116618763316763,184.0,349,Starttimelines
fixation,86868.10499989986,0.3179757297039032,0.44163447618484497,2.3559005737304686,2.4593780517578123,167.0,350,Starttimelines
fixation,87068.10899996758,0.37900550121610815,0.4361924772912806,2.3005870472301138,2.418606844815341,184.0,351,Starttimelines
fixation,87268.11099994183,0.36315930634737015,0.44405620731413364,2.2946300506591797,2.4331912994384766,134.0,352,Starttimelines
fixation,87418.1139999628,0.42720414927372563,0.4448221715597006,2.3411665696364183,2.468181903545673,217.0,353,Starttimelines
fixation,87651.44999992847,0.4717215448617935,0.44292428096135456,2.380401611328125,2.4910608927408853,108.0,354,Starttimelines
fixation,87984.79100000858,0.5344235897064209,0.4381209574639797,2.4180240631103516,2.567169189453125,125.0,355,Starttimelines
fixation,88134.78999996185,0.5811838805675507,0.4352990835905075,2.4611358642578125,2.587121816781851,217.0,356,Starttimelines
fixation,88368.12999999523,0.6416718150888171,0.43031984886952807,2.3632093157087053,2.421576363699777,234.0,357,Starttimelines
fixation,88651.46700000763,0.24270559567958117,0.5182878412306309,2.2859115600585938,2.402059555053711,133.0,358,Starttimelines
fixation,88818.12699997425,0.18406901384393373,0.5296629269917806,2.2829437255859375,2.4100329081217446,200.0,359,Starttimelines
fixation,89034.80599999428,0.25406454627712566,0.5355950593948364,2.328688303629557,2.3983968098958335,200.0,360,Starttimelines
fixation,89268.14099991322,0.28899968042969704,0.5329268388450146,2.277669906616211,2.433116912841797,134.0,361,Starttimelines
fixation,89518.14599990845,0.3578394415477912,0.5478936533133189,2.328119913736979,2.422217051188151,200.0,362,Starttimelines
fixation,89751.48299992085,0.41913969814777374,0.5322473509745165,2.36492919921875,2.4531666148792612,183.0,363,Starttimelines
fixation,89951.49000000954,0.44507233103116356,0.5351236124833425,2.3994049072265624,2.5166310628255206,250.0,364,Starttimelines
fixation,90234.82299995422,0.4336751351753871,0.40824922174215317,2.4676386515299478,2.5776087443033853,200.0,365,Starttimelines
fixation,90468.16199994087,0.2740267440676689,0.3857774317264557,2.4954544067382813,2.612347412109375,167.0,366,Starttimelines
fixation,90668.16199994087,0.4760047644376755,0.44179588854312896,2.500738525390625,2.6188446044921876,84.0,367,Starttimelines
fixation,90768.16499996185,0.4816068172454834,0.4769931763410568,2.49761962890625,2.5815811157226562,167.0,368,Starttimelines
fixation,90951.49599993229,0.5103738581140836,0.48488858093818027,2.4829279581705728,2.582927703857422,208.0,369,Starttimelines
fixation,91351.50999999046,0.48073293392856914,0.4845561447242896,2.4271036783854165,2.5987752278645835,192.0,370,Starttimelines
fixation,91568.17899990082,0.48288418911397457,0.4869554825127125,2.4940624237060547,2.6585845947265625,134.0,371,Starttimelines
fixation,91718.1779999733,0.5153563320636749,0.4851230401545763,2.441377639770508,2.6210250854492188,134.0,372,Starttimelines
fixation,91918.18499994278,0.6741740629076958,0.3735242038965225,2.3902645111083984,2.4713821411132812,134.0,373,5
fixation,92084.8449999094,0.4651057571172714,0.43940278701484203,2.359651565551758,2.4681396484375,133.0,374,5
fixation,92234.84799993038,0.46747882599415985,0.38121437702489935,2.4614549719769023,2.5653281833814536,383.0,375,5
fixation,92634.86199998856,0.4843390703201294,0.3800746738910675,2.504438781738281,2.60289306640625,167.0,376,5
fixation,92834.86799991131,0.41425609633104127,0.5060596210298254,2.450979204320196,2.5578253447119867,1117.0,377,5
fixation,93984.87299990654,0.4981923744082451,0.49744254946708677,2.4387298583984376,2.5462417602539062,167.0,378,5
fixation,94184.8899999857,0.5483552485704422,0.474899035692215,2.419209289550781,2.511247253417969,167.0,379,5
fixation,94368.22200000286,0.5357788172033098,0.4775376733806398,2.4404483371310763,2.5701751708984375,150.0,380,5
fixation,94534.89199995995,0.5389624461531639,0.4989320360124111,2.4974037170410157,2.616606903076172,333.0,381,5
fixation,94901.55599999428,0.4757117569446564,0.48189866691827776,2.4641342163085938,2.6313629150390625,174.0,382,5
fixation,95334.90399992466,0.4746476064125697,0.6993040866924055,2.520024617513021,2.6330677379261362,550.0,383,5
fixation,95934.9129999876,0.41465303202470144,0.5229183952013652,2.40828857421875,2.4817850748697916,250.0,384,5
fixation,96218.25299990177,0.4112246824162347,0.6065605367933001,2.42486572265625,2.482722691127232,117.0,385,5
fixation,96351.58799993992,0.4213911001053121,0.6373114627268579,2.454257541232639,2.5283215840657554,600.0,386,5
fixation,96984.93099999428,0.39317065477371216,0.3911434769630432,2.466021728515625,2.5601242065429686,167.0,387,5
fixation,97168.26599991322,0.3762159515172243,0.37757408805191517,2.451333999633789,2.5221481323242188,142.0,388,5
fixation,97551.6059999466,0.4787173668543498,0.36976598341155936,2.4473840219003185,2.52546720151548,900.0,389,5
fixation,98484.94199991226,0.543222946425279,0.4458324747780959,2.3700269063313804,2.4517695109049478,200.0,390,5
fixation,98701.62199997902,0.5328389581512002,0.4670582518858068,2.387355131261489,2.5114934584673714,283.0,391,5
fixation,99018.29499995708,0.4984457343816757,0.7007872238755226,2.436992645263672,2.536449432373047,67.0,392,5
fixation,99118.28899991512,0.44769472628831863,0.8430899828672409,2.4528325398763022,2.560277303059896,100.0,393,5
fixation,99251.63300001621,0.39089905718962353,0.8686701307694117,2.4613850911458335,2.6043014526367188,100.0,394,5
fixation,99384.95700001717,0.4413332939147949,0.882563179731369,2.51429443359375,2.6639617919921874,167.0,395,5
fixation,99584.97099995613,0.48996082693338394,0.8795110161105791,2.526844024658203,2.6687698364257812,200.0,396,5
fixation,99801.63199996948,0.5158473948637644,0.8800890346368154,2.5015741984049478,2.6087493896484375,100.0,397,5
fixation,99934.96799993515,0.5903406251560558,0.87963406606154,2.511807528409091,2.6203876842151987,183.0,398,5
fixation,100134.97799992561,0.5675365456512996,0.8796299014772687,2.537905011858259,2.6276702880859375,117.0,399,5
fixation,100301.64899992943,0.5722439797485576,0.5097956113955554,2.541241814108456,2.663500617532169,283.0,400,5
fixation,100618.31999993324,0.624031560761588,0.5026390275784901,2.571347917829241,2.6495492117745534,117.0,401,5
fixation,100768.3219999075,0.6417613354596224,0.38618081537160004,2.571047696200284,2.710897272283381,192.0,402,5
fixation,101201.65499997139,0.5649546012282372,0.4600309878587723,2.566499710083008,2.7469635009765625,125.0,403,5
fixation,101351.65600001812,0.5355917794836892,0.48392650443646645,2.487900627983941,2.639174567328559,600.0,404,5
fixation,101985.00699996948,0.47298678424623275,0.5012518796655867,2.4309455023871527,2.5806087917751737,158.0,405,5
fixation,102418.34899997711,0.5555502721241542,0.6360516403402601,2.5272674560546875,2.608351789202009,575.0,406,5
fixation,103035.01599991322,0.469912597288688,0.5243553227434555,2.510107676188151,2.622629165649414,400.0,407,5
fixation,103468.35699999332,0.4146371267058633,0.5315863246267493,2.5320545543323862,2.6171091253107246,374.0,408,5
fixation,104201.70999991894,0.4927473706858499,0.5492854416370392,2.496100289481027,2.587134225027902,109.0,409,5
fixation,104351.70999991894,0.5428157834445729,0.519187883419149,2.624634686638327,2.715816722196691,283.0,410,5
fixation,104651.72099995613,0.5329145235674722,0.48754036532981054,2.4656546456473216,2.5794906616210938,233.0,411,5
fixation,104901.72200000286,0.5373667180538177,0.4646069969122226,2.3867527888371396,2.494261521559495,217.0,412,5
fixation,105135.0569999218,0.5304658462603887,0.5070236989607414,2.425662358601888,2.542961756388346,400.0,413,5
fixation,105568.41199994087,0.4694148843938654,0.4144433845173229,2.537589333274148,2.6392017711292612,183.0,414,5
fixation,105818.40899991989,0.47559134662151337,0.902409490197897,2.4724597930908203,2.6103076934814453,133.0,415,5
fixation,105985.08099997044,0.400729201734066,0.8824170976877213,2.4841435750325522,2.6185569763183594,200.0,416,5
fixation,106201.76099991798,0.46212072534994647,0.8790851912715218,2.5184756192294033,2.6236821954900567,183.0,417,5
fixation,106401.7689999342,0.4312524696191152,0.8787050644556681,2.492090861002604,2.6097132364908853,100.0,418,5
fixation,106518.42599999905,0.3968616552077807,0.8747553687829238,2.4581463153545675,2.57339360163762,216.0,419,5
fixation,106751.77699995041,0.4013572654553822,0.882527483361108,2.4654366629464284,2.582451956612723,117.0,420,5
fixation,106885.11199998856,0.4470343278212981,0.8781582794406197,2.4229250821200283,2.5548206676136362,184.0,421,5
fixation,107085.10399997234,0.5032524072072085,0.878550154321334,2.393179500804228,2.484140732709099,284.0,422,5
fixation,107401.78100001812,0.5640590786933899,0.8761141300201416,2.3569061279296877,2.483026123046875,83.0,423,5
fixation,107501.78499996662,0.6087226840582761,0.8821227198297327,2.4051763361150567,2.4979400634765625,183.0,424,5
fixation,107735.12399995327,0.6098630465567112,0.42815494164824486,2.4642820358276367,2.5515499114990234,267.0,425,5
fixation,108018.46399998665,0.6091192318842962,0.3653678114597614,2.4581979604867787,2.5496110182542067,216.0,426,5
fixation,108268.47099995613,0.5633963987231254,0.3871990405023098,2.389771270751953,2.4819496154785154,341.0,427,5
fixation,108885.15299999714,0.47142234309153125,0.3700380989096381,2.4238239635120737,2.546958229758523,176.0,428,5
fixation,109101.83499991894,0.40289337635040284,0.3531283209721247,2.440787760416667,2.583327229817708,250.0,429,5
fixation,109368.50499999523,0.3720938199096256,0.3723116848203871,2.3446790907118054,2.446504380967882,150.0,430,5
fixation,109568.49899995327,0.4178224637320167,0.5323875938591204,2.2798357511821545,2.368621826171875,316.0,431,5
fixation,109918.51399993896,0.488359802044355,0.6967761539495908,2.3467994103064904,2.438800518329327,216.0,432,5
fixation,110185.17599999905,0.5555600424607595,0.5925688554843267,2.41226806640625,2.486577860514323,500.0,433,5
fixation,110701.85199999809,0.5805085327314294,0.6061974880488022,2.496976106063179,2.611086638077446,383.0,434,5
fixation,111101.85799992085,0.5764016834172335,0.6318384408950806,2.504549893465909,2.607606367631392,183.0,435,5
fixation,111301.8600000143,0.5425116320451101,0.619185510608885,2.484407212999132,2.5951063368055554,150.0,436,5
fixation,111485.1969999075,0.5361465096473694,0.4521504357457161,2.4730300903320312,2.635847473144531,167.0,437,5
fixation,111668.53499996662,0.5334358449493136,0.4728559542979513,2.4890060424804688,2.645735604422433,241.0,438,5
fixation,112168.54600000381,0.4527492837773429,0.49048830072085065,2.47043694390191,2.5658467610677085,150.0,439,5
fixation,112335.2199999094,0.41845329850912094,0.5130765893880058,2.4495064230526196,2.540989595301011,567.0,440,5
fixation,112935.22200000286,0.4091512454407556,0.6014970626149859,2.393225533621652,2.4828905378069197,117.0,441,5
fixation,113068.55799996853,0.4247348372425352,0.6346628623349326,2.4344700404575894,2.5044381277901784,116.0,442,5
fixation,113218.5719999075,0.41408285902192193,0.5265931064883868,2.4349142710367837,2.545477867126465,800.0,443,5
fixation,114051.91100001335,0.4762415003318053,0.6842131408361288,2.3881143423227162,2.4877718411959133,217.0,444,5
fixation,114301.91799998283,0.42016563965724063,0.5814503110372103,2.402820293719952,2.52419926570012,217.0,445,5
fixation,114535.24699997902,0.4223180375993252,0.6149209588766098,2.4601211547851562,2.53167724609375,67.0,446,5
fixation,114651.9169999361,0.4696034314957532,0.3749885044314645,2.4755734530362217,2.5656460848721587,183.0,447,5
fixation,114851.91899991035,0.48896798704351696,0.3775759176129386,2.4573822021484375,2.5397266206287203,350.0,448,5
fixation,115235.25699996948,0.5344447844558292,0.4650079412592782,2.401959228515625,2.491253662109375,750.0,449,5
fixation,116001.93299996853,0.48468760318226284,0.46415893071227604,2.478669908311632,2.5472598605685763,150.0,450,FIX_CROS
fixation,116168.60299992561,0.5020036575469103,0.4756010865623301,2.534272627397017,2.601983503861861,374.0,451,FIX_CROS
fixation,116751.94199991226,0.500180481987841,0.4827269938062219,2.6113604377297794,2.724627326516544,275.0,452,FIX_CROS
fixation,117168.61199998856,0.23443593084812164,0.3238889809165682,2.66107177734375,2.8240836007254466,116.0,453,5.1
fixation,117318.61699998379,0.18185516198476157,0.30381303032239276,2.5854560004340277,2.7421688503689237,150.0,454,5.1
fixation,117501.95399999619,0.23471943475306034,0.31845931336283684,2.5619945526123047,2.6817874908447266,133.0,455,5.1
fixation,117668.62199997902,0.2839815244078636,0.31785921566188335,2.4799556732177734,2.5968589782714844,133.0,456,5.1
fixation,117835.29799997807,0.325731850836588,0.3269612478173297,2.4505880604619565,2.5730856190557065,384.0,457,5.1
fixation,118235.29499995708,0.3630032945762981,0.3261529274962165,2.4471393931995737,2.5581193403764204,184.0,458,5.1
fixation,118435.30799996853,0.404604048891501,0.31551150435751135,2.4292533180930396,2.527518532492898,184.0,459,5.1
fixation,118651.9699999094,0.4530565100056784,0.31779999818120686,2.414818899972098,2.495690482003348,117.0,460,5.1
fixation,118785.30099999905,0.5050804540514946,0.31659436132758856,2.38576602935791,2.473855972290039,267.0,461,5.1
fixation,119085.30900001526,0.5646984409540892,0.3123916247859597,2.353424072265625,2.4742069244384766,267.0,462,5.1
fixation,119385.31400001049,0.6421705302984818,0.3172915973093199,2.3876853611158286,2.487653649371603,384.0,463,5.1
fixation,119785.31999993324,0.6892324268817902,0.31279869973659513,2.4124755859375,2.45687255859375,92.0,464,5.1
fixation,120068.65699994564,0.7424940491716067,0.30225592106580734,2.4239896138509116,2.5031661987304688,192.0,465,5.1
fixation,120301.99699997902,0.798846036195755,0.3046169606122104,2.4688221324573862,2.523355657404119,183.0,466,5.1
fixation,120602.0,0.21874074172228575,0.4041270464658737,2.312715530395508,2.4163589477539062,134.0,467,5.1
fixation,120752.00199997425,0.1819951872412975,0.40149600345354813,2.2934370774489183,2.4087019700270433,217.0,468,5.1
fixation,120985.33999991417,0.2189531164864699,0.39521976312001544,2.3220621744791665,2.3937708536783853,100.0,469,5.1
fixation,121118.67199993134,0.27694561848273647,0.4036329365693606,2.324083768404447,2.394285935621995,217.0,470,5.1
fixation,121352.01099991798,0.31228826344013216,0.4025378237167994,2.327620442708333,2.437153116861979,250.0,471,5.1
fixation,121635.34999990463,0.3679971570769946,0.400932002812624,2.3264567057291665,2.4363301595052085,200.0,472,5.1
fixation,121868.68900001049,0.4195816017249051,0.39993372471893535,2.3387478099149814,2.4469577564912686,291.0,473,5.1
fixation,122335.36199998856,0.46377009054025015,0.3999015102783839,2.4190826416015625,2.5258544921875,242.0,474,5.1
fixation,122618.7009999752,0.513438126870564,0.3987224187169756,2.4914376395089284,2.606634957449777,233.0,475,5.1
fixation,122868.70399999619,0.5529296398162842,0.40254413336515427,2.4186579386393228,2.525761922200521,100.0,476,5.1
fixation,123002.03899991512,0.5913506249586741,0.394905353585879,2.3723653157552085,2.47906494140625,150.0,477,5.1
fixation,123185.37599992752,0.6287867975862402,0.39573929890205983,2.3821306730571545,2.4754389712685034,324.0,478,5.1
fixation,123718.71799993515,0.5967899799346924,0.3923265268405279,2.4606414794921876,2.556828816731771,242.0,479,5.1
fixation,123985.38800001144,0.6385501861572266,0.393190997838974,2.50625,2.583673095703125,91.0,480,5.1
fixation,124318.72699999809,0.6487576030194759,0.38676632195711136,2.3836135864257812,2.470378875732422,125.0,481,5.1
fixation,124485.39699995518,0.6996706947684288,0.40006354358047247,2.4441909790039062,2.5571842193603516,266.0,482,5.1
fixation,124768.73399996758,0.7829835429078057,0.39683755877472104,2.3750465029761907,2.471283685593378,350.0,483,5.1
fixation,125152.07400000095,0.8125856419404348,0.39237426221370697,2.3744328816731772,2.4428126017252603,100.0,484,5.1
fixation,125318.74199998379,0.22843635734170675,0.4814576730132103,2.360729217529297,2.4510726928710938,133.0,485,5.1
fixation,125485.41100001335,0.17952447136243185,0.4849545434117317,2.360021803114149,2.492307874891493,308.0,486,5.1
fixation,126002.0870000124,0.24089879989624025,0.49633089154958726,2.3268096923828123,2.452738952636719,159.0,487,5.1
fixation,126202.08999991417,0.3180641962422265,0.49738924702008563,2.390446980794271,2.504001193576389,150.0,488,5.1
fixation,126385.42399990559,0.29029693522236566,0.4978218810124831,2.3414847634055396,2.4573558460582388,183.0,489,5.1
fixation,126602.09299993515,0.36050625216393245,0.4915210164728619,2.2983761742001487,2.392548334030878,350.0,490,5.1
fixation,126985.4319999218,0.4294160152475039,0.4872967337568601,2.3391489664713543,2.4357635498046877,500.0,491,5.1
fixation,127502.10699999332,0.499961744248867,0.488702617585659,2.369945526123047,2.468466949462891,334.0,492,5.1
fixation,127868.77799999714,0.5488222857316335,0.49357496897379555,2.4184865315755206,2.498773193359375,250.0,493,5.1
fixation,128168.78499996662,0.4176934128627181,0.49994313810020685,2.4208736419677734,2.544393539428711,275.0,494,5.1
fixation,128685.45999991894,0.537431130806605,0.4916939874490102,2.478032430013021,2.588348388671875,242.0,495,5.1
fixation,128952.1289999485,0.5700685327703302,0.4965086430311203,2.4997725053267046,2.591592962091619,184.0,496,5.1
fixation,129168.79999995232,0.4890201687812805,0.4916728602515327,2.342534383138021,2.4696502685546875,150.0,497,5.1
fixation,129352.13399994373,0.5292786143042825,0.48033043200319464,2.3175395618785513,2.419735995205966,184.0,498,5.1
fixation,129552.14300000668,0.6492861617695201,0.49255440316417,2.370420976118608,2.427946610884233,184.0,499,5.1
fixation,129752.1439999342,0.6150138936936855,0.48570441268384457,2.3565235137939453,2.4321155548095703,134.0,500,5.1
fixation,129918.81400001049,0.6842371016740799,0.49178609997034073,2.4156509399414063,2.480584716796875,167.0,501,5.1
fixation,130118.81499993801,0.7298222250408597,0.4872991503388793,2.413241916232639,2.489101833767361,450.0,502,5.1
fixation,130585.49099993706,0.7686080228198658,0.4837963432073593,2.405191594904119,2.4870425137606533,183.0,503,5.1
fixation,130785.49500000477,0.8021128177642822,0.4833174931506316,2.4001032511393228,2.491413116455078,200.0,504,5.1
fixation,131035.49799990654,0.24566629611783558,0.587663988272349,2.432496812608507,2.5483856201171875,150.0,505,5.1
fixation,131218.83200001717,0.19825196183390087,0.5908039377795326,2.4173414442274304,2.530668470594618,150.0,506,5.1
fixation,131402.16999995708,0.29533269703388215,0.5832232221961021,2.377421569824219,2.4888259887695314,334.0,507,5.1
fixation,131752.1779999733,0.2588968567550182,0.5956539392471314,2.412892150878906,2.493513488769531,167.0,508,5.1
fixation,131952.17899990082,0.37685908128817874,0.6021864215532938,2.369023640950521,2.4874420166015625,108.0,509,5.1
fixation,132318.85099995136,0.4650157198309898,0.5760629206895829,2.4648696899414064,2.56397705078125,167.0,510,5.1
fixation,132502.18799996376,0.44782937318086624,0.5802939757704735,2.488494873046875,2.609607696533203,67.0,511,5.1
fixation,132602.19099998474,0.5372900366783142,0.5743245726281946,2.441343827681108,2.5325358997691763,184.0,512,5.1
fixation,132802.192999959,0.5158962255174463,0.5681603117422624,2.3249040083451704,2.4265150590376416,184.0,513,5.1
fixation,133002.1969999075,0.4918086528778076,0.5709091226259867,2.3196436564127603,2.417633056640625,100.0,514,5.1
fixation,133135.53100001812,0.45404400676488876,0.5787267655134201,2.35335693359375,2.43173828125,166.0,515,5.1
fixation,133418.87199997902,0.5565293729305267,0.5796122848987579,2.39621089054988,2.5020581758939304,433.0,516,5.1
fixation,133885.54799997807,0.6262022473595359,0.5761932649395682,2.4021675803444604,2.5044125643643467,183.0,517,5.1
fixation,134102.21499991417,0.6967095322906971,0.576826348900795,2.416259765625,2.4866905212402344,134.0,518,5.1
fixation,134268.88399994373,0.6608681107560793,0.5833742047349612,2.4221814473470054,2.4902610778808594,200.0,519,5.1
fixation,134502.22200000286,0.7088843186696371,0.5774728804826736,2.4265289306640625,2.4971415201822915,100.0,520,5.1
fixation,134618.89099991322,0.751925168292863,0.5752943583897182,2.4201017107282365,2.478998456682478,233.0,521,5.1
fixation,134868.89499998093,0.7260202297142574,0.5726330024855477,2.4368318830217635,2.5300467354910716,233.0,522,5.1
fixation,135135.56900000572,0.7955307777111347,0.570937706873967,2.439618624173678,2.501551701472356,216.0,523,5.1
fixation,135418.9089999199,0.41592807819445926,0.6592051635185877,2.4040934244791665,2.507598876953125,100.0,524,5.1
fixation,135552.24399995804,0.34139514962832135,0.6774256295628018,2.3766377766927085,2.496739705403646,300.0,525,5.1
fixation,135868.92299997807,0.398585328211387,0.6758931130170822,2.351548512776693,2.4399070739746094,200.0,526,5.1
fixation,136102.26099991798,0.3338247040907542,0.6788185288508733,2.3480072021484375,2.4452133178710938,100.0,527,5.1
fixation,136235.59700000286,0.43795401354630786,0.6751459207799699,2.358796861436632,2.429409450954861,150.0,528,5.1
fixation,136402.26800000668,0.40429418947961593,0.6770125031471252,2.361358642578125,2.4502139621310763,150.0,529,5.1
fixation,136568.93799996376,0.49563748283045633,0.6753367526190621,2.376676286969866,2.432285853794643,125.0,530,5.1
fixation,136885.60899996758,0.4784892220859942,0.6756077305130337,2.4025175675101904,2.488508141559103,375.0,531,5.1
fixation,137285.6209999323,0.5310183142622312,0.6699728245536486,2.3576227823893228,2.4712231953938804,200.0,532,5.1
fixation,137518.95899999142,0.5879421399699317,0.6658810310893588,2.3272662692599826,2.4451836480034723,300.0,533,5.1
fixation,137835.63399994373,0.5764054283499718,0.6721732951700687,2.3517494201660156,2.4645156860351562,133.0,534,5.1
fixation,137985.6369999647,0.6328594515721003,0.679108002781868,2.401081339518229,2.5148707071940106,508.0,535,5.1
fixation,138702.3219999075,0.449624066054821,0.5420415490865708,2.3984390258789063,2.554034423828125,159.0,536,5.1
fixation,138918.9919999838,0.5797943870226542,0.6772532165050507,2.5060818990071616,2.6455421447753906,200.0,537,5.1
fixation,139152.3299999237,0.6517018133943732,0.6769059137864546,2.4308887828480112,2.5257068980823862,184.0,538,5.1
fixation,139352.3370000124,0.6068077559272448,0.6717860301335653,2.367445627848307,2.4739227294921875,200.0,539,5.1
fixation,139585.67299997807,0.5630730953481462,0.6723892324500613,2.3527018229166665,2.454532199435764,150.0,540,5.1
fixation,139752.34200000763,0.605892188847065,0.670512218028307,2.370462417602539,2.446056365966797,133.0,541,5.1
fixation,139935.6779999733,0.5175620305538178,0.39238822042942045,2.4068939208984377,2.483997802734375,417.0,542,5.1
fixation,140402.35499989986,0.41156716644763947,0.2253606803715229,2.4558448791503906,2.6145057678222656,66.0,543,NOTRIAL
fixation,140502.3559999466,0.4464527985879353,0.13858058197157724,2.4910103934151784,2.6203133719308034,116.0,544,NOTRIAL
fixation,140635.6890000105,0.401133180810855,0.14097992674662516,2.497448260967548,2.6689253586989183,217.0,545,NOTRIAL
fixation,140885.69400000572,0.5058136781056722,0.13491509978969893,2.4781417846679688,2.56866455078125,200.0,546,NOTRIAL
fixation,141102.36599993706,0.5691942457969372,0.1318669685950646,2.4417008620042067,2.520605233999399,216.0,547,NOTRIAL
fixation,141385.70299994946,0.6417799421719143,0.28133028958524975,2.4752306256975447,2.534691946847098,233.0,548,NOTRIAL
fixation,141652.37399995327,0.619001704454422,0.27805722653865816,2.5191940307617187,2.5932708740234376,166.0,549,NOTRIAL
fixation,141869.04499995708,0.3592728606679223,0.25723227858543396,2.4922651811079546,2.6353607177734375,184.0,550,NOTRIAL
fixation,142069.04699993134,0.3478753748147384,0.27071083434250043,2.509119448454484,2.62443675165591,384.0,551,NOTRIAL
fixation,142469.0529999733,0.37625110397736233,0.27947337180376053,2.4814020792643228,2.5980606079101562,100.0,552,NOTRIAL
fixation,142585.7239999771,0.3527986705303192,0.285761721432209,2.433880615234375,2.5271072387695312,175.0,553,NOTRIAL
fixation,142985.72999989986,0.43903481364250185,0.2701908886432648,2.4140060424804686,2.52266845703125,159.0,554,NOTRIAL
fixation,143185.7350000143,0.5008449765543143,0.1581448751191298,2.507909138997396,2.6081021626790366,200.0,555,NOTRIAL
fixation,143435.73699998856,0.5653712981277041,0.14095204985804027,2.4005474514431424,2.511283026801215,300.0,556,NOTRIAL
fixation,143769.0759999752,0.48091206616825527,0.14870840021305615,2.398802015516493,2.522293938530816,300.0,557,NOTRIAL
fixation,144102.41999995708,0.46831544316731966,0.27029401522416335,2.415033193734976,2.5340810922475963,216.0,558,NOTRIAL
fixation,144335.7539999485,0.4936577409505844,0.2783697247505188,2.4610931396484377,2.579132080078125,175.0,559,NOTRIAL
fixation,144669.0909999609,0.45923349949029774,0.3071887046098709,2.4663285475510817,2.606641329251803,209.0,560,NOTRIAL
fixation,144919.09399998188,0.5336136594414711,0.27739023696631193,2.5267457962036133,2.640024185180664,267.0,561,NOTRIAL
fixation,145202.42999994755,0.5625437041123708,0.2723421096801758,2.4544921875,2.5207183837890623,250.0,562,NOTRIAL
fixation,145469.1019999981,0.4987296106723639,0.2772719126481276,2.4711022010216346,2.5287980299729567,225.0,563,NOTRIAL
fixation,145902.442999959,0.5034573720173633,0.27708958121056254,2.562503246550864,2.6455789119639297,1558.0,564,NOTRIAL
fixation,147502.46299993992,0.39851177980502445,0.17622766767938933,2.6028925577799478,2.7846501668294272,100.0,565,NOTRIAL
fixation,147619.13199996948,0.3895200528204441,0.14981758687645197,2.640460968017578,2.7922229766845703,134.0,566,NOTRIAL
fixation,147785.7989999056,0.45184505444306594,0.1518094098338714,2.671015812800481,2.816563532902644,217.0,567,NOTRIAL
fixation,148019.13800001144,0.49162334327896434,0.14205149685343108,2.6168238321940103,2.7285181681315103,200.0,568,NOTRIAL
fixation,148252.4739999771,0.5365654570715768,0.1408685435141836,2.5743800571986606,2.654423304966518,116.0,569,NOTRIAL
fixation,148402.4769999981,0.59426309466362,0.14026538282632828,2.5441802978515624,2.615570068359375,91.0,570,NOTRIAL
fixation,148702.47999989986,0.5537365873654684,0.1868792399764061,2.5393473307291665,2.6190948486328125,92.0,571,NOTRIAL
fixation,148835.814999938,0.4618862135843797,0.26675415716388007,2.577668623490767,2.668183760209517,183.0,572,NOTRIAL
fixation,149052.4850000143,0.3538781594146382,0.2670120881362395,2.5018560236150567,2.5847341364080254,366.0,573,NOTRIAL
fixation,149435.82499992847,0.36339494798864636,0.2912975599368413,2.392486572265625,2.4850565592447915,350.0,574,NOTRIAL
fixation,149852.49899995327,0.6429884032561228,0.27880376405440843,2.41748046875,2.4603441678560696,433.0,575,NOTRIAL
fixation,150335.83999991417,0.44089432433247566,0.2733983602374792,2.4378719329833984,2.5111865997314453,133.0,576,NOTRIAL
fixation,150502.50899994373,0.5022056614980102,0.27944772969931364,2.4331207275390625,2.5238494873046875,274.0,577,NOTRIAL
fixation,150952.51300001144,0.5062009460396237,0.27912089063061607,2.443845960828993,2.5591837565104165,142.0,578,NOTRIAL
fixation,151135.8519999981,0.5656745869379777,0.2712832104701262,2.4816202016977162,2.588770939753606,217.0,579,NOTRIAL
fixation,151385.8559999466,0.4986281116803487,0.27502575318018596,2.3778228759765625,2.491737874348958,250.0,580,NOTRIAL
fixation,151652.52399992943,0.43506704677235,0.28212503039024095,2.357832821932706,2.445047205144709,733.0,581,NOTRIAL
fixation,152402.5379999876,0.4985395710842282,0.28120017489966226,2.402624392041973,2.4835321762982536,858.0,582,NOTRIAL
fixation,153469.22299993038,0.5009685531258583,0.2791792922898343,2.4880118119089225,2.593867251747533,626.0,583,NOTRIAL
fixation,154152.567999959,0.4534955446918805,0.4848261947433154,2.3887710571289062,2.493372599283854,100.0,584,NOTRIAL
fixation,154285.90399992466,0.3344680845737457,0.4907901734113693,2.4148162841796874,2.51600341796875,167.0,585,NOTRIAL
fixation,154535.9089999199,0.35610918514430523,0.5039252210408449,2.499868392944336,2.566082000732422,267.0,586,NOTRIAL
fixation,154852.58200001717,0.590361412614584,0.5043609999120235,2.5159530639648438,2.5402297973632812,133.0,587,NOTRIAL
fixation,155019.25099992752,0.6385682374238968,0.5028466297821566,2.5125316273082388,2.5767121748490767,375.0,588,NOTRIAL
fixation,155652.6019999981,0.6660513455669085,0.5090172663331032,2.5228360493977866,2.6245994567871094,200.0,589,NOTRIAL
fixation,155869.2689999342,0.5742695536464453,0.47654035640880466,2.3879425525665283,2.466085910797119,1067.0,590,NOTRIAL
fixation,156952.62399995327,0.5728534988381646,0.48013836213133554,2.4358291625976562,2.4861269864169033,374.0,591,NOTRIAL
fixation,157519.30499994755,0.5014617199577937,0.4819566999993673,2.426134062976372,2.505069267459032,684.0,592,NOTRIAL
fixation,158435.9889999628,0.5016486942768097,0.47001950442790985,2.298768997192383,2.385335922241211,133.0,593,NOTRIAL
fixation,158602.6589999199,0.5754525132477284,0.47832674980163575,2.3024013519287108,2.387808609008789,667.0,594,NOTRIAL
fixation,159402.6779999733,0.3415468909910747,0.6793781050613948,2.293215070452009,2.4070892333984375,117.0,595,NOTRIAL
fixation,159586.01099991798,0.35538919426892934,0.7404822362096686,2.3419526752672697,2.4896159924958883,317.0,596,NOTRIAL
fixation,159919.3519999981,0.3741421421368917,0.7421289483706156,2.346430460611979,2.5008514404296873,250.0,597,NOTRIAL
fixation,160186.02199995518,0.3439372380574544,0.7493918597698211,2.3094553629557293,2.467900594075521,250.0,598,NOTRIAL
fixation,160486.0269999504,0.6391153174142042,0.7519133898119131,2.393970489501953,2.503556569417318,400.0,599,NOTRIAL
fixation,160919.3679999113,0.3877506013959646,0.7244518995285034,2.4008922576904297,2.557403564453125,133.0,600,NOTRIAL
fixation,161086.03600001335,0.343506483733654,0.735255891084671,2.3735031127929687,2.4938720703125,167.0,601,NOTRIAL
fixation,161302.70700001717,0.6319409231344859,0.7400602579116822,2.420855712890625,2.505999755859375,250.0,602,NOTRIAL
fixation,161569.3789999485,0.6538436089952787,0.7307188014189402,2.455285390218099,2.5299784342447915,200.0,603,NOTRIAL
fixation,161919.38599991798,0.5838770435916053,0.5070301956600614,2.409610324435764,2.4560733371310763,150.0,604,NOTRIAL
fixation,162086.05599999428,0.5769180194898085,0.4862480691888116,2.373565673828125,2.4604936079545454,184.0,605,NOTRIAL
fixation,162302.7269999981,0.6485315386591286,0.5101579854200626,2.3860941919787177,2.4606591586408944,483.0,606,NOTRIAL
fixation,162836.06900000572,0.4921130793435233,0.8616665175982884,2.3853955950055803,2.485866001674107,117.0,607,NOTRIAL
fixation,162969.39999997616,0.4472760666500438,0.8391640294681896,2.3545490611683237,2.5240048495205967,183.0,608,NOTRIAL
fixation,163169.4019999504,0.5192638337612152,0.8266124688088894,2.442380905151367,2.549196243286133,141.0,609,NOTRIAL
fixation,163486.07899999619,0.6674603223800659,0.6376908421516418,2.4760564168294272,2.5159734090169272,92.0,610,NOTRIAL
fixation,163619.41199994087,0.647237092256546,0.4885305315256119,2.5060272216796875,2.5872539173473013,183.0,611,NOTRIAL
fixation,163819.4169999361,0.6316152190168699,0.49720901623368263,2.4793001810709634,2.5785128275553384,200.0,612,NOTRIAL
fixation,164036.08799993992,0.6636084775129955,0.500647035241127,2.4287099202473956,2.4924082438151043,258.0,613,NOTRIAL
fixation,164519.42899990082,0.5706381052732468,0.4790632476409276,2.3436762491861978,2.4317194620768228,100.0,614,NOTRIAL
fixation,164669.442999959,0.371819627781709,0.4965316553910573,2.394131130642361,2.4959174262152777,300.0,615,NOTRIAL
fixation,165002.76699995995,0.6257185488939285,0.4887964889407158,2.317362976074219,2.35244140625,167.0,616,NOTRIAL
fixation,165219.43799996376,0.4749686270952225,0.24282321686807432,2.33317726536801,2.4050220690275492,316.0,617,NOTRIAL
fixation,165602.77799999714,0.4880564255373819,0.4354876769440515,2.3652125767299106,2.435461861746652,117.0,618,FIX_CROS
fixation,165736.11299991608,0.49975016713142395,0.44420578827460605,2.320226033528646,2.3727340698242188,100.0,619,FIX_CROS
fixation,166102.78199994564,0.5034089555794542,0.4895773550326174,2.486183860085227,2.584535772150213,359.0,620,FIX_CROS
fixation,166519.45899999142,0.3209372205393655,0.4033816946404321,2.461942400251116,2.5693817138671875,116.0,621,5.2
fixation,166652.7919999361,0.20295501500368118,0.40359192857375514,2.3796480618990383,2.507665780874399,217.0,622,5.2
fixation,166886.12799990177,0.24188935350288043,0.4037597978656942,2.4102103493430396,2.476328069513494,184.0,623,5.2
fixation,167086.13199996948,0.28868609964847564,0.4089457273483276,2.3718017578125,2.4335693359375,84.0,624,5.2
fixation,167202.80099999905,0.19572990489276973,0.3975375883958556,2.3241362138227983,2.393458279696378,367.0,625,5.2
fixation,167586.14699995518,0.2356160581111908,0.399668025970459,2.3394989013671874,2.417340087890625,84.0,626,5.2
fixation,167719.4739999771,0.2816564568451473,0.405216178723744,2.351412091936384,2.426478794642857,116.0,627,5.2
fixation,167869.48399996758,0.32401932162397046,0.4085040057406706,2.3476535572725186,2.450840669519761,283.0,628,5.2
fixation,168186.1589999199,0.41434143980344135,0.4009345786439048,2.350004408094618,2.4621209038628473,150.0,629,5.2
fixation,168352.8259999752,0.3877971887588501,0.4064531922340393,2.363334147135417,2.4977264404296875,250.0,630,5.2
fixation,168619.49699997902,0.4631040451618341,0.40865046129776883,2.3947307880108175,2.49319340632512,216.0,631,5.2
fixation,168852.83399999142,0.502025016480022,0.4037463052405251,2.3919491238064237,2.4978095160590277,150.0,632,5.2
fixation,169036.16899991035,0.5786850094795227,0.4046290382742882,2.413197326660156,2.513909912109375,167.0,633,5.2
fixation,169219.4959999323,0.5550946414470672,0.39940582513809203,2.4034393310546873,2.4784332275390626,83.0,634,5.2
fixation,169336.16399991512,0.6186698206833431,0.4035706605230059,2.4144810267857144,2.5168587820870534,125.0,635,5.2
fixation,169669.51399993896,0.679403984120914,0.3915754684380123,2.473036629813058,2.5635266985212053,225.0,636,5.2
fixation,169919.5080000162,0.741593885421753,0.39302943646907806,2.4601364135742188,2.5397544860839845,333.0,637,5.2
fixation,170286.1819999218,0.8072937185114081,0.3890358033505353,2.366914228959517,2.4236200506036933,184.0,638,5.2
fixation,170502.8519999981,0.719371015826861,0.39426209529240924,2.344273885091146,2.415674845377604,100.0,639,5.2
fixation,170669.52099990845,0.19752313328139923,0.48206734920249267,2.4036506204044117,2.549381031709559,283.0,640,5.2
fixation,170986.2009999752,0.24519074307038233,0.4910495797028908,2.419507540189303,2.534711397611178,217.0,641,5.2
fixation,171269.54100000858,0.2962133400142193,0.49175798147916794,2.3540382385253906,2.435577392578125,74.0,642,5.2
fixation,171552.8789999485,0.31982275204999105,0.4872021696397236,2.3473314557756697,2.460381644112723,109.0,643,5.2
fixation,171686.20399999619,0.27780261635780334,0.498620121843285,2.4082565307617188,2.515964084201389,300.0,644,5.2
fixation,172002.87699997425,0.3073195328315099,0.49899153808752694,2.287586466471354,2.4043548583984373,250.0,645,5.2
fixation,172286.2159999609,0.3550311706282876,0.49077326872132043,2.267270174893466,2.3559389981356533,184.0,646,5.2
fixation,172486.2199999094,0.421893447637558,0.49125203625722363,2.311440207741477,2.3690352006392046,184.0,647,5.2
fixation,172686.22200000286,0.3953503059844176,0.49841711670160294,2.347215016682943,2.4273592631022134,200.0,648,5.2
fixation,172902.89300000668,0.4310866634051005,0.49272399246692655,2.370245361328125,2.472364298502604,250.0,649,5.2
fixation,173186.23199999332,0.5038681074976921,0.4921188995242119,2.4037826538085936,2.4723831176757813,167.0,650,5.2
fixation,173369.56699991226,0.48726821690797806,0.4979491699486971,2.423023223876953,2.5103816986083984,133.0,651,5.2
fixation,173536.2350000143,0.5653582100684826,0.48884624815904176,2.424932626577524,2.5092022235576925,217.0,652,5.2
fixation,173786.24000000954,0.6152970343828201,0.491814149916172,2.403759765625,2.51800537109375,167.0,653,5.2
fixation,173969.57899999619,0.6734721823172136,0.4913656318729574,2.3896747935901987,2.4833415638316763,183.0,654,5.2
fixation,174186.24699997902,0.5857254439278653,0.48227495974616,2.3386310778166117,2.4469219006990133,317.0,655,5.2
fixation,174536.25099992752,0.6731412435571352,0.48476744319001835,2.383702596028646,2.474015553792318,200.0,656,5.2
fixation,174769.5909999609,0.7412075172452366,0.48758234083652496,2.405665678136489,2.4884230669806984,283.0,657,5.2
fixation,175069.59299993515,0.7969850331544877,0.4856545478105545,2.394552612304687,2.47103271484375,166.0,658,5.2
fixation,175302.93400001526,0.23288099042006902,0.5731596095221383,2.3134591238839284,2.4725864955357144,117.0,659,5.2
fixation,175502.9359999895,0.19429305102676153,0.5913148485124111,2.348957061767578,2.4955806732177734,133.0,660,5.2
fixation,175669.60499989986,0.26865556463599205,0.5894501432776451,2.364358901977539,2.448192596435547,133.0,661,5.2
fixation,175836.27399992943,0.32780439108610154,0.5840856611728669,2.3025848388671877,2.3732574462890623,167.0,662,5.2
fixation,176019.6100000143,0.3056974176849638,0.5806751464094434,2.2658604213169644,2.3405936104910716,116.0,663,5.2
fixation,176152.94499993324,0.3649739623069763,0.569095234076182,2.1977132161458335,2.346827189127604,100.0,664,5.2
fixation,176286.28100001812,0.4229465300838153,0.5720750441153845,2.2280960083007812,2.3351898193359375,200.0,665,5.2
fixation,176519.6179999113,0.48346364945173265,0.5687988221645355,2.262651062011719,2.330364990234375,166.0,666,5.2
fixation,176719.6209999323,0.5483158687750499,0.5643100460370382,2.275384521484375,2.341453043619792,250.0,667,5.2
fixation,177002.9579999447,0.6302985110703636,0.5754316940027124,2.299189848058364,2.3629572251263786,283.0,668,5.2
fixation,177336.2989999056,0.6927150398492813,0.5756279170513153,2.31600341796875,2.389448547363281,167.0,669,5.2
fixation,177519.63499999046,0.7464499572912852,0.5735103140274683,2.3445752461751304,2.37057876586914,200.0,670,5.2
fixation,177736.3029999733,0.7985991090536118,0.5716747513839177,2.339776175362723,2.377570016043527,234.0,671,5.2
fixation,177986.30799996853,0.7624840065836906,0.5802346169948578,2.3366432189941406,2.4054489135742188,75.0,672,5.2
fixation,178252.9809999466,0.7758395671844482,0.5829888045787811,2.3886932373046874,2.4563751220703125,75.0,673,5.2
fixation,178402.98199999332,0.42986191511154176,0.42251260578632355,2.4357223510742188,2.5799789428710938,167.0,674,5.2
fixation,178602.98599994183,0.4949902363798835,0.41073936088518664,2.389828768643466,2.478333906693892,183.0,675,5.2
fixation,178819.65799999237,0.5782723277807236,0.39528948441147804,2.2815043131510415,2.311537424723307,200.0,676,5.2
fixation,179052.9929999113,0.6556648910045624,0.4002163029379315,2.265955607096354,2.322811550564236,150.0,677,5.2
fixation,179219.6629999876,0.7080631017684936,0.3934750512242317,2.2976394653320313,2.339183044433594,167.0,678,5.2
fixation,179403.00199997425,0.7557379876573881,0.39209775378306705,2.3565241495768228,2.375634511311849,200.0,679,5.2
fixation,179636.33599996567,0.7954593102137247,0.3899954284230868,2.356114705403646,2.4273249308268228,108.0,680,5.2
fixation,180336.3489999771,0.6365795781215032,0.40471668789784115,2.4680709838867188,2.5546340942382812,92.0,681,5.2
fixation,180486.3600000143,0.2652262995640437,0.4289247120420138,2.5072174072265625,2.6008758544921875,100.0,682,5.2
fixation,180619.68499994278,0.18334718454967847,0.49044265259395947,2.4105266224254263,2.5275088223544033,183.0,683,5.2
fixation,180819.69900000095,0.24435722132523854,0.4974781413873037,2.3267913818359376,2.387650553385417,250.0,684,5.2
fixation,181103.03600001335,0.23863396522673694,0.41330073502930725,2.274534745649858,2.3390613902698862,184.0,685,5.2
fixation,181319.70599997044,0.2033442473039031,0.39721747767180204,2.291384696960449,2.373912811279297,267.0,686,5.2
fixation,181636.3709999323,0.41260620951652527,0.232835547791587,2.3531070285373263,2.4115414089626737,150.0,687,NOTRIAL
fixation,181803.0419999361,0.4216733511005129,0.18750924936362676,2.379765101841518,2.4185660226004466,117.0,688,NOTRIAL
fixation,181936.38199996948,0.39869411289691925,0.2396031655371189,2.3862037658691406,2.4540939331054688,66.0,689,NOTRIAL
fixation,182036.38599991798,0.4506693461111614,0.15784943103790283,2.4289943150111606,2.4979444231305803,116.0,690,NOTRIAL
fixation,182186.3869999647,0.35555614680051806,0.27940406918525695,2.4312164306640627,2.5281936645507814,833.0,691,NOTRIAL
fixation,183053.06900000572,0.5199330945809683,0.26592327819930184,2.411529541015625,2.467256334092882,150.0,692,NOTRIAL
fixation,183236.40600001812,0.5907022456328074,0.2650633454322815,2.4147745768229165,2.487698025173611,150.0,693,NOTRIAL
fixation,183403.064999938,0.5748112616331681,0.2734482547511225,2.455802585767663,2.5565921949303667,384.0,694,NOTRIAL
fixation,183836.40699994564,0.3563373192496922,0.5130022990962734,2.4440155029296875,2.61913598102072,383.0,695,NOTRIAL
fixation,184269.74799990654,0.5872434675693512,0.32572591967052883,2.5041351318359375,2.609919230143229,150.0,696,NOTRIAL
fixation,184436.4169999361,0.5713557260377067,0.28112231833594187,2.4703870500837053,2.556699480329241,116.0,697,NOTRIAL
fixation,184586.42100000381,0.5907078012824059,0.46966187842190266,2.458728790283203,2.567415237426758,133.0,698,NOTRIAL
fixation,184736.42199993134,0.5693334877490998,0.4864074448744456,2.4542144775390624,2.576104736328125,250.0,699,NOTRIAL
fixation,185019.75999999046,0.6403808370232582,0.5026478134095669,2.4951850891113283,2.6071136474609373,341.0,700,NOTRIAL
fixation,185619.77099990845,0.5717883914709091,0.4837778203189373,2.43704833984375,2.577777099609375,333.0,701,NOTRIAL
fixation,186003.1100000143,0.3505957360778536,0.7002306239945548,2.346956525530134,2.4667859758649553,117.0,702,NOTRIAL
fixation,186136.4469999075,0.3500445226828257,0.7401652713616689,2.278570556640625,2.3993011474609376,250.0,703,NOTRIAL
fixation,186403.12199997902,0.377150154539517,0.7308079579046795,2.2700729370117188,2.3926794869559154,234.0,704,NOTRIAL
fixation,186653.12399995327,0.33812544630332425,0.7395472472364252,2.2804142345081675,2.403413945978338,367.0,705,NOTRIAL
fixation,187036.46499991417,0.37090033428235486,0.737489944154566,2.280661843039773,2.3844549005681817,183.0,706,NOTRIAL
fixation,187269.80199992657,0.6106220841407776,0.7059431135654449,2.309651184082031,2.376109313964844,167.0,707,NOTRIAL
fixation,187453.13800001144,0.6464005897684795,0.7404835660283159,2.404233606850229,2.5033413026391007,684.0,708,NOTRIAL
fixation,188153.15099990368,0.6450185149908065,0.7264833226799965,2.3984519958496096,2.4801094055175783,334.0,709,NOTRIAL
fixation,188536.4889999628,0.5744591142450061,0.4697766218866621,2.402376447405134,2.491633823939732,116.0,710,NOTRIAL
fixation,188703.1589999199,0.5004223052944455,0.8425659963062831,2.3779493059430803,2.5252554757254466,117.0,711,NOTRIAL
fixation,188836.4959999323,0.43959845416247845,0.8268228396773338,2.3737735748291016,2.541013717651367,133.0,712,NOTRIAL
fixation,189003.1629999876,0.5465419292449951,0.8330329741750445,2.437310355050223,2.5604160853794644,117.0,713,NOTRIAL
fixation,189169.8329999447,0.4807150065898895,0.32287347614765166,2.470927429199219,2.5928794860839846,333.0,714,NOTRIAL
fixation,189553.18299996853,0.39802697002887727,0.2496196821331978,2.45543212890625,2.62098388671875,84.0,715,NOTRIAL
fixation,189669.84200000763,0.35476036816835405,0.24448238164186478,2.424330139160156,2.556932067871094,167.0,716,NOTRIAL
fixation,189869.8449999094,0.43280464952642267,0.24212065677751193,2.370371038263494,2.484190507368608,183.0,717,NOTRIAL
fixation,190086.51699995995,0.524945080280304,0.2423827350139618,2.3705319491299717,2.454323508522727,183.0,718,NOTRIAL
fixation,190286.51999998093,0.556986466050148,0.24294168998797736,2.3700383504231772,2.4546381632486978,100.0,719,NOTRIAL
fixation,190419.85499989986,0.6462388411164284,0.24113866065939268,2.401330312093099,2.4824117024739585,200.0,720,NOTRIAL
fixation,190636.52599990368,0.6120731621980667,0.26745855882763864,2.4199142456054688,2.5025787353515625,166.0,721,NOTRIAL
fixation,190836.5299999714,0.615160118449818,0.49126108668067237,2.385337136008523,2.5000679709694604,183.0,722,NOTRIAL
fixation,191036.53299999237,0.6332650244235992,0.47994539737701414,2.4121307373046874,2.524237060546875,83.0,723,NOTRIAL
fixation,191203.20199990273,0.36375610902905464,0.4947328642010689,2.443065643310547,2.6202774047851562,75.0,724,NOTRIAL
fixation,191619.87599992752,0.4833414414897561,0.25767106004059315,2.5210647583007812,2.6408939361572266,267.0,725,NOTRIAL
fixation,191919.88099992275,0.5461345735718223,0.24703391378416734,2.3766632080078125,2.464808744542739,283.0,726,NOTRIAL
fixation,192236.55099999905,0.6255567464977503,0.24456201726570725,2.3595638275146484,2.437824249267578,266.0,727,NOTRIAL
fixation,192536.55799996853,0.6606445051729679,0.41293125227093697,2.360471725463867,2.4292030334472656,133.0,728,NOTRIAL
fixation,192686.56199991703,0.6478647927443186,0.47535812507073083,2.4283299763997395,2.5120554606119794,508.0,729,NOTRIAL
fixation,193536.5759999752,0.604847305494806,0.25850600328134454,2.5069347879161006,2.6307220458984375,383.0,730,NOTRIAL
fixation,193936.57899999619,0.5311851302782694,0.24406064425905546,2.339186774359809,2.4271163940429688,308.0,731,NOTRIAL
fixation,194419.9239999056,0.5048951456944147,0.3362562308708827,2.3499120076497397,2.422398885091146,92.0,732,NOTRIAL
fixation,194553.2580000162,0.4456708241592754,0.27015176686373626,2.413169167258523,2.5016548850319604,184.0,733,NOTRIAL
fixation,194753.2619999647,0.48705622802178067,0.26041747877995175,2.4162368774414062,2.4847679138183594,200.0,734,NOTRIAL
fixation,194969.92999994755,0.5490911029003285,0.24953977128973714,2.3287540011935763,2.3967838993778936,450.0,735,NOTRIAL
fixation,195519.94099998474,0.6441537120512554,0.46512174872415407,2.395001547677176,2.505070277622768,467.0,736,NOTRIAL
fixation,196036.61099994183,0.4983492153031485,0.7197486162185669,2.421109880719866,2.541684831891741,116.0,737,NOTRIAL
fixation,196169.94900000095,0.4461288766728507,0.73075732588768,2.409298366970486,2.539242214626736,150.0,738,NOTRIAL
fixation,196353.28600001335,0.5326398201286793,0.7288952097296715,2.4266433715820312,2.5045719146728516,134.0,739,NOTRIAL
fixation,196536.61899995804,0.450091238868864,0.3951660747590818,2.4628143310546875,2.570621691252056,316.0,740,NOTRIAL
fixation,196886.62299990654,0.4930953489882605,0.4677602393286569,2.4601832798549106,2.5529915945870534,116.0,741,NOTRIAL
fixation,197019.96099996567,0.5026270002126694,0.47659363349278766,2.4356206258138022,2.527857462565104,108.0,742,NOTRIAL
fixation,197469.96499991417,0.45084005780518055,0.3646275456994772,2.5157318115234375,2.6357955932617188,133.0,743,25
fixation,197636.63399994373,0.5130428423484167,0.4049844319621722,2.5282491048177085,2.6304194132486978,100.0,744,25
fixation,197753.31299996376,0.4889724850654602,0.47370622413499014,2.417931692940848,2.542454310825893,117.0,745,25
fixation,197903.314999938,0.47382801877600805,0.5436404432569232,2.336388724190848,2.4437670026506697,234.0,746,25
fixation,198153.30799996853,0.516726920237908,0.537261786369177,2.349980280949519,2.4202470045823317,217.0,747,25
fixation,198403.31199991703,0.48714478657795834,0.572936821442384,2.318236130934495,2.3975794865534854,217.0,748,25
fixation,198636.65999996662,0.5094555062907082,0.5994578748941422,2.3251473563058034,2.3928538731166293,233.0,749,25
fixation,198903.32699990273,0.5374543155942645,0.4520215541124344,2.3344345092773438,2.4097377232142856,234.0,750,25
fixation,199153.33099997044,0.5185850827317489,0.4099064853630568,2.3632635819284538,2.4598798249897205,317.0,751,25
fixation,199503.3370000124,0.5144996214658022,0.3346932325512171,2.3768997192382812,2.4405250549316406,266.0,752,25
fixation,199803.34299993515,0.5361030076940855,0.4405212675531705,2.310663859049479,2.3869717915852866,200.0,753,25
fixation,200036.68099999428,0.5310250520706177,0.5119908815249801,2.331425666809082,2.397401809692383,267.0,754,25
fixation,200336.68400001526,0.5605204820632934,0.5120205312967301,2.3755538940429686,2.4467498779296877,175.0,755,25
fixation,200736.69099998474,0.4826863984266917,0.5375660916169485,2.351141357421875,2.462933349609375,242.0,756,25
fixation,201003.36199998856,0.47456723993474786,0.6022622883319855,2.2936553955078125,2.3952872536399146,183.0,757,25
fixation,201203.36500000954,0.4931651682903369,0.6489064892133077,2.2008094787597656,2.285252888997396,400.0,758,25
fixation,201620.03899991512,0.47283307851656625,0.6451801068109014,2.2669943104619565,2.333430746327276,767.0,759,25
fixation,202403.38499999046,0.48968020964551856,0.6721468965212504,2.3698812631460338,2.4364024974681713,450.0,760,25
fixation,202870.05900001526,0.5138475944598516,0.6476079126199087,2.384862263997396,2.490290323893229,100.0,761,25
fixation,203003.3939999342,0.4732389599084854,0.5184059739112854,2.39859856499566,2.523562961154514,150.0,762,25
fixation,203170.06299996376,0.4647872948220798,0.48880554203476223,2.4120919363839284,2.535447256905692,234.0,763,25
fixation,203420.06900000572,0.4818198559805751,0.48779639741405845,2.373229503631592,2.4732890129089355,534.0,764,25
fixation,203970.07799994946,0.4594457505477799,0.4986607763502333,2.3590401543511286,2.4398295084635415,300.0,765,25
fixation,204286.74899995327,0.45037704476943385,0.5122988384503585,2.4010232778695912,2.4725811298076925,217.0,766,25
fixation,204520.0870000124,0.45054740086197853,0.5176107957959175,2.4189834594726562,2.4776077270507812,67.0,767,25
fixation,204620.08899998665,0.4807590721426783,0.46101015403464035,2.442047119140625,2.511070457664696,617.0,768,25
fixation,205253.439999938,0.4755177592689341,0.4835588044740937,2.504513133655895,2.5965756503018467,366.0,769,25
fixation,205636.7839999199,0.4636134944464031,0.48721651811348765,2.516353406404194,2.6178050794099508,317.0,770,25
fixation,205970.12599992752,0.4528448070223267,0.5187477316405322,2.4727927543021537,2.581776386982686,617.0,771,25
fixation,206603.4779999256,0.493446484208107,0.5247382505072488,2.4372117784288196,2.512049357096354,308.0,772,25
fixation,207153.49500000477,0.5338286906480789,0.6037622913718224,2.39447021484375,2.4719276428222656,66.0,773,25
fixation,207236.8299999237,0.5760428369045257,0.6261355608701706,2.42236328125,2.4893341064453125,167.0,774,25
fixation,207436.83399999142,0.5517620245615641,0.6263475285636054,2.4498189290364585,2.521214803059896,150.0,775,25
fixation,207636.83999991417,0.5894123017787933,0.5277946943586523,2.395242864435369,2.475271051580256,191.0,776,25
fixation,208053.51800000668,0.48488576168363745,0.6291358809579503,2.3346467451615767,2.393406954678622,358.0,777,25
fixation,208436.8639999628,0.4622100009159608,0.6287022856148806,2.3120685924183237,2.377738259055398,183.0,778,25
fixation,208636.86899995804,0.4959145436684291,0.6503584459424019,2.2380994160970054,2.298895517985026,200.0,779,25
fixation,208853.5419999361,0.45765717678210316,0.6135103544768166,2.266755047966452,2.326748118681066,283.0,780,25
fixation,209153.55900001526,0.47571482323110104,0.6294840574264526,2.300609588623047,2.3588905334472656,133.0,781,25
fixation,209336.8899999857,0.5109376732040855,0.4626963007099488,2.3481256821576286,2.416857551125919,283.0,782,25
fixation,209653.5640000105,0.5552427241435418,0.5002035785179871,2.379802997295673,2.4398111196664662,224.0,783,25
fixation,210136.90699994564,0.5771859685579935,0.5861300627390543,2.4356562296549478,2.512886047363281,100.0,784,25
fixation,210270.2419999838,0.49787798192765975,0.6584620210859511,2.4752400716145835,2.575809054904514,150.0,785,25
fixation,210453.57899999619,0.4385392338037491,0.8061248660087585,2.5260040283203127,2.6415557861328125,83.0,786,25
fixation,210570.24399995804,0.37404438232382137,0.8860868141055107,2.4491678873697915,2.6153182983398438,200.0,787,25
fixation,210803.58499991894,0.4897737056016922,0.8835770040750504,2.478240966796875,2.5738601684570312,66.0,788,25
fixation,210886.91799998283,0.4878610149025917,0.8801335133612156,2.4490890502929688,2.5274829864501953,133.0,789,25
fixation,211053.5909999609,0.5949150383472442,0.8903465926647186,2.4085174560546876,2.4957916259765627,166.0,790,25
fixation,211270.25999999046,0.37928072214126585,0.886203271150589,2.3525299072265624,2.504071044921875,84.0,791,25
fixation,211370.25999999046,0.3274539694190025,0.8814627975225449,2.323622131347656,2.5157135009765623,167.0,792,25
fixation,211570.2649999857,0.3958788915322377,0.8781130909919739,2.396746121920072,2.5714944692758412,217.0,793,25
fixation,211820.26800000668,0.45091942449410755,0.8814485867818197,2.4260482788085938,2.609180450439453,200.0,794,25
fixation,212036.93699991703,0.49050523787736894,0.8864047214388847,2.4089118957519533,2.5599510192871096,333.0,795,25
fixation,212403.61199998856,0.5363666140116178,0.887929224050962,2.4324305607722354,2.565525935246394,216.0,796,25
fixation,212636.95199990273,0.5764004528522492,0.8873591482639313,2.4803070068359374,2.6135635375976562,167.0,797,25
fixation,212836.95299994946,0.6406674409906069,0.8843184113502502,2.5016352335611978,2.6119117736816406,200.0,798,25
fixation,213053.62299990654,0.6187977989514669,0.8860067327817281,2.4784673055013022,2.5898005167643228,100.0,799,25
fixation,213186.9509999752,0.4019090533256531,0.8776597426487849,2.421673114483173,2.6076883169320912,217.0,800,25
fixation,213420.28699994087,0.3708243042230606,0.8756605327129364,2.3835662841796874,2.586419677734375,84.0,801,25
fixation,213520.2879999876,0.33854212959607444,0.8739970763524373,2.365667724609375,2.5703857421875,250.0,802,25
fixation,213803.63800001144,0.4333162494003773,0.8771878803769747,2.372002919514974,2.5281333923339844,200.0,803,25
fixation,214036.9739999771,0.4868342677752177,0.8797089407841364,2.375645955403646,2.5309473673502603,108.0,804,25
fixation,214436.9699999094,0.4501294116179148,0.8823063313961029,2.441969807942708,2.62330322265625,250.0,805,25
fixation,214736.97599995136,0.5286132991313934,0.6156890630722046,2.3681182861328125,2.443376159667969,167.0,806,25
fixation,214953.6439999342,0.6269648253917695,0.869308152794838,2.3126495361328123,2.3926605224609374,166.0,807,25
fixation,215153.65399992466,0.6712887287139893,0.886738009750843,2.3560409545898438,2.4487953186035156,133.0,808,25
fixation,215336.9809999466,0.5301911453406016,0.5054649432500203,2.3958150227864583,2.507709757486979,250.0,809,25
fixation,215620.32299995422,0.5172137141227722,0.39485877454280854,2.4428787231445312,2.541246032714844,167.0,810,25
fixation,215836.9929999113,0.7522111907601357,0.5891871750354767,2.417469024658203,2.4415836334228516,133.0,811,25
fixation,215986.9850000143,0.76805551137243,0.6174282559326717,2.386195591517857,2.416926792689732,117.0,812,25
fixation,216153.6629999876,0.5293211251497268,0.8715501189231872,2.370367431640625,2.4987518310546877,166.0,813,25
fixation,216353.65600001812,0.47169176692312415,0.8870351179079576,2.4098691073330967,2.5434514825994317,183.0,814,25
fixation,216570.3219999075,0.438188698887825,0.8835413545370102,2.40333251953125,2.5527664184570313,167.0,815,25
fixation,216753.66600000858,0.48677290763173786,0.8875694530350822,2.4137398856026784,2.5308314732142856,124.0,816,25
fixation,217086.99500000477,0.535875097701424,0.5691530406475067,2.3697839034231087,2.500753302323191,317.0,817,25
fixation,217420.33799993992,0.4941337779164314,0.6079899236559868,2.316327667236328,2.4407730102539062,333.0,818,25
fixation,217787.0080000162,0.46690868337949115,0.5547840634981791,2.2168609619140627,2.3151316324869793,250.0,819,25
fixation,218053.6779999733,0.4599309414625168,0.556938961148262,2.2088546752929688,2.3121719360351562,67.0,820,25
fixation,218153.67899990082,0.5140379667282104,0.3790316750605901,2.2866495768229167,2.36895751953125,250.0,821,25
fixation,218437.0149999857,0.41712185243765515,0.3957514377931754,2.2662073771158853,2.3864173889160156,200.0,822,25
fixation,218670.33999991417,0.39127786705891293,0.5115315417448679,2.2364069620768228,2.3499933878580728,100.0,823,25
fixation,218803.6739999056,0.3869611822506961,0.598545219968347,2.249237958122702,2.3590850830078125,283.0,824,25
fixation,219120.34299993515,0.4296257495880127,0.5849058404564857,2.2574742635091147,2.3721707661946616,200.0,825,25
fixation,219353.6779999733,0.5012383446097374,0.4789209604263306,2.326429748535156,2.3747467041015624,167.0,826,25
fixation,219553.67999994755,0.39351905475963245,0.49642616374926135,2.311868840997869,2.409096457741477,183.0,827,25
fixation,219770.35899996758,0.38667128421366215,0.5917612165212631,2.315464655558268,2.4194653828938804,400.0,828,25
fixation,220187.02399992943,0.39741140976548195,0.62870854139328,2.3116607666015625,2.407939910888672,75.0,829,25
fixation,220470.36199998856,0.4868316624094458,0.3547579076360254,2.379947437959559,2.465516034294577,283.0,830,25
fixation,220853.7009999752,0.49932941794395447,0.4810910850763321,2.401375325520833,2.5062296549479166,250.0,831,FIX_CROS
fixation,221153.70700001717,0.4285253098477488,0.3220853397379751,2.4344973356827446,2.5475974704908286,383.0,832,FIX_CROS
fixation,221570.38099992275,0.4836990386247635,0.42748203060843726,2.4717268510298296,2.5861885764382104,183.0,833,25.2
fixation,221870.3939999342,0.18925406669194883,0.28126950905873227,2.54803466796875,2.758360642653245,216.0,834,25.2
fixation,222103.73199999332,0.22717471917470297,0.278962862988313,2.5684382120768228,2.7317021687825522,100.0,835,25.2
fixation,222220.39999997616,0.2747175558046861,0.2773471569473093,2.4804576526988638,2.616732510653409,183.0,836,25.2
fixation,222420.40299999714,0.32757244805494945,0.2742444713910421,2.3574198404947917,2.4807088216145834,250.0,837,25.2
fixation,222687.07400000095,0.3623842805624008,0.27677942514419557,2.328106689453125,2.44534912109375,92.0,838,25.2
fixation,223003.74399995804,0.31005159098851054,0.27708351455236735,2.404855828536184,2.5240446391858553,309.0,839,25.2
fixation,223420.41199994087,0.43653134836090934,0.2797234637869729,2.345128377278646,2.4551900227864585,150.0,840,25.2
fixation,223603.7459999323,0.4103972626229127,0.2821992027262847,2.3047523498535156,2.409313201904297,200.0,841,25.2
fixation,223820.41999995708,0.45407531907161075,0.2801260029276212,2.3069178263346353,2.4098383585611978,100.0,842,25.2
fixation,223953.7539999485,0.49542128497904,0.2709668278694153,2.2982136119495737,2.386534257368608,183.0,843,25.2
fixation,224170.43400001526,0.5446122859915098,0.2720094099640846,2.3120524088541665,2.4056981404622397,200.0,844,25.2
fixation,224387.09200000763,0.6001740332160678,0.26947430840560366,2.343111310686384,2.420587812151228,242.0,845,25.2
fixation,224820.43400001526,0.6715373121775113,0.26735538931993336,2.3877363938551683,2.456951434795673,208.0,846,25.2
fixation,225087.10499989986,0.7473063766956329,0.26442556934697287,2.428889683314732,2.4914681570870534,234.0,847,25.2
fixation,225337.10899996758,0.7637338638305664,0.2603914365172386,2.3478790283203126,2.3958694458007814,167.0,848,25.2
fixation,225520.44499993324,0.7180653024803508,0.2622084360231053,2.3036152232776987,2.363894375887784,183.0,849,25.2
fixation,225737.11599993706,0.7502762774626414,0.26428734759489697,2.2993698120117188,2.387098948160807,200.0,850,25.2
fixation,225953.78600001335,0.7973992913961411,0.26071965247392653,2.314463806152344,2.383563232421875,167.0,851,25.2
fixation,226153.79299998283,0.83592838793993,0.25955963134765625,2.3231773376464844,2.382465362548828,67.0,852,25.2
fixation,226287.13399994373,0.2631512795175825,0.3282253252608435,2.303865705217634,2.4553745814732144,117.0,853,25.2
fixation,226420.4699999094,0.18384198993444442,0.33977937400341035,2.31138916015625,2.4440582275390623,166.0,854,25.2
fixation,226603.80499994755,0.18332078094993318,0.3455109915563038,2.3031507219587053,2.4297376360212053,117.0,855,25.2
fixation,226737.14499998093,0.22768176678154203,0.3517192353804906,2.297487046983507,2.4031168619791665,158.0,856,25.2
fixation,227087.14899992943,0.24677312094718218,0.35591885074973106,2.281648635864258,2.3832950592041016,126.0,857,25.2
fixation,227237.1399999857,0.30571014214964476,0.3596687974298702,2.354030833524816,2.4366347369025734,284.0,858,25.2
fixation,227537.14599990845,0.35595166005871515,0.36187919161536475,2.26324462890625,2.3426888205788354,184.0,859,25.2
fixation,227737.1519999504,0.33899260809024173,0.36262015998363495,2.2331517537434897,2.322484334309896,100.0,860,25.2
fixation,227870.48599994183,0.3930690949782729,0.3629107568413019,2.2573795318603516,2.3389177322387695,266.0,861,25.2
fixation,228170.4919999838,0.43311211331324145,0.3689281398599798,2.3052909157492896,2.3807192715731533,183.0,862,25.2
fixation,228370.49399995804,0.3822755678778603,0.3713996637435186,2.3249439057849703,2.4279014950706843,350.0,863,25.2
fixation,228737.16600000858,0.4355464031298955,0.3670375943183899,2.3540827433268228,2.4321695963541665,108.0,864,25.2
fixation,229037.17100000381,0.4994069848741804,0.3599152671439307,2.3468497140066966,2.422295706612723,109.0,865,25.2
fixation,229170.50499999523,0.4774119754632314,0.3667813514669736,2.407354990641276,2.5177701314290366,200.0,866,25.2
fixation,229403.84599995613,0.5396008230745792,0.3584969723597169,2.3209075927734375,2.3888683319091797,267.0,867,25.2
fixation,229687.1819999218,0.5848246234304765,0.3556765300386092,2.2522645838120403,2.314884858972886,284.0,868,25.2
fixation,230003.85099995136,0.6717076920546018,0.35489498651944673,2.301849365234375,2.370667677659255,217.0,869,25.2
fixation,230253.85799992085,0.6063729971647263,0.3552246962984403,2.29180908203125,2.3591486612955728,108.0,870,25.2
fixation,230620.5299999714,0.7599111729198031,0.3492281403806474,2.3775804307725696,2.4133165147569446,150.0,871,25.2
fixation,230787.1969999075,0.7963130176067352,0.3505191775885495,2.415457985617898,2.4777693314985796,184.0,872,25.2
fixation,231037.2079999447,0.22743947803974152,0.4303341103451593,2.302758353097098,2.4246346609933034,117.0,873,25.2
fixation,231187.20599997044,0.1763378347341831,0.43492633448197293,2.2564591627854567,2.348719670222356,217.0,874,25.2
fixation,231420.54299998283,0.23242460191249847,0.46574765145778657,2.266119384765625,2.373699951171875,91.0,875,25.2
fixation,231737.21399998665,0.26921696215867996,0.44415665169556934,2.2995402018229165,2.4027786254882812,92.0,876,25.2
fixation,231853.88399994373,0.24605120221773782,0.44349876046180725,2.3542887369791665,2.4275343153211804,150.0,877,25.2
fixation,232037.22299993038,0.3287232518196106,0.46407925213376683,2.3218294779459634,2.4532140096028647,200.0,878,25.2
fixation,232253.88800001144,0.30543328592410457,0.46399488472021544,2.2628866342397838,2.3985525277944713,217.0,879,25.2
fixation,232503.89599990845,0.42932203114032746,0.4565590605139732,2.250132751464844,2.361677551269531,167.0,880,25.2
fixation,232687.23199999332,0.40464195013046267,0.4554917022585869,2.2538772583007813,2.384613037109375,167.0,881,25.2
fixation,232887.23399996758,0.46160982102155684,0.4575750455260277,2.33465576171875,2.4542922973632812,167.0,882,25.2
fixation,233087.24000000954,0.4895719140768051,0.4604757770895958,2.368424987792969,2.4590194702148436,167.0,883,25.2
fixation,233270.57400000095,0.5417711492627859,0.45593923795968294,2.3623905181884766,2.415907859802246,266.0,884,25.2
fixation,233570.5799999237,0.5919528088786385,0.45800989730791614,2.3592265735973013,2.420908147638494,183.0,885,25.2
fixation,233770.58399999142,0.5730323990186056,0.46127766122420627,2.3251953125,2.3856175740559897,108.0,886,25.2
fixation,234103.91999995708,0.644027841091156,0.43924773633480074,2.4022674560546875,2.474237060546875,75.0,887,25.2
fixation,234203.9239999056,0.6257137596607208,0.4449027180671692,2.4340774536132814,2.5265518188476563,167.0,888,25.2
fixation,234403.93099999428,0.673340231180191,0.44106622466019224,2.393925258091518,2.479254586356027,117.0,889,25.2
fixation,234553.9279999733,0.7086811519187429,0.4406712320835694,2.289189877717391,2.341469142747962,383.0,890,25.2
fixation,234970.6019999981,0.7842621107896169,0.44598326914840275,2.332093980577257,2.3900638156467013,150.0,891,25.2
fixation,235220.6059999466,0.8160445153713226,0.43674629330635073,2.34715576171875,2.393115234375,91.0,892,25.2
fixation,235570.61199998856,0.7086531519889832,0.44957718066871166,2.3712158203125,2.4526824951171875,125.0,893,25.2
fixation,235753.94999992847,0.27291823072092875,0.5232020659106118,2.4462062290736606,2.5786830357142856,117.0,894,25.2
fixation,235903.94999992847,0.188531584209866,0.5289332601759169,2.3579813639322915,2.5118594699435763,150.0,895,25.2
fixation,236087.28600001335,0.2342490293085575,0.5348988721768061,2.3072306315104165,2.4543940226236978,100.0,896,25.2
fixation,236220.63099992275,0.2958686202764511,0.536062341183424,2.2404441833496094,2.3414697647094727,266.0,897,25.2
fixation,236503.95899999142,0.2784544825553894,0.5471993833780289,2.2520538330078126,2.3306610107421877,175.0,898,25.2
fixation,236853.96299993992,0.37492509186267853,0.5550512373447418,2.224756876627604,2.3130620320638022,100.0,899,25.2
fixation,237153.97200000286,0.35548243728967815,0.5404979884624481,2.3479590782752404,2.465789794921875,209.0,900,25.2
fixation,237387.30599999428,0.3994916422026498,0.5531735037054334,2.363307407924107,2.4591282435825894,117.0,901,25.2
fixation,237520.63899993896,0.4685408579451697,0.5521834506874993,2.2870606921968006,2.39138430640811,350.0,902,25.2
fixation,237903.97999989986,0.5042551923543215,0.5466007143259048,2.344388961791992,2.420370101928711,267.0,903,25.2
fixation,238187.31999993324,0.561825176080068,0.5420505073335435,2.4097442626953125,2.5200127495659723,150.0,904,25.2
fixation,238420.6519999504,0.6262517087161541,0.5478617772459984,2.4392166137695312,2.544382095336914,133.0,905,25.2
fixation,238570.6549999714,0.605638454357783,0.544951319694519,2.4058041042751737,2.537077162000868,150.0,906,25.2
fixation,238753.99500000477,0.6644448235630989,0.5488726496696472,2.438550567626953,2.538219451904297,333.0,907,25.2
fixation,239103.99899995327,0.7506129168547117,0.5467537916623629,2.4554513784555287,2.546502920297476,217.0,908,25.2
fixation,239337.33499991894,0.7200665593147277,0.5491784393787384,2.4398101806640624,2.5257843017578123,83.0,909,25.2
fixation,239487.33999991417,0.23006522442613328,0.6323993163449424,2.4507228306361606,2.5974295479910716,116.0,910,25.2
fixation,239637.3409999609,0.18175961822271347,0.6451795995235443,2.4572906494140625,2.5861297607421876,250.0,911,25.2
fixation,239904.01300001144,0.22856945544481277,0.6403685450553894,2.4540679931640623,2.533026123046875,167.0,912,25.2
fixation,240104.01699995995,0.22924306988716125,0.5457819998264313,2.328946794782366,2.4738616943359375,117.0,913,25.2
fixation,240254.01999998093,0.34214265313413406,0.5358623597357008,2.317815144856771,2.429506089952257,150.0,914,25.2
fixation,240437.35399997234,0.4722991081384512,0.5233836242785821,2.306133563701923,2.3889324481670675,216.0,915,25.2
fixation,240687.36199998856,0.5092880949378014,0.5309651456773281,2.33441162109375,2.4163436889648438,133.0,916,25.2
fixation,240854.02799999714,0.243749069981277,0.6660536862909794,2.3921585083007812,2.4936084747314453,134.0,917,25.2
fixation,241020.6969999075,0.19051280008120972,0.6522245678034696,2.3767755681818183,2.4899444580078125,183.0,918,25.2
fixation,241220.69999992847,0.23748697688182194,0.6472049633661906,2.3839040120442707,2.493003336588542,250.0,919,25.2
fixation,241887.3789999485,0.3786829739809036,0.6283976525068283,2.3949920654296877,2.4810516357421877,166.0,920,25.2
fixation,242087.38099992275,0.34964749217033386,0.6330212300473993,2.4068256724964487,2.4942502108487217,183.0,921,25.2
fixation,242287.38599991798,0.33297136425971985,0.6337925578866687,2.327824183872768,2.417321341378348,116.0,922,25.2
fixation,242437.3869999647,0.22446027646462122,0.6390925910737779,2.3115437825520835,2.4217647976345487,150.0,923,25.2
fixation,242604.05599999428,0.16847878601402044,0.6399108693003654,2.2953386306762695,2.400728225708008,267.0,924,25.2
fixation,242904.0640000105,0.21342014364506068,0.6366268804198817,2.3074710243626644,2.3780413175884045,317.0,925,25.2
fixation,243237.39999997616,0.2551247127354145,0.6329820096492768,2.3033370971679688,2.3895553588867187,174.0,926,25.2
fixation,243720.7429999113,0.20706086792051792,0.6399848461151123,2.3478520711263022,2.4688682556152344,200.0,927,25.2
fixation,243937.41100001335,0.1721087545156479,0.6467296361923218,2.386663818359375,2.48123779296875,83.0,928,25.2
fixation,244104.08200001717,0.8093513995409012,0.5486287213861942,2.3063735961914062,2.327808380126953,134.0,929,25.2
fixation,244254.08599996567,0.824890211224556,0.5265257308880488,2.2659759521484375,2.2588119506835938,100.0,930,25.2
fixation,244420.75099992752,0.29539845365545025,0.6485356390476227,2.2850156037703804,2.3554614523182744,391.0,931,25.2
fixation,244987.43099999428,0.33735058829188347,0.6467987820506096,2.2689641316731772,2.3594538370768228,192.0,932,25.2
fixation,245220.76800000668,0.39040505344217474,0.637974427504973,2.310915860262784,2.4345467307350854,183.0,933,25.2
fixation,245420.77199995518,0.3732229918241501,0.6293993716438612,2.244274139404297,2.3625081380208335,200.0,934,25.2
fixation,245704.11299991608,0.27560225687921047,0.6353322118520737,2.2690610885620117,2.337739944458008,267.0,935,25.2
fixation,246020.78499996662,0.38628249443494356,0.610574891934028,2.233892587515024,2.304705106295072,217.0,936,25.2
fixation,246270.78999996185,0.46841993125585407,0.6117366368953998,2.26370121882512,2.323748075045072,217.0,937,25.2
fixation,246504.1289999485,0.49383326061069965,0.6109195128083229,2.2802982330322266,2.3769569396972656,134.0,938,25.2
fixation,246654.13099992275,0.5346009075641632,0.6150072187185287,2.315266418457031,2.386097717285156,167.0,939,25.2
fixation,246870.80399990082,0.6422894857823849,0.6242982260882854,2.330768585205078,2.375215530395508,133.0,940,25.2
fixation,247037.47299993038,0.7671784096293979,0.6272984213299222,2.3503231472439237,2.3759697808159723,150.0,941,25.2
fixation,247220.81900000572,0.7234856022728814,0.6239862971835666,2.339363945855035,2.4080318874782987,150.0,942,25.2
fixation,247404.15600001812,0.7946140199899674,0.6265414625406265,2.3836456298828126,2.405201721191406,167.0,943,25.2
fixation,247620.81999993324,0.2967422881296703,0.747926150049482,2.391664777483259,2.4989100864955356,117.0,944,25.2
fixation,247770.81900000572,0.24264543304840724,0.7446265717347463,2.428638712565104,2.4938934326171873,250.0,945,25.2
fixation,248037.50299990177,0.3025079593062401,0.7311751196781794,2.3847071329752603,2.4467137654622397,100.0,946,25.2
fixation,248154.17100000381,0.34008067548274995,0.7288987040519714,2.33929443359375,2.4012527465820312,167.0,947,25.2
fixation,248354.1669999361,0.42936919778585436,0.71847363114357,2.3002578735351564,2.3839675903320314,167.0,948,25.2
fixation,248554.17299997807,0.3912296976361956,0.7265599157129016,2.330684116908482,2.4565909249441966,117.0,949,25.2
fixation,248704.17499995232,0.49959662805000943,0.7173478951056799,2.3367106119791665,2.44073486328125,200.0,950,25.2
fixation,248937.51300001144,0.5659264942010244,0.714854089419047,2.3512003580729166,2.434503173828125,250.0,951,25.2
fixation,249220.8519999981,0.638522629554455,0.7219161162009606,2.3728309044471154,2.4454427865835338,217.0,952,25.2
fixation,249470.85799992085,0.684030810991923,0.7179948727289835,2.3802734375,2.451887003580729,250.0,953,25.2
fixation,249754.1969999075,0.7454424968787602,0.719719586627824,2.4139251708984375,2.4743434361049106,234.0,954,25.2
fixation,250120.8709999323,0.4567976503268532,0.3059970665237178,2.3864540431810464,2.4991773522418477,383.0,955,25.2
fixation,250537.55399990082,0.45012660655710435,0.18154387176036835,2.4345940483940973,2.55708991156684,150.0,956,NOTRIAL
fixation,250720.88899993896,0.38161257840692997,0.2079812465235591,2.4192981719970703,2.5266971588134766,133.0,957,NOTRIAL
fixation,250870.88199996948,0.3985706686973572,0.1572869136929512,2.4059783935546877,2.517767333984375,83.0,958,NOTRIAL
fixation,250987.55099999905,0.36434315357889446,0.30332590852464947,2.360964093889509,2.4639674595424106,116.0,959,NOTRIAL
fixation,251120.88599991798,0.3546896756571882,0.276133177911534,2.3905267154469207,2.4902608534869026,575.0,960,NOTRIAL
fixation,251904.2419999838,0.6455783889843867,0.2665098561690404,2.448108379657452,2.4909339317908654,217.0,961,NOTRIAL
fixation,252137.57799994946,0.6241537657651034,0.27363764291459863,2.521689675071023,2.594021883877841,183.0,962,NOTRIAL
fixation,252354.25,0.4478149488568306,0.27808925062417983,2.4133346557617186,2.515910339355469,167.0,963,NOTRIAL
fixation,252537.58599996567,0.43114374577999115,0.27825084142386913,2.3602237701416016,2.472808837890625,133.0,964,NOTRIAL
fixation,252704.24699997902,0.6599411388923382,0.26374350025736054,2.4612637223868536,2.5353604020743536,484.0,965,NOTRIAL
fixation,253237.59700000286,0.37624816064323696,0.2680298813751766,2.4351599557059154,2.568707057407924,233.0,966,NOTRIAL
fixation,253504.2689999342,0.3490985614411971,0.28140559441903057,2.3916850370519303,2.534018123851103,284.0,967,NOTRIAL
fixation,253804.2730000019,0.4291606656340666,0.28190544316934985,2.4009331991506175,2.496786073196766,717.0,968,NOTRIAL
fixation,254604.2879999876,0.3399816658347845,0.4995279014110565,2.3658447265625,2.490039825439453,134.0,969,NOTRIAL
fixation,254754.28100001812,0.35600278729742224,0.5038377331061796,2.4089202880859375,2.5358442826704546,192.0,970,NOTRIAL
fixation,255187.62399995327,0.36512969732284545,0.4786381900310516,2.4147674560546877,2.49818115234375,75.0,971,NOTRIAL
fixation,255320.9579999447,0.6370548551732843,0.5043191008947112,2.468935879794034,2.519307916814631,367.0,972,NOTRIAL
fixation,255704.3029999733,0.5812774950807745,0.4809722950061162,2.323978308475379,2.4130988843513257,550.0,973,NOTRIAL
fixation,256270.97999989986,0.5066391602158546,0.47659377567470074,2.3129806518554688,2.379672050476074,267.0,974,NOTRIAL
fixation,256570.98399996758,0.4275561827421188,0.4731247532367706,2.2987603759765625,2.4141546630859376,425.0,975,NOTRIAL
fixation,257204.33200001717,0.43057294660492945,0.47667348149575683,2.357102243523849,2.4450531005859375,317.0,976,NOTRIAL
fixation,257771.00899994373,0.4267015301045917,0.46970697669755845,2.2832438151041665,2.3554600306919644,342.0,977,NOTRIAL
fixation,258171.01599991322,0.3609437644481659,0.7097815786089215,2.2901197160993303,2.3729357038225447,117.0,978,NOTRIAL
fixation,258321.01800000668,0.34280459582805634,0.7397496998310089,2.235437246469351,2.3323540320763216,217.0,979,NOTRIAL
fixation,258554.3679999113,0.37698494891325635,0.7268142104148865,2.2333806355794272,2.3414230346679688,100.0,980,NOTRIAL
fixation,258687.69199991226,0.4254430291744379,0.49261153546663433,2.2312035193810096,2.3352121206430287,217.0,981,NOTRIAL
fixation,258954.37299990654,0.3635537152489026,0.7389859259128571,2.2960281372070312,2.3960444132486978,200.0,982,NOTRIAL
fixation,259171.04699993134,0.3427256569266319,0.7377377429178783,2.336584908621652,2.454333714076451,234.0,983,NOTRIAL
fixation,259454.37699997425,0.6255753636360168,0.7350995143254598,2.3714362250434027,2.4578009711371527,150.0,984,NOTRIAL
fixation,259621.04499995708,0.6467181577327403,0.7414878403886835,2.362436497465093,2.455518681952294,792.0,985,NOTRIAL
fixation,260637.7309999466,0.4693213138315413,0.8605423271656036,2.35807122124566,2.489871554904514,142.0,986,NOTRIAL
fixation,260804.39999997616,0.4364031891931187,0.8362897011366758,2.4074207652698862,2.5745045055042612,183.0,987,NOTRIAL
fixation,261037.73599994183,0.6483244789498193,0.7462246290275029,2.3859990437825522,2.4690569923037575,700.0,988,NOTRIAL
fixation,261754.41600000858,0.6589135080575943,0.7366816947857538,2.376922607421875,2.4502182006835933,100.0,989,NOTRIAL
fixation,261921.0870000124,0.4544147629486887,0.2820924191098464,2.39940040989926,2.5205768785978617,317.0,990,FIX_CROS
fixation,262271.09200000763,0.48679286075962913,0.4336223469840156,2.351777818467882,2.471432156032986,150.0,991,FIX_CROS
fixation,262437.77099990845,0.5008846182714809,0.46201179786161944,2.3233226429332388,2.4376026500355112,183.0,992,FIX_CROS
fixation,262654.4319999218,0.4150313754444537,0.3071895183428474,2.3903510052224863,2.536282746688179,391.0,993,FIX_CROS
fixation,263287.78600001335,0.21246847361326218,0.23191361725330353,2.4187721252441405,2.551408386230469,333.0,994,25.1
fixation,263654.44900000095,0.2788311272859573,0.228675539791584,2.309034729003906,2.4173583984375,166.0,995,25.1
fixation,263837.78600001335,0.32956754015042233,0.22491027873296005,2.222216092623197,2.3035783034104567,217.0,996,25.1
fixation,264071.13099992275,0.35798192769289017,0.22763876244425774,2.2164103190104165,2.2877960205078125,108.0,997,25.1
fixation,264437.7960000038,0.47603438629044426,0.23927961621019575,2.3067423502604165,2.4126095241970487,150.0,998,25.1
fixation,264604.4659999609,0.44885323535312305,0.2388498911803419,2.376278963955966,2.517210526899858,183.0,999,25.1
fixation,264821.1399999857,0.5444119599732485,0.23589073731140656,2.354227239435369,2.4450947154651987,184.0,1000,25.1
fixation,265037.8140000105,0.47994466011340803,0.2337071064573068,2.3016826923076925,2.3909700833834133,217.0,1001,25.1
fixation,265287.81699991226,0.5222405314445495,0.23096055736144383,2.3175954182942706,2.399580891927083,250.0,1002,25.1
fixation,265571.1560000181,0.5842785428870808,0.23315623131665317,2.3577839244495737,2.4523787064985796,184.0,1003,25.1
fixation,265821.1589999199,0.24340311757155828,0.2327571458050183,2.381044660295759,2.5170484270368303,117.0,1004,25.1
fixation,265971.1629999876,0.20089776255190372,0.23094216641038656,2.3734683990478516,2.5070152282714844,134.0,1005,25.1
fixation,266121.1629999876,0.2591056940811021,0.22884593265397207,2.3619918823242188,2.482628958565848,234.0,1006,25.1
fixation,266387.8370000124,0.3068214595317841,0.22591014802455903,2.301010131835937,2.4138763427734373,91.0,1007,25.1
fixation,266687.84200000763,0.32710843284924823,0.22112649058302244,2.2856063842773438,2.4084904988606772,100.0,1008,25.1
fixation,266804.510999918,0.3543844670057297,0.2329382300376892,2.34547119140625,2.4634353637695314,174.0,1009,25.1
fixation,267187.8489999771,0.3908646149294717,0.2230240319456373,2.2860892159598216,2.371708461216518,109.0,1010,25.1
fixation,267337.84999990463,0.4443521226445834,0.22843196739753088,2.308635711669922,2.403691609700521,200.0,1011,25.1
fixation,267554.5119999647,0.4677697479724884,0.2346523513396581,2.2558278401692706,2.351829020182292,250.0,1012,25.1
fixation,267837.8589999676,0.4339659670367837,0.2374248863197863,2.2228689193725586,2.311250686645508,267.0,1013,25.1
fixation,268137.85399997234,0.5074461758136749,0.23731440976262091,2.2545700073242188,2.343402099609375,167.0,1014,25.1
fixation,268321.19199991226,0.5324838424430174,0.23819859106751048,2.2629681755514706,2.3821994557100186,292.0,1015,25.1
fixation,268904.5349999666,0.5887890641505902,0.24234454391094354,2.3672896165114183,2.47134516789363,224.0,1016,25.1
fixation,269337.8789999485,0.546170256354592,0.2440133352171291,2.3439899791370737,2.447848233309659,175.0,1017,25.1
fixation,269554.55199992657,0.5098869270748563,0.25000109109613633,2.4312642415364585,2.531302558051215,150.0,1018,25.1
fixation,269721.2229999304,0.45911403745412827,0.2459222019783088,2.3487962995256697,2.4504198346819197,234.0,1019,25.1
fixation,269987.88399994373,0.499210262671113,0.24844394414685667,2.3369860649108887,2.430333137512207,533.0,1020,25.1
fixation,270537.8899999857,0.5565346658229828,0.243332938849926,2.4271270751953127,2.5190938313802085,250.0,1021,25.1
fixation,270821.23299992085,0.6765028999911414,0.24370973143312666,2.4911939832899304,2.583738538953993,150.0,1022,25.1
fixation,271004.5729999542,0.6294792979955673,0.2384863503277302,2.48824462890625,2.5971282958984374,166.0,1023,25.1
fixation,271204.5719999075,0.7000417463919696,0.22979182355544148,2.454019883099724,2.538808486040901,283.0,1024,25.1
fixation,271521.2429999113,0.7655831351876259,0.22946469113230705,2.4381446838378906,2.4822769165039062,67.0,1025,25.1
fixation,271621.2459999323,0.7959055943148476,0.22735969935144698,2.4188428606305803,2.468224661690848,117.0,1026,25.1
fixation,271804.58099997044,0.23041210789233446,0.29563406854867935,2.382272720336914,2.5290145874023438,133.0,1027,25.1
fixation,271954.5839999914,0.1837250091135502,0.304817171394825,2.3912139892578126,2.5607345581054686,166.0,1028,25.1
fixation,272154.58599996567,0.23781697239194596,0.3055785447359085,2.4084690638950894,2.517551967075893,116.0,1029,25.1
fixation,272287.92299997807,0.28645976739270346,0.3171264146055494,2.371636526925223,2.461977277483259,117.0,1030,25.1
fixation,272421.25599992275,0.33908049017190933,0.3154551660021146,2.3083699544270835,2.3972193400065103,200.0,1031,25.1
fixation,272654.5979999304,0.3963139761577953,0.3102966140617024,2.2800722989169033,2.3697509765625,183.0,1032,25.1
fixation,272854.59999990463,0.381646814090865,0.31217909497874125,2.2880772181919644,2.3854522705078125,116.0,1033,25.1
fixation,273004.60099995136,0.5123571540628161,0.30786787612097605,2.310823713030134,2.412867954799107,116.0,1034,25.1
fixation,273154.6029999256,0.4680158631368117,0.31395869769833307,2.342619462446733,2.4529224742542612,183.0,1035,25.1
fixation,273371.2739999294,0.5422940030694008,0.3137660672267278,2.3862202962239585,2.479869842529297,200.0,1036,25.1
fixation,273687.9440000057,0.4610801823437214,0.31962185849746066,2.383001963297526,2.4952074686686196,200.0,1037,25.1
fixation,273921.2839999199,0.562538661740043,0.31982212445952674,2.4381283846768467,2.5086711536754263,184.0,1038,25.1
fixation,274137.95599997044,0.6698298779400912,0.31512919745661994,2.469137018377131,2.5444585626775567,183.0,1039,25.1
fixation,274337.9579999447,0.6466479947169622,0.32074689244230586,2.447277069091797,2.518763224283854,200.0,1040,25.1
fixation,274571.29799997807,0.6985443979501724,0.3172905122240384,2.4605585734049478,2.5045750935872397,108.0,1041,25.1
fixation,274887.96799993515,0.764641801516215,0.31118272865811986,2.456834157307943,2.5540682474772134,192.0,1042,25.1
fixation,275104.6369999647,0.797994145325252,0.3122826027018683,2.499178205217634,2.6091156005859375,116.0,1043,25.1
fixation,275287.9739999771,0.22802480735949107,0.4216320961713791,2.3669564383370534,2.4951586042131697,117.0,1044,25.1
fixation,275437.9769999981,0.19837680893639723,0.3941719631354014,2.2705294291178384,2.3957112630208335,200.0,1045,25.1
fixation,275671.3109999895,0.25365620309656317,0.40366279672492633,2.2915455211292612,2.3636627197265625,184.0,1046,25.1
fixation,275871.3140000105,0.2702881656587124,0.39619872719049454,2.2771263122558594,2.338661193847656,67.0,1047,25.1
fixation,275971.31699991226,0.23140359669923782,0.40131840797571033,2.2855001596304088,2.330120380108173,225.0,1048,25.1
fixation,276437.9889999628,0.3751205503940582,0.41069011092185975,2.3454986572265626,2.3954986572265624,75.0,1049,25.1
fixation,276537.9889999628,0.34149388074874876,0.4083142653107643,2.3890533447265625,2.474713134765625,167.0,1050,25.1
fixation,276737.99399995804,0.3803219844897588,0.4085075631737709,2.4083455403645835,2.470514933268229,100.0,1051,25.1
fixation,276871.33099997044,0.43749441877007483,0.40610719472169876,2.314347839355469,2.3668190002441407,334.0,1052,25.1
fixation,277221.3339999914,0.48130149245262144,0.40562504629294077,2.3030131022135416,2.370464070638021,250.0,1053,25.1
fixation,277488.00499999523,0.5318596810102463,0.4059550669044256,2.3325328826904297,2.4029407501220703,267.0,1054,25.1
fixation,277771.34299993515,0.6040557950735093,0.4028631210327148,2.371961975097656,2.4755523681640623,166.0,1055,25.1
fixation,277954.6779999733,0.576805591583252,0.3988126162439585,2.3655624389648438,2.4502944946289062,133.0,1056,25.1
fixation,278121.34599995613,0.6286119103431702,0.398286709189415,2.3815216064453124,2.4625823974609373,83.0,1057,25.1
fixation,278221.34599995613,0.6588277481496334,0.3970844931900501,2.397998809814453,2.465974807739258,133.0,1058,25.1
fixation,278388.01699995995,0.6215463231007258,0.3998137873907884,2.3927586873372397,2.502391815185547,208.0,1059,25.1
fixation,278788.0239999294,0.6699241697788239,0.3993062778161122,2.4427513709435096,2.5626807579627404,209.0,1060,25.1
fixation,279038.02499997616,0.7082985200380024,0.39768947660923004,2.408950002569901,2.5078406082956413,317.0,1061,25.1
fixation,279388.03199994564,0.6689515312512716,0.3116937180360158,2.2968580457899304,2.380498250325521,150.0,1062,25.1
fixation,279571.36599993706,0.5385793826796792,0.3130143338983709,2.2825553200461646,2.3559389981356533,183.0,1063,25.1
fixation,279788.0369999409,0.7019092872738838,0.4024690419435501,2.3467781066894533,2.415766143798828,334.0,1064,25.1
fixation,280154.7120000124,0.7460016906261444,0.398761622607708,2.3974170684814453,2.4645118713378906,141.0,1065,25.1
fixation,280521.38399994373,0.7167160511016846,0.390883794426918,2.397747802734375,2.488323974609375,75.0,1066,25.1
fixation,280638.05099999905,0.787484847009182,0.3956730340917905,2.4528795878092446,2.5907185872395835,200.0,1067,25.1
fixation,280904.7239999771,0.24329799599945545,0.4688371308147907,2.342803955078125,2.507354736328125,133.0,1068,25.1
fixation,281054.72599995136,0.18712335653029954,0.4832408153093778,2.3019573505108175,2.4353355994591346,217.0,1069,25.1
fixation,281288.0640000105,0.23752213482345855,0.491151009287153,2.314873831612723,2.4112374441964284,125.0,1070,25.1
fixation,281754.73699998856,0.31060538068413734,0.4857558123767376,2.293748219807943,2.3775151570638022,200.0,1071,25.1
fixation,281971.40699994564,0.34544412394364676,0.4849128524462382,2.282038370768229,2.397896321614583,250.0,1072,25.1
fixation,282238.0789999962,0.3928554631196536,0.4836104752925726,2.2406522310697117,2.3343916672926683,217.0,1073,25.1
fixation,282471.41499996185,0.3798482853632707,0.4869493544101715,2.2492887056790867,2.3685138408954325,216.0,1074,25.1
fixation,282738.0870000124,0.43644278293306177,0.4832359389825301,2.303864912553267,2.4265885786576704,184.0,1075,25.1
fixation,282938.08899998665,0.4781861359422857,0.48280606215650385,2.343508633700284,2.4384626908735796,184.0,1076,25.1
fixation,283138.0939999819,0.5190208581360903,0.4800021011721004,2.349606600674716,2.429627852006392,184.0,1077,25.1
fixation,283354.76399993896,0.5560609772801399,0.48418521384398144,2.314875284830729,2.412883758544922,200.0,1078,25.1
fixation,283588.10099995136,0.6076255909034184,0.48869421652385164,2.327179681687128,2.4119982038225447,350.0,1079,25.1
fixation,283971.442999959,0.6759885102510452,0.49163437510530156,2.373640696207682,2.433965047200521,200.0,1080,25.1
fixation,284188.11199998856,0.6598796929631915,0.49313963311059134,2.3756822858537947,2.462202889578683,234.0,1081,25.1
fixation,284454.78299999237,0.7321017682552338,0.49790780544281005,2.4201995849609377,2.450836181640625,167.0,1082,25.1
fixation,284654.7889999151,0.6711674768191117,0.49769619221870715,2.3664034329927883,2.450849092923678,217.0,1083,25.1
fixation,284904.7889999151,0.7699587106704712,0.5004704485336939,2.395573933919271,2.439678955078125,258.0,1084,25.1
fixation,285304.79399991035,0.19761013984680176,0.6033874795987055,2.3588221623347354,2.517614511343149,217.0,1085,25.1
fixation,285771.46700000763,0.29145667254924773,0.583733469247818,2.3571990966796874,2.413629150390625,75.0,1086,25.1
fixation,285888.13399994373,0.2180921584367752,0.5763675173123678,2.3069788614908853,2.451878865559896,100.0,1087,25.1
fixation,286021.47200000286,0.3112412989139557,0.5754480734467506,2.308111826578776,2.4218241373697915,200.0,1088,25.1
fixation,286254.8029999733,0.3482452630996704,0.572153502702713,2.199444580078125,2.315074157714844,167.0,1089,25.1
fixation,286454.80900001526,0.42223039269447327,0.5674750208854675,2.201468573676215,2.26824951171875,150.0,1090,25.1
fixation,286638.1430000067,0.37700682486358444,0.5716024041175842,2.216327064915707,2.34126121119449,317.0,1091,25.1
fixation,286988.1469999552,0.44752782417668235,0.5760334730148315,2.277867635091146,2.3707343207465277,158.0,1092,25.1
fixation,287371.4839999676,0.44323570728302003,0.5794490337371826,2.2953887939453126,2.4002960205078123,75.0,1093,25.1
fixation,287488.1549999714,0.4884388390928507,0.5709429867565632,2.382234573364258,2.497330665588379,267.0,1094,25.1
fixation,287771.49000000954,0.5199089923075267,0.5707674281937736,2.3388824462890625,2.432798113141741,233.0,1095,25.1
fixation,288038.1599999666,0.5994533246213739,0.5725702453743328,2.2885381525213067,2.366109674627131,184.0,1096,25.1
fixation,288321.4929999113,0.6492563262581825,0.576995184024175,2.322259267171224,2.4118194580078125,200.0,1097,25.1
fixation,288554.83099997044,0.7205013563999763,0.5802213595463679,2.366021963266226,2.40347407414363,217.0,1098,25.1
fixation,288788.1660000086,0.7037709610802787,0.576830519097192,2.352294921875,2.399106706891741,117.0,1099,25.1
fixation,288938.1699999571,0.7483789714483114,0.5743996340494889,2.347851092998798,2.3818993201622596,217.0,1100,25.1
fixation,289188.17199993134,0.7988311773852298,0.5724444687366486,2.3511810302734375,2.3445016961348686,317.0,1101,25.1
fixation,289754.84299993515,0.19038316110769907,0.6906256758504443,2.313746134440104,2.4387385050455728,300.0,1102,25.1
fixation,292354.8869999647,0.3675622170170148,0.6948373168706894,2.3214619954427085,2.4239501953125,92.0,1103,25.1
fixation,292488.2229999304,0.32801274955272675,0.6970616616308689,2.3315792083740234,2.4172725677490234,134.0,1104,25.1
fixation,292671.5569999218,0.5009976489977404,0.6756468361074274,2.3266227028586646,2.4070878462357954,183.0,1105,25.1
fixation,292888.2309999466,0.5437163025140762,0.674635899066925,2.3594390869140627,2.450494384765625,167.0,1106,25.1
fixation,293071.5640000105,0.6155513096600771,0.6810296904295683,2.410480499267578,2.5091638565063477,266.0,1107,25.1
fixation,293371.56699991226,0.6663712750781666,0.6782411309805784,2.414756081321023,2.5216549960049717,183.0,1108,25.1
fixation,293588.23699998856,0.7060190414388975,0.6770541320244471,2.4170557657877603,2.502880096435547,200.0,1109,25.1
fixation,293804.9129999876,0.7408087372779846,0.6692968517541885,2.401051330566406,2.4673828125,167.0,1110,25.1
fixation,294004.9129999876,0.7880033950010935,0.6767621835072836,2.3842603895399304,2.419248792860243,150.0,1111,25.1
fixation,294204.9199999571,0.3396475613117218,0.7960797175765038,2.2943859100341797,2.4864120483398438,133.0,1112,25.1
fixation,294354.9199999571,0.29371213806527,0.7858974252428327,2.3360802786690846,2.503930228097098,233.0,1113,25.1
fixation,294621.5909999609,0.4047096577974466,0.7712128254083487,2.2768942025991588,2.419512235201322,216.0,1114,25.1
fixation,294871.5949999094,0.466373348608613,0.7631746474653482,2.2564640045166016,2.353872299194336,266.0,1115,25.1
fixation,295171.5979999304,0.5459658443927765,0.7619348198175431,2.2798080444335938,2.390611267089844,166.0,1116,25.1
fixation,295354.9359999895,0.528150200843811,0.758914087499891,2.284582955496652,2.3910369873046875,117.0,1117,25.1
fixation,295504.93699991703,0.6344518905336206,0.7727159342982552,2.3389545787464487,2.4258256392045454,183.0,1118,25.1
fixation,295721.6100000143,0.686052642762661,0.7739356718957424,2.3511810302734375,2.4372520446777344,133.0,1119,25.1
fixation,295954.94599998,0.5806026421487331,0.3004771023988724,2.3710079193115234,2.421091079711914,133.0,1120,25.1
fixation,296121.61599993706,0.49497579369280076,0.3083367231819365,2.3488701714409723,2.43011474609375,150.0,1121,25.1
fixation,296288.2849999666,0.461419446600808,0.312823881705602,2.3133612738715277,2.400449964735243,150.0,1122,25.1
fixation,296471.62000000477,0.5628301501274109,0.3081083380513721,2.278745863172743,2.354522705078125,150.0,1123,25.1
fixation,296638.2910000086,0.6523978343376746,0.3149818101754555,2.3125223013070912,2.3663834791917067,217.0,1124,25.1
fixation,296954.9629999399,0.6202360472895883,0.31403324685313483,2.346774014559659,2.402791803533381,183.0,1125,25.1
fixation,297171.63399994373,0.7200067801909014,0.31204417076977814,2.383664217862216,2.4333010586825283,183.0,1126,25.1
fixation,297371.635999918,0.7705250041825431,0.31224059207098825,2.399571736653646,2.433683122907366,358.0,1127,25.1
fixation,297921.64599990845,0.19178305605524465,0.3796640258086355,2.357226723118832,2.4899661415501644,308.0,1128,25.1
fixation,298271.64999997616,0.2796109714384737,0.39760438686814803,2.3287953343884698,2.4241427717537714,483.0,1129,25.1
fixation,298804.9919999838,0.39089607553822653,0.18300785762923105,2.327752249581473,2.456366402762277,117.0,1130,NOTRIAL
fixation,298954.9929999113,0.42669782787561417,0.13989990204572678,2.4095993041992188,2.5392398834228516,133.0,1131,NOTRIAL
fixation,299121.6629999876,0.3537661333878835,0.2693938109136763,2.418757120768229,2.542938232421875,358.0,1132,NOTRIAL
fixation,299688.33899998665,0.3607825388511022,0.2952780524889628,2.4239527384440103,2.5449244181315103,92.0,1133,NOTRIAL
fixation,299805.00899994373,0.4344336489836375,0.29200901091098785,2.5222714742024737,2.6229985555013022,200.0,1134,NOTRIAL
fixation,300038.34700000286,0.5317159622907639,0.2730902835726738,2.532733154296875,2.624803161621094,166.0,1135,NOTRIAL
fixation,300221.6819999218,0.5029057996968428,0.2741451033701499,2.426370620727539,2.5356114705403647,400.0,1136,NOTRIAL
fixation,300638.3559999466,0.5699815608561039,0.26877454444766047,2.4334266662597654,2.494890594482422,666.0,1137,NOTRIAL
fixation,301355.03299999237,0.36308741693695384,0.4809834286570549,2.394214630126953,2.5473047892252603,200.0,1138,NOTRIAL
fixation,301571.70599997044,0.3526502698659897,0.49396136328577994,2.4183998107910156,2.5444358825683593,333.0,1139,NOTRIAL
fixation,301955.04399991035,0.6187399663031101,0.5022061727941036,2.4568099975585938,2.501951217651367,134.0,1140,NOTRIAL
fixation,302105.04799997807,0.6412105432578495,0.49889941939285826,2.4252210344587053,2.494574410574777,125.0,1141,NOTRIAL
fixation,302438.3869999647,0.6187704817244881,0.481131396795574,2.4569766395970394,2.5752507259971216,308.0,1142,NOTRIAL
fixation,302771.7229999304,0.581026703119278,0.48305876417593524,2.442837801846591,2.577301025390625,183.0,1143,NOTRIAL
fixation,302971.72899997234,0.640623152256012,0.4805465952075761,2.321678950868804,2.3956498770878234,483.0,1144,NOTRIAL
fixation,303505.07099998,0.37185907860596973,0.743160198132197,2.338533189561632,2.4744449191623263,150.0,1145,NOTRIAL
fixation,303671.7359999418,0.3352141646402223,0.7441784824643817,2.4015579223632812,2.518244062151228,233.0,1146,NOTRIAL
fixation,303921.7459999323,0.37440284951166675,0.7402393005111001,2.3831967440518467,2.478812477805398,183.0,1147,NOTRIAL
fixation,304155.08099997044,0.6471177959442138,0.7418244934082031,2.3640655517578124,2.460128173828125,417.0,1148,NOTRIAL
fixation,304588.4199999571,0.6509631800651551,0.7279563236236573,2.3672021484375,2.48857177734375,416.0,1149,NOTRIAL
fixation,305038.4289999008,0.5071795692046484,0.7729799667994182,2.366593424479167,2.5086639404296873,250.0,1150,NOTRIAL
fixation,305338.43799996376,0.5445370972156525,0.34515134431421757,2.4861278533935547,2.6412582397460938,133.0,1151,NOTRIAL
fixation,305571.7739999294,0.37137509220176274,0.2442834046151903,2.5352376302083335,2.6948750813802085,150.0,1152,NOTRIAL
fixation,305738.44499993324,0.36032314598560333,0.24545744620263577,2.5105819702148438,2.6693878173828125,66.0,1153,NOTRIAL
fixation,305838.44599998,0.45044801632563275,0.2498672695623504,2.5125613742404513,2.6232808430989585,150.0,1154,NOTRIAL
fixation,306038.44900000095,0.6083870936523784,0.24365592070601202,2.4396556507457388,2.5390139493075283,183.0,1155,NOTRIAL
fixation,306255.121999979,0.6431970988831869,0.49111115787087417,2.399843541587271,2.4982035567120806,684.0,1156,NOTRIAL
fixation,306988.4729999304,0.47877403416416864,0.7207113396037709,2.3808635364879263,2.469917990944602,183.0,1157,NOTRIAL
fixation,307205.1439999342,0.5490388348698616,0.7232160617907842,2.4107398986816406,2.5284334818522134,200.0,1158,NOTRIAL
fixation,307455.1480000019,0.5536392658948899,0.44906366169452666,2.479681396484375,2.601171875,167.0,1159,NOTRIAL
fixation,307655.15299999714,0.4924015514552593,0.47448352351784706,2.4788284301757812,2.576028823852539,142.0,1160,NOTRIAL
fixation,307988.49500000477,0.5077630393207073,0.4755316097289324,2.5017871856689453,2.5743446350097656,125.0,1161,22
fixation,308155.1629999876,0.46279362236198623,0.39691433388935893,2.516353406404194,2.6296683863589636,317.0,1162,22
fixation,308505.1739999056,0.39866317411263785,0.4070918957392375,2.410486857096354,2.546795654296875,250.0,1163,22
fixation,308771.85499989986,0.43760338177283603,0.4500539576013883,2.3753344217936196,2.4981676737467446,200.0,1164,22
fixation,308988.5180000067,0.45392133614846636,0.4752640670963696,2.360924857003348,2.4786202566964284,233.0,1165,22
fixation,309238.52799999714,0.4921443334647587,0.44748360557215555,2.377093723842076,2.492352076939174,233.0,1166,22
fixation,309505.1969999075,0.4595918863318687,0.47785118672736854,2.3891867704169694,2.4939294859420422,717.0,1167,22
fixation,310238.5460000038,0.4766213919379209,0.46360498137379946,2.3264652051423726,2.4494213305021586,1266.0,1168,22
fixation,311521.9009999037,0.4983114078640938,0.4578498564660549,2.339527130126953,2.423065185546875,75.0,1169,22
fixation,311855.2389999628,0.4323201637182917,0.4288671442440578,2.457592010498047,2.5691065107073103,467.0,1170,22
fixation,312355.2459999323,0.49655113245050114,0.37899134928981465,2.382177988688151,2.4410425821940103,200.0,1171,22
fixation,312571.9199999571,0.48099757730960846,0.3798386096954346,2.402235412597656,2.4740692138671876,167.0,1172,22
fixation,312771.92299997807,0.564179046286477,0.4317477759387758,2.4355875651041665,2.5048709445529513,150.0,1173,22
fixation,312955.25899994373,0.5652013868093491,0.5691767409443855,2.420398712158203,2.4938488006591797,134.0,1174,22
fixation,313121.9279999733,0.5366496288258097,0.5782482727714207,2.472124182659647,2.58436451787534,383.0,1175,22
fixation,313521.9319999218,0.5944172781567241,0.6050778343233951,2.435102950694949,2.5643541202988733,717.0,1176,22
fixation,314271.9469999075,0.5338182286782698,0.6014067476445978,2.4118166836825283,2.5612543279474433,191.0,1177,22
fixation,314688.62399995327,0.4164378983633859,0.7175739364964622,2.4212123325892856,2.6038665771484375,116.0,1178,22
fixation,314821.9579999447,0.39421628280119464,0.7165681448849764,2.456509676846591,2.6228166060014204,183.0,1179,22
fixation,315021.9620000124,0.43262352559127304,0.7057772741505974,2.356337697882401,2.4615346005088403,633.0,1180,22
fixation,315671.9699999094,0.4562936211004853,0.7092797327786684,2.276270866394043,2.39239501953125,267.0,1181,22
fixation,315955.30900001526,0.4450059874190225,0.713552698161867,2.323583984375,2.4540079752604167,750.0,1182,22
fixation,316738.65299999714,0.4140901288815907,0.9305073533739362,2.336104256766183,2.571770804268973,233.0,1183,22
fixation,317005.32400000095,0.5043429566754235,0.9128829571935866,2.421212090386285,2.588838365342882,150.0,1184,22
fixation,317188.65799999237,0.5515558454725478,0.9084025588300493,2.436375935872396,2.5279473198784723,150.0,1185,22
fixation,317371.99500000477,0.6034528613090515,0.9078456640243531,2.44061279296875,2.5230438232421877,83.0,1186,22
fixation,317488.6619999409,0.4358043395555936,0.9030086535673875,2.3847867525540867,2.5631995567908654,216.0,1187,22
fixation,317721.99799990654,0.4191351224978765,0.8945268094539642,2.371373494466146,2.5593556722005206,250.0,1188,22
fixation,317988.66899991035,0.39234688381354016,0.8952911297480265,2.3514989217122397,2.499415079752604,100.0,1189,22
fixation,318105.3370000124,0.3725703795041357,0.8898431722606931,2.3345936366489957,2.5022147042410716,233.0,1190,22
fixation,318372.00599992275,0.4299012005329132,0.7101200139522552,2.3517523193359375,2.4385986328125,417.0,1191,22
fixation,318805.34700000286,0.4095106959342957,0.7042372465133667,2.323048400878906,2.428271484375,166.0,1192,22
fixation,318988.6829999685,0.4296904610736029,0.6989533688340869,2.2928739275251115,2.4002042497907365,233.0,1193,22
fixation,319238.68699991703,0.4385606336593628,0.6894399631023407,2.273211669921875,2.3840087890625,417.0,1194,22
fixation,319672.02499997616,0.45290626133425854,0.696666346507126,2.29345977440309,2.3916171641831987,1484.0,1195,22
fixation,321172.0499999523,0.4775556894019246,0.6944663766771555,2.284585952758789,2.368410110473633,267.0,1196,22
fixation,321455.38800001144,0.49297421276569364,0.6926577150821686,2.29451904296875,2.3737945556640625,91.0,1197,22
fixation,321788.7279999256,0.5715529024600983,0.4188161641359329,2.4130477905273438,2.464998245239258,125.0,1198,22
fixation,321938.72999989986,0.5909081637859345,0.39750528782606126,2.449696350097656,2.503855895996094,167.0,1199,22
fixation,322138.73299992085,0.5832463417734418,0.4985748273985727,2.361504690987723,2.420536586216518,117.0,1200,22
fixation,322305.4019999504,0.4462831981720463,0.6815561123432652,2.2648108697706655,2.3572584582913305,516.0,1201,22
fixation,322838.746999979,0.4588569376398535,0.6895500395227881,2.2710970710305607,2.3581455455106846,1133.0,1202,22
fixation,323988.760999918,0.4884254187345505,0.6872029712325648,2.283156545538651,2.3777337325246712,317.0,1203,22
fixation,324338.7689999342,0.4074527248740196,0.6987774719794592,2.2873509724934897,2.3990135192871094,200.0,1204,22
fixation,324555.439999938,0.4398564228581058,0.6912008648117384,2.3061870998806424,2.398487514919705,608.0,1205,22
fixation,325338.7849999666,0.5910132229328156,0.4478722725595747,2.346045357840402,2.390655517578125,117.0,1206,22
fixation,325605.45599997044,0.5191485754081181,0.9021613895893097,2.3258209228515625,2.448274884905134,108.0,1207,22
fixation,325755.4539999962,0.608604976109096,0.8884471484592983,2.379819597516741,2.474057878766741,124.0,1208,22
fixation,326105.45999991894,0.4867729211137408,0.3746948873712903,2.3784942626953125,2.4774562290736606,342.0,1209,22
fixation,326555.4629999399,0.4996172943049007,0.47935907542705536,2.3228886922200522,2.434170193142361,300.0,1210,FIX_CROS
fixation,326905.4659999609,0.4188603570586757,0.35350335036453445,2.377920853464227,2.5122182745682564,316.0,1211,FIX_CROS
fixation,327255.46799993515,0.4933944321595706,0.4216229319572449,2.4300736647385817,2.53524897648738,216.0,1212,22.2
fixation,327505.4729999304,0.35373320430517197,0.4749731533229351,2.452564239501953,2.6107940673828125,66.0,1213,22.2
fixation,327605.4739999771,0.3229096035162608,0.489178791642189,2.474522908528646,2.6187201605902777,150.0,1214,22.2
fixation,327788.8069999218,0.3672726333141327,0.48855758607387545,2.5067535400390626,2.6227996826171873,83.0,1215,22.2
fixation,327905.47599995136,0.4221370763012341,0.488458266215665,2.4505626133510043,2.560469491141183,233.0,1216,22.2
fixation,328172.1469999552,0.4953773147784747,0.4877350502289258,2.4244701678936296,2.5118572528545675,217.0,1217,22.2
fixation,328422.1480000019,0.5670528059655969,0.4810768189755353,2.4595087224786933,2.5331573486328125,184.0,1218,22.2
fixation,328638.817999959,0.6113223850727081,0.4890299290418625,2.438646443684896,2.522242228190104,500.0,1219,22.2
fixation,329155.4889999628,0.6359120164368604,0.4897506446451754,2.35307147051837,2.43105378022065,616.0,1220,22.2
fixation,329788.8269999027,0.6587600315159018,0.48391966183077206,2.316035183993253,2.4021190296519888,367.0,1221,22.2
fixation,330172.1660000086,0.6696530994441774,0.4879051504863633,2.312623765733507,2.377854241265191,300.0,1222,22.2
fixation,330488.84200000763,0.6744452771302816,0.49079017502230565,2.3646796973975928,2.4235992431640625,625.0,1223,22.2
fixation,331288.84999990463,0.6824559477659372,0.49374327522057754,2.4271521935096154,2.486493624173678,217.0,1224,22.2
fixation,331722.19099998474,0.6651921974761146,0.4916376067059381,2.4386378696986606,2.5062125069754466,234.0,1225,22.2
fixation,331988.86199998856,0.5075228901013084,0.48527665177117224,2.3575452721637227,2.43309153681216,383.0,1226,22.2
fixation,332422.20599997044,0.6734415628015995,0.4902897784486413,2.3197126388549805,2.3628969192504883,275.0,1227,22.2
fixation,332888.8789999485,0.6737688122124508,0.4912441747969595,2.4599451525457976,2.505011722959321,483.0,1228,22.2
fixation,333605.5529999733,0.6861088887641305,0.4933541448492753,2.382512142783717,2.4348080283717106,308.0,1229,22.2
fixation,333972.22899997234,0.446861055764285,0.4926557391881943,2.3213958740234375,2.4076080322265625,184.0,1230,22.2
fixation,334188.8969999552,0.3475881842896342,0.49363047257065773,2.2620620727539062,2.3634376525878906,267.0,1231,22.2
fixation,334472.2359999418,0.41515578223126276,0.48617920918124063,2.273653302873884,2.341916765485491,234.0,1232,22.2
fixation,334738.90799999237,0.48734621951977414,0.4706675459941228,2.225419362386068,2.345198313395182,200.0,1233,22.2
fixation,334955.5749999285,0.47114768624305725,0.4844792087872823,2.270599365234375,2.3538750542534723,150.0,1234,22.2
fixation,335155.5799999237,0.6706717796623707,0.481278408318758,2.3191776275634766,2.380849838256836,141.0,1235,22.2
fixation,335555.58599996567,0.6627862989902497,0.4803609520196915,2.350775146484375,2.42476806640625,75.0,1236,22.2
fixation,335655.5879999399,0.6873108635346095,0.4948521579305331,2.399305216471354,2.476745096842448,500.0,1237,22.2
fixation,336238.9329999685,0.5140504837036133,0.2838279927770297,2.3124364217122397,2.3974456787109375,100.0,1238,NOTRIAL
fixation,336372.2659999132,0.3976910263299942,0.2195696458220482,2.3716522216796876,2.48975830078125,84.0,1239,NOTRIAL
fixation,336488.93699991703,0.41385336385832894,0.15004516972435844,2.418577406141493,2.5372416178385415,150.0,1240,NOTRIAL
fixation,336672.27099990845,0.5376294390721754,0.13981389863924545,2.4646842262961646,2.5487865101207388,184.0,1241,NOTRIAL
fixation,336888.94199991226,0.5833568423986435,0.1302581108175218,2.4102115631103516,2.4821128845214844,133.0,1242,NOTRIAL
fixation,337055.6109999418,0.6037646412849427,0.2535850778222084,2.39178466796875,2.460205078125,83.0,1243,NOTRIAL
fixation,337155.6139999628,0.6446590895454088,0.2705562226474285,2.4312400817871094,2.5203857421875,200.0,1244,NOTRIAL
fixation,337372.28299999237,0.6275035275353326,0.27262692484590745,2.483393351236979,2.590877956814236,158.0,1245,NOTRIAL
fixation,337772.2889999151,0.5894828140735626,0.27233742773532865,2.4312744140625,2.537103271484375,76.0,1246,NOTRIAL
fixation,337872.2889999151,0.5561062147219976,0.2706831445296605,2.4608357747395835,2.5681991577148438,100.0,1247,NOTRIAL
fixation,338005.625,0.3924945056438446,0.26624545753002166,2.4825225830078126,2.6174468994140625,83.0,1248,NOTRIAL
fixation,338122.2919999361,0.3566717353338997,0.27023192852114636,2.357708295186361,2.430851618448893,800.0,1249,NOTRIAL
fixation,338938.97200000286,0.37820993221941446,0.2665323423487799,2.351111275809152,2.4384300595238093,350.0,1250,NOTRIAL
fixation,339305.64599990845,0.34727876881758374,0.266651913523674,2.337519327799479,2.4458084106445312,200.0,1251,NOTRIAL
fixation,339538.9859999418,0.4457041069865227,0.27975938022136687,2.317393493652344,2.390985107421875,167.0,1252,NOTRIAL
fixation,339722.31999993324,0.43217126131057737,0.27353461384773253,2.2865142822265625,2.37034912109375,167.0,1253,NOTRIAL
fixation,339955.65699994564,0.3731660880148411,0.47709828056395054,2.297149658203125,2.372203826904297,133.0,1254,NOTRIAL
fixation,340105.6599999666,0.3513389825820923,0.49980342388153076,2.3212860107421873,2.422654215494792,258.0,1255,NOTRIAL
fixation,340622.33499991894,0.37128972820937634,0.4995723869651556,2.322450637817383,2.4080677032470703,125.0,1256,NOTRIAL
fixation,340772.33599996567,0.35250175113861376,0.5037345485045359,2.35232426570012,2.4654775766225963,216.0,1257,NOTRIAL
fixation,341039.0029999018,0.6216263987801292,0.4821944697336717,2.275357333096591,2.3036332563920454,184.0,1258,NOTRIAL
fixation,341239.0080000162,0.6389414055479897,0.4894144924150573,2.2350090874565973,2.286365932888455,300.0,1259,NOTRIAL
fixation,341555.68400001526,0.6624400878653807,0.49104852623799267,2.2692808263442097,2.3162375057444855,283.0,1260,NOTRIAL
fixation,341872.3529999256,0.5888838072617849,0.47937584751182133,2.2762875027126737,2.3377549913194446,150.0,1261,NOTRIAL
fixation,342039.0239999294,0.5747891558068139,0.4761501284582274,2.278426034109933,2.3366971697126115,234.0,1262,NOTRIAL
fixation,342305.6940000057,0.5077355176210403,0.4675215855240822,2.2698333740234373,2.366229248046875,175.0,1263,NOTRIAL
fixation,342705.6999999285,0.3714967022339503,0.7321558097998301,2.2960611979166665,2.4057718912760415,92.0,1264,NOTRIAL
fixation,342822.3679999113,0.3365001541872819,0.7543908953666687,2.3797950744628906,2.4743550618489585,200.0,1265,NOTRIAL
fixation,343039.0419999361,0.358523765206337,0.7474769532680512,2.356976318359375,2.447357177734375,84.0,1266,NOTRIAL
fixation,343139.04299998283,0.38241628218780865,0.7337360463359139,2.2546580921519888,2.348082108931108,184.0,1267,NOTRIAL
fixation,343389.04299998283,0.5573538669518062,0.4890329028878893,2.1837855747767856,2.2606310163225447,117.0,1268,NOTRIAL
fixation,343522.38099992275,0.5704362077845467,0.4870414874619908,2.23130120171441,2.3188773261176214,300.0,1269,NOTRIAL
fixation,343872.3869999647,0.37339063319895005,0.7059431672096252,2.276026407877604,2.393091837565104,150.0,1270,NOTRIAL
fixation,344039.0559999943,0.35705891996622086,0.7335455864667892,2.296344757080078,2.402444839477539,134.0,1271,NOTRIAL
fixation,344222.3930000067,0.6478297790655723,0.732076261479121,2.3704872131347656,2.4524181072528544,866.0,1272,NOTRIAL
fixation,345139.0749999285,0.524741781609399,0.5032612809113094,2.3714381626674106,2.455632890973772,234.0,1273,FIX_CROS
fixation,345405.7459999323,0.49050865538658633,0.4652235507965088,2.4266470632245465,2.5600457960559475,525.0,1274,FIX_CROS
fixation,346222.4289999008,0.49390683737066055,0.47070174747043186,2.4912889268663196,2.6166568332248263,150.0,1275,22.1
fixation,346422.43400001526,0.3190770149230957,0.4280463233590126,2.560810089111328,2.714183807373047,66.0,1276,22.1
fixation,346505.7699999809,0.24895653698374243,0.40037866199717803,2.470316269818474,2.600468355066636,283.0,1277,22.1
fixation,346822.4440000057,0.33304066956043243,0.40080932527780533,2.3889007568359375,2.4829940795898438,66.0,1278,22.1
fixation,346922.44499993324,0.4743991117267048,0.39607983301667604,2.330064661362592,2.3959503173828125,283.0,1279,22.1
fixation,347305.7839999199,0.3749986014195851,0.39951674001557486,2.3755994524274553,2.4782191685267856,117.0,1280,22.1
fixation,347455.78999996185,0.2899402305483818,0.3978311259831701,2.427779061453683,2.518923078264509,233.0,1281,22.1
fixation,347705.7960000038,0.25557419192045927,0.39550786279141903,2.4300413131713867,2.5132980346679688,267.0,1282,22.1
fixation,347989.13800001144,0.3156462175150712,0.3996824622154236,2.383258819580078,2.4719149271647134,200.0,1283,22.1
fixation,348222.47499990463,0.3755100481212139,0.40206157974898815,2.366792678833008,2.441068649291992,141.0,1284,22.1
fixation,348622.4819999933,0.43355327738182886,0.39840720168181826,2.429753984723772,2.5312903267996654,233.0,1285,22.1
fixation,348872.49000000954,0.47948258031498303,0.4001175110990351,2.4034562544389204,2.511355313387784,183.0,1286,22.1
fixation,349089.1589999199,0.5326112038210818,0.3953466062483035,2.3077938682154606,2.3628925524259867,317.0,1287,22.1
fixation,349422.50199997425,0.5167480707168579,0.4009939456979434,2.326044718424479,2.382837931315104,100.0,1288,22.1
fixation,349555.8370000124,0.6141333281993866,0.402513977317583,2.35195559547061,2.4249122256324407,350.0,1289,22.1
fixation,349939.1789999008,0.6769165247678757,0.4020697232335806,2.381267547607422,2.452789306640625,134.0,1290,22.1
fixation,350089.1829999685,0.6458035349845886,0.40346795320510864,2.342606608072917,2.4273050944010417,250.0,1291,22.1
fixation,350355.85499989986,0.6951990510736193,0.3996416819947107,2.338690621512277,2.430300031389509,125.0,1292,22.1
fixation,350672.52799999714,0.7518952720695071,0.3980376323064168,2.3726569281684027,2.461944580078125,142.0,1293,22.1
fixation,350839.19499993324,0.739397332072258,0.39428355048100155,2.4167098999023438,2.5106074015299478,100.0,1294,22.1
fixation,351005.86500000954,0.37925501763820646,0.3977436497807503,2.3688430786132812,2.5030975341796875,167.0,1295,22.1
fixation,351189.2019999027,0.3683157478060041,0.3966241606644222,2.305138724190848,2.426786150251116,117.0,1296,22.1
fixation,351322.53999996185,0.2792719602584839,0.39574512200696127,2.2995474679129466,2.397123064313616,233.0,1297,22.1
fixation,351572.5419999361,0.23832996496382883,0.397105674533283,2.300340540268842,2.359527587890625,283.0,1298,22.1
fixation,351889.2120000124,0.3202940842935017,0.4057897872158459,2.2635934012276784,2.347485133579799,234.0,1299,22.1
fixation,352155.885999918,0.3745150024240667,0.4019088270989331,2.2686614990234375,2.361447420987216,183.0,1300,22.1
fixation,352355.8899999857,0.42416525483131406,0.3990014255046844,2.303533935546875,2.3797058105468745,83.0,1301,22.1
fixation,352572.5579999685,0.6383248037762113,0.4051160050763024,2.394955105251736,2.4555596245659723,150.0,1302,22.1
fixation,352739.22899997234,0.5741518948759351,0.40207065641880035,2.379551478794643,2.4482247488839284,117.0,1303,22.1
fixation,352872.564999938,0.5284847021102905,0.40720963809225297,2.3995564778645835,2.453770955403646,150.0,1304,22.1
fixation,353055.8989999294,0.6544915654442527,0.40292770754207263,2.3601545854048296,2.441712812943892,183.0,1305,22.1
fixation,353255.9009999037,0.6251763674345884,0.40151298317042267,2.3577950217507104,2.4145355224609375,183.0,1306,22.1
fixation,353472.5719999075,0.6943915098905563,0.4018435195088387,2.3689865112304687,2.4453689575195314,174.0,1307,22.1
fixation,353822.5789999962,0.6032121011189052,0.4028990588017872,2.375885009765625,2.461395263671875,108.0,1308,22.1
fixation,353955.91499996185,0.6393262296915054,0.404731643696626,2.446904500325521,2.5209948221842446,200.0,1309,22.1
fixation,354189.2529999018,0.7395643166133335,0.3947244648422514,2.3643929617745534,2.4318629673549106,234.0,1310,22.1
fixation,354439.25599992275,0.7823053697745005,0.3914617324868838,2.3361282348632812,2.3858057657877603,100.0,1311,22.1
fixation,354605.9249999523,0.22293543176991598,0.4857623853853771,2.3160814557756697,2.4332493373325894,117.0,1312,22.1
fixation,354739.25999999046,0.17167109437286854,0.4812684915959835,2.311964670817057,2.4413121541341147,200.0,1313,22.1
fixation,354972.59599995613,0.2714909132983949,0.49375204576386345,2.331480238172743,2.448084513346354,158.0,1314,22.1
fixation,355339.26699995995,0.31873661031325656,0.48506496846675873,2.2863006591796875,2.3870976765950522,192.0,1315,22.1
fixation,355555.9390000105,0.3482213380436103,0.49328820407390594,2.3516387939453125,2.447931925455729,200.0,1316,22.1
fixation,355789.2759999037,0.4168318158813885,0.4915395975112915,2.264550345284598,2.370680672781808,234.0,1317,22.1
fixation,356039.28199994564,0.45891861120859784,0.4889862077931563,2.2663167317708335,2.368584950764974,200.0,1318,22.1
fixation,356272.61899995804,0.53097219358791,0.4967059994285757,2.3275090997869317,2.4085845947265625,183.0,1319,22.1
fixation,356472.6209999323,0.5109758625427882,0.4999579166372617,2.350529988606771,2.4435628255208335,100.0,1320,22.1
fixation,356605.95700001717,0.5924514898887048,0.5037523129811654,2.3756619966947117,2.479108370267428,217.0,1321,22.1
fixation,356855.95999991894,0.6321473252028227,0.498763132840395,2.4199752807617188,2.513866424560547,267.0,1322,22.1
fixation,357155.9659999609,0.6943054015819843,0.49448708960643184,2.4178689809945912,2.504138653094952,217.0,1323,22.1
fixation,357389.2989999056,0.7369520935145292,0.4856960326433182,2.4002505215731533,2.4637617631392046,184.0,1324,22.1
fixation,357605.9729999304,0.785364423195521,0.48867622117201487,2.3834330240885415,2.4431772867838544,250.0,1325,22.1
fixation,357889.3109999895,0.816240926583608,0.48761586596568424,2.357640584309896,2.4008153279622397,100.0,1326,22.1
fixation,358039.3140000105,0.43622598610818386,0.5593552999198437,2.2748165130615234,2.3692970275878906,134.0,1327,22.1
fixation,358205.9819999933,0.3935573920607567,0.566394180059433,2.2567469278971353,2.3610738118489585,100.0,1328,22.1
fixation,358339.3190000057,0.4749462127685547,0.557094618678093,2.2619415283203126,2.3570571899414063,167.0,1329,22.1
fixation,358539.31999993324,0.533018296957016,0.5637704133987427,2.24886474609375,2.335943603515625,84.0,1330,22.1
fixation,358639.32099998,0.5859285021821657,0.5709495271245638,2.270806630452474,2.3791325887044272,200.0,1331,22.1
fixation,358855.99000000954,0.6139094680547714,0.5710495188832283,2.292133331298828,2.378082275390625,75.0,1332,22.1
fixation,359189.33099997044,0.5125736246506373,0.5682902998394437,2.3004319932725696,2.4033660888671875,151.0,1333,22.1
fixation,359372.66799998283,0.4547681595597948,0.575948315007346,2.3668528965541293,2.5238048008510043,233.0,1334,22.1
fixation,359639.33599996567,0.5054992263515791,0.5654984240730604,2.2729161580403647,2.3926264444986978,208.0,1335,22.1
fixation,360139.34599995613,0.649459645152092,0.5557975918054581,2.3017921447753906,2.361614227294922,66.0,1336,22.1
fixation,360239.34700000286,0.5761713087558746,0.5607638023793697,2.3430442810058594,2.453397750854492,133.0,1337,22.1
fixation,360406.01699995995,0.4556464885964113,0.3979695264030905,2.366791669060202,2.4549488740808822,284.0,1338,22.1
fixation,360722.68799996376,0.3902400940656662,0.27912681847810744,2.3594924926757814,2.4485809326171877,167.0,1339,NOTRIAL
fixation,360906.0259999037,0.3559737950563431,0.276147999590443,2.334407683341734,2.4262173560357865,517.0,1340,NOTRIAL
fixation,361439.3709999323,0.37729516439139843,0.2684029871597886,2.3061914443969727,2.4146270751953125,266.0,1341,NOTRIAL
fixation,361756.0389999151,0.3588997423648834,0.49600197940037166,2.336231626313308,2.4496996649380387,484.0,1342,NOTRIAL
fixation,362256.04799997807,0.3487809361780391,0.503467940232333,2.366991828469669,2.4743885713465072,284.0,1343,NOTRIAL
fixation,362556.0529999733,0.36037898334589874,0.4882812581279061,2.361959284002131,2.484469327059659,184.0,1344,NOTRIAL
fixation,362772.7239999771,0.356010768810908,0.7419958889484406,2.3737335205078125,2.4661865234375,250.0,1345,NOTRIAL
fixation,363039.3930000067,0.33734507723288104,0.7446512959220193,2.415650801225142,2.497383811257102,183.0,1346,NOTRIAL
fixation,363239.3980000019,0.3744417346186108,0.7343394756317139,2.3675062391493054,2.452668931749132,150.0,1347,NOTRIAL
fixation,363439.4009999037,0.6493570854266485,0.7329713693923421,2.3771695031060114,2.4485755496554904,1200.0,1348,NOTRIAL
fixation,364689.4210000038,0.5225797779858112,0.35683867521584034,2.4503421783447266,2.554811477661133,133.0,1349,NOTRIAL
fixation,364856.09299993515,0.42567502707242966,0.257959321141243,2.425189971923828,2.5990142822265625,67.0,1350,NOTRIAL
fixation,364956.09200000763,0.3580756336450577,0.24160339600510067,2.422388712565104,2.5899505615234375,150.0,1351,NOTRIAL
fixation,365139.4279999733,0.44162705327783314,0.24845631846359797,2.4161812918526784,2.5403028215680803,116.0,1352,NOTRIAL
fixation,365306.09700000286,0.5786710580190023,0.24013989667097727,2.382559882269965,2.477238972981771,150.0,1353,NOTRIAL
fixation,365489.4359999895,0.6475622824260167,0.24179042450019292,2.3705226353236606,2.4324537004743303,116.0,1354,NOTRIAL
fixation,365656.10499989986,0.3781103106836478,0.4850708469748497,2.3335049947102866,2.422626495361328,200.0,1355,NOTRIAL
fixation,365889.442999959,0.35558482540978326,0.4934730009900199,2.3714402940538193,2.469473605685764,750.0,1356,NOTRIAL
fixation,366689.46399998665,0.5121711418032646,0.6575274765491486,2.337169647216797,2.3861923217773438,66.0,1357,NOTRIAL
fixation,366789.4659999609,0.4776814498684623,0.7227691628716209,2.332339200106534,2.4100175337357954,183.0,1358,NOTRIAL
fixation,366989.47099995613,0.5497809072335561,0.720625388622284,2.408807373046875,2.5017903645833335,250.0,1359,NOTRIAL
fixation,367289.4769999981,0.5200918987393379,0.4475997406989336,2.4469528198242188,2.4966297149658203,133.0,1360,NOTRIAL
fixation,367439.4819999933,0.4937865599989891,0.48375159204006196,2.3819427490234375,2.493852233886719,174.0,1361,NOTRIAL
fixation,367822.8249999285,0.5039183284555163,0.48578277017389027,2.368859427315848,2.4947662353515625,109.0,1362,3
fixation,367972.8269999027,0.45641542805565727,0.3744976454310947,2.442106458875868,2.5672454833984375,150.0,1363,3
fixation,368139.49899995327,0.3952212885898702,0.30758288327385397,2.4315598431755516,2.541463515337776,283.0,1364,3
fixation,368456.17199993134,0.4321957785974849,0.3070835755629973,2.3929914994673296,2.4871951016512783,184.0,1365,3
fixation,368656.17699992657,0.395037579536438,0.3122235149145126,2.3726898193359376,2.4788543701171877,84.0,1366,3
fixation,368756.1779999733,0.37988940423185175,0.3096947141669013,2.365414706143466,2.4645038951526987,184.0,1367,3
fixation,368956.1829999685,0.4137151274416182,0.30967168013254803,2.4003363715277777,2.4840257432725696,150.0,1368,3
fixation,369122.85399997234,0.4378411382436752,0.3114410718282064,2.426131184895833,2.51910400390625,250.0,1369,3
fixation,369406.19599998,0.47715780990464346,0.3190223681075232,2.4439479282924106,2.5408761160714284,125.0,1370,3
fixation,369706.20299994946,0.5080340772867202,0.2874336063861847,2.5173248291015624,2.6247467041015624,159.0,1371,3
fixation,369889.5410000086,0.5431496600310007,0.289312648276488,2.5830357869466147,2.6985804239908853,100.0,1372,3
fixation,370006.2089999914,0.4989322394132614,0.2963014006614685,2.464769744873047,2.587523651123047,334.0,1373,3
fixation,370422.88499999046,0.5446774566715414,0.2951271439140493,2.342630559747869,2.4564555775035513,367.0,1374,3
fixation,370806.22499990463,0.583620305124082,0.2927566131478862,2.3674300344366777,2.4830739874588814,317.0,1375,3
fixation,371139.56299996376,0.6203258285919825,0.296721904228131,2.3880335489908853,2.5044759114583335,200.0,1376,3
fixation,371372.90299999714,0.4040131513029337,0.3224391620606184,2.3776912689208984,2.492788314819336,133.0,1377,3
fixation,371522.90399992466,0.3846635619799296,0.32109277198712033,2.3803304036458335,2.5133883158365884,200.0,1378,3
fixation,371739.57799994946,0.4319528713822365,0.31888388593991596,2.4020957946777344,2.5224456787109375,200.0,1379,3
fixation,371956.24399995804,0.41703188233077526,0.31464314833283424,2.356485366821289,2.5043182373046875,142.0,1380,3
fixation,372506.2539999485,0.4966466161939833,0.3081485960218642,2.43837653266059,2.5524478488498263,142.0,1381,3
fixation,372672.9249999523,0.5402181650462904,0.31326739646886526,2.4425153230365955,2.5324209112870064,317.0,1382,3
fixation,373022.92999994755,0.578514352440834,0.3103859318154199,2.278430938720703,2.3543488638741628,467.0,1383,3
fixation,373506.2730000019,0.625727167725563,0.31089456379413605,2.3173782348632814,2.410816955566406,167.0,1384,3
fixation,373706.2769999504,0.4863200470805168,0.3443470999598503,2.318925476074219,2.4499603271484376,167.0,1385,3
fixation,373889.61199998856,0.455753693455144,0.3424226249519147,2.3402637682462992,2.5108634547183386,316.0,1386,3
fixation,374222.94900000095,0.49483659739295643,0.3378463238477707,2.3596343994140625,2.5045814514160156,200.0,1387,3
fixation,374439.6209999323,0.5321739432604417,0.33884766957034235,2.3642087190047554,2.4776617962381113,383.0,1388,3
fixation,374856.29399991035,0.4558610354478543,0.29848030782662904,2.34500004695012,2.487255389873798,217.0,1389,3
fixation,375089.62999999523,0.48770559231440225,0.2948590030272802,2.3671946207682293,2.462150065104167,250.0,1390,3
fixation,375372.9689999819,0.5543254857713525,0.28980054638602515,2.35260009765625,2.422676780007102,183.0,1391,3
fixation,375572.9729999304,0.6007851089040438,0.28696712603171665,2.345556894938151,2.4083633422851562,200.0,1392,3
fixation,375789.6409999132,0.5832013413310051,0.28499600663781166,2.325246810913086,2.406614303588867,133.0,1393,3
fixation,375956.31199991703,0.3768834878097881,0.31507700275291095,2.3161149458451704,2.4055120294744317,184.0,1394,3
fixation,376172.9809999466,0.4299921790758769,0.31424927338957787,2.324579874674479,2.408026377360026,208.0,1395,3
fixation,376522.9859999418,0.501860169072946,0.3188721140225728,2.3312861124674478,2.419591267903646,192.0,1396,3
fixation,376739.65799999237,0.538023109237353,0.3171640547613303,2.3743553161621094,2.4391441345214844,200.0,1397,3
fixation,376956.3299999237,0.574695500460538,0.3177775727076964,2.310097434303977,2.3709300648082388,184.0,1398,3
fixation,377156.3289999962,0.6143776079018911,0.31971400578816733,2.2756998697916666,2.3594980875651044,251.0,1399,3
fixation,377439.66899991035,0.4604406838907915,0.34562039813574624,2.3155544505399814,2.4434931137982536,283.0,1400,3
fixation,377756.33899998665,0.5003178790211678,0.345961794257164,2.353717041015625,2.4976898193359376,166.0,1401,3
fixation,377939.6739999056,0.5337618176753705,0.34353674260469585,2.3435903695913463,2.472643338716947,217.0,1402,3
fixation,378189.6829999685,0.4469176910140298,0.38442000204866583,2.3371942693536933,2.4740101207386362,183.0,1403,3
fixation,378389.6829999685,0.4832274615764618,0.3833373017035998,2.35098383976863,2.466106708233173,217.0,1404,3
fixation,378639.6859999895,0.5349792052399028,0.3844670910726894,2.363687688654119,2.4589483087713067,183.0,1405,3
fixation,378839.69199991226,0.5002192637095084,0.382668300316884,2.345464853140024,2.453857421875,217.0,1406,3
fixation,379073.0259999037,0.48599000394344327,0.39620206952095033,2.34273193359375,2.4281524658203124,417.0,1407,3
fixation,379506.3669999838,0.5229833759367466,0.40581585094332695,2.3360462188720703,2.4155197143554688,133.0,1408,3
fixation,379689.7019999027,0.47974420463045436,0.4077564713855584,2.3257878621419272,2.432450612386068,200.0,1409,3
fixation,379906.37299990654,0.5041004506980672,0.4069726800217348,2.3308168299057903,2.4311370849609375,283.0,1410,3
fixation,380223.04399991035,0.5274990028456638,0.4041047802096919,2.3354949951171875,2.40557861328125,325.0,1411,3
fixation,380739.7199999094,0.5298218846321106,0.4227027326822281,2.3178985595703123,2.439007568359375,75.0,1412,3
fixation,380856.385999918,0.4960823199328254,0.4976450879784191,2.3434861127068016,2.482867072610294,283.0,1413,3
fixation,381173.0579999685,0.5674276947975159,0.5132299453020096,2.3154006958007813,2.4320556640625,167.0,1414,3
fixation,381373.0640000105,0.5030698957187789,0.6037250310182571,2.231988089425223,2.355299813406808,234.0,1415,3
fixation,381656.40299999714,0.443124420940876,0.8952682539820671,2.3038101196289062,2.418468475341797,66.0,1416,3
fixation,381756.4049999714,0.37079817056655884,0.9050588041543961,2.2919921874999996,2.4375274658203123,166.0,1417,3
fixation,381939.74000000954,0.4118337465657128,0.8870039284229279,2.3306087917751737,2.439456515842014,150.0,1418,3
fixation,382139.74399995804,0.4758618865162134,0.8813857361674309,2.3092269897460938,2.3819503784179688,133.0,1419,3
fixation,382289.746999979,0.5164924643256448,0.8791405666958202,2.26795820756392,2.351437655362216,183.0,1420,3
fixation,382506.4139999151,0.5590827200147841,0.8829421500364939,2.3112301296657987,2.379608154296875,150.0,1421,3
fixation,382673.0870000124,0.6005414678500249,0.8832667905550736,2.345127986027644,2.4112396240234375,225.0,1422,3
fixation,383223.09599995613,0.5051333258549372,0.4546472711695565,2.4209103054470487,2.5294342041015625,150.0,1423,3
fixation,383406.4329999685,0.4918321631848812,0.367312037696441,2.449598948160807,2.557530721028646,200.0,1424,3
fixation,383756.43799996376,0.4146509278904308,0.8675250871614977,2.304923317649148,2.4279438365589487,183.0,1425,3
fixation,383956.44199991226,0.46199463307857513,0.8721845224499702,2.348588307698568,2.484045664469401,200.0,1426,3
fixation,384173.1109999418,0.5134276946385702,0.8735978106657664,2.4010340372721353,2.5381088256835938,108.0,1427,3
fixation,384506.4519999027,0.5775051547421349,0.8883028229077657,2.365483601888021,2.502405802408854,142.0,1428,3
fixation,384706.45599997044,0.5022657886147499,0.5952684581279755,2.411937713623047,2.5376129150390625,74.0,1429,3
fixation,384989.79299998283,0.4111491782324655,0.28393266456467764,2.4155164446149553,2.5960845947265625,109.0,1430,3
fixation,385139.7960000038,0.3934365494383706,0.30680255757437813,2.470887925889757,2.631196763780382,150.0,1431,3
fixation,385306.46499991417,0.43175862605373067,0.3312968636552493,2.4014549255371094,2.5442886352539062,200.0,1432,3
fixation,385539.80199992657,0.4813370956107974,0.3241758234798908,2.305318832397461,2.413884162902832,267.0,1433,3
fixation,385839.8059999943,0.5059444963932037,0.3261933773756027,2.333058166503906,2.4593658447265625,167.0,1434,3
fixation,386023.1399999857,0.5467558958028492,0.32284024906785863,2.414803755910773,2.534566778885691,317.0,1435,3
fixation,386373.1439999342,0.5818044825604087,0.3181352231063341,2.5184358295641447,2.6456274735300163,317.0,1436,3
fixation,386706.4850000143,0.6121991634368896,0.31246155202388765,2.5741485595703124,2.6872772216796874,166.0,1437,3
fixation,386923.15399992466,0.38247329522581663,0.3218405676238677,2.576691571403952,2.690565221449908,284.0,1438,3
fixation,387223.1599999666,0.42149533682009754,0.3180793585146175,2.521649528952206,2.6270913516773895,284.0,1439,3
fixation,387539.83200001717,0.448345626393954,0.3108769357204437,2.4454210069444446,2.5479024251302085,150.0,1440,3
fixation,387706.496999979,0.4891359855731328,0.3078197956085205,2.400429280598958,2.4836822509765626,250.0,1441,3
fixation,387973.17199993134,0.5212448686361313,0.30853339098393917,2.4170799255371094,2.490314483642578,134.0,1442,3
fixation,388123.1739999056,0.5525592345258464,0.31290029701979266,2.4408781632133154,2.5086882218070654,384.0,1443,3
fixation,388523.1789999008,0.590095403790474,0.3164721176028252,2.4436569213867188,2.5269775390625,175.0,1444,3
fixation,388906.5159999132,0.5957731783390046,0.31449477672576903,2.4700302124023437,2.550732421875,158.0,1445,3
fixation,389089.85099995136,0.6236272889834183,0.31334407054460967,2.507427509014423,2.5676598182091346,217.0,1446,3
fixation,389339.8569999933,0.49255401302467694,0.3226943774656816,2.3525279651988638,2.4495364102450283,183.0,1447,3
fixation,389556.5269999504,0.6192007923827452,0.3128661636043997,2.354248944450827,2.396985222311581,283.0,1448,3
fixation,389873.19900000095,0.4547953059275945,0.34448227865828407,2.366344028049045,2.4616673787434897,300.0,1449,3
fixation,390189.86899995804,0.48966817213938785,0.33944239295445955,2.3839393028846154,2.467028104341947,225.0,1450,3
fixation,390639.8779999018,0.5370448976755142,0.33633441974719364,2.4078330993652344,2.497173309326172,192.0,1451,3
fixation,390873.21499991417,0.6111092269420624,0.32140658237040043,2.4498348236083984,2.4999942779541016,134.0,1452,3
fixation,391039.88399994373,0.5083639404990457,0.3490441712466153,2.3113972056995737,2.3948919122869317,183.0,1453,3
fixation,391239.8869999647,0.5402942841703241,0.3381854011253877,2.268098310990767,2.3465922962535513,183.0,1454,3
fixation,391439.8909999132,0.49996971658297945,0.33296013304165434,2.2761077880859375,2.37322998046875,117.0,1455,3
fixation,391573.22599995136,0.468049413391522,0.3331358773367746,2.288031441824777,2.420386178152902,125.0,1456,3
fixation,391923.2309999466,0.4853853411972523,0.42380368039011956,2.3727439880371093,2.487010955810547,326.0,1457,3
fixation,392273.23699998856,0.46122864430600946,0.4075944586233659,2.3426624644886362,2.454508001154119,184.0,1458,3
fixation,392473.24000000954,0.44541395306587217,0.4023440986871719,2.2447784423828123,2.3224639892578125,84.0,1459,3
fixation,392589.9099999666,0.51160246382157,0.404192974170049,2.2197748819986978,2.2980130513509116,200.0,1460,3
fixation,392806.5789999962,0.4885605961084366,0.4078279415766398,2.2753672281901043,2.3555196126302085,250.0,1461,3
fixation,393106.58499991894,0.557446114718914,0.4082196559756994,2.3328723907470703,2.4078922271728516,133.0,1462,3
fixation,393339.92299997807,0.5473243594169617,0.8831724865095956,2.278876168387277,2.379422869001116,125.0,1463,3
fixation,393689.9289999008,0.4593164374430974,0.39801402762532234,2.5010032653808594,2.661916732788086,392.0,1464,3
fixation,394106.59999990463,0.4509272454306483,0.343174341134727,2.321101188659668,2.4728565216064453,266.0,1465,3
fixation,394423.2739999294,0.49515824019908905,0.44340473661820096,2.283153533935547,2.3969573974609375,400.0,1466,FIX_CROS
fixation,394856.6109999418,0.3861929103732109,0.3915070205926895,2.38160400390625,2.495526123046875,166.0,1467,FIX_CROS
fixation,395056.6139999628,0.49255687424114775,0.4568323940038681,2.3707493373325894,2.489264351981027,124.0,1468,FIX_CROS
fixation,395406.62299990654,0.35909744799137117,0.3141312748193741,2.4462646484375,2.5942901611328124,75.0,1469,3.1
fixation,395539.95700001717,0.22921271175146102,0.2787470489740372,2.5111185709635415,2.680455525716146,250.0,1470,3.1
fixation,395823.2999999523,0.28868386894464493,0.27723542153835296,2.3876068115234377,2.507002258300781,167.0,1471,3.1
fixation,396023.2999999523,0.34438922107219694,0.27077081203460696,2.2475326538085936,2.34713134765625,167.0,1472,3.1
fixation,396206.6399999857,0.37935848699675667,0.2734576016664505,2.216256035698785,2.3026580810546875,150.0,1473,3.1
fixation,396389.9739999771,0.45677133003870646,0.27396565477053325,2.258588663736979,2.339910888671875,250.0,1474,3.1
fixation,396656.6469999552,0.47430625930428505,0.2760835289955139,2.309276580810547,2.3854331970214844,66.0,1475,3.1
fixation,396739.9809999466,0.519277960062027,0.2738759865363439,2.326860555013021,2.4052714029947917,250.0,1476,3.1
fixation,397006.6509999037,0.5722569525241852,0.2742084195216497,2.3523834228515623,2.4317891438802084,250.0,1477,3.1
fixation,397289.9919999838,0.6355474293231964,0.27077225902501273,2.3636025821461395,2.4533502915326286,283.0,1478,3.1
fixation,397589.9959999323,0.6957349717617035,0.26409408152103425,2.3907379150390624,2.4711822509765624,83.0,1479,3.1
fixation,397706.66499996185,0.7500441014766693,0.2682946190237999,2.395123291015625,2.5166885375976564,167.0,1480,3.1
fixation,397890.0009999275,0.7258177333407931,0.2708311180273692,2.4015062120225696,2.5116390652126737,158.0,1481,3.1
fixation,398273.3409999609,0.7828725022929055,0.27879720500537325,2.4073573521205356,2.5207410539899553,108.0,1482,3.1
fixation,398456.67699992657,0.2525908925703594,0.34157581840242657,2.4056897844587053,2.5953260149274553,117.0,1483,3.1
fixation,398606.6819999218,0.1860867554650587,0.35512994931024666,2.3569748822380516,2.4695497400620403,283.0,1484,3.1
fixation,398923.35399997234,0.2578303351998329,0.35505406856536864,2.2576889038085937,2.377247619628906,166.0,1485,3.1
fixation,399123.3569999933,0.20421379897743464,0.3498568944633007,2.2277889251708984,2.3201904296875,133.0,1486,3.1
fixation,399356.69599998,0.276568048379638,0.3595788397572257,2.23834228515625,2.328835227272727,183.0,1487,3.1
fixation,399556.69900000095,0.3350710379225867,0.3592131425227438,2.24652099609375,2.3337511335100447,233.0,1488,3.1
fixation,399823.36899995804,0.40365267716921294,0.3568232391889279,2.2334207388070912,2.31951904296875,216.0,1489,3.1
fixation,400073.3789999485,0.4581128324453647,0.35314388229296756,2.2431300236628604,2.3199063814603367,216.0,1490,3.1
fixation,400323.3789999485,0.5133325916070205,0.3565016801540668,2.23907470703125,2.311536348783053,216.0,1491,3.1
fixation,400556.7159999609,0.4906305397550265,0.35623617718617123,2.2506103515625,2.324615478515625,100.0,1492,3.1
fixation,400673.38399994373,0.5288165628910064,0.35860348045825957,2.2648956298828127,2.339227294921875,91.0,1493,3.1
fixation,400956.7229999304,0.5825365119510226,0.35785294075806934,2.287199232313368,2.3405829535590277,150.0,1494,3.1
fixation,401123.3930000067,0.5619445009665056,0.3600449656898325,2.3149372447620737,2.402035799893466,183.0,1495,3.1
fixation,401340.0640000105,0.6636107602845067,0.3538599422444468,2.250415967858356,2.3195674730383833,384.0,1496,3.1
fixation,401756.73699998856,0.720509814719359,0.35296332091093063,2.241419474283854,2.3427098592122397,200.0,1497,3.1
fixation,401990.07400000095,0.7632976862100455,0.3537331005701652,2.289820744441106,2.3634925255408654,217.0,1498,3.1
fixation,402223.4119999409,0.7476937025785446,0.3567450702190399,2.3129669189453126,2.3958175659179686,166.0,1499,3.1
fixation,402406.74799990654,0.7159270454536785,0.3593415374105627,2.3183357932350854,2.398072676225142,183.0,1500,3.1
fixation,402606.75,0.7421517173449198,0.3585976113875707,2.3230972290039062,2.3875223795572915,108.0,1501,3.1
fixation,403056.75999999046,0.24657274995531356,0.4251777763877596,2.3217969621930803,2.470341273716518,117.0,1502,3.1
fixation,403206.76300001144,0.18689461362858614,0.4334539386133353,2.3402582804361978,2.4273529052734375,200.0,1503,3.1
fixation,403423.43400001526,0.2205973006784916,0.451343048363924,2.245009104410807,2.3389104207356772,200.0,1504,3.1
fixation,403656.7689999342,0.29684433253372416,0.4457123972037259,2.172947603113511,2.253844317267923,283.0,1505,3.1
fixation,403973.44199991226,0.33925728251536685,0.4434347338974476,2.1977157592773438,2.2829017639160156,200.0,1506,3.1
fixation,404190.11199998856,0.39682811200618745,0.4425729289650917,2.2257171630859376,2.3006973266601562,167.0,1507,3.1
fixation,404373.4469999075,0.37160427682101727,0.44572915602475405,2.2677345275878906,2.339278221130371,266.0,1508,3.1
fixation,404656.78600001335,0.43241610284894705,0.449951053597033,2.335759162902832,2.4104394912719727,275.0,1509,3.1
fixation,405123.45999991894,0.4499574452638626,0.4624411165714264,2.34912109375,2.477701187133789,133.0,1510,3.1
fixation,405490.13399994373,0.48208511744936305,0.46726732328534126,2.462799072265625,2.5804163614908853,192.0,1511,3.1
fixation,405706.8059999943,0.5272233459082517,0.45735776695338165,2.4330402721058237,2.5534224076704546,183.0,1512,3.1
fixation,405923.47499990463,0.4957278663361514,0.46299523722242425,2.277347140842014,2.390172322591146,450.0,1513,3.1
fixation,406406.81699991226,0.39995094388723373,0.4707765027880669,2.341497802734375,2.4638214111328125,167.0,1514,3.1
fixation,406606.81999993324,0.26751614063978196,0.4723948746919632,2.4121932983398438,2.5347640991210936,167.0,1515,3.1
fixation,406806.82400000095,0.32503677407900494,0.45895074407259623,2.413468424479167,2.5376515706380207,250.0,1516,3.1
fixation,407090.1599999666,0.3730473260987889,0.4603110876950351,2.3433893377130683,2.4721208052201704,184.0,1517,3.1
fixation,407306.83099997044,0.4384289123117924,0.4578261313339074,2.3260065714518228,2.420953114827474,200.0,1518,3.1
fixation,407540.16899991035,0.4883406534790993,0.45608341072996456,2.3406906127929688,2.4275080362955728,200.0,1519,3.1
fixation,407773.5039999485,0.5608556767304739,0.4486542244752248,2.3670535617404513,2.4473953247070312,300.0,1520,3.1
fixation,408106.8449999094,0.5958049595355988,0.4474167945710095,2.333615389737216,2.4241818514737217,183.0,1521,3.1
fixation,408323.51699995995,0.6777604501694441,0.4502918869256973,2.3287649154663086,2.3961801528930664,266.0,1522,3.1
fixation,408623.5199999809,0.7461965481440226,0.457674084438218,2.34444342719184,2.373770819769965,150.0,1523,3.1
fixation,408790.189999938,0.7924897926194328,0.45322543169770924,2.343196323939732,2.396726335797991,117.0,1524,3.1
fixation,408973.5269999504,0.22765429530824935,0.5584151233945575,2.3366285051618303,2.4538051060267856,116.0,1525,3.1
fixation,409123.53199994564,0.17731913179159164,0.5555448770523072,2.287309265136719,2.4445556640625,174.0,1526,3.1
fixation,409756.87399995327,0.37517326772212983,0.5494771778583527,2.323211669921875,2.4279235839843745,83.0,1527,3.1
fixation,409856.875,0.34949913024902346,0.5544487327337265,2.385334777832031,2.47952880859375,167.0,1528,3.1
fixation,410056.8779999018,0.44517917732397716,0.5387592871983846,2.277060953776042,2.3676045735677085,250.0,1529,3.1
fixation,410323.5489999056,0.530680042046767,0.5340108550511874,2.1962784987229567,2.300012441781851,216.0,1530,3.1
fixation,410573.5539999008,0.5866121407598257,0.5306837242096663,2.259305000305176,2.3330001831054688,266.0,1531,3.1
fixation,410856.8909999132,0.6233020382268089,0.5330817699432373,2.2904488699776784,2.366145542689732,117.0,1532,3.1
fixation,410990.2269999981,0.7001774609088898,0.5391042679548264,2.32093505859375,2.3835708618164064,167.0,1533,3.1
fixation,411173.5640000105,0.6655111014842987,0.5402138059337934,2.3195203145345054,2.3814010620117188,200.0,1534,3.1
fixation,411406.9009999037,0.7898605104003634,0.5471569384847369,2.316218784877232,2.37481689453125,233.0,1535,3.1
fixation,411706.90699994564,0.23554537910968065,0.644243385642767,2.292379379272461,2.4266014099121094,133.0,1536,3.1
fixation,411856.91100001335,0.1795999604676451,0.6447652727365494,2.3185828072684154,2.440697806222098,233.0,1537,3.1
fixation,412106.9139999151,0.23464082852005957,0.6422793626785278,2.31741943359375,2.4133010864257813,167.0,1538,3.1
fixation,412306.91899991035,0.30250158508618674,0.6315999368826548,2.252690633138021,2.333701578776042,250.0,1539,3.1
fixation,412590.25599992275,0.3922621171389307,0.6222022984709058,2.221710205078125,2.302117483956473,234.0,1540,3.1
fixation,412856.92599999905,0.4598657667636871,0.6135035246610642,2.1937904357910156,2.3222755432128905,333.0,1541,3.1
fixation,413206.9329999685,0.5386276692152023,0.618464109301567,2.2316162109375,2.32076416015625,175.0,1542,3.1
fixation,413573.60799992085,0.594781406223774,0.6307264752686024,2.254060745239258,2.306180953979492,133.0,1543,3.1
fixation,413723.6089999676,0.6494444143027067,0.6414210665971041,2.320476531982422,2.3597850799560547,266.0,1544,3.1
fixation,414023.61500000954,0.7172998627026875,0.6534573713938395,2.272563680013021,2.337379964192708,250.0,1545,3.1
fixation,414306.94900000095,0.7684138059616089,0.6377019166946412,2.2964192708333333,2.3303680419921875,250.0,1546,3.1
fixation,414590.29299998283,0.8295560926198959,0.6363138407468796,2.3274027506510415,2.3507588704427085,100.0,1547,3.1
fixation,414740.2919999361,0.30630254106862204,0.7365246670586723,2.3110547746930803,2.425513131277902,117.0,1548,3.1
fixation,414873.6259999275,0.22481902812918028,0.73508570343256,2.3290735880533853,2.4090894063313804,200.0,1549,3.1
fixation,415106.96399998665,0.2934784618290988,0.7318777956745841,2.299277565696023,2.393768310546875,183.0,1550,3.1
fixation,415306.9699999094,0.3593093471394645,0.7202142278353373,2.2057986789279513,2.32442389594184,158.0,1551,3.1
fixation,415690.3099999428,0.40897156085286823,0.7254617725099836,2.199648175920759,2.341336931501116,109.0,1552,3.1
fixation,415856.9769999981,0.4989508956670761,0.7249361127614975,2.2699066162109376,2.399432373046875,167.0,1553,3.1
fixation,416040.314999938,0.48160673429568607,0.7320191860198975,2.27069091796875,2.4139251708984375,100.0,1554,3.1
fixation,416190.31599998474,0.6072410477532281,0.738249209192064,2.297571818033854,2.37632073296441,150.0,1555,3.1
fixation,416390.32099998,0.7440492080317603,0.7339473797215356,2.3690355088975696,2.408537122938368,150.0,1556,3.1
fixation,416573.65799999237,0.6590816851924447,0.7280733497703776,2.3721475040211395,2.4521125344669117,283.0,1557,3.1
fixation,416873.6639999151,0.7209355632464091,0.7298833688100179,2.3966878255208335,2.462855021158854,250.0,1558,3.1
fixation,417140.3329999447,0.7611316674285464,0.7258335716194577,2.408174302842882,2.4528571234809027,151.0,1559,3.1
fixation,417340.3370000124,0.5037547383043501,0.38503814074728226,2.3906419542100696,2.4921332465277777,150.0,1560,3.1
fixation,417523.67299997807,0.3639153316617012,0.294402152299881,2.4054456438337053,2.5133775983537947,233.0,1561,NOTRIAL
fixation,417773.6789999008,0.3560769359270732,0.2691406800791069,2.361236007125289,2.4780731201171875,458.0,1562,NOTRIAL
fixation,418440.3589999676,0.5535271508353097,0.27324547299316954,2.368839808872768,2.4496547154017856,108.0,1563,NOTRIAL
fixation,418590.3589999676,0.6336122304201126,0.27297511123693907,2.462206326998197,2.565759512094351,433.0,1564,NOTRIAL
fixation,419057.0349999666,0.4616284355521202,0.2831295758485794,2.320654296875,2.414356994628906,167.0,1565,NOTRIAL
fixation,419240.3709999323,0.42987347732890735,0.27839179607954895,2.301362471147017,2.400655573064631,183.0,1566,NOTRIAL
fixation,419457.0389999151,0.46307019392649335,0.16423502812782922,2.3547465006510415,2.4663865831163196,150.0,1567,NOTRIAL
fixation,419657.04399991035,0.550449444188012,0.13998827089866003,2.3920966254340277,2.490756564670139,150.0,1568,NOTRIAL
fixation,419840.38099992275,0.49410917542197486,0.13981846381317486,2.3958976052024146,2.519345370205966,183.0,1569,NOTRIAL
fixation,420057.05099999905,0.5019997397535726,0.27415471641640915,2.3766415244654606,2.495762875205592,325.0,1570,NOTRIAL
fixation,420607.0609999895,0.49894959286407187,0.2819252643320296,2.422008373119213,2.5388477466724537,442.0,1571,NOTRIAL
fixation,421090.40299999714,0.3597106215628711,0.24711817435242914,2.3031560724431817,2.4108317982066763,183.0,1572,NOTRIAL
fixation,421290.40799999237,0.3475290024653077,0.26276671048253775,2.274958610534668,2.367013931274414,266.0,1573,NOTRIAL
fixation,421573.74399995804,0.3803367062526591,0.26965291885768666,2.3066181856043197,2.3853652056525734,283.0,1574,NOTRIAL
fixation,421873.75,0.35154440104961393,0.28445998231569924,2.28641357421875,2.3970235188802085,258.0,1575,NOTRIAL
fixation,422323.7580000162,0.3647246178653505,0.28340094398569177,2.3361234311704284,2.4349127875434027,442.0,1576,NOTRIAL
fixation,422790.43400001526,0.37792486548423765,0.2681150987744331,2.261946105957031,2.35057373046875,333.0,1577,NOTRIAL
fixation,423140.4390000105,0.35305740569646543,0.27478272582475954,2.2276529165414662,2.322742168719952,433.0,1578,NOTRIAL
fixation,423590.44599998,0.36271107622555326,0.28538332879543304,2.2589939662388394,2.359739031110491,124.0,1579,NOTRIAL
fixation,423973.78600001335,0.5007718816399575,0.2874273911118507,2.4115196228027345,2.4917152404785154,341.0,1580,NOTRIAL
fixation,424540.46099996567,0.38928743700186413,0.4797602730492751,2.245764414469401,2.3227666219075522,200.0,1581,NOTRIAL
fixation,424773.80099999905,0.37676625412244064,0.3018303547914212,2.3400057279146633,2.4094919057992787,217.0,1582,NOTRIAL
fixation,425007.1369999647,0.3552153091877699,0.28986745700240135,2.2720565795898438,2.3552780151367188,142.0,1583,NOTRIAL
fixation,425423.8099999428,0.42565497093730503,0.27896961238649154,2.29631268536603,2.3948471634476274,450.0,1584,NOTRIAL
fixation,425907.1509999037,0.3511105858617359,0.5267695519659255,2.2091522216796875,2.303007337782118,150.0,1585,NOTRIAL
fixation,426073.8219999075,0.3510010118285815,0.5029614948564105,2.17848629421658,2.267122056749132,300.0,1586,NOTRIAL
fixation,426423.8299999237,0.4321565330028534,0.27760728568800036,2.24671148484753,2.3302740281628025,517.0,1587,NOTRIAL
fixation,427040.5069999695,0.35711854696273804,0.48386505246162415,2.2612101236979165,2.3429158528645835,100.0,1588,NOTRIAL
fixation,427157.17599999905,0.3556868232786655,0.5163226999342442,2.304302215576172,2.3956398010253905,334.0,1589,NOTRIAL
fixation,427540.5149999857,0.6016989089548588,0.49158298410475254,2.3044471740722656,2.3743667602539062,133.0,1590,NOTRIAL
fixation,427707.18699991703,0.6440055749633096,0.49454289945689117,2.2722348299893462,2.3628096147017046,192.0,1591,NOTRIAL
fixation,428123.8609999418,0.483154543572002,0.48272307217121124,2.2517547607421875,2.4055904812282987,150.0,1592,NOTRIAL
fixation,428307.19599998,0.6025912861029307,0.4941555807987849,2.3553085327148438,2.45086669921875,100.0,1593,NOTRIAL
fixation,428507.2009999752,0.37285315059125423,0.4934532232582569,2.317626953125,2.4284629821777344,134.0,1594,NOTRIAL
fixation,428657.2009999752,0.3536310006271709,0.5034592856060375,2.2779804576526987,2.3926211270419033,184.0,1595,NOTRIAL
fixation,428873.87299990654,0.43140064055720967,0.4867473766207695,2.2360967000325522,2.3193702697753906,208.0,1596,NOTRIAL
fixation,429357.21700000763,0.4832716818366732,0.4788544795342854,2.2925894601004466,2.3955470493861606,109.0,1597,NOTRIAL
fixation,429490.5529999733,0.4981058252354463,0.48100442563494045,2.3156744639078775,2.445096969604492,400.0,1598,NOTRIAL
fixation,429940.5609999895,0.37108611067136127,0.5038020743264092,2.2592586941189237,2.352835761176215,150.0,1599,NOTRIAL
fixation,430107.22899997234,0.3464961975812912,0.5169476822018624,2.2652313232421877,2.3709381103515623,167.0,1600,NOTRIAL
fixation,430307.22999989986,0.3494979863365491,0.7167785118023554,2.299261728922526,2.3871053059895835,200.0,1601,NOTRIAL
fixation,430523.90399992466,0.34005553722381593,0.7505346437295278,2.348485310872396,2.418321736653646,250.0,1602,NOTRIAL
fixation,430823.9099999666,0.6476523500599273,0.7238111242856065,2.3323485492026967,2.4145702205292165,1217.0,1603,NOTRIAL
fixation,432073.9309999943,0.4898687317967415,0.8109496027231217,2.356761169433594,2.449513244628906,167.0,1604,NOTRIAL
fixation,432273.93400001526,0.4382931100470679,0.819629179579871,2.3787318638392856,2.493190220424107,117.0,1605,FIX_CROS
fixation,432457.2719999552,0.49079610757968006,0.40011226867928223,2.450452019186581,2.573704439051011,284.0,1606,FIX_CROS
fixation,432773.942999959,0.4725661352276802,0.46400595605373385,2.4074859619140625,2.555372619628906,175.0,1607,FIX_CROS
fixation,433140.61500000954,0.4992298424243927,0.48086387713750206,2.3997314453125,2.511821492513021,250.0,1608,FIX_CROS
fixation,433440.62000000477,0.3383604660630226,0.4216396324336529,2.472911834716797,2.5982627868652344,66.0,1609,3.2
fixation,433540.6209999323,0.22572162250677744,0.40186382664574516,2.3826175265842013,2.5383097330729165,150.0,1610,3.2
fixation,433707.2889999151,0.1964867146064838,0.3995813267926375,2.3031387329101562,2.453777313232422,200.0,1611,3.2
fixation,433940.63099992275,0.2730957865715027,0.4061423282731663,2.254515214399858,2.378366643732244,183.0,1612,3.2
fixation,434140.63399994373,0.2456293065439571,0.4018217054280368,2.2423359264026987,2.3427567915482954,183.0,1613,3.2
fixation,434423.97099995613,0.3583742542700334,0.4059805341742255,2.2494021329012783,2.3365298184481533,183.0,1614,3.2
fixation,434623.9729999304,0.3155084513127804,0.40690285339951515,2.2486000061035156,2.3591651916503906,67.0,1615,3.2
fixation,434723.97499990463,0.27544968873262404,0.40222263485193255,2.282664489746094,2.3943222045898436,167.0,1616,3.2
fixation,434923.9779999256,0.3108086697757244,0.4086790569126606,2.3215980529785156,2.44366455078125,67.0,1617,3.2
fixation,435023.97899997234,0.24786485054276206,0.3994640125469728,2.306920831853693,2.4281796542080967,183.0,1618,3.2
fixation,435240.65399992466,0.39217467109362286,0.39920448511838913,2.3038902282714844,2.4046045939127603,200.0,1619,3.2
fixation,435457.3219999075,0.3506520514686902,0.40272514522075653,2.301558176676432,2.446374257405599,200.0,1620,3.2
fixation,435690.6560000181,0.45090328834273596,0.40770721300081775,2.3247181285511362,2.4617545387961646,183.0,1621,3.2
fixation,435890.66100001335,0.4812191439171632,0.4078245324393113,2.3223495483398438,2.4359207153320312,200.0,1622,3.2
fixation,436124.0,0.558846166729927,0.40746830552816393,2.3506103515625,2.4461349487304687,167.0,1623,3.2
fixation,436307.33499991894,0.5379119084941016,0.40522951384385425,2.3364325629340277,2.4236687554253473,149.0,1624,3.2
fixation,436490.6699999571,0.6182198551568118,0.40242323550311004,2.3430106423117896,2.435057206587358,183.0,1625,3.2
fixation,436707.3379999399,0.6652822017669677,0.40431654155254365,2.354791259765625,2.4358810424804687,174.0,1626,3.2
fixation,437024.00899994373,0.7192257940769196,0.41417545080184937,2.3586578369140625,2.4498792375837053,117.0,1627,3.2
fixation,437324.0159999132,0.7013122260570526,0.40834145843982694,2.3828094482421873,2.470428466796875,76.0,1628,3.2
fixation,437457.35099995136,0.787757521867752,0.403118397295475,2.372355651855469,2.43385009765625,166.0,1629,3.2
fixation,437690.68799996376,0.24697620634521758,0.48958889714309145,2.2863878522600447,2.4212733677455356,117.0,1630,3.2
fixation,437824.0230000019,0.18742389117295927,0.48153048065992504,2.1803494966947117,2.344847459059495,217.0,1631,3.2
fixation,438074.02499997616,0.2535581305623055,0.4902450442314148,2.195906066894531,2.31964111328125,167.0,1632,3.2
fixation,438357.36500000954,0.3135928213596344,0.4913422664006551,2.15692138671875,2.2703670925564237,150.0,1633,3.2
fixation,438540.6979999542,0.40086946450173855,0.48137393593788147,2.165292739868164,2.258387565612793,267.0,1634,3.2
fixation,438840.70299994946,0.4438624456524849,0.4889769144356251,2.1904449462890625,2.3081092834472656,67.0,1635,3.2
fixation,438940.7049999237,0.5034496618641747,0.48950233724382186,2.2382609049479165,2.279815673828125,150.0,1636,3.2
fixation,439107.37399995327,0.4661344505018658,0.4886416279607349,2.2460259331597223,2.3265889485677085,150.0,1637,3.2
fixation,439290.71099996567,0.5686564768354098,0.4864540956914425,2.2964680989583335,2.345963795979818,200.0,1638,3.2
fixation,439590.7129999399,0.6389250258604685,0.4915669593546126,2.3000606960720487,2.3701612684461804,150.0,1639,3.2
fixation,439757.38499999046,0.6143494248390198,0.4902397599071264,2.299722671508789,2.3659496307373047,133.0,1640,3.2
fixation,439924.0529999733,0.7028704782327017,0.4877193110684554,2.3290061950683594,2.392927805582682,200.0,1641,3.2
fixation,440224.0579999685,0.7725455931254795,0.4868395115647997,2.3339026314871654,2.401148114885603,234.0,1642,3.2
fixation,440490.7279999256,0.8251719236373901,0.4822525143623352,2.3200531005859375,2.389501953125,83.0,1643,3.2
fixation,440624.06299996376,0.4798114831958498,0.5640736903463092,2.2666190011160716,2.4123622349330356,117.0,1644,3.2
fixation,440774.06599998474,0.4411131218075752,0.5727756097912788,2.2628002166748047,2.3615779876708984,142.0,1645,3.2
fixation,441340.74099993706,0.5177034363150597,0.5503126084804535,2.3358078002929688,2.3933181762695312,67.0,1646,3.2
fixation,441424.0749999285,0.5193463742733002,0.561788809299469,2.3854644775390623,2.45655517578125,84.0,1647,3.2
fixation,441540.7459999323,0.43421971301237744,0.459156134724617,2.372222900390625,2.476171875,250.0,1648,3.2
fixation,441824.0829999447,0.5132484083825891,0.5447620939124714,2.2156247225674717,2.268008145419034,184.0,1649,3.2
fixation,442024.0870000124,0.4888925770154366,0.5613133609294891,2.2075406588040867,2.2895108736478367,217.0,1650,3.2
fixation,442274.08999991417,0.4436172386010488,0.5731491227944692,2.24930419921875,2.362837727864583,250.0,1651,3.2
fixation,442557.4309999943,0.519287265264071,0.5619885783929092,2.248279278094952,2.3389916053185096,216.0,1652,3.2
fixation,442807.4319999218,0.5224180370569229,0.4807916780312856,2.2848993937174478,2.3682352701822915,100.0,1653,3.2
fixation,442924.10399997234,0.522553838789463,0.4941053166985512,2.3057289123535156,2.3925514221191406,67.0,1654,3.2
fixation,443024.10399997234,0.5077267225299563,0.5753263022218432,2.255786350795201,2.408313206263951,234.0,1655,3.2
fixation,443290.7739999294,0.44763266791899997,0.5975948870182037,2.3159001668294272,2.455286661783854,108.0,1656,3.2
fixation,443607.44599998,0.4771130867302418,0.5810255780816078,2.3477630615234375,2.4439659118652344,66.0,1657,3.2
fixation,443690.7799999714,0.5213419276255148,0.5746557502834885,2.3510583948206016,2.451372499819155,450.0,1658,3.2
fixation,444174.121999979,0.44886518138296466,0.4674787214573692,2.2382830451516544,2.334520227768842,284.0,1659,3.2
fixation,444490.79699993134,0.45318024009466173,0.3747098073363304,2.27633056640625,2.3865325927734373,167.0,1660,NOTRIAL
fixation,444690.79799997807,0.3807325263818105,0.2987106740474701,2.314544677734375,2.3899052937825522,100.0,1661,NOTRIAL
fixation,444807.46499991417,0.3503441146828912,0.27594865587624634,2.331215598366477,2.4347728382457388,183.0,1662,NOTRIAL
fixation,445040.8059999943,0.6183841466903687,0.2606696993112564,2.3733139038085938,2.416937255859375,167.0,1663,NOTRIAL
fixation,445224.1409999132,0.6360116352637609,0.2654906914879878,2.3678995768229165,2.4282754262288413,400.0,1664,NOTRIAL
fixation,445674.1480000019,0.35485644936561583,0.46166246980428693,2.2773590087890625,2.4383209228515623,167.0,1665,NOTRIAL
fixation,445857.48299992085,0.3492070104588162,0.4991391402753917,2.3388019908558237,2.4578725641424004,366.0,1666,NOTRIAL
fixation,446274.15699994564,0.6375689068261314,0.4988684435101116,2.3530946619370403,2.4013869341681984,284.0,1667,NOTRIAL
fixation,446574.1639999151,0.6544923292739051,0.5026182681322098,2.364650181361607,2.430273873465402,242.0,1668,NOTRIAL
fixation,447140.83899998665,0.6508706286549568,0.3088957015424967,2.4334983825683594,2.5348148345947266,133.0,1669,NOTRIAL
fixation,447290.83999991417,0.6399030089378357,0.2793655013260634,2.3913176163383154,2.468479985776155,383.0,1670,NOTRIAL
fixation,447740.8519999981,0.6498409744168891,0.7317472574163656,2.2812590051869877,2.3556653632492317,1017.0,1671,NOTRIAL
fixation,448824.2049999237,0.5217474699020386,0.38560019568963483,2.383298006924716,2.513064297762784,184.0,1672,NOTRIAL
fixation,449040.87399995327,0.35995416808873415,0.41846092231571674,2.406383514404297,2.544881820678711,267.0,1673,NOTRIAL
fixation,449324.2120000124,0.3505893924406597,0.43608823844364714,2.373419625418527,2.5207955496651784,117.0,1674,NOTRIAL
fixation,449574.2159999609,0.6308267489075661,0.4631611481308937,2.398040771484375,2.4621105194091797,126.0,1675,NOTRIAL
fixation,449757.55499994755,0.6003098350304824,0.25664817140652585,2.4723099928635817,2.5422468919020433,224.0,1676,NOTRIAL
fixation,450240.8939999342,0.6191273182630539,0.4157501632968585,2.4749781290690103,2.5730260213216147,92.0,1677,NOTRIAL
fixation,450374.2319999933,0.642277881764529,0.49652571793188127,2.3945159912109375,2.4896767599540843,950.0,1678,NOTRIAL
fixation,451357.5829999447,0.5034333708194586,0.47382621810986447,2.3295147235576925,2.4358684833233175,216.0,1679,NOTRIAL
fixation,451590.91799998283,0.4871050850911574,0.48284723541953345,2.364991621537642,2.486329512162642,191.0,1680,NOTRIAL
fixation,451990.9249999523,0.42922242172062397,0.3641224652528763,2.4348106384277344,2.5482101440429688,133.0,1681,1
fixation,452157.59700000286,0.5345242460568745,0.3743163307507833,2.4941975911458334,2.5906168619791665,250.0,1682,1
fixation,452440.9349999428,0.44368085952905506,0.37160727152457607,2.355457012469952,2.484257624699519,217.0,1683,1
fixation,452674.2719999552,0.46680746759687153,0.3698882471237864,2.3061632428850447,2.4348351614815846,234.0,1684,1
fixation,452924.2759999037,0.5516173796994346,0.38482301362923216,2.3097011021205356,2.4077584402901784,125.0,1685,1
fixation,453324.28199994564,0.4638027735054493,0.5258068107068539,2.3727455139160156,2.537393569946289,134.0,1686,1
fixation,453490.9509999752,0.5028692686132022,0.5423224334205899,2.4442716326032365,2.5778656005859375,233.0,1687,1
fixation,453757.62299990654,0.44340607396193915,0.41564654197011675,2.4156581333705356,2.5729396275111607,583.0,1688,1
fixation,454374.2999999523,0.5591132434514853,0.4049339317358457,2.4260594294621396,2.5589928260216346,225.0,1689,1
fixation,454757.63899993896,0.5296943485736847,0.4404912464893781,2.513676570012019,2.6779198279747596,208.0,1690,1
fixation,454990.9769999981,0.47973043595751125,0.4748438981672128,2.534814198811849,2.6830622355143228,200.0,1691,1
fixation,455224.314999938,0.45427597110921686,0.5591827685182745,2.4151541969992896,2.5003523393110796,184.0,1692,1
fixation,455457.6519999504,0.4438609215948317,0.5742491947280036,2.3850504557291665,2.4920111762152777,150.0,1693,1
fixation,455624.32099998,0.5172367412596941,0.5614127721637487,2.4301719665527344,2.5153608322143555,267.0,1694,1
fixation,455924.32799994946,0.4827004184325536,0.564043653011322,2.432122802734375,2.5624369303385417,250.0,1695,1
fixation,456190.99899995327,0.4439549025367288,0.5686261443530812,2.4546454934512867,2.613084680893842,284.0,1696,1
fixation,456491.0080000162,0.48652248746818966,0.5538643780681822,2.429207695855035,2.5748189290364585,300.0,1697,1
fixation,456824.34700000286,0.48441765159368516,0.4527846321463585,2.46328125,2.6044525146484374,166.0,1698,1
fixation,457007.6829999685,0.4523945921345761,0.4000922229729201,2.4689628199527136,2.634512650339227,317.0,1699,1
fixation,457357.689999938,0.442904157936573,0.5038093566894531,2.4472427368164062,2.5810867309570313,167.0,1700,1
fixation,457557.6940000057,0.4646289149920146,0.4540057192246119,2.402899169921875,2.5238240559895835,250.0,1701,1
fixation,457841.0339999199,0.42218805382064745,0.5681972375103072,2.3788140988817403,2.4890103807636335,850.0,1702,1
fixation,458707.7199999094,0.4494972653113879,0.5716958458607013,2.3604712853064904,2.4608676616962137,433.0,1703,1
fixation,459157.7279999256,0.4188688725233078,0.5849661350250244,2.343206787109375,2.4611053466796875,83.0,1704,1
fixation,459291.064999938,0.5731717478739072,0.5481121025673331,2.373780760046554,2.484520481057363,1217.0,1705,1
fixation,460524.4249999523,0.562471054494381,0.5838974366585413,2.3424708048502603,2.4495391845703125,200.0,1706,1
fixation,460741.09599995613,0.5739393470616176,0.589834934678571,2.337251334354795,2.451531771955819,484.0,1707,1
fixation,461241.10399997234,0.5593948699533939,0.6086940094828606,2.321610450744629,2.4263391494750977,267.0,1708,1
fixation,461524.442999959,0.573801973286797,0.6116370348369374,2.3449985279756436,2.4495005888097428,283.0,1709,1
fixation,461857.78199994564,0.35195398330688477,0.9046152122318745,2.355586051940918,2.5032081604003906,267.0,1710,1
fixation,462157.78600001335,0.39874646067619324,0.9031491151877812,2.395932878766741,2.5252598353794644,117.0,1711,1
fixation,462307.7879999876,0.4769870087504387,0.8950354188680649,2.3424331665039064,2.47547607421875,167.0,1712,1
fixation,462491.1259999275,0.5203103770812353,0.891955609122912,2.305450439453125,2.4286956787109375,100.0,1713,1
fixation,462607.7949999571,0.5703735026446256,0.8933812975883484,2.298471624200994,2.402945778586648,191.0,1714,1
fixation,463007.80199992657,0.6538835406303406,0.8863350778818131,2.3754898071289063,2.4888900756835937,159.0,1715,1
fixation,463207.8059999943,0.5441634118556976,0.8821812182664871,2.3881179809570314,2.5036163330078125,167.0,1716,1
fixation,463407.80900001526,0.4393347054719925,0.8823985382914543,2.3038558959960938,2.425884246826172,67.0,1717,1
fixation,463507.8109999895,0.35763604442278546,0.8885955015818278,2.2682359483506946,2.38226318359375,150.0,1718,1
fixation,463674.4809999466,0.3366571441292763,0.8877451531589031,2.2625675201416016,2.368480682373047,133.0,1719,1
fixation,463874.4839999676,0.4888826906681061,0.39918229409626554,2.2897774832589284,2.4122118268694197,116.0,1720,1
fixation,464024.48699998856,0.43746488690376284,0.36641108691692353,2.3170822143554686,2.4396728515625,166.0,1721,1
fixation,464207.8249999285,0.4611381267507871,0.3702587994436423,2.3331705729166665,2.471588134765625,200.0,1722,1
fixation,464441.16100001335,0.5517777843134744,0.36976602247783114,2.314131600516183,2.3963721139090404,234.0,1723,1
fixation,464691.16499996185,0.5774168074131012,0.37314625084400177,2.301759507921007,2.3943074544270835,150.0,1724,1
fixation,464874.5009999275,0.482861902564764,0.4554548133164644,2.285646438598633,2.4216365814208984,133.0,1725,1
fixation,465024.5029999018,0.47235503792762756,0.4389139718952633,2.319642566499256,2.463072277250744,358.0,1726,1
fixation,465591.17999994755,0.3596955935160319,0.911001573006312,2.3140436808268228,2.3501129150390625,100.0,1727,1
fixation,465707.84700000286,0.33352846120085033,0.9094020809446063,2.312321254185268,2.428621564592634,117.0,1728,1
fixation,465857.85099995136,0.38718473315238955,0.9003007590770722,2.340806579589844,2.4494064331054686,167.0,1729,1
fixation,466057.85399997234,0.42678745836019516,0.8868536899487177,2.2921854654947915,2.393956502278646,100.0,1730,1
fixation,466191.189999938,0.4830206334590912,0.8800910413265228,2.262701181265024,2.339715810922476,217.0,1731,1
fixation,466441.1940000057,0.5615169178037083,0.8907158339724821,2.289031084846048,2.3447714412913605,284.0,1732,1
fixation,466757.8669999838,0.6390458430562701,0.8915425028119769,2.3267898559570312,2.3965846470424106,233.0,1733,1
fixation,467057.8709999323,0.49415497183799745,0.5660434901714325,2.30509033203125,2.389361572265625,167.0,1734,1
fixation,467274.5419999361,0.4773068701227506,0.37855196909772026,2.3271857367621527,2.461512247721354,300.0,1735,1
fixation,467607.88099992275,0.47978855338361526,0.45811997685167527,2.3211161295572915,2.467398749457465,150.0,1736,FIX_CROS
fixation,467774.55099999905,0.4947056770324707,0.46300406455993653,2.33109130859375,2.4599365234375,91.0,1737,FIX_CROS
fixation,468057.8869999647,0.41159478288430434,0.35565241368917316,2.3708296555739183,2.510228083683894,209.0,1738,FIX_CROS
fixation,468307.89199995995,0.48426470025019214,0.39647765322165057,2.4249378551136362,2.5657404119318183,183.0,1739,FIX_CROS
fixation,468524.5599999428,0.3461298830807209,0.3618558868765831,2.4048080444335938,2.5425071716308594,66.0,1740,1.1
fixation,468641.2339999676,0.3262475026505334,0.4932679076279913,2.337094988141741,2.4696175711495534,234.0,1741,1.1
fixation,468907.90299999714,0.42283152788877487,0.4832886755466461,2.337144470214844,2.438648986816406,167.0,1742,1.1
fixation,469107.9049999714,0.5223749577999115,0.48330061696469784,2.3562564849853516,2.4413280487060547,133.0,1743,1.1
fixation,469291.2429999113,0.6381270078321298,0.48941227855781716,2.3853797912597656,2.480250676472982,400.0,1744,1.1
fixation,469724.58499991894,0.6778896419625533,0.4933938635023017,2.3948396381578947,2.486210873252467,316.0,1745,1.1
fixation,470091.2569999695,0.5244375377893448,0.4905315339565277,2.3364913940429686,2.468402099609375,167.0,1746,1.1
fixation,470291.25999999046,0.4630773081020875,0.48548752204938367,2.315450494939631,2.458466963334517,184.0,1747,1.1
fixation,470507.92999994755,0.5672452993252698,0.4853570636580972,2.3480116900275734,2.4449579575482536,283.0,1748,1.1
fixation,470841.2680000067,0.44798922309508693,0.48296111134382397,2.315973135141226,2.4631453294020433,217.0,1749,1.1
fixation,471074.6069999933,0.42184627056121826,0.48883864283561707,2.3068359375,2.4606903076171873,91.0,1750,1.1
fixation,471391.2810000181,0.46176958456635475,0.49030081555247307,2.3674545288085938,2.4615211486816406,126.0,1751,1.1
fixation,471541.28199994564,0.4866796221051897,0.4944430206503187,2.3999851771763394,2.4834420340401784,125.0,1752,1.1
fixation,471841.28600001335,0.5664790213108063,0.495975070198377,2.3369374593098957,2.431744384765625,492.0,1753,1.1
fixation,472391.2949999571,0.5040619508786635,0.325891681692817,2.223030783913352,2.314737493341619,184.0,1754,NOTRIAL
fixation,472607.96799993515,0.6027251929044724,0.3111637122929096,2.2340469360351562,2.3196792602539062,67.0,1755,NOTRIAL
fixation,472691.30199992657,0.6396455764770508,0.27915701270103455,2.3193366009256113,2.437164306640625,384.0,1756,NOTRIAL
fixation,473124.64199995995,0.6479624594960894,0.4616018682718277,2.3073229108537947,2.3898184640066966,116.0,1757,NOTRIAL
fixation,473257.9769999981,0.64656017314304,0.4928255267441273,2.369491230357777,2.4503759904341265,733.0,1758,NOTRIAL
fixation,474024.66100001335,0.6342779596646627,0.6754678984483083,2.349889119466146,2.426300048828125,100.0,1759,NOTRIAL
fixation,474141.3299999237,0.6457427226482554,0.7319222406504002,2.377332646796044,2.4531245130173702,1567.0,1760,NOTRIAL
fixation,475758.0230000019,0.4907086879014969,0.7886729627847672,2.366746520996094,2.4877090454101562,175.0,1761,NOTRIAL
fixation,476441.36899995804,0.35948699712753296,0.7501526962627064,2.598043268377131,2.718722256747159,183.0,1762,NOTRIAL
fixation,476641.37299990654,0.3366111299166313,0.7519361904034247,2.5628767747145433,2.6570810171274037,216.0,1763,NOTRIAL
fixation,476891.37999999523,0.48595834374427793,0.7142896234989167,2.3154678344726562,2.4033554077148436,166.0,1764,NOTRIAL
fixation,477074.71499991417,0.5059926520500865,0.7139586550848824,2.266455514090402,2.3572681971958707,475.0,1765,NOTRIAL
fixation,477941.3980000019,0.4994107723236084,0.7203466027975083,2.414666748046875,2.51365966796875,166.0,1766,NOTRIAL
fixation,478141.39999997616,0.34990301151429454,0.7451982796192169,2.331088650611139,2.428891089654738,516.0,1767,NOTRIAL
fixation,478674.74500000477,0.378426194190979,0.7289939522743225,2.255786602313702,2.356745793269231,217.0,1768,NOTRIAL
fixation,478908.08200001717,0.3386581391096115,0.7396447548740789,2.3200611315275492,2.4032793546977795,317.0,1769,NOTRIAL
fixation,479241.42299997807,0.36854173243045807,0.7383783161640167,2.3199669974190846,2.392603193010603,233.0,1770,NOTRIAL
fixation,479491.42599999905,0.3476877010294369,0.74233435520104,2.3154198782784596,2.4041502816336497,474.0,1771,NOTRIAL
fixation,480174.77499997616,0.3723887398838997,0.7441492736339569,2.3139251708984374,2.4253189086914064,159.0,1772,NOTRIAL
fixation,480374.7759999037,0.5216583775149451,0.8297949433326721,2.3999498155381946,2.4622633192274304,150.0,1773,NOTRIAL
fixation,480558.1139999628,0.4388237904225077,0.8218058709587369,2.2907987322126115,2.383965628487723,234.0,1774,FIX_CROS
fixation,480824.78600001335,0.49322072565555575,0.4947190463542938,2.2835853576660154,2.3981468200683596,333.0,1775,FIX_CROS
fixation,481191.46099996567,0.47523484627405804,0.3889453361431758,2.315777587890625,2.4580810546875,258.0,1776,FIX_CROS
fixation,481691.4689999819,0.4804001326362292,0.44413719574610394,2.305597941080729,2.4379755655924478,92.0,1777,1.2
fixation,481841.47200000286,0.2962503954768181,0.4189271926879883,2.416522979736328,2.5621566772460938,66.0,1778,1.2
fixation,481958.13899993896,0.19900467720898715,0.4007762358947234,2.4437602650035513,2.58697509765625,184.0,1779,1.2
fixation,482174.8109999895,0.2463677590712905,0.40044653601944447,2.3600387573242188,2.468639373779297,133.0,1780,1.2
fixation,482341.47599995136,0.2890220532814662,0.39665308594703674,2.261103312174479,2.372865464952257,150.0,1781,1.2
fixation,482524.817999959,0.33648556768894194,0.40619853635629016,2.2401936848958335,2.366192626953125,250.0,1782,1.2
fixation,482808.15399992466,0.36933593899011613,0.40104358792304995,2.252308654785156,2.36788330078125,175.0,1783,1.2
fixation,483191.4959999323,0.4054130901183401,0.4118866877896445,2.366570608956473,2.4624829973493303,225.0,1784,1.2
fixation,483441.49799990654,0.4507143314068134,0.42812814047703374,2.469562237079327,2.5561758188100963,224.0,1785,1.2
fixation,483858.1739999056,0.5087387697263197,0.4309606504711238,2.3787918090820312,2.5065862482244317,359.0,1786,1.2
fixation,484241.51300001144,0.5450792540522182,0.4313602403682821,2.3323256548713234,2.4326405244715072,283.0,1787,1.2
fixation,484558.18400001526,0.5850336849689484,0.4314473370711009,2.328547159830729,2.434083726671007,150.0,1788,1.2
fixation,484724.85499989986,0.5333178970548842,0.43472327788670856,2.3462931315104165,2.4666307237413196,150.0,1789,1.2
fixation,484908.19199991226,0.4967274178158153,0.42655948210846295,2.3519425825639204,2.457032637162642,184.0,1790,1.2
fixation,485108.1940000057,0.5354549710949262,0.42493589346607524,2.3886756896972656,2.500457763671875,200.0,1791,1.2
fixation,485341.53199994564,0.5687198111644158,0.41690588799806744,2.373661921574519,2.522058340219351,216.0,1792,1.2
fixation,485591.53600001335,0.6228784521420797,0.4161125309765339,2.4168523152669272,2.5469271341959634,200.0,1793,1.2
fixation,485808.20599997044,0.5922924052266514,0.4078551013680065,2.4083925134995403,2.535631965188419,284.0,1794,1.2
fixation,486108.2129999399,0.632058625871485,0.4087165648286993,2.3979991566051138,2.5039173473011362,184.0,1795,1.2
fixation,486308.2159999609,0.61294657488664,0.4088645353913307,2.363850911458333,2.5138931274414062,108.0,1796,1.2
fixation,486641.5569999218,0.6298560607433319,0.41160966098308566,2.4577178955078125,2.577025146484375,408.0,1797,1.2
fixation,487074.9019999504,0.6004511713981628,0.40414778888225555,2.3691533406575522,2.4725265502929688,100.0,1798,1.2
fixation,487208.2359999418,0.47875712960958483,0.3989822879433632,2.267547607421875,2.383099365234375,167.0,1799,1.2
fixation,487408.24000000954,0.37859266499678296,0.3978218187888463,2.270130157470703,2.3756612141927085,200.0,1800,1.2
fixation,487624.9129999876,0.35221526665346964,0.3986569813319615,2.3107147216796875,2.3922805786132812,233.0,1801,1.2
fixation,487874.91899991035,0.3174316178668629,0.40388107570734894,2.297030362215909,2.4012451171875,183.0,1802,1.2
fixation,488074.92199993134,0.27058447897434235,0.4037419441673491,2.2877688937717013,2.37384033203125,150.0,1803,1.2
fixation,488258.2580000162,0.20891081343094509,0.39928808907667795,2.256086222330729,2.38758544921875,250.0,1804,1.2
fixation,488591.5989999771,0.29848138822449577,0.4095872226688597,2.262876722547743,2.3576151529947915,150.0,1805,1.2
fixation,488774.93699991703,0.3638715876473321,0.3985794203148948,2.2047831217447915,2.324951171875,150.0,1806,1.2
fixation,488958.27799999714,0.4265735074877739,0.4029215673605601,2.2232640584309897,2.3322168986002603,108.0,1807,1.2
fixation,489291.6139999628,0.6473057486794211,0.40325653282078827,2.3280029296875,2.3942815607244317,183.0,1808,1.2
fixation,489491.61899995804,0.5965491235256195,0.40810526907444,2.361516316731771,2.4593048095703125,100.0,1809,1.2
fixation,489624.95700001717,0.5585273671895266,0.41737070214003325,2.316812038421631,2.4034929275512695,533.0,1810,1.2
fixation,490208.30099999905,0.6984762456268072,0.4262162148952484,2.350192070007324,2.391756057739258,267.0,1811,1.2
fixation,490508.30900001526,0.7558134883642197,0.4122557356953621,2.418341064453125,2.4659881591796875,167.0,1812,1.2
fixation,490691.6449999809,0.7930614650249481,0.4127723783254623,2.407183837890625,2.49285888671875,83.0,1813,1.2
fixation,490874.98299992085,0.23506980687379836,0.4775420844554901,2.3071014404296877,2.4737823486328123,83.0,1814,1.2
fixation,490974.9859999418,0.1893072941086509,0.4863337820226496,2.311850807883523,2.4561878551136362,183.0,1815,1.2
fixation,491174.99000000954,0.2635581897837775,0.4827463690723692,2.310389927455357,2.445310320172991,125.0,1816,1.2
fixation,491574.9959999323,0.2850141657723321,0.4909922712379032,2.274358113606771,2.3448588053385415,150.0,1817,1.2
fixation,491741.6639999151,0.34356967359781265,0.4902578505376975,2.2846107482910156,2.4155349731445312,200.0,1818,1.2
fixation,491958.33599996567,0.3294913500547409,0.49585227072238924,2.2741729736328127,2.3807769775390626,83.0,1819,1.2
fixation,492075.00499999523,0.40851948658625287,0.4856414874394735,2.2024800618489584,2.325822957356771,250.0,1820,1.2
fixation,492341.6779999733,0.4304420363444548,0.4825947227386328,2.2282069279597354,2.3631979135366588,217.0,1821,1.2
fixation,492591.67999994755,0.5164695150322385,0.4920643741885821,2.3176006740993924,2.4289093017578125,300.0,1822,1.2
fixation,492925.0189999342,0.6025908167163531,0.4881962984800339,2.358379364013672,2.4480743408203125,200.0,1823,1.2
fixation,493158.35799992085,0.6932579636573791,0.492970222234726,2.3918548583984376,2.465862019856771,250.0,1824,1.2
fixation,493441.6940000057,0.7686033203051641,0.494725675537036,2.3857621413010817,2.476940448467548,217.0,1825,1.2
fixation,493675.03299999237,0.7499204814434052,0.4836442172527313,2.3454010009765627,2.4693450927734375,84.0,1826,1.2
fixation,493808.37000000477,0.4542522813592638,0.5639654397964478,2.2499302455357144,2.4308297293526784,116.0,1827,1.2
fixation,493958.371999979,0.3741670169613578,0.5739240971478549,2.2892511541193183,2.441897305575284,183.0,1828,1.2
fixation,494175.0419999361,0.444651335477829,0.5657583524783453,2.270097096761068,2.422551472981771,200.0,1829,1.2
fixation,494408.3789999485,0.5015964047475294,0.5630453635345806,2.2874797474254263,2.384969537908381,183.0,1830,1.2
fixation,494608.3819999695,0.5508479963649403,0.570171675898812,2.3177934126420454,2.4187802401455967,183.0,1831,1.2
fixation,494808.38499999046,0.5327875862518946,0.5811832124988238,2.333845774332682,2.416741689046224,200.0,1832,1.2
fixation,495025.0569999218,0.5876991271972656,0.6023614168167114,2.35224609375,2.4371124267578126,92.0,1833,1.2
fixation,495341.7309999466,0.5956150650978088,0.559792160987854,2.429010009765625,2.49249267578125,75.0,1834,1.2
fixation,495458.3969999552,0.6269556224346161,0.569478577375412,2.4918975830078125,2.5877166748046876,83.0,1835,1.2
fixation,495575.0640000105,0.6870916865088723,0.49781200967051764,2.5095089999112217,2.5956309925426138,184.0,1836,1.2
fixation,495791.73699998856,0.5604254727562269,0.5565459504723549,2.2922960917154946,2.396132151285807,200.0,1837,1.2
fixation,496008.4089999199,0.5236216746270657,0.5617218241095543,2.2451610565185547,2.362649917602539,133.0,1838,1.2
fixation,496175.07799994946,0.44859238564968107,0.5652048379182816,2.258198547363281,2.3880340576171877,167.0,1839,1.2
fixation,496375.0799999237,0.423344511538744,0.5599983222782612,2.250570297241211,2.4017467498779297,134.0,1840,1.2
fixation,496525.08499991894,0.3933630747099717,0.5669910982251167,2.270562489827474,2.3942362467447915,200.0,1841,1.2
fixation,496758.42199993134,0.49261458332722,0.5648379784363967,2.2477029653695912,2.3505108173076925,216.0,1842,1.2
fixation,497008.4239999056,0.5397003710269928,0.5723284721374512,2.2348388671875,2.352557373046875,91.0,1843,1.2
fixation,497291.7659999132,0.5638895386999304,0.571939693255858,2.2951854359019883,2.3747669566761362,183.0,1844,1.2
fixation,497491.7680000067,0.5998979875674615,0.5727331019364871,2.3604360727163463,2.4710482083834133,217.0,1845,1.2
fixation,497741.7739999294,0.717871758070859,0.4930171858180653,2.3048359264026987,2.3578366366299717,183.0,1846,1.2
fixation,497958.44199991226,0.6817847962180773,0.48725446065266925,2.2470703125,2.303553263346354,200.0,1847,1.2
fixation,498191.7810000181,0.7302358421412382,0.4877435700459914,2.299326116388494,2.3241022283380683,183.0,1848,1.2
fixation,498391.78600001335,0.7103417739272118,0.4863275233656168,2.3160295486450195,2.3568592071533203,267.0,1849,1.2
fixation,498675.1259999275,0.7507692135515667,0.4922019136803491,2.348088582356771,2.4159371512276784,350.0,1850,1.2
fixation,499091.79699993134,0.4436146787234715,0.4189685934356281,2.2933382306780135,2.453667776925223,241.0,1851,1.2
fixation,499558.4739999771,0.44824742755064595,0.3915609746025159,2.3410086998572717,2.465577932504507,425.0,1852,1.2
fixation,500025.14599990845,0.3880382254719734,0.2762807697057724,2.298236083984375,2.368218994140625,167.0,1853,NOTRIAL
fixation,500208.4839999676,0.3535845988407368,0.2742205516594212,2.275221289657965,2.376436559165396,683.0,1854,NOTRIAL
fixation,500908.49799990654,0.3798034238379176,0.2764171652677583,2.325886796160442,2.4214734333317454,691.0,1855,NOTRIAL
fixation,501808.51300001144,0.3533608400159412,0.2513423040509224,2.407687717013889,2.4999203152126737,150.0,1856,NOTRIAL
fixation,502191.8529999256,0.3584694489836693,0.33865846941868466,2.4364115397135415,2.5748011271158853,92.0,1857,NOTRIAL
fixation,502341.85399997234,0.3487439350835208,0.524545019042903,2.381000387257543,2.5322486614358835,483.0,1858,NOTRIAL
fixation,502841.86599993706,0.36459438502788544,0.5166587775403803,2.2831920276988638,2.4156050248579546,183.0,1859,NOTRIAL
fixation,503041.86899995804,0.4257097175078733,0.4997471480497292,2.3045785086495534,2.4234275817871094,467.0,1860,NOTRIAL
fixation,503541.8779999018,0.4164823171767322,0.6689630313353105,2.2940243807705967,2.4316447864879263,183.0,1861,NOTRIAL
fixation,503758.5460000038,0.36785806715488434,0.7019389033317566,2.3490646362304686,2.5050567626953124,166.0,1862,NOTRIAL
fixation,503958.55099999905,0.39323750883340836,0.5240363538265228,2.4017990112304686,2.5663742065429687,166.0,1863,NOTRIAL
fixation,504175.2229999304,0.3542546470250402,0.7522994663034167,2.3902598789760043,2.538362775530134,234.0,1864,NOTRIAL
fixation,504425.2279999256,0.3346897728741169,0.7437637686729431,2.3834136962890624,2.496734619140625,334.0,1865,NOTRIAL
fixation,504791.9009999037,0.36792055086085673,0.7419725013406653,2.3033945184004936,2.415761847245066,317.0,1866,NOTRIAL
fixation,505125.2389999628,0.3443169871966044,0.7600435793399811,2.308826700846354,2.429833984375,250.0,1867,NOTRIAL
fixation,505391.9139999151,0.36975865066051483,0.7417793065309525,2.2894241333007814,2.4001708984375,167.0,1868,NOTRIAL
fixation,505591.91499996185,0.44158670902252195,0.711687433719635,2.2844085693359375,2.3515716552734376,83.0,1869,NOTRIAL
fixation,505708.58499991894,0.6473258130061321,0.7254596929519604,2.348138662484976,2.4400345239883814,1300.0,1870,NOTRIAL
fixation,507058.60399997234,0.6102621369063854,0.5572272688150406,2.358194351196289,2.479424476623535,266.0,1871,NOTRIAL
fixation,507375.27899992466,0.4992568741242091,0.4284922480583191,2.4121161566840277,2.5469190809461804,150.0,1872,NOTRIAL
fixation,507558.6109999418,0.35826838612556455,0.46733224093914033,2.3623077392578127,2.541046142578125,166.0,1873,NOTRIAL
fixation,507775.2799999714,0.640042133629322,0.470735377818346,2.4002685546875,2.4854202270507812,342.0,1874,NOTRIAL
fixation,508391.95700001717,0.3668391670172031,0.4920182182238652,2.387603759765625,2.530889657827524,209.0,1875,NOTRIAL
fixation,508625.29799997807,0.3511626166291535,0.49292435264214873,2.293395519256592,2.4276833534240723,534.0,1876,NOTRIAL
fixation,509191.96799993515,0.48196311401469366,0.6135532238653728,2.1659534999302457,2.2818984985351562,233.0,1877,NOTRIAL
fixation,509458.64199995995,0.49634930569874613,0.4859947836712787,2.305987709446957,2.4132409346731087,316.0,1878,NOTRIAL
fixation,509791.9779999256,0.5205124497413636,0.48120917975902555,2.37559814453125,2.4417999267578123,91.0,1879,19
fixation,510191.9879999161,0.49977146776822895,0.35522617628941167,2.3867422250600963,2.5137904240534854,217.0,1880,19
fixation,510425.3219999075,0.468274292192961,0.3839084545248433,2.343240838301809,2.4564361572265625,317.0,1881,19
fixation,510758.6629999876,0.4445190793938107,0.38470830685562557,2.282196044921875,2.3913167317708335,300.0,1882,19
fixation,511075.33200001717,0.4664117335169404,0.3970748688335772,2.2849132396556713,2.3768559208622686,451.0,1883,19
fixation,511542.00599992275,0.4759644241560073,0.42934162205173854,2.3563355945405506,2.482578822544643,350.0,1884,19
fixation,511942.0119999647,0.5948157459497452,0.5518371552228928,2.4537872314453124,2.5512039184570314,167.0,1885,19
fixation,512158.6859999895,0.44986507296562195,0.6201040774583817,2.3962890625,2.5301467895507814,167.0,1886,19
fixation,512342.0199999809,0.44702744980653125,0.6466470181941986,2.408203125,2.539380900065104,250.0,1887,19
fixation,512608.69199991226,0.4562411531805992,0.6604706590825861,2.3425972678444604,2.4867962923916904,375.0,1888,19
fixation,513225.36899995804,0.38948873430490494,0.9205671101808548,2.269073486328125,2.4343395233154297,133.0,1889,19
fixation,513392.0389999151,0.44962716723481816,0.902212085823218,2.328294118245443,2.518646240234375,200.0,1890,19
fixation,513608.71099996567,0.4895641890664895,0.8939179653922716,2.291113535563151,2.445709228515625,200.0,1891,19
fixation,513908.71499991417,0.4072299003601074,0.8930434499468122,2.252570016043527,2.3817149571010043,233.0,1892,19
fixation,514175.385999918,0.47783708944916725,0.8822048753499985,2.2803916931152344,2.359539031982422,66.0,1893,19
fixation,514258.72099995613,0.5652862098067999,0.8890060912817717,2.302898406982422,2.381312370300293,267.0,1894,19
fixation,514558.72599995136,0.5914032955964407,0.8830528259277344,2.3170878092447915,2.4157791137695312,100.0,1895,19
fixation,514708.7279999256,0.5403175868771293,0.5525770268656991,2.330666281960227,2.444283225319602,191.0,1896,19
fixation,515142.0719999075,0.5518738627433777,0.6228284064461204,2.3340310489430145,2.472368128159467,276.0,1897,19
fixation,515458.7429999113,0.5874615410963694,0.5790511071681976,2.3593580457899304,2.478488498263889,150.0,1898,19
fixation,515658.74500000477,0.59435965269804,0.35417448803782464,2.3007652282714846,2.418529510498047,333.0,1899,19
fixation,516242.08999991417,0.47617049650712445,0.37609151005744934,2.2649605490944604,2.404776833274148,176.0,1900,19
fixation,516442.08899998665,0.49624695699839366,0.3818341387169702,2.287540980747768,2.415665762765067,700.0,1901,19
fixation,517158.7730000019,0.4653761696581747,0.4327872529918072,2.377980250938266,2.5048965753293504,850.0,1902,19
fixation,518025.4539999962,0.46991358129751115,0.43421345239593867,2.4043470110212053,2.583615984235491,350.0,1903,19
fixation,518392.1259999275,0.48537057141462964,0.39503679672876996,2.4106521606445312,2.5990804036458335,100.0,1904,FIX_CROS
fixation,518525.46399998665,0.4880647052217413,0.47614310185114544,2.434247617368345,2.6101950186270253,450.0,1905,FIX_CROS
fixation,519008.8039999008,0.47010521342357,0.39870428790648776,2.4545440673828125,2.6190770467122397,108.0,1906,FIX_CROS
fixation,519342.1449999809,0.4166639093309641,0.3933804761618376,2.4212799072265625,2.5814247131347656,126.0,1907,19.1
fixation,519508.81199991703,0.26065003126859665,0.32766711711883545,2.5145721435546875,2.664447784423828,67.0,1908,19.1
fixation,519608.814999938,0.22251096963882447,0.2611220866441727,2.5292694091796877,2.67081298828125,83.0,1909,19.1
fixation,519708.8140000105,0.19420732433597246,0.23089849948883057,2.406902313232422,2.537278493245443,200.0,1910,19.1
fixation,519925.48699998856,0.23181059956550598,0.22846467941999435,2.2842010498046874,2.3909423828125,83.0,1911,19.1
fixation,520025.4879999161,0.2825401382786887,0.22132244386843272,2.2235096522739957,2.2869066510881697,233.0,1912,19.1
fixation,520275.49399995804,0.3358165815472603,0.2282077044248581,2.1799835205078124,2.260966491699219,166.0,1913,19.1
fixation,520475.4959999323,0.41419568844139576,0.23073123209178448,2.174396514892578,2.2472991943359375,133.0,1914,19.1
fixation,520625.496999979,0.4636903703212738,0.2329363605628411,2.1986732482910156,2.2673428853352866,200.0,1915,19.1
fixation,520858.83599996567,0.3738558441400528,0.2296466812491417,2.2258071899414062,2.3211090087890627,167.0,1916,19.1
fixation,521058.83999991417,0.4595527269623496,0.2357087887146256,2.251670143821023,2.352670842950994,183.0,1917,19.1
fixation,521275.50899994373,0.501960301399231,0.23787816166877745,2.2807830810546874,2.362263488769531,166.0,1918,19.1
fixation,521475.51399993896,0.5622545447614458,0.2290424050556289,2.302915785047743,2.353276570638021,150.0,1919,19.1
fixation,521642.1809999943,0.5145789103375541,0.2334282567931546,2.2943717108832464,2.37093268500434,300.0,1920,19.1
fixation,521958.8559999466,0.48495587842030957,0.2409929788925431,2.2773021351207388,2.389617919921875,191.0,1921,19.1
fixation,522308.86199998856,0.5445645219749875,0.2356118162473043,2.2822452121310763,2.3734859890407987,142.0,1922,19.1
fixation,522475.53199994564,0.5744829336802165,0.23897478580474854,2.3633076985677084,2.4383585611979166,250.0,1923,19.1
fixation,522758.8709999323,0.6284609612296609,0.23283024833482854,2.2833978989545036,2.327602610868566,283.0,1924,19.1
fixation,523075.53999996185,0.6712420753070286,0.2319402446349462,2.2561107817150297,2.3213312058221724,350.0,1925,19.1
fixation,523442.21499991417,0.7182047329843044,0.23109428957104683,2.2922496795654297,2.332843780517578,134.0,1926,19.1
fixation,523708.8869999647,-0.32848156415499175,0.9039196051084079,2.285160945012019,2.359828068659856,225.0,1927,19.1
fixation,524158.8930000067,0.6155879557132721,0.3182256817817688,2.2648651123046877,2.2857879638671874,75.0,1928,19.1
fixation,524275.5640000105,0.6694426288207372,0.25406424949566525,2.290003458658854,2.3275858561197915,108.0,1929,19.1
fixation,524642.2359999418,0.7270483401688662,0.23954842713746158,2.4224423495205967,2.5498893044211646,184.0,1930,19.1
fixation,524842.2389999628,0.7121051788330078,0.2442544648051262,2.3998583984375,2.5141864013671875,417.0,1931,19.1
fixation,525275.5799999237,0.7041239341100057,0.2474705684516165,2.3445281982421875,2.430052015516493,150.0,1932,19.1
fixation,525458.9149999619,0.6703928411006927,0.24160503383193696,2.3653411865234375,2.4695118495396207,233.0,1933,19.1
fixation,525708.9229999781,0.7216393819877079,0.2358059622347355,2.4225387573242188,2.514275687081473,233.0,1934,19.1
fixation,525958.925999999,0.7475651303927103,0.2358451255907615,2.4470558166503906,2.5542627970377603,200.0,1935,19.1
fixation,526192.2649999857,0.7798834785819053,0.23353040553629398,2.4520172119140624,2.5372085571289062,342.0,1936,19.1
fixation,526725.6079999208,0.790120854973793,0.23555322679189536,2.4650503305288463,2.54875241793119,425.0,1937,19.1
fixation,527175.615999937,0.821359395980835,0.23241968033835292,2.3795576095581055,2.4062366485595703,266.0,1938,19.1
fixation,527492.2910000086,0.6824175367752711,0.23992263401548067,2.3115921020507812,2.354466756184896,108.0,1939,19.1
fixation,527825.6299999952,0.6568386937890734,0.231644335602011,2.4530138288225447,2.506742204938616,108.0,1940,19.1
fixation,527958.9670000076,0.6072518825531006,0.23985086381435394,2.5103759765625,2.598563454367898,183.0,1941,19.1
fixation,528175.638999939,0.675782585144043,0.24046090642611187,2.4117360432942707,2.480433146158854,250.0,1942,19.1
fixation,528442.3099999428,0.7111370804218146,0.2362323380433596,2.4281971271221456,2.498819497915415,867.0,1943,19.1
fixation,529325.6610000134,0.7417315930128098,0.23584176301956178,2.48988037109375,2.5856353759765627,166.0,1944,19.1
fixation,529525.6660000086,0.7807563871145249,0.23628225699067115,2.502458190917969,2.603993225097656,167.0,1945,19.1
fixation,529709.0039999485,0.7622602991759777,0.24062155280262232,2.515178680419922,2.6245651245117188,134.0,1946,19.1
fixation,529909.0099999905,0.24385424620575374,0.3253118346134822,2.427488538953993,2.647398206922743,150.0,1947,19.1
fixation,530075.675999999,0.19166983229418597,0.3163849351306756,2.4090563456217446,2.596019744873047,200.0,1948,19.1
fixation,530292.3499999046,0.22459394624456763,0.3207827592268586,2.379227638244629,2.5172109603881836,266.0,1949,19.1
fixation,530575.689999938,0.2006343142951236,0.3124929973307778,2.3046291575712314,2.3947951372931984,283.0,1950,19.1
fixation,530892.3639999628,0.3261986921230952,0.3245675166447957,2.2655843098958335,2.3647393120659723,150.0,1951,19.1
fixation,531075.7009999752,0.2957850009202957,0.32443792521953585,2.250555419921875,2.360875447591146,250.0,1952,19.1
fixation,531342.371999979,0.3425432413816452,0.329399961233139,2.2549102783203123,2.3593841552734376,91.0,1953,19.1
fixation,531742.3789999485,0.41182757701192585,0.33365229197910856,2.296666826520647,2.4208297729492188,233.0,1954,19.1
fixation,531992.385999918,0.4654710808625588,0.34792799445299,2.3166057880108175,2.4358590932992787,216.0,1955,19.1
fixation,532242.3880000114,0.5276079367507588,0.3381799933585254,2.2759871049360796,2.3701130260120737,183.0,1956,19.1
fixation,532442.3930000067,0.5733332891355861,0.32679569721221924,2.311553955078125,2.401305458762429,366.0,1957,19.1
fixation,532842.3989999294,0.6262532770633698,0.32271177172660825,2.3334981282552083,2.420344034830729,250.0,1958,19.1
fixation,533109.07099998,0.6643890692637517,0.32491280826238483,2.345586923452524,2.436962421123798,225.0,1959,19.1
fixation,533442.4119999409,0.7153652693544116,0.33822239509650637,2.328650338309152,2.433720179966518,108.0,1960,19.1
fixation,533575.7459999323,0.7512798483173052,0.3345128757258256,2.3796119689941406,2.4841626485188804,200.0,1961,19.1
fixation,533792.4169999361,0.7162449549544941,0.3315374810587276,2.380369706587358,2.4823441938920454,183.0,1962,19.1
fixation,534009.0870000124,0.7892711907625198,0.33176678232848644,2.3341541290283203,2.4119338989257812,134.0,1963,19.1
fixation,534209.0920000076,0.266146468264716,0.41032789008958,2.287196568080357,2.443910871233259,117.0,1964,19.1
fixation,534342.4249999523,0.20651107447014916,0.4109877364503013,2.3101637098524304,2.455508761935764,150.0,1965,19.1
fixation,534559.0970000029,0.7301905197756631,0.3353448989135878,2.3882152012416293,2.437943594796317,234.0,1966,19.1
fixation,534809.1019999981,0.6918128579854965,0.3221143539994955,2.330476760864258,2.4046573638916016,134.0,1967,19.1
fixation,534959.1039999723,0.7101128778674386,0.3101295666261153,2.3116191517223013,2.373349276455966,184.0,1968,19.1
fixation,535175.7739999294,0.8184339915003095,0.3168406124625887,2.3296966552734375,2.3841988699776784,117.0,1969,19.1
fixation,535359.1139999628,0.23692337051033974,0.39891935512423515,2.2579193115234375,2.4241256713867188,134.0,1970,19.1
fixation,535509.1129999161,0.20828860040221894,0.39970397097723825,2.283628191266741,2.42669677734375,117.0,1971,19.1
fixation,535659.1169999838,0.30311809645758736,0.4065914882553948,2.3130052354600696,2.4436204698350696,158.0,1972,19.1
fixation,536059.1239999533,0.3606727399996349,0.39305863210133146,2.289125714983259,2.387233189174107,117.0,1973,19.1
fixation,536209.1239999533,0.422187759407929,0.4032649951321738,2.348742893763951,2.471783229282924,234.0,1974,19.1
fixation,536459.1289999485,0.4086007720657757,0.4018890080707414,2.249701363699777,2.3840430123465404,234.0,1975,19.1
fixation,536725.800999999,0.44674717348355514,0.40228088658589584,2.2120584341195912,2.3406278170072117,217.0,1976,19.1
fixation,536975.8039999008,0.5104074044661089,0.40315396677364,2.2482771439985796,2.3399602716619317,183.0,1977,19.1
fixation,537175.8079999685,0.4883300003906091,0.40329406782984734,2.2556966145833335,2.376244862874349,200.0,1978,19.1
fixation,537425.8099999428,0.7097101807594299,0.33277536115863104,2.345338301225142,2.427676114169034,183.0,1979,19.1
fixation,537625.8109999895,0.7627100586891175,0.3301500419775645,2.3610636393229165,2.435649617513021,250.0,1980,19.1
fixation,537925.8169999123,0.5073982725540797,0.40887826060255367,2.312768300374349,2.4247779846191406,200.0,1981,19.1
fixation,538142.4859999418,0.47582514137029647,0.4183917224407196,2.3237152099609375,2.4632797241210938,166.0,1982,19.1
fixation,538325.824000001,0.5499227792024612,0.4182104642192523,2.362494150797526,2.4542147318522134,200.0,1983,19.1
fixation,538542.4929999113,0.6506440689166387,0.41988985364635784,2.372913360595703,2.4500910441080728,200.0,1984,19.1
fixation,538759.1629999876,0.6298252024820873,0.4247880790914808,2.3858849661690846,2.462141854422433,234.0,1985,19.1
fixation,539025.8349999189,0.6847963631153107,0.4270905339055591,2.4061686197916665,2.4902106391059027,150.0,1986,19.1
fixation,539209.1689999104,0.6305499797066053,0.42439522966742516,2.3883997599283853,2.4881057739257812,208.0,1987,19.1
fixation,539609.1749999523,0.7377050008092608,0.40592704500470844,2.4225540161132812,2.5006310599190846,234.0,1988,19.1
fixation,539909.1789999008,0.23244303185492754,0.5155665948987007,2.3741397857666016,2.4955615997314453,134.0,1989,19.1
fixation,540059.1819999218,0.18475747170547643,0.5128635602692763,2.2351252237955728,2.3611361185709634,200.0,1990,19.1
fixation,540292.51699996,0.29643937945365906,0.5255025960505009,2.210434913635254,2.3203163146972656,266.0,1991,19.1
fixation,540592.5230000019,0.3659193015524319,0.5146432806338582,2.203904288155692,2.278184073311942,233.0,1992,19.1
fixation,540842.5259999037,0.413626798174598,0.5095719234509901,2.248472733931108,2.3042782870205967,183.0,1993,19.1
fixation,541059.192999959,0.44867319489518803,0.5118512486418089,2.2763468424479165,2.3412691752115884,200.0,1994,19.1
fixation,541275.865999937,0.49078725704125,0.5182844932590213,2.3093654087611606,2.368743896484375,117.0,1995,19.1
fixation,541425.865999937,0.5353724099695683,0.5154340490698814,2.3269405364990234,2.3855743408203125,133.0,1996,19.1
fixation,541592.5379999876,0.574960415561994,0.5132806052764257,2.335210164388021,2.4067866007486978,200.0,1997,19.1
fixation,541825.875,0.6385208855975758,0.5124646560712294,2.385599309747869,2.464852072975852,183.0,1998,19.1
fixation,542059.2139999866,0.7090804113282098,0.5137195785840353,2.4052632649739585,2.473973592122396,158.0,1999,19.1
fixation,542442.5519999266,0.7653457100192705,0.48675474027792615,2.4085667928059897,2.4806226094563804,192.0,2000,19.1
fixation,542659.2259999514,0.8047423027455807,0.4901903662830591,2.399700164794922,2.4360580444335938,134.0,2001,19.1
fixation,542859.2279999256,0.23694248178175517,0.5675337357180459,2.205594744001116,2.319789341517857,117.0,2002,19.1
fixation,542992.564999938,0.18561216505865255,0.5873677581548691,2.1445719401041665,2.2788683573404946,200.0,2003,19.1
fixation,543209.2339999676,0.22903248987027577,0.6029936245509556,2.1961190359933034,2.3195887974330356,117.0,2004,19.1
fixation,543342.5699999332,0.2827976842721303,0.6063248589634895,2.2381413777669272,2.3458658854166665,200.0,2005,19.1
fixation,543625.9069999456,0.3498010575771332,0.5876419405142467,2.2302897135416666,2.3439951578776044,250.0,2006,19.1
fixation,543909.2459999323,0.40007973462343216,0.5783676862716675,2.273695373535156,2.376173400878906,167.0,2007,19.1
fixation,544109.2479999065,0.4562004974910191,0.5701354635613305,2.270824977329799,2.3507843017578125,234.0,2008,19.1
fixation,544359.2529999018,0.4943723665042357,0.5723377059806477,2.284758134321733,2.357266512784091,184.0,2009,19.1
fixation,544575.9249999523,0.5685450335343679,0.5723745147387187,2.3135772705078126,2.401023356119792,250.0,2010,19.1
fixation,544859.2619999647,0.6781845301389694,0.582477131485939,2.3699493408203125,2.445750427246094,167.0,2011,19.1
fixation,545042.5989999771,0.6583900323935917,0.5740079666887011,2.3406175885881697,2.438267299107143,116.0,2012,19.1
fixation,545192.6029999256,0.7378323238629562,0.5803729754227859,2.3676487849308896,2.44989013671875,216.0,2013,19.1
fixation,545425.9390000105,0.7600013762712479,0.582103411356608,2.3252792358398438,2.421300252278646,100.0,2014,19.1
fixation,545542.6059999466,0.8039279679457346,0.5954314470291138,2.3273747762044272,2.3822911580403647,100.0,2015,19.1
fixation,545709.2779999971,0.22670537140220404,0.6755194216966629,2.2752342224121094,2.441427230834961,134.0,2016,19.1
fixation,545859.2799999714,0.19019702449440956,0.6943059464295706,2.3054300944010415,2.4677912394205728,100.0,2017,19.1
fixation,545992.6200000048,0.2814376238319609,0.6901649369133843,2.3179423014322915,2.467837863498264,150.0,2018,19.1
fixation,546175.9519999027,0.3324976176023483,0.6903796464204788,2.2804519653320314,2.410322570800781,175.0,2019,19.1
fixation,546542.6239999533,0.40404582023620605,0.6787918321788311,2.280029296875,2.3871936798095703,125.0,2020,19.1
fixation,546692.621999979,0.45448558245386395,0.6657835940519968,2.328666323707217,2.3972916376023066,350.0,2021,19.1
fixation,547075.9620000124,0.5174146504963145,0.6779290911029366,2.2560065774356617,2.332611981560202,283.0,2022,19.1
fixation,547392.6330000162,0.5839143341237848,0.6858527660369873,2.3331049138849433,2.3807137229225854,183.0,2023,19.1
fixation,547592.6339999437,0.5662217557430267,0.6830114901065827,2.3450286865234373,2.38353271484375,83.0,2024,19.1
fixation,547709.3029999733,0.6373339091476641,0.6872982006323965,2.3914786890933386,2.4563622725637337,317.0,2025,19.1
fixation,548059.3079999685,0.6921859741210937,0.6968339562416077,2.388958740234375,2.49520263671875,84.0,2026,19.1
fixation,548159.3059999943,0.7364624217152596,0.6945952028036118,2.4117940266927085,2.486008961995443,200.0,2027,19.1
fixation,548375.9769999981,0.710560808579127,0.6990866487224897,2.4535446166992188,2.526208241780599,200.0,2028,19.1
fixation,548609.3129999638,0.7860691672877261,0.6923427205336722,2.46539306640625,2.5215389854029606,317.0,2029,19.1
fixation,548975.9839999676,0.4870240718126297,0.7553347706794739,2.3833251953125,2.4993621826171877,83.0,2030,19.1
fixation,549075.9829999208,0.45059497902790707,0.7713754723469416,2.379608154296875,2.5259577433268228,100.0,2031,19.1
fixation,549192.6509999037,0.4205120120729719,0.7753216624259949,2.367459978376116,2.5301513671875,116.0,2032,19.1
fixation,549342.6539999247,0.5383236674886,0.7673432576028925,2.3791046142578125,2.470290334601151,316.0,2033,19.1
fixation,549709.3249999285,0.49060232006013393,0.4527953937649727,2.387655258178711,2.4871139526367188,134.0,2034,19.1
fixation,549892.6599999666,0.44859257247298956,0.2838714011013508,2.3987627029418945,2.4934654235839844,266.0,2035,NOTRIAL
fixation,550192.6619999409,0.35318669319152834,0.27082830786705014,2.3347027587890623,2.448658447265625,417.0,2036,NOTRIAL
fixation,550626.0009999275,0.3666821921413595,0.2811705307527022,2.2465889670632104,2.3491405140269888,184.0,2037,NOTRIAL
fixation,550842.6719999313,0.6435518488287926,0.2663071947172284,2.266720771789551,2.323324203491211,267.0,2038,NOTRIAL
fixation,551126.0059999228,0.6281745672225952,0.26781531274318693,2.2990814208984376,2.3662750244140627,92.0,2039,NOTRIAL
fixation,551426.0119999647,0.6465884370188559,0.27577885793101403,2.423185779202369,2.484553675497732,509.0,2040,NOTRIAL
fixation,551992.689999938,0.6531988133986791,0.49490331299602985,2.2962239583333335,2.336440404256185,400.0,2041,NOTRIAL
fixation,552442.69599998,0.6617800864306363,0.28527786108580505,2.370963356711648,2.4782603870738638,183.0,2042,NOTRIAL
fixation,552642.6999999285,0.6411107461298665,0.2674925058118759,2.402887651997228,2.5128277194115425,517.0,2043,NOTRIAL
fixation,553209.3769999743,0.6470379264731156,0.49920161539002467,2.419001529091283,2.4892192639802633,316.0,2044,NOTRIAL
fixation,553559.3830000162,0.6026441901922226,0.717768207192421,2.3893795013427734,2.470707893371582,266.0,2045,NOTRIAL
fixation,553842.7199999094,0.5787831144086246,0.7086078216289652,2.3794881886449355,2.4587476006869613,483.0,2046,NOTRIAL
fixation,554342.7279999256,0.6616167351603508,0.745192309220632,2.3371124267578125,2.424999237060547,200.0,2047,NOTRIAL
fixation,554559.3989999294,0.6428661480545997,0.7370088711380959,2.304761505126953,2.41661376953125,333.0,2048,NOTRIAL
fixation,554942.7359999418,0.37660674937069416,0.7314911000430584,2.2602767944335938,2.414339065551758,133.0,2049,NOTRIAL
fixation,555092.740999937,0.34202248230576515,0.7465529317657152,2.300276438395182,2.451826731363932,200.0,2050,NOTRIAL
fixation,555326.0789999962,0.3650738285346465,0.7334506403316151,2.332907936789773,2.4689816561612217,192.0,2051,NOTRIAL
fixation,555759.4210000038,0.5818060733176567,0.7203795627967732,2.294142027158995,2.3787412901182434,608.0,2052,NOTRIAL
fixation,556409.4289999008,0.6432150602340698,0.7469954118132591,2.2723865509033203,2.318178176879883,133.0,2053,NOTRIAL
fixation,556576.1019999981,0.5130569264292717,0.7908474802970886,2.21234130859375,2.3045578002929688,67.0,2054,NOTRIAL
fixation,556676.1019999981,0.4259678557515144,0.8176316797733307,2.264820861816406,2.3902069091796876,167.0,2055,NOTRIAL
fixation,556892.7739999294,0.5740724951028824,0.8097016543149949,2.368743896484375,2.4875732421875,167.0,2056,NOTRIAL
fixation,557092.7789999247,0.644044554233551,0.7533388296763103,2.407135009765625,2.504311116536458,258.0,2057,NOTRIAL
fixation,557626.1229999065,0.5569210258814005,0.4766164800295463,2.409741915189303,2.5183574969951925,217.0,2058,FIX_CROS
fixation,557859.4609999657,0.5021669545343944,0.4709216515932764,2.4061508178710938,2.5175247192382812,233.0,2059,FIX_CROS
fixation,558126.1349999905,0.4472303479909897,0.36235347390174866,2.2811431884765625,2.406080627441406,175.0,2060,FIX_CROS
fixation,558542.8099999428,0.417643402429188,0.3169926071868223,2.331227919634651,2.448765474207261,283.0,2061,FIX_CROS
fixation,558859.4839999676,0.2860598713159561,0.4667776922384898,2.3181279500325522,2.4639689127604165,100.0,2062,19.2
fixation,558976.1509999037,0.22318532019853593,0.48026573210954665,2.2550994873046877,2.3733184814453123,167.0,2063,19.2
fixation,559176.1569999456,0.2719772722986009,0.4814501288864348,2.228303697374132,2.320736355251736,150.0,2064,19.2
fixation,559342.8249999285,0.32790030390024183,0.48500033766031264,2.207234191894531,2.3153976440429687,167.0,2065,19.2
fixation,559526.1660000086,0.3671368323266506,0.4846458211541176,2.2270940144856772,2.287316640218099,200.0,2066,19.2
fixation,559759.5029999018,0.42092759907245636,0.48461848000685376,2.240298800998264,2.3097042507595487,150.0,2067,19.2
fixation,559926.1719999313,0.39174756833485197,0.48259752137320383,2.2479444231305803,2.332643781389509,117.0,2068,19.2
fixation,560059.5119999647,0.35386582016944884,0.4813989460468292,2.26331787109375,2.3371124267578125,83.0,2069,19.2
fixation,560159.5119999647,0.35536836584409076,0.48712355891863507,2.278500027126736,2.3738844129774304,150.0,2070,19.2
fixation,560342.8470000029,0.40274859162477344,0.48243331679931056,2.2623795729417067,2.384502704326923,217.0,2071,19.2
fixation,560592.8509999514,0.4606388409932454,0.4750440965096156,2.251096937391493,2.3919864230685763,150.0,2072,19.2
fixation,560759.5249999762,0.44298098815812004,0.4830956591500176,2.260136922200521,2.3869205050998263,150.0,2073,19.2
fixation,560942.8619999886,0.5074522718787193,0.48242078473170596,2.2948087056477866,2.384418487548828,200.0,2074,19.2
fixation,561159.5310000181,0.4911409392952919,0.48122912645339966,2.2631378173828125,2.3942972819010415,108.0,2075,19.2
fixation,561492.8739999533,0.4595166016370058,0.5063600111752748,2.303211212158203,2.439107894897461,133.0,2076,19.2
fixation,561659.5419999361,0.5141802936792373,0.5150690004229546,2.378526306152344,2.473616027832031,166.0,2077,19.2
fixation,561842.8779999018,0.5456030791004499,0.5105456784367561,2.3305435180664062,2.394700368245443,200.0,2078,19.2
fixation,562059.5489999056,0.6011528914624994,0.5103333795612509,2.3216011740944604,2.374540849165483,183.0,2079,19.2
fixation,562276.2149999142,0.6640697483505521,0.5108862774712699,2.349979945591518,2.3875579833984375,234.0,2080,19.2
fixation,562542.888999939,0.7063979531327883,0.5114956945180893,2.377765655517578,2.4284032185872397,200.0,2081,19.2
fixation,562776.2279999256,0.7558678220957518,0.5077385539188981,2.3927602767944336,2.4490175247192383,267.0,2082,19.2
fixation,563076.2329999208,0.7920215527216593,0.4964340105652809,2.3963699340820312,2.4496688842773438,100.0,2083,19.2
fixation,563242.9029999971,0.29948486600603375,0.5186632254293987,2.3738490513392856,2.5266244070870534,117.0,2084,19.2
fixation,563392.9049999714,0.2351831201877859,0.4978928632206387,2.354251437717014,2.5037740071614585,300.0,2085,19.2
fixation,563726.2429999113,0.29771002133687335,0.507705248064465,2.318172878689236,2.4514600965711804,158.0,2086,19.2
fixation,564176.2559999228,0.3855866014957428,0.5045056750377019,2.2719217936197915,2.400384521484375,250.0,2087,19.2
fixation,564442.9239999056,0.411841223637263,0.5103651682535807,2.2905400594075522,2.420758565266927,100.0,2088,19.2
fixation,564576.2599999905,0.3589791879057884,0.5232891043027242,2.2580591837565103,2.3918050130208335,108.0,2089,19.2
fixation,564876.2649999857,0.38924455004079,0.4901496831859861,2.327760968889509,2.4209420340401784,109.0,2090,19.2
fixation,565026.26699996,0.41417687551842797,0.4841986836658584,2.4059956868489585,2.5312186347113714,300.0,2091,19.2
fixation,565342.936999917,0.4019357192295569,0.48424780644752363,2.2611909089265048,2.3939791078920716,450.0,2092,19.2
fixation,565809.6139999628,0.44639560878276824,0.48497980535030366,2.2837158203125,2.4002235412597654,333.0,2093,19.2
fixation,566176.2879999876,0.4953992324216025,0.5056576601096562,2.3408421107700894,2.460394723074777,125.0,2094,19.2
fixation,566492.9599999189,0.5330602476994196,0.4969005088011424,2.3756319681803384,2.49383544921875,192.0,2095,19.2
fixation,566726.2989999056,0.5975956720549885,0.49985997996679166,2.3405192305402056,2.4036552615282014,684.0,2096,19.2
fixation,567459.6480000019,0.49750755230585736,0.5013128005796008,2.311528523763021,2.427827623155382,158.0,2097,19.2
fixation,567876.324000001,0.5167879145592451,0.5172846186906099,2.4483375549316406,2.541513442993164,267.0,2098,19.2
fixation,568159.6639999151,0.5415035269477151,0.5167998454787515,2.4083931662819604,2.4787528298117896,183.0,2099,19.2
fixation,568359.6660000086,0.4923251075670123,0.5072360211052,2.3143248558044434,2.41019868850708,533.0,2100,19.2
fixation,568993.0149999857,0.4371443135397775,0.3168210770402636,2.354424612862723,2.46728515625,117.0,2101,NOTRIAL
fixation,569159.686999917,0.6255763014157613,0.2899520893891652,2.4492767333984373,2.523423258463542,250.0,2102,NOTRIAL
fixation,569426.3569999933,0.6449298679828643,0.282451231777668,2.459217834472656,2.5586029052734376,166.0,2103,NOTRIAL
fixation,569609.6940000057,0.5525708049535751,0.27650809412201244,2.415788014729818,2.5371907552083335,200.0,2104,NOTRIAL
fixation,569843.0329999924,0.5027896059410912,0.2799484602042607,2.380334036690848,2.524012974330357,125.0,2105,NOTRIAL
fixation,570193.0399999619,0.4989888395952142,0.27758489095646405,2.357363493546196,2.4626358695652173,759.0,2106,NOTRIAL
fixation,570976.3939999342,0.43681132116101007,0.2733130170540376,2.2397946444424717,2.319985129616477,183.0,2107,NOTRIAL
fixation,571193.061999917,0.393072298169136,0.4492973923683167,2.191058349609375,2.3058441162109373,84.0,2108,NOTRIAL
fixation,571309.7309999466,0.34439709782600403,0.4985341097299869,2.269526554987981,2.3728050818810096,217.0,2109,NOTRIAL
fixation,571543.0699999332,0.3605561003088951,0.49626905620098116,2.29239501953125,2.3966964721679687,167.0,2110,NOTRIAL
fixation,571759.7379999161,0.525618505019408,0.4817847850231024,2.2675804725060096,2.3626321645883412,217.0,2111,NOTRIAL
fixation,572009.743999958,0.6378829072822224,0.4841355058279904,2.304197831587358,2.3575481068004263,183.0,2112,NOTRIAL
fixation,572243.0789999962,0.4833779167383909,0.47853104397654533,2.2560768127441406,2.3704166412353516,134.0,2113,NOTRIAL
fixation,572393.0820000172,0.5002150610089302,0.4849646712342898,2.2930501302083335,2.3883056640625,100.0,2114,NOTRIAL
fixation,572526.4179999828,0.35259692264454706,0.715087598987988,2.3145108904157365,2.422009059361049,233.0,2115,NOTRIAL
fixation,572793.0899999142,0.39601316882504356,0.5078465673658583,2.348756578233507,2.48065185546875,150.0,2116,NOTRIAL
fixation,572976.4289999008,0.43012999840404675,0.48585562731908716,2.300764664359715,2.453183381453804,391.0,2117,NOTRIAL
fixation,573543.1059999466,0.360131923109293,0.7721581272780895,2.282848358154297,2.4406795501708984,126.0,2118,NOTRIAL
fixation,573693.1059999466,0.33870885234612685,0.7498234349947709,2.36520503117488,2.5238987849308896,217.0,2119,NOTRIAL
fixation,573926.4440000057,0.37005268037319183,0.7420902183422675,2.2919781024639425,2.4490767258864183,216.0,2120,NOTRIAL
fixation,574243.1150000095,0.43284485042095183,0.5165051043033599,2.2532394409179686,2.385870361328125,167.0,2121,NOTRIAL
fixation,574443.1200000048,0.3621358094470842,0.5010114844356265,2.2749154227120534,2.3981475830078125,242.0,2122,NOTRIAL
fixation,574893.1269999743,0.49412983426680934,0.696949486549084,2.2844097430889425,2.351136427659255,217.0,2123,NOTRIAL
fixation,575126.4649999142,0.5069564763042662,0.7071336176660326,2.363900078667535,2.418462117513021,150.0,2124,NOTRIAL
fixation,575309.8029999733,0.3584958567069127,0.7290099056867453,2.287042471078726,2.38198735163762,217.0,2125,NOTRIAL
fixation,575543.1369999647,0.33651942759752274,0.7417685708829335,2.259120396205357,2.3230296543666293,234.0,2126,NOTRIAL
fixation,575793.1439999342,0.3736668916212188,0.7287836240397559,2.2388687133789062,2.334222581651476,300.0,2127,NOTRIAL
fixation,576109.814999938,0.3514648422598839,0.7482140988111496,2.263086700439453,2.3850631713867188,333.0,2128,NOTRIAL
fixation,576476.4869999886,0.42691924050450325,0.7144904062151909,2.242931365966797,2.3480758666992188,66.0,2129,NOTRIAL
fixation,576576.4879999161,0.5589117676019668,0.710400915145874,2.285552978515625,2.35328369140625,166.0,2130,NOTRIAL
fixation,576759.8249999285,0.5746776461601257,0.7150081296761831,2.3325087229410806,2.4193223317464194,408.0,2131,NOTRIAL
fixation,577393.175999999,0.5852900317737034,0.7181384286710194,2.3013643537248885,2.3715122767857144,226.0,2132,NOTRIAL
fixation,577659.8479999304,0.5360943414270878,0.5116870744774739,2.3526484171549478,2.454751968383789,400.0,2133,NOTRIAL
fixation,578109.8429999352,0.41659677028656006,0.37356586568057537,2.3248519897460938,2.443300247192383,133.0,2134,NOTRIAL
fixation,578276.5119999647,0.4049901459366083,0.2636686861515045,2.3434314727783203,2.466726303100586,133.0,2135,NOTRIAL
fixation,578443.1829999685,0.35635491212209064,0.2461256751169761,2.36895751953125,2.4787928263346353,200.0,2136,NOTRIAL
fixation,578693.186999917,0.40903523936867714,0.25181814562529325,2.3829898834228516,2.44036865234375,134.0,2137,NOTRIAL
fixation,578859.8549998999,0.46887109577655794,0.2556765913963318,2.34730224609375,2.397467041015625,83.0,2138,NOTRIAL
fixation,578976.5230000019,0.5369866722159915,0.2462552943163448,2.329438951280382,2.353876749674479,150.0,2139,NOTRIAL
fixation,579176.5259999037,0.6342025538285573,0.2436952327688535,2.3469441731770835,2.367722574869792,250.0,2140,NOTRIAL
fixation,579476.5299999714,0.3851540431380272,0.45454149693250656,2.3066360473632814,2.3967681884765626,166.0,2141,NOTRIAL
fixation,579659.8679999113,0.3500429835656415,0.4842246194248614,2.3211656653362773,2.449893785559613,767.0,2142,NOTRIAL
fixation,580509.8799999952,0.4558846487810737,0.6947735485277677,2.278641550164474,2.373556036698191,317.0,2143,NOTRIAL
fixation,580859.885999918,0.48282983899116516,0.4941741468814703,2.3884183443509617,2.555126483623798,217.0,2144,NOTRIAL
fixation,581376.5599999428,0.47897845913063397,0.4134475886821747,2.3532853560014204,2.5154904452237217,175.0,2145,9
fixation,581609.8969999552,0.46402037888765335,0.4985984613498052,2.3925501505533853,2.5429280598958335,100.0,2146,9
fixation,581743.2329999208,0.4811928773468191,0.5518012642860413,2.3277143998579546,2.4305891557173296,192.0,2147,9
fixation,582176.5729999542,0.49478492587804795,0.497269843518734,2.3966529846191404,2.516552734375,325.0,2148,9
fixation,582543.2489999533,0.4745994264429266,0.5849141857840798,2.314756913618608,2.4313923228870737,184.0,2149,9
fixation,582759.9179999828,0.2896929427981377,0.8819163233041764,2.3279205322265626,2.4459304809570312,167.0,2150,9
fixation,582943.2539999485,0.26602185103628373,0.8877454731199477,2.3475833468967013,2.486538357204861,150.0,2151,9
fixation,583126.5929999352,0.35102834304173786,0.8842831800381342,2.3611272176106772,2.459000905354818,200.0,2152,9
fixation,583359.9279999733,0.4072120897471905,0.8800550873080889,2.3406753540039062,2.4040629069010415,208.0,2153,9
fixation,583826.6029999256,0.4932116962969303,0.891748571395874,2.328379821777344,2.4230117797851562,333.0,2154,9
fixation,584176.6100000143,0.4672088987297482,0.8959772917959425,2.315736558702257,2.399997287326389,150.0,2155,9
fixation,584359.94599998,0.616575511602255,0.897491991519928,2.310840313251202,2.369017380934495,217.0,2156,9
fixation,584593.2839999199,0.627956550854903,0.8899184259084555,2.311931903545673,2.3743215707632213,217.0,2157,9
fixation,584843.2860000134,0.5936302721500397,0.8846807658672333,2.29976806640625,2.379536437988281,167.0,2158,9
fixation,585043.2919999361,0.7049861664955432,0.8879871597656837,2.3323763333834133,2.4029001089242787,217.0,2159,9
fixation,585276.6279999018,0.6876116693019867,0.8863602677981058,2.333552042643229,2.4179000854492188,108.0,2160,9
fixation,585593.2969999313,0.516105386518663,0.5662131780578245,2.333154985981603,2.45513916015625,517.0,2161,9
fixation,586426.6480000019,0.4839026406407356,0.5296193808317184,2.3538970947265625,2.5046539306640625,66.0,2162,9
fixation,586526.6519999504,0.4554583018316942,0.4848751197842991,2.418558457318474,2.6070538689108456,283.0,2163,9
fixation,586826.6539999247,0.4660412351290385,0.5238395869731903,2.319384765625,2.4877115885416665,250.0,2164,9
fixation,587093.3249999285,0.49450889229774475,0.5433200776576996,2.32969970703125,2.4655502319335936,167.0,2165,9
fixation,587293.3299999237,0.4631466624828485,0.5858892133602729,2.3625723031850963,2.4971278263972354,217.0,2166,9
fixation,587543.3379999399,0.4163372566302617,0.6226485537158118,2.383845011393229,2.5369194878472223,150.0,2167,9
fixation,587726.6710000038,0.3973848442236582,0.6488951981067658,2.3501617431640627,2.5174580891927083,250.0,2168,9
fixation,588026.6779999733,0.4391251165005896,0.46714089810848236,2.336269802517361,2.4784215291341147,300.0,2169,9
fixation,588360.0149999857,0.5273169734898735,0.4211440778830472,2.3708567899816178,2.475882137522978,284.0,2170,9
fixation,588660.0199999809,0.5407990108836781,0.4483914849433032,2.3860917524857954,2.4799665971235796,192.0,2171,9
fixation,589093.3639999628,0.5626188243428866,0.4675055382152398,2.431423187255859,2.5105209350585938,200.0,2172,9
fixation,589310.0339999199,0.5831910874694586,0.5133457472547889,2.433330535888672,2.523527145385742,267.0,2173,9
fixation,589593.3729999065,0.6137254883845648,0.5198144962390264,2.351292928059896,2.4307530721028647,208.0,2174,9
fixation,589993.3789999485,0.42255593700842425,0.4546347964893688,2.376333063299006,2.5138078169389204,175.0,2175,9
fixation,590193.3830000162,0.4410806502457018,0.4985848621085838,2.4312744140625,2.5935177273220487,450.0,2176,9
fixation,590676.7259999514,0.38787698875302856,0.6564628430034803,2.320967964504076,2.4506650178328804,383.0,2177,9
fixation,591093.3999999762,0.4561301786452532,0.6485142298042774,2.372372627258301,2.4868345260620117,266.0,2178,9
fixation,591393.4060000181,0.5283679558950312,0.6423498076551101,2.398563160615809,2.502259198357077,566.0,2179,9
fixation,591993.4169999361,0.5610484659671784,0.5453757146994272,2.4692596435546874,2.5599629720052084,250.0,2180,9
fixation,592276.7569999695,0.6001084034259503,0.5227645658529722,2.4884620079627404,2.576783400315505,217.0,2181,9
fixation,592543.4269999266,0.5774314701557159,0.3778612421204646,2.5671685536702475,2.720120112101237,400.0,2182,9
fixation,592960.1009999514,0.54579130311807,0.3635343387722969,2.5854708353678384,2.7624638875325522,208.0,2183,9
fixation,593360.1089999676,0.5216201759046979,0.3785588401887152,2.564661661783854,2.7742716471354165,292.0,2184,9
fixation,593676.7810000181,0.5179101665814717,0.43128242790699006,2.536485799153646,2.6878377278645833,250.0,2185,9
fixation,593943.4529999495,0.5177274187405904,0.4745153983434041,2.3973795572916665,2.5209025065104167,250.0,2186,9
fixation,594226.7919999361,0.4296052244802316,0.4795712356766065,2.395501454671224,2.535261789957682,200.0,2187,9
fixation,594443.4599999189,0.4475794899754408,0.47640349806808846,2.391767548351753,2.506876875714558,683.0,2188,9
fixation,595143.4720000029,0.3998109601876315,0.48986362446756926,2.354094561408548,2.5053181367761947,283.0,2189,9
fixation,595460.1459999084,0.3839069366455078,0.5566550890604655,2.4285654703776043,2.5121551513671876,258.0,2190,9
fixation,595910.1519999504,0.38520849496126175,0.6738382242619991,2.3834195137023926,2.531442165374756,534.0,2191,9
fixation,596476.8359999657,0.29045658897269855,0.8937100009484724,2.3575633655894888,2.49468994140625,183.0,2192,9
fixation,596693.5,0.3407052631179492,0.9034974525372187,2.3663152058919272,2.4851582845052085,200.0,2193,9
fixation,596926.8370000124,0.42268360406160355,0.8857510749782834,2.3357445853097096,2.4901635306222096,233.0,2194,9
fixation,597193.5080000162,0.5038740319364211,0.8859688166309806,2.3734462962431064,2.4857070025275734,283.0,2195,9
fixation,597493.5219999552,0.5557538643479347,0.8875251673161983,2.3962554931640625,2.4791336059570312,133.0,2196,9
fixation,598043.5310000181,0.6376274994441441,0.5994819083384105,2.5022986275809154,2.590071541922433,233.0,2197,9
fixation,598293.5349999666,0.6089891621044704,0.5438473650387355,2.543145315987723,2.6363067626953125,116.0,2198,9
fixation,598426.8709999323,0.6112438142299652,0.515475845336914,2.4638717651367186,2.5331680297851564,167.0,2199,9
fixation,598626.8729999065,0.594750783764399,0.3365278570697858,2.3970254751352162,2.4867806067833533,433.0,2200,9
fixation,599093.5489999056,0.4866196981498173,0.4181796248470034,2.426759992327009,2.545403616768973,116.0,2201,FIX_CROS
fixation,599243.5499999523,0.5046614383657774,0.47680697838465375,2.4404398600260415,2.553705851236979,108.0,2202,FIX_CROS
fixation,599643.5590000153,0.4554842942290836,0.4150110118918949,2.504582722981771,2.629664103190104,142.0,2203,FIX_CROS
fixation,599843.5629999638,0.39718702137470246,0.3349297265211741,2.544417317708333,2.6488006591796873,250.0,2204,FIX_CROS
fixation,600143.564999938,0.24175749272108077,0.3193448901176453,2.4295013427734373,2.562847900390625,83.0,2205,9.1
fixation,600243.567999959,0.1882540745039781,0.31050759305556613,2.3651504516601562,2.5136439005533853,200.0,2206,9.1
fixation,600476.9049999714,0.22981187514960766,0.31248926371335983,2.2927894592285156,2.4187889099121094,133.0,2207,9.1
fixation,600626.9079999924,0.2770528929928939,0.3188204492131869,2.243352254231771,2.353857676188151,200.0,2208,9.1
fixation,600860.2379999161,0.3237118020653725,0.32197645753622056,2.22413330078125,2.2991973876953127,175.0,2209,9.1
fixation,601243.5839999914,0.38220302760601044,0.3239331319928169,2.2528610229492188,2.3545455932617188,100.0,2210,9.1
fixation,601360.2549999952,0.38413675874471664,0.33884766697883606,2.295581817626953,2.4009780883789062,67.0,2211,9.1
fixation,601460.2549999952,0.4066687176624934,0.3549426876836353,2.3517591688368054,2.45816887749566,150.0,2212,9.1
fixation,601626.9249999523,0.35155587856258663,0.35355025423424585,2.3116117204938615,2.4303676060267856,233.0,2213,9.1
fixation,601910.263999939,0.4928968830241097,0.3515498555368847,2.314871893988715,2.410551283094618,150.0,2214,9.1
fixation,602076.9329999685,0.4613484333861958,0.3452692939476533,2.3114762739701704,2.401243730024858,183.0,2215,9.1
fixation,602276.9359999895,0.44153149239718914,0.3421481214463711,2.3307857513427734,2.4043426513671875,133.0,2216,9.1
fixation,602443.6079999208,0.4825378268957138,0.345644536614418,2.361065673828125,2.4707321166992187,166.0,2217,9.1
fixation,602626.942999959,0.5283089325978205,0.3481508779984254,2.402606670673077,2.4912637563852162,225.0,2218,9.1
fixation,603110.2849999666,0.5304874237626791,0.33293018117547035,2.41756010055542,2.528301239013672,526.0,2219,9.1
fixation,603676.9609999657,0.6024569746325997,0.3261642657658633,2.3052754121668197,2.3987175436580883,283.0,2220,9.1
fixation,603993.6349999905,0.6785948341307433,0.32400844472905865,2.375521452530571,2.4656305727751358,383.0,2221,9.1
fixation,604393.64199996,0.7214245088398457,0.3170255422592163,2.359196662902832,2.414994239807129,266.0,2222,9.1
fixation,604676.9799998999,0.7626432822300837,0.31754501737081087,2.353819627028245,2.3986886831430287,217.0,2223,9.1
fixation,604910.3159999847,0.7984195351600647,0.31795172819069456,2.3705618722098216,2.418512616838728,234.0,2224,9.1
fixation,605160.3199999332,0.773308739066124,0.3180759350458781,2.3517913818359375,2.4268468221028647,108.0,2225,9.1
fixation,605493.6589999199,0.7890639543533325,0.3161392152309418,2.336663818359375,2.40203857421875,75.0,2226,9.1
fixation,605643.6610000134,0.2865639350243977,0.4186054127556937,2.3568572998046875,2.517371041434152,116.0,2227,9.1
fixation,605793.6660000086,0.21255125158599444,0.40297698761735645,2.3195996965680803,2.463611057826451,233.0,2228,9.1
fixation,606060.3370000124,0.2527302791674932,0.4053915460904439,2.253104654947917,2.331037394205729,250.0,2229,9.1
fixation,606327.0069999695,0.2990328357978301,0.40182693979956885,2.192403619939631,2.2849259810014204,184.0,2230,9.1
fixation,606543.675999999,0.245770496626695,0.3969738549656338,2.196172078450521,2.275121053059896,158.0,2231,9.1
fixation,606910.3499999046,0.28706650842319836,0.4069608896970749,2.292879971590909,2.390006325461648,175.0,2232,9.1
fixation,607110.3529999256,0.29952831140586306,0.409237068323862,2.354591732933408,2.4675474621000744,350.0,2233,9.1
fixation,607477.0259999037,0.28689067214727404,0.40992474257946016,2.2941818237304688,2.391778564453125,167.0,2234,9.1
fixation,607677.0279999971,0.2305916320709955,0.3996060731865111,2.301298595610119,2.412689208984375,358.0,2235,9.1
fixation,608210.3700000048,0.3868432227108214,0.42772340443399215,2.3427242702907987,2.477659437391493,142.0,2236,9.1
fixation,608377.0389999151,0.3598307743668556,0.42734480276703835,2.380697250366211,2.5298805236816406,134.0,2237,9.1
fixation,608543.7070000172,0.4192587658762932,0.4252943988232052,2.371478361241958,2.4967094870174633,567.0,2238,9.1
fixation,609160.3830000162,0.43521493176619214,0.4118652095397313,2.3405549791124134,2.4387910630967884,300.0,2239,9.1
fixation,609477.0539999008,0.45893671959638593,0.41397457122802733,2.334916687011719,2.444189453125,175.0,2240,9.1
fixation,609877.0609999895,0.49752258095476365,0.41726238694455886,2.410086737738715,2.5211046006944446,442.0,2241,9.1
fixation,610360.4019999504,0.5592416649063429,0.4297589100897312,2.3473307291666665,2.4150072733561196,200.0,2242,9.1
fixation,610593.7379999161,0.6149021408387593,0.4301959606153624,2.336519513811384,2.3918467930385043,233.0,2243,9.1
fixation,610860.4089999199,0.6942328373591106,0.43278654118378956,2.409351603190104,2.455635579427083,250.0,2244,9.1
fixation,611127.0789999962,0.7624637807408968,0.43069859345753986,2.4492518107096353,2.4745585123697915,200.0,2245,9.1
fixation,611427.0859999657,0.272362419962883,0.49619209468364717,2.4072021484375,2.54619140625,84.0,2246,9.1
fixation,611527.0859999657,0.19692501705139875,0.499329948797822,2.362781524658203,2.551990509033203,267.0,2247,9.1
fixation,611893.7589999437,0.2589029103517532,0.49313693642616274,2.3829559326171874,2.4568756103515623,83.0,2248,9.1
fixation,612210.4329999685,0.2990306541323662,0.5041002134482065,2.3444976806640625,2.4191487630208335,92.0,2249,9.1
fixation,612343.76699996,0.3725170547311956,0.5142192325808785,2.413063742897727,2.509278730912642,183.0,2250,9.1
fixation,612543.7709999084,0.35357601138261646,0.5171021085519057,2.418712909405048,2.523334209735577,217.0,2251,9.1
fixation,612793.7759999037,0.4070274502038956,0.49972296357154844,2.3670135498046876,2.4812652587890627,167.0,2252,9.1
fixation,612977.1139999628,0.4485784185429414,0.4950451999902725,2.3746007283528647,2.4744885762532554,200.0,2253,9.1
fixation,613210.4479999542,0.509652853012085,0.48993746750056744,2.3807735443115234,2.4902353286743164,266.0,2254,9.1
fixation,613493.7879999876,0.5318656027317047,0.5002327561378479,2.38717041015625,2.5039825439453125,91.0,2255,9.1
fixation,613910.4609999657,0.5263011558302517,0.4991115691332981,2.39959716796875,2.50219779179014,483.0,2256,9.1
fixation,614427.1330000162,0.6068535168965657,0.5005552291870117,2.342820231119792,2.4174296061197915,250.0,2257,9.1
fixation,614710.4749999046,0.6724611520767212,0.508712112903595,2.441438674926758,2.4888992309570312,266.0,2258,9.1
fixation,615010.4789999723,0.7274116212907045,0.5140553829462632,2.4665520709493887,2.508720066236413,383.0,2259,9.1
fixation,615410.4879999161,0.790953897512876,0.4998106417747644,2.4389002873347354,2.4534888634314904,224.0,2260,9.1
fixation,615893.8269999027,0.19043045490980148,0.5867164468064028,2.4002021340762867,2.5452943689682903,283.0,2261,9.1
fixation,616210.5019999743,0.24727994203567505,0.5997709654844724,2.3827725923978367,2.4944082406850963,216.0,2262,9.1
fixation,616460.5069999695,0.3355535144607226,0.5924060468872389,2.2772394816080728,2.3612454732259116,200.0,2263,9.1
fixation,616677.1739999056,0.37039914131164553,0.6028579592704773,2.2358047485351564,2.324578857421875,167.0,2264,9.1
fixation,616877.1779999733,0.44428637996315956,0.6031190752983093,2.242115020751953,2.3130925496419272,200.0,2265,9.1
fixation,617110.5159999132,0.503606281346745,0.5944829914304945,2.268546210394965,2.366851806640625,150.0,2266,9.1
fixation,617277.1829999685,0.5406418717824496,0.5992878927634313,2.325237567608173,2.4005103478064904,217.0,2267,9.1
fixation,617527.186999917,0.6159603228935828,0.6019510649717771,2.3881941575270433,2.4690082256610575,217.0,2268,9.1
fixation,617777.192999959,0.6773781304558119,0.6050385584433874,2.428208669026693,2.5068689982096353,200.0,2269,9.1
fixation,618010.5269999504,0.715882053742042,0.6059904923805823,2.414287860576923,2.51156733586238,216.0,2270,9.1
fixation,618260.5279999971,0.7945855387619564,0.5881597655160087,2.366703578404018,2.4557342529296875,116.0,2271,9.1
fixation,618427.1999999285,0.4833632776370415,0.6625940272441277,2.267900907076322,2.4122537466195912,225.0,2272,9.1
fixation,619277.2129999399,0.48161153197288514,0.4927272528409958,2.48563232421875,2.6256591796875,84.0,2273,9.1
fixation,619393.8830000162,0.48225897321334255,0.36824434766402614,2.436833308293269,2.5620751014122596,217.0,2274,9.1
fixation,619627.2059999704,0.4545361533761024,0.32974444776773454,2.3846405029296873,2.5018707275390626,167.0,2275,NOTRIAL
fixation,619827.2139999866,0.364035668472449,0.2786331499616305,2.3206774393717446,2.4337870279947915,200.0,2276,NOTRIAL
fixation,620043.8830000162,0.34597790241241455,0.2814981879726533,2.301415720293599,2.418512651997228,517.0,2277,NOTRIAL
fixation,620577.2220000029,0.36578612946546996,0.2726402443188887,2.3302835317758412,2.4035480205829325,217.0,2278,NOTRIAL
fixation,620810.5599999428,0.3783881925046444,0.2747453413903713,2.3765271504720054,2.4584668477376304,200.0,2279,NOTRIAL
fixation,621060.57099998,0.5782131467546735,0.28879696485542117,2.4164588564918157,2.4929257347470237,350.0,2280,NOTRIAL
fixation,621427.243999958,0.631676789876577,0.2836753883071848,2.4006813667915963,2.4969214362067147,617.0,2281,NOTRIAL
fixation,622160.5879999399,0.3418096974492073,0.4355008192360401,2.3728866577148438,2.5077667236328125,66.0,2282,NOTRIAL
fixation,622260.5929999352,0.34987874180078504,0.49899250119924543,2.4086868286132814,2.520851898193359,333.0,2283,NOTRIAL
fixation,622643.9329999685,0.5996495393606333,0.4848207223873872,2.413477971003606,2.484990046574519,217.0,2284,NOTRIAL
fixation,622877.2680000067,0.5838033080101013,0.4846705377101898,2.376654052734375,2.4371185302734375,92.0,2285,NOTRIAL
fixation,623143.939999938,0.639544133164666,0.5174400416287509,2.3375649192116477,2.437987726384943,909.0,2286,NOTRIAL
fixation,624110.6239999533,0.6489388921431133,0.7236740184681756,2.340795244489397,2.4018118722098216,233.0,2287,NOTRIAL
fixation,624360.6259999275,0.6446325085883917,0.7444736091203468,2.404676925304324,2.4943879593250364,724.0,2288,NOTRIAL
fixation,625310.6430000067,0.44940611254423857,0.8403751663863659,2.3571605682373047,2.5221071243286133,258.0,2289,NOTRIAL
fixation,625610.6469999552,0.4956139143024172,0.4655685578073774,2.3871691022600445,2.5117034912109375,591.0,2290,FIX_CROS
fixation,626427.3289999962,0.503685520340999,0.46970437467098236,2.3166834513346353,2.424335479736328,200.0,2291,9.2
fixation,626677.3339999914,0.3111385405063629,0.4165346212685108,2.43048095703125,2.6053466796875,66.0,2292,9.2
fixation,626777.3349999189,0.2022856484566416,0.3788103482552937,2.389143807547433,2.5448008946010043,233.0,2293,9.2
fixation,627060.6739999056,0.2820288754171795,0.38061973121431136,2.2998894585503473,2.434700859917535,150.0,2294,9.2
fixation,627244.0119999647,0.3287938330322504,0.3713318947702646,2.262052536010742,2.3572120666503906,134.0,2295,9.2
fixation,627394.0130000114,0.372791941676821,0.3649716760431017,2.2489493233816966,2.3252432686941966,117.0,2296,9.2
fixation,627544.0189999342,0.43294219970703124,0.3637582376599312,2.2688232421875,2.3372711181640624,167.0,2297,9.2
fixation,627744.0230000019,0.4853254591043179,0.3648443783705051,2.3087498591496396,2.4003624549278846,217.0,2298,9.2
fixation,627994.0299999714,0.5270803443023137,0.36904308412756237,2.3375091552734375,2.419948032924107,117.0,2299,9.2
fixation,628144.0319999456,0.4468988912800948,0.3699749894440174,2.3768819173177085,2.496246337890625,200.0,2300,9.2
fixation,628360.699000001,0.47299638390541077,0.37311546690762043,2.4370975494384766,2.5651168823242188,141.0,2301,9.2
fixation,628677.3759999275,0.618658266284249,0.3754570416428826,2.452597878196023,2.556479714133523,175.0,2302,9.2
fixation,628894.0439999104,0.698242782482079,0.37224938188280376,2.4259670802525113,2.514490944998605,467.0,2303,9.2
fixation,629377.3899999857,0.7437363862991333,0.3961559385061264,2.3738327026367188,2.4700775146484375,74.0,2304,9.2
fixation,629677.3939999342,0.7822614669799804,0.3544169321656227,2.442987060546875,2.5147476196289062,158.0,2305,9.2
fixation,629860.7309999466,0.8005306174357733,0.3591747085253398,2.5038477579752603,2.5819091796875,100.0,2306,9.2
fixation,630027.4060000181,0.2431020736694336,0.41965795556704205,2.3925348917643228,2.512029012044271,100.0,2307,9.2
fixation,630160.7389999628,0.1894353821873665,0.4382979065179825,2.281732177734375,2.4295257568359374,167.0,2308,9.2
fixation,630360.743999958,0.2360440893098712,0.4371497593820095,2.280904769897461,2.369832992553711,133.0,2309,9.2
fixation,630510.7479999065,0.28528204347406116,0.44419102902923313,2.279779706682478,2.3653357369559154,233.0,2310,9.2
fixation,630760.7539999485,0.3098587989807129,0.4495438386996587,2.248082478841146,2.375347137451172,200.0,2311,9.2
fixation,630977.4210000038,0.36995990326007205,0.4426715398828189,2.246368408203125,2.3231112162272134,200.0,2312,9.2
fixation,631194.0920000076,0.39197639748454094,0.442901074886322,2.253978729248047,2.328754425048828,67.0,2313,9.2
fixation,631277.4309999943,0.44856952306102305,0.44177969764260683,2.2588393267463234,2.355347577263327,283.0,2314,9.2
fixation,631594.1029999256,0.5575775139861636,0.44215433299541473,2.2997877332899304,2.362764146592882,150.0,2315,9.2
fixation,631760.7709999084,0.5256147123873234,0.4386949874460697,2.2771453857421875,2.363435745239258,133.0,2316,9.2
fixation,631927.442999959,0.59971356910208,0.4420848838661028,2.340755960215693,2.416734778362772,383.0,2317,9.2
fixation,632327.4479999542,0.6333553910255432,0.4442760318517685,2.348162841796875,2.44171142578125,91.0,2318,9.2
fixation,632610.7869999409,0.6652315258979797,0.4531145287411554,2.394012451171875,2.496514456612723,117.0,2319,9.2
fixation,632760.7869999409,0.6871112320158217,0.45618469185299343,2.4758538140190973,2.5572102864583335,150.0,2320,9.2
fixation,632927.4589999914,0.6534528109160337,0.449564971707084,2.4318306662819604,2.521603670987216,183.0,2321,9.2
fixation,633127.4620000124,0.6967879422008991,0.45351808797568083,2.3860044479370117,2.4516143798828125,266.0,2322,9.2
fixation,633410.8039999008,0.6795141696929932,0.45085329934954643,2.3669586181640625,2.4374771118164062,67.0,2323,9.2
fixation,633510.8029999733,0.7648684435030993,0.4551460804308162,2.377484489889706,2.4260235954733456,283.0,2324,9.2
fixation,633810.8099999428,0.7531775236129761,0.45576928183436394,2.386824289957682,2.4294611612955728,200.0,2325,9.2
fixation,634027.4779999256,0.8102608285844326,0.4513838589191437,2.3694515228271484,2.4221744537353516,133.0,2326,9.2
fixation,634260.8190000057,0.22667071595788002,0.5545128186543783,2.3038813273111978,2.4441630045572915,100.0,2327,9.2
fixation,634377.4839999676,0.17973598175578648,0.5348103808032142,2.2719489203559027,2.4289449055989585,150.0,2328,9.2
fixation,634560.8219999075,0.2876881750730368,0.5347241300802964,2.282428448016827,2.395775428185096,217.0,2329,9.2
fixation,634794.1599999666,0.3084893950394222,0.5282747915812901,2.2408861432756697,2.3194492885044644,117.0,2330,9.2
fixation,634927.5,0.3588060852554109,0.5356217059824202,2.2558525933159723,2.303092108832465,158.0,2331,9.2
fixation,635227.5009999275,0.43946039080619814,0.5487805336713791,2.2542190551757812,2.3405029296875,158.0,2332,9.2
fixation,635427.5029999018,0.5565846020525153,0.5603272698142312,2.350584550337358,2.4192657470703125,183.0,2333,9.2
fixation,635644.1739999056,0.5989517457783222,0.5553623996675014,2.3405933380126953,2.3923816680908203,134.0,2334,9.2
fixation,635810.8439999819,0.5269338233130318,0.554489518914904,2.296968732561384,2.383580889020647,233.0,2335,9.2
fixation,636077.5130000114,0.5971581836541494,0.550260047117869,2.3441187540690103,2.3652064005533853,100.0,2336,9.2
fixation,636210.8479999304,0.6752370516459147,0.5575236638387044,2.406937662760417,2.468578084309896,250.0,2337,9.2
fixation,636477.5219999552,0.7246600016951561,0.555854062239329,2.448664347330729,2.5165863037109375,200.0,2338,9.2
fixation,636710.8569999933,0.772208367784818,0.5464558427532514,2.4200642903645835,2.477666219075521,200.0,2339,9.2
fixation,636944.19599998,0.8235392570495605,0.541406762599945,2.4082733154296876,2.457763671875,84.0,2340,9.2
fixation,637077.5289999247,0.483789140979449,0.6158038046624925,2.3360392252604165,2.4892696804470487,150.0,2341,9.2
fixation,637244.199000001,0.4551732348544257,0.6193775832653046,2.3591221400669644,2.491479056222098,117.0,2342,9.2
fixation,637394.199000001,0.506846671923995,0.6230677515268326,2.374176025390625,2.5023059844970703,142.0,2343,9.2
fixation,637644.2029999495,0.3740713944037755,0.3879084723691146,2.3669509887695312,2.5559844970703125,192.0,2344,9.2
fixation,637877.5329999924,0.4516801034862345,0.34420709853822534,2.4271892200816763,2.5810352672230112,183.0,2345,NOTRIAL
fixation,638077.5429999828,0.48477112419075435,0.28520940409766304,2.4291856553819446,2.5590023464626737,150.0,2346,NOTRIAL
fixation,638244.2070000172,0.503584956129392,0.27720217208067577,2.395851643880208,2.5025065104166666,250.0,2347,NOTRIAL
fixation,638527.5519999266,0.35770272463560104,0.24744541943073273,2.3378353118896484,2.451427459716797,133.0,2348,NOTRIAL
fixation,638677.5529999733,0.33911118904749554,0.26420431832472485,2.3353551228841147,2.4548212687174478,100.0,2349,NOTRIAL
fixation,638794.2120000124,0.35860826075077057,0.2850050570236312,2.3743243747287326,2.4697028266059027,300.0,2350,NOTRIAL
fixation,639210.8930000067,0.34834493282768464,0.5091412837306658,2.333528306749132,2.4425523546006946,300.0,2351,NOTRIAL
fixation,639544.2329999208,0.5320533080534502,0.48446026715365326,2.383454756303267,2.451773903586648,184.0,2352,NOTRIAL
fixation,639760.8999999762,0.6356888230030353,0.49416016042232513,2.361956082857572,2.424137995793269,225.0,2353,NOTRIAL
fixation,640177.5729999542,0.5923338383436203,0.5102547407150269,2.39642333984375,2.486248016357422,133.0,2354,NOTRIAL
fixation,640327.5749999285,0.5722612738609314,0.5112374524275461,2.416107177734375,2.5262264675564237,158.0,2355,NOTRIAL
fixation,640794.246999979,0.3549359632389886,0.7401052798543658,2.2811976841517856,2.458097185407366,117.0,2356,NOTRIAL
fixation,640927.5799999237,0.3361353278160095,0.7754885639463153,2.3422393798828125,2.494594029017857,116.0,2357,NOTRIAL
fixation,641094.2489999533,0.6491170965489887,0.7424214276529494,2.327143351236979,2.4126343500046503,700.0,2358,NOTRIAL
fixation,641844.2630000114,0.6537121281027793,0.5460539236664772,2.402484130859375,2.5248207092285155,334.0,2359,NOTRIAL
fixation,642210.9340000153,0.5794108927249908,0.4962294474244118,2.4562973022460937,2.5952392578125,167.0,2360,NOTRIAL
fixation,642427.6059999466,0.40591374039649963,0.4208887994289398,2.4244598388671874,2.6313507080078127,83.0,2361,NOTRIAL
fixation,642610.942999959,0.4355930723249912,0.26921181629101437,2.4820988972981772,2.655390421549479,200.0,2362,NOTRIAL
fixation,642844.2799999714,0.3328881859779358,0.46119342495997745,2.467728932698568,2.639667510986328,200.0,2363,NOTRIAL
fixation,643060.9499999285,0.3560563532575484,0.4859597096520086,2.4426692839591735,2.582523469002016,517.0,2364,NOTRIAL
fixation,643610.9579999447,0.5273290425539017,0.47754041850566864,2.4352149963378906,2.5188636779785156,67.0,2365,NOTRIAL
fixation,643710.9589999914,0.3576723997082029,0.4940744438341686,2.4060333251953123,2.530954415457589,591.0,2366,NOTRIAL
fixation,644494.3059999943,0.3638482622124932,0.5154982385310259,2.386445478959517,2.4783935546875,176.0,2367,NOTRIAL
fixation,644727.6439999342,0.7046230018138886,0.49467832297086717,2.505656433105469,2.5631622314453124,166.0,2368,NOTRIAL
fixation,644927.6480000019,0.5030272296246361,0.730202333015554,2.331966624540441,2.431395586799173,283.0,2369,NOTRIAL
fixation,645244.3159999847,0.43810088336467745,0.7256924718618393,2.3384674072265623,2.468855285644531,167.0,2370,NOTRIAL
fixation,645444.3229999542,0.5001577617306459,0.7030365137677443,2.389205129523026,2.4750213623046875,317.0,2371,NOTRIAL
fixation,645794.3279999495,0.5065207928419113,0.4681513564927237,2.4007393973214284,2.536405290876116,117.0,2372,NOTRIAL
fixation,645944.3309999704,0.4850688044513975,0.49225943109818865,2.405564444405692,2.5258309500558034,242.0,2373,NOTRIAL
fixation,646377.6639999151,0.44286614283919334,0.42010206542909145,2.412546157836914,2.5172195434570312,125.0,2374,30
fixation,646544.3420000076,0.4071114329355104,0.40178788346903666,2.444422040666853,2.5720836094447543,233.0,2375,30
fixation,646811.0039999485,0.46181711703538897,0.4055971369147301,2.41104736328125,2.506060791015625,167.0,2376,30
fixation,646994.3509999514,0.49518934451043606,0.3927188515663147,2.368621826171875,2.4362258911132812,133.0,2377,30
fixation,647161.0199999809,0.39012966454029085,0.3621056780219078,2.3629425048828123,2.4994125366210938,167.0,2378,30
fixation,647344.3479999304,0.40353683568537235,0.38198920004069803,2.4019939422607424,2.530750274658203,666.0,2379,30
fixation,648027.6940000057,0.4253582453185862,0.3944761725989255,2.3970475630326704,2.5117631392045454,183.0,2380,30
fixation,648227.6979999542,0.40485942576612743,0.37783756319965633,2.422212873186384,2.545282636369978,241.0,2381,30
fixation,648711.0410000086,0.4127970442175865,0.370015823841095,2.419325256347656,2.5829452514648437,159.0,2382,30
fixation,648894.3789999485,0.405421643094583,0.419878213243051,2.4215323708274146,2.6062663685191763,183.0,2383,30
fixation,649111.0479999781,0.4355210103094578,0.4110223092138767,2.3998775482177734,2.551309585571289,134.0,2384,30
fixation,649261.0499999523,0.4785031516637121,0.4078596255608967,2.3719090053013394,2.4855215890066966,234.0,2385,30
fixation,649511.0569999218,0.5117062202521733,0.40385530037539347,2.3569205147879466,2.4707489013671875,117.0,2386,30
fixation,649644.388999939,0.5465481664453234,0.4049624055624008,2.358616420200893,2.473107474190848,116.0,2387,30
fixation,649794.3949999809,0.4063321426510811,0.4154792640890394,2.331862313406808,2.506605965750558,233.0,2388,30
fixation,650044.3999999762,0.4479698807001114,0.41498099863529203,2.37890625,2.537774658203125,250.0,2389,30
fixation,650327.7389999628,0.5005439642597648,0.40724863637896147,2.3754775103400734,2.4944781135110294,283.0,2390,30
fixation,650627.7429999113,0.5250634302695593,0.3987964168190956,2.37738037109375,2.485314687093099,200.0,2391,30
fixation,650861.0799999237,0.5748153701424599,0.4028568211942911,2.3945140838623047,2.5012168884277344,134.0,2392,30
fixation,651027.7509999275,0.4110783136316708,0.4254681925688471,2.3577957153320312,2.534754071916853,233.0,2393,30
fixation,651294.4229999781,0.4642515904628314,0.4226341178784004,2.373461209810697,2.493249746469351,216.0,2394,30
fixation,651544.4269999266,0.48867711424827576,0.4155144691467285,2.329227447509765,2.4303016662597656,66.0,2395,30
fixation,651644.4309999943,0.4011424057758771,0.4176952517949618,2.2836397611177883,2.4224513127253604,216.0,2396,30
fixation,651894.4340000153,0.4723778646439314,0.4228430688381195,2.2844982147216797,2.3928089141845703,141.0,2397,30
fixation,652194.4390000105,0.5359564891883305,0.43267037187303814,2.265596662248884,2.381593976702009,116.0,2398,30
fixation,652544.4449999332,0.4177613536065275,0.4745139662515033,2.304781827059659,2.4408694180575283,366.0,2399,30
fixation,653161.1229999065,0.4170195831855138,0.4856341826915741,2.207767333984375,2.3403753662109374,1242.0,2400,30
fixation,654427.8109999895,0.4237700790166855,0.43018004596233367,2.3036285400390626,2.46285400390625,167.0,2401,30
fixation,654611.1469999552,0.4178817371527354,0.4192306465572781,2.3391960991753473,2.4960394965277777,150.0,2402,30
fixation,654794.4799998999,0.4875986874103546,0.4155182104025568,2.3846522739955356,2.507490975516183,233.0,2403,30
fixation,655061.1549999714,0.5366321615874767,0.40976340509951115,2.395456314086914,2.5087966918945312,134.0,2404,30
fixation,655227.8259999752,0.40917309480054037,0.42681060412100386,2.3737967354910716,2.5104849679129466,233.0,2405,30
fixation,655494.493999958,0.4521723799407482,0.4325491487979889,2.399822235107422,2.5187721252441406,74.0,2406,30
fixation,655877.8429999352,0.5144548788666725,0.4375255014747381,2.4789419174194336,2.5752220153808594,267.0,2407,30
fixation,656161.1809999943,0.49502609211664933,0.4318691686942027,2.4123758169320912,2.5178739107572117,217.0,2408,30
fixation,656394.5180000067,0.526097689072291,0.43110910753409065,2.3503438313802083,2.4472412109375,250.0,2409,30
fixation,656677.8589999676,0.4306894193092982,0.6235460572772555,2.2891167534722223,2.402837117513021,150.0,2410,30
fixation,656844.5279999971,0.40638915449380875,0.6531607657670975,2.320526123046875,2.462310791015625,233.0,2411,30
fixation,657094.5310000181,0.39356244206428526,0.649962033033371,2.368218994140625,2.5134637451171873,416.0,2412,30
fixation,657544.5299999714,0.4401278800290564,0.6243377587069636,2.3154363217561142,2.4388328220533286,383.0,2413,30
fixation,657961.2109999657,0.4857735112309456,0.6162664294242859,2.317632402692522,2.4244232177734375,234.0,2414,30
fixation,658211.2079999447,0.47299029650511565,0.634938844928035,2.3088712339048034,2.4099132396556713,450.0,2415,30
fixation,658694.5529999733,0.5119902162716307,0.6458739494455272,2.329436729694235,2.421717150457974,483.0,2416,30
fixation,659194.5669999123,0.5365691695894513,0.6463757881096431,2.3684964861188615,2.4668786185128346,233.0,2417,30
fixation,659461.2319999933,0.3957361179319295,0.6633968976410952,2.3744257146661933,2.515531366521662,367.0,2418,30
fixation,659861.2379999161,0.4339705053716898,0.6558924335986376,2.3257617950439453,2.447138786315918,267.0,2419,30
fixation,660144.5769999027,0.4573648482561111,0.6539877980947495,2.2716156005859376,2.3687393188476564,166.0,2420,30
fixation,660327.9110000134,0.48082964228732245,0.6514579355716705,2.2589874267578125,2.3580660138811385,233.0,2421,30
fixation,660577.9160000086,0.5075335837900639,0.6485433876514435,2.2893409729003906,2.389371871948242,133.0,2422,30
fixation,660727.9199999571,0.5446690618991852,0.642384531952086,2.3145853678385415,2.3807620093936013,350.0,2423,30
fixation,661094.5920000076,0.5717409321895013,0.6413763933456861,2.3032784095177283,2.3595622136042667,433.0,2424,30
fixation,661544.6009999514,0.6055063144727186,0.685695469379425,2.2671596642696494,2.3126567493785513,558.0,2425,30
fixation,662311.2869999409,0.5896154088633401,0.6970490316549937,2.234709240141369,2.3214038667224703,342.0,2426,30
fixation,662694.6279999018,0.6254625944075761,0.6995218379629983,2.2672966851128473,2.3837754991319446,900.0,2427,30
fixation,663611.311999917,0.5911175608634949,0.7135986139376959,2.302729288736979,2.4030272165934243,400.0,2428,30
fixation,664027.9779999256,0.6123064292801751,0.7123457458284166,2.3288201226128473,2.43257819281684,150.0,2429,30
fixation,664227.9889999628,0.3658301681280136,0.9156609892845153,2.303424072265625,2.44036865234375,83.0,2430,30
fixation,664327.9839999676,0.32030546516180036,0.913223123550415,2.322247314453125,2.4643218994140623,167.0,2431,30
fixation,664527.9859999418,0.3762092262506485,0.9030540436506271,2.3232086181640623,2.461285400390625,167.0,2432,30
fixation,664727.9979999065,0.444437948140231,0.8915670080618425,2.261198564009233,2.385348233309659,183.0,2433,30
fixation,664994.6589999199,0.5094065906909796,0.8855796685585609,2.2576939509465146,2.3453463040865383,216.0,2434,30
fixation,665228.0,0.5681972146034241,0.8883839547634125,2.268562825520833,2.3488250732421876,250.0,2435,30
fixation,665511.3449999094,0.654485034091132,0.8943722758974347,2.310461861746652,2.366489955357143,124.0,2436,30
fixation,665978.010999918,0.5031480022839138,0.5571180411747524,2.3708387102399553,2.4853341238839284,117.0,2437,30
fixation,666144.6799999475,0.45809250116348266,0.40872260808944705,2.4588555908203125,2.59412841796875,417.0,2438,30
fixation,666578.0299999714,0.5003447392955422,0.4414907870814204,2.3503665924072266,2.4599485397338867,267.0,2439,FIX_CROS
fixation,666894.692999959,0.39949043560773134,0.3265423164702952,2.3654065132141113,2.522103786468506,533.0,2440,FIX_CROS
fixation,667478.0489999056,0.2730635143816471,0.3586331084370613,2.419891357421875,2.5846633911132812,67.0,2441,30.1
fixation,667578.050999999,0.21648148785937915,0.36069320955059747,2.4324521151455967,2.5799102783203125,184.0,2442,30.1
fixation,667794.7209999561,0.28586387634277344,0.3621947914361954,2.4152870178222656,2.57012939453125,67.0,2443,30.1
fixation,667894.7239999771,0.3927279445860121,0.36471809612380135,2.3527289496527777,2.4753519694010415,150.0,2444,30.1
fixation,668094.7259999514,0.47410356005032855,0.36359402785698575,2.307734171549479,2.4082234700520835,100.0,2445,30.1
fixation,668211.3999999762,0.5451122607503619,0.3646987836275782,2.3108106340680803,2.3677466256277904,233.0,2446,30.1
fixation,668478.0690000057,0.6269834477167863,0.36473645957616657,2.3234323354867787,2.376591609074519,217.0,2447,30.1
fixation,668728.0769999027,0.685739455478532,0.36164518339293344,2.3467603410993303,2.3958772931780135,234.0,2448,30.1
fixation,668994.7479999065,0.7702117040753365,0.3635107632726431,2.3542404174804688,2.4070892333984375,133.0,2449,30.1
fixation,669194.7539999485,0.213676106184721,0.4264164511114359,2.305845260620117,2.434307098388672,133.0,2450,30.1
fixation,669344.7569999695,0.1848908675213655,0.4356185793876648,2.307629903157552,2.4413375854492188,200.0,2451,30.1
fixation,669578.0979999304,0.2557750078184264,0.44425755526338306,2.3074188232421875,2.454199654715402,125.0,2452,30.1
fixation,669894.7689999342,0.22271478745867224,0.43811576331363006,2.32733154296875,2.4270136216107536,283.0,2453,30.1
fixation,670494.7829999924,0.34293877536600287,0.45136925171722064,2.332619406960227,2.4313396107066763,183.0,2454,30.1
fixation,670694.7869999409,0.3897517654630873,0.44617944790257347,2.3679436577690973,2.4508870442708335,150.0,2455,30.1
fixation,670894.7929999828,0.7520489871501923,0.36688512762387593,2.376808675130208,2.417350260416667,250.0,2456,30.1
fixation,671178.1319999695,0.6893003858052767,0.36828131629870486,2.37069819523738,2.467065664438101,217.0,2457,30.1
fixation,671428.1380000114,0.7990877091884613,0.3624445766210556,2.385076904296875,2.438128662109375,84.0,2458,30.1
fixation,671578.14199996,0.2559239576260249,0.45529169738292696,2.3257151285807294,2.484161376953125,250.0,2459,30.1
fixation,671861.4809999466,0.37418405152857304,0.4508294425904751,2.362783432006836,2.4970054626464844,133.0,2460,30.1
fixation,672028.1499999762,0.3382293894886971,0.44945242404937746,2.3457061767578127,2.456929016113281,167.0,2461,30.1
fixation,672211.4859999418,0.3974950710932414,0.45185305012596977,2.33294677734375,2.4514906141493054,158.0,2462,30.1
fixation,672561.490999937,0.48044506353991373,0.46430900267192293,2.336999075753348,2.4637320382254466,108.0,2463,30.1
fixation,672711.496999979,0.5276026874780655,0.4795394614338875,2.4011688232421875,2.5511256626674106,233.0,2464,30.1
fixation,672978.1699999571,0.5780875086784363,0.48063936084508896,2.406854248046875,2.512287902832031,167.0,2465,30.1
fixation,673161.5029999018,0.5331858098506927,0.47570502545152393,2.3758326939174106,2.4883695329938615,233.0,2466,30.1
fixation,673411.510999918,0.6101673506200314,0.4673021752387285,2.407510757446289,2.498563766479492,133.0,2467,30.1
fixation,673578.1789999008,0.6696341723203659,0.4657529294490814,2.42572021484375,2.4967269897460938,167.0,2468,30.1
fixation,673761.513999939,0.6343395113945007,0.45864871541659036,2.4358225504557294,2.516278076171875,250.0,2469,30.1
fixation,674111.5199999809,0.7646965411576357,0.46304575963453815,2.435299960049716,2.5079401189630683,183.0,2470,30.1
fixation,674311.5219999552,0.74060482904315,0.45504858158528805,2.3921546936035156,2.4631080627441406,133.0,2471,30.1
fixation,674461.5289999247,0.7956174671649933,0.4624390721321106,2.4133758544921875,2.44915771484375,83.0,2472,30.1
fixation,674611.5299999714,0.24282559007406235,0.5458012819290161,2.3456617082868303,2.488196236746652,116.0,2473,30.1
fixation,674744.865999937,0.19283101775429465,0.533570717681538,2.3126401034268467,2.473727139559659,183.0,2474,30.1
fixation,674961.5379999876,0.2787128761410713,0.5379296044508616,2.3337173461914062,2.4698359171549478,108.0,2475,30.1
fixation,675344.8769999743,0.37432544231414794,0.5375116914510727,2.3133316040039062,2.4294525146484376,167.0,2476,30.1
fixation,675544.8789999485,0.43216609789265525,0.5337330632739596,2.3122795952690973,2.44150627983941,150.0,2477,30.1
fixation,675744.8819999695,0.5063867047429085,0.5355840226014456,2.2425994873046875,2.351573944091797,200.0,2478,30.1
fixation,675978.2199999094,0.5834265152613322,0.5293434838453929,2.2305562337239584,2.291182454427083,250.0,2479,30.1
fixation,676261.5590000153,0.6681484144467574,0.5427924142434046,2.3197667048527646,2.3911590576171875,216.0,2480,30.1
fixation,676528.2309999466,0.7512150739922243,0.5527007842765135,2.3865248736213234,2.470362943761489,284.0,2481,30.1
fixation,676828.2369999886,0.7867628261446953,0.5463060215115547,2.392589569091797,2.4583740234375,67.0,2482,30.1
fixation,676944.9019999504,0.4921727412276798,0.6139486696985033,2.3217298719618054,2.458975897894965,150.0,2483,30.1
fixation,677111.5719999075,0.46053893864154816,0.6149831563234329,2.2927703857421875,2.453303019205729,100.0,2484,30.1
fixation,677244.9079999924,0.5293597693626697,0.6160937020411859,2.3107992318960338,2.4417442908653846,217.0,2485,30.1
fixation,677478.2429999113,0.4670467032119632,0.616414487361908,2.2910079956054688,2.422374725341797,267.0,2486,30.1
fixation,677778.2509999275,0.4626881825652989,0.4201811524954709,2.3733478892933237,2.4958017522638496,367.0,2487,30.1
fixation,678194.9149999619,0.5414947122335434,0.33152809366583824,2.443286895751953,2.5385894775390625,67.0,2488,NOTRIAL
fixation,678294.9160000086,0.6374083956082662,0.2874545082449913,2.48122321234809,2.54062991672092,308.0,2489,NOTRIAL
fixation,678828.2659999132,0.6487774636064257,0.3145349749497005,2.447533743722098,2.517120361328125,109.0,2490,NOTRIAL
fixation,678961.5999999046,0.6358854364657748,0.2701535414958346,2.4436552628226904,2.504054193911345,1150.0,2491,NOTRIAL
fixation,680161.618999958,0.6388415422704484,0.5049192312690947,2.4069515652126734,2.4821414523654513,750.0,2492,NOTRIAL
fixation,681011.6309999228,0.6468036302498409,0.7107626029423305,2.444176810128348,2.553060477120536,583.0,2493,NOTRIAL
fixation,681644.9749999046,0.49888976929443224,0.46015239506959915,2.4395839146205356,2.5948944091796875,475.0,2494,FIX_CROS
fixation,682344.9869999886,0.4350827634334564,0.43634990602731705,2.4281265258789064,2.573841857910156,159.0,2495,FIX_CROS
fixation,682578.3269999027,0.5085975117981434,0.4534909799695015,2.481631278991699,2.6092262268066406,267.0,2496,FIX_CROS
fixation,682894.9959999323,0.3135443963110447,0.42867235094308853,2.3550453186035156,2.4948959350585938,67.0,2497,30.2
fixation,682995.0,0.2167801134288311,0.40866031497716904,2.32056884765625,2.4323776245117186,167.0,2498,30.2
fixation,683178.3370000124,0.19751093660791716,0.40184423824151355,2.3048273722330728,2.4178848266601562,100.0,2499,30.2
fixation,683295.0029999018,0.25945586604731424,0.4024051087243216,2.294457571847098,2.376204354422433,242.0,2500,30.2
fixation,683711.6799999475,0.3176880202123097,0.41779812957559315,2.2095838274274553,2.3206569126674106,109.0,2501,30.2
fixation,683845.0149999857,0.35115481664737064,0.4114633972446124,2.24072265625,2.3507003784179683,100.0,2502,30.2
fixation,683978.3509999514,0.3989756885502074,0.42716849346955615,2.309870402018229,2.4339158799913196,150.0,2503,30.2
fixation,684161.686999917,0.47401583194732666,0.42540019479664887,2.2937150435014204,2.4020760276100854,183.0,2504,30.2
fixation,684361.6909999847,0.45333346351981163,0.4191400185227394,2.2901522318522134,2.4083582560221353,200.0,2505,30.2
fixation,684595.0269999504,0.5400688681337569,0.41594626837306553,2.3292405870225696,2.402347140842014,150.0,2506,30.2
fixation,684761.6969999075,0.5027637323364615,0.4183405954390764,2.3298416137695312,2.4350337982177734,267.0,2507,30.2
fixation,685061.7039999962,0.563222188088629,0.42116479410065544,2.3836407131618924,2.4662467108832464,300.0,2508,30.2
fixation,685378.375,0.5938887596130371,0.4172118231654167,2.3769760131835938,2.4840799967447915,100.0,2509,30.2
fixation,685528.3769999743,0.4026999498407046,0.4286136329174042,2.3953170776367188,2.5124003092447915,100.0,2510,30.2
fixation,685678.3799999952,0.2751791775226593,0.4178277775645256,2.3946533203125,2.4923019409179688,66.0,2511,30.2
fixation,685778.3799999952,0.18575368248499358,0.4158088198074928,2.393609853891226,2.5282393235426683,216.0,2512,30.2
fixation,686011.7189999819,0.2330906925102075,0.42074474443991977,2.3987859090169272,2.500849405924479,100.0,2513,30.2
fixation,686145.0529999733,0.28587188124656676,0.4284974902868271,2.332232666015625,2.475177001953125,92.0,2514,30.2
fixation,686495.061999917,0.3154898136854172,0.41310516541654413,2.3206301602450283,2.4563792835582388,184.0,2515,30.2
fixation,686711.7309999466,0.33467932733205646,0.4386139191113986,2.3178124060997596,2.461084219125601,217.0,2516,30.2
fixation,686961.7339999676,0.2864409807850333,0.43930608823018913,2.2295989990234375,2.399134916417739,283.0,2517,30.2
fixation,687278.4060000181,0.3376076167280024,0.4404637474905361,2.260409268465909,2.4221080433238638,183.0,2518,30.2
fixation,687478.4079999924,0.39991298743656706,0.4243620272193636,2.2711279732840404,2.4254444667271207,233.0,2519,30.2
fixation,687728.4129999876,0.4502285222212474,0.4252319307554336,2.318172636486235,2.4472147623697915,350.0,2520,30.2
fixation,688111.7489999533,0.5222628206014633,0.42302936166524885,2.3436203002929688,2.434283447265625,167.0,2521,30.2
fixation,688311.7529999018,0.5842187532356807,0.4247722923755646,2.3715035574776784,2.453824724469866,117.0,2522,30.2
fixation,688461.7599999905,0.6607641633599997,0.4144457299262285,2.385099411010742,2.46096134185791,267.0,2523,30.2
fixation,688761.763999939,0.7046830529967943,0.4119681864976883,2.353302001953125,2.4542643229166665,200.0,2524,30.2
fixation,688995.1039999723,0.760338327714375,0.4164631451879229,2.340264456612723,2.3955655779157365,234.0,2525,30.2
fixation,689245.1049998999,0.8091147492329279,0.43331849078337353,2.3093465169270835,2.3561528523763022,100.0,2526,30.2
fixation,689411.7739999294,0.2463016456791333,0.5077059609549386,2.2645656040736606,2.422156197684152,117.0,2527,30.2
fixation,689561.7759999037,0.19189380705356598,0.4966563045978546,2.2723297119140624,2.4461624145507814,167.0,2528,30.2
fixation,689745.1129999161,0.27242638170719147,0.49954601004719734,2.2948226928710938,2.436901092529297,67.0,2529,30.2
fixation,689861.7829999924,0.4207541878734316,0.49793307057448793,2.250830514090402,2.3515516008649553,125.0,2530,30.2
fixation,690228.4539999962,0.480909290638837,0.5037420080466704,2.2567180286754263,2.4082752574573862,183.0,2531,30.2
fixation,690428.4589999914,0.5273427739739418,0.5157274082303047,2.335796356201172,2.464496612548828,66.0,2532,30.2
fixation,690528.4589999914,0.5947343571619554,0.5146350400014357,2.334229902787642,2.433746337890625,183.0,2533,30.2
fixation,690728.4620000124,0.5829291582107544,0.5177890479564666,2.29420166015625,2.3838104248046874,83.0,2534,30.2
fixation,690861.7969999313,0.6654023284261877,0.5109093947844072,2.2866960005326704,2.374929254705256,183.0,2535,30.2
fixation,691061.7989999056,0.7139707525571187,0.5025629142920176,2.345079549153646,2.426894124348958,250.0,2536,30.2
fixation,691328.4709999561,0.773527225622764,0.5062657113258655,2.3709141657902646,2.4334998497596154,216.0,2537,30.2
fixation,691561.8079999685,0.8143272578716279,0.5005215406417847,2.356829833984375,2.4116455078125,83.0,2538,30.2
fixation,691695.1469999552,0.500706408586767,0.5864550852113299,2.2843746609157987,2.3875503540039062,300.0,2539,30.2
fixation,692028.4809999466,0.4725432060658932,0.48488621413707733,2.306513468424479,2.438226064046224,208.0,2540,30.2
fixation,692511.8159999847,0.46484390842287165,0.40803577711707667,2.4650959215666117,2.5941539563630758,309.0,2541,30.2
fixation,692861.8219999075,0.4124610014259815,0.36364217288792133,2.4337635040283203,2.5582637786865234,133.0,2542,NOTRIAL
fixation,693111.8269999027,0.34321964482466377,0.2684768408536911,2.310408528645833,2.393451944986979,250.0,2543,NOTRIAL
fixation,693395.1660000086,0.36777950937931353,0.2908532367302821,2.288959209735577,2.382115290715144,217.0,2544,NOTRIAL
fixation,693645.1789999008,0.35013949323226423,0.5036904509453213,2.3111915588378906,2.416667040656595,1134.0,2545,NOTRIAL
fixation,694828.5339999199,0.35604001581668854,0.6983493268489838,2.3162104288736978,2.411900838216146,100.0,2546,NOTRIAL
fixation,694945.1999999285,0.35125893851121265,0.7413186232248942,2.3634091331845237,2.4656546456473216,350.0,2547,NOTRIAL
fixation,695345.2079999447,0.49806248893340427,0.7145771210392317,2.351853688557943,2.4044888814290366,200.0,2548,NOTRIAL
fixation,695578.5460000038,0.5698539962371191,0.708081935842832,2.3401921590169272,2.3934097290039062,108.0,2549,NOTRIAL
fixation,696011.885999918,0.6438231120506922,0.7414036724302504,2.4638849894205728,2.5168329874674478,308.0,2550,NOTRIAL
fixation,696545.2309999466,0.5528705824505199,0.7278875708580017,2.2712222012606533,2.339243108575994,176.0,2551,NOTRIAL
fixation,696761.8980000019,0.504220979178653,0.7224689432803322,2.3052045036764706,2.381719701430377,567.0,2552,NOTRIAL
fixation,697361.9069999456,0.34783715892721107,0.7486964364846548,2.2995582863136574,2.405989470305266,458.0,2553,NOTRIAL
fixation,697995.2529999018,0.6520857546064589,0.7276013407442304,2.3335730658637153,2.402480740017361,742.0,2554,NOTRIAL
fixation,698778.5989999771,0.5120601885848575,0.8000955945915647,2.265658908420139,2.3391248914930554,150.0,2555,NOTRIAL
fixation,698961.9419999123,0.43701999485492704,0.8191813409328461,2.2938156127929688,2.403462219238281,175.0,2556,NOTRIAL
fixation,699228.6069999933,0.6651100009679795,0.7851269870996476,2.3647384643554688,2.4662445068359373,158.0,2557,NOTRIAL
fixation,699411.939999938,0.6519461323817571,0.7687389502922694,2.3594767252604165,2.4768091837565103,108.0,2558,NOTRIAL
fixation,699761.9499999285,0.6533864930078581,0.7447557120354145,2.3397187071961243,2.429065060305905,1283.0,2559,NOTRIAL
fixation,701278.6409999132,0.46568673683537376,0.838917977280087,2.3087327745225696,2.486753675672743,142.0,2560,NOTRIAL
fixation,701461.9789999723,0.5097440332174301,0.8255705274641514,2.4005565643310547,2.546783447265625,133.0,2561,NOTRIAL
fixation,701945.3199999332,0.4231185056269169,0.7333684861660004,2.2586421966552734,2.3974151611328125,134.0,2562,NOTRIAL
fixation,702111.9889999628,0.6437262418093505,0.741666211022271,2.3677905047381365,2.454948142722801,450.0,2563,NOTRIAL
fixation,702595.3309999704,0.579656512998953,0.7175118930456115,2.2826091487233233,2.339080810546875,684.0,2564,NOTRIAL
fixation,703328.6749999523,0.47838301584124565,0.42777189798653126,2.331716537475586,2.4953460693359375,133.0,2565,NOTRIAL
fixation,703578.6799999475,0.3596780096942728,0.253792904317379,2.365875244140625,2.5807661576704546,183.0,2566,NOTRIAL
fixation,703795.3529999256,0.4369851350784302,0.24997550323605539,2.3941864013671874,2.535772705078125,166.0,2567,NOTRIAL
fixation,703995.3539999723,0.5076186150312424,0.2561571978032589,2.3723526000976562,2.510456848144531,166.0,2568,NOTRIAL
fixation,704195.3579999208,0.5649581368152912,0.25451832436598265,2.3550027700570912,2.4858621450570912,216.0,2569,NOTRIAL
fixation,704445.3629999161,0.6285871004357058,0.25421536407049966,2.359998815199908,2.459821813246783,291.0,2570,NOTRIAL
fixation,705028.7059999704,0.3688922959069411,0.4623229367037614,2.3327000935872397,2.4884719848632812,200.0,2571,NOTRIAL
fixation,705245.3769999743,0.3521448591351509,0.49400251150131225,2.3074139404296874,2.453194580078125,833.0,2572,NOTRIAL
fixation,706128.7249999046,0.45019819140434264,0.6670182228088379,2.2401123046875,2.3132049560546877,83.0,2573,NOTRIAL
fixation,706228.7259999514,0.46019541565328836,0.7030740287154913,2.282257080078125,2.344503402709961,267.0,2574,NOTRIAL
fixation,706545.3969999552,0.46789028495550156,0.46010741740465166,2.388133239746094,2.4974212646484375,166.0,2575,NOTRIAL
fixation,706728.7350000143,0.5010265835693904,0.4809619347964014,2.369299752371652,2.493605477469308,233.0,2576,NOTRIAL
fixation,706978.7359999418,0.522512035710471,0.4895847077880587,2.4079982212611606,2.511755807059152,117.0,2577,15
fixation,707128.7389999628,0.47365907231966653,0.399287951985995,2.386153157552083,2.5113983154296875,250.0,2578,15
fixation,707462.0699999332,0.5019032234946886,0.39285517235596973,2.4245808919270835,2.5443115234375,108.0,2579,15
fixation,707762.074000001,0.4811549385388692,0.43557386596997577,2.5053227742513022,2.6161956787109375,92.0,2580,15
fixation,707878.740999937,0.4378454640507698,0.4254459455609322,2.5268829345703123,2.6528961181640627,167.0,2581,15
fixation,708062.0759999752,0.4751991873437708,0.4310550364581021,2.455415205522017,2.562563809481534,184.0,2582,15
fixation,708262.0799999237,0.4763159354527791,0.4905788029233615,2.3607635498046875,2.4558563232421875,100.0,2583,15
fixation,708378.7459999323,0.45784212377938355,0.5081439980051734,2.3342937122691763,2.4563459916548296,183.0,2584,15
fixation,708595.4149999619,0.5116402968764305,0.5143194183707237,2.4005393981933594,2.504302978515625,333.0,2585,15
fixation,708962.0959999561,0.4368227356010013,0.5599489112695059,2.398079766167535,2.512517293294271,150.0,2586,15
fixation,709128.7559999228,0.4101012774876186,0.5577324330806732,2.3914925711495534,2.5236336844308034,125.0,2587,15
fixation,709462.0989999771,0.48867190182209014,0.5562014579772949,2.37423095703125,2.507635498046875,84.0,2588,15
fixation,709562.1019999981,0.5269172588984171,0.5552510196963946,2.4117329915364585,2.52313232421875,200.0,2589,15
fixation,709778.7649999857,0.5029198779509618,0.5582090226503519,2.3671182485727162,2.4887718787560096,217.0,2590,15
fixation,710028.7649999857,0.5538418943231757,0.5604789446700703,2.3375119295987217,2.46966552734375,183.0,2591,15
fixation,710245.4359999895,0.5818879008293152,0.5634598471224308,2.369619369506836,2.482257843017578,141.0,2592,15
fixation,710645.439999938,0.4239963469180194,0.6714667298577048,2.4122550270774146,2.6011727072975854,183.0,2593,15
fixation,710862.1089999676,0.4959082986627306,0.6717503666877747,2.454341343470982,2.5817456926618303,117.0,2594,15
fixation,711012.1109999418,0.5508780709721826,0.6646291451020674,2.342767195268111,2.453642411665483,367.0,2595,15
fixation,711412.1129999161,0.5879140466451644,0.6636027485132218,2.3249557495117186,2.447434997558594,167.0,2596,15
fixation,711628.7939999104,0.42948704957962036,0.8749899342656136,2.333127975463867,2.482288360595703,133.0,2597,15
fixation,711795.4620000124,0.40245212117830914,0.884834885597229,2.3649698893229165,2.5008341471354165,150.0,2598,15
fixation,711978.7979999781,0.47657380666997695,0.8711303770542145,2.38517083062066,2.499233669704861,150.0,2599,15
fixation,712162.1339999437,0.5255754366517067,0.8722287714481354,2.3302510579427085,2.412591298421224,200.0,2600,15
fixation,712395.4709999561,0.5537681952118874,0.8947849571704865,2.296844482421875,2.389873504638672,66.0,2601,15
fixation,712478.8069999218,0.6056768655776977,0.9010882765054703,2.3007598876953126,2.3776031494140626,175.0,2602,15
fixation,712928.814999938,0.4124995089239544,0.8904572758409712,2.3545413547092013,2.4926876491970487,142.0,2603,15
fixation,713145.4769999981,0.45714307725429537,0.5559843122959137,2.4499969482421875,2.5959014892578125,83.0,2604,15
fixation,713245.4829999208,0.4843742723266284,0.46842610090970993,2.4542160034179688,2.63006591796875,100.0,2605,15
fixation,713362.1459999084,0.4936004156867663,0.4124555451174577,2.385364532470703,2.5283050537109375,200.0,2606,15
fixation,713578.8159999847,0.5142158925533294,0.44176842719316484,2.3645980834960936,2.47808837890625,167.0,2607,15
fixation,713778.8279999495,0.5516996511391231,0.4454228622572763,2.3904571533203125,2.498447963169643,117.0,2608,15
fixation,713928.8320000172,0.49474186111580243,0.44272004067897797,2.393850153142756,2.5322945334694604,183.0,2609,15
fixation,714128.8259999752,0.4678810566663742,0.448043625553449,2.397496541341146,2.5462056477864583,250.0,2610,15
fixation,714395.5089999437,0.4940834790468216,0.4543887625137965,2.428741455078125,2.552392578125,250.0,2611,15
fixation,714678.8449999094,0.5274091809988022,0.4519709497690201,2.415330069405692,2.5470363071986606,233.0,2612,15
fixation,714945.5149999857,0.433584680611437,0.5398392406376925,2.3629261363636362,2.5340631658380683,183.0,2613,15
fixation,715162.186999917,0.5059981668988863,0.5234496792157491,2.4072138468424478,2.526777903238932,200.0,2614,15
fixation,715395.5130000114,0.43448776357314167,0.5486076807274538,2.3714222627527572,2.5258115880629597,283.0,2615,15
fixation,715695.5189999342,0.5149556621909142,0.5464568982521693,2.4266141255696616,2.4937871297200522,200.0,2616,15
fixation,715928.8629999161,0.43960229438893933,0.5527080840924207,2.3714761173023895,2.489022647633272,291.0,2617,15
fixation,716528.8769999743,0.5140702047131278,0.4674386991695924,2.460450605912642,2.555757002397017,183.0,2618,15
fixation,716745.5460000038,0.5306874513626099,0.5232399238480462,2.520692613389757,2.6078033447265625,158.0,2619,15
fixation,717212.2170000076,0.5122704234990206,0.564025188034231,2.4187746914950283,2.5305744517933237,184.0,2620,15
fixation,717428.8909999132,0.5601902835898929,0.5641190012296041,2.489654541015625,2.5963236490885415,150.0,2621,15
fixation,717612.2259999514,0.5052822615419116,0.5643696316650936,2.364367893763951,2.451643807547433,234.0,2622,15
fixation,717862.2319999933,0.4881976404123836,0.5649174617396461,2.2904366387261286,2.3994547526041665,300.0,2623,15
fixation,718212.2369999886,0.5722637735307217,0.8590778335928917,2.3214111328125,2.415111541748047,134.0,2624,15
fixation,718378.9039999247,0.6021430765589079,0.896831564605236,2.3655103047688804,2.4614359537760415,200.0,2625,15
fixation,718612.240999937,0.5196267366409302,0.8974142223596573,2.3702926635742188,2.4835357666015625,108.0,2626,15
fixation,719095.5749999285,0.5764422193169594,0.9001648668199778,2.520920753479004,2.6204986572265625,266.0,2627,15
fixation,719378.9149999619,0.6200966040293375,0.88458634664615,2.5003128051757812,2.5861231486002603,200.0,2628,15
fixation,719612.2509999275,0.5450693070888519,0.8763092779196225,2.3983482947716346,2.471697293795072,217.0,2629,15
fixation,719845.5870000124,0.5712674902035639,0.8788110178250533,2.38217045710637,2.4527259239783654,216.0,2630,15
fixation,720095.5920000076,0.5118999034166336,0.8612728416919708,2.3874359130859375,2.4612693786621094,66.0,2631,15
fixation,720195.6019999981,0.5174156299659184,0.6397718233721597,2.3639330182756697,2.432793753487723,116.0,2632,15
fixation,720345.5949999094,0.44720505497285296,0.6595573446580342,2.3735079084123885,2.467644827706473,233.0,2633,15
fixation,720612.2759999037,0.42431415617465973,0.6640309616923332,2.427814483642578,2.531352996826172,67.0,2634,15
fixation,720728.9419999123,0.43069398899873096,0.8927911718686422,2.456695556640625,2.5553410847981772,100.0,2635,15
fixation,720862.2789999247,0.5124310491716161,0.8749009283149943,2.437640021829044,2.5189873190487133,284.0,2636,15
fixation,721195.6109999418,0.5060989618301391,0.557197117805481,2.415667724609375,2.4905303955078124,174.0,2637,15
fixation,722362.3039999008,0.43957213560740155,0.49201127390066784,2.596284654405382,2.772028605143229,150.0,2638,15
fixation,722528.9739999771,0.4790257414182027,0.41497936099767685,2.5310440063476562,2.666795094807943,200.0,2639,15
fixation,722745.6449999809,0.5326098327835401,0.41334153711795807,2.3188705444335938,2.4132715861002603,200.0,2640,15
fixation,722978.9720000029,0.42994903127352396,0.4961294839779536,2.229908243815104,2.3657440185546874,250.0,2641,15
fixation,723262.3090000153,0.49870073930783704,0.49781322750178253,2.3321533203125,2.4031302712180396,184.0,2642,15
fixation,723478.9859999418,0.4365978116790454,0.5353560671210289,2.3228937784830728,2.476612091064453,200.0,2643,15
fixation,723795.6529999971,0.5362102795730938,0.5356680994684045,2.403847434303977,2.498909690163352,183.0,2644,15
fixation,723995.6560000181,0.5659334361553192,0.5336233940389421,2.4213155110677085,2.51767815483941,150.0,2645,FIX_CROS
fixation,724179.0009999275,0.49903138503432276,0.4792965345084667,2.421368408203125,2.565655517578125,333.0,2646,FIX_CROS
fixation,724545.6719999313,0.4575502773125966,0.4168412610888481,2.4225845336914062,2.5918172200520835,100.0,2647,FIX_CROS
fixation,724662.3429999352,0.4570862166583538,0.42313582822680473,2.4650726318359375,2.5604782104492188,66.0,2648,FIX_CROS
fixation,724745.675999999,0.49462839402258396,0.46354260854423046,2.4306068420410156,2.5442352294921875,141.0,2649,FIX_CROS
fixation,725079.0039999485,0.49731691740453243,0.503605242818594,2.458131790161133,2.6121578216552734,134.0,2650,15.1
fixation,725245.6779999733,0.32647894229739904,0.4966806750744581,2.5148353576660156,2.679379463195801,267.0,2651,15.1
fixation,725562.3569999933,0.4453145682811737,0.49674306958913805,2.395155334472656,2.5176376342773437,166.0,2652,15.1
fixation,725745.6849999428,0.48209589294024874,0.4880082181521824,2.336632864815848,2.431096758161272,233.0,2653,15.1
fixation,726012.3549998999,0.5385536193847656,0.4928080752491951,2.3572265625,2.4375885009765623,166.0,2654,15.1
fixation,726212.3679999113,0.6166399823767799,0.4901974935616766,2.3714817592075894,2.4212352207728793,233.0,2655,15.1
fixation,726479.0360000134,0.6728017330169678,0.5027789967624765,2.442103335731908,2.5147648861533716,317.0,2656,15.1
fixation,726812.3769999743,0.7301422678507291,0.5103862686799123,2.4945901724008412,2.5728618915264425,216.0,2657,15.1
fixation,727062.3789999485,0.6915870335969058,0.4993694383989681,2.473380348899148,2.519246881658381,183.0,2658,15.1
fixation,727312.3729999065,0.34572159367449146,0.5197506038581624,2.463209264418658,2.5956187528722428,283.0,2659,15.1
fixation,727645.7159999609,0.731035033861796,0.5096778770287832,2.508058336046007,2.536063300238715,150.0,2660,15.1
fixation,727895.7189999819,0.6785390262420361,0.49289223895623135,2.4494112454927883,2.4862054678109975,433.0,2661,15.1
fixation,728379.050999999,0.30523185644830975,0.5017193002360207,2.3919873918805803,2.4777635846819197,117.0,2662,15.1
fixation,728529.0549999475,0.25368690359241824,0.4927719629862729,2.348481122185202,2.4490823184742645,284.0,2663,15.1
fixation,728862.385999918,0.355615410539839,0.49255256685945725,2.322269015842014,2.4282599555121527,150.0,2664,15.1
fixation,729029.0529999733,0.3936905351777871,0.48367393761873245,2.251922607421875,2.367445627848307,200.0,2665,15.1
fixation,729262.3789999485,0.4294400904327631,0.4942275872454047,2.2751779556274414,2.3636817932128906,266.0,2666,15.1
fixation,729579.0569999218,0.5370616018772125,0.4406662169429991,2.3529290093315973,2.428309122721354,150.0,2667,NOTRIAL
fixation,729845.7259999514,0.6427625566720963,0.2879033001760642,2.432692209879557,2.5112686157226562,200.0,2668,NOTRIAL
fixation,730062.39199996,0.6260779241197988,0.2799905315041542,2.408423574347245,2.4709396362304688,633.0,2669,NOTRIAL
fixation,730745.7269999981,0.6396401054584063,0.47223462336338484,2.3783651498647838,2.474672170785757,441.0,2670,NOTRIAL
fixation,731429.0629999638,0.6475135286649069,0.5140379309654236,2.4160614013671875,2.5167338053385415,242.0,2671,NOTRIAL
fixation,731712.3959999084,0.647440098799192,0.7282902414982135,2.3437987107496996,2.4368356557992787,441.0,2672,NOTRIAL
fixation,732395.7379999161,0.6096968861917654,0.7271145855387052,2.3032538096110025,2.3720296223958335,392.0,2673,NOTRIAL
fixation,732812.4119999409,0.6539693233512697,0.7179529823008037,2.285581316266741,2.3323465983072915,350.0,2674,NOTRIAL
fixation,733212.4160000086,0.5029852038080042,0.79540508443659,2.210267500443892,2.2918562455610796,183.0,2675,NOTRIAL
fixation,733412.4239999056,0.4721752256155014,0.817447261677848,2.2527296278211804,2.3439398871527777,150.0,2676,NOTRIAL
fixation,733595.7569999695,0.6103123937334333,0.5876714416912624,2.3288356236049106,2.417517525809152,117.0,2677,NOTRIAL
fixation,733762.4249999523,0.48948687894476783,0.35320165422227645,2.3630752563476562,2.52561526828342,300.0,2678,NOTRIAL
fixation,734095.7649999857,0.48188002975214095,0.44643822667144595,2.3824521019345237,2.508080618722098,350.0,2679,FIX_CROS
fixation,734462.4359999895,0.5043511018157005,0.4662112568815549,2.346989949544271,2.4286346435546875,108.0,2680,FIX_CROS
fixation,734795.7749999762,0.4853653609752655,0.4761583564373163,2.3656381460336537,2.5067948561448317,217.0,2681,15.2
fixation,735045.7789999247,0.37174005806446075,0.3621946983039379,2.4409523010253906,2.6330299377441406,67.0,2682,15.2
fixation,735145.7799999714,0.22989666213591894,0.3276076780425178,2.4055362277560763,2.5733574761284723,150.0,2683,15.2
fixation,735329.1169999838,0.19137624204158782,0.31569786965847013,2.3212310791015627,2.456919860839844,167.0,2684,15.2
fixation,735529.1209999323,0.27435559034347534,0.3229347825050354,2.2868392944335936,2.4101776123046874,167.0,2685,15.2
fixation,735729.121999979,0.3744058476554023,0.3159816977050569,2.2555084228515625,2.3466932508680554,150.0,2686,15.2
fixation,735912.4599999189,0.4147609571615855,0.31665665407975513,2.2649866739908853,2.333521525065104,100.0,2687,15.2
fixation,736045.7949999571,0.4667134742651667,0.32241255577121464,2.2777437482561385,2.3552355085100447,233.0,2688,15.2
fixation,736312.4689999819,0.5302691638469696,0.32395127415657043,2.3221511840820312,2.3947982788085938,166.0,2689,15.2
fixation,736512.4689999819,0.5914745579163233,0.324080191552639,2.350519816080729,2.429767608642578,200.0,2690,15.2
fixation,736729.138999939,0.6242890258630117,0.32494692752758664,2.3809611002604165,2.446044921875,100.0,2691,15.2
fixation,736862.4749999046,0.5215393144350785,0.3252643702121881,2.3948763333834133,2.468822772686298,216.0,2692,15.2
fixation,737095.8129999638,0.507943645119667,0.32904796799023944,2.4046897888183594,2.490838368733724,200.0,2693,15.2
fixation,737329.1489999294,0.5837102830410004,0.32300449772314593,2.3935491388494317,2.4848993474786933,184.0,2694,15.2
fixation,737545.82099998,0.6321092893679937,0.31925451507170993,2.382848103841146,2.4648005167643228,100.0,2695,15.2
fixation,737695.8259999752,0.37188972234725953,0.316207292675972,2.355914306640625,2.487664794921875,83.0,2696,15.2
fixation,737812.4959999323,0.2690097689628601,0.3127530235797167,2.34619140625,2.5053482055664062,133.0,2697,15.2
fixation,737962.4979999065,0.2187646199017763,0.3172141220420599,2.3803749084472656,2.5318031311035156,133.0,2698,15.2
fixation,738112.5029999018,0.18497946014006933,0.3073078284660975,2.3474131266276044,2.4803497314453127,250.0,2699,15.2
fixation,738412.5080000162,0.2753125528494517,0.3165532623728116,2.3369928995768228,2.4079742431640625,100.0,2700,15.2
fixation,738545.8470000029,0.33714249059557916,0.3224413588643074,2.2781036376953123,2.3591407775878905,333.0,2701,15.2
fixation,738912.5189999342,0.4273576506159522,0.32121890647844836,2.2617936567826704,2.3730413263494317,183.0,2702,15.2
fixation,739112.5199999809,0.4050487812076296,0.3265645205974579,2.287933349609375,2.377589634486607,116.0,2703,15.2
fixation,739262.5259999037,0.47380108303493923,0.32544561558299595,2.3126356336805554,2.405580308702257,150.0,2704,15.2
fixation,739445.8639999628,0.5558341822840951,0.3228348750959743,2.338742342862216,2.404074928977273,191.0,2705,15.2
fixation,739795.8729999065,0.6063011666138967,0.32384598553180693,2.3871307373046875,2.4786346435546873,250.0,2706,15.2
fixation,740079.2129999399,0.4606735897915704,0.3312925909246717,2.445371355329241,2.5763440813337053,125.0,2707,15.2
fixation,740429.2199999094,0.4213293469869174,0.32821204226750594,2.3380209115835338,2.4354518010066104,217.0,2708,15.2
fixation,740695.8939999342,0.6235661506652832,0.3267294839024544,2.3996047973632812,2.4422225952148438,167.0,2709,15.2
fixation,740912.5659999847,0.7703943908214569,0.3085189491510391,2.278361511230469,2.332563781738281,166.0,2710,15.2
fixation,741095.9009999037,0.7445028291808234,0.31613916324244606,2.249455769856771,2.317594740125868,150.0,2711,15.2
fixation,741279.2400000095,0.7951633781194687,0.31624822318553925,2.2763938903808594,2.343719482421875,67.0,2712,15.2
fixation,741412.5759999752,0.2309699526854924,0.3946424701384136,2.251253400530134,2.384362357003348,116.0,2713,15.2
fixation,741562.5799999237,0.18593862280249596,0.4010343365371227,2.2836360931396484,2.4049558639526367,266.0,2714,15.2
fixation,741862.5859999657,0.27649373188614845,0.4020959846675396,2.2422428131103516,2.3617630004882812,266.0,2715,15.2
fixation,742145.9269999266,0.332553812302649,0.39688804745674133,2.213115692138672,2.29477596282959,267.0,2716,15.2
fixation,742462.5970000029,0.5900814451954581,0.3278245682066137,2.273959073153409,2.3468586314808237,183.0,2717,15.2
fixation,742662.6009999514,0.5645816326141357,0.32675904408097267,2.2829208374023438,2.3637542724609375,66.0,2718,15.2
fixation,742745.9349999428,0.5482968688011169,0.33108361893230015,2.302620781792535,2.402413262261285,150.0,2719,15.2
fixation,742929.2709999084,0.6361072338544406,0.33170472429348874,2.3394798865685096,2.4151763916015625,217.0,2720,15.2
fixation,743179.2749999762,0.7080389317125082,0.3285659244284034,2.3666181564331055,2.4198246002197266,267.0,2721,15.2
fixation,743479.2810000181,0.7354863435029984,0.329531230032444,2.350849151611328,2.3854751586914062,75.0,2722,15.2
fixation,743762.6179999113,0.7328157018531453,0.3139840188351544,2.3988522616299717,2.4747467041015625,175.0,2723,15.2
fixation,744212.6259999275,0.6256256885826588,0.336297490944465,2.383467356363932,2.504903793334961,392.0,2724,15.2
fixation,744695.9659999609,0.2912064790725708,0.46705547471841175,2.3104451497395835,2.451568603515625,100.0,2725,15.2
fixation,744812.6319999695,0.29500491470098494,0.43851779997348783,2.2859268188476562,2.4232864379882812,166.0,2726,15.2
fixation,744995.9709999561,0.33386535942554474,0.43192773244597693,2.3155670166015625,2.4075067693536933,183.0,2727,15.2
fixation,745212.6399999857,0.38233973979949953,0.4275818198919296,2.30042724609375,2.3839157104492186,166.0,2728,15.2
fixation,745395.9769999981,0.431626096367836,0.4289508678696372,2.309285944158381,2.361643010919744,183.0,2729,15.2
fixation,745595.9819999933,0.4185996279120445,0.43164683505892754,2.298938751220703,2.3566436767578125,67.0,2730,15.2
fixation,745695.9809999466,0.49268792445460957,0.4388753113647302,2.3253580729166665,2.3941891988118487,208.0,2731,15.2
fixation,746095.9900000095,0.5705303966999054,0.4348286062479019,2.41522216796875,2.5054443359375,75.0,2732,15.2
fixation,746195.9900000095,0.5187044995171683,0.4429917335510254,2.4676731654575894,2.5679539271763394,117.0,2733,15.2
fixation,746345.9919999838,0.621350065657967,0.4355195329377526,2.4593513890316614,2.5385445042660364,317.0,2734,15.2
fixation,746695.9989999533,0.7068728655576706,0.4361787608691624,2.393375941685268,2.4599456787109375,234.0,2735,15.2
fixation,746946.0029999018,0.7681930065155029,0.42784357619913,2.4131501850328947,2.49505615234375,317.0,2736,15.2
fixation,747296.0089999437,0.8045126034153832,0.41555992762247723,2.4251641167534723,2.5126156277126737,158.0,2737,15.2
fixation,747729.3529999256,0.23190022673871782,0.4814045230547587,2.415640936957465,2.6086849636501737,150.0,2738,15.2
fixation,747896.0230000019,0.2031918492387323,0.4919769886661978,2.4200466380399814,2.550038954790901,284.0,2739,15.2
fixation,748212.7009999752,0.3513277396559715,0.486008457839489,2.264910888671875,2.3287445068359376,167.0,2740,15.2
fixation,748412.7019999027,0.3036694423510478,0.4987827791617467,2.209715623121995,2.292712871844952,217.0,2741,15.2
fixation,748729.3799999952,0.42277992042628204,0.4925302023237402,2.2126603560014204,2.2981026389382104,183.0,2742,15.2
fixation,748929.3819999695,0.40778782467047375,0.4990522215763728,2.258451673719618,2.3707750108506946,150.0,2743,15.2
fixation,749129.3869999647,0.5028240525204203,0.494651620802672,2.342567775560462,2.395128333050272,383.0,2744,15.2
fixation,749579.3989999294,0.5733042240142823,0.498457999030749,2.346540323893229,2.405146280924479,250.0,2745,15.2
fixation,749862.7369999886,0.6181499935113467,0.48778641567780423,2.35171391413762,2.43990971491887,217.0,2746,15.2
fixation,750096.0759999752,0.6684268899261951,0.4952798206359148,2.3531885147094727,2.429568290710449,267.0,2747,15.2
fixation,750396.0829999447,0.7128482596440748,0.4985651739618995,2.3741038929332388,2.4415463534268467,184.0,2748,15.2
fixation,750612.7539999485,0.7707871556282043,0.5045955732464791,2.3847930908203123,2.45662841796875,167.0,2749,15.2
fixation,750796.0949999094,0.7933383733034134,0.5054959505796432,2.4019241333007812,2.430683135986328,67.0,2750,15.2
fixation,750962.763999939,0.25841080993413923,0.6048549234867096,2.3352508544921875,2.4682342529296877,83.0,2751,15.2
fixation,751062.76699996,0.1956820289293925,0.5865731214483579,2.295049031575521,2.452925364176432,200.0,2752,15.2
fixation,751296.1049998999,0.25498663013180095,0.5896114557981491,2.2955296834309897,2.4212315877278647,108.0,2753,15.2
fixation,751662.7819999456,0.32063363790512084,0.6047391176223755,2.1837890625,2.332440185546875,83.0,2754,15.2
fixation,751762.7860000134,0.3004586935043335,0.6096518516540528,2.258775329589844,2.3792098999023437,167.0,2755,15.2
fixation,751962.7889999151,0.3918612003326416,0.5833758026361465,2.2126373291015624,2.324537658691406,333.0,2756,15.2
fixation,752329.4629999399,0.45269641652703285,0.5689664209882418,2.171769460042318,2.2819137573242188,200.0,2757,15.2
fixation,752562.7960000038,0.4983289827193533,0.5672298244067601,2.1777823311941966,2.2817589896065846,233.0,2758,15.2
fixation,752829.4709999561,0.5630289594332377,0.5751285195350647,2.250554402669271,2.319755045572917,250.0,2759,15.2
fixation,753112.8109999895,0.6479539304971695,0.5706776589155197,2.273146057128906,2.312335205078125,167.0,2760,15.2
fixation,753296.1459999084,0.6269404888153076,0.5780064016580582,2.250384521484375,2.344532775878906,167.0,2761,15.2
fixation,753496.1489999294,0.6872650619064059,0.5862558718238559,2.2938232421875,2.364276341029576,234.0,2762,15.2
fixation,753746.1519999504,0.7033743798732758,0.5902653455734252,2.319970703125,2.3721649169921877,84.0,2763,15.2
fixation,753846.1549999714,0.7441084533929825,0.5965769365429878,2.324756622314453,2.388427734375,200.0,2764,15.2
fixation,754079.490999937,0.7958459556102753,0.5930781165758768,2.3025088840060763,2.353274875217014,150.0,2765,15.2
fixation,754279.493999958,0.467587917111814,0.6562857087701559,2.2057323455810547,2.350693702697754,274.0,2766,15.2
fixation,754796.1710000038,0.5028143111202452,0.6774636374579536,2.223846435546875,2.331753200954861,150.0,2767,15.2
fixation,755246.1769999266,0.47304088808596134,0.6769203897565603,2.250041961669922,2.3720169067382812,259.0,2768,15.2
fixation,755529.5189999342,0.4295277107845653,0.6593506932258606,2.1979481090198862,2.3349359685724433,183.0,2769,15.2
fixation,755746.1849999428,0.4803606697491237,0.650864954505648,2.1449672154017856,2.256809779575893,117.0,2770,15.2
fixation,755912.8559999466,0.40624262392520905,0.5646440088748932,2.1736653645833335,2.289942423502604,100.0,2771,15.2
fixation,756046.1919999123,0.43808521032333375,0.39448017477989195,2.244004821777344,2.3350204467773437,167.0,2772,15.2
fixation,756246.1940000057,0.49073186069726943,0.3990256920456886,2.3014144897460938,2.3802536010742186,167.0,2773,15.2
fixation,756462.8650000095,0.30165209248661995,0.3958782460540533,2.318849563598633,2.4624805450439453,133.0,2774,15.2
fixation,756629.5329999924,0.2663389816880226,0.40529178977012636,2.303999328613281,2.466058349609375,166.0,2775,15.2
fixation,756812.8700000048,0.31362140278021494,0.40821477671464285,2.3275482177734377,2.470045979817708,250.0,2776,15.2
fixation,757096.2079999447,0.3935420463482539,0.42631735901037854,2.3237991333007812,2.437708536783854,108.0,2777,15.2
fixation,757412.885999918,0.46277778297662736,0.4190917953848839,2.417216491699219,2.5262847900390626,159.0,2778,15.2
fixation,757612.8869999647,0.5047954032197595,0.42630218900740147,2.446279525756836,2.526254653930664,275.0,2779,15.2
fixation,758112.9009999037,0.5434262156486511,0.4340347683429718,2.3515179443359373,2.4290264892578124,409.0,2780,15.2
fixation,758562.9110000134,0.4541808283991284,0.44853593905766803,2.287660386827257,2.372197469075521,150.0,2781,15.2
fixation,758746.2489999533,0.5632399618625641,0.3220047714809577,2.2897631327311196,2.3512064615885415,200.0,2782,15.2
fixation,758979.5899999142,0.6291571915149688,0.3118299752473831,2.3047576904296876,2.3364349365234376,166.0,2783,15.2
fixation,759196.2619999647,0.7385560194651286,0.31692344745000206,2.349565633138021,2.3999674479166666,250.0,2784,15.2
fixation,759479.6029999256,0.7893073856830597,0.31651855260133743,2.363018035888672,2.4204788208007812,66.0,2785,15.2
fixation,759562.936999917,0.8125847578048706,0.3088816814124584,2.3614768981933594,2.405773162841797,67.0,2786,15.2
fixation,759696.2739999294,0.19788189511746168,0.3760328870266676,2.314054489135742,2.4632625579833984,134.0,2787,15.2
fixation,759862.94599998,0.17671288847923278,0.3902533143758774,2.3113189697265626,2.459918212890625,91.0,2788,15.2
fixation,760162.9440000057,0.2705497145652771,0.43462696522474287,2.2713287353515623,2.4498031616210936,167.0,2789,15.2
fixation,760362.9589999914,0.36869654194875195,0.44228357618505304,2.351509787819602,2.4746939919211646,183.0,2790,15.2
fixation,760579.6299999952,0.44046079080838424,0.43386606298960173,2.30496333195613,2.4253328763521633,216.0,2791,15.2
fixation,760812.9689999819,0.48356724358521974,0.437736567396384,2.2645193246694713,2.3942941518930287,217.0,2792,15.2
fixation,761046.3099999428,0.5602847657033375,0.43042088725737165,2.289384024483817,2.3792037963867188,234.0,2793,15.2
fixation,761312.9829999208,0.6404413282871246,0.43162809770840865,2.351024921123798,2.4335127610426683,217.0,2794,15.2
fixation,761562.990999937,0.7062284763042743,0.4314289356653507,2.380101130558894,2.46835444523738,217.0,2795,15.2
fixation,761796.3259999752,0.7695203847006747,0.41810920912968486,2.3685358950966284,2.4207916259765625,317.0,2796,15.2
fixation,762179.6629999876,0.25454025094707805,0.5037066067258517,2.3472010294596353,2.5046488444010415,100.0,2797,15.2
fixation,762312.9989999533,0.1980032610396544,0.49870632713039714,2.3416519165039062,2.4792989095052085,200.0,2798,15.2
fixation,762546.3359999657,0.2516730323433876,0.5037622481584549,2.3690887451171876,2.4935089111328126,91.0,2799,15.2
fixation,762829.6749999523,0.32282339967787266,0.5076358336955309,2.2882919311523438,2.4374217987060547,125.0,2800,15.2
fixation,762979.6769999266,0.30926450590292615,0.5175556714336077,2.358057657877604,2.495635986328125,100.0,2801,15.2
fixation,763113.0209999084,0.421026878632032,0.5227270516065451,2.3832115760216346,2.4808924748347354,217.0,2802,15.2
fixation,763363.0249999762,0.5153331974377999,0.518357440829277,2.3483282235952525,2.431756826547476,434.0,2803,15.2
fixation,763829.69599998,0.5818027590329831,0.5231960140741788,2.418810330904447,2.5206351647010217,433.0,2804,15.2
fixation,764329.7019999027,0.655346256494522,0.5135316729545594,2.4444549560546873,2.5256195068359375,91.0,2805,15.2
fixation,764679.7070000172,0.7067169301650104,0.504068565719268,2.5844062356387867,2.685751522288603,283.0,2806,15.2
fixation,764996.3789999485,0.7389544397592545,0.49982229703002506,2.4058625962999134,2.508824666341146,300.0,2807,15.2
fixation,765313.0640000105,0.7807659667271835,0.4860552239876527,2.3496187650240383,2.426220233623798,217.0,2808,15.2
fixation,765579.7220000029,0.5310554921627044,0.5451013088226319,2.314581298828125,2.429400634765625,91.0,2809,15.2
fixation,765863.061999917,0.4918509361644586,0.5630089491605759,2.4095331827799478,2.518512725830078,200.0,2810,15.2
fixation,766096.3980000019,0.49798653181642294,0.4298236258327961,2.4941492080688477,2.6220264434814453,266.0,2811,NOTRIAL
fixation,766413.0719999075,0.40226539596915245,0.3472181409597397,2.3906898498535156,2.532958984375,67.0,2812,NOTRIAL
fixation,766513.0719999075,0.3788252219557762,0.27951841950416567,2.374803161621094,2.5096084594726564,167.0,2813,NOTRIAL
fixation,766696.4110000134,0.35246189874272016,0.27733830795731657,2.374693049940952,2.4619378378224925,716.0,2814,NOTRIAL
fixation,767429.7580000162,0.36331457587388843,0.26927282030765826,2.373334444486178,2.4584385798527646,225.0,2815,NOTRIAL
fixation,767863.0979999304,0.3535047624456255,0.27879116958693456,2.3701195967824837,2.4792050813373767,626.0,2816,NOTRIAL
fixation,768529.7939999104,0.4350652185579141,0.2775350237886111,2.269317626953125,2.3452720642089844,200.0,2817,NOTRIAL
fixation,768763.1319999695,0.3587239751448998,0.2651713616572894,2.2609405517578125,2.378413273737981,217.0,2818,NOTRIAL
fixation,769013.135999918,0.4239729204111629,0.2751799325148265,2.2680265638563366,2.3789486355251737,300.0,2819,NOTRIAL
fixation,769346.4799998999,0.36470068991184235,0.27165123119073753,2.2856256821576286,2.3710524615119484,291.0,2820,NOTRIAL
fixation,769829.8169999123,0.41385258734226227,0.2845046387778388,2.309107462565104,2.385492960611979,150.0,2821,NOTRIAL
fixation,769996.4959999323,0.42715781686767457,0.285340148114389,2.343628914125504,2.416960193264869,516.0,2822,NOTRIAL
fixation,770579.8429999352,0.34418745260489614,0.5022982892237211,2.2417144775390625,2.327374106959293,317.0,2823,NOTRIAL
fixation,770929.8509999514,0.3757123239338398,0.5049683675169945,2.315643310546875,2.3829116821289062,67.0,2824,NOTRIAL
fixation,771046.5209999084,0.640571036122062,0.49619571390477096,2.3300344293767754,2.3882682106711646,366.0,2825,NOTRIAL
fixation,771446.5349999666,0.44160726937380707,0.49840190735730255,2.3560374866832388,2.4846066561612217,183.0,2826,NOTRIAL
fixation,771646.5369999409,0.4219061955809593,0.48781385583182174,2.33055051167806,2.4306583404541016,400.0,2827,NOTRIAL
fixation,772079.8819999695,0.3603946367899577,0.6873673796653748,2.297027587890625,2.3921788533528647,100.0,2828,NOTRIAL
fixation,772213.2109999657,0.3435419887304306,0.7417310073971748,2.3365013122558596,2.4110954284667967,334.0,2829,NOTRIAL
fixation,772579.8830000162,0.44678392820060253,0.7130445055663586,2.3398609161376953,2.378660202026367,133.0,2830,NOTRIAL
fixation,772729.885999918,0.5053889514370398,0.7095603197813034,2.335823752663352,2.373383261940696,367.0,2831,NOTRIAL
fixation,773146.5690000057,0.3467835103337829,0.7385571099616386,2.4066442541173987,2.499813595333615,616.0,2832,NOTRIAL
fixation,773796.5809999704,0.5697343289852143,0.7325239241123199,2.376092529296875,2.420758056640625,83.0,2833,NOTRIAL
fixation,773913.25,0.46977013647556304,0.7986724177996317,2.3765594482421877,2.454655965169271,250.0,2834,NOTRIAL
fixation,774196.5889999866,0.5106703400611877,0.7264491021633148,2.43980712890625,2.5115631103515623,91.0,2835,NOTRIAL
fixation,774513.2589999437,0.5302485525608063,0.7368772327899933,2.4105968475341797,2.5032119750976562,126.0,2836,NOTRIAL
fixation,774679.9289999008,0.5004803165793419,0.7226032495498658,2.4746337890625,2.5578994750976562,167.0,2837,NOTRIAL
fixation,774879.9329999685,0.4645964682102203,0.8086861550807953,2.3674407958984376,2.4397206624348957,250.0,2838,NOTRIAL
fixation,775163.2719999552,0.5598682463169098,0.8121556043624878,2.3091400146484373,2.3484710693359374,167.0,2839,NOTRIAL
fixation,775363.2769999504,0.44198963578258244,0.8208130129746029,2.289098467145647,2.3576224190848216,234.0,2840,NOTRIAL
fixation,775913.2869999409,0.515732969556536,0.755571682538305,2.3229588099888394,2.381901332310268,226.0,2841,NOTRIAL
fixation,776163.2879999876,0.49836624388037054,0.7159000316570545,2.2990806842672415,2.379280353414601,484.0,2842,NOTRIAL
fixation,776679.9659999609,0.43620124803139615,0.7079649957326742,2.233758779672476,2.324702336237981,217.0,2843,NOTRIAL
fixation,776929.9709999561,0.6240160703659058,0.7041734457015991,2.3049774169921875,2.3275299072265625,167.0,2844,NOTRIAL
fixation,777113.3069999218,0.6499063707888126,0.7118318527936935,2.324026107788086,2.3647212982177734,134.0,2845,NOTRIAL
fixation,777296.6469999552,0.5279176559518365,0.3796704608727904,2.350620942957261,2.4267964082605697,566.0,2846,NOTRIAL
fixation,777896.6560000181,0.44091594219207764,0.28739841530720395,2.3214492797851562,2.4382553100585938,100.0,2847,NOTRIAL
fixation,778029.9900000095,0.38124197721481323,0.25699138790369036,2.318597412109375,2.472947692871094,167.0,2848,NOTRIAL
fixation,778229.9950000048,0.4799967586994171,0.25827653557062147,2.357525634765625,2.474809265136719,167.0,2849,NOTRIAL
fixation,778446.6660000086,0.3604065519240167,0.4979332652356889,2.314314948187934,2.435601976182726,300.0,2850,NOTRIAL
fixation,778763.3420000076,0.3446007784335844,0.5009017380014542,2.3444425521358365,2.46984371062248,524.0,2851,NOTRIAL
fixation,779513.3549998999,0.44931290878189933,0.6389940894312329,2.2989315456814237,2.376978556315104,292.0,2852,NOTRIAL
fixation,779846.6949999332,0.4836749869088332,0.4818070741991202,2.356828053792318,2.4652697245279946,200.0,2853,NOTRIAL
fixation,780080.0299999714,0.5180311128497124,0.4900788329541683,2.30352783203125,2.4284210205078125,75.0,2854,NOTRIAL
fixation,780363.368999958,0.5033646449446678,0.4832067017753919,2.3134358723958335,2.4370549519856772,92.0,2855,23
fixation,780496.7059999704,0.47949019223451617,0.3490730717778206,2.4105453491210938,2.516033935546875,167.0,2856,23
fixation,780680.0429999828,0.430256649851799,0.3527415804564953,2.4110641479492188,2.5364131927490234,134.0,2857,23
fixation,780846.7139999866,0.4978681970387697,0.3583974726498127,2.3783512115478516,2.4896297454833984,133.0,2858,23
fixation,781013.3809999228,0.4328792318701744,0.36301152940307346,2.3454927716936385,2.464635576520647,233.0,2859,23
fixation,781280.0479999781,0.49691980828841525,0.3763370191057523,2.3549321492513022,2.4678446451822915,108.0,2860,23
fixation,781580.0539999008,0.44527745246887207,0.3841441888362169,2.4319725036621094,2.5989990234375,126.0,2861,23
fixation,781730.0569999218,0.42235281897915733,0.30780059430334306,2.512324015299479,2.721438937717014,150.0,2862,23
fixation,781896.7269999981,0.45786137619744177,0.31203640479108563,2.417699399201766,2.5771165930706523,383.0,2863,23
fixation,782296.743999958,0.4749848639423197,0.3217795274474404,2.3227594549005683,2.4360420920632104,183.0,2864,23
fixation,782496.746999979,0.4545417084143712,0.3304947425539677,2.365385202261118,2.4923265897310696,433.0,2865,23
fixation,782963.4229999781,0.5262215850608689,0.336032791861466,2.4499544416155135,2.589813777378627,466.0,2866,23
fixation,783446.7630000114,0.5158602676608346,0.3364305699413473,2.458798495205966,2.5829204212535513,183.0,2867,23
fixation,783663.4379999638,0.5425873756408691,0.3413815587759018,2.4588287353515623,2.573785400390625,83.0,2868,23
fixation,783780.1039999723,0.42310851353865403,0.3525533893933663,2.4608083871694713,2.617473895733173,217.0,2869,23
fixation,784013.4409999847,0.46044520069571104,0.34724662672070894,2.516644646139706,2.675088321461397,283.0,2870,23
fixation,784330.1059999466,0.5299776776840812,0.3451201649088609,2.4939117431640625,2.608168752569901,317.0,2871,23
fixation,784680.1119999886,0.5594423966748374,0.3351591782910483,2.470522199358259,2.616461617606027,125.0,2872,23
fixation,785046.7860000134,0.5303316513697306,0.6863977933923403,2.394317626953125,2.492079416910807,192.0,2873,23
fixation,785280.1229999065,0.5855006078879038,0.6841249532169766,2.4513168334960938,2.5407452053493924,300.0,2874,23
fixation,785630.1279999018,0.45612163717548054,0.6099893897771835,2.303607940673828,2.3951237996419272,200.0,2875,23
fixation,785846.7989999056,0.4604156123740332,0.5730435507638114,2.276330130440848,2.387274605887277,125.0,2876,23
fixation,786180.138999939,0.44873121753335,0.49449020624160767,2.2613162994384766,2.4039249420166016,142.0,2877,23
fixation,786596.814999938,0.3991521894931793,0.718467463340078,2.3286852155412947,2.423181806291853,233.0,2878,23
fixation,786846.8169999123,0.41021099048001425,0.703968916620527,2.3364432198660716,2.449437822614397,241.0,2879,23
fixation,787346.8259999752,0.44975753501057625,0.4041012767702341,2.402782440185547,2.5261764526367188,133.0,2880,23
fixation,787496.8279999495,0.4256047885864973,0.39509292878210545,2.4471797943115234,2.5898971557617188,133.0,2881,23
fixation,787663.4979999065,0.4875692104299863,0.3881914292772611,2.453594207763672,2.609551747639974,200.0,2882,23
fixation,787880.1660000086,0.5135864561254327,0.39200605045665393,2.415567571466619,2.5512542724609375,184.0,2883,23
fixation,788080.1710000038,0.43624963001771405,0.4151524752378464,2.401680686257102,2.552642822265625,184.0,2884,23
fixation,788296.8409999609,0.4820298891175877,0.41593245213682,2.449118874289773,2.542551214044744,183.0,2885,23
fixation,788496.8470000029,0.437314707499284,0.45073850682148564,2.458239041841947,2.5966714712289662,433.0,2886,23
fixation,788963.51699996,0.4666422856481452,0.453761908568834,2.466744673879523,2.5921349776418587,316.0,2887,23
fixation,789313.5230000019,0.4810853141049544,0.3973650398353736,2.4733479817708335,2.622666676839193,200.0,2888,23
fixation,789530.1909999847,0.5090437908967336,0.3880881170431773,2.4786977132161456,2.6113901774088544,250.0,2889,23
fixation,789796.8650000095,0.446960324048996,0.4159315953652064,2.480120849609375,2.618613688151042,250.0,2890,23
fixation,790080.1999999285,0.4809722188446257,0.40800704558690387,2.4841766357421875,2.592870076497396,300.0,2891,23
fixation,790396.871999979,0.4988047207395236,0.4103537363310655,2.4655888875325522,2.5664405822753906,208.0,2892,23
fixation,790863.5439999104,0.46209685233506287,0.41452802175825293,2.4788984818892046,2.5900698575106533,175.0,2893,23
fixation,791080.2139999866,0.4357516291466626,0.41759850355711853,2.5114690607244317,2.6254744096235796,184.0,2894,23
fixation,791296.8830000162,0.4898367720571431,0.4202873889695514,2.4057270396839487,2.483152909712358,367.0,2895,23
fixation,791696.8869999647,0.4405958503484726,0.4483617303463129,2.3946005014272838,2.472105759840745,217.0,2896,23
fixation,791930.2279999256,0.4270807281136513,0.45094641745090486,2.4072998046875,2.5020462036132813,167.0,2897,23
fixation,792113.5640000105,0.4726878639898802,0.4517031657068353,2.418869821648849,2.514063784950658,324.0,2898,23
fixation,792630.240999937,0.46142465081708184,0.5820230481953457,2.4343861547009698,2.5280624915813577,476.0,2899,23
fixation,793146.9149999619,0.42882978916168213,0.522994193163785,2.357779762961648,2.456452803178267,183.0,2900,23
fixation,793346.9189999104,0.41425813883543017,0.5181907594203949,2.3440872192382813,2.4407028198242187,167.0,2901,23
fixation,793546.9229999781,0.4834651965647936,0.43874725326895714,2.4022960662841797,2.4683666229248047,133.0,2902,23
fixation,793696.9269999266,0.4816868968985297,0.4053085581822829,2.3932744806463067,2.481588190252131,183.0,2903,23
fixation,793913.5939999819,0.43485061999629526,0.46064139026052814,2.4173512178308822,2.5258286420036766,283.0,2904,23
fixation,794230.2680000067,0.42119766487961724,0.5142521240881511,2.4279676164899553,2.535736810593378,350.0,2905,23
fixation,794613.6079999208,0.4655471195777257,0.5075597001446618,2.3950873480902777,2.517705281575521,150.0,2906,23
fixation,794796.9469999075,0.43314975996812183,0.519133910536766,2.391718546549479,2.529088338216146,100.0,2907,23
fixation,794913.6150000095,0.412117396791776,0.5199645128515031,2.4133148193359375,2.517613728841146,150.0,2908,23
fixation,795080.2839999199,0.44369462771075113,0.5646704775946481,2.3840114048549106,2.526465279715402,117.0,2909,23
fixation,795213.618999958,0.4631410725414753,0.5827594225605329,2.3679682413736978,2.4608311123318143,608.0,2910,23
fixation,796063.6369999647,0.4610084357360999,0.5748395423094431,2.3526554107666016,2.4633865356445312,400.0,2911,23
fixation,796496.9769999981,0.4515241403132677,0.4720995742827654,2.2912349700927734,2.4205074310302734,133.0,2912,23
fixation,796663.6489999294,0.47112425703268784,0.4343836743098039,2.273260263296274,2.384076631986178,216.0,2913,23
fixation,796913.6499999762,0.48204613228638965,0.3845227087537448,2.3008906046549478,2.3940912882486978,108.0,2914,23
fixation,797280.3219999075,0.47077905635039013,0.3845645214120547,2.3809636433919272,2.4526545206705728,100.0,2915,23
fixation,797413.6569999456,0.4320347271859646,0.37478196807205677,2.435770034790039,2.5621166229248047,133.0,2916,23
fixation,797613.6619999409,0.3327432466404779,0.9285571617739541,2.413731166294643,2.5390777587890625,116.0,2917,23
fixation,797746.9959999323,0.32207904756069183,0.8941844602425894,2.356969197591146,2.477113511827257,150.0,2918,23
fixation,797913.6649999619,0.3950056880712509,0.8780103653669358,2.2957061767578124,2.39923095703125,167.0,2919,23
fixation,798113.6649999619,0.45552080656800953,0.8705367211784635,2.2500686645507812,2.326104300362723,233.0,2920,23
fixation,798380.3370000124,0.5147672951221466,0.8693694293498992,2.23387451171875,2.3104156494140624,166.0,2921,23
fixation,798580.3429999352,0.5977992756026131,0.8756505761827741,2.256404331752232,2.3465663364955356,233.0,2922,23
fixation,798847.0119999647,0.6622443777673385,0.8745024467215818,2.299456428079044,2.3959601907169117,284.0,2923,23
fixation,799180.3499999046,0.574146338484504,0.6745348085056652,2.2668401544744317,2.3137331875887783,183.0,2924,23
fixation,799397.0159999132,0.408590860310055,0.647523569209235,2.3186812627883184,2.4136715843563987,350.0,2925,23
fixation,799780.3569999933,0.47667676352319266,0.4576962810187113,2.4180486769903276,2.540804181780134,350.0,2926,FIX_CROS
fixation,800163.6940000057,0.43334315717220306,0.3476891345702685,2.388005183293269,2.5256277231069713,217.0,2927,FIX_CROS
fixation,800813.7009999752,0.49258239567279816,0.47070183157920836,2.47950439453125,2.6258941650390626,75.0,2928,23.1
fixation,800930.3739999533,0.33088719844818115,0.4146953783929348,2.568634033203125,2.7417984008789062,66.0,2929,23.1
fixation,801030.371999979,0.2291870324148072,0.3944535669353273,2.558407253689236,2.738716973198785,150.0,2930,23.1
fixation,801197.0419999361,0.20899073481559755,0.4018024027347565,2.3970077514648436,2.550151062011719,167.0,2931,23.1
fixation,801397.0439999104,0.2698051854968071,0.40421549826860426,2.266949462890625,2.372125244140625,167.0,2932,23.1
fixation,801597.0460000038,0.3219511700528009,0.40385248937777113,2.194136483328683,2.3078711373465404,234.0,2933,23.1
fixation,801847.050999999,0.38276795404297964,0.40582757549626486,2.223454066685268,2.334136962890625,117.0,2934,23.1
fixation,801997.0539999008,0.31837991178035735,0.4091673523187637,2.27821044921875,2.3664947509765626,167.0,2935,23.1
fixation,802197.0559999943,0.3864671874504823,0.4020067613858443,2.276881291316106,2.395904541015625,217.0,2936,23.1
fixation,802430.3909999132,0.4352212031097973,0.40094738760415244,2.302219166475184,2.4268385943244484,291.0,2937,23.1
fixation,802913.7350000143,0.4885255880653858,0.4073395933955908,2.3420982360839844,2.4729671478271484,125.0,2938,23.1
fixation,803080.4019999504,0.53656805916266,0.4074707342819734,2.4276178533380683,2.5159648548473013,183.0,2939,23.1
fixation,803280.4079999924,0.5181485052619662,0.4199221985680716,2.3829193115234375,2.4846572875976562,233.0,2940,23.1
fixation,803547.0799999237,0.611417385439078,0.4238938291867574,2.3443527221679688,2.446801503499349,200.0,2941,23.1
fixation,803763.7519999743,0.5944682657718658,0.42745151519775393,2.3440460205078124,2.4607086181640625,83.0,2942,23.1
fixation,803880.4189999104,0.6821199456850687,0.4201946755250295,2.397843424479167,2.486707560221354,250.0,2943,23.1
fixation,804147.0889999866,0.7360533873240153,0.42030835151672363,2.418962605794271,2.5159311930338544,250.0,2944,23.1
fixation,804430.4279999733,0.6524614274501801,0.42082890272140505,2.38375244140625,2.478033447265625,83.0,2945,23.1
fixation,804663.7649999857,0.23875394401450953,0.40950077896316844,2.340265909830729,2.5179659525553384,200.0,2946,23.1
fixation,804880.4349999428,0.205122918718391,0.40778981314765084,2.382720947265625,2.5365804036458335,150.0,2947,23.1
fixation,805063.7699999809,0.27471882782199164,0.4060750332745639,2.334281227805398,2.4711761474609375,183.0,2948,23.1
fixation,805263.7769999504,0.31823743714226616,0.40940190851688385,2.2710418701171875,2.4002244737413196,158.0,2949,23.1
fixation,805930.4559999704,0.4987837546146833,0.41503142049679387,2.3914395845853367,2.4665186955378604,216.0,2950,23.1
fixation,806180.4570000172,0.5415108328064283,0.43387262895703316,2.3621851603190103,2.4386469523111978,200.0,2951,23.1
fixation,806413.7979999781,0.5855609774589539,0.4289334164215968,2.243457500751202,2.2834190955528846,217.0,2952,23.1
fixation,806663.8029999733,0.6197714626789093,0.42635402381420134,2.2705047607421873,2.2902557373046877,83.0,2953,23.1
fixation,806763.8029999733,0.6720468962893766,0.4276667947278303,2.3145689122817097,2.3340516931870403,283.0,2954,23.1
fixation,807063.8079999685,0.7274725753813982,0.4249231247231364,2.3707056045532227,2.4280834197998047,267.0,2955,23.1
fixation,807363.811999917,0.6795216136508517,0.4289626098341412,2.378931681315104,2.4548170301649304,150.0,2956,23.1
fixation,807547.1489999294,0.7355646959372929,0.42524574377707075,2.392226082938058,2.460132053920201,234.0,2957,23.1
fixation,807797.1539999247,0.7960797439921986,0.4214133484797044,2.4053538929332388,2.4396958784623575,184.0,2958,23.1
fixation,808047.1569999456,0.2329450137913227,0.5211136750876904,2.345703125,2.490842819213867,134.0,2959,23.1
fixation,808213.8229999542,0.19169916808605195,0.5085567072033882,2.3237075805664062,2.4783782958984375,167.0,2960,23.1
fixation,808413.8309999704,0.2726391729983417,0.5062157958745956,2.3296744606711646,2.449564153497869,183.0,2961,23.1
fixation,808630.5009999275,0.3199465112252669,0.4980374669486826,2.2808102694424717,2.357747858220881,191.0,2962,23.1
fixation,808997.1739999056,0.38424524747663075,0.5161359243922763,2.29085456000434,2.414200676812066,300.0,2963,23.1
fixation,809330.5119999647,0.4495572341339929,0.5215065968888146,2.3053272792271207,2.4281321934291293,233.0,2964,23.1
fixation,809597.1799999475,0.4951719418168068,0.5199661925435066,2.235889434814453,2.341724395751953,67.0,2965,23.1
fixation,809697.186999917,0.5540689594215817,0.5141496062278748,2.25972663031684,2.3257276746961804,150.0,2966,23.1
fixation,809880.5230000019,0.5188510822398322,0.5095523329717773,2.2924063546316966,2.348029000418527,233.0,2967,23.1
fixation,810147.1949999332,0.5871728225187822,0.5008092251690951,2.3532062877308237,2.4150016091086646,184.0,2968,23.1
fixation,810363.8629999161,0.6665605562073844,0.49767169994967325,2.3691624232700894,2.4214379446847096,233.0,2969,23.1
fixation,810613.865999937,0.7124781906604767,0.4936064057625257,2.375011737530048,2.4310572697566104,217.0,2970,23.1
fixation,810847.2059999704,0.7322918825289783,0.49603436186033134,2.382822373334099,2.4341762767118564,284.0,2971,23.1
fixation,811147.2099999189,0.7729351490736007,0.5005612775683403,2.370794677734375,2.4163330078125,167.0,2972,23.1
fixation,811330.5449999571,0.8003440350294113,0.500319408873717,2.3588460286458335,2.3983993530273438,108.0,2973,23.1
fixation,811647.2189999819,0.39639248533381355,0.5261103709538778,2.3934622870551214,2.558224148220486,300.0,2974,23.1
fixation,811997.2229999304,0.25977768500645954,0.6103902392917209,2.385255601671007,2.528779771592882,150.0,2975,23.1
fixation,812163.8930000067,0.23999162018299103,0.607062828540802,2.28900146484375,2.409925842285156,167.0,2976,23.1
fixation,812347.2289999723,0.24003779143095016,0.6183823794126511,2.30120849609375,2.4203643798828125,67.0,2977,23.1
fixation,812447.2329999208,0.3346422340940027,0.6148965271080241,2.305277207318474,2.3930852553423714,284.0,2978,23.1
fixation,812763.9009999037,0.4258345107237498,0.5946010887622833,2.294139607747396,2.357160441080729,250.0,2979,23.1
fixation,813030.5749999285,0.5118726011779573,0.5846931917799844,2.3224589029947915,2.367054409450955,300.0,2980,23.1
fixation,813363.9149999619,0.5632504035126079,0.5838183191689578,2.343057805841619,2.400390625,183.0,2981,23.1
fixation,813563.9199999571,0.5945494621992111,0.5857249399026235,2.33880615234375,2.38153076171875,100.0,2982,23.1
fixation,813697.2529999018,0.6477786865499284,0.585858898030387,2.3653971354166665,2.379787868923611,150.0,2983,23.1
fixation,813897.2549999952,0.30360283702611923,0.4515588842332363,2.3726768493652344,2.4718666076660156,67.0,2984,23.1
fixation,813997.2589999437,0.2147297402843833,0.4115740619599819,2.354541778564453,2.4756221771240234,267.0,2985,23.1
fixation,814297.263999939,0.2774941921234131,0.4225658714771271,2.3244842529296874,2.4328887939453123,258.0,2986,23.1
fixation,814813.939999938,0.6126594841480255,0.6471894035736719,2.3587443033854165,2.3659032185872397,100.0,2987,23.1
fixation,814930.6089999676,0.6086295247077942,0.6044505596160888,2.415476989746094,2.4948883056640625,166.0,2988,23.1
fixation,815113.9449999332,0.621983425957816,0.5920811550957816,2.4336656842912947,2.5355006626674106,117.0,2989,23.1
fixation,815263.9479999542,0.6693052466099079,0.5913596818080316,2.3602377084585338,2.442295954777644,217.0,2990,23.1
fixation,815497.2869999409,0.6915169842541218,0.5943109504878521,2.3235912322998047,2.403505325317383,134.0,2991,23.1
fixation,815663.9539999962,0.7394806529794421,0.5914363009589059,2.3337860107421875,2.383532932826451,241.0,2992,23.1
fixation,816180.6299999952,0.43462735787034035,0.4872237481176853,2.3392244974772134,2.489222208658854,192.0,2993,23.1
fixation,816413.9679999352,0.43769089753429097,0.41308637149631977,2.3567962646484375,2.4841105143229165,400.0,2994,23.1
fixation,816847.317999959,0.49550080769940424,0.4033139285288359,2.30164939478824,2.399322509765625,317.0,2995,23.1
fixation,817197.3219999075,0.4673281818628311,0.36981060057878495,2.2994125366210936,2.407952880859375,167.0,2996,NOTRIAL
fixation,817397.3259999752,0.49234052896499636,0.3018641144037247,2.3210723876953123,2.44306640625,84.0,2997,NOTRIAL
fixation,817497.3269999027,0.5046088794867197,0.2733622127109104,2.375425550672743,2.4630279541015625,150.0,2998,NOTRIAL
fixation,817697.3320000172,0.3695614725351334,0.2364376574754715,2.404425048828125,2.514459228515625,84.0,2999,NOTRIAL
fixation,817797.3339999914,0.3418773194918266,0.27937224278083217,2.3747781606820912,2.4858245849609375,216.0,3000,NOTRIAL
fixation,818047.3379999399,0.4978892364922692,0.2908417928744765,2.4142020730411304,2.5050201416015625,566.0,3001,NOTRIAL
fixation,818664.0159999132,0.3425891170899073,0.507181704044342,2.369459025065104,2.502915445963542,250.0,3002,NOTRIAL
fixation,818930.689999938,0.3644701937834422,0.5031735728184382,2.380084228515625,2.532038370768229,250.0,3003,NOTRIAL
fixation,819230.6949999332,0.4971970824094919,0.4900833230752211,2.374241755558894,2.416748046875,217.0,3004,NOTRIAL
fixation,819464.0329999924,0.5454574346542358,0.4831465512514114,2.3521331787109374,2.4203338623046875,92.0,3005,NOTRIAL
fixation,819780.7059999704,0.49436071798914955,0.4884873976310094,2.400711422874814,2.4821632021949407,692.0,3006,NOTRIAL
fixation,820497.3830000162,0.5116734132170677,0.4742066189646721,2.214557647705078,2.285022735595703,74.0,3007,NOTRIAL
fixation,820780.7239999771,0.4991734441783693,0.4912780084543758,2.292125278049045,2.381522284613715,292.0,3008,NOTRIAL
fixation,821114.0640000105,0.3565250664949417,0.6171468257904053,2.3579193115234376,2.451531982421875,84.0,3009,NOTRIAL
fixation,821230.7339999676,0.3504171594977379,0.7090019285678864,2.2832183837890625,2.3902384440104165,100.0,3010,NOTRIAL
fixation,821347.4009999037,0.34079452890616196,0.733816181237881,2.258374727689303,2.36474609375,216.0,3011,NOTRIAL
fixation,821580.7279999256,0.37939990162849424,0.7309681137402853,2.2698354085286456,2.3531565348307293,250.0,3012,NOTRIAL
fixation,821864.067999959,0.5108196467161179,0.7162717312574387,2.2576324462890627,2.294026184082031,167.0,3013,NOTRIAL
fixation,822047.4160000086,0.5735705860636451,0.7059640261259946,2.265755393288352,2.3309471823952417,374.0,3014,NOTRIAL
fixation,822647.4179999828,0.574362378854018,0.7149648849780743,2.347576434795673,2.4052030123197117,433.0,3015,NOTRIAL
fixation,823130.7599999905,0.47192731155798984,0.8311366094992712,2.2827054537259617,2.391588651216947,217.0,3016,NOTRIAL
fixation,823397.4299999475,0.6238370269536972,0.7052554100751877,2.2957077026367188,2.3397735595703124,166.0,3017,NOTRIAL
fixation,823580.7719999552,0.6505208736116236,0.7252744517543099,2.3287669788707386,2.386548961292614,925.0,3018,NOTRIAL
fixation,824764.1229999065,0.6081096827983856,0.6975326289733251,2.3105646769205728,2.4067001342773438,92.0,3019,NOTRIAL
fixation,824880.7939999104,0.5764462690095644,0.714988383086952,2.34170862146326,2.431446797138936,617.0,3020,NOTRIAL
fixation,825547.4709999561,0.6313471317291259,0.4235885590314865,2.378495788574219,2.422468566894531,166.0,3021,NOTRIAL
fixation,825730.8099999428,0.5515659316019579,0.37503464790907776,2.4203865744850854,2.4949895685369317,183.0,3022,FIX_CROS
fixation,825964.1459999084,0.4938794548312823,0.4526670575141907,2.4272569020589194,2.574448903401693,408.0,3023,FIX_CROS
fixation,826597.4919999838,0.4914483033558902,0.4866165571353015,2.4332194608800553,2.587214750402114,275.0,3024,FIX_CROS
fixation,826914.1699999571,0.3086155764758587,0.5029572937637568,2.4584426879882812,2.6221275329589844,134.0,3025,23.2
fixation,827080.8409999609,0.2098413614386862,0.4972018003463745,2.333945534446023,2.4687056107954546,367.0,3026,23.2
fixation,827464.1789999008,0.18225884785254795,0.49719208280245464,2.304478963216146,2.4198577880859373,250.0,3027,23.2
fixation,827747.5159999132,0.2452406480908394,0.5021558240056038,2.3217559814453126,2.413275146484375,166.0,3028,23.2
fixation,827947.5180000067,0.28614867535921246,0.4900888605759694,2.3022848275991588,2.376025860126202,216.0,3029,23.2
fixation,828197.5189999342,0.3302723467350006,0.49105995893478394,2.285922580295139,2.416990492078993,150.0,3030,23.2
fixation,828397.5199999809,0.4234594987197356,0.4932353063063188,2.297821044921875,2.3884832208806817,183.0,3031,23.2
fixation,828614.1890000105,0.493727214989208,0.48871528392746333,2.3303113664899553,2.416016351609003,350.0,3032,23.2
fixation,828997.51699996,0.5389156920068404,0.49084893219611225,2.3308967141544117,2.448534797219669,283.0,3033,23.2
fixation,829380.8529999256,0.48422876093536615,0.49262364860624075,2.3347034454345703,2.4941558837890625,267.0,3034,23.2
fixation,829680.8529999256,0.3811424699696628,0.4949541755697944,2.3531355424360796,2.5355654629794033,183.0,3035,23.2
fixation,829897.5339999199,0.334178501367569,0.49559211134910586,2.3763031005859374,2.4956298828125,166.0,3036,23.2
fixation,830097.5329999924,0.23304296797141433,0.4964121114462614,2.3504228591918945,2.4835548400878906,266.0,3037,23.2
fixation,830397.5259999037,0.29133237277468044,0.49810108294089633,2.3270899454752603,2.4555282592773438,200.0,3038,23.2
fixation,830630.8679999113,0.3362732738256454,0.4884291127324104,2.2699310302734377,2.359172058105469,167.0,3039,23.2
fixation,830814.1919999123,0.4162963032722473,0.49525095894932747,2.2617835998535156,2.3611907958984375,142.0,3040,23.2
fixation,831180.8650000095,0.5153473573071616,0.48526626186711447,2.3175266810825894,2.415594918387277,117.0,3041,23.2
fixation,831314.1969999075,0.5443004131317138,0.4966614544391632,2.376226806640625,2.4716064453125,84.0,3042,23.2
fixation,831414.19599998,0.48844849401050144,0.505032824145423,2.381868150499132,2.5190633138020835,150.0,3043,23.2
fixation,831597.5310000181,0.5559056614126477,0.5145637094974518,2.329695565359933,2.4170216151646207,233.0,3044,23.2
fixation,831864.2009999752,0.6145959744850794,0.512847906185521,2.3171785142686634,2.4061397976345487,300.0,3045,23.2
fixation,832197.5339999199,0.6930724501609802,0.5188486695289611,2.3910451253255207,2.457292683919271,250.0,3046,23.2
fixation,832480.871999979,0.7752126902341843,0.5218161568045616,2.4172821044921875,2.4728355407714844,67.0,3047,23.2
fixation,832597.5489999056,0.5056656993925571,0.5148418426513672,2.383168029785156,2.5275199890136717,341.0,3048,23.2
fixation,833147.5599999428,0.21454659011214972,0.5121947899460793,2.398193359375,2.6067466735839844,133.0,3049,23.2
fixation,833297.5590000153,0.1834138993706022,0.5097785464354924,2.418848310198103,2.618007114955357,233.0,3050,23.2
fixation,833564.2299998999,0.40576337851010835,0.5029929268818635,2.2871633676382213,2.39480708195613,217.0,3051,23.2
fixation,833814.2350000143,0.4946034573591672,0.4961099704870811,2.204450167142428,2.315294705904447,225.0,3052,23.2
fixation,834280.9089999199,0.5749369802929106,0.49033726326056887,2.340754191080729,2.4515504382905506,350.0,3053,23.2
fixation,834664.2450000048,0.5383202814393573,0.49268432292673325,2.2635565863715277,2.347631666395399,300.0,3054,23.2
fixation,834997.5870000124,0.40799093902111055,0.49745499014854433,2.2660198974609376,2.405904541015625,416.0,3055,23.2
fixation,835447.5929999352,0.42512351274490356,0.3112855523824692,2.3393463134765624,2.4722259521484373,83.0,3056,NOTRIAL
fixation,835564.2630000114,0.4060256672757013,0.24785935240132467,2.389317103794643,2.527740478515625,117.0,3057,NOTRIAL
fixation,835714.2630000114,0.3485295234814934,0.26943498785081116,2.4063515041185464,2.569252345872962,384.0,3058,NOTRIAL
fixation,836114.2709999084,0.3606570200486617,0.28788570924238727,2.371347138375947,2.467766039299242,550.0,3059,NOTRIAL
fixation,836714.2849999666,0.35229496161142987,0.49356840054194134,2.273500230577257,2.3958740234375,150.0,3060,NOTRIAL
fixation,836880.9509999752,0.35004192632105613,0.5151113429003291,2.3758888244628906,2.488472408718533,600.0,3061,NOTRIAL
fixation,837497.6299999952,0.3706634849309921,0.5017910093069077,2.3364990234375,2.405023193359375,91.0,3062,NOTRIAL
fixation,837880.9709999561,0.4314154200255871,0.4979192353785038,2.389362335205078,2.5107650756835938,200.0,3063,NOTRIAL
fixation,838130.9779999256,0.3425071651027316,0.7275119778655824,2.3315000988188244,2.4425521123976934,350.0,3064,NOTRIAL
fixation,838497.6509999037,0.3750459072845323,0.723997854760715,2.2380098615373885,2.3337631225585938,233.0,3065,NOTRIAL
fixation,838764.3219999075,0.34610099345445633,0.7335002140866386,2.2151412963867188,2.31168704562717,300.0,3066,NOTRIAL
fixation,839080.9979999065,0.3846244237252644,0.7231198038373675,2.193599155970982,2.277533394949777,117.0,3067,NOTRIAL
fixation,839214.3339999914,0.44642582129348407,0.7111032144589857,2.2012162642045454,2.261527321555398,183.0,3068,NOTRIAL
fixation,839431.0029999018,0.5220863927494396,0.7001082924279299,2.240761496803977,2.2792400013316763,184.0,3069,NOTRIAL
fixation,839631.0080000162,0.5047041028738022,0.7067776109491076,2.2592686244419644,2.323948451450893,125.0,3070,NOTRIAL
fixation,840047.6829999685,0.5764767491817474,0.7304552590847015,2.3432830810546874,2.4270367431640625,417.0,3071,NOTRIAL
fixation,840481.0269999504,0.6469009787805619,0.7337883085973801,2.290778375441028,2.3277410691784275,1034.0,3072,NOTRIAL
fixation,841564.3839999437,0.5164087159293038,0.4075885478939329,2.368188040597098,2.4626377650669644,116.0,3073,NOTRIAL
fixation,841814.388999939,0.36226728061834973,0.2545984921356042,2.3979110717773438,2.5534184773763022,200.0,3074,NOTRIAL
fixation,842064.3959999084,0.48957441403315616,0.25663447494690234,2.3975665752704325,2.489436222956731,216.0,3075,NOTRIAL
fixation,842331.0669999123,0.35883235975877564,0.5084497812968581,2.3154294597568796,2.4257375233208953,1117.0,3076,NOTRIAL
fixation,843581.0899999142,0.5900192819535732,0.54319167137146,2.3248558044433594,2.3756237030029297,134.0,3077,NOTRIAL
fixation,843747.7489999533,0.6274829526742299,0.49894567430019376,2.396540323893229,2.4824371337890625,250.0,3078,NOTRIAL
fixation,844031.0879999399,0.5022786429950169,0.4861611809049334,2.4039219447544644,2.5231410435267856,125.0,3079,NOTRIAL
fixation,844364.4249999523,0.4920798582690103,0.5000968479684421,2.4477528163364957,2.544104439871652,225.0,3080,17
fixation,844614.4299999475,0.4483376760035753,0.5514511168003082,2.428224563598633,2.5143070220947266,141.0,3081,17
fixation,844964.4479999542,0.4898140374571085,0.5971675030887127,2.3251609802246094,2.3888816833496094,125.0,3082,17
fixation,845114.4499999285,0.47515636757016183,0.6049277603626251,2.3349464416503904,2.406472015380859,333.0,3083,17
fixation,845481.1209999323,0.5277204424142837,0.6123763874173165,2.2771286010742187,2.3196731567382813,342.0,3084,17
fixation,846064.4549999237,0.5343540869653225,0.5929553508758545,2.3531532287597656,2.442384719848633,133.0,3085,17
fixation,846231.125,0.56765549381574,0.5921098430951436,2.4465037027994794,2.538421630859375,250.0,3086,17
fixation,846497.8049999475,0.49905863280097645,0.5876472368836403,2.3468004862467446,2.456141153971354,200.0,3087,17
fixation,846731.14199996,0.522228978574276,0.5829711531599363,2.320934295654297,2.415058135986328,200.0,3088,17
fixation,846947.8159999847,0.47697113640606403,0.5866218693554401,2.304180145263672,2.400613784790039,133.0,3089,17
fixation,847131.1489999294,0.4988660338250073,0.49739012257619336,2.3539595170454546,2.438385009765625,184.0,3090,17
fixation,847347.8199999332,0.4560245973142711,0.4823068685152314,2.3440780639648438,2.452058965509588,367.0,3091,17
fixation,847764.490999937,0.5233852496513953,0.5849250153853343,2.332866375262921,2.4520269540640025,433.0,3092,17
fixation,848214.4979999065,0.5358507409691811,0.5971160009503365,2.3287391662597656,2.4510726928710938,74.0,3093,17
fixation,848481.1699999571,0.5674115151166916,0.6032906264066696,2.3629196166992186,2.44439697265625,159.0,3094,17
fixation,848681.1710000038,0.40828195214271545,0.6534325033426285,2.3919052124023437,2.539471435546875,167.0,3095,17
fixation,848864.5069999695,0.38925641278425854,0.655039929681354,2.3629319932725696,2.492855495876736,150.0,3096,17
fixation,849031.175999999,0.4288842422621591,0.650319795523371,2.3216847011021207,2.404362269810268,234.0,3097,17
fixation,849281.1809999943,0.45705466717481613,0.6475517004728317,2.2921142578125,2.391155242919922,67.0,3098,17
fixation,849381.1799999475,0.3870960772037506,0.6941243239811489,2.3186743600027904,2.405961172921317,234.0,3099,17
fixation,849647.8519999981,0.4412653999669211,0.6888654700347355,2.373166765485491,2.4519686017717635,233.0,3100,17
fixation,849897.8559999466,0.4943404230806563,0.6862934082746506,2.3673892550998263,2.448549058702257,308.0,3101,17
fixation,850397.8609999418,0.5395069167017936,0.6848141685128212,2.349781036376953,2.451264190673828,333.0,3102,17
fixation,850764.5329999924,0.5877751708030701,0.6890805146910928,2.334902676669034,2.4385819868607954,183.0,3103,17
fixation,850981.2029999495,0.52742118537426,0.6880392730236053,2.271435546875,2.3625732421875,167.0,3104,17
fixation,851164.5389999151,0.5150556092460951,0.6505788912375768,2.2893498738606772,2.3992691040039062,200.0,3105,17
fixation,851381.2089999914,0.5470834784209728,0.6506044492125511,2.313322067260742,2.4197006225585938,134.0,3106,17
fixation,851531.2109999657,0.5712883958691045,0.6532877997348183,2.3549001593338814,2.4386749267578125,317.0,3107,17
fixation,851897.8830000162,0.436494208044476,0.6513136956426833,2.3463338216145835,2.473756578233507,150.0,3108,17
fixation,852064.550999999,0.3945640535093844,0.6531579084694386,2.3440475463867188,2.486950397491455,533.0,3109,17
fixation,852614.5699999332,0.4264445275068283,0.6541461328665416,2.3293853759765626,2.4453994750976564,500.0,3110,17
fixation,853131.2329999208,0.4579949930310249,0.6521520912647247,2.361979675292969,2.4707199096679684,167.0,3111,17
fixation,853314.5719999075,0.47588994026184084,0.6488962388038635,2.3714422607421874,2.477415771484375,416.0,3112,17
fixation,853747.9099999666,0.4925577597958701,0.6481578690665108,2.364321754092262,2.4620862688337053,350.0,3113,17
fixation,854131.2509999275,0.43663662672042847,0.6548565671994135,2.355755145733173,2.4735447810246396,217.0,3114,17
fixation,854364.5889999866,0.4129914061890708,0.6565046840243869,2.3830769856770835,2.484464857313368,150.0,3115,17
fixation,854531.2569999695,0.403793517947197,0.6584239315986633,2.40379638671875,2.489249267578125,417.0,3116,17
fixation,854964.5979999304,0.4313976866006851,0.6553559672832489,2.350926513671875,2.4554656982421874,424.0,3117,17
fixation,855647.942999959,0.4427847495036466,0.6518890623535428,2.3772975376674106,2.490757533482143,467.0,3118,17
fixation,856131.2860000134,0.45565442244211835,0.6543408234914144,2.2325176662868924,2.342196994357639,300.0,3119,17
fixation,856447.9570000172,0.4699132673442364,0.6511125877499581,2.2315742492675783,2.3687782287597656,333.0,3120,17
fixation,856797.9529999495,0.4857880605591668,0.649920384089152,2.284457736545139,2.4059939914279513,150.0,3121,17
fixation,856964.6200000048,0.47995048406578245,0.6534413681143806,2.299459911528088,2.409191676548549,708.0,3122,17
fixation,858031.3109999895,0.5355364595140729,0.6520430786269051,2.332759312220982,2.443139212472098,109.0,3123,17
fixation,858164.6499999762,0.5566089153289795,0.6322643276717927,2.422178480360243,2.5207282172309027,300.0,3124,17
fixation,858481.3199999332,0.5470723165915563,0.6479749255455457,2.2932704045222354,2.3846212533804088,434.0,3125,17
fixation,858948.0080000162,0.5732064634561539,0.6550458838542302,2.312328084309896,2.4206024169921876,500.0,3126,17
fixation,859464.6739999056,0.5821863301098347,0.6515994593501091,2.329679489135742,2.4437942504882812,133.0,3127,17
fixation,859631.3549998999,0.4995613165877082,0.604650538076054,2.3301447088068183,2.4295113303444604,183.0,3128,17
fixation,859831.3579999208,0.4673735797405243,0.6121965736150742,2.3439682006835936,2.4678634643554687,166.0,3129,17
fixation,860031.3549998999,0.5258238365252813,0.6061928868293762,2.396331787109375,2.4922459920247397,100.0,3130,17
fixation,860164.6940000057,0.4692952958020297,0.48318215933713043,2.4136088978160513,2.558013916015625,183.0,3131,17
fixation,860381.3729999065,0.3956785135798984,0.4779108911752701,2.4052259657118054,2.554743448893229,150.0,3132,17
fixation,860564.7009999752,0.46861302568798974,0.5946371824968428,2.3579900832403276,2.4546341668991816,358.0,3133,17
fixation,861381.3939999342,0.5840082499716017,0.5987583994865417,,2.4755486382378473,150.0,3134,17
fixation,861614.7339999676,0.5257246643304825,0.6094454050064086,2.392567443847656,2.474986267089844,167.0,3135,17
fixation,861814.7309999466,0.4531583579686972,0.5435978334683639,2.352002657376803,2.4691502497746396,217.0,3136,17
fixation,862048.0690000057,0.4000938151563917,0.4809370817882674,2.325469970703125,2.4485909598214284,234.0,3137,17
fixation,862314.7429999113,0.3834864731345858,0.430325339947428,2.3374524797712053,2.4460863385881697,125.0,3138,17
fixation,862631.4269999266,0.3899140091879027,0.7003015811954226,2.2728652954101562,2.392177036830357,233.0,3139,17
fixation,862881.4299999475,0.43040194493882794,0.6969311745727763,2.3198269114774814,2.433379229377298,283.0,3140,17
fixation,863198.0999999046,0.47557706318118353,0.6877381584861062,2.272614912553267,2.3551996404474433,184.0,3141,17
fixation,863414.7630000114,0.5173283881611295,0.6812481615278456,2.276609632703993,2.3419969346788196,150.0,3142,17
fixation,863581.4329999685,0.5480251260101795,0.6826359823346138,2.3213966369628904,2.3903743743896486,666.0,3143,17
fixation,864281.4539999962,0.5281744471618107,0.5246844419411251,2.3600594656808034,2.4127676827566966,116.0,3144,17
fixation,864448.1239999533,0.41297737633188564,0.4713548384606838,2.391101837158203,2.534942626953125,208.0,3145,17
fixation,865048.1339999437,0.3776976615190506,0.8841506044069926,2.5116551717122397,2.5940475463867188,100.0,3146,17
fixation,865181.4679999352,0.32711580097675325,0.8950981378555298,2.5638580322265625,2.6696380615234374,166.0,3147,17
fixation,865381.4729999304,0.39766254276037216,0.8846613715092341,2.5256373087565103,2.6106491088867188,100.0,3148,17
fixation,865514.8090000153,0.522347354888916,0.8770523637533187,2.434442138671875,2.5109588623046877,167.0,3149,17
fixation,865714.811999917,0.4616560131311417,0.8774856567382813,2.3824951171874997,2.4823028564453127,83.0,3150,17
fixation,865831.4799998999,0.3765044417232275,0.8876103833317757,2.383310317993164,2.5058650970458984,133.0,3151,17
fixation,865981.4839999676,0.42909380172689754,0.88221458842357,2.4041646321614585,2.513507843017578,200.0,3152,17
fixation,866214.8219999075,0.4748595133423805,0.8758146241307259,2.4095687866210938,2.536296844482422,67.0,3153,17
fixation,866314.82099998,0.5368778672483232,0.8783381813102298,2.4273478190104165,2.539037068684896,150.0,3154,17
fixation,866481.4819999933,0.5811195224523544,0.8767677545547485,2.4541231791178384,2.554773966471354,200.0,3155,17
fixation,866714.8229999542,0.5108295180674257,0.8729274416791981,2.4242453739560883,2.5166720686287714,483.0,3156,17
fixation,867231.5049999952,0.5031377131288702,0.634004909883846,2.3414431485262783,2.4389884255149146,183.0,3157,17
fixation,867448.1660000086,0.4432264504333337,0.6159839307268461,2.3538131713867188,2.4895591735839844,200.0,3158,17
fixation,867681.5049999952,0.47570061932007474,0.5799086064100265,2.428605143229167,2.519171651204427,508.0,3159,17
fixation,868581.5249999762,0.5452857272965568,0.5933377998215812,2.4774693080357144,2.558741978236607,108.0,3160,17
fixation,868731.5279999971,0.4963953725316308,0.5052353902296587,2.5401458740234375,2.6678286465731533,183.0,3161,17
fixation,868964.8669999838,0.6294389888644218,0.8488563857972622,2.4922122955322266,2.564634323120117,133.0,3162,17
fixation,869114.8700000048,0.666668521033393,0.8786535859107971,2.4523518880208335,2.5377960205078125,150.0,3163,17
fixation,869331.5439999104,0.4059139251708984,0.5176211794217428,2.448529052734375,2.6150492350260417,250.0,3164,17
fixation,869614.8930000067,0.48673592259486514,0.4762609377503395,2.447565714518229,2.5597966512044272,100.0,3165,17
fixation,869748.2199999094,0.43852629429764217,0.6270547807216644,2.437474568684896,2.5058390299479165,150.0,3166,17
fixation,869931.5549999475,0.40364382948194233,0.6407782733440399,2.4347054617745534,2.5194287981305803,116.0,3167,17
fixation,870081.5599999428,0.5300966931713952,0.6341282063060336,2.45353020562066,2.517247517903646,150.0,3168,17
fixation,870264.8999999762,0.5732274537994748,0.6338863699209123,2.430361793154762,2.513303484235491,350.0,3169,17
fixation,870648.2419999838,0.47016522714069914,0.6467477040631431,2.391810825892857,2.5031542096819197,117.0,3170,17
fixation,870798.243999958,0.4259657971560955,0.6781795807182789,2.3570709228515625,2.489046096801758,134.0,3171,17
fixation,870948.2479999065,0.39818142106135684,0.6799350529909134,2.3677393595377603,2.513562520345052,100.0,3172,17
fixation,871098.2559999228,0.5313591339758464,0.6696015979562487,2.406805855887277,2.4865897042410716,234.0,3173,17
fixation,871348.2589999437,0.5555977523326874,0.674391732974486,2.400267167524858,2.4713481556285513,184.0,3174,17
fixation,871564.9329999685,0.46836239844560623,0.6720983982086182,2.362493242536272,2.440258571079799,233.0,3175,17
fixation,871831.6049998999,0.4300210248021519,0.6743615988422843,2.371642168830423,2.4603468951056984,283.0,3176,17
fixation,872164.9449999332,0.46581387892365456,0.4733551759272814,2.407613754272461,2.504199981689453,133.0,3177,FIX_CROS
fixation,872331.6169999838,0.5015491843223572,0.47629524767398834,2.422114054361979,2.5272013346354165,108.0,3178,FIX_CROS
fixation,872664.9579999447,0.4487503044880353,0.4616951220310651,2.504040057842548,2.642695500300481,209.0,3179,FIX_CROS
fixation,872898.2949999571,0.4981411231888665,0.46977289848857456,2.4861543443467884,2.6070599026150174,300.0,3180,FIX_CROS
fixation,873231.6369999647,0.37642551586031914,0.45912099443376064,2.3922252655029297,2.5209426879882812,133.0,3181,17.2
fixation,873381.6459999084,0.3790313239608492,0.4072574015174593,2.3878391810825894,2.533471243722098,116.0,3182,17.2
fixation,873564.9739999771,0.44257407703182916,0.398079823363911,2.401449030095881,2.492245760830966,183.0,3183,17.2
fixation,873764.9869999886,0.41345364536557877,0.4045954921415874,2.3865321568080358,2.492927769252232,583.0,3184,17.2
fixation,874398.3299999237,0.6098167896270752,0.4037244115024805,2.4203224182128906,2.460531234741211,134.0,3185,17.2
fixation,874565.0009999275,0.5537745121278261,0.40621821033327205,2.4239116467927633,2.5171741686369242,317.0,3186,17.2
fixation,874914.9979999065,0.6061147888501485,0.39680784940719604,2.454143269856771,2.514105224609375,250.0,3187,17.2
fixation,875198.3370000124,0.6906875040796068,0.40604817701710594,2.479883829752604,2.5558268229166665,150.0,3188,17.2
fixation,875365.0059999228,0.6637134552001953,0.39984115958213806,2.4782137189592635,2.557114737374442,234.0,3189,17.2
fixation,875631.6779999733,0.7486378337655749,0.41085995946611675,2.4955923897879466,2.5965401785714284,117.0,3190,17.2
fixation,875815.0249999762,0.2686090980257307,0.39042069017887115,2.450709751674107,2.6003025599888394,117.0,3191,17.2
fixation,875948.3600000143,0.2095765620470047,0.39445819367061963,2.432890458540483,2.574971979314631,183.0,3192,17.2
fixation,876165.0289999247,0.29374478459358216,0.40044149607419965,2.4246749877929688,2.5158416748046877,167.0,3193,17.2
fixation,876365.0239999294,0.3478958413004875,0.39431409239768983,2.3223922729492186,2.4249343872070312,167.0,3194,17.2
fixation,876831.6999999285,0.6251734793186188,0.4028789699077606,2.3886133829752603,2.447230021158854,92.0,3195,17.2
fixation,876965.0349999666,0.6817004003308036,0.4074384488842704,2.4635051380504263,2.5387711958451704,184.0,3196,17.2
fixation,877181.7149999142,0.7503176132837931,0.4024028405547142,2.4180870056152344,2.4651870727539062,200.0,3197,17.2
fixation,877415.0429999828,0.8143693506717682,0.39173614978790283,2.33612060546875,2.3763504028320312,67.0,3198,17.2
fixation,877548.3789999485,0.23993248918226787,0.4781559428998402,2.283353533063616,2.371738978794643,116.0,3199,17.2
fixation,877698.388999939,0.18827632665634156,0.4855020195245743,2.2643035888671874,2.3653518676757814,166.0,3200,17.2
fixation,877898.3849999905,0.302491465752775,0.4904967397451401,2.294034090909091,2.3687924471768467,183.0,3201,17.2
fixation,878131.7289999723,0.3619982393888327,0.48426104623537797,2.2585789607121396,2.3258878267728367,217.0,3202,17.2
fixation,878381.7239999771,0.43464466387575323,0.48383004421537573,2.2583132657137783,2.354611483487216,183.0,3203,17.2
fixation,878615.0569999218,0.5060122460126877,0.48435768349604175,2.293905084783381,2.3642827814275567,184.0,3204,17.2
fixation,878815.0690000057,0.4935895676414172,0.4841724659005801,2.3185907999674478,2.3872807820638022,100.0,3205,17.2
fixation,878948.4039999247,0.5664184581149708,0.49114088307727466,2.3554271351207388,2.442545110529119,183.0,3206,17.2
fixation,879148.3989999294,0.5398094475269317,0.4939498156309128,2.3598052978515627,2.4378204345703125,91.0,3207,17.2
fixation,879498.4110000134,0.48340924382209777,0.4974573016166687,2.448253377278646,2.5964314778645834,250.0,3208,17.2
fixation,879798.4160000086,0.672963841093911,0.5002995961242251,2.4157833523220487,2.47847663031684,150.0,3209,17.2
fixation,879965.0759999752,0.6522033384868077,0.4795463468347277,2.268822806222098,2.329380580357143,117.0,3210,17.2
fixation,880115.0759999752,0.7160525484518572,0.4869286214763468,2.2708573774857954,2.3368391557173296,184.0,3211,17.2
fixation,880315.0809999704,0.7601285899678866,0.4902797651787599,2.285546620686849,2.3334312438964844,200.0,3212,17.2
fixation,880548.4149999619,0.8101382851600647,0.479124116897583,2.2746185302734374,2.3183868408203123,83.0,3213,17.2
fixation,880681.7509999275,0.46992436796426773,0.5577618777751923,2.263591003417969,2.3301010131835938,167.0,3214,17.2
fixation,880881.7529999018,0.44757802225649357,0.5639858618378639,2.2619361877441406,2.377561569213867,133.0,3215,17.2
fixation,881048.4229999781,0.5279140259538379,0.570121135030474,2.3322274344308034,2.386993408203125,241.0,3216,17.2
fixation,881481.7659999132,0.34636268578469753,0.46355906315147877,2.4019947052001953,2.5722312927246094,125.0,3217,17.2
fixation,881648.4379999638,0.2797971606254578,0.4110444992780685,2.474566650390625,2.6339111328125,83.0,3218,17.2
fixation,881765.1039999723,0.2056526301635636,0.40590843227174545,2.4922977023654513,2.634451972113715,150.0,3219,17.2
fixation,881931.7749999762,0.25748912448232825,0.4093809845772656,2.3693611838600854,2.492581454190341,183.0,3220,17.2
fixation,882148.4449999332,0.33220195211470127,0.4076696280390024,2.285154342651367,2.3852596282958984,133.0,3221,17.2
fixation,882331.7769999504,0.48870798014104366,0.4848460704088211,2.24212646484375,2.3191585540771484,133.0,3222,NOTRIAL
fixation,882498.44599998,0.4615324139595032,0.3792598135769367,2.314685821533203,2.4015350341796875,66.0,3223,NOTRIAL
fixation,882598.4479999542,0.34029142186045647,0.3505646027624607,2.3752365112304688,2.497936248779297,66.0,3224,NOTRIAL
fixation,882681.7819999456,0.3435443288513592,0.29227757453918457,2.462092808314732,2.608606610979353,233.0,3225,NOTRIAL
fixation,882931.7860000134,0.3661119980471475,0.2786221568073545,2.4949754987444197,2.589654105050223,117.0,3226,NOTRIAL
fixation,883065.1259999275,0.37924404740333556,0.27434630542993543,2.4457687377929687,2.555073547363281,167.0,3227,NOTRIAL
fixation,883281.7919999361,0.3542746931314468,0.4780584335327148,2.375067138671875,2.475335693359375,83.0,3228,NOTRIAL
fixation,883381.7960000038,0.3449184656143188,0.5040645346045494,2.3876632690429687,2.513983154296875,333.0,3229,NOTRIAL
fixation,883731.8039999008,0.3634494732726704,0.4926211441105062,2.4135270552201704,2.5511363636363638,183.0,3230,NOTRIAL
fixation,883965.1409999132,0.3490723744034767,0.7284160769648023,2.3976313273111978,2.4852523803710938,300.0,3231,NOTRIAL
fixation,884281.811999917,0.3723742713530858,0.7301869968573252,2.4088134765625,2.497492472330729,250.0,3232,NOTRIAL
fixation,884565.1519999504,0.4642871941129367,0.7057384798924128,2.3612772623697915,2.4455909729003906,200.0,3233,NOTRIAL
fixation,884781.8219999075,0.4471043795347214,0.7072259970009327,2.3634891510009766,2.4460792541503906,133.0,3234,NOTRIAL
fixation,884931.8269999027,0.43318191170692444,0.7095841765403748,2.37802734375,2.4853515625,91.0,3235,NOTRIAL
fixation,885265.1619999409,0.4887060135602951,0.7199162840843201,2.377459716796875,2.452587890625,76.0,3236,NOTRIAL
fixation,885365.1649999619,0.4998645852414929,0.7117387926091954,2.383544921875,2.4658234265385843,817.0,3237,NOTRIAL
fixation,886231.8489999771,0.501077551394701,0.45775302561620873,2.432741165161133,2.563859303792318,408.0,3238,FIX_CROS
fixation,886848.5230000019,0.5022711661599931,0.46972869762352537,2.4169732956659224,2.5552578880673362,350.0,3239,FIX_CROS
fixation,887231.8639999628,0.4614130899310112,0.48670281320810316,2.381988525390625,2.517839050292969,167.0,3240,17.1
fixation,887415.2019999027,0.5046115438143413,0.4885965704917908,2.296422322591146,2.398207600911458,250.0,3241,17.1
fixation,887698.5319999456,0.4650740743829654,0.4909203201532364,2.2839009211613583,2.379609914926382,433.0,3242,17.1
fixation,888148.5460000038,0.5186564654111863,0.48065865635871885,2.2551589965820313,2.3685958862304686,166.0,3243,17.1
fixation,888348.5429999828,0.4594959176105002,0.49384890691093775,2.2859185260275137,2.3530087678328804,383.0,3244,17.1
fixation,888748.5559999943,0.5015865098685026,0.48586935736238956,2.307854652404785,2.417604446411133,266.0,3245,17.1
fixation,889031.8959999084,0.5394822955131531,0.48367614050706226,2.304773966471354,2.4315253363715277,158.0,3246,17.1
fixation,889365.2379999161,0.5437449642590114,0.5008011843476977,2.335974557059152,2.4569178989955356,109.0,3247,17.1
fixation,889498.5719999075,0.5602328218519688,0.48572162352502346,2.356412887573242,2.4883880615234375,408.0,3248,17.1
fixation,890131.9129999876,0.5194194912910461,0.5490509668986002,2.2329991658528647,2.3273111979166665,92.0,3249,17.1
fixation,890265.25,0.49006242156028745,0.5037762463092804,2.3252909342447916,2.4183868408203124,250.0,3250,17.1
fixation,890548.5899999142,0.45269114871819816,0.4849945147832235,2.262994384765625,2.3884033203125,250.0,3251,17.1
fixation,890831.925999999,0.475956750412782,0.3851066802938779,2.3285700480143228,2.3730748494466147,100.0,3252,NOTRIAL
fixation,890965.2619999647,0.49620936810970306,0.24435673529903093,2.3706843058268228,2.441767374674479,100.0,3253,NOTRIAL
fixation,891098.5970000029,0.3662739787250757,0.26777040399610996,2.391376495361328,2.4831314086914062,133.0,3254,NOTRIAL
fixation,891281.9340000153,0.6375058157103403,0.28364274288926805,2.4421299525669644,2.496929931640625,583.0,3255,NOTRIAL
fixation,891915.2789999247,0.6398375011407412,0.43528581124085647,2.364436222956731,2.4050457294170675,217.0,3256,NOTRIAL
fixation,892165.2839999199,0.6456630245635384,0.48747188715558304,2.429117303145559,2.4796271073190788,317.0,3257,NOTRIAL
fixation,892531.9559999704,0.6415098356573206,0.28275603761798457,2.446116798802426,2.5175528275339225,633.0,3258,NOTRIAL
fixation,893215.3039999008,0.6377058406670888,0.4776453445355097,2.3346852620442706,2.4237325032552084,250.0,3259,NOTRIAL
fixation,893515.2949999571,0.6395781735579172,0.6985090126593908,2.3618545532226562,2.4524332682291665,100.0,3260,NOTRIAL
fixation,893631.9749999046,0.6511102329040396,0.7289127351223738,2.4115149837800827,2.492286243657956,1450.0,3261,NOTRIAL
fixation,895132.0019999743,0.5558355413377285,0.44435757771134377,2.4195404052734375,2.5906295776367188,133.0,3262,NOTRIAL
fixation,895298.6710000038,0.5408156017462412,0.3284374301632245,2.4550450642903647,2.6324386596679688,100.0,3263,NOTRIAL
fixation,895448.6719999313,0.45114321344428593,0.2750358415974511,2.496458265516493,2.704683091905382,150.0,3264,NOTRIAL
fixation,895648.6799999475,0.35451366965259823,0.4876512342265674,2.425592694963728,2.624110630580357,233.0,3265,NOTRIAL
fixation,895998.6829999685,0.6381849467754364,0.4817126005887985,2.4540130615234377,2.5528849283854167,258.0,3266,NOTRIAL
fixation,896448.6840000153,0.6490938849747181,0.5039339493960142,2.4273834228515625,2.5213966369628906,133.0,3267,NOTRIAL
fixation,896598.6859999895,0.6511752486228943,0.4863690763711929,2.389776611328125,2.53338623046875,83.0,3268,NOTRIAL
fixation,896965.3609999418,0.602959118783474,0.5189165025949478,2.4390316009521484,2.522462844848633,125.0,3269,NOTRIAL
fixation,897132.0289999247,0.4982414245605469,0.49189517088234425,2.436664581298828,2.5583600997924805,267.0,3270,NOTRIAL
fixation,897432.0329999924,0.5260237514972687,0.48860764801502227,2.3173828125,2.3955963134765623,84.0,3271,13
fixation,897532.0429999828,0.5240127444267273,0.4831788204610348,2.2685890197753906,2.3341331481933594,67.0,3272,13
fixation,897632.0460000038,0.4517671376466751,0.47675620794296264,2.2694329833984375,2.3745587158203123,417.0,3273,13
fixation,898082.0489999056,0.5571736454963684,0.46373065561056137,2.3611373901367188,2.413401794433594,167.0,3274,13
fixation,898265.3839999437,0.5657078642398119,0.4895698670297861,2.3742151260375977,2.4704341888427734,274.0,3275,13
fixation,898748.7249999046,0.4559959042817354,0.4909073356539011,2.5269412994384766,2.6751441955566406,141.0,3276,13
fixation,899098.7289999723,0.44603930567872935,0.47768169230428237,2.5424410063644935,2.680504634462554,475.0,3277,13
fixation,899598.7379999161,0.47041795775294304,0.4727722145617008,2.378408432006836,2.488567352294922,133.0,3278,13
fixation,899765.4060000181,0.44829392433166504,0.5222245936210339,2.3847691462590146,2.476502638596755,433.0,3279,13
fixation,900215.4089999199,0.42743552997708323,0.5228673860430717,2.419392395019531,2.5006103515625,333.0,3280,13
fixation,900565.4189999104,0.455662129180772,0.5313370887722287,2.3651831490652904,2.455625261579241,233.0,3281,13
fixation,900832.0879999399,0.4355257462177958,0.4560298930321421,2.365832737513951,2.481175013950893,234.0,3282,13
fixation,901082.0899999142,0.4656478834729041,0.4373840396442721,2.389068603515625,2.4690630512852825,517.0,3283,13
fixation,901632.0949999094,0.5697657686692698,0.5291854816454428,2.3703816731770835,2.4582496925636574,450.0,3284,13
fixation,902098.7689999342,0.5620747917685015,0.6005619743774677,2.3579627727640085,2.4372090306775323,483.0,3285,13
fixation,902598.7749999762,0.5811926467078072,0.5886362812348774,2.319982256208147,2.362699236188616,233.0,3286,13
fixation,902848.7789999247,0.5571527345614,0.5997356907887892,2.2984577525745737,2.367434414950284,183.0,3287,13
fixation,903082.1139999628,0.573691863566637,0.5208110921084881,2.338973045349121,2.3931446075439453,267.0,3288,13
fixation,903365.449000001,0.5742458488259997,0.5141851007938385,2.334228515625,2.3369903564453125,116.0,3289,13
fixation,903498.7910000086,0.5732412114739418,0.5312284231185913,2.353160858154297,2.393260955810547,67.0,3290,13
fixation,903582.1229999065,0.583039650450582,0.4822235820086106,2.3306075386379077,2.3821590257727583,384.0,3291,13
fixation,903982.1319999695,0.5602169564137092,0.47175164979237777,2.288447453425481,2.3518148568960338,225.0,3292,13
fixation,904582.1430000067,0.5693166181445122,0.6026759296655655,2.4129257202148438,2.446491241455078,67.0,3293,13
fixation,904665.4759999514,0.5531434091654691,0.6223686012354764,2.414557023481889,2.4913101196289062,366.0,3294,13
fixation,905048.814999938,0.5669753054777781,0.5833216855923334,2.3467941284179688,2.4005228678385415,100.0,3295,13
fixation,905182.1489999294,0.449310764670372,0.5518975349572989,2.311646681565505,2.397247314453125,217.0,3296,13
fixation,905415.490999937,0.43963004524509114,0.5627894264956316,2.2994588216145835,2.3604151407877603,400.0,3297,13
fixation,905848.8299999237,0.4494275450706482,0.5019383843455996,2.2868196759905133,2.344539315359933,1167.0,3298,13
fixation,907048.8509999514,0.4225386915107568,0.46721079510947067,2.3160489400227866,2.3988622029622397,400.0,3299,13
fixation,907465.5239999294,0.4682223130213587,0.42628245212529836,2.3222929302014803,2.418473896227385,316.0,3300,13
fixation,907815.5299999714,0.492252425601085,0.44256086895863217,2.3136215209960938,2.3942387898763022,208.0,3301,13
fixation,908298.8739999533,0.42373716831207275,0.8143414159615835,2.3286717732747397,2.4472732543945312,100.0,3302,13
fixation,908415.5410000086,0.4136215537786484,0.8584831953048706,2.3680877685546875,2.4806121826171874,83.0,3303,13
fixation,908515.5429999828,0.38979371190071105,0.8875342845916748,2.3911590576171875,2.4931793212890625,83.0,3304,13
fixation,908632.2120000124,0.4650092124938965,0.8825366824865342,2.3524520874023436,2.43973388671875,167.0,3305,13
fixation,908832.2159999609,0.5157943338155746,0.8742542147636414,2.313581848144531,2.394026184082031,167.0,3306,13
fixation,909015.5529999733,0.5478531751367781,0.8800642457273271,2.2997317843967013,2.379024929470486,150.0,3307,13
fixation,909198.89199996,0.5974005460739136,0.8774981617927551,2.3252716064453125,2.3856201171875,167.0,3308,13
fixation,909398.8909999132,0.4708491377532482,0.8632116317749023,2.3098983764648433,2.3870697021484375,67.0,3309,13
fixation,909515.561999917,0.5233884453773499,0.5381584465503693,2.339296613420759,2.411889212472098,116.0,3310,13
fixation,909665.5659999847,0.5728386613455686,0.5063216604969718,2.3466991077769888,2.396097356622869,183.0,3311,13
fixation,909882.2339999676,0.47227624764567927,0.487080612464955,2.3521431370785364,2.4457148501747534,317.0,3312,13
fixation,910232.2429999113,0.5539835854010149,0.5109870894388719,2.3137650923295454,2.366854580965909,184.0,3313,13
fixation,910465.5789999962,0.5595599741771303,0.5658669194270824,2.307695586105873,2.3731231689453125,491.0,3314,13
fixation,911098.9269999266,0.5778082062800726,0.5156661967436472,2.3190180460611978,2.4201812744140625,92.0,3315,13
fixation,911232.2619999647,0.5575457215309143,0.5861446633934975,2.302722930908203,2.3736190795898438,67.0,3316,13
fixation,911315.5959999561,0.5562449246644974,0.5893881544470787,2.3353500366210938,2.4069175720214844,74.0,3317,13
fixation,911598.936999917,0.4827099878054399,0.4459632233931468,2.3663306603064904,2.448827890249399,209.0,3318,FIX_CROS
fixation,911832.2709999084,0.4979267608788278,0.4629465747210715,2.384038289388021,2.4437713623046875,300.0,3319,FIX_CROS
fixation,912165.6139999628,0.3946738541126251,0.4373614691636142,2.313750323127298,2.4307529225068936,283.0,3320,FIX_CROS
fixation,912465.6169999838,0.41414625104516745,0.378580323420465,2.3354368209838867,2.451009750366211,266.0,3321,FIX_CROS
fixation,912782.2919999361,0.41954405009746554,0.4627810060977936,2.33240966796875,2.44625244140625,84.0,3322,13.1
fixation,912882.2929999828,0.4544208066331016,0.4907768170038859,2.3873409695095487,2.486146714952257,150.0,3323,13.1
fixation,913065.6309999228,0.5333693996071815,0.48116395995020866,2.407834053039551,2.5096235275268555,266.0,3324,13.1
fixation,913365.635999918,0.5726634045441945,0.4894664525985718,2.394542439778646,2.515983072916667,250.0,3325,13.1
fixation,913632.3059999943,0.5397127948024056,0.490761935710907,2.367910211736506,2.50799560546875,184.0,3326,13.1
fixation,913848.9769999981,0.4583336317113468,0.4985445642045566,2.412538800920759,2.536217825753348,233.0,3327,13.1
fixation,914115.6489999294,0.49365401454269886,0.502439646050334,2.436187744140625,2.5305423736572266,141.0,3328,13.1
fixation,914448.9879999161,0.5345212370157242,0.5086297437548637,2.3887969970703127,2.521437072753906,159.0,3329,13.1
fixation,914632.324000001,0.5111004471778869,0.5166183203458786,2.4402130126953123,2.5837692260742187,167.0,3330,13.1
fixation,914832.3279999495,0.5678461856312222,0.5245868232515123,2.4270731608072915,2.5510491265190973,158.0,3331,13.1
fixation,915215.6689999104,0.5606861884395281,0.4851592493553956,2.3621292114257812,2.4435933430989585,192.0,3332,13.1
fixation,915449.0069999695,0.49422477309902507,0.40281230583786964,2.4009246826171875,2.4905929565429688,200.0,3333,NOTRIAL
fixation,915682.3409999609,0.4450545534491539,0.30574481437603634,2.344670613606771,2.4284871419270835,100.0,3334,NOTRIAL
fixation,915815.6779999733,0.3592714062508415,0.2885273756349788,2.307648602653952,2.399836820714614,283.0,3335,NOTRIAL
fixation,916149.0180000067,0.6162302560276456,0.2709418270323012,2.339175754123264,2.3831634521484375,150.0,3336,NOTRIAL
fixation,916315.6779999733,0.6417808394346919,0.2723404365990843,2.3356949942452565,2.3935530526297435,467.0,3337,NOTRIAL
fixation,916815.6829999685,0.644578241639667,0.4839068270391888,2.355842872902199,2.4198580141420716,450.0,3338,NOTRIAL
fixation,917299.0299999714,0.6541729991634687,0.7369584227601688,2.389659118652344,2.489363606770833,1000.0,3339,NOTRIAL
fixation,918349.0499999523,0.546773758801547,0.7091080844402313,2.3721688010475854,2.4572018710049717,184.0,3340,FIX_CROS
fixation,918565.7279999256,0.5027629263699055,0.47736387327313423,2.4338096618652343,2.52991943359375,333.0,3341,FIX_CROS
fixation,918932.4069999456,0.41386018693447113,0.39538741670548916,2.414152145385742,2.541135787963867,141.0,3342,FIX_CROS
fixation,919265.7379999161,0.43104214407503605,0.3972128191962838,2.408649444580078,2.524097442626953,259.0,3343,FIX_CROS
fixation,919582.4110000134,0.306350190192461,0.3063589967787266,2.483104705810547,2.5948829650878906,66.0,3344,13.2
fixation,919682.4219999313,0.2055155010177539,0.2668643398926808,2.3778475247896633,2.48516845703125,216.0,3345,13.2
fixation,919932.4179999828,0.2413726214851652,0.27160284987517763,2.3162013462611606,2.3956124441964284,116.0,3346,13.2
fixation,920065.7649999857,0.29292144924402236,0.2741782024502754,2.261491394042969,2.36085205078125,167.0,3347,13.2
fixation,920249.1029999256,0.3579482353395886,0.27359315587414634,2.2269660101996527,2.290763007269965,150.0,3348,13.2
fixation,920432.4329999685,0.3998821350661191,0.2744926471601833,2.2329670299183237,2.285276933149858,183.0,3349,13.2
fixation,920649.1109999418,0.4440634263598401,0.2851527819167013,2.2695531430451767,2.3377678912618887,384.0,3350,13.2
fixation,921065.7889999151,0.49986948631703854,0.31054094061255455,2.3299293518066406,2.4003753662109375,141.0,3351,13.2
fixation,921415.7969999313,0.5992601849138737,0.28340076841413975,2.445528030395508,2.5334205627441406,125.0,3352,13.2
fixation,921582.4589999914,0.6901499629020691,0.2800149530172348,2.5186691284179688,2.5912994384765624,166.0,3353,13.2
fixation,921782.4649999142,0.7541525088823758,0.2757232876924368,2.3832021859975963,2.4065481332632213,216.0,3354,13.2
fixation,922015.8039999008,0.7405322960444859,0.2752841221434729,2.279632568359375,2.325219290597098,117.0,3355,13.2
fixation,922165.8079999685,0.803704027334849,0.2713973730802536,2.2950785319010416,2.3348541259765625,250.0,3356,13.2
fixation,922465.8140000105,0.6554591536521912,0.2786909222602844,2.318316650390625,2.383673095703125,83.0,3357,13.2
fixation,922565.8259999752,0.5805194011101356,0.28467402779139006,2.348180917593149,2.416071965144231,217.0,3358,13.2
fixation,922865.824000001,0.6107872625192007,0.2800895820061366,2.37567138671875,2.4326451619466147,100.0,3359,13.2
fixation,922999.1599999666,0.5530245385386727,0.2798600819977847,2.3685164018110796,2.4148198908025567,184.0,3360,13.2
fixation,923282.4989999533,0.6461682509292256,0.2786992544477636,2.4142303466796875,2.4844180020419033,183.0,3361,13.2
fixation,923499.1689999104,0.620474660396576,0.27816698551177976,2.41295166015625,2.4822479248046876,84.0,3362,13.2
fixation,923632.5039999485,0.8048519662448338,0.273030161857605,2.441552298409598,2.4825853620256697,116.0,3363,13.2
fixation,923832.51699996,0.22274511586874723,0.3577651381492615,2.3832321166992188,2.534025192260742,133.0,3364,13.2
fixation,923982.5209999084,0.18220844368139902,0.3576515366633733,2.3690465291341147,2.5072720845540366,200.0,3365,13.2
fixation,924215.8569999933,0.28336002801855403,0.3721706320842107,2.346632639567057,2.4370930989583335,200.0,3366,13.2
fixation,924432.5279999971,0.269619130425983,0.3701820323864619,2.3049384223090277,2.365634494357639,150.0,3367,13.2
fixation,924599.19599998,0.33714598541458446,0.3707742939392726,2.2946395874023433,2.3513946533203125,200.0,3368,13.2
fixation,924815.865999937,0.3712717071175575,0.3715260326862335,2.2721074422200522,2.3461278279622397,108.0,3369,13.2
fixation,925132.5399999619,0.4495127350091934,0.36506928834650254,2.342622545030382,2.4318695068359375,150.0,3370,13.2
fixation,925315.8679999113,0.5024891325405666,0.38714001859937397,2.388281685965402,2.4650257655552457,233.0,3371,13.2
fixation,925565.8819999695,0.5336693108081818,0.3995690902074178,2.309552001953125,2.371379597981771,250.0,3372,13.2
fixation,925849.2109999657,0.614471185952425,0.3863885812461376,2.3273048400878906,2.3674468994140625,134.0,3373,13.2
fixation,926015.8779999018,0.5866287913587358,0.39191683299011654,2.3415646023220487,2.40891350640191,150.0,3374,13.2
fixation,926199.2170000076,0.6920696433101382,0.38274718075990677,2.429193769182478,2.4592110770089284,234.0,3375,13.2
fixation,926465.8880000114,0.7303788512945175,0.3810430318117142,2.4435386657714844,2.494190216064453,67.0,3376,13.2
fixation,926549.2229999304,0.7735869646072387,0.37623206079006194,2.4463165283203123,2.503692626953125,167.0,3377,13.2
fixation,926749.2279999256,0.8043117597699165,0.37300245463848114,2.4481353759765625,2.487701416015625,67.0,3378,13.2
fixation,926882.5629999638,0.20795433755431855,0.4514244667121342,2.3749171665736606,2.5494559151785716,116.0,3379,13.2
fixation,927015.9009999037,0.18164943357308705,0.4526012808084488,2.3805165608723957,2.5276641845703125,250.0,3380,13.2
fixation,927299.2450000048,0.2326379492878914,0.4617887318134308,2.381304931640625,2.477667236328125,92.0,3381,13.2
fixation,927582.5759999752,0.2282530516386032,0.45962338315116036,2.31778801812066,2.420284695095486,142.0,3382,13.2
fixation,927749.2429999113,0.20662782403330007,0.458489079028368,2.3790105183919272,2.5167223612467446,200.0,3383,13.2
fixation,927982.5829999447,0.26307835802435875,0.45607838593423367,2.384723663330078,2.4724903106689453,141.0,3384,13.2
fixation,928349.2559999228,0.2361418598077514,0.45161420784213324,2.281251387162642,2.387666182084517,176.0,3385,13.2
fixation,928549.26699996,0.2893701493740082,0.4665389835834503,2.3581527709960937,2.459466552734375,167.0,3386,13.2
fixation,928732.6029999256,0.34095202883084613,0.46566610659162205,2.300067901611328,2.3937098185221353,200.0,3387,13.2
fixation,928949.26699996,0.3876667997011772,0.466718112046902,2.2656332162710338,2.362461970402644,217.0,3388,13.2
fixation,929199.2689999342,0.4355824291706085,0.4685436375439167,2.2975215911865234,2.399608612060547,267.0,3389,13.2
fixation,929499.2769999504,0.5137154479821523,0.4583486388127009,2.3437428792317707,2.3932037353515625,250.0,3390,13.2
fixation,929765.9469999075,0.5432676747441292,0.45029546692967415,2.3451690673828125,2.389108657836914,133.0,3391,13.2
fixation,929915.949000001,0.5982137512076985,0.4478993718371247,2.322058475378788,2.3728716301195547,550.0,3392,13.2
fixation,930482.6269999743,0.6196439390381178,0.44831840818126995,2.3070526123046875,2.3463236490885415,208.0,3393,13.2
fixation,930915.9689999819,0.6893996819853783,0.45735223963856697,2.317159652709961,2.375225067138672,125.0,3394,13.2
fixation,931082.6369999647,0.6661919231216112,0.4654047501583894,2.3761393229166665,2.4477513631184897,200.0,3395,13.2
fixation,931315.9829999208,0.7323475539684295,0.47134639620780944,2.36224365234375,2.4202545166015623,83.0,3396,13.2
fixation,931415.9749999046,0.777602805332704,0.462923835624348,2.3297798850319604,2.3808468905362217,183.0,3397,13.2
fixation,931615.9799998999,0.7551806706648606,0.46577045206840223,2.339130108173077,2.400371844951923,217.0,3398,13.2
fixation,931865.9859999418,0.8206841732774462,0.46028422670704977,2.3709215436662947,2.400087629045759,117.0,3399,13.2
fixation,932049.3199999332,0.22140061762183905,0.5411403626203537,2.3417224884033203,2.4453487396240234,134.0,3400,13.2
fixation,932199.3229999542,0.17145219604883874,0.5453514584473201,2.312544686453683,2.4379980904715404,234.0,3401,13.2
fixation,932499.3279999495,0.43222740789254505,0.45202132562796277,2.2932891845703125,2.390450371636285,150.0,3402,13.2
fixation,932682.6660000086,0.31137329190969465,0.4542051777243614,2.26820068359375,2.3966690063476563,167.0,3403,13.2
fixation,932882.6719999313,0.2761982917785645,0.4516434118151665,2.279615783691406,2.404859924316406,167.0,3404,13.2
fixation,933082.6719999313,0.32892157261570293,0.45112300167481106,2.3000361124674478,2.3703460693359375,200.0,3405,13.2
fixation,933316.0099999905,0.3988423980772495,0.44989472813904285,2.2280025482177734,2.3385143280029297,134.0,3406,13.2
fixation,933499.3459999561,0.49380562206109363,0.44814667105674744,2.228485107421875,2.3221511840820312,108.0,3407,13.2
fixation,933799.3539999723,0.5180076225237413,0.4569385999983007,2.3089183460582388,2.3970489501953125,175.0,3408,13.2
fixation,933999.3559999466,0.5323754676750728,0.47911686982427326,2.355095999581473,2.4326019287109375,233.0,3409,13.2
fixation,934266.0269999504,0.5960605585575104,0.4742261636257172,2.2763146972656245,2.3436865234375,417.0,3410,13.2
fixation,934699.3679999113,0.6113443757806506,0.48337150790861677,2.3142013549804688,2.3835983276367188,233.0,3411,13.2
fixation,934982.7079999447,0.5804726873573504,0.4800062932466206,2.3371501721833883,2.424433657997533,325.0,3412,13.2
fixation,935516.0489999056,0.7573525011539459,0.4688253121243583,2.4056464301215277,2.4585113525390625,142.0,3413,13.2
fixation,935699.3849999905,0.7976510308005593,0.4679346816106276,2.440701571377841,2.5001387162642046,183.0,3414,13.2
fixation,935966.0569999218,0.218187696300447,0.5433322638273239,2.270719528198242,2.4480419158935547,134.0,3415,13.2
fixation,936132.7239999771,0.17096603165070215,0.545573867029614,2.2549014621310763,2.4082099066840277,150.0,3416,13.2
fixation,936316.061999917,0.24160942328827723,0.5508920273610524,2.2991550990513394,2.3867034912109375,234.0,3417,13.2
fixation,936566.0759999752,0.22579069841991772,0.5478881624611941,2.2412248091264204,2.325076016512784,184.0,3418,13.2
fixation,936782.7369999886,0.2662024227902293,0.5492094233632088,2.2484893798828125,2.3514232635498047,267.0,3419,13.2
fixation,937066.0779999495,0.31958555926879245,0.551005482673645,2.2930374145507812,2.3471705118815103,100.0,3420,13.2
fixation,937199.4129999876,0.36083376001227985,0.5446946566755121,2.276039817116477,2.3660167347301138,183.0,3421,13.2
fixation,937399.4139999151,0.34103749319911003,0.553356871008873,2.325328826904297,2.4112205505371094,66.0,3422,13.2
fixation,937499.4149999619,0.4037914668971842,0.5383160439404574,2.2801319469105112,2.4129264137961646,183.0,3423,13.2
fixation,937716.0870000124,0.4590480327606201,0.5425533486737145,2.2992095947265625,2.399283515082465,150.0,3424,13.2
fixation,937899.4249999523,0.5015127524733544,0.5460231274366378,2.31064453125,2.35887451171875,166.0,3425,13.2
fixation,938082.7599999905,0.5675258086277888,0.544635344010133,2.325867872971755,2.3597576434795675,217.0,3426,13.2
fixation,938332.7659999132,0.6323893151500009,0.5373903350396589,2.3500602028586646,2.350038008256392,183.0,3427,13.2
fixation,938532.7709999084,0.658136323094368,0.5457335561513901,2.351710001627604,2.391474405924479,100.0,3428,13.2
fixation,938666.1079999208,0.5945937567287021,0.5484261810779572,2.34049309624566,2.3987308078342013,150.0,3429,13.2
fixation,938849.442999959,0.5492544422547022,0.5475134750207266,2.3466415405273438,2.3981348673502603,200.0,3430,13.2
fixation,939066.1150000095,0.5936057209968567,0.5413715362548828,2.3690887451171876,2.390338134765625,167.0,3431,13.2
fixation,939349.4559999704,0.7332999133146726,0.5427759220966926,2.3854827880859375,2.399694589468149,216.0,3432,13.2
fixation,939599.4609999657,0.7785091830624474,0.5449315740002526,2.3911844889322915,2.4095882839626737,150.0,3433,13.2
fixation,939766.1289999485,0.8182794936001301,0.5398985967040062,2.3603897094726562,2.3840484619140625,134.0,3434,13.2
fixation,939982.8019999266,0.2595539043347041,0.6342730422814687,2.3323033650716147,2.4358851114908853,100.0,3435,13.2
fixation,940116.1459999084,0.1842263595511516,0.641274111966292,2.3394902547200522,2.474858601888021,200.0,3436,13.2
fixation,940416.1439999342,0.234602278098464,0.6302259266376495,2.3675079345703125,2.4578895568847656,75.0,3437,13.2
fixation,940716.1489999294,0.3541747116380268,0.6285770568582747,2.301183064778646,2.437625461154514,142.0,3438,13.2
fixation,940882.82099998,0.37286704116397434,0.6373072200351291,2.347532484266493,2.438539293077257,150.0,3439,13.2
fixation,941049.490999937,0.4658977606079795,0.6148577495054766,2.3033599853515625,2.382809725674716,183.0,3440,13.2
fixation,941266.1639999151,0.5386480755276151,0.6313664284017351,2.2422977023654513,2.30802239312066,150.0,3441,13.2
fixation,941432.8349999189,0.5369710505008698,0.6033105790615082,2.235101318359375,2.3369720458984373,83.0,3442,13.2
fixation,941549.5029999018,0.6091537649432818,0.628667543331782,2.2892278035481772,2.379706064860026,200.0,3443,13.2
fixation,941816.1729999781,0.6788696919878324,0.6469910889863968,2.368724822998047,2.466907501220703,200.0,3444,13.2
fixation,942049.513999939,0.5818582996726036,0.6360538204511007,2.366924285888672,2.4527486165364585,200.0,3445,13.2
fixation,942299.51699996,0.776413169172075,0.6409499181641473,2.44134521484375,2.51381598578559,150.0,3446,13.2
fixation,942482.8559999466,0.7355513721704483,0.6424603223800659,2.4518798828125,2.51728515625,167.0,3447,13.2
fixation,942666.1909999847,0.8010269204775492,0.6486549526453018,2.5163243611653647,2.5414759318033853,100.0,3448,13.2
fixation,942816.1949999332,0.48570898827165365,0.7124428488314152,2.3917236328125,2.4705305099487305,267.0,3449,13.2
fixation,943099.5360000134,0.5149374306201935,0.7172440313375913,2.4046666071965146,2.4454263540414662,216.0,3450,13.2
fixation,943366.2079999447,0.5566472035387288,0.3966006850418837,2.432589323624321,2.459907863451087,384.0,3451,13.2
fixation,943782.8819999695,0.5599671751260757,0.29886051019032794,2.406031290690104,2.4804865519205728,100.0,3452,NOTRIAL
fixation,943916.2179999352,0.64116952419281,0.2923706412315369,2.3764251708984374,2.4430770874023438,167.0,3453,NOTRIAL
fixation,944099.5519999266,0.6437522490819295,0.28312600900729495,2.3606043497721356,2.416886393229167,500.0,3454,NOTRIAL
fixation,944632.8959999084,0.6485014189692104,0.5090936431113411,2.331944185144761,2.3917236328125,283.0,3455,NOTRIAL
fixation,944966.2369999886,0.6470321480716977,0.4947546837585313,2.391528538295201,2.4265354701450894,234.0,3456,NOTRIAL
fixation,945232.9069999456,0.6480117638905843,0.716575562953949,2.374207996186756,2.4374491373697915,700.0,3457,NOTRIAL
fixation,945982.9229999781,0.570599270217559,0.44724758933572206,2.4223552030675553,2.503544526941636,283.0,3458,NOTRIAL
fixation,946316.2589999437,0.5106205120682716,0.3699059548477332,2.4854965209960938,2.5979156494140625,200.0,3459,NOTRIAL
fixation,946616.260999918,0.6070091766970498,0.480372999395643,2.4521353585379466,2.4983389718191966,117.0,3460,NOTRIAL
fixation,946766.2689999342,0.6385556215589697,0.4809975028038025,2.4551571932705967,2.537232832475142,184.0,3461,NOTRIAL
fixation,946966.2749999762,0.6542642650504907,0.5010645973185698,2.441401799519857,2.54591433207194,400.0,3462,NOTRIAL
fixation,947399.6119999886,0.5029039507110914,0.546975148220857,2.413677215576172,2.4960924784342446,200.0,3463,NOTRIAL
fixation,947632.9509999752,0.5067376583814621,0.48807988613843917,2.3719100952148438,2.5197738647460937,175.0,3464,NOTRIAL
fixation,947982.9579999447,0.5143657587468624,0.49869212694466114,2.3942441940307617,2.50872802734375,267.0,3465,18
fixation,948666.300999999,0.45886280536651614,0.5572472006082535,2.2946136474609373,2.4695083618164064,159.0,3466,18
fixation,948866.3069999218,0.450278103351593,0.5108453848145225,2.2617021040482954,2.404245549982244,367.0,3467,18
fixation,949249.6430000067,0.44154025885191833,0.5382875068621202,2.1976581920276987,2.3131061900745737,183.0,3468,18
fixation,949466.3169999123,0.4821653995249007,0.5776498582628038,2.246637980143229,2.335745917426215,150.0,3469,18
fixation,949649.6549999714,0.5209891864886651,0.42836708518174976,2.3407663198617787,2.4010115403395433,217.0,3470,18
fixation,949899.6599999666,0.4753448128700256,0.4123605668544769,2.3737152099609373,2.4657623291015627,83.0,3471,18
fixation,949999.6589999199,0.4744538426399231,0.41229474246501924,2.37733154296875,2.4687835693359377,83.0,3472,18
fixation,950099.6610000134,0.43649857184466195,0.38712603116736694,2.3501362520105697,2.4610048181870403,283.0,3473,18
fixation,950416.3339999914,0.5848697692155838,0.36522013396024705,2.365057373046875,2.420648193359375,166.0,3474,18
fixation,950599.6699999571,0.5640260633081198,0.3744577430188656,2.343719482421875,2.4154443740844727,267.0,3475,18
fixation,950883.0189999342,0.5299426371401007,0.38197254728187213,2.3817027698863638,2.4789484197443183,184.0,3476,18
fixation,951099.6819999218,0.5237010180950165,0.5135897755622864,2.3799209594726562,2.4603591918945313,167.0,3477,18
fixation,951283.01699996,0.49578495174646375,0.5640491068363189,2.384236145019531,2.47655029296875,167.0,3478,18
fixation,951466.3619999886,0.4800792232803676,0.5860566095165585,2.4034828517747964,2.4802451755689536,383.0,3479,18
fixation,951866.3700000048,0.4533209787173705,0.6144672388380225,2.4160419810901987,2.525239424272017,183.0,3480,18
fixation,952066.371999979,0.4220225401222706,0.6365844309329987,2.396416982014974,2.545152028401693,200.0,3481,18
fixation,952283.0339999199,0.3843736211458842,0.6469010512034098,2.41558837890625,2.548419189453125,250.0,3482,18
fixation,952566.375,0.5743684232234955,0.5933976709842682,2.4502471923828124,2.4842849731445313,166.0,3483,18
fixation,952766.385999918,0.6172308950654922,0.5514837849524713,2.4217942760836695,2.4829879268523185,516.0,3484,18
fixation,953316.388999939,0.49574856034346987,0.5503109026522863,2.377288091750372,2.491242181687128,358.0,3485,18
fixation,953966.4079999924,0.44049377904997933,0.5741335782739851,2.4243698120117188,2.551754421657986,308.0,3486,18
fixation,954483.0859999657,0.3765153557062149,0.8863302767276764,2.2235748291015627,2.376123046875,76.0,3487,18
fixation,954583.0889999866,0.3598569259047508,0.8947251737117767,2.2527847290039062,2.3873672485351562,67.0,3488,18
fixation,954683.0889999866,0.43168001373608905,0.8895717958609263,2.264043172200521,2.3854607476128473,150.0,3489,18
fixation,954866.4269999266,0.49042237401008604,0.8786680062611898,2.2269378662109376,2.2932362874348957,250.0,3490,18
fixation,955149.763999939,0.3856894721587499,0.8919741809368134,2.21942138671875,2.3220672607421875,150.0,3491,18
fixation,955399.7659999132,0.46046203260238355,0.8801975548267365,2.266015859750601,2.3509732759915862,217.0,3492,18
fixation,955633.1100000143,0.42264555394649506,0.888321782151858,2.2883326212565103,2.3925704956054688,100.0,3493,18
fixation,955766.4419999123,0.37287577324443394,0.8946941859192319,2.3286556667751737,2.4401957194010415,150.0,3494,18
fixation,955933.1119999886,0.4068819632132848,0.8854518681764603,2.3144760131835938,2.4298629760742188,100.0,3495,18
fixation,956166.449000001,0.5742836147546768,0.8827693372964859,2.354297637939453,2.4580703735351563,333.0,3496,18
fixation,956533.121999979,0.532652348279953,0.8771122925811343,2.38529290093316,2.510716756184896,150.0,3497,18
fixation,956783.1259999275,0.6463394612073898,0.8773389806350073,2.3833796183268228,2.4644622802734375,100.0,3498,18
fixation,956933.1309999228,0.49106474220752716,0.5687967538833618,2.3650875091552734,2.4216232299804688,134.0,3499,18
fixation,957083.1339999437,0.4806575683447031,0.5826949996825976,2.349652803861178,2.4264283791566505,658.0,3500,18
fixation,957933.1480000019,0.4821583223809679,0.5925597657999361,2.3164420070418394,2.416572019278285,2767.0,3501,18
fixation,960933.2049999237,0.4865191414952278,0.5880405575037002,2.3619415283203127,2.447862243652344,334.0,3502,18
fixation,961283.2079999447,0.4851992542252821,0.6029941220493877,2.2718573177562043,2.34435541489545,567.0,3503,18
fixation,961899.8899999857,0.46381887462404037,0.5160221076673932,2.3099161783854165,2.4286261664496527,150.0,3504,18
fixation,962099.8959999084,0.5850425198674202,0.5041874699294567,2.3912628173828123,2.4818115234375,333.0,3505,18
fixation,962466.567999959,0.4993651211261749,0.493584494623873,2.4331181844075522,2.5435316297743054,300.0,3506,FIX_CROS
fixation,962799.9060000181,0.3726848386801206,0.45049552848705876,2.391832791841947,2.5453561636117787,217.0,3507,FIX_CROS
fixation,963066.5789999962,0.5014587960072926,0.4555374469075884,2.3596017020089284,2.443780081612723,124.0,3508,FIX_CROS
fixation,963399.9179999828,0.47109898924827576,0.48950231406423783,2.3650614420572915,2.5087704128689237,142.0,3509,18.1
fixation,963566.5909999609,0.3773920489475131,0.5127485636621714,2.4377498626708984,2.607999801635742,266.0,3510,18.1
fixation,963883.260999918,0.5179158647855123,0.5122375041246414,2.357630411783854,2.4420572916666665,100.0,3511,18.1
fixation,964016.5970000029,0.6388016180558638,0.500769323923371,2.291165438565341,2.374715631658381,183.0,3512,18.1
fixation,964216.6029999256,0.657422348856926,0.5020586198994091,2.326848711286272,2.3986434936523438,233.0,3513,18.1
fixation,964483.2699999809,0.55172612624509,0.4945370288831847,2.330899919782366,2.422022138323103,234.0,3514,18.1
fixation,964733.2779999971,0.5156942581137022,0.4943358389039834,2.351416269938151,2.443772633870443,200.0,3515,18.1
fixation,964999.9479999542,0.5772853441860365,0.49241983177869214,2.390506246815557,2.4748336128566577,383.0,3516,18.1
fixation,965416.6239999533,0.6190839588642121,0.49459095001220704,2.3887420654296876,2.4975341796875,83.0,3517,18.1
fixation,965549.9589999914,0.42055264115333557,0.5005974441766738,2.3487319946289062,2.483087158203125,167.0,3518,18.1
fixation,965749.9609999657,0.4717557695176866,0.5007838656504949,2.3966200086805554,2.493155585394965,150.0,3519,18.1
fixation,965933.2999999523,0.5307320546020161,0.4945314499464902,2.4095819646661933,2.4842584783380683,192.0,3520,18.1
fixation,966333.3049999475,0.5854074041048686,0.5063006947437922,2.380324300130208,2.4401346842447915,242.0,3521,18.1
fixation,966599.9779999256,0.598780944943428,0.5049430638551712,2.4081192016601562,2.5023223876953127,167.0,3522,18.1
fixation,966816.6489999294,0.5355214178562164,0.2997221363087495,2.377039591471354,2.479583740234375,200.0,3523,NOTRIAL
fixation,967049.9859999418,0.5715333246267759,0.28042766681084264,2.341882558969351,2.410557673527644,433.0,3524,NOTRIAL
fixation,967533.3259999752,0.3759223073720932,0.2540930025279522,2.2712478637695312,2.3838602701822915,100.0,3525,NOTRIAL
fixation,967666.6629999876,0.35317855500257933,0.2773349124651689,2.2813890897310696,2.404542776254507,433.0,3526,NOTRIAL
fixation,968466.6789999008,0.6059586554765701,0.48390510976314544,2.3325149536132814,2.4238021850585936,167.0,3527,NOTRIAL
fixation,968650.0159999132,0.5837754905223846,0.4909823884566625,2.397213406032986,2.5066392686631946,150.0,3528,NOTRIAL
fixation,968850.0189999342,0.6299442976713181,0.30003783851861954,2.3694808959960936,2.4430389404296875,167.0,3529,NOTRIAL
fixation,969033.3539999723,0.643763270515662,0.2797060488508298,2.2813638540414662,2.342016366811899,433.0,3530,NOTRIAL
fixation,969516.7009999752,0.648951091112629,0.4892665229497417,2.2325823383946575,2.323815622637349,517.0,3531,NOTRIAL
fixation,970050.0460000038,0.6346317529678345,0.49485755525529385,2.2613134384155273,2.358806610107422,267.0,3532,NOTRIAL
fixation,970366.7179999352,0.6392895927031835,0.721794938047727,2.265923817952474,2.3391494750976562,200.0,3533,NOTRIAL
fixation,970583.388999939,0.6498107351362705,0.7377301789820194,2.2975616455078125,2.3835573196411133,274.0,3534,NOTRIAL
fixation,971050.064999938,0.6426123095055422,0.7354683590432008,2.326051712036133,2.3749376932779946,392.0,3535,NOTRIAL
fixation,971500.074000001,0.5116417407989502,0.49375460110604763,2.322154998779297,2.438234329223633,134.0,3536,NOTRIAL
fixation,971666.7459999323,0.46493382210081274,0.35759677670218726,2.295034235174006,2.4327198375355112,183.0,3537,FIX_CROS
fixation,971883.4149999619,0.49677627107926775,0.4491995466606958,2.297532217843192,2.451684134347098,241.0,3538,FIX_CROS
fixation,972333.4289999008,0.4928389308708055,0.5343419313430786,2.4032254900251115,2.553552900041853,466.0,3539,FIX_CROS
fixation,972833.4349999428,0.4201787497316088,0.5172687556062426,2.3824593680245534,2.541327340262277,116.0,3540,18.2
fixation,973050.1069999933,0.6111278980970383,0.4939574599266052,2.3546619415283203,2.4210739135742188,400.0,3541,18.2
fixation,973550.1169999838,0.42733155749738216,0.4899777639657259,2.2734146118164062,2.4123802185058594,134.0,3542,18.2
fixation,973716.7860000134,0.47481159459460864,0.4888464618812908,2.2710224498401987,2.3908857865767046,183.0,3543,18.2
fixation,973916.7929999828,0.5169050221641859,0.4846857910354932,2.2807235717773438,2.394298553466797,200.0,3544,18.2
fixation,974133.4599999189,0.5635295659303665,0.48204188980162144,2.282258987426758,2.3866348266601562,141.0,3545,18.2
fixation,974483.4699999094,0.6014696939124001,0.4970495311750306,2.3917355007595487,2.5047743055555554,300.0,3546,18.2
fixation,974983.4769999981,0.6081999602417151,0.5005018307516972,2.3438034057617188,2.4518260955810547,400.0,3547,18.2
fixation,975416.8199999332,0.5435066478593009,0.4417403531926019,2.3003649030412947,2.3902086530412947,117.0,3548,NOTRIAL
fixation,975583.4879999161,0.618129450827837,0.30547016486525536,2.3097972869873047,2.4028759002685547,133.0,3549,NOTRIAL
fixation,975750.1589999199,0.6365575417876244,0.2737753912806511,2.3186302185058594,2.4058189392089844,67.0,3550,NOTRIAL
fixation,975850.1599999666,0.49280904084444044,0.2737683653831482,2.319342041015625,2.428350830078125,167.0,3551,NOTRIAL
fixation,976050.1649999619,0.3675190941853957,0.26428914950652554,2.3213043212890625,2.4361086758700283,184.0,3552,NOTRIAL
fixation,976250.1689999104,0.35327292140573263,0.2816451583057642,2.3396501541137695,2.4604711532592773,267.0,3553,NOTRIAL
fixation,976550.1729999781,0.35157907009124756,0.4578392177820206,2.315106201171875,2.4320465087890626,84.0,3554,NOTRIAL
fixation,976650.1719999313,0.3454706732715879,0.5033436531112307,2.318890162876674,2.4207342238653276,700.0,3555,NOTRIAL
fixation,977400.1909999847,0.34710413274856716,0.7316120152290051,2.312321589543269,2.3915499173677883,434.0,3556,NOTRIAL
fixation,977850.1979999542,0.368240500241518,0.7344592526555062,2.3042068481445312,2.4031417846679686,334.0,3557,NOTRIAL
fixation,978216.868999958,0.4415067347387473,0.709391454855601,2.247936248779297,2.3527374267578125,200.0,3558,NOTRIAL
fixation,978433.5389999151,0.49593882337212564,0.7108004838228226,2.2602943420410155,2.35322265625,341.0,3559,NOTRIAL
fixation,979000.2159999609,0.45613493025302887,0.7200181111693382,2.2894363403320312,2.4013137817382812,126.0,3560,NOTRIAL
fixation,979150.2179999352,0.5009265129382794,0.7270107979957874,2.3610206017127404,2.4453934889573317,217.0,3561,NOTRIAL
fixation,979400.2220000029,0.5776234924793243,0.72131900370121,2.2701785278320314,2.3237344360351564,834.0,3562,NOTRIAL
fixation,980283.5609999895,0.4838153835799959,0.8295659853352441,2.269617716471354,2.37894524468316,150.0,3563,NOTRIAL
fixation,980466.8949999809,0.425828218460083,0.8418895155191422,2.3111190795898438,2.4592310587565103,108.0,3564,NOTRIAL
fixation,980833.567999959,0.6435645192861557,0.7613153696060181,2.4021148681640625,2.4950286865234377,166.0,3565,NOTRIAL
fixation,981233.574000001,0.6460960128090598,0.7440332201394168,2.336874181574041,2.423958518288352,733.0,3566,NOTRIAL
fixation,982316.9319999218,0.654777995745341,0.7412432452042897,2.405059814453125,2.505748494466146,250.0,3567,NOTRIAL
fixation,982600.2689999342,0.5778648366530736,0.7239029328028361,2.253716532389323,2.2954757690429686,508.0,3568,NOTRIAL
fixation,983366.9469999075,0.5285184596266065,0.7504084621156965,2.263397216796875,2.3175484793526784,117.0,3569,NOTRIAL
fixation,983516.942999959,0.4800082469979922,0.8657186503211657,2.347550710042318,2.462182362874349,200.0,3570,NOTRIAL
fixation,983733.621999979,0.4614560840030511,0.8440780527889729,2.327853520711263,2.4738407135009766,400.0,3571,NOTRIAL
fixation,984166.9620000124,0.417381892601649,0.8378542711337408,2.251021067301432,2.400285085042318,200.0,3572,NOTRIAL
fixation,984400.2999999523,0.48310702924544996,0.8246421836889707,2.285436776968149,2.404515193058894,217.0,3573,NOTRIAL
fixation,984650.3069999218,0.5504494661634619,0.8313256285407327,2.3139232288707388,2.410127119584517,192.0,3574,NOTRIAL
fixation,985050.3169999123,0.43079032274809753,0.8515897691249847,2.3567865545099433,2.517770940607244,176.0,3575,NOTRIAL
fixation,985266.9819999933,0.47833195080359775,0.8326073904832204,2.3407862345377604,2.469011433919271,500.0,3576,NOTRIAL
fixation,985800.3249999285,0.529510076556887,0.823558087859835,2.2119140625,2.3093981061662947,125.0,3577,NOTRIAL
fixation,986567.0069999695,0.5560304075479507,0.5582605046885354,2.370241437639509,2.453424726213728,226.0,3578,NOTRIAL
fixation,986850.3449999094,0.5012093782424927,0.8084436555703481,2.3186761765252974,2.409727550688244,350.0,3579,NOTRIAL
fixation,987267.0180000067,0.5263651257211511,0.47721667181361804,2.31451416015625,2.3762623180042612,184.0,3580,NOTRIAL
fixation,987500.3559999466,0.3739961236715317,0.4540521750847499,2.3363715277777777,2.4315117730034723,150.0,3581,NOTRIAL
fixation,987683.6919999123,0.42512370521823567,0.28373166422049206,2.4145723978678384,2.5338058471679688,200.0,3582,NOTRIAL
fixation,987917.0310000181,0.560497502485911,0.2574695116943783,2.450715806749132,2.5620795355902777,150.0,3583,NOTRIAL
fixation,988100.3669999838,0.633515494565169,0.25356741808354855,2.4573135375976562,2.556560516357422,200.0,3584,NOTRIAL
fixation,988350.371999979,0.5348073095083237,0.41303378716111183,2.4410324096679688,2.5467987060546875,66.0,3585,NOTRIAL
fixation,988450.3769999743,0.37406229534569907,0.4756421262727064,2.468404433306526,2.623372695025276,283.0,3586,NOTRIAL
fixation,988767.0479999781,0.3521995507180691,0.5146198922561275,2.505903032090929,2.6039165920681424,600.0,3587,NOTRIAL
fixation,989400.3959999084,0.4852337706834078,0.6422466803342104,2.3720407485961914,2.4042911529541016,266.0,3588,NOTRIAL
fixation,989700.3989999294,0.49740016683936117,0.5040242068469525,2.4338706970214843,2.49583740234375,341.0,3589,NOTRIAL
fixation,990283.7459999323,0.4595234567920367,0.36766992261012393,2.4492645263671875,2.57049560546875,92.0,3590,2
fixation,990417.0809999704,0.5351201631128788,0.4008218850940466,2.4794063568115234,2.595174789428711,134.0,3591,2
fixation,990583.7509999275,0.5276256613433361,0.4634723514318466,2.4431095123291016,2.562551498413086,133.0,3592,2
fixation,990767.0839999914,0.5383585721254349,0.33717969954013827,2.4056716918945313,2.5112945556640627,167.0,3593,2
fixation,990950.425999999,0.5551564618945122,0.3266772832721472,2.397367477416992,2.491598129272461,133.0,3594,2
fixation,991117.0949999094,0.5475049652159214,0.40966735283533734,2.33546511332194,2.408416748046875,400.0,3595,2
fixation,991533.7709999084,0.5784355920773966,0.41552964680724674,2.377349288375289,2.4742968523943865,458.0,3596,2
fixation,992217.1169999838,0.5665207281708717,0.4220402017235756,2.4153575897216797,2.544462203979492,126.0,3597,2
fixation,992383.7889999151,0.5353583872318268,0.42492854992548623,2.454852294921875,2.5838775634765625,250.0,3598,2
fixation,992650.4589999914,0.5666907495922513,0.5247710247834524,2.3107986450195312,2.3976567586263022,300.0,3599,2
fixation,992967.1319999695,0.564362472958035,0.48779841429657406,2.292817857530382,2.3954332139756946,150.0,3600,2
fixation,993133.8019999266,0.5636355945697198,0.533419533417775,2.2975616455078125,2.3823465200570912,217.0,3601,2
fixation,993367.1409999132,0.551945931145123,0.6016367631299155,2.323920113699777,2.418310982840402,234.0,3602,2
fixation,993633.811999917,0.5867321848869324,0.6094428151845932,2.37044677734375,2.445709228515625,167.0,3603,2
fixation,993833.8159999847,0.5781586080789566,0.5536969751119614,2.3387374877929688,2.4330230712890626,167.0,3604,2
fixation,994017.1519999504,0.5535085462033749,0.5616690441966057,2.3075637817382812,2.412628173828125,134.0,3605,2
fixation,994167.1489999294,0.5680851824581623,0.5285434629768133,2.3122262954711914,2.4135541915893555,267.0,3606,2
fixation,994467.1529999971,0.5428624120023515,0.5976246032449934,2.2688217163085938,2.373074001736111,300.0,3607,2
fixation,994800.5009999275,0.583986661500401,0.6046461794111464,2.32647705078125,2.4426261054144964,300.0,3608,2
fixation,995117.1579999924,0.5734623484313488,0.6075094416737556,2.3364086151123047,2.424619674682617,142.0,3609,2
fixation,995483.8389999866,0.5687542855739594,0.6791363846171986,2.3451838637843276,2.444716944839015,542.0,3610,2
fixation,996050.5159999132,0.5893741965293884,0.6752691388130188,2.2956024169921876,2.38748779296875,250.0,3611,2
fixation,996333.8539999723,0.5617147955027494,0.615293334830891,2.31976318359375,2.384982022372159,183.0,3612,2
fixation,996533.8579999208,0.5477801395787133,0.6234606802463531,2.295562744140625,2.3857286241319446,150.0,3613,2
fixation,996733.868999958,0.35125481088956195,0.8464018901189169,2.334294637044271,2.4761149088541665,100.0,3614,2
fixation,996867.1969999075,0.2617722824215889,0.8702490851283073,2.3570073445638022,2.4920145670572915,200.0,3615,2
fixation,997083.875,0.24790602996945382,0.8777189403772354,2.3771438598632812,2.494578552246094,167.0,3616,2
fixation,997283.8789999485,0.29777877245630535,0.8704407002244677,2.354679652622768,2.458062308175223,117.0,3617,2
fixation,997433.871999979,0.350761150320371,0.8636131460467974,2.2945454915364585,2.3804168701171875,200.0,3618,2
fixation,997650.5529999733,0.3994364920589659,0.856032262245814,2.2646348741319446,2.365507337782118,150.0,3619,2
fixation,997833.8899999857,0.33730785974434446,0.8726741799286434,2.3094002859933034,2.4010750906808034,117.0,3620,2
fixation,997967.2249999046,0.3161089777946472,0.8752519458532333,2.3388671875,2.4343887329101563,167.0,3621,2
fixation,998267.2289999723,0.4418138732512792,0.5659306724866231,2.337141927083333,2.4029805501302084,250.0,3622,2
fixation,998533.9029999971,0.4813600182533264,0.5780929327011108,2.295530531141493,2.415768093532986,150.0,3623,2
fixation,998700.5729999542,0.5052118020899156,0.5822179159697365,2.321171480066636,2.4215680290670956,283.0,3624,2
fixation,999033.9110000134,0.4768845060219367,0.8666103444993496,2.333787282307943,2.437333424886068,400.0,3625,2
fixation,999450.5839999914,0.5337890618377261,0.8575825989246368,2.372139824761285,2.45578850640191,150.0,3626,2
fixation,999633.9189999104,0.4735429013768832,0.8603577613830566,2.354395548502604,2.4638900756835938,100.0,3627,2
fixation,999750.5889999866,0.4356520652770996,0.8613598734140396,2.3709487915039062,2.466694641113281,166.0,3628,2
fixation,999933.9239999056,0.4850140273571014,0.8532975018024445,2.3796234130859375,2.452163696289062,83.0,3629,2
fixation,1000033.9299999475,0.5295041461785635,0.8570239643255869,2.385544840494792,2.446027628580729,250.0,3630,2
fixation,1000300.5970000029,0.5457874536514282,0.8496998399496078,2.376453399658203,2.436321258544922,66.0,3631,2
fixation,1000383.9319999218,0.5703540369868279,0.8519997373223305,2.388080596923828,2.448596954345703,133.0,3632,2
fixation,1000550.6039999723,0.4646871143153736,0.5697767074619021,2.3595046997070312,2.4145736694335938,233.0,3633,2
fixation,1000800.6049998999,0.47451958217118917,0.6168863349839261,2.364658556486431,2.4224532277960527,324.0,3634,2
fixation,1001333.94599998,0.4137732595205307,0.5776615291833878,2.3854995727539063,2.528924560546875,167.0,3635,2
fixation,1001767.2869999409,0.546699332339423,0.60938560962677,2.393977573939732,2.4916774204799106,109.0,3636,2
fixation,1001917.2919999361,0.5871935586134592,0.66887449969848,2.4319585164388022,2.5312678019205728,200.0,3637,2
fixation,1002150.6289999485,0.6354395590330425,0.6168303866135446,2.399601986533717,2.476841173673931,316.0,3638,2
fixation,1002483.9670000076,0.641094833612442,0.5875357389450073,2.3806610107421875,2.4367462158203126,83.0,3639,2
fixation,1002617.3029999733,0.4406192759051919,0.39193323627114296,2.3771018981933594,2.4446163177490234,267.0,3640,2
fixation,1002933.9749999046,0.4358654306693511,0.5708358125253157,2.353666825727983,2.4530514803799717,183.0,3641,2
fixation,1003167.311999917,0.6485371390978495,0.8486563397778405,2.4344075520833335,2.503840128580729,150.0,3642,2
fixation,1003333.9809999466,0.6610476896166801,0.8522449880838394,2.463031768798828,2.533489227294922,67.0,3643,2
fixation,1003417.3169999123,0.6212417456236753,0.858290658755736,2.482235995205966,2.58465576171875,184.0,3644,2
fixation,1003650.6549999714,0.6981946284120734,0.8618004863912408,2.5473286021839487,2.6402782093394888,183.0,3645,2
fixation,1003867.324000001,0.7433825751145681,0.8610861361026764,2.535779825846354,2.6046295166015625,250.0,3646,2
fixation,1004133.9950000048,0.6939098735650381,0.8615748410423597,2.467456817626953,2.545421600341797,200.0,3647,2
fixation,1004350.6689999104,0.7249752921717507,0.8638142964669636,2.4646192278180803,2.5543954031808034,233.0,3648,2
fixation,1004600.6699999571,0.7609149565299352,0.8640119979778925,2.4906845092773438,2.5768636067708335,100.0,3649,2
fixation,1004734.0059999228,0.4965676538646221,0.8987764239311218,2.410480499267578,2.548817443847656,342.0,3650,2
fixation,1005284.0189999342,0.4889639616012573,0.5910739650328954,2.363763173421224,2.483814239501953,192.0,3651,2
fixation,1005500.6879999638,0.46799051188505614,0.6121513155790476,2.4061502309945912,2.5124429556039662,217.0,3652,2
fixation,1005734.0239999294,0.5034171071919528,0.5867041037841276,2.331231550736861,2.4289301091974433,367.0,3653,2
fixation,1006134.0310000181,0.42429037482449505,0.5923225590676973,2.3302117550011836,2.445559414950284,550.0,3654,2
fixation,1006700.7109999657,0.39609454199671745,0.6328180655837059,2.3694839477539062,2.474323272705078,200.0,3655,2
fixation,1006917.3789999485,0.3734788642479823,0.590410039975093,2.423524122971755,2.5305375319260817,216.0,3656,2
fixation,1007167.3849999905,0.3999175406419314,0.8651942037619077,2.4346548227163463,2.522984431340144,216.0,3657,2
fixation,1007400.7209999561,0.3465835427244504,0.8776108821233114,2.466730753580729,2.546778361002604,100.0,3658,2
fixation,1007534.0569999218,0.28462298389743357,0.878687273053562,2.4199407240923714,2.518280029296875,292.0,3659,2
fixation,1008034.0659999847,0.5704988290866216,0.5977741802732149,2.3052050272623696,2.3775850931803384,192.0,3660,2
fixation,1008250.7379999161,0.5612880066037178,0.6526544839143753,2.334016799926758,2.419095039367676,267.0,3661,2
fixation,1008534.074000001,0.5906413670848397,0.602853420902701,2.3124721751493564,2.403842701631434,284.0,3662,2
fixation,1008850.7359999418,0.5565954685211182,0.46125164330005647,2.3642486572265624,2.4868316650390625,83.0,3663,2
fixation,1008950.740999937,0.5580061614513397,0.40519719272851945,2.3962615966796874,2.5542236328125,167.0,3664,2
fixation,1009150.743999958,0.5397840514779091,0.36253516376018524,2.4214019775390625,2.571308135986328,67.0,3665,2
fixation,1009234.0799999237,0.5403507817536592,0.3669401668012142,2.455831527709961,2.610724449157715,267.0,3666,2
fixation,1009517.4160000086,0.5464397110044956,0.42234732396900654,2.4069747924804688,2.499340057373047,141.0,3667,2
fixation,1009867.4219999313,0.5449384770223072,0.5215995205300195,2.427159990583147,2.543532235281808,233.0,3668,2
fixation,1010117.4269999266,0.5601167495434101,0.5764455336790818,2.5056621844951925,2.6357950063852162,224.0,3669,2
fixation,1010600.7699999809,0.5810177872578303,0.5459753920634588,2.4326934814453125,2.5199254353841147,100.0,3670,2
fixation,1010717.4379999638,0.5747740353856768,0.5633677414485386,2.4573255266462053,2.5421033586774553,116.0,3671,2
fixation,1010867.439999938,0.5524065006862987,0.5996942276304419,2.484739823774858,2.620290582830256,183.0,3672,2
fixation,1011067.442999959,0.5458588182926178,0.6281704097986222,2.4228469848632814,2.5421127319335937,166.0,3673,2
fixation,1011250.7789999247,0.596928573316998,0.6318191356129117,2.4121636284722223,2.5132514105902777,150.0,3674,2
fixation,1011434.115999937,0.6425366724530855,0.6059391523400942,2.4153048197428384,2.5053227742513022,200.0,3675,2
fixation,1011650.7869999409,0.6373287332909447,0.6279212427990777,2.474442618233817,2.605846949986049,467.0,3676,2
fixation,1012167.4599999189,0.45716590993106365,0.6201187800616026,2.4624109268188477,2.653379440307617,266.0,3677,2
fixation,1012467.4739999771,0.4061284467577934,0.5388085499405861,2.45819091796875,2.613054656982422,333.0,3678,2
fixation,1012834.1489999294,0.3939012996852398,0.5989409498870373,2.4470138549804688,2.5706615447998047,134.0,3679,2
fixation,1012984.1509999037,0.3998188296189675,0.630239372070019,2.4284444955679088,2.5293684739332933,217.0,3680,2
fixation,1013217.4850000143,0.4332668205553835,0.6106480888345025,2.419888583096591,2.537780068137429,366.0,3681,2
fixation,1013617.4929999113,0.5035650052807548,0.6116339591416445,2.395670110529119,2.5012928355823862,183.0,3682,2
fixation,1013817.496999979,0.4783412139205372,0.6243263614528319,2.4264167336856617,2.5505896175608918,566.0,3683,2
fixation,1014434.1749999523,0.5024030432105064,0.45792822632938623,2.521103858947754,2.6641435623168945,275.0,3684,FIX_CROS
fixation,1014934.1849999428,0.4625690607009111,0.4746950329453857,2.487905431676794,2.648066202799479,442.0,3685,FIX_CROS
fixation,1015517.5269999504,0.2530161589384079,0.4415754470974207,2.3345413208007812,2.451030731201172,133.0,3686,2.2
fixation,1015667.5299999714,0.2179919682443142,0.4426300212740898,2.317637634277344,2.4360275268554688,166.0,3687,2.2
fixation,1015867.5349999666,0.25642747556169826,0.4442502868672212,2.2990519205729165,2.419947306315104,200.0,3688,2.2
fixation,1016084.2039999962,0.2726262927055359,0.4427028179168701,2.28653564453125,2.378961181640625,84.0,3689,2.2
fixation,1016200.8729999065,0.3564470037817955,0.4412503883242607,2.2920913696289062,2.365460205078125,167.0,3690,2.2
fixation,1016400.8779999018,0.452227429797252,0.44920874138673145,2.306891123453776,2.3916587829589844,200.0,3691,2.2
fixation,1016684.2079999447,0.5186542520920435,0.4462653969724973,2.3084309895833335,2.3590927124023438,100.0,3692,2.2
fixation,1016817.550999999,0.6030869565226815,0.4486297599293969,2.3100766268643467,2.392363114790483,183.0,3693,2.2
fixation,1017034.2220000029,0.662538247803847,0.44497836753726006,2.338359832763672,2.4012069702148438,200.0,3694,2.2
fixation,1017267.5590000153,0.72185720205307,0.44318098574876785,2.3398223876953126,2.3939895629882812,166.0,3695,2.2
fixation,1017467.5549999475,0.7728829036156336,0.44869588563839596,2.3332188924153647,2.3841323852539062,100.0,3696,2.2
fixation,1017617.5669999123,0.37456181459128857,0.5359667614102364,2.2692413330078125,2.4040756225585938,133.0,3697,2.2
fixation,1017784.2359999418,0.3328270595520735,0.5512214787304401,2.324207305908203,2.4228668212890625,134.0,3698,2.2
fixation,1017950.8980000019,0.4424964326123397,0.535700261592865,2.3174870808919272,2.4291280110677085,200.0,3699,2.2
fixation,1018184.2339999676,0.4937815002419732,0.5394512740048495,2.3196855024857954,2.4084902676669033,184.0,3700,2.2
fixation,1018400.9149999619,0.552523688475291,0.5305890599886577,2.331870524088542,2.429204305013021,250.0,3701,2.2
fixation,1018684.2419999838,0.6251939264210787,0.5401118262247606,2.3601878773082388,2.4403228759765625,184.0,3702,2.2
fixation,1019117.5959999561,0.635642196983099,0.5366463400423527,2.3671512603759766,2.46417236328125,133.0,3703,2.2
fixation,1019284.263999939,0.4902222643678005,0.44081384344742847,2.405302194448618,2.5161414513221154,434.0,3704,2.2
fixation,1019750.9379999638,0.4907014727592468,0.30868436992168424,2.3618896484375,2.45216064453125,83.0,3705,NOTRIAL
fixation,1019850.942999959,0.49698475127418834,0.28694936881462735,2.3562355041503906,2.4261703491210938,200.0,3706,NOTRIAL
fixation,1020084.2779999971,0.6345668137073517,0.26413427612611223,2.3432835170200894,2.3887863159179688,234.0,3707,NOTRIAL
fixation,1020367.6179999113,0.3549116116762161,0.2702115726470947,2.35091796875,2.4732421875,416.0,3708,NOTRIAL
fixation,1020800.9599999189,0.3768375744422277,0.27136441270510353,2.3488616943359375,2.453208414713542,250.0,3709,NOTRIAL
fixation,1021084.2979999781,0.43481318194132584,0.28248674594438994,2.3235708383413463,2.4069090623121996,434.0,3710,NOTRIAL
fixation,1021567.6399999857,0.3841968576113383,0.43836971869071323,2.2863667805989585,2.3644332885742188,100.0,3711,NOTRIAL
fixation,1021700.9799998999,0.35161802421013516,0.498689233760039,2.2867467244466146,2.42266845703125,500.0,3712,NOTRIAL
fixation,1022217.6549999714,0.4062650799751282,0.4906693498293559,2.295323689778646,2.413630167643229,108.0,3713,NOTRIAL
fixation,1022751.0,0.3857356794178486,0.49585421942174435,2.3526840209960938,2.4940032958984375,126.0,3714,NOTRIAL
fixation,1022901.0009999275,0.35363610507920384,0.5071553429588675,2.294452428817749,2.3988237380981445,1067.0,3715,NOTRIAL
fixation,1024001.01699996,0.3443315988406539,0.7324933726340532,2.310382843017578,2.409107208251953,267.0,3716,NOTRIAL
fixation,1024284.3639999628,0.3733339384198189,0.7291037241617838,2.3277244567871094,2.4627532958984375,200.0,3717,NOTRIAL
fixation,1024517.7019999027,0.4461647357259478,0.7065767858709607,2.313786097935268,2.402827671595982,117.0,3718,NOTRIAL
fixation,1024667.6969999075,0.5834739929751346,0.7098598339055714,2.3447345934416117,2.4274211682771383,325.0,3719,NOTRIAL
fixation,1025267.7070000172,0.5786178130656481,0.7257721479982138,2.386484146118164,2.479084014892578,259.0,3720,NOTRIAL
fixation,1025551.0449999571,0.6486787059727837,0.7368637393502628,2.3208896412568936,2.385440003638174,850.0,3721,NOTRIAL
fixation,1026451.0579999685,0.48551702350378034,0.7925411403179169,2.3249755859375,2.4004425048828124,167.0,3722,NOTRIAL
fixation,1026651.0659999847,0.43327997624874115,0.8131458035537175,2.3387451171875,2.463078090122768,117.0,3723,NOTRIAL
fixation,1026801.0729999542,0.547566053767999,0.8181340843439102,2.3972129821777344,2.4729792277018228,200.0,3724,FIX_CROS
fixation,1027051.0699999332,0.5110438292225202,0.456232796733578,2.3995278676350913,2.5417664845784507,408.0,3725,FIX_CROS
fixation,1027701.0820000172,0.4569485507905483,0.40230893194675443,2.4097549438476564,2.5607460021972654,334.0,3726,FIX_CROS
fixation,1028084.4329999685,0.29262049744526547,0.42122114698092145,2.4544957478841147,2.6194661458333335,100.0,3727,2.1
fixation,1028217.7680000067,0.20247858324471643,0.40585678289918337,2.352055269129136,2.510640761431526,283.0,3728,2.1
fixation,1028517.7719999552,0.25757912794748944,0.41037942096590996,2.339127858479818,2.4756991068522134,200.0,3729,2.1
fixation,1028734.4449999332,0.3108847914263606,0.408272965811193,2.295283317565918,2.4367074966430664,266.0,3730,2.1
fixation,1029017.7819999456,0.35860555583522435,0.4088512808084488,2.3179800851004466,2.4686388288225447,350.0,3731,2.1
fixation,1029384.4529999495,0.41556119376962836,0.40747917511246423,2.3559750643643467,2.4617670232599433,191.0,3732,2.1
fixation,1029767.7949999571,0.45946328435093164,0.412208111025393,2.452066421508789,2.5927305221557617,259.0,3733,2.1
fixation,1030067.800999999,0.5322646411026225,0.41696233433835644,2.4331988166360294,2.5714308794806984,283.0,3734,2.1
fixation,1030634.4789999723,0.5096887212533218,0.40316473520719087,2.3941826453575716,2.519230769230769,208.0,3735,2.1
fixation,1030867.8169999123,0.5454538285732269,0.4129296541213989,2.5071441650390622,2.64747314453125,83.0,3736,2.1
fixation,1030967.8219999075,0.5431873095887048,0.40524048783949446,2.397597176688058,2.533410208565848,233.0,3737,2.1
fixation,1031217.8259999752,0.5013641096078433,0.4055350147760831,2.2673914982722354,2.4529383732722354,217.0,3738,2.1
fixation,1031451.1610000134,0.48161895466702326,0.4064882110272135,2.283818926130022,2.416699000767299,234.0,3739,2.1
fixation,1031717.8309999704,0.513758085668087,0.4059488773345947,2.3270657857259116,2.4623374938964844,200.0,3740,2.1
fixation,1031951.1719999313,0.5530717521905899,0.40699906398852664,2.3571065266927085,2.462682088216146,108.0,3741,2.1
fixation,1032251.1799999475,0.5471110675070021,0.41036201516787213,2.374874538845486,2.522086249457465,142.0,3742,2.1
fixation,1032417.8509999514,0.5308981835842133,0.4175403982400894,2.4523941040039063,2.6051712036132812,167.0,3743,2.1
fixation,1032634.5180000067,0.2821067910302769,0.4109924679452723,2.373291015625,2.5615109530362217,183.0,3744,2.1
fixation,1032834.5230000019,0.25709325075149536,0.41269370540976524,2.313678741455078,2.4828147888183594,66.0,3745,2.1
fixation,1032934.5249999762,0.3403155075179206,0.41172760559452903,2.2832268608940973,2.440372043185764,150.0,3746,2.1
fixation,1033134.5279999971,0.4790345939497153,0.40574780727426213,2.3127365112304688,2.4014867146809897,200.0,3747,2.1
fixation,1033351.1979999542,0.4566281030575434,0.4200007359186808,2.3440216064453123,2.476881917317708,250.0,3748,2.1
fixation,1033617.8709999323,0.4974174160848964,0.41285251351920044,2.370519464666193,2.4872575239701704,183.0,3749,2.1
fixation,1033817.8769999743,0.5464424734765833,0.40981199795549567,2.380470969460227,2.4800276322798296,191.0,3750,2.1
fixation,1034217.8839999437,0.24474936046383597,0.4093551676381718,2.3668878728693183,2.5577253861860796,175.0,3751,2.1
fixation,1034434.5539999008,0.3196260020136833,0.3980818808078766,2.4068756103515625,2.520161437988281,166.0,3752,2.1
fixation,1034651.2249999046,0.5950433373451233,0.41597188264131546,2.302995300292969,2.4070343017578124,167.0,3753,2.1
fixation,1034834.5599999428,0.6481247454881668,0.40437950789928434,2.2610870361328126,2.3313262939453123,166.0,3754,2.1
fixation,1035017.8969999552,0.6238215093811353,0.4058822604517142,2.3009872436523438,2.387274424235026,200.0,3755,2.1
fixation,1035251.2359999418,0.6918119549751282,0.3968223944306374,2.3459091186523438,2.398908996582031,167.0,3756,2.1
fixation,1035451.2379999161,0.7322727382183075,0.39929754436016085,2.365704345703125,2.4226715087890627,167.0,3757,2.1
fixation,1035651.2429999113,0.7784222108977181,0.3981106047119413,2.3712169102260043,2.463842119489397,234.0,3758,2.1
fixation,1035951.2479999065,0.2571601867675781,0.46838308019297464,2.3452562604631697,2.453373500279018,117.0,3759,2.1
fixation,1036084.5849999189,0.20337650857188486,0.4910976250063289,2.321684403852983,2.441965276544744,183.0,3760,2.1
fixation,1036301.2539999485,0.275556717813015,0.49622347205877304,2.341508483886719,2.419172668457031,167.0,3761,2.1
fixation,1036484.5879999399,0.21602099044964865,0.49259141889902264,2.2769810603215146,2.3625558706430287,216.0,3762,2.1
fixation,1036734.5959999561,0.3774503469467163,0.4965868307785554,2.2473865855823862,2.366789384321733,183.0,3763,2.1
fixation,1036934.5970000029,0.34706107865680347,0.49191047657619824,2.2638591419566763,2.3902962424538354,183.0,3764,2.1
fixation,1037151.2689999342,0.41547736525535583,0.48084197342395785,2.2829376220703126,2.3608917236328124,84.0,3765,2.1
fixation,1037534.6100000143,0.5139078140258789,0.5135271618763606,2.3846506754557293,2.519727579752604,250.0,3766,2.1
fixation,1037817.9469999075,0.5724658630788326,0.5210943594574928,2.3643970489501953,2.4829301834106445,267.0,3767,2.1
fixation,1038101.2860000134,0.6008588878008035,0.5164659114984366,2.335333017202524,2.4334564208984375,217.0,3768,2.1
fixation,1038351.2899999619,0.5689229592680931,0.5210041478276253,2.358814239501953,2.4868621826171875,67.0,3769,2.1
fixation,1038517.9599999189,0.6836614138201663,0.5136924809531161,2.4237566496196545,2.519007632606908,317.0,3770,2.1
fixation,1038867.9649999142,0.7508697850363595,0.5051700174808502,2.427921840122768,2.507908412388393,233.0,3771,2.1
fixation,1039134.635999918,0.8040187805891037,0.49310634036858875,2.3955485026041665,2.4858779907226562,100.0,3772,2.1
fixation,1039284.6380000114,0.49306649288960863,0.5623961474214282,2.3417064121791293,2.4527010236467635,241.0,3773,2.1
fixation,1039784.6449999809,0.4942159482410976,0.5289127230644226,2.411719185965402,2.5083487374441966,108.0,3774,2.1
fixation,1039951.314999938,0.5577557120058272,0.4935365203354094,2.459342108832465,2.573086208767361,150.0,3775,2.1
fixation,1040134.6499999762,0.6195709547575783,0.4807286192389095,2.324076035443474,2.397753547219669,283.0,3776,2.1
fixation,1040484.6569999456,0.4741064553911036,0.46008790216662665,2.2303910688920454,2.299306696111506,183.0,3777,NOTRIAL
fixation,1040751.3279999495,0.5090618506073952,0.28747445717453957,2.345499038696289,2.4134597778320312,134.0,3778,NOTRIAL
fixation,1040917.9959999323,0.6500290117480538,0.28820787234739825,2.4342720725319604,2.498658613725142,184.0,3779,NOTRIAL
fixation,1041118.0009999275,0.6310540563181827,0.28480055300812973,2.4345787449886926,2.5111513639751233,634.0,3780,NOTRIAL
fixation,1041784.6779999733,0.6449875882486018,0.4908971343098617,2.3743848102848704,2.452542933022104,683.0,3781,NOTRIAL
fixation,1042501.3559999466,0.6491172191771594,0.7171110655322219,2.3959595651337593,2.4754608616684424,1100.0,3782,NOTRIAL
fixation,1043651.3759999275,0.5461326576769352,0.4292803592979908,2.430940628051758,2.545055389404297,133.0,3783,NOTRIAL
fixation,1043818.0460000038,0.49475495219230653,0.32808502912521365,2.470172119140625,2.6481842041015624,84.0,3784,NOTRIAL
fixation,1044001.3809999228,0.3913712538778782,0.2674153546492259,2.4729283650716147,2.6375859578450522,200.0,3785,NOTRIAL
fixation,1044251.385999918,0.3540966405588038,0.5073190664543825,2.389791152056526,2.564279892865349,283.0,3786,NOTRIAL
fixation,1044584.7259999514,0.6175361735125383,0.5059827379882336,2.4069175720214844,2.4877713521321616,400.0,3787,NOTRIAL
fixation,1045001.4009999037,0.640223724812996,0.5025807702686729,2.4106992395912727,2.4973531583460367,683.0,3788,NOTRIAL
fixation,1045718.0789999962,0.5036339449385802,0.47927704577644664,2.370812733968099,2.482885996500651,200.0,3789,NOTRIAL
fixation,1045951.4169999361,0.5270121693611145,0.5046213775873184,2.3460601806640624,2.46134033203125,91.0,3790,NOTRIAL
fixation,1046234.7539999485,0.5057443976402283,0.4677506511410077,2.413355509440104,2.4942626953125,92.0,3791,29
fixation,1046368.0899999142,0.5070322062820196,0.3887530341744423,2.479656219482422,2.5933971405029297,134.0,3792,29
fixation,1046534.760999918,0.41762379876204897,0.5280522150652749,2.4510650634765625,2.5553458077566966,117.0,3793,29
fixation,1046668.0970000029,0.4045639065178958,0.597850807688453,2.3392209139737217,2.4695573286576704,184.0,3794,29
fixation,1046884.76699996,0.4741929272810618,0.5773080190022787,2.3470586140950522,2.4346516927083335,100.0,3795,29
fixation,1047001.4359999895,0.5392155775002071,0.5715450325182506,2.361334664481027,2.4385779244559154,233.0,3796,29
fixation,1047268.1049998999,0.4238295704126358,0.58334921002388,2.3403045654296877,2.413433837890625,92.0,3797,29
fixation,1047601.44599998,0.4953568818477484,0.5806733644925631,2.3838348388671875,2.498469426081731,216.0,3798,29
fixation,1047834.7869999409,0.42272721406291514,0.5948082454064313,2.370789471794577,2.4887838924632355,283.0,3799,29
fixation,1048134.7910000086,0.38903369782147584,0.6210101754577072,2.288839269567419,2.404926441333912,450.0,3800,29
fixation,1048601.46299994,0.4193669892847538,0.6135678961873055,2.3453454971313477,2.4902849197387695,266.0,3801,29
fixation,1048884.7989999056,0.47431277696575436,0.6057471185922623,2.3122024536132812,2.438775198800223,233.0,3802,29
fixation,1049134.8019999266,0.5069258486231168,0.602583813170592,2.2728233337402344,2.3906847635904946,200.0,3803,29
fixation,1049351.4729999304,0.5394202272097269,0.6032509555419286,2.274510701497396,2.3945414225260415,108.0,3804,29
fixation,1049701.476999998,0.5473806593153212,0.6099738379319509,2.328604804144965,2.4500935872395835,142.0,3805,29
fixation,1049868.1430000067,0.565143136041505,0.6281529388257435,2.365429469517299,2.4888828822544644,234.0,3806,29
fixation,1050118.1459999084,0.5413434406121572,0.6270387123028437,2.277568817138672,2.413994471232096,400.0,3807,29
fixation,1050551.4839999676,0.5888089001178741,0.6352484792470932,2.3624969482421876,2.4907546997070313,166.0,3808,29
fixation,1050734.817999959,0.6130622684955597,0.6319174607594807,2.393577067057292,2.516527303059896,250.0,3809,29
fixation,1051018.1539999247,0.39109712126462354,0.6515635381574216,2.385312287703804,2.577456266983696,384.0,3810,29
fixation,1051418.1599999666,0.4257358253002167,0.6469114571809769,2.3612960815429687,2.5385452270507813,167.0,3811,29
fixation,1051601.4929999113,0.45115022590527165,0.6421295862931472,2.3131103515625,2.4595912053034854,216.0,3812,29
fixation,1051834.8249999285,0.4285167058308919,0.6221135854721069,2.3023084004720054,2.4187533060709634,200.0,3813,29
fixation,1052051.4959999323,0.4430925935506821,0.606625446677208,2.3260452270507814,2.4076766967773438,166.0,3814,29
fixation,1052251.5019999743,0.5123698711395264,0.580469834804535,2.27642822265625,2.3536224365234375,166.0,3815,29
fixation,1052434.8359999657,0.5492433077759213,0.5802977912955813,2.2624681260850696,2.3572625054253473,150.0,3816,29
fixation,1052618.169999957,0.4321291173497836,0.5873960728446642,2.2772789001464844,2.374614715576172,200.0,3817,29
fixation,1052851.5059999228,0.5210478216409683,0.4203937530517578,2.3075851440429687,2.3834808349609373,174.0,3818,29
fixation,1053268.175999999,0.4165042170456478,0.6568206293242318,2.257965087890625,2.374354771205357,109.0,3819,29
fixation,1053401.5099999905,0.4260700047016144,0.6300193759111258,2.3425093430739183,2.4352886493389425,216.0,3820,29
fixation,1053634.848999977,0.45305974036455154,0.6411933473178318,2.2853600638253346,2.3738882882254466,233.0,3821,29
fixation,1053884.851999998,0.4975238534120413,0.6426354027711428,2.214580829326923,2.317933302659255,217.0,3822,29
fixation,1054118.192999959,0.5524279688085828,0.6393807871001107,2.242535182407924,2.3282928466796875,234.0,3823,29
fixation,1054384.8609999418,0.3986149547355516,0.6946602186986378,2.285790579659598,2.3885835920061385,233.0,3824,29
fixation,1054634.8650000095,0.4558655222256978,0.6804909487565358,2.3090789794921873,2.4090199788411457,250.0,3825,29
fixation,1054918.2029999495,0.5379145110354704,0.6722744703292847,2.3376536649816178,2.424521053538603,284.0,3826,29
fixation,1055218.2089999914,0.5318307114972008,0.7092683662970861,2.327487521701389,2.415622287326389,300.0,3827,29
fixation,1055534.8809999228,0.508269224848066,0.703964671918324,2.3029981340680803,2.393886021205357,117.0,3828,29
fixation,1055668.2170000076,0.5234999308983485,0.6683325086321149,2.270848592122396,2.3702290852864585,708.0,3829,29
fixation,1056618.2329999208,0.5537883017374121,0.6510300921357196,2.3786906366762905,2.448433254076087,384.0,3830,29
fixation,1057034.90899992,0.3836503823598226,0.6997303691777316,2.3057907566879736,2.4048637621330493,550.0,3831,29
fixation,1057618.2509999275,0.47151294267839855,0.6695443640152613,2.3077596028645835,2.4312040540907116,300.0,3832,29
fixation,1057968.2569999695,0.3526125103235245,0.8469175845384598,2.404788970947265,2.485065460205078,67.0,3833,29
fixation,1058051.5949999094,0.3387046472893821,0.8784335023827023,2.4357096354166665,2.4977230495876737,150.0,3834,29
fixation,1058234.9289999008,0.3988370180130005,0.8670985519886016,2.4254974365234374,2.5170318603515627,83.0,3835,29
fixation,1058384.9309999943,0.5537369503424718,0.7002348876916445,2.372344970703125,2.5211111215444713,217.0,3836,29
fixation,1058634.9269999266,0.6200556708009619,0.6962297590155351,2.361309653834293,2.5272859272203947,317.0,3837,29
fixation,1059001.6089999676,0.5636371523141861,0.5827914079030355,2.3760655721028647,2.4926071166992188,100.0,3838,29
fixation,1059151.6109999418,0.571520063010129,0.3935527056455612,2.3934561989524146,2.5124081698330967,183.0,3839,29
fixation,1059368.28399992,0.5102746665477753,0.3935006966193517,2.373832194010417,2.4950937906901043,250.0,3840,29
fixation,1059651.621999979,0.37864388350178213,0.39008357945610495,2.362416884478401,2.4930482752182903,283.0,3841,29
fixation,1059968.291999936,0.44131340583165485,0.40900444487730664,2.38313971625434,2.500252617730035,150.0,3842,29
fixation,1060218.2969999313,0.5143434330821037,0.37647823244333267,2.3803558349609375,2.442291259765625,75.0,3843,29
fixation,1060551.6399999857,0.32456301152706146,0.9144420193301307,2.388609144422743,2.458530002170139,142.0,3844,29
fixation,1060718.3059999943,0.3921905249357224,0.8990658253431321,2.444599914550781,2.556085205078125,167.0,3845,29
fixation,1060918.311999917,0.4442882587512334,0.8891664809650845,2.3378719753689237,2.4707472059461804,150.0,3846,29
fixation,1061101.648000002,0.5107654796706306,0.888524118396971,2.266727023654514,2.3456539577907987,150.0,3847,29
fixation,1061284.9859999418,0.5848589837551117,0.8782533526420593,2.2568074544270833,2.3261678059895834,250.0,3848,29
fixation,1061568.3229999542,0.6763114012204684,0.8852225312819848,2.3197866586538463,2.381200937124399,217.0,3849,29
fixation,1061834.9950000048,0.44800787170728046,0.6290839662154516,2.2504399617513022,2.364405314127604,100.0,3850,29
fixation,1061968.3289999962,0.4110984593629837,0.6047377288341522,2.2595123291015624,2.3789077758789063,167.0,3851,29
fixation,1062168.3339999914,0.519893297127315,0.5880950710603169,2.293430873325893,2.331423078264509,233.0,3852,29
fixation,1062435.0059999228,0.43144281750375574,0.5976114137606188,2.295561356977983,2.3726390491832388,184.0,3853,29
fixation,1062635.0119999647,0.4689108803868294,0.5887906402349472,2.303689956665039,2.3988265991210938,134.0,3854,29
fixation,1062801.6809999943,0.43193964039285976,0.5889179979761442,2.3032251993815103,2.3991101582845054,200.0,3855,29
fixation,1063018.3479999304,0.4146984001355512,0.5934790990182331,2.3073131016322543,2.427698952811105,466.0,3856,29
fixation,1063818.365999937,0.3695642181805202,0.6295943856239319,,2.45697021484375,108.0,3857,29
fixation,1063951.7009999752,0.37355703115463257,0.6239573856194814,2.3554916381835938,2.5021769205729165,100.0,3858,29
fixation,1064068.3609999418,0.42866005515679717,0.6246697353199124,2.2986793518066406,2.430781364440918,533.0,3859,29
fixation,1064618.3789999485,0.488715885207057,0.6279249582439661,2.27902889251709,2.356877326965332,266.0,3860,29
fixation,1064918.3849999905,0.5482915807515383,0.6277780868113041,2.335659980773926,2.410259246826172,274.0,3861,29
fixation,1065435.0599999428,0.5673084429332188,0.7645543728555951,2.40606689453125,2.4762071881975447,109.0,3862,29
fixation,1065585.0609999895,0.5705143928527832,0.889125786225001,2.4395477294921877,2.53289794921875,250.0,3863,29
fixation,1065868.4009999037,0.6380052000284195,0.8960184752941132,2.383741760253906,2.4448944091796876,166.0,3864,29
fixation,1066085.07099998,0.46721216663718224,0.8918786918123564,2.2709617614746094,2.3456344604492188,200.0,3865,29
fixation,1066318.4099999666,0.5294365187486013,0.8807249784469604,2.2879058837890627,2.306818644205729,250.0,3866,29
fixation,1066585.0809999704,0.5689702965319157,0.8782671503722668,2.312826156616211,2.343830108642578,134.0,3867,29
fixation,1066751.75,0.49399619102478026,0.8717409014701843,2.3121337890625,2.36519775390625,83.0,3868,29
fixation,1066868.416999936,0.4430266295870145,0.8854296654462814,2.300885518391927,2.4154434204101562,200.0,3869,29
fixation,1067085.0870000124,0.42498368620872495,0.8917586326599121,2.335673522949219,2.4887954711914064,167.0,3870,29
fixation,1067268.4249999523,0.40386518504884505,0.8951477176613278,2.368587917751736,2.5084652370876737,150.0,3871,29
fixation,1067435.0939999819,0.37958633452653884,0.8952027201652527,2.3687255859375,2.4912994384765623,167.0,3872,29
fixation,1067635.101999998,0.4894336052238941,0.8705854564905167,2.359161376953125,2.457805633544922,67.0,3873,29
fixation,1067751.76699996,0.480185854766104,0.6240614023473527,2.3365885416666665,2.4257982042100696,150.0,3874,29
fixation,1067918.4379999638,0.49586659555251783,0.593607980471391,2.3447054349459133,2.414600078876202,216.0,3875,29
fixation,1068151.7759999037,0.5492847561836243,0.5736672977606455,2.3358840942382812,2.4036483764648438,100.0,3876,29
fixation,1068301.7779999971,0.4522262889405955,0.39657281468743866,2.35340748662534,2.46942603069803,383.0,3877,29
fixation,1068718.4509999752,0.48891368914734235,0.43764459003101697,2.4010439786044033,2.4663959849964487,183.0,3878,FIX_CROS
fixation,1068918.4529999495,0.49719159801801044,0.4674871812264125,2.4041264851888022,2.4942398071289062,108.0,3879,FIX_CROS
fixation,1069235.125,0.4753501410114354,0.44344604272266913,2.4681964742726294,2.602935264850485,476.0,3880,FIX_CROS
fixation,1069735.1369999647,0.46310693132025854,0.48694833580936703,2.3313304356166293,2.4474171229771207,234.0,3881,29.1
fixation,1070001.8079999685,0.5124710261821747,0.4896062344312668,2.3364044189453126,2.40595703125,175.0,3882,29.1
fixation,1070351.811999917,0.46585889692817417,0.5023439271109444,2.3616627284458707,2.491013663155692,225.0,3883,29.1
fixation,1070601.817999959,0.5158073231577873,0.5055334735661745,2.4453582763671875,2.574369430541992,141.0,3884,29.1
fixation,1070985.1579999924,0.5081496499478817,0.5154672389229139,2.357813517252604,2.4856999715169272,192.0,3885,29.1
fixation,1071201.8269999027,0.4694792578617732,0.5018425826673154,2.3429237648292824,2.4541823775679976,450.0,3886,29.1
fixation,1071668.5019999743,0.45890573199306217,0.5230349898338318,2.2493438720703125,2.3512191772460938,233.0,3887,29.1
fixation,1071935.1739999056,0.5335341766476631,0.5226900577545166,2.3037452697753906,2.3682861328125,75.0,3888,29.1
fixation,1072201.8459999561,0.535006819665432,0.5109641283750535,2.4480522155761717,2.536402130126953,333.0,3889,29.1
fixation,1072568.5180000067,0.4625371720479882,0.49690678391767584,2.3393952742866846,2.4356623110563858,383.0,3890,29.1
fixation,1072968.523000002,0.5054861977696419,0.4813938904553652,2.285623550415039,2.328306198120117,133.0,3891,NOTRIAL
fixation,1073168.5289999247,0.5458915481964747,0.26678697268168133,2.354405721028646,2.384190877278646,100.0,3892,NOTRIAL
fixation,1073301.862999916,0.637826431542635,0.28224681224673986,2.4220170974731445,2.4554595947265625,267.0,3893,NOTRIAL
fixation,1073585.2029999495,0.6546861072381337,0.27964780628681185,2.405522664388021,2.4828033447265625,250.0,3894,NOTRIAL
fixation,1073885.2089999914,0.6492198421511539,0.502615730083266,2.3409991597020348,2.448768083439317,717.0,3895,NOTRIAL
fixation,1074635.2209999561,0.6545835326357585,0.7105889989108574,2.3647501875714556,2.4563650735994664,684.0,3896,NOTRIAL
fixation,1075351.9019999504,0.6411506626754999,0.45334248524159193,2.4045944213867188,2.489560127258301,267.0,3897,NOTRIAL
fixation,1075651.9039999247,0.5038153097817772,0.46116632458410767,2.4164276123046875,2.5267253674958883,325.0,3898,FIX_CROS
fixation,1076218.5829999447,0.4829447424930075,0.47138603290785913,2.42315209430197,2.587774525518003,375.0,3899,FIX_CROS
fixation,1076651.9219999313,0.3086770822604497,0.4994478722413381,2.3200505574544272,2.4913736979166665,100.0,3900,29.2
fixation,1076785.2569999695,0.21159329265356064,0.4932154651199068,2.25762939453125,2.3921051025390625,234.0,3901,29.2
fixation,1077035.2619999647,0.25186853607495624,0.4957195967435837,2.2962468465169272,2.3900299072265625,100.0,3902,29.2
fixation,1077151.9309999943,0.34361329674720764,0.49753231555223465,2.2838712419782365,2.401353018624442,233.0,3903,29.2
fixation,1077401.936999917,0.32753934562206266,0.49986611902713773,2.3188995361328124,2.4577423095703126,83.0,3904,29.2
fixation,1077518.6069999933,0.47379568095008534,0.49540884171923,2.351698557535807,2.5154088338216147,200.0,3905,29.2
fixation,1077735.2759999037,0.478120818734169,0.49897811313470203,2.3684234619140625,2.5388717651367188,100.0,3906,29.2
fixation,1077885.2769999504,0.6367142617702484,0.5094212681055069,2.43948974609375,2.602825927734375,84.0,3907,29.2
fixation,1077985.2789999247,0.6391799986362457,0.5021098226308822,2.4765777587890625,2.601690673828125,84.0,3908,29.2
fixation,1078101.9509999752,0.7099173118670782,0.49827999373277027,2.5079739888509116,2.6345367431640625,200.0,3909,29.2
fixation,1078318.6209999323,0.7572832451416895,0.49874141353827256,2.5042454646183896,2.624791071965144,216.0,3910,29.2
fixation,1078551.9559999704,0.804167115688324,0.4941033750772476,2.4533050537109373,2.574859619140625,91.0,3911,29.2
fixation,1078918.6309999228,0.5745184146440946,0.5153676775785593,2.4300337571364183,2.588623046875,216.0,3912,29.2
fixation,1079168.6349999905,0.465414612657494,0.5151558741927147,2.4312125311957464,2.581787109375,300.0,3913,29.2
fixation,1079501.9759999514,0.5118120193481446,0.5175710499286652,2.3440399169921875,2.427520751953125,91.0,3914,29.2
fixation,1079801.9809999466,0.5174731287089261,0.5032968507571653,2.348642522638494,2.3973513516512783,175.0,3915,29.2
fixation,1080001.9850000143,0.5033315229747031,0.5223923987812467,2.3503960503472223,2.433548821343316,300.0,3916,29.2
fixation,1080351.9929999113,0.5880946869199927,0.5159190107475627,2.2402107932350854,2.283365423029119,183.0,3917,29.2
fixation,1080568.6619999409,0.6548767215327213,0.5084418693655416,2.3016036184210527,2.3406404194078947,317.0,3918,29.2
fixation,1080918.6710000038,0.5879661209053464,0.4535333381758796,2.334745619032118,2.403681437174479,150.0,3919,29.2
fixation,1081152.0099999905,0.6576586365699768,0.4010584226676396,2.395440237862723,2.4691314697265625,117.0,3920,NOTRIAL
fixation,1081302.0119999647,0.6479365328947703,0.3075331581963433,2.453557332356771,2.556086222330729,150.0,3921,NOTRIAL
fixation,1081468.6799999475,0.6400301086491552,0.2842617158232064,2.423656595164332,2.5440021383351294,483.0,3922,NOTRIAL
fixation,1081985.3579999208,0.6380788343293327,0.39130558499268125,2.3950631277901784,2.4976370675223216,116.0,3923,NOTRIAL
fixation,1082135.3639999628,0.6398093764271054,0.29343412231121746,2.4720535278320312,2.5749615260532925,466.0,3924,NOTRIAL
fixation,1082735.375,0.6438373343812095,0.49786286883884007,2.3942438761393228,2.5135074191623263,300.0,3925,NOTRIAL
fixation,1083052.0499999523,0.6437955915927887,0.5138014674186706,2.482720947265625,2.6172637939453125,84.0,3926,NOTRIAL
fixation,1083185.3839999437,0.6458983438355582,0.7315279654094151,2.44232657296317,2.5369554792131694,591.0,3927,NOTRIAL
fixation,1084068.7350000143,0.4619753935507366,0.8270959172930036,2.349790300641741,2.469630650111607,109.0,3928,NOTRIAL
fixation,1084218.7369999886,0.5450259844462076,0.7795719140105777,2.442264133029514,2.5354682074652777,150.0,3929,NOTRIAL
fixation,1084402.074000001,0.5422698272311169,0.45987026069475256,2.428857554560122,2.540970512058424,384.0,3930,NOTRIAL
fixation,1084835.4149999619,0.4917810832460721,0.7609648505846659,2.36090087890625,2.4626897176106772,100.0,3931,NOTRIAL
fixation,1084985.416999936,0.4828810188919306,0.4108103197067976,2.3903121948242188,2.5153350830078125,133.0,3932,NOTRIAL
fixation,1085152.0870000124,0.4834660515189171,0.29492903873324394,2.4336509704589844,2.5918960571289062,67.0,3933,NOTRIAL
fixation,1085252.08799994,0.4260422523532595,0.24023432497467315,2.4525037493024553,2.6145106724330356,117.0,3934,NOTRIAL
fixation,1085402.090999961,0.3729987697941916,0.23770334145852498,2.4515838623046875,2.5652879987444197,117.0,3935,NOTRIAL
fixation,1085568.760999918,0.5830132340391477,0.24624301927785078,2.4514376322428384,2.5346883138020835,200.0,3936,NOTRIAL
fixation,1085802.098999977,0.651324545343717,0.24367234235008559,2.460486094156901,2.5086593627929688,200.0,3937,NOTRIAL
fixation,1086035.4359999895,0.6545890420675278,0.42157883445421857,2.4461491902669272,2.50665283203125,100.0,3938,NOTRIAL
fixation,1086152.1049998999,0.6444485689464369,0.47681103411473724,2.444869192023026,2.535317671926398,317.0,3939,NOTRIAL
fixation,1086518.7799999714,0.5020558647811413,0.4932493604719639,2.4499588012695312,2.573333740234375,75.0,3940,NOTRIAL
fixation,1086802.115999937,0.5044244050979614,0.5182349920272827,2.203094482421875,2.5440185546875,76.0,3941,NOTRIAL
fixation,1087368.7889999151,0.5161775469779968,0.43366872519254684,2.494549560546875,2.6035430908203123,167.0,3942,12
fixation,1087568.7879999876,0.5048832558668577,0.5147717363559283,2.3994168795072115,2.5068636380709135,1083.0,3943,12
fixation,1088668.8140000105,0.48765757733157705,0.4990967480199678,2.472386496407645,2.623638698032924,467.0,3944,12
fixation,1089152.148000002,0.44093021312180686,0.5141081441851223,2.5162676642922794,2.7079826803768383,284.0,3945,12
fixation,1089452.1639999151,0.4580393781264623,0.5272690090868208,2.487213134765625,2.651986016167535,150.0,3946,12
fixation,1089635.4900000095,0.5365295447409153,0.5489411503076553,2.5070037841796875,2.603883743286133,133.0,3947,12
fixation,1089802.1579999924,0.5103754801996823,0.5983364078505286,2.449623370992726,2.578630644699623,492.0,3948,12
fixation,1090785.5069999695,0.5601963911737714,0.43306138047150206,2.5730699811662947,2.705448695591518,116.0,3949,12
fixation,1090918.8449999094,0.559698654545678,0.4584925373395284,2.5139567057291665,2.6406979031032987,150.0,3950,12
fixation,1091118.848999977,0.43837708623512933,0.45000798546749615,2.2822995393172554,2.439985855765965,383.0,3951,12
fixation,1091535.5279999971,0.3827836811542511,0.4625202591220538,2.2747319539388022,2.4152654012044272,200.0,3952,12
fixation,1091768.8579999208,0.4973616103331248,0.4243928998708725,2.3557952880859374,2.437872314453125,250.0,3953,12
fixation,1092035.5289999247,0.48650876113346647,0.4039437898567745,2.405145917619978,2.546858651297433,466.0,3954,12
fixation,1092518.8769999743,0.5255095943024284,0.4470801086802232,2.4185782984683386,2.5491496303625274,958.0,3955,12
fixation,1093685.564999938,0.5784219801425934,0.4181199848651886,2.3912994384765627,2.52379150390625,83.0,3956,12
fixation,1093785.5669999123,0.4873127164809327,0.4592428826972058,2.3984993382504114,2.567280417994449,633.0,3957,12
fixation,1094452.2429999113,0.5036043560580362,0.4969741339924969,2.421527910836135,2.600624567345728,1317.0,3958,12
fixation,1095785.6029999256,0.5287866161929237,0.4875081860356861,2.3647867838541665,2.492501152886285,150.0,3959,12
fixation,1095968.936999917,0.4938976223531522,0.43019151766049235,2.3909366005345394,2.538248162520559,325.0,3960,12
fixation,1096535.6109999418,0.6048264936967329,0.39069011265581305,2.464509443803267,2.599784157492898,183.0,3961,12
fixation,1096735.6179999113,0.6182699567741818,0.3718819918613585,2.399874248201885,2.5041951981801835,1050.0,3962,12
fixation,1097802.3039999008,0.5911383742377871,0.4278499711127508,2.347047351655506,2.469600859142485,350.0,3963,12
fixation,1098202.3079999685,0.47199644041912897,0.43438487287078587,2.3428006853376115,2.461308070591518,234.0,3964,12
fixation,1098452.3140000105,0.4354765713214874,0.43695259653031826,2.327749252319336,2.487752914428711,134.0,3965,12
fixation,1098635.6519999504,0.39235409687865863,0.881922496990724,2.3494692715731533,2.4524494517933237,183.0,3966,12
fixation,1098852.32099998,0.45717904157936573,0.8714103735983372,2.3598175048828125,2.460966110229492,134.0,3967,12
fixation,1099002.3229999542,0.5279502949931405,0.8703390847552906,2.3700714111328125,2.4876265092329546,184.0,3968,12
fixation,1099218.993999958,0.48457047045230867,0.8735565066337585,2.3579925537109374,2.485247802734375,83.0,3969,12
fixation,1099402.3279999495,0.5945975065231324,0.8762964268525442,2.3805450439453124,2.464879353841146,251.0,3970,12
fixation,1099702.334999919,0.5460299968719482,0.586916583776474,2.3543426513671877,2.4202667236328126,83.0,3971,12
fixation,1099869.0069999695,0.5318648782041338,0.4711887025170856,2.300328572591146,2.4281429714626737,150.0,3972,12
fixation,1100035.6769999266,0.5094123061965493,0.49258604645729065,2.3590770048253678,2.473806942210478,283.0,3973,12
fixation,1100335.6789999008,0.510067817237642,0.4762452319264412,2.35481940375434,2.4855889214409723,300.0,3974,12
fixation,1100669.019999981,0.4845661794145902,0.4224497949083646,2.3775982326931424,2.500718010796441,300.0,3975,12
fixation,1100985.6919999123,0.4842701174996116,0.41697220639749005,2.4200675270774146,2.5389473655007104,183.0,3976,FIX_CROS
fixation,1101185.6949999332,0.495268714427948,0.4544884353876114,2.4200927734375,2.5479644775390624,91.0,3977,FIX_CROS
fixation,1101485.7019999027,0.4869569031631245,0.46927666576469645,2.4268727022058822,2.582035737879136,275.0,3978,FIX_CROS
fixation,1101802.3709999323,0.419631727039814,0.4346751806636651,2.4531873067220054,2.6212870279947915,200.0,3979,FIX_CROS
fixation,1102035.7079999447,0.5009721964597702,0.45760709792375565,2.3685874938964844,2.4657516479492188,67.0,3980,12.2
fixation,1102152.3769999743,0.3003242015838623,0.3960060402750969,2.3418350219726562,2.5086631774902344,66.0,3981,12.2
fixation,1102252.3799999952,0.21487995816601646,0.36848117742273545,2.3303714328342013,2.48486328125,150.0,3982,12.2
fixation,1102419.047999978,0.1993909776210785,0.3661993071436882,2.3488616943359375,2.4875310262044272,100.0,3983,12.2
fixation,1102552.3839999437,0.2890591397881508,0.3649083971977234,2.350128173828125,2.4608306884765625,133.0,3984,12.2
fixation,1102719.0529999733,0.3545856381004507,0.3716913881626996,2.2640630548650567,2.3918110240589487,184.0,3985,12.2
fixation,1102952.3909999132,0.44982481002807617,0.366294061144193,2.2820977105034723,2.356686062282986,150.0,3986,12.2
fixation,1103152.3959999084,0.5375194638967514,0.3647980824112892,2.297773742675781,2.3966110229492186,166.0,3987,12.2
fixation,1103335.7309999466,0.5506328203176197,0.37203943572546305,2.349862349660773,2.4276042737458883,317.0,3988,12.2
fixation,1103685.737999916,0.4558407540122668,0.37357832367221516,2.362812042236328,2.46337890625,200.0,3989,12.2
fixation,1103919.0749999285,0.4279218633969625,0.38231899638970696,2.379773966471354,2.496098836263021,250.0,3990,12.2
fixation,1104185.7489999533,0.4584089624030249,0.3842166406767709,2.3795275006975447,2.4849439348493303,125.0,3991,12.2
fixation,1104485.7519999743,0.5024415718184577,0.3786383916934331,2.3682691786024304,2.4886288113064237,142.0,3992,12.2
fixation,1104669.0870000124,0.5942299095067111,0.3790665295991031,2.4374542236328125,2.542633056640625,184.0,3993,12.2
fixation,1104885.7599999905,0.6523277048881237,0.3664057243328828,2.3857820951021633,2.450908954326923,217.0,3994,12.2
fixation,1105135.7630000114,0.6943533271551132,0.359938678642114,2.3163553873697915,2.3856302897135415,100.0,3995,12.2
fixation,1105269.101999998,0.7558557130396366,0.36429849825799465,2.333378791809082,2.3986806869506836,267.0,3996,12.2
fixation,1105569.101999998,0.8267804563045502,0.36843746304512026,2.3560302734375,2.411224365234375,84.0,3997,12.2
fixation,1105719.1069999933,0.2307332782074809,0.45397626236081123,2.310260772705078,2.462259292602539,134.0,3998,12.2
fixation,1105885.7759999037,0.1965613787372907,0.44819806185033584,2.305545383029514,2.4369354248046875,150.0,3999,12.2
fixation,1106069.112999916,0.2495118877850473,0.45265463180840015,2.294806480407715,2.405642509460449,267.0,4000,12.2
fixation,1106352.4519999027,0.29369083212481606,0.4456336498260498,2.223356458875868,2.3267635769314237,150.0,4001,12.2
fixation,1106535.78399992,0.32886686672767,0.4392614538470904,2.2115885416666665,2.2498601277669272,100.0,4002,12.2
fixation,1106735.7929999828,0.36347519357999164,0.4544503771596485,2.2284003363715277,2.309012518988715,158.0,4003,12.2
fixation,1107052.4609999657,0.3881295238222395,0.47121291714055197,2.237208775111607,2.330690656389509,116.0,4004,12.2
fixation,1107185.7969999313,0.3540109898895025,0.47766100615262985,2.2855215072631836,2.4244213104248047,267.0,4005,12.2
fixation,1107469.1380000114,0.40339119359850883,0.48270246013998985,2.29034423828125,2.394012451171875,200.0,4006,12.2
fixation,1107685.8069999218,0.44171409882031953,0.48080760355179125,2.2610074556790867,2.3632601224459133,217.0,4007,12.2
fixation,1107919.1459999084,0.4289099747935931,0.47776009887456894,2.2736994425455728,2.3963801066080728,100.0,4008,12.2
fixation,1108035.814999938,0.3841262047107403,0.47817129699083477,2.3007354736328125,2.427111112154447,217.0,4009,12.2
fixation,1108285.8190000057,0.5165550270501305,0.47228364471127005,2.3469740923713234,2.4374335793887867,283.0,4010,12.2
fixation,1108585.824000001,0.5562827795743942,0.4638411894440651,2.328688049316406,2.4380233764648436,167.0,4011,12.2
fixation,1108785.824000001,0.6123512180951926,0.4561294535031685,2.331843449519231,2.4203890286959133,217.0,4012,12.2
fixation,1109019.1599999666,0.6456885606050491,0.4572657808661461,2.334796142578125,2.416215515136719,167.0,4013,12.2
fixation,1109202.496999979,0.5837106364113944,0.46138926276138853,2.307593209402902,2.4235076904296875,116.0,4014,12.2
fixation,1109585.8329999447,0.7138759285211563,0.4450760863721371,2.373370361328125,2.4755523681640623,333.0,4015,12.2
fixation,1109935.8329999447,0.7656043810503823,0.46042955560343607,2.366540091378348,2.433605739048549,233.0,4016,12.2
fixation,1110202.5009999275,0.804618219534556,0.4602934486336178,2.2996995713975696,2.364866468641493,150.0,4017,12.2
fixation,1110419.169999957,0.2722775638103485,0.5358688107558659,2.2833644321986606,2.425146920340402,117.0,4018,12.2
fixation,1110569.1710000038,0.2028267142864374,0.5452024753277118,2.2771747295673075,2.448999258188101,217.0,4019,12.2
fixation,1110819.1710000038,0.24890899944763917,0.5414278094585125,2.293810330904447,2.4216144268329325,217.0,4020,12.2
fixation,1111052.5059999228,0.19398397119606242,0.5361597783425275,2.1955988266888786,2.341357062844669,283.0,4021,12.2
fixation,1111369.1739999056,0.26534418016672134,0.5433128923177719,2.232611519949777,2.319244384765625,234.0,4022,12.2
fixation,1111635.8439999819,0.29430208016525616,0.5470043176954443,2.2233234752308237,2.3126900412819604,183.0,4023,12.2
fixation,1111852.5099999905,0.33813128173351287,0.5463903784751892,2.224700927734375,2.3604461669921877,91.0,4024,12.2
fixation,1112169.1799999475,0.4423607401549816,0.5537369772791862,2.2603073120117188,2.3840293884277344,126.0,4025,12.2
fixation,1112319.1789999008,0.42004174552857876,0.5627805702388287,2.3173160552978516,2.4413585662841797,134.0,4026,12.2
fixation,1112485.8470000029,0.49985063076019287,0.5657374284097126,2.279327392578125,2.355676923479353,233.0,4027,12.2
fixation,1112735.8499999046,0.451800137758255,0.5764448568224907,2.194249471028646,2.2997945149739585,200.0,4028,12.2
fixation,1112969.1840000153,0.5036328906814257,0.5671915511290232,2.2382240295410156,2.312000274658203,200.0,4029,12.2
fixation,1113185.8509999514,0.4728754038612048,0.573643371462822,2.2755330403645835,2.3737055460611978,100.0,4030,12.2
fixation,1113319.1859999895,0.5822210220190195,0.5618154956744268,2.3012460561899037,2.3456573486328125,217.0,4031,12.2
fixation,1113552.5209999084,0.62555613219738,0.5600083291530609,2.3427749633789063,2.4100601196289064,166.0,4032,12.2
fixation,1113752.5219999552,0.6655766449191354,0.55883004990491,2.3315290971235796,2.3661609996448862,183.0,4033,12.2
fixation,1113969.1909999847,0.7152767553925514,0.5615147898594538,2.318852742513021,2.382645924886068,200.0,4034,12.2
fixation,1114185.8600000143,0.7473710344897376,0.5547953347365061,2.3467881944444446,2.3672604031032987,150.0,4035,12.2
fixation,1114352.5319999456,0.7869370157519976,0.5448063115278879,2.3431116739908853,2.3540623982747397,200.0,4036,12.2
fixation,1114585.868999958,0.750894729580198,0.5479401051998138,2.326418195452009,2.3983001708984375,117.0,4037,12.2
fixation,1114735.8700000048,0.823462188243866,0.5389226615428925,2.3333892822265625,2.3714019775390627,83.0,4038,12.2
fixation,1114885.8700000048,0.2838975659438542,0.6565743259021214,2.348303658621652,2.4580775669642856,117.0,4039,12.2
fixation,1115035.8779999018,0.21581453658067262,0.6571313440799713,2.296412541316106,2.478777371920072,217.0,4040,12.2
fixation,1115269.2139999866,0.2742846172589522,0.6564030051231384,2.319239689753606,2.4551731989933896,217.0,4041,12.2
fixation,1115502.5529999733,0.32684761583805083,0.6365395575761795,2.2641220092773438,2.3729156494140624,166.0,4042,12.2
fixation,1115702.5539999008,0.27265393485625583,0.6425586342811584,2.2620315551757812,2.3726832071940103,100.0,4043,12.2
fixation,1115835.888999939,0.33360754592078073,0.6286908430712563,2.2767813546316966,2.356530325753348,233.0,4044,12.2
fixation,1116085.8930000067,0.36516590629305157,0.6318810667310443,2.3022330147879466,2.400388445172991,125.0,4045,12.2
fixation,1116385.9019999504,0.4101910487963603,0.6353271970382104,2.292418259840745,2.4143442007211537,217.0,4046,12.2
fixation,1116619.2350000143,0.4491187036037445,0.6429173294454813,2.326343536376953,2.455752372741699,267.0,4047,12.2
fixation,1116919.2429999113,0.511767965555191,0.6397805839776993,2.310954284667969,2.414625549316406,167.0,4048,12.2
fixation,1117102.5769999027,0.4899924812572343,0.6447972527572087,2.318011692592076,2.419842311314174,233.0,4049,12.2
fixation,1117352.5820000172,0.5369859717108987,0.6354307396845384,2.373321533203125,2.496426669034091,183.0,4050,12.2
fixation,1117569.243999958,0.5969069331884385,0.6370062589645386,2.4256912231445313,2.546575164794922,334.0,4051,12.2
fixation,1117935.9160000086,0.6520285789783185,0.6339907394005702,2.4539466271033654,2.569976806640625,217.0,4052,12.2
fixation,1118185.919999957,0.6931770791610082,0.6277775516112646,2.4468256632486978,2.552040100097656,200.0,4053,12.2
fixation,1118419.2680000067,0.7580618804151361,0.6285101094029166,2.4132648814808237,2.4802620627663354,184.0,4054,12.2
fixation,1118652.601999998,0.5314757634292949,0.6224454885179346,2.2902388139204546,2.3950320157137783,183.0,4055,12.2
fixation,1118869.273000002,0.4244428558482064,0.6257699363761478,2.259246826171875,2.376469930013021,150.0,4056,12.2
fixation,1119052.6109999418,0.47907446111951557,0.6145547053643635,2.2595312935965404,2.3532747541155135,233.0,4057,12.2
fixation,1119319.2869999409,0.43661955811760644,0.6185381791808389,2.250947432084517,2.341610995205966,184.0,4058,12.2
fixation,1119519.291999936,0.3902229517698288,0.6258515814940134,2.2377132839626737,2.359495374891493,158.0,4059,12.2
fixation,1119919.3029999733,0.5901186168193817,0.6022765984137853,2.3106613159179688,2.3437347412109375,92.0,4060,12.2
fixation,1120069.3059999943,0.718586827025694,0.5504095519290251,2.400394215303309,2.4871906953699447,284.0,4061,12.2
fixation,1120502.6499999762,0.5273781538009643,0.5534893602132798,2.298963928222656,2.4099349975585938,174.0,4062,12.2
fixation,1120919.3279999495,0.5132724165916442,0.4056395133336385,2.4363922119140624,2.5438629150390626,250.0,4063,12.2
fixation,1121186.0,0.4775614604353905,0.38498910516500473,2.4776382446289062,2.6078201293945313,167.0,4064,12.2
fixation,1121386.0049999952,0.5650594234466553,0.36037940084934234,2.3596649169921875,2.462260437011719,167.0,4065,NOTRIAL
fixation,1121586.010999918,0.5104833500725883,0.3134734737021582,2.3096705845424106,2.4428928920200894,117.0,4066,NOTRIAL
fixation,1121719.3479999304,0.4994582359279905,0.28598567502839223,2.341432843889509,2.475586373465402,583.0,4067,NOTRIAL
fixation,1122352.6979999542,0.342291247099638,0.4550381451845169,2.2850570678710938,2.4378929138183594,67.0,4068,NOTRIAL
fixation,1122452.7019999027,0.3278283476829529,0.4898720718920231,2.31976318359375,2.462574005126953,67.0,4069,NOTRIAL
fixation,1122552.7059999704,0.35473865011463995,0.5093024003764858,2.4297783893087637,2.5557927670686142,383.0,4070,NOTRIAL
fixation,1123002.7170000076,0.552316352725029,0.476728780567646,2.3603195190429687,2.5008331298828126,167.0,4071,NOTRIAL
fixation,1123186.0569999218,0.504768472785751,0.4865607060492039,2.372023264567057,2.4667835235595703,408.0,4072,NOTRIAL
fixation,1123786.07099998,0.46623232364654543,0.5191100716590882,2.33443603515625,2.46864013671875,76.0,4073,NOTRIAL
fixation,1123886.074000001,0.5056912707430976,0.5124887951782772,2.3720877511160716,2.4885755266462053,125.0,4074,NOTRIAL
fixation,1124202.7459999323,0.506746682855818,0.4902128246095445,2.3695271809895835,2.4994049072265625,150.0,4075,NOTRIAL
fixation,1124402.7519999743,0.5713127387894524,0.48553068687518436,2.335729810926649,2.455611334906684,300.0,4076,NOTRIAL
fixation,1124719.425999999,0.5756544428212302,0.48512630803244455,2.256227765764509,2.3542000906808034,116.0,4077,NOTRIAL
fixation,1124869.425999999,0.43388288617134096,0.6601395964622497,2.2016632080078127,2.3314453125,83.0,4078,NOTRIAL
fixation,1124986.0959999561,0.34283961287953635,0.7294426980343732,2.268408341841264,2.3981364857066763,367.0,4079,NOTRIAL
fixation,1125369.4340000153,0.37080233357846737,0.7341517843306065,2.2909765243530273,2.4026308059692383,266.0,4080,NOTRIAL
fixation,1125686.1049998999,0.5212623178958893,0.5109324082732201,2.3151988983154297,2.380704879760742,134.0,4081,NOTRIAL
fixation,1125969.4469999075,0.504652950912714,0.4957801952958107,2.30390625,2.397509002685547,333.0,4082,NOTRIAL
fixation,1126352.78399992,0.3501739032340772,0.7405863223653851,2.2639923095703125,2.3795831853693183,550.0,4083,NOTRIAL
fixation,1126952.7960000038,0.5026624659697215,0.7135732591152191,2.233565266927083,2.301325480143229,258.0,4084,NOTRIAL
fixation,1127469.4699999094,0.504585135550726,0.7129172711145311,2.293733142671131,2.3657415480840776,692.0,4085,NOTRIAL
fixation,1128202.817999959,0.5769654255966807,0.7084490906360538,2.2801446249318675,2.3233866137127546,717.0,4086,NOTRIAL
fixation,1128952.8309999704,0.6487305015325546,0.7288291454315186,2.3582763671875,2.436901092529297,67.0,4087,NOTRIAL
fixation,1129052.8320000172,0.47985268831253053,0.8099396467208863,2.331584167480469,2.4554168701171877,167.0,4088,NOTRIAL
fixation,1129252.83799994,0.4267433111866315,0.8242155760526657,2.357111612955729,2.5095799763997397,100.0,4089,NOTRIAL
fixation,1129419.5080000162,0.5309506617486477,0.38086825236678123,2.4545516967773438,2.598419189453125,133.0,4090,NOTRIAL
fixation,1129586.1779999733,0.4377794764612032,0.24766333692747614,2.4491597051205845,2.6088986604110054,384.0,4091,NOTRIAL
fixation,1130002.8549998999,0.41923137605190275,0.36971223056316377,2.38905029296875,2.5505767822265626,83.0,4092,FIX_CROS
fixation,1130119.5219999552,0.4850752308964729,0.4582744732499123,2.3417236328125,2.4861480712890627,174.0,4093,FIX_CROS
fixation,1130519.5360000134,0.45320009914311493,0.44547194513407623,2.4253789728338067,2.586600563742898,175.0,4094,FIX_CROS
fixation,1130736.2070000172,0.35987256123469424,0.4006362637648216,2.451720017653245,2.640825711763822,217.0,4095,FIX_CROS
fixation,1130986.2149999142,0.27438897639513016,0.46816544731458026,2.357752482096354,2.4546788533528647,100.0,4096,12.1
fixation,1131202.8849999905,0.3104202389717102,0.5113652467727661,2.321173095703125,2.4680023193359375,83.0,4097,12.1
fixation,1131302.8869999647,0.36229472756385805,0.5107574984431267,2.3399948120117187,2.4957550048828123,167.0,4098,12.1
fixation,1131486.2259999514,0.42440105974674225,0.5134345412254333,2.3668136596679688,2.491651916503906,167.0,4099,12.1
fixation,1131669.5629999638,0.4888626219970839,0.5118126635040555,2.372735159737723,2.4970790318080356,233.0,4100,12.1
fixation,1131919.5699999332,0.4311466053128242,0.5128218978643417,2.393360900878906,2.569349670410156,166.0,4101,12.1
fixation,1132102.9069999456,0.41170561499893665,0.5135622508823872,2.4232254028320312,2.593555450439453,133.0,4102,12.1
fixation,1132286.2459999323,0.6243173236196692,0.5129919079217043,2.4660464200106533,2.606406471946023,184.0,4103,12.1
fixation,1132486.2519999743,0.5852576568722725,0.5009331268568834,2.4843114217122397,2.5618006388346353,200.0,4104,12.1
fixation,1132719.5899999142,0.6607404486699537,0.49997210231694306,2.4776847145774146,2.569607821377841,183.0,4105,12.1
fixation,1132936.260999918,0.7013355520638552,0.4963275722481988,2.454922762784091,2.504666415127841,184.0,4106,12.1
fixation,1133136.2659999132,0.7306049048900605,0.4983251621325811,2.4336761474609374,2.4942047119140627,258.0,4107,12.1
fixation,1133619.6119999886,0.4714228630065918,0.45403861701488496,2.3700907389322916,2.49715576171875,250.0,4108,12.1
fixation,1133902.9549999237,0.5357414352893829,0.37044031381607057,2.3987811279296873,2.4967034912109374,417.0,4109,12.1
fixation,1134352.9620000124,0.6191746443510056,0.2973839994519949,2.369241714477539,2.429777145385742,133.0,4110,NOTRIAL
fixation,1134502.965999961,0.6385516798496247,0.2791838449239731,2.3474908447265626,2.40652587890625,417.0,4111,NOTRIAL
fixation,1134952.9699999094,0.6441648266007823,0.49130871747770616,2.342475152784778,2.4011958952872985,525.0,4112,NOTRIAL
fixation,1135669.6509999037,0.6370829587632959,0.5075553113763983,2.3891254771839487,2.4932819713245737,191.0,4113,NOTRIAL
fixation,1136069.6610000134,0.6364898519082502,0.5416802005334334,2.4490509033203125,2.566343827681108,191.0,4114,NOTRIAL
fixation,1136536.3329999447,0.6530131578445435,0.7340620076656341,2.3402740478515627,2.403086853027344,834.0,4115,NOTRIAL
fixation,1137403.0180000067,0.623990104386681,0.4234557638042851,2.3212786222759045,2.40631103515625,317.0,4116,NOTRIAL
fixation,1137753.0219999552,0.46508055574753704,0.3655423741130268,2.405953799977022,2.508283727309283,284.0,4117,NOTRIAL
fixation,1138069.692999959,0.46487403847277164,0.28424004651606083,2.428091049194336,2.5531749725341797,133.0,4118,NOTRIAL
fixation,1138236.3650000095,0.3891019267695291,0.2630017782960619,2.4080657958984375,2.551999773297991,116.0,4119,NOTRIAL
fixation,1138386.3650000095,0.5899265229701995,0.26404245644807817,2.403056335449219,2.5014801025390625,166.0,4120,NOTRIAL
fixation,1138603.0360000134,0.6476295128160593,0.4785564508365125,2.3875483298788267,2.5086202816087373,817.0,4121,NOTRIAL
fixation,1139453.0519999266,0.5087920957141452,0.47179998457431793,2.3917049831814237,2.5154215494791665,150.0,4122,NOTRIAL
fixation,1139619.7199999094,0.49374227225780487,0.4861845175425212,2.3898340861002603,2.523419698079427,108.0,4123,NOTRIAL
fixation,1139919.723999977,0.5050736367702484,0.4920270498842001,2.3868045806884766,2.517274856567383,133.0,4124,4
fixation,1140086.3909999132,0.44633841266234714,0.47984478374322254,2.4385172526041665,2.5866317749023438,100.0,4125,4
fixation,1140203.061999917,0.450808247923851,0.5419222742319107,2.4368255615234373,2.5484695434570312,167.0,4126,4
fixation,1140386.3959999084,0.44045948050916195,0.5583197735249996,2.388608932495117,2.4844398498535156,133.0,4127,4
fixation,1140536.4009999037,0.3820132737358411,0.5823064926597807,2.320328606499566,2.449753655327691,300.0,4128,4
fixation,1140853.0669999123,0.394872852734157,0.6019528933933803,2.3461696079799106,2.4326651436941966,117.0,4129,4
fixation,1140986.4039999247,0.39933073946407865,0.5966948558177266,2.324700491768973,2.404155731201172,466.0,4130,4
fixation,1141469.7429999113,0.4119233687718709,0.6071391734811995,2.3089175754123263,2.3900146484375,150.0,4131,4
fixation,1141653.0809999704,0.4948188676720574,0.6084880317960467,2.3135012672061013,2.3932967413039434,350.0,4132,4
fixation,1142019.7539999485,0.4648425802588463,0.5691632553935051,2.3951339721679688,2.4709835052490234,133.0,4133,4
fixation,1142169.7559999228,0.44379657208919526,0.557602870464325,2.3864898681640625,2.4710968017578123,83.0,4134,4
fixation,1142269.7580000162,0.44323046604792277,0.5543605546156566,2.373365275065104,2.493565877278646,250.0,4135,4
fixation,1142553.0979999304,0.5369435869730436,0.5316160619258881,2.3482525165264425,2.4554654634915862,217.0,4136,4
fixation,1142786.4340000153,0.5710249609417386,0.5664080248938667,2.3863143920898438,2.474058363172743,300.0,4137,4
fixation,1143119.7719999552,0.6141987117854032,0.5353466787121512,2.4794921875,2.594888860529119,183.0,4138,4
fixation,1143319.7759999037,0.5940689331009275,0.5327253625506446,2.4505811418805803,2.6086309523809526,358.0,4139,4
fixation,1143986.4509999752,0.5210664923544284,0.5424724419911703,2.3955615008318865,2.51753913031684,450.0,4140,4
fixation,1144469.794999957,0.44078361988067627,0.5614610690819589,2.3005692331414473,2.4404497648540295,317.0,4141,4
fixation,1144836.4670000076,0.37482091571603504,0.8700977223260062,2.3296007428850447,2.462456839425223,116.0,4142,4
fixation,1144969.8019999266,0.3635620317525334,0.9017704294787513,2.3550847371419272,2.4910464816623263,300.0,4143,4
fixation,1145303.1399999857,0.4215002871221966,0.8944124943680234,2.387664794921875,2.48880852593316,150.0,4144,4
fixation,1145486.4789999723,0.49044176800684497,0.8803458105434071,2.366335782137784,2.46087646484375,183.0,4145,4
fixation,1145703.148000002,0.5475429339068276,0.8811340246881757,2.357485089983259,2.4613516671316966,117.0,4146,4
fixation,1145836.4850000143,0.48710753700949927,0.8804527900435708,2.3354006680575283,2.4484710693359375,183.0,4147,4
fixation,1146036.4900000095,0.5323286280035973,0.8766519203782082,2.3507747650146484,2.4727134704589844,266.0,4148,4
fixation,1146319.8269999027,0.5860701873898506,0.8811964765191078,2.368022918701172,2.467693328857422,67.0,4149,4
fixation,1146403.1619999409,0.6316592246294022,0.8827128380537033,2.3918487548828127,2.4778076171875,167.0,4150,4
fixation,1146619.8309999704,0.4732743868461022,0.8800892955981768,2.3451033372145433,2.4765660212590146,433.0,4151,4
fixation,1147069.8399999142,0.4958335645496845,0.8774785175919533,2.328441619873047,2.4192123413085938,75.0,4152,4
fixation,1147353.1779999733,0.44578059762716293,0.8954234942793846,2.275043487548828,2.4250335693359375,126.0,4153,4
fixation,1147503.1799999475,0.4007376730442047,0.9111318613092104,2.362396240234375,2.509110768636068,200.0,4154,4
fixation,1147736.5189999342,0.48848440249760944,0.8899656434853872,2.3092803955078125,2.4183451334635415,150.0,4155,4
fixation,1147903.1879999638,0.5295826657251879,0.8975817615335638,2.292450644753196,2.3869185014204546,375.0,4156,4
fixation,1148519.868999958,0.519834615290165,0.48519986495375633,2.4674886067708335,2.5899950663248696,192.0,4157,4
fixation,1148736.5329999924,0.5091014043851332,0.4652415730736472,2.458555741743608,2.5928885719992896,183.0,4158,4
fixation,1148953.2070000172,0.42483210762341816,0.4682611346244812,2.271165974934896,2.41632080078125,250.0,4159,4
fixation,1149236.544999957,0.4476823139449824,0.4356302457011264,2.2622614321501358,2.3829611073369565,383.0,4160,4
fixation,1149653.2149999142,0.4369160272181034,0.3841843095918496,2.333113352457682,2.4506518046061196,200.0,4161,4
fixation,1149869.8839999437,0.45854667912830005,0.3747072463685816,2.351228193803267,2.462668678977273,183.0,4162,4
fixation,1150119.8880000114,0.38598767171303433,0.8162946750720342,2.326075236002604,2.4452921549479165,100.0,4163,4
fixation,1150236.5579999685,0.37803975120186806,0.8705980069935322,2.3668975830078125,2.4580612182617188,133.0,4164,4
fixation,1150386.5590000153,0.40481592076165335,0.8771470827715737,2.3765106201171875,2.480706351143973,116.0,4165,4
fixation,1150519.894999981,0.46255949767012344,0.8807366568791238,2.3013241416529606,2.4025461297286186,317.0,4166,4
fixation,1151253.2339999676,0.6190151035785675,0.8981979727745056,2.3595932006835936,2.4867477416992188,159.0,4167,4
fixation,1151436.57099998,0.6016253642737865,0.897527415305376,2.3866634368896484,2.5400829315185547,133.0,4168,4
fixation,1151669.9110000134,0.572423530742526,0.5474973879754543,2.338566780090332,2.481438636779785,267.0,4169,4
fixation,1151986.5779999495,0.4091988801956177,0.5835634196798006,2.268512725830078,2.4614028930664062,200.0,4170,4
fixation,1152203.2479999065,0.3778393218914668,0.5899159875180986,2.2953660753038196,2.4593641493055554,300.0,4171,4
fixation,1152519.9179999828,0.3842326800028483,0.6105411940564712,2.3137807846069336,2.4367281595865884,800.0,4172,4
fixation,1153336.5959999561,0.40424438840464544,0.6183777608369526,2.323550977204975,2.420669957211143,633.0,4173,4
fixation,1154003.273000002,0.4795025002497893,0.6239458184975845,2.2975499079777646,2.3942061204176683,217.0,4174,4
fixation,1154236.6079999208,0.49140789531744444,0.6281814368871542,2.3086101825420675,2.429914034329928,216.0,4175,4
fixation,1154469.94599998,0.4862957164645195,0.6635416746139526,2.3436843872070314,2.4602096557617186,167.0,4176,4
fixation,1154653.2810000181,0.4926554924911923,0.704232696029875,2.3382449679904513,2.4656194051106772,300.0,4177,4
fixation,1154969.9559999704,0.567681425291559,0.7119384641232698,2.3651222560716714,2.4968274987262227,383.0,4178,4
fixation,1155369.9620000124,0.5626849830150604,0.6354824855923653,2.375284957885742,2.450530242919922,675.0,4179,4
fixation,1156253.3129999638,0.5502689159833468,0.5741870105266571,2.3948141244741588,2.4375833364633412,217.0,4180,4
fixation,1156486.6539999247,0.5223167332319113,0.5885747694052182,2.4123746431790867,2.466564471905048,216.0,4181,4
fixation,1156719.9839999676,0.5296186493790668,0.546419400235881,2.3364138395889946,2.4017340618631113,383.0,4182,4
fixation,1157119.993999958,0.5626825205981731,0.5539689213037491,2.328916549682617,2.391800880432129,267.0,4183,4
fixation,1157403.3329999447,0.5604767166078091,0.5750928446650505,2.3472518920898438,2.4073352813720703,134.0,4184,4
fixation,1157620.0029999018,0.6270246505737305,0.5650680416396686,2.45416750226702,2.533827100481306,467.0,4185,4
fixation,1158103.3429999352,0.620927095413208,0.5932822525501251,2.470485142299107,2.57257080078125,116.0,4186,4
fixation,1158270.0119999647,0.4112668991088867,0.6557112117608388,2.423479207356771,2.6215240478515627,250.0,4187,4
fixation,1158553.3509999514,0.38374690810839335,0.6540760616461436,2.4478413899739584,2.611374918619792,250.0,4188,4
fixation,1158820.0219999552,0.384241683408618,0.5737054646015167,2.4063892364501953,2.5267086029052734,134.0,4189,4
fixation,1158986.6919999123,0.4434072583913803,0.4435140833258629,2.3945281982421873,2.4962615966796875,167.0,4190,4
fixation,1159186.69599998,0.5138920843601227,0.4790330353108319,2.375185879794034,2.4718877618963067,183.0,4191,4
fixation,1159403.3729999065,0.5620123334228992,0.42256411351263523,2.3893775939941406,2.492544174194336,133.0,4192,4
fixation,1159570.0379999876,0.6076234181722006,0.38664142539103824,2.4398320515950522,2.5332158406575522,200.0,4193,4
fixation,1159803.3779999018,0.45551709085702896,0.4225674486822552,2.4385172526041665,2.5616175333658853,300.0,4194,4
fixation,1160136.7179999352,0.49541695713996886,0.4732945919036865,2.4525360107421874,2.5477279663085937,175.0,4195,FIX_CROS
fixation,1160553.398000002,0.4864773054917653,0.49855770667394,2.489040798611111,2.628731621636285,142.0,4196,FIX_CROS
fixation,1160736.7299998999,0.40205762452549404,0.4445252807603942,2.492417229546441,2.6671490139431424,300.0,4197,FIX_CROS
fixation,1161153.4079999924,0.2272636830806732,0.3288165062665939,2.350042724609375,2.509417724609375,83.0,4198,4.1
fixation,1161253.4129999876,0.18746801804412494,0.3237420835278251,2.3150815096768467,2.4715104536576704,183.0,4199,4.1
fixation,1161453.4179999828,0.23188416446958268,0.32377278591905323,2.306767054966518,2.4629124232700894,116.0,4200,4.1
fixation,1161586.7529999018,0.2971947180728118,0.32816970100005466,2.3114662170410156,2.4364000956217446,200.0,4201,4.1
fixation,1161820.090999961,0.37099100242961536,0.3261373422362588,2.2641712535511362,2.3834117542613638,184.0,4202,4.1
fixation,1162020.0979999304,0.4152144566178322,0.3280358587702115,2.2840042114257812,2.411982218424479,100.0,4203,4.1
fixation,1162153.4379999638,0.30171601176261903,0.32796847373247145,2.306196594238281,2.4301467895507813,166.0,4204,4.1
fixation,1162370.1069999933,0.4346929118037224,0.321929769590497,2.3366432189941406,2.4491806030273438,134.0,4205,4.1
fixation,1162520.112999916,0.46904021907936444,0.32641820338639344,2.3725544322620737,2.477784590287642,184.0,4206,4.1
fixation,1162720.1179999113,0.5099706543343407,0.3257120070712907,2.373967851911272,2.4788425990513394,234.0,4207,4.1
fixation,1162986.7899999619,0.5757846295833587,0.32437417656183243,2.3724075317382813,2.4658187866210937,167.0,4208,4.1
fixation,1163186.794999957,0.5511569132407507,0.3310894618431727,2.3692703247070312,2.4737625122070312,100.0,4209,4.1
fixation,1163303.4649999142,0.5955632875363032,0.32527050127585727,2.3606465657552085,2.4848098754882812,100.0,4210,4.1
fixation,1163436.8029999733,0.6398453146219254,0.32600211799144746,2.3839141845703127,2.495916748046875,167.0,4211,4.1
fixation,1163636.8059999943,0.6943456344306469,0.3186350241303444,2.4048805236816406,2.4836864471435547,133.0,4212,4.1
fixation,1163786.8090000153,0.6629867613315582,0.31946931779384613,2.3992340087890627,2.4570526123046874,83.0,4213,4.1
fixation,1163903.4799998999,0.6044201634146951,0.32539421997287055,2.3773124001242896,2.440217451615767,183.0,4214,4.1
fixation,1164136.8190000057,0.7035734405120214,0.3216010381778081,2.4075215657552085,2.451817830403646,100.0,4215,4.1
fixation,1164270.1539999247,0.7549617013760975,0.3266001950417246,2.4100428989955356,2.4661461966378346,234.0,4216,4.1
fixation,1164536.8249999285,0.8247407004237175,0.3234390839934349,2.4095802307128906,2.45123291015625,67.0,4217,4.1
fixation,1164686.8309999704,0.22565066938598952,0.4217570473750432,2.332275390625,2.5136998494466147,100.0,4218,4.1
fixation,1164803.496999979,0.17664929072965274,0.4268124848604202,2.314908114346591,2.502316561612216,183.0,4219,4.1
fixation,1165003.4989999533,0.23302578181028366,0.4381297640502453,2.3521995544433594,2.529956817626953,74.0,4220,4.1
fixation,1165270.1679999828,0.26110127866268157,0.43443827927112577,2.3102630615234374,2.4651763916015623,84.0,4221,4.1
fixation,1165370.169999957,0.3043005553384622,0.43372603754202527,2.3412094116210938,2.463261922200521,200.0,4222,4.1
fixation,1165586.8470000029,0.2918695628643036,0.44576165825128555,2.3709152221679686,2.4981719970703127,167.0,4223,4.1
fixation,1165786.8470000029,0.3427572697401047,0.4418226223852899,2.317663404676649,2.3978839450412326,300.0,4224,4.1
fixation,1166120.1859999895,0.37642480101850295,0.4435995039012697,2.304933336046007,2.3984561496310763,150.0,4225,4.1
fixation,1166303.5239999294,0.3265530616044998,0.4406479618379048,2.3401075090680803,2.4503101167224703,350.0,4226,4.1
fixation,1166670.1979999542,0.38102204639178056,0.4355750989455443,2.386003934420072,2.4641747107872596,217.0,4227,4.1
fixation,1166903.53399992,0.4356198324398561,0.4287469292228872,2.3243033669211646,2.4503437389026987,183.0,4228,4.1
fixation,1167220.2070000172,0.534280080686916,0.4360209920189597,2.3979006680575283,2.47900390625,184.0,4229,4.1
fixation,1167436.8779999018,0.47512882947921753,0.43995535373687744,2.3914520263671877,2.508050537109375,83.0,4230,4.1
fixation,1167553.5469999313,0.6109800959626833,0.4291229744752248,2.4081904093424478,2.4826507568359375,200.0,4231,4.1
fixation,1167786.8839999437,0.6418735278504235,0.42883856700999395,2.430464608328683,2.5078626360212053,241.0,4232,4.1
fixation,1168203.5569999218,0.7350097379901193,0.4254198440096595,2.4448353160511362,2.5446597012606533,183.0,4233,4.1
fixation,1168420.226999998,0.7697008550167084,0.4154884833842516,2.5102500915527344,2.570556640625,134.0,4234,4.1
fixation,1168586.898000002,0.8105613738298416,0.41263990104198456,2.4540672302246094,2.474386215209961,133.0,4235,4.1
fixation,1168786.898000002,0.2037490556637446,0.4951631989743974,2.3084954155815973,2.4309149848090277,150.0,4236,4.1
fixation,1168953.57099998,0.17513753163317838,0.48906196281313896,2.269780476888021,2.409590403238932,200.0,4237,4.1
fixation,1169186.9099999666,0.25515129417181015,0.5004900529980659,2.33758544921875,2.4121078491210937,167.0,4238,4.1
fixation,1169370.2489999533,0.23626598887718642,0.49531563314107746,2.3001732459435096,2.36081049992488,217.0,4239,4.1
fixation,1169603.58799994,0.30208125710487366,0.4984652612890516,2.268404279436384,2.3817967006138394,116.0,4240,4.1
fixation,1169736.9269999266,0.3062497049570084,0.5082573026418686,2.300927734375,2.39688720703125,83.0,4241,4.1
fixation,1169853.5970000029,0.3655248147745927,0.4993173306186994,2.3064613342285156,2.374047597249349,200.0,4242,4.1
fixation,1170070.2709999084,0.40757554227655585,0.4986570423299616,2.325135664506392,2.398832841352983,184.0,4243,4.1
fixation,1170286.9440000057,0.4604087918996811,0.49444435130466113,2.3289226185191763,2.431851473721591,183.0,4244,4.1
fixation,1170503.615999937,0.5549060801664988,0.49281122038761777,2.347352769639757,2.4049530029296875,300.0,4245,4.1
fixation,1170820.2910000086,0.6038501014312109,0.5053987751404444,2.347345987955729,2.4018707275390625,100.0,4246,4.1
fixation,1170936.96299994,0.6420634814671108,0.5043089836835861,2.3336519513811385,2.3997998918805803,233.0,4247,4.1
fixation,1171203.6369999647,0.7302030026912689,0.5064382725037061,2.3434659517728367,2.4160226675180287,216.0,4248,4.1
fixation,1171436.9779999256,0.7487958446145058,0.5072558186948299,2.3297271728515625,2.4364891052246094,67.0,4249,4.1
fixation,1171520.3129999638,0.7549224734306336,0.498699477314949,2.3366668701171873,2.4275177001953123,84.0,4250,4.1
fixation,1171620.314999938,0.8004279136657715,0.49767454862594607,2.3508285522460937,2.424787902832031,167.0,4251,4.1
fixation,1171853.6549999714,0.21632573588026893,0.5933778848912981,2.334384494357639,2.5109727647569446,150.0,4252,4.1
fixation,1172020.3279999495,0.18440528627898958,0.5915238791041904,2.3184627956814237,2.477835761176215,150.0,4253,4.1
fixation,1172203.6660000086,0.26786198765039443,0.608582404255867,2.354913330078125,2.468792724609375,175.0,4254,4.1
fixation,1172570.3449999094,0.33282184787094593,0.6057714559137821,2.344615936279297,2.4278526306152344,125.0,4255,4.1
fixation,1172737.01699996,0.39124760031700134,0.6009555198252201,2.354564666748047,2.449026107788086,134.0,4256,4.1
fixation,1172887.023000002,0.39357718186719076,0.6080216297081539,2.361238752092634,2.4495108468191966,117.0,4257,4.1
fixation,1173037.0269999504,0.3691757009787993,0.6071237596598539,2.3194427490234375,2.4079756303267046,184.0,4258,4.1
fixation,1173237.0319999456,0.3486942524711291,0.6123469173908234,2.344385782877604,2.4011866251627603,100.0,4259,4.1
fixation,1173370.371999979,0.32078677180566284,0.6128962808533719,2.345010054738898,2.4346980044716284,316.0,4260,4.1
fixation,1173770.3819999695,0.36471954733133316,0.6024377882480622,2.339654541015625,2.4019561767578126,166.0,4261,4.1
fixation,1173970.3909999132,0.4176408176620801,0.5989426573117574,2.319147745768229,2.407262166341146,200.0,4262,4.1
fixation,1174270.394999981,0.45679021775722506,0.6011538714170456,2.3304397583007814,2.403143310546875,166.0,4263,4.1
fixation,1174470.3999999762,0.527372861901919,0.6049614002307256,2.3242162068684897,2.376129150390625,108.0,4264,4.1
fixation,1174753.7369999886,0.5197612084448338,0.5856522023677826,2.3748645782470703,2.445293426513672,133.0,4265,4.1
fixation,1174903.7429999113,0.552080776380456,0.5787344419437906,2.397518655528193,2.47975026006284,383.0,4266,4.1
fixation,1175320.4149999619,0.6266106779758747,0.5906932147649618,2.2433870755709133,2.3276590200570912,216.0,4267,4.1
fixation,1175570.419999957,0.6976324493686358,0.5853111346562704,2.271245320638021,2.3084513346354165,200.0,4268,4.1
fixation,1175803.7569999695,0.7645548013123599,0.5806016596880826,2.310005881569602,2.358675870028409,183.0,4269,4.1
fixation,1176020.4289999008,0.8008027225732803,0.5803402662277222,2.3133621215820312,2.3484115600585938,100.0,4270,4.1
fixation,1176187.0959999561,0.41143710911273956,0.6760714735303607,2.2611868722098216,2.350215366908482,117.0,4271,4.1
fixation,1176337.1029999256,0.3690931871533394,0.6767077326774598,2.282470703125,2.382859802246094,167.0,4272,4.1
fixation,1176537.1059999466,0.47468397952616215,0.6578634437173605,2.2637033462524414,2.331300735473633,267.0,4273,4.1
fixation,1176837.112999916,0.5155972010559506,0.6580323080221812,2.2556304931640625,2.327017890082465,150.0,4274,4.1
fixation,1177020.44599998,0.6114008020270955,0.6672538302161477,2.316328568892045,2.3602530739524146,191.0,4275,4.1
fixation,1177453.7899999619,0.5732638339201609,0.6638650198777517,2.3279859754774304,2.41587151421441,142.0,4276,4.1
fixation,1177637.1229999065,0.5986231975257397,0.6057310327887535,2.4141101837158203,2.516345977783203,134.0,4277,4.1
fixation,1177820.459999919,0.7075966984033585,0.5925775796175003,2.380116271972656,2.4600906372070312,166.0,4278,4.1
fixation,1178020.4639999866,0.7662103665726525,0.5871250310114452,2.3040880475725447,2.3778468540736606,233.0,4279,4.1
fixation,1178303.8049999475,0.4939045390257469,0.4500795155763626,2.26345707820012,2.3776878943810096,217.0,4280,4.1
fixation,1178553.8090000153,0.44663335382938385,0.40324029823144275,2.334323459201389,2.439944797092014,150.0,4281,NOTRIAL
fixation,1178737.1439999342,0.4080112248659134,0.2991369664669037,2.38460693359375,2.4998489379882813,167.0,4282,NOTRIAL
fixation,1178920.4809999466,0.42243264480070636,0.2892883243885907,2.404563210227273,2.5091802423650567,183.0,4283,NOTRIAL
fixation,1179153.8169999123,0.5098243375619252,0.2824526389439901,2.3652069091796877,2.4033548990885416,250.0,4284,NOTRIAL
fixation,1179520.490999937,0.3507257198294004,0.2776976724465688,2.3729151407877604,2.4993311564127603,500.0,4285,NOTRIAL
fixation,1180053.8320000172,0.3578106338779132,0.4605187127987544,2.365381876627604,2.4627456665039062,100.0,4286,NOTRIAL
fixation,1180170.5,0.35104804211541224,0.5113255687450108,2.3704376220703125,2.452101858038651,324.0,4287,NOTRIAL
fixation,1180720.510999918,0.5458588004112244,0.5032913386821747,2.37744140625,2.4248504638671875,100.0,4288,NOTRIAL
fixation,1180853.8439999819,0.5077322026093801,0.5163388599952062,2.3933181762695312,2.5131632486979165,108.0,4289,NOTRIAL
fixation,1181203.8529999256,0.5138100749916501,0.5059663338793648,2.37697516547309,2.505911933051215,142.0,4290,NOTRIAL
fixation,1181370.513999939,0.5066762897703383,0.5161225861973233,2.41455078125,2.5448099772135415,150.0,4291,NOTRIAL
fixation,1181537.1840000153,0.5724391813079516,0.5079863704741001,2.3553384145100913,2.439655303955078,400.0,4292,NOTRIAL
fixation,1181987.189999938,0.34489820684705463,0.6891005635261536,2.2929491315569197,2.410485403878348,117.0,4293,NOTRIAL
fixation,1182120.5269999504,0.34625782271226246,0.7408595403035482,2.3284647623697916,2.460651652018229,250.0,4294,NOTRIAL
fixation,1182387.1979999542,0.38622472435235977,0.7349031195044518,2.372589111328125,2.5055618286132812,67.0,4295,NOTRIAL
fixation,1182503.8650000095,0.5082531554831399,0.5211389462153116,2.4351620144314237,2.5410842895507812,300.0,4296,NOTRIAL
fixation,1182837.2059999704,0.3600392467097232,0.7587427638078991,2.4421715987356087,2.573347392835115,317.0,4297,NOTRIAL
fixation,1183187.2109999657,0.3338020518422127,0.746012595295906,2.4336227416992187,2.552934265136719,167.0,4298,NOTRIAL
fixation,1183403.888999939,0.5312000885605812,0.7214446775615215,2.3726978302001953,2.464468002319336,133.0,4299,NOTRIAL
fixation,1183570.5519999266,0.5848195420371162,0.7164551417032877,2.388524373372396,2.469416300455729,158.0,4300,NOTRIAL
fixation,1183953.8869999647,0.5820512727454856,0.7235236885371031,2.443955598054109,2.5296896475332753,442.0,4301,NOTRIAL
fixation,1184437.2400000095,0.469526555193098,0.8250242016817394,2.335719861482319,2.4423241866262337,317.0,4302,NOTRIAL
fixation,1184803.9060000181,0.5103277530935075,0.4291982617643144,2.4072867499457464,2.5129708184136286,300.0,4303,FIX_CROS
fixation,1185153.9210000038,0.43459662619759054,0.3487253644887139,2.413247501148897,2.549315508674173,291.0,4304,FIX_CROS
fixation,1185670.58799994,0.44556712891374317,0.4418951379401343,2.342616489955357,2.457251412527902,108.0,4305,4.2
fixation,1185837.26699996,0.2904774874448776,0.35011391937732694,2.4445770263671873,2.5776519775390625,84.0,4306,4.2
fixation,1185953.9349999428,0.22399435236173518,0.2957989547182532,2.479815314797794,2.6004575841567097,283.0,4307,4.2
fixation,1186270.6089999676,0.30182843946892285,0.28445392134396924,2.312547766644022,2.408269467561141,383.0,4308,4.2
fixation,1186687.2829999924,0.352175001393665,0.2817385481162505,2.2518157958984375,2.3448486328125,184.0,4309,4.2
fixation,1186903.9539999962,0.2673332150045194,0.28231642120762873,2.2788543701171875,2.3867179469058386,317.0,4310,4.2
fixation,1187237.2929999828,0.3176781300987516,0.289286983864648,2.2838832310267856,2.3999524797712053,242.0,4311,4.2
fixation,1187653.9670000076,0.37656716314645916,0.2989150056472191,2.339887178861178,2.4494394155649037,209.0,4312,4.2
fixation,1187903.9720000029,0.4410974917312463,0.2958228066563606,2.3638648986816406,2.4745712280273438,200.0,4313,4.2
fixation,1188137.3099999428,0.4845693761652166,0.29122699526223267,2.279886419122869,2.387299971147017,192.0,4314,4.2
fixation,1188587.3169999123,0.45891172587871554,0.3001245677471161,2.305731201171875,2.4442901611328125,167.0,4315,4.2
fixation,1188770.6569999456,0.4412426808848977,0.3067550677806139,2.3658218383789062,2.494333267211914,266.0,4316,4.2
fixation,1189053.993999958,0.39568511002204,0.3032628665952122,2.226348876953125,2.346283856560202,283.0,4317,4.2
fixation,1189370.6660000086,0.4452922087576654,0.30693022575643325,2.278657701280382,2.3732528686523438,300.0,4318,4.2
fixation,1189687.3299999237,0.4920302711427212,0.30576211735606196,2.3444198608398437,2.466876983642578,333.0,4319,4.2
fixation,1190037.3439999819,0.4752894379198551,0.3021157781283061,2.3731371561686196,2.5014355977376304,208.0,4320,4.2
fixation,1190420.6829999685,0.5075717687606811,0.3114237681031227,2.355572509765625,2.460499572753906,167.0,4321,4.2
fixation,1190620.675999999,0.46482859339032856,0.3106277457305363,2.3992113385881697,2.5471583775111606,117.0,4322,4.2
fixation,1190820.6799999475,0.4847470037639141,0.32327206432819366,2.3892669677734375,2.5206947326660156,133.0,4323,4.2
fixation,1190987.351999998,0.564429834485054,0.3094002090394497,2.352555847167969,2.424974060058594,333.0,4324,4.2
fixation,1191354.023000002,0.6577449329197407,0.2993362247943878,2.362743377685547,2.4159164428710938,267.0,4325,4.2
fixation,1191654.0289999247,0.7230298407375813,0.29348716232925653,2.390345573425293,2.4681081771850586,267.0,4326,4.2
fixation,1191937.362999916,0.7758135362104936,0.2870495779947801,2.3840762051669033,2.4395557750355112,183.0,4327,4.2
fixation,1192187.3709999323,0.22223656624555588,0.35690503753721714,2.2893123626708984,2.4482078552246094,133.0,4328,4.2
fixation,1192337.371999979,0.18157109916210173,0.3582415133714676,2.276116943359375,2.4208999633789063,174.0,4329,4.2
fixation,1192687.3869999647,0.2750970932344596,0.39020465562740964,2.2612826029459634,2.3842620849609375,200.0,4330,4.2
fixation,1192920.7149999142,0.3261177156652723,0.39504055040223257,2.293393816266741,2.408881051199777,117.0,4331,4.2
fixation,1193070.715999961,0.40423353191684275,0.40140747059794035,2.251696418313419,2.3682699764476105,283.0,4332,4.2
fixation,1193370.7199999094,0.4755541980266571,0.40001318653424583,2.2626637776692706,2.352097574869792,250.0,4333,4.2
fixation,1193637.3939999342,0.538307923078537,0.3957245469093323,2.2869283040364583,2.365411376953125,250.0,4334,4.2
fixation,1193920.7299998999,0.6129051622222451,0.3843195184188731,2.3100747501148895,2.3333587646484375,283.0,4335,4.2
fixation,1194237.4029999971,0.695339921861887,0.3950073625892401,2.3343734741210938,2.415952682495117,141.0,4336,4.2
fixation,1194637.4149999619,0.7595682048028515,0.3771729916334152,2.392001736548639,2.4474275650516635,516.0,4337,4.2
fixation,1195187.4210000038,0.8116294801235199,0.375354015827179,2.300457763671875,2.3304794311523436,166.0,4338,4.2
fixation,1195420.7589999437,0.2670366143186887,0.44677062580982846,2.2696075439453125,2.4617131551106772,100.0,4339,4.2
fixation,1195554.0949999094,0.1838447117805481,0.4440112441778183,2.3152227783203125,2.4291436767578123,417.0,4340,4.2
fixation,1195987.436999917,0.2408476873086049,0.45386141309371364,2.23800776554988,2.330052302433894,216.0,4341,4.2
fixation,1196237.4390000105,0.2734978837626321,0.460161600794111,2.176262991768973,2.2999768938337053,124.0,4342,4.2
fixation,1196554.112999916,0.37200930900871754,0.479254262521863,2.190235137939453,2.317842483520508,126.0,4343,4.2
fixation,1196704.1169999838,0.3492800757288933,0.4844748243689537,2.2742683410644533,2.400121307373047,342.0,4344,4.2
fixation,1197270.7929999828,0.36417515327533084,0.47515197843313217,2.226348876953125,2.349095662434896,92.0,4345,4.2
fixation,1197387.4620000124,0.4069426730275154,0.4806346781551838,2.2785396575927734,2.387317657470703,133.0,4346,4.2
fixation,1197554.1319999695,0.45406366534092846,0.493083878475077,2.2751518698299633,2.375057444852941,284.0,4347,4.2
fixation,1197854.1380000114,0.46977559477090836,0.49582098921140033,2.2366154988606772,2.321619669596354,100.0,4348,4.2
fixation,1197970.8049999475,0.5124936929115882,0.49388507123176867,2.2565636268028846,2.328625018780048,217.0,4349,4.2
fixation,1198204.1459999084,0.4962612524628639,0.4888454034924507,2.26678466796875,2.3743988037109376,167.0,4350,4.2
fixation,1198387.4789999723,0.5396207886583665,0.49062958184410543,2.326228422277114,2.401886883903952,283.0,4351,4.2
fixation,1198704.1549999714,0.6191521253850725,0.48106151239739525,2.3206710815429688,2.426664564344618,300.0,4352,4.2
fixation,1199020.8269999027,0.6370006118501935,0.48052845682416645,2.330285208565848,2.4440525599888394,117.0,4353,4.2
fixation,1199170.8279999495,0.7211938332766294,0.4794171554967761,2.364377021789551,2.4429779052734375,267.0,4354,4.2
fixation,1199454.1649999619,0.775250231847167,0.4686028119176626,2.3749847412109375,2.4421892166137695,267.0,4355,4.2
fixation,1199737.5049999952,0.8208002969622612,0.4624355621635914,2.3471508026123047,2.4261703491210938,141.0,4356,4.2
fixation,1200120.8449999094,0.20313967143495879,0.527808353304863,2.2885564168294272,2.450037638346354,92.0,4357,4.2
fixation,1200237.5119999647,0.18411379442973572,0.5474394830790433,2.3187921697443183,2.5023942427201704,183.0,4358,4.2
fixation,1200437.5180000067,0.219690178334713,0.5576676622033119,2.2475601196289063,2.3639427185058595,333.0,4359,4.2
fixation,1200787.523000002,0.1859730021096766,0.545817693695426,2.136704444885254,2.2522096633911133,266.0,4360,4.2
fixation,1201087.5269999504,0.23014848679304123,0.5431664992462505,2.1368671764026987,2.2330141934481533,183.0,4361,4.2
fixation,1201320.8650000095,0.3215347887838588,0.5493877495036406,2.150238037109375,2.246494068818934,283.0,4362,4.2
fixation,1201620.8700000048,0.36873230437437693,0.5465483864148458,2.1820576985677085,2.272472127278646,250.0,4363,4.2
fixation,1201904.2089999914,0.4172777980566025,0.5413371548056602,2.1755409240722656,2.2384796142578125,67.0,4364,4.2
fixation,1202020.8779999018,0.4620926502076062,0.561433038928292,2.2029294100674717,2.258848710493608,183.0,4365,4.2
fixation,1202220.8799999952,0.4438179671764374,0.5631025075912476,2.21009521484375,2.273419189453125,83.0,4366,4.2
fixation,1202320.8799999952,0.5060532987117767,0.5530284146467844,2.2019551595052085,2.2989883422851562,100.0,4367,4.2
fixation,1202470.885999918,0.5053863525390625,0.5514992674191793,2.2282231648763022,2.2989323933919272,100.0,4368,4.2
fixation,1202604.2189999819,0.5932426419523027,0.5490637520949045,2.231379191080729,2.2969207763671875,158.0,4369,4.2
fixation,1203020.894999981,0.5243723131716251,0.58246199041605,2.227184295654297,2.344371795654297,133.0,4370,4.2
fixation,1203170.8989999294,0.5057760160416365,0.5771661456674337,2.294261932373047,2.396221160888672,267.0,4371,4.2
fixation,1203470.9019999504,0.5905312612652779,0.5768809676170349,2.278783416748047,2.371204376220703,341.0,4372,4.2
fixation,1204004.243999958,0.5665609457276084,0.564948249946941,2.313937100497159,2.4173583984375,184.0,4373,4.2
fixation,1204220.9179999828,0.5063766522539986,0.5770617756578658,2.3666008843315973,2.445487128363715,150.0,4374,4.2
fixation,1204404.2539999485,0.6538097883264223,0.5822037234902382,2.347101847330729,2.399244944254557,200.0,4375,4.2
fixation,1204637.5899999142,0.6957176129023234,0.4932069430748622,2.3363477918836804,2.401614718967014,150.0,4376,4.2
fixation,1204820.9249999523,0.6005032122135162,0.4823133200407028,2.3431640625,2.3955474853515626,83.0,4377,4.2
fixation,1204937.5970000029,0.4899167325347662,0.4842733219265938,2.3191967010498047,2.4186325073242188,133.0,4378,4.2
fixation,1205104.2649999857,0.5580631494522095,0.48223162814974785,2.3489761352539062,2.406475067138672,67.0,4379,4.2
fixation,1205204.269999981,0.6374441087245941,0.47503682722647983,2.3560282389322915,2.3976898193359375,200.0,4380,4.2
fixation,1205504.2739999294,0.7202086665413596,0.48149355297738855,2.3689450350674717,2.4471893310546875,184.0,4381,4.2
fixation,1205720.9449999332,0.7948297063509623,0.48273230095704395,2.3831558227539062,2.454839070638021,100.0,4382,4.2
fixation,1205904.2829999924,0.2102971590227551,0.5938742558161417,2.3173675537109375,2.5139906141493054,150.0,4383,4.2
fixation,1206070.9509999752,0.18352759215566847,0.5688971545961168,2.339224921332465,2.5415445963541665,150.0,4384,4.2
fixation,1206254.2860000134,0.23274943977594376,0.5728179402649403,2.360687255859375,2.5555686950683594,134.0,4385,4.2
fixation,1206454.291999936,0.7556138088305792,0.4981067205468814,2.4345016479492183,2.4540176391601562,100.0,4386,4.2
fixation,1206570.959999919,0.8183968388117276,0.4681034672718782,2.3970841627854567,2.4299551156850963,225.0,4387,4.2
fixation,1207037.6339999437,0.3327667936682701,0.5830311924219131,2.318012237548828,2.4937171936035156,66.0,4388,4.2
fixation,1207137.6399999857,0.4104625907811252,0.5768083713271401,2.3694027987393467,2.480653242631392,183.0,4389,4.2
fixation,1207354.3099999428,0.4547077582942115,0.5737888117631277,2.359922620985243,2.451878865559896,150.0,4390,4.2
fixation,1207520.9799998999,0.37896230022112526,0.5775758326053619,2.2889434814453127,2.4136088053385416,250.0,4391,4.2
fixation,1207820.9850000143,0.5778886708948348,0.5665813816918267,2.358823988172743,2.389521280924479,150.0,4392,4.2
fixation,1207987.6539999247,0.6794994026422501,0.5709076732397079,2.4040573120117186,2.435258483886719,166.0,4393,4.2
fixation,1208170.990999937,0.653225051505225,0.5734712992395673,2.409245082310268,2.474358694893973,117.0,4394,4.2
fixation,1208337.6610000134,0.7822332456707954,0.5597354223330816,2.408442179361979,2.4297892252604165,200.0,4395,4.2
fixation,1208604.3309999704,0.22814039992434637,0.6333268965993609,2.353295462472098,2.486046927315848,117.0,4396,4.2
fixation,1208754.3359999657,0.18238705396652222,0.6433766980965933,2.366331312391493,2.478788587782118,150.0,4397,4.2
fixation,1208937.6719999313,0.2694055722518401,0.6405215778134086,2.363747336647727,2.4502147327769888,183.0,4398,4.2
fixation,1209137.6749999523,0.24142201079262626,0.6356876326931847,2.3168131510416665,2.4128655327690973,150.0,4399,4.2
fixation,1209321.0099999905,0.3050044417381287,0.6384342849254608,2.307012939453125,2.392893981933594,167.0,4400,4.2
fixation,1209504.3449999094,0.36818101085149324,0.6310467880505782,2.2760162353515625,2.3794954740084133,216.0,4401,4.2
fixation,1209737.6819999218,0.4173508154021369,0.6297402514351739,2.2824198404947915,2.3792605929904513,158.0,4402,4.2
fixation,1210087.6829999685,0.46048675051757265,0.6116357786314828,2.283384050641741,2.3825792585100447,125.0,4403,4.2
fixation,1210371.019999981,0.5613604850239224,0.6352073351542155,2.3548990885416665,2.43019782172309,142.0,4404,4.2
fixation,1210554.3559999466,0.6516796559095382,0.6507335484027863,2.3831207275390627,2.3959625244140623,166.0,4405,4.2
fixation,1210737.6940000057,0.626073933309979,0.6542695959409078,2.326814439561632,2.3346421983506946,150.0,4406,4.2
fixation,1210921.0289999247,0.732587135889951,0.6626391060212079,2.3300117043887867,2.3422483556410847,284.0,4407,4.2
fixation,1211221.0299999714,0.7104813273136432,0.657614297591723,2.367969219501202,2.382854755108173,217.0,4408,4.2
fixation,1211454.362999916,0.7886407348242673,0.6497375152327798,2.3783000599254263,2.415871360085227,183.0,4409,4.2
fixation,1211704.3679999113,0.3036882536751883,0.7413490797792163,2.359401157924107,2.4831433977399553,116.0,4410,4.2
fixation,1211837.7009999752,0.252701381390745,0.7487650378183885,2.3735837069424717,2.512968583540483,183.0,4411,4.2
fixation,1212054.3709999323,0.3249955952167511,0.7364053636789322,2.368414306640625,2.485148620605469,166.0,4412,4.2
fixation,1212254.3729999065,0.4076150829593341,0.7217916573087374,2.283949534098307,2.4006169637044272,200.0,4413,4.2
fixation,1212487.709999919,0.5276259439332145,0.7181237999882016,2.251711164202009,2.3330481392996654,233.0,4414,4.2
fixation,1212804.3779999018,0.6428957333167394,0.7286360785365105,2.3053296407063804,2.383112589518229,200.0,4415,4.2
fixation,1213037.715999961,0.6886875629425049,0.7352495301853527,2.3530426025390625,2.428365534002131,183.0,4416,4.2
fixation,1213254.3839999437,0.7477496564388275,0.7327831983566284,2.360841751098633,2.4178829193115234,141.0,4417,4.2
fixation,1213704.3869999647,0.4875147824486097,0.3279295966029167,2.4206751505533854,2.5332021077473956,500.0,4418,4.2
fixation,1214237.7319999933,0.3843536972999573,0.34474879801273345,2.263232421875,2.3666046142578123,83.0,4419,NOTRIAL
fixation,1214337.7350000143,0.35336883505806327,0.28381275897845626,2.282827854156494,2.388247013092041,533.0,4420,NOTRIAL
fixation,1214887.7429999113,0.38072560528914134,0.2743801246086756,2.2713592529296873,2.367267862955729,250.0,4421,NOTRIAL
fixation,1215171.0829999447,0.4265574420753278,0.2822877568633933,2.2983679520456413,2.3742619564658716,317.0,4422,NOTRIAL
fixation,1215521.0889999866,0.35715420097112655,0.29067711234092714,2.347570037841797,2.4647598266601562,334.0,4423,NOTRIAL
fixation,1215887.760999918,0.34019624441862106,0.40808022270600003,2.3589871724446616,2.471923828125,200.0,4424,NOTRIAL
fixation,1216104.4289999008,0.3502141009358799,0.5076106593889349,2.3309083826401653,2.4880146699793197,291.0,4425,NOTRIAL
fixation,1216721.1079999208,0.3658921014178883,0.5331319353797219,2.3421630859375,2.5250188654119317,184.0,4426,NOTRIAL
fixation,1216937.7819999456,0.33970488607883453,0.7269094851281908,2.3919864230685763,2.5088433159722223,150.0,4427,NOTRIAL
fixation,1217104.4509999752,0.34229418635368347,0.7591441546877226,2.3166770935058594,2.451385498046875,200.0,4428,NOTRIAL
fixation,1217354.4549999237,0.4257916431874037,0.5259685084223747,2.3108894348144533,2.43213005065918,666.0,4429,NOTRIAL
fixation,1218037.7989999056,0.35817899461835623,0.5271219853311777,2.275972366333008,2.425063133239746,275.0,4430,NOTRIAL
fixation,1218554.4759999514,0.3651532878478368,0.6126180763045946,2.308277130126953,2.414038340250651,192.0,4431,NOTRIAL
fixation,1218821.1469999552,0.3473411550124486,0.7531544124638593,2.28742754900897,2.385811699761285,450.0,4432,NOTRIAL
fixation,1219287.8259999752,0.4175975352525711,0.728938102722168,2.2030059814453127,2.27081298828125,167.0,4433,NOTRIAL
fixation,1219471.1560000181,0.4814930856227875,0.7203488349914551,2.18807373046875,2.2433319091796875,84.0,4434,NOTRIAL
fixation,1219587.8269999027,0.550382886081934,0.7218168340623379,2.2084884643554688,2.250438690185547,133.0,4435,NOTRIAL
fixation,1219754.4979999065,0.5089332255033346,0.7219896545776954,2.2783150306114783,2.3697005051832933,441.0,4436,NOTRIAL
fixation,1220537.8470000029,0.5304737470366738,0.7542990364811637,2.3259748979048296,2.4338115345348013,191.0,4437,NOTRIAL
fixation,1221004.5249999762,0.5582853077035962,0.43614856763319537,2.3743780887488164,2.447560165867661,542.0,4438,NOTRIAL
fixation,1221604.5369999409,0.3922786159174783,0.38138931138174875,2.1971544538225447,2.287540980747768,116.0,4439,NOTRIAL
fixation,1221754.5399999619,0.4224629874030749,0.26659563928842545,2.2171478271484375,2.3133036295572915,200.0,4440,NOTRIAL
fixation,1221987.8779999018,0.5913847833871841,0.2560353358941419,2.2841317313058034,2.344934735979353,233.0,4441,NOTRIAL
fixation,1222271.2179999352,0.34798275205222046,0.4808256124908274,2.217928799715909,2.3575175892223013,184.0,4442,NOTRIAL
fixation,1222471.2229999304,0.3569433818260829,0.5015931367874146,2.2848464965820314,2.414087931315104,500.0,4443,NOTRIAL
fixation,1223004.564999938,0.4716269852859633,0.5872881944690432,2.307410103934152,2.383014133998326,233.0,4444,NOTRIAL
fixation,1223271.2389999628,0.4949672050200976,0.4973930854063768,2.3396406907301683,2.4700657771183896,217.0,4445,NOTRIAL
fixation,1223504.5789999962,0.5210635449205127,0.4946148076227733,2.349663870675223,2.468286786760603,233.0,4446,NOTRIAL
fixation,1223787.9139999151,0.46739979916148716,0.3817415287097295,2.375028822157118,2.5043216281467013,150.0,4447,16
fixation,1223971.2539999485,0.5376221463084221,0.38324487768113613,2.3912124633789062,2.489105224609375,134.0,4448,16
fixation,1224271.260999918,0.48629647493362427,0.4336823020130396,2.391794204711914,2.517894744873047,142.0,4449,16
fixation,1224654.6009999514,0.5215899789774859,0.44522649932790687,2.4512419524016202,2.580293443467882,450.0,4450,16
fixation,1225137.942999959,0.5584016889333725,0.4451059717684984,2.333695411682129,2.4418554306030273,267.0,4451,16
fixation,1225421.2799999714,0.577651709318161,0.4428220103893961,2.359154837472098,2.4654148646763394,234.0,4452,16
fixation,1225687.9549999237,0.4742610976099968,0.47103638840573175,2.408872331891741,2.576953342982701,233.0,4453,16
fixation,1225954.6229999065,0.5017836093902588,0.47279220074415207,2.4527572631835937,2.637127685546875,166.0,4454,16
fixation,1226137.9609999657,0.5299135347207388,0.47690933644771577,2.481458536783854,2.643743896484375,250.0,4455,16
fixation,1226404.6309999228,0.5575710857907931,0.4800779124101003,2.468369801839193,2.6225179036458335,200.0,4456,16
fixation,1226621.3029999733,0.5802629292011261,0.4734909043592565,2.4503766228170956,2.6017384248621322,284.0,4457,16
fixation,1226954.6439999342,0.48903070649375086,0.4986831105273703,2.4544770613960596,2.6120983621348506,383.0,4458,16
fixation,1227371.314999938,0.5133431802193323,0.5040563220779101,2.46929931640625,2.6027247111002603,108.0,4459,16
fixation,1227687.9900000095,0.5433770891498116,0.49162231122746186,2.459925932042739,2.5644342759076286,275.0,4460,16
fixation,1227987.993999958,0.5701243196214948,0.49872548984629766,2.408043997628348,2.5008980887276784,233.0,4461,16
fixation,1228237.9979999065,0.5847972577268427,0.49355570701035584,2.3214666193181817,2.3798148415305396,183.0,4462,16
fixation,1228454.6719999313,0.4906456490357717,0.5354946891466776,2.33560791015625,2.43572998046875,250.0,4463,16
fixation,1228738.0069999695,0.5233570658243619,0.5289002267213968,2.3906285212590146,2.4717066838191104,217.0,4464,16
fixation,1228971.348999977,0.5010143783357408,0.524042902721299,2.367031521267361,2.4546610514322915,300.0,4465,16
fixation,1229304.6859999895,0.5402036011219025,0.5093335136771202,2.322324752807617,2.4527740478515625,133.0,4466,16
fixation,1229471.351999998,0.5836199641227722,0.5228161633014679,2.3622446695963544,2.454667154947917,250.0,4467,16
fixation,1229738.0239999294,0.5619273066520691,0.5339942753314972,2.3850372314453123,2.483441162109375,84.0,4468,16
fixation,1229838.0259999037,0.5172868072986603,0.5592567154339382,2.378847394670759,2.4914681570870534,234.0,4469,16
fixation,1230088.0299999714,0.5501112736040547,0.5519147188432755,2.394496794669859,2.506221648185484,517.0,4470,16
fixation,1230638.041999936,0.5812455303966999,0.550620261579752,2.350637435913086,2.4351654052734375,267.0,4471,16
fixation,1230921.3799999952,0.5720915032757653,0.5565516849358877,2.3609288533528647,2.4452217949761286,300.0,4472,16
fixation,1231238.0529999733,0.5408773521582285,0.5540829380353292,2.3784474690755206,2.443126424153646,258.0,4473,16
fixation,1231738.0629999638,0.5662043631076813,0.5761908024549485,2.3728683471679686,2.4730072021484375,167.0,4474,16
fixation,1231921.3969999552,0.5670003372210043,0.582063450857445,2.3111495971679688,2.4010032371238426,900.0,4475,16
fixation,1232838.0820000172,0.5850461618822129,0.5842072460495058,2.32220458984375,2.425605898997823,1017.0,4476,16
fixation,1233921.4349999428,0.5863753367554058,0.8848733305931091,2.3275035511363638,2.4805367209694604,183.0,4477,16
fixation,1234154.769999981,0.4435698874294758,0.8941379810372988,2.3626747131347656,2.532470703125,200.0,4478,16
fixation,1234371.442999959,0.49262879382480274,0.888544044711373,2.3690421364524146,2.491274746981534,183.0,4479,16
fixation,1234571.442999959,0.5268112123012543,0.8897598832845688,2.3420677185058594,2.4493865966796875,74.0,4480,16
fixation,1234954.7869999409,0.42140111327171326,0.8179719671607018,2.3191909790039062,2.4541015625,67.0,4481,16
fixation,1235038.118999958,0.4146917483636311,0.8880528679915837,2.4072396414620534,2.5361033848353793,234.0,4482,16
fixation,1235288.1269999743,0.38187949657440184,0.8979819625616073,2.4098770141601564,2.511125183105469,167.0,4483,16
fixation,1235488.1289999485,0.44946209755208755,0.8800603548685709,2.307037353515625,2.3982730441623263,150.0,4484,16
fixation,1235654.8019999266,0.4849666357040405,0.8775897473096848,2.2654876708984375,2.3402023315429688,133.0,4485,16
fixation,1235821.4670000076,0.4072459868409417,0.8831986595283855,2.2348466352982954,2.351712313565341,183.0,4486,16
fixation,1236021.4720000029,0.4464808280269305,0.8781527032454809,2.2367019653320312,2.3435084025065103,100.0,4487,16
fixation,1236221.4759999514,0.4934013982613881,0.5430692086617152,2.2731781005859375,2.3916854858398438,100.0,4488,16
fixation,1236338.1439999342,0.47051025554537773,0.6018097549676895,2.2983932495117188,2.3855133056640625,134.0,4489,16
fixation,1236504.8129999638,0.5223355382680893,0.43316437155008314,2.344598388671875,2.46689453125,167.0,4490,16
fixation,1236704.82099998,0.4850352961908687,0.4531300122087652,2.3668074174360796,2.517934625799006,183.0,4491,16
fixation,1236921.4869999886,0.5279713014761607,0.4432831684748332,2.3881561279296877,2.515327962239583,250.0,4492,16
fixation,1237188.1579999924,0.5648646785153283,0.44966650009155273,2.388973659939236,2.5059339735243054,158.0,4493,16
fixation,1237604.8309999704,0.4668634705818616,0.49063225434376645,2.4750565748948317,2.63766362116887,217.0,4494,16
fixation,1237838.1710000038,0.5268946908987485,0.4756729534039131,2.454851590670072,2.5804959810697117,217.0,4495,16
fixation,1238088.1749999523,0.5564090112845103,0.47359275817871094,2.3747185601128473,2.493230183919271,150.0,4496,16
fixation,1238254.8449999094,0.5843332894146442,0.4704748224467039,2.3891830444335938,2.499471664428711,133.0,4497,16
fixation,1238404.848999977,0.48178526671493754,0.49632905598948984,2.440367754767923,2.5801984001608456,291.0,4498,16
fixation,1238954.8579999208,0.49153412810780783,0.49538772485472937,2.5367050170898438,2.6762924194335938,375.0,4499,16
fixation,1239554.8669999838,0.5366847937305769,0.49834948033094406,2.377131144205729,2.5073560078938804,192.0,4500,16
fixation,1239788.2029999495,0.5710610418484129,0.5000496095624464,2.3821269068224677,2.5175202468345903,484.0,4501,16
fixation,1240304.8739999533,0.4995436542309247,0.5321504244437585,2.320110614483173,2.448602529672476,217.0,4502,16
fixation,1240554.8799999952,0.5356473346551259,0.5302704612414042,2.372797648111979,2.4740753173828125,250.0,4503,16
fixation,1240821.5499999523,0.5175964321408953,0.5208421519824437,2.4128614153180803,2.5325753348214284,116.0,4504,16
fixation,1240954.8839999437,0.5814110523178464,0.5275904124691373,2.434968494233631,2.5362338111514138,350.0,4505,16
fixation,1241338.2229999304,0.5183085936766404,0.5498925103591039,2.4153172419621396,2.517091017503005,217.0,4506,16
fixation,1241571.5590000153,0.552354972152149,0.5489840244545656,2.4420937930836395,2.547110164866728,283.0,4507,16
fixation,1241871.561999917,0.5714664652943611,0.5542175307869911,2.437388610839844,2.542133331298828,333.0,4508,16
fixation,1242221.5669999123,0.5769451090267727,0.5255586334637233,2.4088897705078125,2.504095894949777,124.0,4509,16
fixation,1242588.2359999418,0.5169685781002045,0.5119513997009822,2.415403093610491,2.5612662179129466,109.0,4510,16
fixation,1242721.5699999332,0.5396757211003985,0.5296160536152976,2.5125743321010043,2.6328277587890625,233.0,4511,16
fixation,1242971.5719999075,0.4969072323292494,0.5320641659200191,2.403871536254883,2.522340774536133,266.0,4512,16
fixation,1243254.9110000134,0.5349924405415852,0.5224782347679138,2.3569671630859377,2.446732584635417,258.0,4513,16
fixation,1243754.9139999151,0.5728450702584308,0.5346979511820752,2.4629131814707876,2.575980808423913,383.0,4514,16
fixation,1244171.5889999866,0.5266950905323029,0.5593847200274468,2.3589141845703123,2.4605438232421877,333.0,4515,16
fixation,1244521.5939999819,0.5266816055073458,0.5564638411297518,2.372257008272059,2.4716105741613053,283.0,4516,16
fixation,1244838.2649999857,0.5678459455569586,0.5320447236299515,2.4108861287434897,2.5040715535481772,100.0,4517,16
fixation,1244954.9319999218,0.5504637175592882,0.4978354886688035,2.454309397730334,2.574327666183998,483.0,4518,16
fixation,1245454.9449999332,0.5819796951753753,0.5337905979582241,2.452150617327009,2.598973955426897,475.0,4519,16
fixation,1246704.9649999142,0.5740253989185605,0.5386187540633338,2.5324859619140625,2.6247825622558594,467.0,4520,16
fixation,1247188.3069999218,0.56194708943367,0.5262496531009674,2.340240478515625,2.3981781005859375,84.0,4521,16
fixation,1247304.9729999304,0.5247028384889875,0.5416331504072461,2.24639892578125,2.310906546456473,233.0,4522,16
fixation,1247554.9789999723,0.5572844256054271,0.543786655772816,2.2645208185369317,2.3271623091264204,183.0,4523,16
fixation,1247754.973999977,0.5743255844483008,0.5468206783899894,2.325551546536959,2.4141358595628004,433.0,4524,16
fixation,1248221.6560000181,0.5106872469186783,0.4854113856951396,2.3705876668294272,2.494309743245443,200.0,4525,FIX_CROS
fixation,1248438.3269999027,0.4749759012147,0.4679289444496757,2.4004926179584705,2.5236928839432564,317.0,4526,FIX_CROS
fixation,1248771.6689999104,0.4384183377027512,0.41305243223905563,2.426564025878906,2.556416320800781,167.0,4527,FIX_CROS
fixation,1248971.669999957,0.4387738198041916,0.40400387197732923,2.3943771362304687,2.53682861328125,167.0,4528,FIX_CROS
fixation,1249171.6749999523,0.496610331038634,0.40519069880247116,2.4142278035481772,2.5351740519205728,100.0,4529,16.1
fixation,1249388.3429999352,0.612364432641438,0.44478827927793774,2.416192190987723,2.505706787109375,116.0,4530,16.1
fixation,1249555.0130000114,0.7833174407482147,0.44600790590047834,2.443833923339844,2.5478164672851564,167.0,4531,16.1
fixation,1249788.3470000029,0.2572586515120098,0.4597064767565046,2.4008919852120534,2.5762438092912947,116.0,4532,16.1
fixation,1249938.3479999304,0.20537123704950014,0.448864471167326,2.388805389404297,2.5260632832845054,200.0,4533,16.1
fixation,1250155.0159999132,0.1891034310683608,0.44807157292962074,2.3709545135498047,2.4861717224121094,134.0,4534,16.1
fixation,1250321.6890000105,0.25787250532044304,0.4552565664052963,2.3590850830078125,2.453372531467014,150.0,4535,16.1
fixation,1250505.0239999294,0.3411096315830946,0.44841592013835907,2.2928924560546875,2.390178680419922,134.0,4536,16.1
fixation,1250655.023000002,0.3974620312452316,0.44529367685317994,2.3018707275390624,2.3324432373046875,84.0,4537,16.1
fixation,1250755.0259999037,0.43935182013294916,0.4544331512667916,2.327675559303977,2.3646489923650567,184.0,4538,16.1
fixation,1250971.692999959,0.4897929225116968,0.4651947394013405,2.3400630950927734,2.383138656616211,133.0,4539,16.1
fixation,1251138.3619999886,0.5504345638411385,0.48429305851459503,2.370029994419643,2.4201834542410716,124.0,4540,16.1
fixation,1251438.3650000095,0.6392676681280136,0.46080940403044224,2.4483776092529297,2.5073204040527344,133.0,4541,16.1
fixation,1251605.0289999247,0.6924712136387825,0.463054396212101,2.5082740783691406,2.5937671661376953,134.0,4542,16.1
fixation,1251771.7029999495,0.7431981911261877,0.4638587757945061,2.5041656494140625,2.5591888427734375,100.0,4543,16.1
fixation,1251888.3679999113,0.7474487483501434,0.4562375873327255,2.4098052978515625,2.5012725830078124,83.0,4544,16.1
fixation,1252005.0349999666,0.7872288137674331,0.45335019677877425,2.390606689453125,2.400146484375,167.0,4545,16.1
fixation,1252205.0319999456,0.8127856552600861,0.45961863175034523,2.3644866943359375,2.4214820861816406,67.0,4546,16.1
fixation,1252321.7059999704,0.49778022021055224,0.5326171979308129,2.3023918151855467,2.409343719482422,333.0,4547,16.1
fixation,1252688.375,0.5275256250585828,0.5337974684579032,2.3120574951171875,2.3999154227120534,124.0,4548,16.1
fixation,1253005.0460000038,0.350866919526687,0.46791837421747356,2.309497539813702,2.4243985689603367,217.0,4549,16.1
fixation,1253238.3809999228,0.3160201838383308,0.462521486557447,2.3695162259615383,2.469548152043269,216.0,4550,16.1
fixation,1253471.7149999142,0.2903600682814916,0.46643057962258655,2.3068101671006946,2.4007025824652777,150.0,4551,16.1
fixation,1253655.050999999,0.39352919310331347,0.4520542621612549,2.2434288024902345,2.3286972045898438,334.0,4552,16.1
fixation,1254021.7220000029,0.4924399974671277,0.40206206928599963,2.3350094881924717,2.395871249112216,183.0,4553,16.1
fixation,1254238.3880000114,0.449826928121703,0.35501512033598764,2.3575330461774553,2.406378609793527,116.0,4554,NOTRIAL
fixation,1254388.388999939,0.410639750957489,0.2791367381811142,2.3796783447265626,2.455335998535156,166.0,4555,NOTRIAL
fixation,1254571.726999998,0.429290235042572,0.2907302123169566,2.368238937023074,2.4443781653115915,725.0,4556,NOTRIAL
fixation,1255471.740999937,0.43192025149861973,0.3012564451330238,2.4215215047200522,2.542788611518012,592.0,4557,NOTRIAL
fixation,1256105.0859999657,0.3581702304737909,0.3006569240774427,2.2788033621651786,2.4256905691964286,584.0,4558,NOTRIAL
fixation,1256705.0949999094,0.42477015079930425,0.2986883376725018,2.335236072540283,2.448026657104492,542.0,4559,NOTRIAL
fixation,1257505.1089999676,0.48587953773411835,0.2878216965632005,2.367513483220881,2.473929665305398,184.0,4560,NOTRIAL
fixation,1257705.1139999628,0.5018449905328453,0.2873420035466552,2.3096699714660645,2.385991096496582,534.0,4561,NOTRIAL
fixation,1258305.1209999323,0.34295565095441094,0.5051819795164568,2.2266503695783944,2.351448322164601,484.0,4562,NOTRIAL
fixation,1258821.797999978,0.5077918544411659,0.4895033960541089,2.273260752360026,2.3574396769205728,400.0,4563,NOTRIAL
fixation,1259238.4699999094,0.5619340799748898,0.4838207270950079,2.2868003845214844,2.3819427490234375,141.0,4564,NOTRIAL
fixation,1259638.476999998,0.5733947878883731,0.4996792472177936,2.328946513514365,2.40746578093498,516.0,4565,NOTRIAL
fixation,1260205.1560000181,0.36059218645095825,0.7099436707794666,2.216817855834961,2.307313919067383,134.0,4566,NOTRIAL
fixation,1260355.1599999666,0.3482862263917923,0.7335018387862614,2.229058401925223,2.3389489310128346,234.0,4567,NOTRIAL
fixation,1260621.8289999962,0.3737279884517193,0.7338485866785049,2.28948974609375,2.3817386627197266,133.0,4568,NOTRIAL
fixation,1260805.1639999151,0.5917518927770502,0.717797726392746,2.290684419519761,2.322855332318474,284.0,4569,NOTRIAL
fixation,1261121.83799994,0.6510967483391633,0.7379684005234692,2.3458119985219597,2.4070954193940035,617.0,4570,NOTRIAL
fixation,1261771.851999998,0.6277113296091557,0.6416102275252342,2.3363122940063477,2.4122838973999023,267.0,4571,NOTRIAL
fixation,1262071.8549998999,0.5917373423775037,0.5206914991140366,2.3616371154785156,2.4901517232259116,200.0,4572,FIX_CROS
fixation,1262305.192999959,0.4984342813491821,0.48237282236417134,2.3678253173828123,2.51754150390625,250.0,4573,FIX_CROS
fixation,1262605.19599998,0.4104919207672919,0.3562085796748438,2.34149908250378,2.4615911668346775,517.0,4574,FIX_CROS
fixation,1263405.209999919,0.21151404598584542,0.4268808708741115,2.3632789024939904,2.5390096811147838,217.0,4575,16.2
fixation,1263655.2170000076,0.257090225815773,0.4266160974899928,2.408542209201389,2.513239542643229,150.0,4576,16.2
fixation,1263838.5549999475,0.33123185733954114,0.4304146236843533,2.2621341281467013,2.3759562174479165,150.0,4577,16.2
fixation,1264021.8909999132,0.42096036672592163,0.42658402894934017,2.2412083943684897,2.308598836263021,200.0,4578,16.2
fixation,1264238.5629999638,0.43838529847562313,0.42704083025455475,2.251270294189453,2.345355987548828,133.0,4579,16.2
fixation,1264505.2339999676,0.5344740390777588,0.44273934215307237,2.3227569580078127,2.4016326904296874,167.0,4580,16.2
fixation,1264705.2359999418,0.508794430229399,0.4430396424399482,2.346766153971354,2.4366946750217013,150.0,4581,16.2
fixation,1264888.5729999542,0.6230650320649147,0.431099812189738,2.41623306274414,2.478343963623047,200.0,4582,16.2
fixation,1265105.2429999113,0.6057051207338061,0.4376114159822464,2.4046805245535716,2.502354213169643,117.0,4583,16.2
fixation,1265255.2450000048,0.6916988102289346,0.43129943998960346,2.4282379150390625,2.497821514423077,217.0,4584,16.2
fixation,1265505.2489999533,0.7435593754053116,0.4306717552244663,2.437549591064453,2.5256118774414062,67.0,4585,16.2
fixation,1265605.2519999743,0.7678417228162289,0.43038174137473106,2.417776107788086,2.549825668334961,134.0,4586,16.2
fixation,1265871.9210000038,0.23085842716197172,0.5123664364218712,2.376103719075521,2.602698008219401,200.0,4587,16.2
fixation,1266138.5929999352,0.29403062992625767,0.5010710706313452,2.3567301432291665,2.511471218532986,150.0,4588,16.2
fixation,1266305.263999939,0.32164439133235384,0.5240171083382198,2.3605194091796875,2.526859828404018,117.0,4589,16.2
fixation,1266455.2649999857,0.40968596637248994,0.5340069890022278,2.365216064453125,2.4582168579101564,167.0,4590,16.2
fixation,1266655.2689999342,0.3754667689402898,0.5370701915687985,2.3462083604600696,2.4492255316840277,150.0,4591,16.2
fixation,1266838.601999998,0.5275076751907667,0.5280366763472557,2.3819808959960938,2.474822998046875,200.0,4592,16.2
fixation,1267055.2709999084,0.48791855360780445,0.5259621526513781,2.408024379185268,2.504919869559152,117.0,4593,16.2
fixation,1267205.2799999714,0.6104529987681996,0.5213751684535634,2.465268221768466,2.529694990678267,184.0,4594,16.2
fixation,1267471.9469999075,0.7044193983078003,0.5225407481193542,2.499567667643229,2.581956990559896,250.0,4595,16.2
fixation,1267755.2860000134,0.7844948247075081,0.5157553665339947,2.4951324462890625,2.592386245727539,134.0,4596,16.2
fixation,1267938.625,0.46773443709720264,0.5865340422500264,2.4335479736328125,2.5379153164950283,183.0,4597,16.2
fixation,1268155.2929999828,0.5075204544342481,0.5832118827563065,2.434191190279447,2.53457758976863,217.0,4598,16.2
fixation,1268388.6309999228,0.49198661531720844,0.5811413867133004,2.4127960205078125,2.514923095703125,233.0,4599,16.2
fixation,1268655.3039999008,0.5471829995512962,0.587581180036068,2.37030029296875,2.4616470336914062,142.0,4600,16.2
fixation,1269005.3090000153,0.43924233242869376,0.581659534573555,2.3764022827148437,2.496746826171875,326.0,4601,16.2
fixation,1269371.9819999933,0.5056349635124207,0.45507637730666567,2.4090467180524553,2.480412074497768,117.0,4602,16.2
fixation,1269538.6499999762,0.5074054449796677,0.43104334473609923,2.3386505126953123,2.351116943359375,83.0,4603,16.2
fixation,1269688.6560000181,0.6477219512065252,0.4677524206538995,2.3298797607421875,2.411149342854818,200.0,4604,16.2
fixation,1269971.993999958,0.4761872085241171,0.5589362566287701,2.3470928485576925,2.404841496394231,217.0,4605,16.2
fixation,1270238.6660000086,0.5459953480296664,0.3743263996309704,2.4741363525390625,2.516165839301215,150.0,4606,NOTRIAL
fixation,1270438.672999978,0.6378523230552673,0.3108407944440842,2.4976287841796876,2.55218505859375,83.0,4607,NOTRIAL
fixation,1270538.6779999733,0.63797073935469,0.281217722222209,2.4579766591389975,2.5453707377115884,400.0,4608,NOTRIAL
fixation,1270988.6859999895,0.6479628632465998,0.4380483205119769,2.3745091756184897,2.504002888997396,100.0,4609,NOTRIAL
fixation,1271105.3569999933,0.645319818208615,0.4912705297271411,2.4066638946533203,2.4931863149007163,400.0,4610,NOTRIAL
fixation,1271555.3679999113,0.6543291486226596,0.7272773614296546,2.431952373798077,2.5078941932091348,1083.0,4611,NOTRIAL
fixation,1272688.7299998999,0.5248755051030053,0.4207625720236037,2.4384663899739585,2.4990810818142357,150.0,4612,NOTRIAL
fixation,1272872.0640000105,0.37837130203843117,0.45254314318299294,2.470661163330078,2.580677032470703,67.0,4613,NOTRIAL
fixation,1272972.061999917,0.42913427799940107,0.29961769133806226,2.534281921386719,2.6363128662109374,167.0,4614,NOTRIAL
fixation,1273188.7419999838,0.5918668190638224,0.26532249550024667,2.5629150390625,2.631294759114583,250.0,4615,NOTRIAL
fixation,1273472.0759999752,0.5389913883474138,0.26643167932828266,2.4977264404296875,2.579494900173611,158.0,4616,NOTRIAL
fixation,1273905.4210000038,0.632339358329773,0.4529627492794624,2.527928278996394,2.6030731201171875,216.0,4617,NOTRIAL
fixation,1274388.773000002,0.6378755350323284,0.5077133437289911,2.5167034373563877,2.6048812866210938,567.0,4618,NOTRIAL
fixation,1275155.4549999237,0.6403749287128448,0.4885583248208551,2.400347541360294,2.4484172147863053,283.0,4619,NOTRIAL
fixation,1275455.4609999657,0.650436289035357,0.5132959880507909,2.393491891714243,2.4343396700345554,433.0,4620,NOTRIAL
fixation,1275922.1330000162,0.4688652182618777,0.4779917498429616,2.2895406087239585,2.37274169921875,100.0,4621,NOTRIAL
fixation,1276055.46299994,0.4789846032857895,0.6853731274604797,2.2477447509765627,2.2769775390625,83.0,4622,NOTRIAL
fixation,1276155.4649999142,0.46946438796379986,0.7403974252588609,2.341603896197151,2.3569443646599266,283.0,4623,NOTRIAL
fixation,1276488.8039999008,0.49509707518986296,0.5135371301855359,2.5346854073660716,2.623781476702009,350.0,4624,NOTRIAL
fixation,1276855.4869999886,0.5197463855147362,0.508392171934247,2.533151626586914,2.6315841674804688,133.0,4625,20
fixation,1277022.1519999504,0.47203731785217923,0.4228526179989179,2.5232137044270835,2.648595174153646,100.0,4626,20
fixation,1277172.1569999456,0.5062068782069467,0.4653030335903168,2.516659823330966,2.6315876353870737,184.0,4627,20
fixation,1277372.1619999409,0.489341145157814,0.4922035676240921,2.5267596435546875,2.6427081298828123,425.0,4628,20
fixation,1278005.5059999228,0.450499501824379,0.6079678803682327,2.4061309814453127,2.5052642822265625,158.0,4629,20
fixation,1278205.5089999437,0.3959449718395869,0.5524552782376607,2.496538289388021,2.610814412434896,250.0,4630,20
fixation,1278488.848999977,0.40621631191327023,0.497541416149873,2.466112576998197,2.5694556603064904,441.0,4631,20
fixation,1279172.19599998,0.4135764967650175,0.457658002153039,2.4393672943115234,2.5495033264160156,134.0,4632,20
fixation,1279338.862999916,0.39515156447887423,0.5497036635875702,2.5030609130859376,2.5757537841796876,83.0,4633,20
fixation,1279438.8650000095,0.4068627767264843,0.6026644458373388,2.4104410807291665,2.474864959716797,200.0,4634,20
fixation,1279672.2029999495,0.38990985850493115,0.707933651904265,2.2475763956705728,2.3727493286132812,200.0,4635,20
fixation,1279888.871999979,0.4349022634327412,0.6961679920554161,2.297460174560547,2.406877136230469,333.0,4636,20
fixation,1280255.5460000038,0.5250958329752872,0.7037556218473535,2.3388262296977795,2.409963507401316,316.0,4637,20
fixation,1280605.550999999,0.5845530274368468,0.6435643789314088,2.3595675513857888,2.4214324951171875,358.0,4638,20
fixation,1281205.5659999847,0.5177716016769409,0.5531406044960022,2.4224807739257814,2.515184020996094,166.0,4639,20
fixation,1281388.8989999294,0.50043239783157,0.5825401558117433,2.405111139470881,2.4790496826171875,367.0,4640,20
fixation,1281772.240999937,0.5350298608342806,0.5862782721718153,2.3426106770833335,2.3815078735351562,200.0,4641,20
fixation,1282005.574000001,0.561077880859375,0.5127217143774032,2.3891036987304686,2.4228759765625,166.0,4642,20
fixation,1282188.9179999828,0.5210033655166626,0.5066968060058096,2.403204213018003,2.4969163977581523,383.0,4643,20
fixation,1282605.5920000076,0.48415017346056494,0.5165138270069913,2.3932547220369664,2.4795662484517913,683.0,4644,20
fixation,1283322.269999981,0.4452158402312886,0.44646879691969266,2.4100515192205254,2.494572726162997,367.0,4645,20
fixation,1283705.6109999418,0.4515520930290222,0.4410446013013522,2.4060516357421875,2.4943790435791016,408.0,4646,20
fixation,1284338.9549999237,0.5705092027783394,0.4288858752697706,2.4426145553588867,2.503927230834961,267.0,4647,20
fixation,1284622.2939999104,0.5444510877132416,0.4497186793014407,2.4449539184570312,2.4971017837524414,267.0,4648,20
fixation,1284922.2969999313,0.5918966467891421,0.4510411630783762,2.320648193359375,2.357785906110491,234.0,4649,20
fixation,1285188.9699999094,0.6408101618289948,0.47807670587843115,2.3248970725319604,2.319888028231534,183.0,4650,20
fixation,1285388.9749999046,0.6259430050849915,0.5112750576092646,2.3637894850510817,2.37618901179387,217.0,4651,20
fixation,1285638.9799998999,0.5173510082743384,0.5136170488866892,2.3832744251598013,2.4651225696910513,367.0,4652,20
fixation,1286022.3199999332,0.5066637776114724,0.5345002927563407,2.410623723810369,2.5052559592507104,184.0,4653,20
fixation,1286222.3219999075,0.48279387707060034,0.545079537413337,2.4178910688920454,2.4928755326704546,184.0,4654,20
fixation,1286422.3259999752,0.5300142832777717,0.5539126355539669,2.419736688787287,2.4867012717507104,367.0,4655,20
fixation,1286805.6649999619,0.5181641981882208,0.5023152311058605,2.380647995892693,2.4878804823931526,567.0,4656,20
fixation,1287405.675999999,0.6128624945878982,0.5057590782642365,2.4665802001953123,2.5305999755859374,167.0,4657,20
fixation,1287705.6819999218,0.3902128994464874,0.9046897828578949,2.4026885986328126,2.5134918212890627,83.0,4658,20
fixation,1287805.6829999685,0.36435378425651127,0.9004913071791331,2.436855740017361,2.5526529947916665,150.0,4659,20
fixation,1288005.686999917,0.4283208038125719,0.8934592349188668,2.4548492431640625,2.565222603934152,117.0,4660,20
fixation,1288155.689999938,0.476309210062027,0.8914491534233093,2.394085693359375,2.4794403076171876,91.0,4661,20
fixation,1288439.0269999504,0.5526597470045089,0.8805111557245254,2.311167907714844,2.375843811035156,159.0,4662,20
fixation,1288622.3669999838,0.6111966768900553,0.9063641851147016,2.363067626953125,2.4408226013183594,200.0,4663,20
fixation,1288872.368999958,0.4554905210222517,0.70124537391322,2.317011151994978,2.3978238786969865,241.0,4664,20
fixation,1289372.3779999018,0.3782754908005396,0.47809724807739257,2.4305409749348956,2.551627604166667,242.0,4665,20
fixation,1289655.7139999866,0.39860483768739197,0.43651175106826584,2.420637431897615,2.542470831620066,325.0,4666,20
fixation,1290189.0599999428,0.6243481586376826,0.47867223040925133,2.4146728515625,2.4999847412109375,300.0,4667,20
fixation,1290505.7279999256,0.6387819491681599,0.48498986874307903,2.4386364164806547,2.496064685639881,350.0,4668,20
fixation,1290905.7359999418,0.5426347230871519,0.4301540404558182,2.332249959309896,2.4059486389160156,208.0,4669,20
fixation,1291355.743999958,0.41795477271080017,0.5223441086709499,2.296367645263672,2.4126243591308594,67.0,4670,20
fixation,1291472.4099999666,0.44408107588165685,0.7770564885515916,2.362679732473273,2.4714483963815788,316.0,4671,20
fixation,1292172.422999978,0.5507266388999091,0.47566311723656124,2.4705742730034723,2.483434041341146,150.0,4672,20
fixation,1292355.7599999905,0.44496746148381916,0.7380330221993583,2.4568753923688615,2.5231192452566966,233.0,4673,20
fixation,1292605.763999939,0.43624000400304797,0.7083284169435501,2.4209884643554687,2.501023864746094,167.0,4674,20
fixation,1292805.7580000162,0.6124097130916737,0.7035962690909704,2.4554420753761574,2.5228068033854165,908.0,4675,20
fixation,1294005.7769999504,0.4481549585858981,0.6971116364002228,2.475957234700521,2.6119677225748696,200.0,4676,20
fixation,1294255.7860000134,0.392479059951646,0.622718802520207,2.559659685407366,2.6616712297712053,117.0,4677,20
fixation,1294405.791999936,0.3942141171012606,0.49459618649312426,2.459090096609933,2.5701075962611606,233.0,4678,20
fixation,1294672.4649999142,0.37608357442885026,0.40152533382785566,2.374394942303093,2.4464777732382017,816.0,4679,20
fixation,1295539.144999981,0.37595948401619406,0.5781233117860907,2.3132351146024814,2.386945836684283,284.0,4680,20
fixation,1295872.4829999208,0.4655488853653272,0.5985629260540009,2.3033625284830728,2.3557408650716147,108.0,4681,20
fixation,1296155.8229999542,0.6407562664576939,0.49697921105793547,2.4295421781994047,2.443602062406994,342.0,4682,20
fixation,1296522.496999979,0.6327707895210811,0.5551797119634492,2.3731237139020647,2.422222682407924,466.0,4683,20
fixation,1297055.8389999866,0.6319319350378854,0.5338743903807232,2.393102373395647,2.4397070748465404,233.0,4684,20
fixation,1297305.8420000076,0.6300373494625091,0.5725387275218964,2.3895477294921874,2.4242706298828125,83.0,4685,20
fixation,1297405.8429999352,0.6297986193977553,0.5946097497282357,2.4410242541082976,2.510896090803475,967.0,4686,20
fixation,1298405.8600000143,0.627210294422896,0.5247329881657725,2.4748555059018345,2.5824518618376358,383.0,4687,20
fixation,1298805.8679999113,0.6281883347293605,0.5082776825065198,2.514043725055197,2.6213939500891645,775.0,4688,20
fixation,1299789.2170000076,0.6239337388958249,0.5079380649895895,2.539839608328683,2.6300771804082963,700.0,4689,20
fixation,1300789.2259999514,0.49685318154447217,0.5069188094314407,2.447095983168658,2.560761844410616,567.0,4690,20
fixation,1301372.567999959,0.5192138787947203,0.5050894421966452,2.3816560444078947,2.4624738191303455,316.0,4691,20
fixation,1301705.9060000181,0.47619249783456324,0.49552701562643053,2.4370311737060546,2.5889644622802734,667.0,4692,20
fixation,1302405.9179999828,0.5203866637670077,0.5032206017237443,2.4182950533353367,2.545391376201923,217.0,4693,20
fixation,1302639.2559999228,0.5514610239437648,0.5199414002043861,2.4240319388253346,2.5397142682756697,242.0,4694,20
fixation,1303155.9309999943,0.6326620820909739,0.500552642159164,2.4902658462524414,2.5970611572265625,267.0,4695,20
fixation,1303439.2769999504,0.6270087605172937,0.5111994126980955,2.4510283036665483,2.5110043612393467,367.0,4696,20
fixation,1303839.2749999762,0.627593027220832,0.6007609102461073,2.3581746419270835,2.397857666015625,150.0,4697,20
fixation,1304005.9499999285,0.6282818274838584,0.6420517436095646,2.3466295514787947,2.3672005789620534,241.0,4698,20
fixation,1304455.9519999027,0.632843962082496,0.5876792944394625,2.502184354341947,2.5702491173377404,217.0,4699,20
fixation,1304722.6229999065,0.48788262344896793,0.6873112209141254,2.4505252838134766,2.562776565551758,133.0,4700,20
fixation,1304889.2929999828,0.43832590281963346,0.6914884567260742,2.3493026733398437,2.4761627197265623,167.0,4701,20
fixation,1305122.6289999485,0.3959842883050442,0.5699157789349556,2.3929100036621094,2.5022239685058594,74.0,4702,20
fixation,1305422.6439999342,0.385266019238366,0.47841498752435047,2.4473639594184027,2.559780544704861,150.0,4703,20
fixation,1305605.9799998999,0.3857590478658676,0.3821089845895767,2.4904095458984377,2.6105908203125,417.0,4704,20
fixation,1306055.9889999628,0.4810159040821923,0.39745526181326973,2.2938605414496527,2.3703748914930554,300.0,4705,20
fixation,1306372.65899992,0.4971406993113066,0.4561089261582023,2.347477160002056,2.4635515714946545,316.0,4706,FIX_CROS
fixation,1306756.0019999743,0.4242283118267854,0.38371585599250263,2.4356969197591147,2.493891821967231,600.0,4707,FIX_CROS
fixation,1307489.3479999304,0.22463393832246462,0.31752021238207817,2.4300206502278647,2.575383504231771,200.0,4708,20.1
fixation,1307706.0159999132,0.20078678354620932,0.3182726949453354,2.431646728515625,2.583934020996094,167.0,4709,20.1
fixation,1307906.019999981,0.2858165320422914,0.32586637636025745,2.3783942328559027,2.4980265299479165,150.0,4710,20.1
fixation,1308089.3559999466,0.342567453160882,0.3256875351071358,2.3167190551757812,2.4169063568115234,133.0,4711,20.1
fixation,1308256.0269999504,0.40128619596362114,0.32603622507303953,2.308718681335449,2.3912525177001953,267.0,4712,20.1
fixation,1308539.3669999838,0.4293778027806963,0.32837837295872824,2.3165806361607144,2.4139208112444197,116.0,4713,20.1
fixation,1308672.7029999495,0.36906602531671523,0.32881884276866913,2.335394287109375,2.399827575683594,167.0,4714,20.1
fixation,1308856.0369999409,0.34317239969968794,0.3355033129453659,2.3511001586914064,2.42135009765625,167.0,4715,20.1
fixation,1309072.7079999447,0.4975605715404857,0.33389933678236877,2.3620189319957388,2.4233231977982954,183.0,4716,20.1
fixation,1309272.7089999914,0.47923582419753075,0.33525650575757027,2.346935272216797,2.4248199462890625,67.0,4717,20.1
fixation,1309372.71299994,0.5474886894226074,0.3266832192738851,2.3619069417317706,2.430961100260417,250.0,4718,20.1
fixation,1309656.050999999,0.5942766467730204,0.33579616248607635,2.3194503784179688,2.391596476236979,108.0,4719,20.1
fixation,1309939.385999918,0.5885877401539774,0.3225460603381648,2.436796708540483,2.481377803918087,550.0,4720,20.1
fixation,1310522.7339999676,0.6132274184908185,0.3173306030886514,2.301884242466518,2.334688459123884,117.0,4721,20.1
fixation,1310672.7279999256,0.6692284668485323,0.3177560629944007,2.2753372192382812,2.3133061726888022,200.0,4722,20.1
fixation,1310889.40899992,0.6981434800795147,0.3222464067595346,2.339007786342076,2.374547685895647,233.0,4723,20.1
fixation,1311139.4039999247,0.6515204340219498,0.32628064751625063,2.3854644775390623,2.4425048828125,166.0,4724,20.1
fixation,1311339.40899992,0.7757548441489538,0.3216622012356917,2.425713857014974,2.4814605712890625,200.0,4725,20.1
fixation,1311606.0920000076,0.22668254934251308,0.40156596153974533,2.418415069580078,2.5814876556396484,134.0,4726,20.1
fixation,1311756.0899999142,0.1797636472261869,0.3949399051757959,2.395923321063702,2.506634051983173,217.0,4727,20.1
fixation,1311989.4289999008,0.2579608127474785,0.4099833180507024,2.348017374674479,2.4317779541015625,250.0,4728,20.1
fixation,1312256.1029999256,0.24061088263988495,0.4137903707368033,2.2767137799944197,2.3803580147879466,125.0,4729,20.1
fixation,1312589.442999959,0.2584311440587044,0.41624324520428974,2.286300659179687,2.3934911092122397,92.0,4730,20.1
fixation,1312706.1109999418,0.3100391309708357,0.413887957111001,2.354717254638672,2.436960220336914,134.0,4731,20.1
fixation,1312872.7789999247,0.3691795840859413,0.42395132780075073,2.327633250843395,2.418678977272727,367.0,4732,20.1
fixation,1313272.7910000086,0.42395675033330915,0.419475345313549,2.2366104125976562,2.346868896484375,167.0,4733,20.1
fixation,1313456.1279999018,0.40883567929267883,0.4206744720538457,2.2542043050130207,2.359849039713542,250.0,4734,20.1
fixation,1313739.465999961,0.4614935579399268,0.4169192040959994,2.282679239908854,2.371912638346354,200.0,4735,20.1
fixation,1313972.8019999266,0.5453521822180066,0.4131255007925488,2.309660412016369,2.365668160574777,350.0,4736,20.1
fixation,1314356.1439999342,0.5967689541478952,0.4085517240067323,2.336734135945638,2.3935419718424478,400.0,4737,20.1
fixation,1314856.1549999714,0.7066852833543505,0.42603916355541777,2.3654697963169644,2.419915335518973,125.0,4738,20.1
fixation,1315222.8299999237,0.7719566464424134,0.4241123100121816,2.495317586263021,2.542742919921875,242.0,4739,20.1
fixation,1315506.1660000086,0.8038975119590759,0.4199764668941498,2.4814300537109375,2.5125274658203125,84.0,4740,20.1
fixation,1315689.5019999743,0.22575025260448456,0.4982772171497345,2.2666041056315103,2.4131546020507812,100.0,4741,20.1
fixation,1315806.1710000038,0.1843775083621343,0.4955178101857503,2.2499989827473956,2.374713134765625,250.0,4742,20.1
fixation,1316072.8420000076,0.24237771021823087,0.4893553952376048,2.271728515625,2.3332201639811196,200.0,4743,20.1
fixation,1316306.1809999943,0.3093650907278061,0.49616183936595915,2.2619903564453123,2.3307769775390623,92.0,4744,20.1
fixation,1316656.1879999638,0.3729969090537021,0.4950940679562719,2.3431878340871712,2.4128056576377466,317.0,4745,20.1
fixation,1317006.1919999123,0.44296344030987134,0.49807184121825476,2.287528298117898,2.371115944602273,184.0,4746,20.1
fixation,1317206.1979999542,0.4246761326988538,0.4948546389738719,2.2105840047200522,2.2692591349283853,100.0,4747,20.1
fixation,1317339.5319999456,0.4969659298658371,0.4970632274945577,2.2100423177083335,2.270782470703125,250.0,4748,20.1
fixation,1317639.5369999409,0.6049183338880539,0.49093014001846313,2.285810852050781,2.332716369628906,166.0,4749,20.1
fixation,1317822.8729999065,0.5785188488662243,0.48594893515110016,2.2993545532226562,2.330141067504883,133.0,4750,20.1
fixation,1317989.5360000134,0.6569828716191378,0.49261038818142633,2.3165463534268467,2.3684123646129263,183.0,4751,20.1
fixation,1318189.5460000038,0.6318660242991014,0.48140316795219074,2.308319091796875,2.3047110817649146,183.0,4752,20.1
fixation,1318406.2079999447,0.6870271840265819,0.49062772201640265,2.3065872192382812,2.3516878400530135,234.0,4753,20.1
fixation,1318656.2220000029,0.6516257618602953,0.485644804019677,2.2995926706414473,2.3450253135279606,317.0,4754,20.1
fixation,1319022.8959999084,0.34389565587043763,0.4858893036842346,2.2994384765625,2.4121368408203123,83.0,4755,20.1
fixation,1319139.5629999638,0.21776908094232733,0.5040461393919858,2.284647161310369,2.4333038330078125,183.0,4756,20.1
fixation,1319356.2339999676,0.2905656397342682,0.5058870762586594,2.3239120483398437,2.4334228515625,167.0,4757,20.1
fixation,1319539.5719999075,0.22085577063262463,0.49961954976121586,2.2794583638509116,2.3847668965657554,200.0,4758,20.1
fixation,1319789.5719999075,0.5615573048591613,0.4917161837220192,2.3003021240234376,2.3324310302734377,166.0,4759,20.1
fixation,1319989.5799999237,0.6118947944857858,0.49531606381589716,2.310821533203125,2.3447681773792612,183.0,4760,20.1
fixation,1320206.2509999275,0.695932152596387,0.4967980222268538,2.359823053533381,2.403257890181108,184.0,4761,20.1
fixation,1320422.9119999409,0.7499479757887977,0.49379078085933414,2.3292715890066966,2.372694832938058,233.0,4762,20.1
fixation,1320689.5820000172,0.8057943052715726,0.5008106893963284,2.356380886501736,2.370969984266493,150.0,4763,20.1
fixation,1320906.2649999857,0.281996162874358,0.600961970431464,2.3206634521484375,2.438199724469866,117.0,4764,20.1
fixation,1321039.5929999352,0.2094591693021357,0.5938693042844534,2.318021774291992,2.4664154052734375,274.0,4765,20.1
fixation,1321522.9469999075,0.5582720381872994,0.5385247426373618,2.2657034737723216,2.3056422642299106,109.0,4766,20.1
fixation,1321656.2829999924,0.5832295089960098,0.520852193236351,2.3133331298828126,2.3333251953125,167.0,4767,20.1
fixation,1321839.6119999886,0.6365518718957901,0.5209444686770439,2.371814727783203,2.392658233642578,66.0,4768,20.1
fixation,1321956.2899999619,0.41366961327466095,0.5249325958165255,2.291463678533381,2.372744473544034,184.0,4769,20.1
fixation,1322256.2969999313,0.5074570653960109,0.5235515031963587,2.305426597595215,2.3387489318847656,267.0,4770,20.1
fixation,1322556.3029999733,0.48142915964126587,0.5237613448074886,2.329108101981027,2.369260515485491,125.0,4771,20.1
fixation,1322889.64199996,0.2898311919492224,0.610946245815443,2.3942141325577446,2.4944166100543477,375.0,4772,20.1
fixation,1323306.3190000057,0.36545206420123577,0.5943344235420227,2.3132896423339844,2.389402389526367,134.0,4773,20.1
fixation,1323472.9889999628,0.31279079074209387,0.5948112308979034,2.221565940163352,2.319003018465909,183.0,4774,20.1
fixation,1323722.9959999323,0.5889146365225315,0.5134023502469063,2.2567710876464844,2.3015575408935547,133.0,4775,20.1
fixation,1323889.6660000086,0.6301475365956625,0.4923352648814519,2.2873001098632812,2.3300450642903647,100.0,4776,20.1
fixation,1324023.0029999018,0.6842263440291086,0.49944101605150437,2.3542327880859375,2.3990715874565973,150.0,4777,20.1
fixation,1324189.675999999,0.6543677066053663,0.5015180323805127,2.340299333844866,2.394555228097098,117.0,4778,20.1
fixation,1324323.0089999437,0.6429612090190252,0.5056834618250529,2.3274523417154946,2.365655263264974,200.0,4779,20.1
fixation,1324556.3479999304,0.750472578406334,0.5166433960199356,2.3407913208007813,2.372802734375,166.0,4780,20.1
fixation,1324739.6849999428,0.7208051617656436,0.519499886248793,2.3482535226004466,2.389434814453125,233.0,4781,20.1
fixation,1324989.6909999847,0.7702340662479401,0.511750490963459,2.3741485595703127,2.410716247558594,167.0,4782,20.1
fixation,1325173.0249999762,0.8203910887241364,0.5013158261775971,2.353985595703125,2.398956298828125,84.0,4783,20.1
fixation,1325356.362999916,0.27894020080566406,0.5944959044456481,2.34989013671875,2.4060821533203125,83.0,4784,20.1
fixation,1325473.0319999456,0.20638339159389338,0.5899755557378134,2.2944819132486978,2.4147631327311196,208.0,4785,20.1
fixation,1325906.3729999065,0.34733739708151135,0.6216735626970019,2.2559356689453125,2.3582000732421875,108.0,4786,20.1
fixation,1326039.7089999914,0.29825979157498006,0.62659857461327,2.3018268785978617,2.407858597604852,317.0,4787,20.1
fixation,1326423.0489999056,0.3390972188540867,0.6292505647454943,2.219488961356027,2.3194187709263394,117.0,4788,20.1
fixation,1326573.0529999733,0.39330057685191816,0.6224378989293025,2.222406240609976,2.2975135216346154,217.0,4789,20.1
fixation,1326806.3909999132,0.3796071782708168,0.6175045520067215,2.240814208984375,2.339466094970703,66.0,4790,20.1
fixation,1326906.394999981,0.42730628089471295,0.6175368048928,2.306242509321733,2.366493918678977,183.0,4791,20.1
fixation,1327106.3939999342,0.4933499757732664,0.6088772479976926,2.3049632481166293,2.350977216448103,233.0,4792,20.1
fixation,1327406.4009999037,0.5500784486532211,0.5999492108821869,2.296240234375,2.34898681640625,166.0,4793,20.1
fixation,1327606.4029999971,0.5891280733048916,0.6055014543235302,2.3373031616210938,2.3856754302978516,133.0,4794,20.1
fixation,1327773.0729999542,0.6604462618177588,0.610722387378866,2.3691350763494317,2.4334786155007104,184.0,4795,20.1
fixation,1328039.746999979,0.7308277556529412,0.6119992412053622,2.3945688100961537,2.450695331280048,217.0,4796,20.1
fixation,1328289.7479999065,0.8003045959132058,0.5984975269862584,2.396209716796875,2.4718802315848216,117.0,4797,20.1
fixation,1328456.419999957,0.3037947929567761,0.7076014975706736,2.368294609917535,2.5179595947265625,150.0,4798,20.1
fixation,1328623.0899999142,0.26042834096229994,0.6997509782130902,2.371660672701322,2.520258976862981,217.0,4799,20.1
fixation,1328873.0949999094,0.34536970779299736,0.681804063419501,2.3588473002115884,2.454217274983724,200.0,4800,20.1
fixation,1329106.4309999943,0.3860539883375168,0.6743415534496308,2.3076202392578127,2.3852584838867186,174.0,4801,20.1
fixation,1329473.1049998999,0.4649676436727697,0.6759477068077434,2.3096452192826704,2.341523603959517,184.0,4802,20.1
fixation,1329689.7759999037,0.5336857934792837,0.6747200712561607,2.3923021952311196,2.425037384033203,200.0,4803,20.1
fixation,1329923.1150000095,0.6230051453624453,0.6770759373903275,2.3348007202148438,2.387967790876116,234.0,4804,20.1
fixation,1330189.7849999666,0.6777020812034606,0.6742111384868622,2.3158355712890626,2.3522003173828123,83.0,4805,20.1
fixation,1330289.7879999876,0.7234566450119019,0.6739945193131764,2.325126139322917,2.372425333658854,250.0,4806,20.1
fixation,1330589.7939999104,0.5244746574988732,0.3850185676262929,2.3630453256460338,2.453595674954928,217.0,4807,NOTRIAL
fixation,1330839.7960000038,0.532652830084165,0.28585271288951236,2.4083709716796875,2.4981981913248696,200.0,4808,NOTRIAL
fixation,1331073.1349999905,0.5077166507641474,0.2866159404317538,2.4164962768554688,2.5175704956054688,100.0,4809,NOTRIAL
fixation,1331206.4689999819,0.594618582063251,0.2829963465531667,2.403072781032986,2.4834662543402777,150.0,4810,NOTRIAL
fixation,1331389.8079999685,0.5728670001029968,0.28893454372882843,2.4166844685872397,2.49832763671875,500.0,4811,NOTRIAL
fixation,1331923.1529999971,0.6336817890405655,0.2753307120874524,2.4351139068603516,2.502150535583496,267.0,4812,NOTRIAL
fixation,1332223.1579999924,0.5693947821855545,0.2783327385783195,2.4069244384765627,2.4996017456054687,167.0,4813,NOTRIAL
fixation,1332623.1660000086,0.34775211215019225,0.515510869026184,2.3768829345703124,2.5110076904296874,84.0,4814,NOTRIAL
fixation,1332723.169999957,0.34699702688625883,0.4993058890104294,2.338963099888393,2.5038277762276784,117.0,4815,NOTRIAL
fixation,1332873.1739999056,0.582769364118576,0.49452734490235645,2.390045166015625,2.4747187296549478,100.0,4816,NOTRIAL
fixation,1332989.8420000076,0.5853137771288554,0.48494134843349457,2.343633015950521,2.4300740559895835,100.0,4817,NOTRIAL
fixation,1333123.1799999475,0.6309620211521785,0.503517214457194,2.3765869140625,2.4422566731770834,500.0,4818,NOTRIAL
fixation,1333673.189999938,0.3462130245235231,0.7483871264590157,2.369409349229601,2.4751849704318576,300.0,4819,NOTRIAL
fixation,1333989.862999916,0.3689201365817677,0.7343492643399672,2.4281200062144888,2.5091483376242896,191.0,4820,NOTRIAL
fixation,1334373.2049999237,0.6146670579910278,0.4968596332603031,2.384182400173611,2.447418212890625,150.0,4821,NOTRIAL
fixation,1334539.8739999533,0.5839641789595286,0.49073809882005054,2.4236933390299478,2.502826690673828,208.0,4822,NOTRIAL
fixation,1334989.8819999695,0.39847809289182934,0.7471683876855033,2.229830060686384,2.330023629324777,109.0,4823,NOTRIAL
fixation,1335123.2209999561,0.34488255716860294,0.7464761026203632,2.296415328979492,2.4019775390625,134.0,4824,NOTRIAL
fixation,1335306.5579999685,0.624408769607544,0.7309216171503067,2.328607177734375,2.3405380249023438,166.0,4825,NOTRIAL
fixation,1335489.894999981,0.6516686779888052,0.7320656149010909,2.2644135324578536,2.2873105500873767,633.0,4826,NOTRIAL
fixation,1336189.90899992,0.542937658727169,0.4655136801302433,2.2676239013671875,2.3751068115234375,67.0,4827,NOTRIAL
fixation,1336273.2419999838,0.545237497849898,0.45371230894869025,2.30096435546875,2.3897885409268467,184.0,4828,FIX_CROS
fixation,1336489.9129999876,0.4927210830725156,0.45731827731315905,2.3485788198617787,2.4594210111177883,217.0,4829,FIX_CROS
fixation,1336739.9179999828,0.3839474075606891,0.3349851465650967,2.337805611746652,2.4913460867745534,233.0,4830,FIX_CROS
fixation,1337006.5889999866,0.4639616327153312,0.4451625711388058,2.3127678765190973,2.41497802734375,150.0,4831,FIX_CROS
fixation,1337189.9239999056,0.2718452410772443,0.4605464758351445,2.369969367980957,2.4927053451538086,267.0,4832,FIX_CROS
fixation,1337489.9289999008,0.20226820723878014,0.4437560853030946,2.4437984890407987,2.572687784830729,150.0,4833,20.2
fixation,1337656.5999999046,0.2524066824052069,0.4501497646172841,2.424435085720486,2.5496995713975696,150.0,4834,20.2
fixation,1337839.9319999218,0.3137942041669573,0.4593725140605654,2.386537824358259,2.4913482666015625,117.0,4835,20.2
fixation,1337989.9390000105,0.3960202806271039,0.4594344233091061,2.340753408578726,2.420965341421274,217.0,4836,20.2
fixation,1338223.2799999714,0.43276832439005375,0.4700421951711178,2.358684539794922,2.4502601623535156,134.0,4837,20.2
fixation,1338389.9449999332,0.511925196647644,0.4730656832456589,2.3894134521484376,2.450555419921875,83.0,4838,20.2
fixation,1338489.949000001,0.5110872328281403,0.48109045922756194,2.4191314697265627,2.4910614013671877,83.0,4839,20.2
fixation,1338823.2899999619,0.5815058588981629,0.4699628293514252,2.4377095540364584,2.551347859700521,250.0,4840,20.2
fixation,1339106.6309999228,0.6494512225572879,0.46972347165529543,2.415674062875601,2.4846432025615988,433.0,4841,20.2
fixation,1339573.300999999,0.7184961753733018,0.46983958868419423,2.374607759363511,2.427764892578125,284.0,4842,20.2
fixation,1339873.3069999218,0.7490347466048073,0.4696007984526017,2.4418397791245403,2.501547420726103,284.0,4843,20.2
fixation,1340173.3129999638,0.791554547018475,0.45028913021087646,2.4432864718967013,2.469728257921007,150.0,4844,20.2
fixation,1340373.3069999218,0.7142791599035263,0.4607541809479396,2.4197362263997397,2.435766855875651,200.0,4845,20.2
fixation,1340623.32099998,0.37043506900469464,0.5699938303894467,2.353690253363715,2.4595269097222223,150.0,4846,20.2
fixation,1340806.6579999924,0.3312930481301414,0.5653708875179291,2.366909450954861,2.4867757161458335,150.0,4847,20.2
fixation,1340989.9950000048,0.41720710694789886,0.5576705157756805,2.402471923828125,2.46749267578125,167.0,4848,20.2
fixation,1341189.996999979,0.44622560793703253,0.5592170249332081,2.3806277188387783,2.4362418434836646,184.0,4849,20.2
fixation,1341390.0019999743,0.5196708341439565,0.5526992132266363,2.3703397115071616,2.422715504964193,200.0,4850,20.2
fixation,1341623.33799994,0.6101123013279655,0.5478769351135601,2.3735837069424717,2.442904385653409,183.0,4851,20.2
fixation,1341840.0089999437,0.6529144763946533,0.5538758516311646,2.414569091796875,2.4937149047851563,175.0,4852,20.2
fixation,1342206.6799999475,0.5179764293134212,0.38262792117893696,2.4230518341064453,2.496978759765625,133.0,4853,NOTRIAL
fixation,1342373.3499999046,0.4080528672784567,0.3421708159148693,2.486970901489258,2.5720977783203125,133.0,4854,NOTRIAL
fixation,1342540.0219999552,0.36358518046992166,0.29470711733613697,2.5052642822265625,2.595062255859375,117.0,4855,NOTRIAL
fixation,1342673.3549998999,0.3527653028567632,0.28310403774182,2.3632960001627605,2.4576136271158853,500.0,4856,NOTRIAL
fixation,1343206.6969999075,0.3478101076824324,0.49301437182085855,2.2609056745256697,2.341355460030692,233.0,4857,NOTRIAL
fixation,1343456.7029999495,0.35123387385498395,0.5016511123288762,2.2981026389382104,2.410135442560369,183.0,4858,NOTRIAL
fixation,1343690.0410000086,0.33616594157435675,0.7539234730330381,2.356435602361506,2.4320928400213067,184.0,4859,NOTRIAL
fixation,1343890.0410000086,0.3541118150407618,0.7405668876387856,2.367666071111506,2.437289151278409,184.0,4860,NOTRIAL
fixation,1344106.7149999142,0.3679792620241642,0.5037384877602259,2.355046590169271,2.4507459004720054,200.0,4861,NOTRIAL
fixation,1344356.7199999094,0.3517972613374392,0.7219895253578822,2.3569488525390625,2.4445505777994794,500.0,4862,NOTRIAL
fixation,1344940.0640000105,0.4569109784705298,0.7152363061904907,2.3681226457868303,2.4504808698381697,117.0,4863,NOTRIAL
fixation,1345090.0659999847,0.5910123984018961,0.717514730989933,2.370904286702474,2.4087448120117188,208.0,4864,NOTRIAL
fixation,1345756.7479999065,0.50479651754722,0.7247534263879061,2.4287490844726562,2.5318474769592285,525.0,4865,NOTRIAL
fixation,1346340.0899999142,0.6105949115008116,0.633835471700877,2.3681530952453613,2.41953182220459,534.0,4866,NOTRIAL
fixation,1346940.1009999514,0.37014758374009815,0.4479681019272123,2.448026384626116,2.5536063058035716,117.0,4867,NOTRIAL
fixation,1347073.4379999638,0.37005198933184147,0.39443192072212696,2.4525394439697266,2.5562820434570312,133.0,4868,NOTRIAL
fixation,1347256.7749999762,0.575738362967968,0.46174123883247375,2.4419174194335938,2.4988250732421875,67.0,4869,NOTRIAL
fixation,1347373.4440000057,0.33582059542338055,0.48744343345363933,2.4036242167154946,2.545745849609375,200.0,4870,NOTRIAL
fixation,1347606.7799999714,0.3609165404293988,0.5188841368701007,2.424900364231419,2.5390612628008866,617.0,4871,NOTRIAL
fixation,1348256.791999936,0.48992081731557846,0.48727541565895083,2.402655029296875,2.4805984497070312,167.0,4872,NOTRIAL
fixation,1348440.1279999018,0.5020780861377716,0.49714573845267296,2.422637939453125,2.493579864501953,75.0,4873,NOTRIAL
fixation,1348723.4679999352,0.5087982058525086,0.4947282880544662,2.454559326171875,2.56539306640625,75.0,4874,27
fixation,1348856.8029999733,0.4636495813727379,0.3925608992576599,2.5209640502929687,2.6541427612304687,167.0,4875,27
fixation,1349090.1380000114,0.4698302083545261,0.5397350788116455,2.4694010416666665,2.5705803765190973,158.0,4876,27
fixation,1349473.4779999256,0.4761819646638982,0.5528279630576863,2.490634693818934,2.5882209329044117,283.0,4877,27
fixation,1349790.1529999971,0.5010041286205423,0.47997547172266863,2.424451630691002,2.5464330212823274,484.0,4878,27
fixation,1350306.8269999027,0.5156174163023631,0.4169933577378591,2.400984700520833,2.4846527099609377,250.0,4879,27
fixation,1350590.1639999151,0.4775710880756378,0.3860704392194748,2.4075942993164063,2.5333572387695313,167.0,4880,27
fixation,1350790.1660000086,0.4335041455924511,0.5367012564092875,2.3950881958007812,2.5373029708862305,267.0,4881,27
fixation,1351090.166999936,0.4065715491771698,0.5742794334888458,2.4129241943359374,2.5577545166015625,92.0,4882,27
fixation,1351390.172999978,0.44265088226114,0.5904529563018254,2.3534393310546875,2.542973109654018,109.0,4883,27
fixation,1351540.1789999008,0.5073294648352791,0.5831108391284943,2.4490733427159928,2.6203550450942097,284.0,4884,27
fixation,1351840.1829999685,0.48386793831984204,0.5996396144231161,2.41835700141059,2.5688968234592013,150.0,4885,27
fixation,1352023.5180000067,0.4592241570353508,0.5453112817236355,2.428708757672991,2.560246058872768,466.0,4886,27
fixation,1352523.5269999504,0.4093065957228343,0.6755746834807925,2.354275173611111,2.4925164116753473,150.0,4887,27
fixation,1352723.5299999714,0.39413539692759514,0.8764861077070236,2.3940372467041016,2.499187469482422,133.0,4888,27
fixation,1352890.1979999542,0.4586144563826648,0.8788988508961417,2.4383794611150567,2.5609921542080967,184.0,4889,27
fixation,1353106.871999979,0.5218838048832757,0.8735729030200413,2.400946480887277,2.4898103986467635,233.0,4890,27
fixation,1353356.8739999533,0.5702051179749625,0.876925208738872,2.3706839425223216,2.44732666015625,117.0,4891,27
fixation,1353490.2089999914,0.6069724176611219,0.8805299784455981,2.3760506766183034,2.4414563860212053,117.0,4892,27
fixation,1353640.209999919,0.4033818638750485,0.881835862994194,2.3453194754464284,2.4518225533621654,234.0,4893,27
fixation,1353906.8809999228,0.386180367320776,0.8829393163323402,2.3693161010742188,2.459209442138672,67.0,4894,27
fixation,1354006.8809999228,0.46239871870387683,0.8741782551462,2.3450886119495737,2.4319083473899146,183.0,4895,27
fixation,1354223.550999999,0.5333196127414703,0.8741509926319122,2.341282958984375,2.4204534912109374,416.0,4896,27
fixation,1354656.8930000067,0.5751684804757436,0.8790166725715002,2.3748245239257812,2.4529317220052085,108.0,4897,27
fixation,1354990.2299998999,0.4624888662781034,0.5544938700539725,2.3650316510881697,2.4672459193638394,109.0,4898,27
fixation,1355140.2350000143,0.494038541208614,0.3595701191912998,2.4510699185458096,2.5267708518288354,367.0,4899,27
fixation,1355523.5749999285,0.44715498595736747,0.3603780075561169,2.291344930959302,2.3765993340070857,724.0,4900,27
fixation,1356440.2580000162,0.568484406386103,0.5513741608176913,2.3044607979910716,2.348240443638393,234.0,4901,27
fixation,1356723.5949999094,0.4508922711014748,0.60712910592556,2.3973907470703124,2.454270935058594,166.0,4902,27
fixation,1356923.5999999046,0.3947755694389343,0.621856639161706,2.388644218444824,2.479947090148926,266.0,4903,27
fixation,1357223.601999998,0.5515939369797707,0.633232685426871,2.4632225036621094,2.502882639567057,200.0,4904,27
fixation,1357456.9449999332,0.5512557302912077,0.48677430922786397,2.503668467203776,2.5693740844726562,200.0,4905,27
fixation,1357690.2819999456,0.523842119652292,0.3488786907299705,2.5616236147673233,2.678866842518682,384.0,4906,27
fixation,1358106.9539999962,0.4167979806661606,0.3532591783083402,2.537110548753005,2.7108189509465146,225.0,4907,FIX_CROS
fixation,1358540.2960000038,0.43443266784443574,0.40194963970605063,2.5043496524586395,2.6777280919692097,276.0,4908,FIX_CROS
fixation,1358856.9670000076,0.4885366693139076,0.4389366090297699,2.5309783935546877,2.6492431640625,167.0,4909,27.2
fixation,1359073.6369999647,0.3186410889029503,0.39227575436234474,2.417285919189453,2.5732688903808594,66.0,4910,27.2
fixation,1359173.6399999857,0.22669558392630684,0.3405415382650163,2.3788299560546875,2.534049140082465,150.0,4911,27.2
fixation,1359340.3109999895,0.20995551627129316,0.32607156969606876,2.3841400146484375,2.500581741333008,134.0,4912,27.2
fixation,1359506.9789999723,0.28236164301633837,0.32906014919281007,2.378373718261719,2.494273376464844,167.0,4913,27.2
fixation,1359690.3169999123,0.3507669040789971,0.3184932619333267,2.370330810546875,2.436504657451923,217.0,4914,27.2
fixation,1359940.3199999332,0.4232962510802529,0.3242647105997259,2.336142800071023,2.4328751997514204,184.0,4915,27.2
fixation,1360156.9889999628,0.49758232980966566,0.330279640853405,2.365946960449219,2.4491012573242186,333.0,4916,27.2
fixation,1360523.6610000134,0.5502485310037931,0.3300147093832493,2.3931986490885415,2.496129353841146,208.0,4917,27.2
fixation,1360923.669999957,0.6251647770404816,0.32068653851747514,2.395854187011719,2.4990478515625,159.0,4918,27.2
fixation,1361123.669999957,0.6879508105608133,0.33047838852955747,2.4569314809945912,2.5273296649639425,217.0,4919,27.2
fixation,1361373.6749999523,0.7192636281251907,0.32621516585350036,2.362559509277344,2.418524169921875,167.0,4920,27.2
fixation,1361573.6779999733,0.7636870614119938,0.3254569449595043,2.3262111118861606,2.3677498953683034,117.0,4921,27.2
fixation,1361707.013999939,0.79661725461483,0.3156139738857746,2.3019676208496094,2.357240676879883,134.0,4922,27.2
fixation,1361923.6819999218,0.21996548984731948,0.4026090055704117,2.2951790945870534,2.435420445033482,117.0,4923,27.2
fixation,1362073.6859999895,0.17805564200336282,0.40649406340989197,2.3067127574573862,2.441825173117898,191.0,4924,27.2
fixation,1362507.0249999762,0.25353235844522715,0.4330634158104658,2.2588233947753906,2.4030017852783203,134.0,4925,27.2
fixation,1362673.6949999332,0.29086199899514514,0.4374881701336967,2.3158365885416665,2.428012424045139,150.0,4926,27.2
fixation,1362840.3650000095,0.2515364495607523,0.4412292872483914,2.2850482647235575,2.3965008075420675,216.0,4927,27.2
fixation,1363090.3679999113,0.36120363528078253,0.4359396912834861,2.283265547318892,2.3953399658203125,183.0,4928,27.2
fixation,1363290.3700000048,0.3446447150065349,0.4356972357401481,2.3080843411959133,2.4195451002854567,216.0,4929,27.2
fixation,1363540.375,0.4043422192335129,0.4335078539756628,2.348162137545072,2.4443899301382213,216.0,4930,27.2
fixation,1363790.3789999485,0.4506130026919501,0.4393861953701292,2.361199515206473,2.450171334402902,116.0,4931,27.2
fixation,1363923.7139999866,0.4860937222838402,0.43511258363723754,2.3828399658203123,2.467481994628906,167.0,4932,27.2
fixation,1364123.7179999352,0.5442144636596952,0.432079333279814,2.400567190987723,2.465712411063058,233.0,4933,27.2
fixation,1364373.7220000029,0.5969329178333282,0.43327023461461067,2.4027366638183594,2.4802379608154297,141.0,4934,27.2
fixation,1364673.7289999723,0.6493709662130901,0.4371101366622107,2.465327671595982,2.5715931483677457,233.0,4935,27.2
fixation,1364940.3989999294,0.7287862102190653,0.4432733282446861,2.5766906738281246,2.6790618896484375,100.0,4936,27.2
fixation,1365057.0669999123,0.7726191644157682,0.43840853976351873,2.4983607700892856,2.6052028111049106,234.0,4937,27.2
fixation,1365323.737999916,0.8130495771765709,0.42049429193139076,2.4407424926757812,2.5260276794433594,67.0,4938,27.2
fixation,1365473.7429999113,0.21382346749305725,0.5080204639169905,2.3527696397569446,2.5593973795572915,150.0,4939,27.2
fixation,1365640.40899992,0.1783587193259826,0.5110607857887561,2.36334228515625,2.555950458233173,224.0,4940,27.2
fixation,1366140.4219999313,0.29265751130878925,0.5307926498353481,2.3281307220458984,2.486347198486328,125.0,4941,27.2
fixation,1366290.4210000038,0.24415985929469267,0.5298224488894144,2.4014498392740884,2.518133799235026,200.0,4942,27.2
fixation,1366507.0929999352,0.271795018361165,0.5258717628625723,2.3454366830679088,2.453100351186899,217.0,4943,27.2
fixation,1366757.0979999304,0.37019441425800326,0.5130446940660477,2.273484802246094,2.3831878662109376,167.0,4944,27.2
fixation,1366957.0999999046,0.34170553386211394,0.5090462148189545,2.2808024088541665,2.404902140299479,250.0,4945,27.2
fixation,1367223.7709999084,0.37874715924263,0.5031069099903107,2.308294677734375,2.40816650390625,83.0,4946,27.2
fixation,1367340.4390000105,0.4394184710348354,0.49619443013387565,2.2819160012637867,2.3902821260340072,283.0,4947,27.2
fixation,1367640.4440000057,0.4783424458333424,0.4983672308070319,2.3055899483816966,2.4101224626813615,233.0,4948,27.2
fixation,1367907.1139999628,0.5151444872220358,0.49640512300862205,2.293970743815104,2.3937276204427085,150.0,4949,27.2
fixation,1368090.4529999495,0.49260741968949634,0.5065210983157158,2.2805404663085938,2.3880640665690103,108.0,4950,27.2
fixation,1368607.1299999952,0.5690074761708578,0.520973821481069,2.4188639322916665,2.5381546020507812,92.0,4951,27.2
fixation,1368740.4639999866,0.6589597591332027,0.5074122335229602,2.467911856515067,2.5610852922712053,233.0,4952,27.2
fixation,1369007.1380000114,0.7300699624148282,0.5033707876097072,2.3863095370205967,2.473673040216619,184.0,4953,27.2
fixation,1369207.138999939,0.7602398968659915,0.4978288927903542,2.316126896784856,2.352642352764423,217.0,4954,27.2
fixation,1369457.144999981,0.8225445449352264,0.48497336357831955,2.2621593475341797,2.3375625610351562,134.0,4955,27.2
fixation,1369657.144999981,0.2298949882388115,0.6001116573810578,2.2820068359375,2.42564697265625,84.0,4956,27.2
fixation,1369807.1499999762,0.17494447380304337,0.5827684938907624,2.30087890625,2.478227233886719,167.0,4957,27.2
fixation,1370007.1529999971,0.2576715788907475,0.5880419214566549,2.326755099826389,2.485543145073785,150.0,4958,27.2
fixation,1370190.4889999628,0.21778585637609163,0.582328217724959,2.268080393473307,2.403143564860026,200.0,4959,27.2
fixation,1370423.8259999752,0.25642462745308875,0.5914353191852569,2.287156677246094,2.399610900878906,167.0,4960,27.2
fixation,1370623.8309999704,0.31546694957293,0.5910738408565521,2.2782757098858175,2.3821305495042067,217.0,4961,27.2
fixation,1370857.166999936,0.37451548129320145,0.5816478915512562,2.2382335662841797,2.3363265991210938,142.0,4962,27.2
fixation,1371190.5049999952,0.4385692791806327,0.5972878105110593,2.3105604383680554,2.367458767361111,142.0,4963,27.2
fixation,1371357.1749999523,0.4670660431895937,0.6004970627171653,2.3687591552734375,2.41937255859375,117.0,4964,27.2
fixation,1371507.1769999266,0.5367507338523865,0.6045252515210046,2.3786078559027777,2.4078301323784723,150.0,4965,27.2
fixation,1371690.5119999647,0.5110148241122564,0.6073318968216578,2.304936726888021,2.3471781412760415,200.0,4966,27.2
fixation,1371923.848999977,0.5657509913047155,0.5973683074116707,2.3239428202311196,2.3731231689453125,200.0,4967,27.2
fixation,1372157.1890000105,0.6356688663363457,0.5923085610071818,2.3361663818359375,2.4242655436197915,200.0,4968,27.2
fixation,1372373.8589999676,0.6752150919702318,0.588452955087026,2.368136935763889,2.429923163519965,150.0,4969,27.2
fixation,1372557.189999938,0.7098436674901417,0.5881224551371166,2.3838729858398438,2.453547886439732,234.0,4970,27.2
fixation,1372807.19599998,0.6831419765949249,0.5878504693508149,2.3573974609375,2.455352783203125,84.0,4971,27.2
fixation,1372923.8669999838,0.7853795468807221,0.5792563378810882,2.359486389160156,2.446272277832031,167.0,4972,27.2
fixation,1373157.2019999027,0.22055666255099432,0.6716051953179496,2.3375047956194197,2.511688232421875,117.0,4973,27.2
fixation,1373307.2049999237,0.17949407324194908,0.6961253464221955,2.3173065185546875,2.4672637939453126,167.0,4974,27.2
fixation,1373507.2079999447,0.26137853488326074,0.694415757060051,2.320147705078125,2.4140579223632814,167.0,4975,27.2
fixation,1373707.2120000124,0.3573568520637659,0.6895107947863065,2.3032073974609375,2.389251708984375,217.0,4976,27.2
fixation,1373957.215999961,0.41331190764904024,0.6828758597373963,2.3289154052734373,2.3828582763671875,84.0,4977,27.2
fixation,1374073.8839999437,0.48640755225311627,0.6790843958204443,2.336282903497869,2.3867603648792612,183.0,4978,27.2
fixation,1374290.550999999,0.5547627442412906,0.6750802960660722,2.362635294596354,2.4047003851996527,150.0,4979,27.2
fixation,1374473.8899999857,0.6201692759990692,0.6733047813177109,2.378828430175781,2.394697570800781,167.0,4980,27.2
fixation,1374673.8899999857,0.6892429292201996,0.666430509516171,2.3425990513392856,2.3741629464285716,233.0,4981,27.2
fixation,1374940.5629999638,0.741924198610442,0.6691080204078129,2.3462448120117188,2.3657804216657365,233.0,4982,27.2
fixation,1375190.5690000057,0.7936116218566894,0.6757751266161601,2.343450927734375,2.3667226155598957,250.0,4983,27.2
fixation,1375507.2429999113,0.5460169821977615,0.3816226691007614,2.3723052978515624,2.4625732421875,167.0,4984,NOTRIAL
fixation,1375723.9079999924,0.6021519038412306,0.3153887755341,2.4391309950086804,2.5061526828342013,150.0,4985,NOTRIAL
fixation,1375907.246999979,0.637048558332026,0.27943878853693604,2.434894561767578,2.5215978622436523,534.0,4986,NOTRIAL
fixation,1376457.2599999905,0.654140849908193,0.27415531997879344,2.405053456624349,2.486738840738932,200.0,4987,NOTRIAL
fixation,1376673.9279999733,0.6291583193385083,0.2788249642952629,2.4103877855383833,2.5082994543987773,383.0,4988,NOTRIAL
fixation,1377090.6029999256,0.6372551480929057,0.49688642770051955,2.4098353068033855,2.497539774576823,500.0,4989,NOTRIAL
fixation,1377723.949000001,0.6516030743718147,0.7247934028506279,2.3751155853271486,2.4480239868164064,667.0,4990,NOTRIAL
fixation,1378440.6279999018,0.5882825702428818,0.4808199206988017,2.425762176513672,2.4979985555013022,200.0,4991,FIX_CROS
fixation,1378673.9649999142,0.5010693801773919,0.4822043859296375,2.475345187717014,2.5585259331597223,158.0,4992,FIX_CROS
fixation,1379023.9699999094,0.4026928573846817,0.3875102519989014,2.5019248962402343,2.6280258178710936,333.0,4993,FIX_CROS
fixation,1379390.644999981,0.34599264424580795,0.4266935552542026,2.41085932804988,2.5472271259014425,216.0,4994,FIX_CROS
fixation,1379707.314999938,0.22124050185084343,0.3869582712650299,2.3472925821940103,2.4788945515950522,100.0,4995,27.1
fixation,1379823.9809999466,0.19297370397382313,0.37006858819060856,2.364344278971354,2.501497056749132,150.0,4996,27.1
fixation,1380007.3219999075,0.26785058866847644,0.369862980463288,2.365853049538352,2.5068414861505683,184.0,4997,27.1
fixation,1380223.9889999628,0.35537059198726306,0.3746662857857617,2.31787109375,2.427744085138494,183.0,4998,27.1
fixation,1380440.6610000134,0.4206180539396074,0.3735438386599223,2.278589884440104,2.3841688368055554,150.0,4999,27.1
fixation,1380624.0019999743,0.4840676676895883,0.3752870079543855,2.34287601047092,2.4327629937065973,300.0,5000,27.1
fixation,1380957.33799994,0.5494546219706535,0.36695466935634613,2.3412017822265625,2.4197921752929688,66.0,5001,27.1
fixation,1381057.340999961,0.6187243349850178,0.3718858789652586,2.351165771484375,2.457439422607422,133.0,5002,27.1
fixation,1381224.0119999647,0.5723443701863289,0.37873376719653606,2.368907928466797,2.443155288696289,134.0,5003,27.1
fixation,1381390.6819999218,0.6416722668541802,0.37671341333124375,2.392120361328125,2.4940863715277777,150.0,5004,27.1
fixation,1381574.0209999084,0.7068887650966644,0.3772853910923004,2.3973297119140624,2.4847625732421874,92.0,5005,27.1
fixation,1381890.6940000057,0.764338381588459,0.3578191716223955,2.436229705810547,2.530244827270508,125.0,5006,27.1
fixation,1382040.6969999075,0.801831179857254,0.36160596907138826,2.4754302978515623,2.5651611328125,83.0,5007,27.1
fixation,1382190.699000001,0.20958144962787628,0.44828344881534576,2.3816566467285156,2.5281600952148438,133.0,5008,27.1
fixation,1382340.7019999027,0.17312766859928766,0.4497677865955565,2.2665829128689237,2.398922390407986,150.0,5009,27.1
fixation,1382507.371999979,0.2544081670542558,0.444580614566803,2.1995201110839844,2.336724599202474,200.0,5010,27.1
fixation,1382724.041999936,0.30131128643240246,0.4519744079027857,2.1737965175083707,2.293438502720424,234.0,5011,27.1
fixation,1382974.047999978,0.3590442973833818,0.45303208094376785,2.1423879770132213,2.2589275653545675,217.0,5012,27.1
fixation,1383224.0539999008,0.4352901726961136,0.45819930266588926,2.18410587310791,2.299896240234375,267.0,5013,27.1
fixation,1383524.0640000105,0.49788781865076587,0.46826766431331635,2.282900723544034,2.3488575328480112,184.0,5014,27.1
fixation,1383740.7299998999,0.546547783272607,0.4705933481454849,2.310420445033482,2.375152587890625,117.0,5015,27.1
fixation,1383890.7339999676,0.6104697819267001,0.45958671612398966,2.3339811052594865,2.400914873395647,233.0,5016,27.1
fixation,1384157.4060000181,0.6770922291278839,0.4577450889348984,2.377308349609375,2.4390155029296876,416.0,5017,27.1
fixation,1384607.4160000086,0.728742079301314,0.46027541160583496,2.4070628773082388,2.490998701615767,183.0,5018,27.1
fixation,1384807.419999957,0.7839462533593178,0.45685914779702824,2.4193293253580728,2.4730428059895835,200.0,5019,27.1
fixation,1385224.0979999304,0.1979742640008529,0.5640871872504553,2.315495808919271,2.4592984517415366,200.0,5020,27.1
fixation,1385457.4349999428,0.24967769107648305,0.5565767713955471,2.336183820452009,2.4000418526785716,116.0,5021,27.1
fixation,1385607.436999917,0.3845655057165358,0.5535315738783942,2.26468743218316,2.364446004231771,150.0,5022,27.1
fixation,1385790.7749999762,0.5033928751945496,0.5523938735326132,2.251046074761285,2.3192630343967013,150.0,5023,27.1
fixation,1385974.1119999886,0.6312839860717455,0.5456392715374628,2.297022501627604,2.344609578450521,200.0,5024,27.1
fixation,1386207.449000001,0.6836886189200662,0.5563296675682068,2.3563052090731533,2.406532981178977,183.0,5025,27.1
fixation,1386424.1209999323,0.7540756851434708,0.5545055061578751,2.3685684204101562,2.4086227416992188,167.0,5026,27.1
fixation,1386624.1209999323,0.8173125147819519,0.5418106615543365,2.3295654296875,2.3951080322265623,84.0,5027,27.1
fixation,1386757.4589999914,0.373300497730573,0.6596980864802996,2.296635945638021,2.402276357014974,200.0,5028,27.1
fixation,1386990.794999957,0.46161503745959354,0.635506462592345,2.3059481107271633,2.387086134690505,217.0,5029,27.1
fixation,1387240.7989999056,0.5403901582414453,0.6317106702110984,2.2807367498224433,2.3371817848899146,183.0,5030,27.1
fixation,1387457.4709999561,0.5990239896557548,0.638527287678285,2.2894217751242896,2.327206698330966,183.0,5031,27.1
fixation,1387674.1409999132,0.6466403667415891,0.6453770058495658,2.3364464896065846,2.3704605102539062,234.0,5032,27.1
fixation,1387924.1459999084,0.6939263731241226,0.6431786417961121,2.349839782714844,2.4004470825195314,175.0,5033,27.1
fixation,1388324.1499999762,0.3678464036096226,0.5846014375036414,2.357298417524858,2.488585038618608,184.0,5034,27.1
fixation,1388540.824000001,0.4233206524090333,0.5800497775728052,2.3685164018110796,2.4731403697620737,183.0,5035,27.1
fixation,1388757.493999958,0.49055204597803265,0.5741730080201075,2.3036463810847354,2.3752605731670675,216.0,5036,27.1
fixation,1388990.8299999237,0.5173385664820671,0.5783154740929604,2.2876739501953125,2.3573582967122397,200.0,5037,27.1
fixation,1389224.1689999104,0.5525135219097137,0.5757790476083755,2.30108642578125,2.3661453247070314,167.0,5038,27.1
fixation,1389474.1710000038,0.38637467905094747,0.3569543808698654,2.3583655106393913,2.478118896484375,317.0,5039,NOTRIAL
fixation,1389807.5130000114,0.36179197728633883,0.2915368556976318,2.4047012329101562,2.5167327880859376,166.0,5040,NOTRIAL
fixation,1389990.8499999046,0.34414999104208416,0.287720713350508,2.313108656141493,2.4290847778320312,300.0,5041,NOTRIAL
fixation,1390340.851999998,0.34429915414916146,0.4830273042122523,2.264836629231771,2.35152350531684,150.0,5042,NOTRIAL
fixation,1390507.51699996,0.35041879747922605,0.5079598455474927,2.2903870802659254,2.4003559992863583,433.0,5043,NOTRIAL
fixation,1390990.8499999046,0.35152316093444824,0.7458486097554365,2.302076975504557,2.396378835042318,400.0,5044,NOTRIAL
fixation,1391424.1879999638,0.458079868927598,0.7104707434773445,2.2842063903808594,2.340618133544922,134.0,5045,NOTRIAL
fixation,1391590.8549998999,0.518497534096241,0.7258551716804504,2.238513946533203,2.2841930389404297,141.0,5046,NOTRIAL
fixation,1391940.8600000143,0.5167838931083679,0.7178732405106226,2.291681925455729,2.3710250854492188,92.0,5047,NOTRIAL
fixation,1392057.5269999504,0.5033216233486715,0.7166345022294832,2.3095706442128057,2.3669901308806045,766.0,5048,NOTRIAL
fixation,1392874.192999959,0.5335912816226482,0.4641920682042837,2.3413734436035156,2.4185714721679688,134.0,5049,NOTRIAL
fixation,1393057.5279999971,0.3601933482921485,0.4774847396395423,2.389027451023911,2.5638020833333335,550.0,5050,NOTRIAL
fixation,1393640.862999916,0.3485123829709159,0.5307892251897741,2.3860671431929976,2.5424075656467013,458.0,5051,NOTRIAL
fixation,1394324.19599998,0.3533657528460026,0.531406001187861,2.4349498748779297,2.5840811729431152,526.0,5052,NOTRIAL
fixation,1394907.53399992,0.4829859212040901,0.5035788789391518,2.2834370930989585,2.377955118815104,108.0,5053,NOTRIAL
fixation,1395240.8709999323,0.5121473239527808,0.49201658699247575,2.3785807291666665,2.4429168701171875,150.0,5054,28
fixation,1395424.2049999237,0.4102109256717894,0.409857291314337,2.4618988037109375,2.5882432725694446,150.0,5055,28
fixation,1395607.541999936,0.4918390048874749,0.39400659170415664,2.394802517361111,2.4675157335069446,150.0,5056,28
fixation,1395840.8779999018,0.4655778333544731,0.3982742615044117,2.3342819213867188,2.45587158203125,67.0,5057,28
fixation,1395940.8789999485,0.4309804767370224,0.38933187127113345,2.32117919921875,2.4431060791015624,83.0,5058,28
fixation,1396057.5499999523,0.5417410297827288,0.3918671404773539,2.3379474986683237,2.422970858487216,183.0,5059,28
fixation,1396274.2209999561,0.5866031994422277,0.39671096950769424,2.3659693400065103,2.4286651611328125,100.0,5060,28
fixation,1396424.2189999819,0.40500190295279026,0.44391901418566704,2.3766441345214844,2.5168304443359375,134.0,5061,28
fixation,1396590.8899999857,0.4035939835011959,0.4298507794737816,2.386127471923828,2.5125198364257812,67.0,5062,28
fixation,1396674.2289999723,0.4010338246822357,0.4451147556304932,2.4095947265625,2.5374114990234373,84.0,5063,28
fixation,1396790.89199996,0.5160583723336458,0.4483391037210822,2.406047821044922,2.531740188598633,267.0,5064,28
fixation,1397074.2329999208,0.5777216367423534,0.44040400721132755,2.397127151489258,2.5004520416259766,134.0,5065,28
fixation,1397240.9009999037,0.4057805009863593,0.5095154697244818,2.414009787819602,2.5644586736505683,183.0,5066,28
fixation,1397457.5729999542,0.45606313049793246,0.485923570394516,2.3844024658203127,2.531640625,83.0,5067,28
fixation,1397574.2429999113,0.5199577540159226,0.4957958236336708,2.46015625,2.5831619262695313,167.0,5068,28
fixation,1397774.243999958,0.557558115039553,0.5001697689294815,2.455132620675223,2.6158643450055803,117.0,5069,28
fixation,1397924.246999979,0.5023733158321941,0.49949541249695945,2.417154648724724,2.5712477740119484,284.0,5070,28
fixation,1398224.2529999018,0.5424399748444557,0.4954114817082882,2.4061641693115234,2.5645599365234375,134.0,5071,28
fixation,1398390.9210000038,0.42441304475069047,0.5491703242063523,2.4262985229492187,2.5533798217773436,167.0,5072,28
fixation,1398590.9249999523,0.5038819760084152,0.5476789832115173,2.4466888427734377,2.5631561279296875,167.0,5073,28
fixation,1398790.9249999523,0.5495231375098228,0.5516651198267937,2.43609619140625,2.575733184814453,75.0,5074,28
fixation,1399057.5999999046,0.4705623175416674,0.6084450462034771,2.411095755440848,2.562891278948103,233.0,5075,28
fixation,1399307.6039999723,0.530883160730203,0.6081804384787878,2.458143870035807,2.58837890625,200.0,5076,28
fixation,1399524.2749999762,0.47404608875513077,0.6108659274048276,2.333462185329861,2.4500350952148438,300.0,5077,28
fixation,1399840.94599998,0.5452514769775527,0.6050949309553418,2.3415560041155135,2.437286921909877,467.0,5078,28
fixation,1400340.9529999495,0.44285359730323154,0.7189375559488932,2.357458750406901,2.47747802734375,200.0,5079,28
fixation,1400557.6269999743,0.4909746167915208,0.7145781304155078,2.3807274954659596,2.4715794154575894,233.0,5080,28
fixation,1400807.6339999437,0.5104258120059967,0.7146168142557144,2.383894348144531,2.4798233032226564,166.0,5081,28
fixation,1400990.9729999304,0.5418626580919538,0.7127808630466461,2.375185285295759,2.4640720912388394,117.0,5082,28
fixation,1401124.3049999475,0.5677892565727234,0.7153788097202778,2.3545455932617188,2.4621753692626953,134.0,5083,28
fixation,1401290.9749999046,0.5398401277405875,0.7110747056347984,2.3399745396205356,2.4360689435686385,233.0,5084,28
fixation,1401540.9799998999,0.5066942742892674,0.7083854717867715,2.3324759347098216,2.4326095581054688,233.0,5085,28
fixation,1401807.6509999037,0.5905635058879852,0.7153317721990439,2.3353365384615383,2.4037804236778846,216.0,5086,28
fixation,1402140.9959999323,0.4461531825363636,0.8528937175869942,2.341693878173828,2.4344253540039062,67.0,5087,28
fixation,1402240.996999979,0.41802013913790387,0.9029167691866556,2.326390584309896,2.4679285685221353,100.0,5088,28
fixation,1402374.3309999704,0.47794295350710553,0.8918053110440572,2.392664591471354,2.5253126356336804,151.0,5089,28
fixation,1402557.669999957,0.5290593028068542,0.8917881429195404,2.393011474609375,2.4809600830078127,83.0,5090,28
fixation,1402657.672999978,0.5727612972259521,0.8887299332353804,2.360566880967882,2.457950168185764,158.0,5091,28
fixation,1403024.3470000029,0.4825030267238617,0.42403826415538787,2.3744659423828125,2.5030426025390624,158.0,5092,28
fixation,1403207.6819999218,0.5331060019406405,0.4213918569413098,2.448057694868608,2.5593761097301138,183.0,5093,28
fixation,1403424.3559999466,0.4055139815265482,0.4524091278964823,2.3498660000887783,2.4828310879794033,183.0,5094,28
fixation,1403641.0279999971,0.501768197864294,0.4517918676137924,2.305316925048828,2.417888641357422,67.0,5095,28
fixation,1403724.3639999628,0.5002010315656662,0.43655264377593994,2.3020804268973216,2.386962890625,116.0,5096,28
fixation,1403891.03399992,0.5719736085997688,0.4214096963405609,2.3340827094184027,2.4488457573784723,150.0,5097,28
fixation,1404057.7009999752,0.589404339591662,0.40949482719103497,2.3663609822591147,2.4521611531575522,100.0,5098,28
fixation,1404191.0349999666,0.40689603809048147,0.4677589185097638,2.3734382180606617,2.524087344898897,284.0,5099,28
fixation,1404524.3809999228,0.5072265118360519,0.4571734592318535,2.418755849202474,2.5518391927083335,200.0,5100,28
fixation,1404757.7189999819,0.577891618013382,0.454917016128699,2.4187240600585938,2.4933446248372397,108.0,5101,28
fixation,1405057.7220000029,0.43767932388517594,0.52783293194241,2.4028184678819446,2.4883219401041665,150.0,5102,28
fixation,1405241.0599999428,0.5054508775472641,0.5277625342210134,2.4876251220703125,2.584000651041667,250.0,5103,28
fixation,1405507.7309999466,0.5697204904122786,0.5223652205683968,2.417075417258523,2.5175711891867896,183.0,5104,28
fixation,1405724.4009999037,0.4430895268917084,0.5759063065052032,2.3728759765625,2.4831253051757813,166.0,5105,28
fixation,1405924.4060000181,0.4987640790641308,0.5654966533184052,2.4184036254882812,2.5031566619873047,133.0,5106,28
fixation,1406091.0749999285,0.5460958063602448,0.5227321306864421,2.4822347005208334,2.579320271809896,250.0,5107,28
fixation,1406374.4139999151,0.4978306755423546,0.5754421502351761,2.4353286743164064,2.540875244140625,166.0,5108,28
fixation,1406557.7479999065,0.5574340038001537,0.5625416599214077,2.4623889923095703,2.561586380004883,275.0,5109,28
fixation,1407057.7580000162,0.5013550762087107,0.4353648326359689,2.450028419494629,2.6180200576782227,525.0,5110,28
fixation,1407624.436999917,0.45844465299792914,0.40823676339958026,2.2937582264775815,2.4136286196501358,383.0,5111,FIX_CROS
fixation,1408041.1100000143,0.4285525558516383,0.38056397158652544,2.2922544479370117,2.408792495727539,267.0,5112,FIX_CROS
fixation,1408357.7799999714,0.32567887008190155,0.35470793892939884,2.3067245483398438,2.4549280802408853,100.0,5113,28.1
fixation,1408474.449000001,0.31680079102516173,0.33614620566368103,2.3294692993164063,2.4653167724609375,166.0,5114,28.1
fixation,1408674.4549999237,0.22238391861319542,0.31635829508304597,2.336981201171875,2.442877197265625,166.0,5115,28.1
fixation,1408857.7879999876,0.20547241965929666,0.31725524614254635,2.2979303995768228,2.4086507161458335,100.0,5116,28.1
fixation,1408991.1239999533,0.3076622370216582,0.3154761725001865,2.305292765299479,2.373379177517361,150.0,5117,28.1
fixation,1409174.459999919,0.3758036279016071,0.31984249254067737,2.2927093505859375,2.3896942138671875,150.0,5118,28.1
fixation,1409341.1309999228,0.4161129320661227,0.3226298963030179,2.3116556803385415,2.4205347696940103,100.0,5119,28.1
fixation,1409474.465999961,0.4806557127407619,0.32316786689417704,2.338163103376116,2.4073028564453125,116.0,5120,28.1
fixation,1409624.4689999819,0.5366992814974352,0.32162432914430444,2.350277987393466,2.420938665216619,183.0,5121,28.1
fixation,1409824.4720000029,0.5662133917212486,0.327593058347702,2.3790664672851562,2.4353103637695312,66.0,5122,28.1
fixation,1409907.8079999685,0.5048794278076717,0.3246180670601981,2.385443551199777,2.433842250279018,117.0,5123,28.1
fixation,1410057.8109999895,0.6025447984536488,0.32729894916216534,2.4244089762369794,2.472797648111979,250.0,5124,28.1
fixation,1410324.4799998999,0.6415484764359214,0.32718983563509857,2.4704021107066763,2.522116921164773,183.0,5125,28.1
fixation,1410541.1499999762,0.7420702675978342,0.31816133111715317,2.4742774963378906,2.5254694620768228,200.0,5126,28.1
fixation,1410757.8199999332,0.7871011734008789,0.31586830615997313,2.451934814453125,2.511822509765625,83.0,5127,28.1
fixation,1410907.82099998,0.24893688749183307,0.3987708931619471,2.385622891512784,2.515372536399148,183.0,5128,28.1
fixation,1411124.4950000048,0.2879357077181339,0.3966135270893574,2.394611358642578,2.4667091369628906,66.0,5129,28.1
fixation,1411224.4929999113,0.3416571870446205,0.4022733673453331,2.365986633300781,2.433088684082031,166.0,5130,28.1
fixation,1411424.5019999743,0.3946694831053416,0.4104358520772722,2.2981397840711804,2.3927510579427085,150.0,5131,28.1
fixation,1411607.8399999142,0.46903221160173414,0.4058794900774956,2.3039840698242187,2.356037902832031,167.0,5132,28.1
fixation,1411807.83799994,0.5515280783176422,0.3979741171002388,2.31431884765625,2.35087890625,167.0,5133,28.1
fixation,1412007.8420000076,0.7190283076329664,0.3996844305233522,2.3781502463600854,2.3829290216619317,183.0,5134,28.1
fixation,1412224.5149999857,0.7763226543154035,0.39925011566707064,2.3899950299944197,2.413698468889509,116.0,5135,28.1
fixation,1412357.848999977,0.8164783895015717,0.400782972574234,2.3888275146484377,2.42999267578125,83.0,5136,28.1
fixation,1412524.5189999342,0.21972204744815826,0.5033555179834366,2.320802961077009,2.4839935302734375,116.0,5137,28.1
fixation,1412657.851999998,0.18216424977237528,0.5020138201388445,2.3054324063387783,2.4672296697443183,183.0,5138,28.1
fixation,1412857.8569999933,0.24786143348767206,0.4950262950016902,2.3090421236478367,2.4184241661658654,217.0,5139,28.1
fixation,1413107.8609999418,0.3080616022149722,0.5119091967741648,2.287328084309896,2.3945210774739585,108.0,5140,28.1
fixation,1413491.2009999752,0.42113152593374253,0.5019590109586716,2.349812316894531,2.429437255859375,167.0,5141,28.1
fixation,1413691.2059999704,0.4719737619161606,0.5199826224283739,2.3688215775923296,2.4560727206143467,184.0,5142,28.1
fixation,1413907.875,0.5236361593008041,0.5165555626153946,2.2992218017578123,2.3977035522460937,167.0,5143,28.1
fixation,1414107.8789999485,0.6140066102931374,0.505150075021543,2.3081416079872534,2.402553357576069,317.0,5144,28.1
fixation,1414457.885999918,0.7184106355363672,0.5060971230268478,2.370705344460227,2.443571610884233,183.0,5145,28.1
fixation,1414674.5549999475,0.8007324934005737,0.4982590352495511,2.3660812377929688,2.4160995483398433,100.0,5146,28.1
fixation,1414824.5569999218,0.40861632078886034,0.6043474763631821,2.294134521484375,2.397349548339844,166.0,5147,28.1
fixation,1415024.5629999638,0.47777871042490005,0.679180258512497,2.274169921875,2.3560638427734375,166.0,5148,28.1
fixation,1415241.2319999933,0.3230979119737943,0.5992517471313477,2.353759765625,2.4730428059895835,200.0,5149,28.1
fixation,1415474.5690000057,0.2995574985231672,0.6064099967479706,2.3617706298828125,2.499596732003348,116.0,5150,28.1
fixation,1415624.57099998,0.4164387248456478,0.5811176871260008,2.3496551513671875,2.4376424153645835,200.0,5151,28.1
fixation,1415857.9079999924,0.46477407962083817,0.5861400018135706,2.3306401570638022,2.4215825398763022,200.0,5152,28.1
fixation,1416407.9210000038,0.6054899427625868,0.58156728082233,2.412082248263889,2.494474622938368,150.0,5153,28.1
fixation,1416591.2549999952,0.6853659886580247,0.604905910216845,2.4483607365534854,2.523260263296274,217.0,5154,28.1
fixation,1416824.5939999819,0.7303051418728299,0.6211112638314565,2.35941399468316,2.4451429578993054,150.0,5155,28.1
fixation,1417007.9289999008,0.7666747740336827,0.6096170927797046,2.3177947998046875,2.382230486188616,117.0,5156,28.1
fixation,1417157.9299999475,0.4821411553356383,0.6491010751989152,2.2287462022569446,2.358647664388021,150.0,5157,28.1
fixation,1417357.9349999428,0.545103594660759,0.37491336092352867,2.3384876251220703,2.435262680053711,133.0,5158,28.1
fixation,1417507.9359999895,0.5775004486242931,0.33428710997104644,2.390061442057292,2.4870086669921876,250.0,5159,28.1
fixation,1417774.6069999933,0.626020148396492,0.32804685086011887,2.3996124267578125,2.4941368103027344,74.0,5160,28.1
fixation,1418041.2769999504,0.6035905048251152,0.35575436502695085,2.427843475341797,2.5399078369140624,334.0,5161,28.1
fixation,1418641.2879999876,0.4888122990017846,0.438558477021399,2.3997984386625744,2.5322127569289434,342.0,5162,28.1
fixation,1419024.6289999485,0.36301053153431934,0.42637278398741846,2.387221626613451,2.52302418584409,383.0,5163,28.1
fixation,1419424.635999918,0.3688196465373039,0.3339427337050438,2.3982874552408853,2.546330769856771,100.0,5164,NOTRIAL
fixation,1419541.3029999733,0.37204448878765106,0.3139924257993698,2.4079360961914062,2.571014404296875,67.0,5165,NOTRIAL
fixation,1419624.6399999857,0.3528308595220248,0.2897370939453443,2.4166346232096356,2.5819163004557293,500.0,5166,NOTRIAL
fixation,1420157.9799998999,0.3426979969848286,0.5171235989440571,2.332741477272727,2.489614313299006,183.0,5167,NOTRIAL
fixation,1420357.9850000143,0.35588738585219665,0.5152138156049392,2.3457453110638786,2.502058141371783,283.0,5168,NOTRIAL
fixation,1420691.3259999752,0.34963809781604344,0.7101496888531579,2.3025580512152777,2.4287245008680554,150.0,5169,NOTRIAL
fixation,1420857.9979999065,0.3389170009356279,0.7359944925858424,2.338086641751803,2.4451869084284854,217.0,5170,NOTRIAL
fixation,1421091.3370000124,0.3684128610526814,0.7324414919404423,2.358041202320772,2.466661341050092,283.0,5171,NOTRIAL
fixation,1421408.0099999905,0.43553007741769156,0.7177338202794393,2.309493001302083,2.3959645589192706,258.0,5172,NOTRIAL
fixation,1421941.3589999676,0.4238170181450091,0.7237506540198075,2.3566950747841284,2.4657183195415295,308.0,5173,NOTRIAL
fixation,1422291.3700000048,0.450193176312106,0.8144750552518027,2.3525968279157365,2.4677036830357144,233.0,5174,NOTRIAL
fixation,1422558.0379999876,0.4950462838536815,0.721308498006118,2.2882513748972038,2.390947040758635,325.0,5175,NOTRIAL
fixation,1423041.385999918,0.674383384840829,0.5708957314491272,2.415675571986607,2.547186715262277,116.0,5176,NOTRIAL
fixation,1423208.0569999218,0.4750874420771232,0.3754802208680373,2.4785484900841346,2.648011427659255,217.0,5177,NOTRIAL
fixation,1423441.394999981,0.4759155288338661,0.38363596275448797,2.4411949157714843,2.581053924560547,333.0,5178,FIX_CROS
fixation,1423808.07099998,0.4473036794286025,0.30889464914798737,2.3366723311574837,2.4414142809416117,317.0,5179,FIX_CROS
fixation,1424158.0839999914,0.36150381646373053,0.34654275666583667,2.3464161265980112,2.4576901522549717,184.0,5180,FIX_CROS
fixation,1424374.7529999018,0.48692786054951803,0.4539691912276404,2.4006238664899553,2.437537057059152,117.0,5181,28.2
fixation,1424541.4239999056,0.2506258391908237,0.44264756568840574,2.3926565987723216,2.504915509905134,116.0,5182,28.2
fixation,1424674.7599999905,0.20247183510890374,0.4476383145038898,2.3837667611929088,2.5207449106069713,217.0,5183,28.2
fixation,1424924.76699996,0.26481082662940025,0.43942361138761044,2.3781166076660156,2.4704151153564453,133.0,5184,28.2
fixation,1425091.4419999123,0.3237219512462616,0.4564005881547928,2.3426361083984375,2.46241455078125,91.0,5185,28.2
fixation,1425374.7779999971,0.4048705740886576,0.4454192799680373,2.3611513025620403,2.444845760569853,275.0,5186,28.2
fixation,1425691.4509999752,0.47218988971276715,0.46047102998603473,2.3998843106356533,2.4852530739524146,183.0,5187,28.2
fixation,1425908.1209999323,0.5292972574631373,0.44758914907773334,2.3118311564127603,2.3895390828450522,100.0,5188,28.2
fixation,1426041.4559999704,0.6002806946635246,0.44950789026916027,2.2869701385498047,2.3692550659179688,133.0,5189,28.2
fixation,1426208.1259999275,0.6783457696437836,0.4472878064428057,2.3044629778180803,2.3993148803710938,234.0,5190,28.2
fixation,1426491.4620000124,0.7605672727028528,0.43972842892011005,2.3772354125976562,2.4377848307291665,100.0,5191,28.2
fixation,1426624.800999999,0.8049165776797703,0.4439515769481659,2.3833225795200894,2.4653472900390625,117.0,5192,28.2
fixation,1426791.4679999352,0.5028467571193521,0.5242821574211121,2.3310699462890625,2.411257657137784,366.0,5193,28.2
fixation,1427174.8099999428,0.5536703834166894,0.5426004849947416,2.389647263746995,2.4502035287710338,217.0,5194,28.2
fixation,1427441.4799998999,0.4136240954200427,0.4743511838217576,2.3780186971028647,2.4696693420410156,200.0,5195,NOTRIAL
fixation,1427674.8169999123,0.46264250576496124,0.3565092831850052,2.432891845703125,2.5221993582589284,117.0,5196,NOTRIAL
fixation,1427874.8190000057,0.6403525019133532,0.2876945816808277,2.4975450303819446,2.5470682779947915,450.0,5197,NOTRIAL
fixation,1428358.1639999151,0.6391257618864378,0.41799581920107204,2.4217961629231772,2.5098482767740884,200.0,5198,NOTRIAL
fixation,1428591.5009999275,0.644581179533686,0.47106353512832094,2.4723009381975447,2.5553992135184154,233.0,5199,NOTRIAL
fixation,1428858.172999978,0.6532766653431786,0.6105256643560197,2.4972669813368054,2.5788031684027777,150.0,5200,NOTRIAL
fixation,1429041.5089999437,0.6466424208984041,0.7316676420077943,2.4710519355640077,2.574376156455592,950.0,5201,NOTRIAL
fixation,1430024.8600000143,0.49395443201065065,0.7573949575424195,2.417919921875,2.532867431640625,83.0,5202,NOTRIAL
fixation,1430141.5279999971,0.46635801664420534,0.47368074102061136,2.4397125244140625,2.581261771065848,116.0,5203,NOTRIAL
fixation,1430291.5279999971,0.35655176983429837,0.4579428927256511,2.430970412034255,2.578668447641226,216.0,5204,NOTRIAL
fixation,1430524.8650000095,0.3500987331072489,0.47873855928579967,2.4689483642578125,2.5865763346354167,250.0,5205,NOTRIAL
fixation,1430824.868999958,0.6095592446865574,0.485917053395702,2.4609468521610385,2.5516751197076615,517.0,5206,NOTRIAL
fixation,1431374.8759999275,0.6450837077572942,0.49328951444476843,2.435443878173828,2.532137870788574,533.0,5207,NOTRIAL
fixation,1431941.547999978,0.508171177827395,0.4877935372866117,2.4123147817758412,2.539251474233774,224.0,5208,NOTRIAL
fixation,1432391.5499999523,0.4877841293811798,0.48513495922088623,2.43948974609375,2.5732208251953126,83.0,5209,10
fixation,1432591.5499999523,0.510348979383707,0.4742681607604027,2.5270347595214844,2.6455039978027344,133.0,5210,10
fixation,1432741.5529999733,0.5276077964476177,0.478899536388261,2.4632775442940846,2.558215550013951,233.0,5211,10
fixation,1433008.2189999819,0.4703080126872429,0.5190642086359171,2.3987215482271633,2.5133056640625,217.0,5212,10
fixation,1433258.2220000029,0.37388678127899766,0.5026444466784596,2.396749496459961,2.5545926094055176,542.0,5213,10
fixation,1433958.2289999723,0.39398238994181156,0.5425208322703838,2.3084640502929688,2.477022171020508,126.0,5214,10
fixation,1434124.8999999762,0.4737051747739315,0.510131423920393,2.3666610717773438,2.4729640960693358,667.0,5215,10
fixation,1434808.240999937,0.4672578781843185,0.5492711186408996,2.3190185546875,2.4420501708984377,84.0,5216,10
fixation,1434908.237999916,0.4662781588055871,0.5927559381181543,2.352266716234612,2.464499733664773,550.0,5217,10
fixation,1435491.5789999962,0.5268717841668562,0.49645841324871237,2.4238773692737925,2.5245000665838067,366.0,5218,10
fixation,1435891.5859999657,0.5708681121468544,0.5059416517615318,2.438373565673828,2.5513572692871094,66.0,5219,10
fixation,1435974.9219999313,0.5722934082150459,0.49556561186909676,2.4328689575195312,2.5366554260253906,75.0,5220,10
fixation,1436208.2599999905,0.6049315243959427,0.5477959305047989,2.4564554850260416,2.5968755086263022,492.0,5221,10
fixation,1436741.6009999514,0.5745145895264365,0.5954510461200367,2.337643710049716,2.4433538263494317,183.0,5222,10
fixation,1436958.269999981,0.5478360631636211,0.5897895778928485,2.3339941842215404,2.4355850219726562,234.0,5223,10
fixation,1437224.942999959,0.4784608687225141,0.6127682155684421,2.3405263800370064,2.4365290591591284,317.0,5224,10
fixation,1437641.6169999838,0.4649594596454075,0.6738121552126748,2.315464564732143,2.4367196219308034,116.0,5225,10
fixation,1437774.9509999752,0.4663984254002571,0.7081866338849068,2.306365966796875,2.4186922709147134,200.0,5226,10
fixation,1438024.9549999237,0.2986087473956021,0.8985550945455377,2.406157060102983,2.525337912819602,183.0,5227,10
fixation,1438241.6269999743,0.3473865032196045,0.8916399359703064,2.4269134521484377,2.5478485107421873,83.0,5228,10
fixation,1438358.2939999104,0.39992312680591235,0.887199954553084,2.3906804865056817,2.48614501953125,184.0,5229,10
fixation,1438574.965999961,0.46998386617217747,0.8752168864011765,2.318983895438058,2.4049857003348216,233.0,5230,10
fixation,1438841.638999939,0.524611821770668,0.8727155655622483,2.314215087890625,2.3966827392578125,166.0,5231,10
fixation,1439041.64199996,0.5941113318715777,0.8772743003708976,2.3268933977399553,2.400820050920759,116.0,5232,10
fixation,1439191.6409999132,0.6554719588973306,0.8833387006412853,2.351297551935369,2.4184528697620737,183.0,5233,10
fixation,1439408.3140000105,0.7046671184626493,0.8875553635033694,2.369415283203125,2.428201848810369,184.0,5234,10
fixation,1439608.3190000057,0.6799292623996734,0.8826565146446228,2.3485092163085937,2.4203369140625,167.0,5235,10
fixation,1439824.9859999418,0.5427995721499125,0.5621373785866631,2.295588175455729,2.38018798828125,150.0,5236,10
fixation,1440041.6569999456,0.39235593875249225,0.8794953425725301,2.2867024739583335,2.407806396484375,100.0,5237,10
fixation,1440174.9919999838,0.3314960111271251,0.8876997096972032,2.3385051380504263,2.4494587291370737,183.0,5238,10
fixation,1440458.3269999027,0.386763999859492,0.8780238827069601,2.3723068237304688,2.4401372273763022,100.0,5239,10
fixation,1440575.0,0.4263407240311305,0.8729276756445566,2.3184136284722223,2.3883158365885415,158.0,5240,10
fixation,1440925.0059999228,0.49253100752830503,0.8810622274875641,2.2580108642578125,2.31397705078125,84.0,5241,10
fixation,1441091.6739999056,0.4436562905708949,0.8974306086699168,2.2897008260091147,2.3671493530273438,100.0,5242,10
fixation,1441208.3439999819,0.4222542315721512,0.8981529980897903,2.342121887207031,2.4210159301757814,166.0,5243,10
fixation,1441408.3459999561,0.5504204793409868,0.8993006673726168,2.360746903852983,2.4204906116832388,183.0,5244,10
fixation,1441641.6849999428,0.44275961485173965,0.8985764649179246,2.320870293511285,2.4321407741970487,150.0,5245,10
fixation,1441841.6890000105,0.33823089727333616,0.8935682347842625,2.3783645629882812,2.4715892246791293,233.0,5246,10
fixation,1442408.3639999628,0.5934569707938603,0.8960529097488948,2.3122384207589284,2.3752593994140625,108.0,5247,10
fixation,1442541.699000001,0.5495060309767723,0.9000010453164577,2.3500747680664062,2.4283790588378906,133.0,5248,10
fixation,1442708.3679999113,0.6133599946132073,0.9037672785612253,2.4117267315204325,2.4984400822566104,216.0,5249,10
fixation,1442958.3729999065,0.6753548334042231,0.8815471331278483,2.386608123779297,2.4452972412109375,200.0,5250,10
fixation,1443208.3769999743,0.5271900076615182,0.5363752073363254,2.3463978014494242,2.454397904245477,316.0,5251,10
fixation,1443558.3839999437,0.4695933709541957,0.5251616835594177,2.395567152235243,2.5059577094184027,150.0,5252,10
fixation,1443741.7170000076,0.4608087856322527,0.4789022020995617,2.4332942962646484,2.545948028564453,133.0,5253,10
fixation,1443908.3880000114,0.49952400262866703,0.4128637430923326,2.422868456159319,2.5324058532714844,474.0,5254,10
fixation,1444558.398000002,0.5051395807947431,0.46410470988069263,2.435278756277902,2.529809134347098,116.0,5255,10
fixation,1444708.4009999037,0.5627880359397215,0.5197140083593481,2.5052472282858456,2.589901194852941,283.0,5256,10
fixation,1445025.074000001,0.4691382267822822,0.5431971276799837,2.4559911092122397,2.5332469940185547,400.0,5257,10
fixation,1445441.7489999533,0.39852537363767626,0.5100331977009773,2.4621322631835936,2.567640686035156,167.0,5258,10
fixation,1445625.0820000172,0.41083233961553284,0.5039797181432898,2.5077056884765625,2.619797215317235,550.0,5259,10
fixation,1446191.7580000162,0.3945630118250847,0.5637132037769664,2.4516414295543325,2.588929609818892,367.0,5260,10
fixation,1446641.7680000067,0.49098231457173824,0.4697532132267952,2.5128612518310547,2.6287612915039062,141.0,5261,10
fixation,1446958.4390000105,0.4897625376780828,0.42803020775318146,2.5706212361653646,2.6890385945638022,492.0,5262,10
fixation,1447475.115999937,0.539861798286438,0.4589131310582161,2.4327545166015625,2.5254135131835938,167.0,5263,10
fixation,1447658.4519999027,0.5201736646039146,0.47246328209127697,2.370053972516741,2.508923121861049,233.0,5264,10
fixation,1447925.121999979,0.4946960173547268,0.4245230920612812,2.407884979248047,2.5270973205566407,334.0,5265,10
fixation,1448291.7939999104,0.5341986824165691,0.45831305465914984,2.3856617320667612,2.485714999112216,183.0,5266,10
fixation,1448491.7960000038,0.5207348664601644,0.4673270682493846,2.3667063395182293,2.5110321044921875,250.0,5267,10
fixation,1448775.1369999647,0.5707472381847245,0.5054088948028428,2.3923612322126115,2.517779214041574,467.0,5268,10
fixation,1449258.4779999256,0.5800326710397546,0.5406467589465055,2.3730024857954546,2.5073353160511362,183.0,5269,10
fixation,1449458.4829999208,0.6128252771767703,0.593963238325986,2.368263938210227,2.4665666060014204,183.0,5270,10
fixation,1449675.1499999762,0.48175401240587234,0.5603246122598649,2.410289001464844,2.5248504638671876,167.0,5271,10
fixation,1449858.487999916,0.47133803457924817,0.5171298068581205,2.397079930160985,2.5158141165068657,550.0,5272,10
fixation,1450441.8309999704,0.47961671077288115,0.4233999653504445,2.369328425480769,2.4577401968149037,225.0,5273,FIX_CROS
fixation,1450891.8370000124,0.4947085361927748,0.5181781649589539,2.407735824584961,2.5006256103515625,125.0,5274,FIX_CROS
fixation,1451075.1739999056,0.3590705593427022,0.36926744878292084,2.4630254109700522,2.5898335774739585,100.0,5275,10.2
fixation,1451208.5119999647,0.21867203588287035,0.33021577447652817,2.4740117390950522,2.5961685180664062,100.0,5276,10.2
fixation,1451325.1779999733,0.19167882427573205,0.3178598299622536,2.3932952880859375,2.5146224975585936,167.0,5277,10.2
fixation,1451525.1809999943,0.26704805965224904,0.32241638998190564,2.2949002583821616,2.40911865234375,200.0,5278,10.2
fixation,1451758.5209999084,0.34404607117176056,0.3196844922171699,2.2109205457899304,2.2980719672309027,150.0,5279,10.2
fixation,1451941.8579999208,0.40410877019166946,0.31602461263537407,2.2068138122558594,2.2584762573242188,67.0,5280,10.2
fixation,1452041.8589999676,0.4760689541697502,0.32114574760198594,2.2009613037109377,2.290547180175781,167.0,5281,10.2
fixation,1452241.862999916,0.5384981960058213,0.3230623483657837,2.25467529296875,2.3109832763671876,167.0,5282,10.2
fixation,1452441.865999937,0.5969359397888183,0.320820739865303,2.26871337890625,2.33594970703125,83.0,5283,10.2
fixation,1452541.868999958,0.6615929330388705,0.3216386251151562,2.2835845947265625,2.3518473307291665,200.0,5284,10.2
fixation,1452758.5369999409,0.6314106502316215,0.3322520432147113,2.300539883700284,2.354757135564631,183.0,5285,10.2
fixation,1452975.21299994,0.6929552882909775,0.32891301810741425,2.3206298828125,2.374713134765625,167.0,5286,10.2
fixation,1453175.21299994,0.7470386732708324,0.33176083727316424,2.3352702747691763,2.3894903009588067,184.0,5287,10.2
fixation,1453391.8830000162,0.792898765206337,0.327685172855854,2.3459732055664064,2.3956390380859376,167.0,5288,10.2
fixation,1453675.2189999819,0.2290839677055677,0.42486215465598637,2.2971055772569446,2.4329342312282987,150.0,5289,10.2
fixation,1453841.8880000114,0.19135160992542902,0.4180312504371007,2.2957979838053384,2.4284273783365884,200.0,5290,10.2
fixation,1454075.2289999723,0.27743534909354317,0.4216459045807521,2.3011966281467013,2.4088897705078125,150.0,5291,10.2
fixation,1454258.5640000105,0.33298558327886796,0.4255920516120063,2.2839762369791665,2.374416775173611,150.0,5292,10.2
fixation,1454441.9009999037,0.3907675785677774,0.4327271552312942,2.269989013671875,2.3645789736793157,350.0,5293,10.2
fixation,1454825.2400000095,0.4751958530396223,0.4430479034781456,2.3396739959716797,2.4131336212158203,142.0,5294,10.2
fixation,1455158.5799999237,0.5538551551955087,0.4351415868316378,2.4124363490513394,2.4617527553013394,116.0,5295,10.2
fixation,1455308.5829999447,0.6117418025221143,0.43897098515714916,2.459263392857143,2.516446794782366,116.0,5296,10.2
fixation,1455441.90899992,0.6577836844054136,0.4360059581019662,2.4622150767933237,2.5161174427379263,183.0,5297,10.2
fixation,1455725.25,0.711104561885198,0.4389249384403229,2.4209162394205728,2.4677098592122397,100.0,5298,10.2
fixation,1455841.916999936,0.6830365538597107,0.4331491693854332,2.4139923095703124,2.49044189453125,167.0,5299,10.2
fixation,1456025.2569999695,0.7216179013252259,0.43089776635169985,2.4557952880859375,2.50811767578125,84.0,5300,10.2
fixation,1456141.9239999056,0.7782883887941187,0.42503788796338166,2.4762711958451704,2.5332391912286933,183.0,5301,10.2
fixation,1456341.9249999523,0.799158126115799,0.429811954498291,2.4917373657226562,2.563201904296875,67.0,5302,10.2
fixation,1456625.263999939,0.19294579848647117,0.5015783414244652,2.423809814453125,2.6060882568359376,167.0,5303,10.2
fixation,1456891.9349999428,0.25299616158008575,0.515779685229063,2.3653526306152344,2.5079574584960938,75.0,5304,10.2
fixation,1457141.9449999332,0.3730363141406666,0.5290359096093611,2.336038762872869,2.4440349232066763,175.0,5305,10.2
fixation,1457358.6200000048,0.3987849901119868,0.540260374546051,2.406438191731771,2.512603759765625,150.0,5306,10.2
fixation,1457525.2879999876,0.4947989111145337,0.5343290319045385,2.3510030110677085,2.4062576293945312,200.0,5307,10.2
fixation,1457758.6239999533,0.47370894998311996,0.5341117531061172,2.27569580078125,2.3252906799316406,66.0,5308,10.2
fixation,1457858.6269999743,0.5732725837400982,0.5351106013570514,2.2814723423549106,2.3500584193638394,233.0,5309,10.2
fixation,1458125.2969999313,0.6986140429973602,0.5291297465562821,2.3433502197265623,2.3798233032226563,167.0,5310,10.2
fixation,1458308.6349999905,0.6618092745542526,0.5282622218132019,2.3451156616210938,2.37198486328125,166.0,5311,10.2
fixation,1458508.6369999647,0.7594916298985481,0.5330697298049927,2.3863487243652344,2.4277725219726562,200.0,5312,10.2
fixation,1458741.9749999046,0.805047197001321,0.5236201499189649,2.3806304931640625,2.424037388392857,117.0,5313,10.2
fixation,1458925.311999917,0.23596196621656418,0.6155294222491128,2.3529052734375,2.482519967215402,117.0,5314,10.2
fixation,1459058.644999981,0.1782224290072918,0.6156392842531204,2.297662353515625,2.4585281372070313,166.0,5315,10.2
fixation,1459258.6489999294,0.28557528704404833,0.6103900402784348,2.340960693359375,2.4228607177734376,166.0,5316,10.2
fixation,1459441.9900000095,0.24524588303433525,0.609470377365748,2.2757670084635415,2.379241943359375,150.0,5317,10.2
fixation,1459625.324000001,0.41528084061362525,0.5956909873268821,2.2186848033558237,2.280324762517756,184.0,5318,10.2
fixation,1459841.9950000048,0.3783347393785204,0.5863575254167829,2.188666207449777,2.2823878696986606,117.0,5319,10.2
fixation,1460008.6639999151,0.5263020450418646,0.5845309333367781,2.2511790882457388,2.309102838689631,183.0,5320,10.2
fixation,1460225.3329999447,0.5885781134877887,0.5864531951291221,2.270483834402902,2.313746861049107,117.0,5321,10.2
fixation,1460375.3359999657,0.668217583136125,0.5932754901322451,2.2879777388139204,2.3559611927379263,183.0,5322,10.2
fixation,1460608.666999936,0.7295881460110346,0.5949587499101957,2.2830772399902344,2.328655242919922,200.0,5323,10.2
fixation,1460842.0080000162,0.7743300770719846,0.5925290460387865,2.297377268473307,2.332800547281901,200.0,5324,10.2
fixation,1461092.019999981,0.48768872373244343,0.6721660039004158,2.2543693991268383,2.336028155158548,567.0,5325,10.2
fixation,1461708.6999999285,0.5333771519362926,0.44237268157303333,2.3676280975341797,2.4761505126953125,133.0,5326,NOTRIAL
fixation,1461958.7089999914,0.6415733024477959,0.3053636911014716,2.4718246459960938,2.5764287312825522,200.0,5327,NOTRIAL
fixation,1462175.3819999695,0.6179309636354446,0.31653886288404465,2.446666717529297,2.587841033935547,74.0,5328,NOTRIAL
fixation,1462475.3899999857,0.6347644031047821,0.27747530676424503,2.4822616577148438,2.6114273071289062,125.0,5329,NOTRIAL
fixation,1462625.394999981,0.6522247744233984,0.2845711057123385,2.4283447265625,2.5396784732216284,633.0,5330,NOTRIAL
fixation,1463275.4119999409,0.6357447635382414,0.27453376818448305,2.3473758697509766,2.432750701904297,266.0,5331,NOTRIAL
fixation,1463592.0870000124,0.6353657926831927,0.46031363947050913,2.3279200962611606,2.406164986746652,117.0,5332,NOTRIAL
fixation,1463725.425999999,0.6418197177350521,0.5007052786648274,2.370966339111328,2.4553882598876955,666.0,5333,NOTRIAL
fixation,1464425.442999959,0.6472048390852777,0.7236498892307281,2.4325023450349508,2.51689308568051,633.0,5334,NOTRIAL
fixation,1465108.7939999104,0.513177752494812,0.40889285241856294,2.472901288200827,2.581569896024816,283.0,5335,NOTRIAL
fixation,1465408.8019999266,0.4900009762495756,0.44555084221065044,2.466388702392578,2.617809295654297,133.0,5336,FIX_CROS
fixation,1465792.14199996,0.4123191556760243,0.39709745560373577,2.447474343436105,2.603086199079241,459.0,5337,FIX_CROS
fixation,1466292.1489999294,0.3493754650865282,0.39727294870785307,2.339603969029018,2.4943324497767856,117.0,5338,10.1
fixation,1466442.1499999762,0.22435078397393227,0.3328046090900898,2.3327407836914062,2.4708251953125,67.0,5339,10.1
fixation,1466542.1539999247,0.193584606051445,0.28043334517214036,2.2993977864583335,2.455417209201389,150.0,5340,10.1
fixation,1466725.4919999838,0.2481207037344575,0.28705379739403725,2.3378562927246094,2.4168052673339844,133.0,5341,10.1
fixation,1466892.1619999409,0.3125489577651024,0.2763998042792082,2.2881698608398438,2.3754615783691406,134.0,5342,10.1
fixation,1467058.8309999704,0.3691115950544675,0.28153613209724426,2.2735061645507812,2.340977986653646,100.0,5343,10.1
fixation,1467192.1689999104,0.4509696165720622,0.28343161278300816,2.2798224555121527,2.3353203667534723,150.0,5344,10.1
fixation,1467358.834999919,0.5188853919506073,0.287961919605732,2.3082321166992186,2.3457275390625,167.0,5345,10.1
fixation,1467542.1739999056,0.5725649818778038,0.2790372036397457,2.3130111694335938,2.3538551330566406,134.0,5346,10.1
fixation,1467708.8399999142,0.6519135336081187,0.27952781650755143,2.323581271701389,2.380862765842014,150.0,5347,10.1
fixation,1467892.169999957,0.6953750252723694,0.27803147211670876,2.305877685546875,2.384937286376953,67.0,5348,10.1
fixation,1467975.5130000114,0.7376483922654932,0.28113639625636017,2.3389504172585225,2.408877286044034,183.0,5349,10.1
fixation,1468175.5159999132,0.7840125213066736,0.27928778901696205,2.3418235778808594,2.401036580403646,200.0,5350,10.1
fixation,1468425.5209999084,0.2580897659063339,0.35422907521327335,2.3072636922200522,2.4453048706054688,100.0,5351,10.1
fixation,1468542.1890000105,0.19655960511702758,0.3617341541326963,2.2963350736177883,2.4253457876352162,217.0,5352,10.1
fixation,1468792.1949999332,0.27245047357347274,0.3648008356491725,2.3236185709635415,2.394985622829861,150.0,5353,10.1
fixation,1468958.8639999628,0.338427409529686,0.370591322129423,2.243795221502131,2.362251975319602,191.0,5354,10.1
fixation,1469325.5369999409,0.414895008910786,0.39026142114942725,2.2493424849076704,2.374117764559659,175.0,5355,10.1
fixation,1469542.2120000124,0.5255298581388261,0.39820223881138694,2.321685791015625,2.4268324110243054,150.0,5356,10.1
fixation,1469708.8739999533,0.49562838809056714,0.3988100425763564,2.300018310546875,2.4032662131569604,183.0,5357,10.1
fixation,1469925.5499999523,0.573443243378087,0.39659087046196584,2.304940474660773,2.3800859953227795,316.0,5358,10.1
fixation,1470275.5559999943,0.6335099935531616,0.39272776395082476,2.3461669921875,2.406268310546875,166.0,5359,10.1
fixation,1470475.5489999056,0.6690857708454132,0.38660068284062776,2.3647999482996322,2.4239394244025734,283.0,5360,10.1
fixation,1470775.5640000105,0.7339163401297161,0.3853802021060671,2.3856124877929688,2.439638410295759,233.0,5361,10.1
fixation,1471042.237999916,0.7868875596258376,0.37853986852698857,2.362028333875868,2.4461127387152777,150.0,5362,10.1
fixation,1471208.9069999456,0.8112907111644745,0.3779938295483589,2.384185791015625,2.43994140625,67.0,5363,10.1
fixation,1471342.243999958,0.22345135137438774,0.4804961919784546,2.3280349731445313,2.4592910766601563,167.0,5364,10.1
fixation,1471525.5829999447,0.20159861693779627,0.4776568685968717,2.3002497355143228,2.4199040730794272,100.0,5365,10.1
fixation,1471658.9179999828,0.32020003635149735,0.4864289244780174,2.2795644906850963,2.402173555814303,217.0,5366,10.1
fixation,1471892.2559999228,0.3664545238018036,0.47458096742630007,2.2234527587890627,2.3529052734375,84.0,5367,10.1
fixation,1472008.9239999056,0.44376235054089475,0.48389873710962444,2.295141366811899,2.3740386962890625,217.0,5368,10.1
fixation,1472258.9309999943,0.48483539186418056,0.48084613494575024,2.317220687866211,2.359365463256836,133.0,5369,10.1
fixation,1472425.6009999514,0.5450212180614471,0.47599793076515196,2.352705383300781,2.3513778686523437,166.0,5370,10.1
fixation,1472625.6029999256,0.6321916033824285,0.4787554517388344,2.357304890950521,2.3977572123209634,200.0,5371,10.1
fixation,1472858.942999959,0.7231488878076727,0.4798541570251638,2.3992864435369317,2.3972098610617896,183.0,5372,10.1
fixation,1473108.9479999542,0.24491702249416938,0.5586586915529691,2.3104224571814904,2.4138570932241588,217.0,5373,10.1
fixation,1473358.9539999962,0.3146845459938049,0.5781741837660471,2.3341389973958333,2.4295928955078123,250.0,5374,10.1
fixation,1473958.9670000076,0.41313802699248,0.5707368304332098,2.3502794901529946,2.4098637898763022,192.0,5375,10.1
fixation,1474175.6399999857,0.4840542087331414,0.5429444797337055,2.3520917892456055,2.390592575073242,266.0,5376,10.1
fixation,1474508.9809999466,0.5459693943460783,0.5611763646205267,2.2763697306315103,2.333573659261068,200.0,5377,10.1
fixation,1474742.32099998,0.6522672304085323,0.5730700620583126,2.316601344517299,2.3797531127929688,234.0,5378,10.1
fixation,1474992.3259999752,0.7191998139023781,0.5829291772097349,2.3840198516845703,2.430694580078125,267.0,5379,10.1
fixation,1475275.6639999151,0.7778531946241856,0.5911821350455284,2.381246566772461,2.441709518432617,133.0,5380,10.1
fixation,1475459.0019999743,0.21330685392022133,0.6599136650562286,2.3038543701171874,2.451457214355469,167.0,5381,10.1
fixation,1475659.0049999952,0.18477530404925346,0.6570442269245783,2.301762898763021,2.4447021484374996,100.0,5382,10.1
fixation,1475775.6710000038,0.28269583731889725,0.6531558906038603,2.3187993367513022,2.4218012491861978,200.0,5383,10.1
fixation,1476025.6779999733,0.36195232612746103,0.6430303603410721,2.270775931222098,2.3697738647460938,241.0,5384,10.1
fixation,1476675.6879999638,0.5572569638490676,0.6301007866859436,2.2839736938476562,2.3609619140625,159.0,5385,10.1
fixation,1476859.0259999037,0.5312708497047425,0.6349380433559417,2.370098876953125,2.425274658203125,167.0,5386,10.1
fixation,1477059.0310000181,0.5955748515469688,0.6343275053160531,2.3472377232142856,2.3676300048828125,117.0,5387,10.1
fixation,1477209.0319999456,0.6599977206100117,0.6553356782956556,2.3192277388139204,2.3396648060191763,184.0,5388,10.1
fixation,1477409.0379999876,0.713559728115797,0.6640389151871204,2.361562728881836,2.4079151153564453,134.0,5389,10.1
fixation,1477575.7049999237,0.7807760768466525,0.6387299067444272,2.3768497043185763,2.4242401123046875,150.0,5390,10.1
fixation,1477792.3799999952,0.3036391604691744,0.7651699408888817,2.341310501098633,2.4778690338134766,133.0,5391,10.1
fixation,1477959.0469999313,0.27396346628665924,0.7509352773427963,2.3140304565429686,2.4676864624023436,167.0,5392,10.1
fixation,1478159.050999999,0.3566319820555774,0.7301733846014197,2.262513594193892,2.3866382945667612,184.0,5393,10.1
fixation,1478375.7209999561,0.39667840760487777,0.7201833610351269,2.2204132080078125,2.293035653921274,217.0,5394,10.1
fixation,1478625.723999977,0.3015434212154812,0.7377047638098398,2.21990966796875,2.3186848958333335,150.0,5395,10.1
fixation,1478792.3939999342,0.24498553370887582,0.7503666335886175,2.2589791037819604,2.352285211736506,183.0,5396,10.1
fixation,1479009.0659999847,0.324483722448349,0.7410346865653992,2.27445068359375,2.351617431640625,84.0,5397,10.1
fixation,1479142.4019999504,0.5470815069145627,0.7373459968301985,2.2729000515407987,2.3126458062065973,150.0,5398,10.1
fixation,1479325.7400000095,0.484147934615612,0.7209526717662811,2.273724365234375,2.34083251953125,167.0,5399,10.1
fixation,1479609.0779999495,0.6149122173135931,0.7301631678234447,2.3295052268288354,2.3798051313920454,184.0,5400,10.1
fixation,1479825.746999979,0.6831071295521476,0.7265111397613179,2.338076504794034,2.377176458185369,183.0,5401,10.1
fixation,1480025.746999979,0.664508279826906,0.7320615185631646,2.32395256890191,2.3604532877604165,150.0,5402,10.1
fixation,1480209.08799994,0.7409883207745023,0.7360643976264529,2.3379940456814237,2.3601311577690973,150.0,5403,10.1
fixation,1480409.0899999142,0.5513284083674935,0.38839013611569123,2.398547004250919,2.449985279756434,284.0,5404,NOTRIAL
fixation,1480809.1009999514,0.6413401397211211,0.2890465371310711,2.4281523568289622,2.486798422677176,467.0,5405,NOTRIAL
fixation,1481325.7789999247,0.6440515433038984,0.5007876760902858,2.3915608723958335,2.473448980422247,700.0,5406,NOTRIAL
fixation,1482075.797999978,0.6388973376235446,0.7252345479823448,2.4564707988017314,2.5661229314030827,625.0,5407,NOTRIAL
fixation,1483009.1560000181,0.4864848107099533,0.46303605381399393,2.574369430541992,2.7272539138793945,267.0,5408,NOTRIAL
fixation,1483309.1529999971,0.35187287628650665,0.48229464888572693,2.5170822143554688,2.6834487915039062,75.0,5409,NOTRIAL
fixation,1483625.8279999495,0.6339345905515883,0.46266577806737685,2.4620513916015625,2.541500515407986,142.0,5410,NOTRIAL
fixation,1483825.840999961,0.5177743971347809,0.2743606557448705,2.519121297200521,2.655625406901042,250.0,5411,NOTRIAL
fixation,1484109.1829999685,0.42219245777680325,0.2576739157621677,2.3398167536808896,2.491162813626803,217.0,5412,NOTRIAL
fixation,1484359.1890000105,0.543174508959055,0.252469046972692,2.2736568450927734,2.386964797973633,134.0,5413,NOTRIAL
fixation,1484525.8600000143,0.6090007871389389,0.254495990773042,2.2522176106770835,2.3411585489908853,100.0,5414,NOTRIAL
fixation,1484675.8639999628,0.3588062711060047,0.260460602119565,2.235767364501953,2.346635182698568,200.0,5415,NOTRIAL
fixation,1484909.2019999027,0.41835118979215624,0.2652205601334572,2.284539794921875,2.406871032714844,167.0,5416,NOTRIAL
fixation,1485125.8769999743,0.5021534810463587,0.27721573412418365,2.331181844075521,2.3934860229492188,108.0,5417,NOTRIAL
fixation,1485459.215999961,0.32470336225297713,0.5340054432551066,2.265533447265625,2.392734103732639,142.0,5418,NOTRIAL
fixation,1485625.8880000114,0.34331536228242127,0.5322957894076472,2.3619072955587637,2.510117240574049,391.0,5419,NOTRIAL
fixation,1486242.5659999847,0.38021473586559296,0.5286898740700313,2.287804739815848,2.3958892822265625,108.0,5420,NOTRIAL
fixation,1486409.2299998999,0.6434508541534687,0.5150872504916685,2.392297678980334,2.463435205919989,492.0,5421,NOTRIAL
fixation,1487092.5820000172,0.4946778631872601,0.48516005443202126,2.3011542426215277,2.4026031494140625,150.0,5422,NOTRIAL
fixation,1487292.5769999027,0.6419932991266251,0.505847692489624,2.395567152235243,2.469812181260851,300.0,5423,NOTRIAL
fixation,1487609.2589999437,0.6434527099132538,0.5098098748922348,2.322891845703125,2.4044818115234374,417.0,5424,NOTRIAL
fixation,1488075.9329999685,0.5007073847871077,0.5193640354432558,2.4031741493626644,2.545610126696135,317.0,5425,NOTRIAL
fixation,1488409.2759999037,0.4826425701379776,0.5126095712184906,2.467113240559896,2.610204060872396,250.0,5426,NOTRIAL
fixation,1488692.612999916,0.4318913459777832,0.3795673340559006,2.4521530151367186,2.5993087768554686,166.0,5427,6
fixation,1488892.6169999838,0.5382456431786219,0.4741026076177756,2.435474395751953,2.5521392822265625,200.0,5428,6
fixation,1489109.2849999666,0.5658536205689112,0.49020251631736755,2.4478225708007812,2.5743484497070312,108.0,5429,6
fixation,1489409.291999936,0.40740347405274707,0.44559555169608855,2.425650702582465,2.5843946668836804,292.0,5430,6
fixation,1489725.9649999142,0.42879938735411716,0.494652475302036,2.3401307326096754,2.470478351299579,433.0,5431,6
fixation,1490175.9729999304,0.43306398888429004,0.5605780084927877,2.2968597412109375,2.429473876953125,108.0,5432,6
fixation,1490459.311999917,0.4500402699817311,0.5579020028764551,2.419981522993608,2.4757038463245737,176.0,5433,6
fixation,1490675.9819999933,0.417031900336345,0.5839357773462931,2.4337145487467446,2.544865926106771,200.0,5434,6
fixation,1490925.9839999676,0.4993152033005442,0.5642361896378654,2.3760692051478793,2.4930419921875,233.0,5435,6
fixation,1491192.6560000181,0.530676760843822,0.6079202464648655,2.323795863560268,2.4370836530412947,124.0,5436,6
fixation,1491525.993999958,0.39175706170499325,0.8976907394826412,2.3280773162841797,2.401256561279297,133.0,5437,6
fixation,1491692.6610000134,0.44755223935300653,0.8942840018055656,2.3188587535511362,2.462943337180398,183.0,5438,6
fixation,1491892.6639999151,0.39512766152620316,0.9001998826861382,2.316028594970703,2.450603485107422,66.0,5439,6
fixation,1491975.996999979,0.37209197382132214,0.901926596959432,2.285893758138021,2.4075190226236978,100.0,5440,6
fixation,1492126.0009999275,0.560476191341877,0.8925532574454943,2.266169230143229,2.3746668497721353,200.0,5441,6
fixation,1492342.6689999104,0.5374642014503479,0.8819066692482341,2.2773673317649146,2.384389703924006,183.0,5442,6
fixation,1492559.3420000076,0.5953370251438834,0.8879346684976057,2.3199227072975854,2.410555752840909,183.0,5443,6
fixation,1492792.675999999,0.5281819750865301,0.5046263945599397,2.3593368530273438,2.476959228515625,200.0,5444,6
fixation,1493026.0130000114,0.4961902192410301,0.5896005367531496,2.366978364832261,2.4426287482766544,284.0,5445,6
fixation,1493342.6840000153,0.572120898299747,0.8734325170516968,2.3952229817708335,2.4654388427734375,150.0,5446,6
fixation,1493526.019999981,0.526057206094265,0.8780212327837944,2.342517852783203,2.413682301839193,200.0,5447,6
fixation,1493759.3529999256,0.5955680310726166,0.891648679971695,2.3583094278971353,2.4239654541015625,208.0,5448,6
fixation,1494142.6949999332,0.46854164790023456,0.3594148660247976,2.382171630859375,2.5000235817649146,183.0,5449,6
fixation,1494342.6969999075,0.4230879284441471,0.3296939190477133,2.4203672409057617,2.5285167694091797,267.0,5450,6
fixation,1494659.368999958,0.3817074138384599,0.5569256223165072,2.251036423903245,2.3393472524789662,216.0,5451,6
fixation,1494909.3679999113,0.39563216517368954,0.3355192032953103,2.2822392781575522,2.3609237670898438,200.0,5452,6
fixation,1495126.0389999151,0.4094068729877472,0.32820095598697663,2.3064788818359374,2.390338134765625,417.0,5453,6
fixation,1495592.7139999866,0.36318872061868507,0.4450717618068059,2.2999839782714844,2.4018885294596353,400.0,5454,6
fixation,1496042.7189999819,0.5986073538661003,0.5527971237897873,2.4046630859375,2.430683135986328,133.0,5455,6
fixation,1496209.3909999132,0.6345210552215577,0.5866206079721451,2.38671875,2.4162689208984376,166.0,5456,6
fixation,1496392.7179999352,0.6257259043363425,0.5307003741080945,2.4008084810697117,2.497180645282452,217.0,5457,6
fixation,1496659.398000002,0.5257231041789054,0.5908521622419357,2.3579620361328124,2.443531799316406,333.0,5458,6
fixation,1497009.3999999762,0.47515700413630557,0.5880167186260223,2.3858419565054088,2.5004131610576925,216.0,5459,6
fixation,1497259.4069999456,0.4148611932992935,0.6032847722371419,2.3816864013671877,2.4805257161458334,250.0,5460,6
fixation,1497526.0809999704,0.381374204158783,0.5974085927009583,2.3673934936523438,2.4343231201171873,167.0,5461,6
fixation,1497726.0839999914,0.4262443451504958,0.6080479402291147,2.371316207082648,2.4480398077713814,317.0,5462,6
fixation,1498059.4219999313,0.41405681148171425,0.5985833629965782,2.3691635131835938,2.4726085662841797,133.0,5463,6
fixation,1498226.0920000076,0.5244675517082215,0.6661274949709575,2.384452311197917,2.4496968587239585,250.0,5464,6
fixation,1498526.098999977,0.49952278624881397,0.3835115852681073,2.42138671875,2.523720481178977,184.0,5465,6
fixation,1498726.101999998,0.48153149017265867,0.34294233258281437,2.4218597412109375,2.516167776925223,234.0,5466,6
fixation,1498976.1059999466,0.4653176162391901,0.3410388510674238,2.4156360626220703,2.4900684356689453,134.0,5467,6
fixation,1499142.7759999037,0.4902775784333547,0.3041922350724538,2.3896993001302085,2.453092787000868,150.0,5468,6
fixation,1499326.1109999418,0.4073862712830305,0.3122452855110168,2.355794906616211,2.4540409088134765,667.0,5469,6
fixation,1500009.4570000172,0.405379511140011,0.3303882595565584,2.3228607177734375,2.454425953052662,450.0,5470,6
fixation,1500492.7989999056,0.4933244763658597,0.31999806887828386,2.404187715970553,2.482789846567007,433.0,5471,6
fixation,1500959.4789999723,0.4801406621932983,0.44350576102733613,2.4470947265625,2.54932861328125,91.0,5472,FIX_CROS
fixation,1501226.1489999294,0.4137066655925342,0.41369358769484926,2.4708469935825894,2.617567879813058,226.0,5473,FIX_CROS
fixation,1501492.8219999075,0.3156418651342392,0.3126392712195714,2.5163981119791665,2.670221964518229,208.0,5474,FIX_CROS
fixation,1501892.8299999237,0.33812636509537697,0.3553934246301651,2.3111953735351562,2.430389404296875,133.0,5475,6.2
fixation,1502059.4989999533,0.21708452887833118,0.39299060963094234,2.351400375366211,2.461233139038086,133.0,5476,6.2
fixation,1502209.5009999275,0.20085226909981835,0.39929141269789803,2.3563385009765625,2.447148640950521,150.0,5477,6.2
fixation,1502392.840999961,0.2721510444368635,0.4131157717534474,2.294278826032366,2.3729117257254466,117.0,5478,6.2
fixation,1502542.8439999819,0.3581827978293101,0.4017144921753142,2.209259033203125,2.2755330403645835,150.0,5479,6.2
fixation,1502826.1840000153,0.22438128771526472,0.4126973641770227,2.2551422119140625,2.328484671456473,234.0,5480,6.2
fixation,1503076.1890000105,0.2486188169568777,0.4163544960319996,2.2944844563802085,2.4050369262695312,200.0,5481,6.2
fixation,1503409.5289999247,0.4520886704325676,0.40855158269405367,2.27689208984375,2.377447509765625,166.0,5482,6.2
fixation,1503592.865999937,0.4349146783351898,0.4149234667420387,2.305506388346354,2.4052530924479165,100.0,5483,6.2
fixation,1503709.5360000134,0.516038067638874,0.4134267568588257,2.3598175048828125,2.4503326416015625,200.0,5484,6.2
fixation,1503942.875,0.5873704823580655,0.4143764512105422,2.3689700039950283,2.4864252263849433,183.0,5485,6.2
fixation,1504142.8789999485,0.5691420634587606,0.4160226881504059,2.373570760091146,2.497076670328776,200.0,5486,6.2
fixation,1504376.2170000076,0.626075953245163,0.40798332169651985,2.369164784749349,2.4600830078125,200.0,5487,6.2
fixation,1504592.8880000114,0.6636356082227495,0.41221189830038285,2.3737657335069446,2.4513041178385415,158.0,5488,6.2
fixation,1504909.5629999638,0.7301140001841954,0.42104360248361317,2.415532793317522,2.4944654192243303,233.0,5489,6.2
fixation,1505159.5699999332,0.7698437551657359,0.417277525862058,2.435991414388021,2.515941365559896,250.0,5490,6.2
fixation,1505442.90899992,0.7341812193393707,0.4115095853805542,2.31744384765625,2.3993988037109375,83.0,5491,6.2
fixation,1505542.9099999666,0.7157987356185913,0.4148869812488556,2.2950668334960938,2.35400390625,67.0,5492,6.2
fixation,1505642.9129999876,0.7880584618874958,0.41260784757988794,2.2979256766183034,2.3633270263671875,233.0,5493,6.2
fixation,1505892.9160000086,0.7781468868255615,0.40585906207561495,2.301446533203125,2.39285888671875,83.0,5494,6.2
fixation,1506042.9189999104,0.267325690814427,0.4915150361401694,2.3155648367745534,2.440981183733259,117.0,5495,6.2
fixation,1506192.9239999056,0.19363952428102493,0.4885457932949066,2.284898376464844,2.455792236328125,167.0,5496,6.2
fixation,1506392.9239999056,0.2522330378492673,0.4942047089338303,2.363777669270833,2.480277506510417,250.0,5497,6.2
fixation,1506659.5979999304,0.2738539619105203,0.5006464208875384,2.3592660086495534,2.4540928431919644,116.0,5498,6.2
fixation,1506809.598999977,0.19743710197508335,0.49247732882698375,2.3147595723470054,2.4179967244466147,200.0,5499,6.2
fixation,1507026.269999981,0.22049138627269052,0.4913761710578745,2.3235015869140625,2.408173994584517,184.0,5500,6.2
fixation,1507326.2769999504,0.2682306468486786,0.5248549804091454,2.3071861267089844,2.426586151123047,75.0,5501,6.2
fixation,1507559.615999937,0.3443875890225172,0.503852766007185,2.335844039916992,2.455129623413086,133.0,5502,6.2
fixation,1507726.2849999666,0.3938043000442641,0.5247419476509094,2.3901192801339284,2.5070059640066966,234.0,5503,6.2
fixation,1507992.9559999704,0.4769566096365452,0.5290110856294632,2.3366368611653647,2.4010518391927085,200.0,5504,6.2
fixation,1508226.2939999104,0.5886020123958587,0.5191460967063903,2.2989120483398438,2.3521408081054687,167.0,5505,6.2
fixation,1508426.2960000038,0.5586063095501491,0.518057861498424,2.3284149169921875,2.398108346121652,117.0,5506,6.2
fixation,1508576.300999999,0.6435757517814636,0.5139058446884155,2.3742254638671874,2.4428265380859373,417.0,5507,6.2
fixation,1509076.311999917,0.6976256817579269,0.5136364530771971,2.400514602661133,2.472820281982422,134.0,5508,6.2
fixation,1509242.9799998999,0.7496423342011191,0.5103789269924164,2.4020760276100854,2.4961201060901987,183.0,5509,6.2
fixation,1509459.648000002,0.7906313623700824,0.5032010674476624,2.3920157296316966,2.4824371337890625,116.0,5510,6.2
fixation,1509659.6560000181,0.29648439586162567,0.6234365925192833,2.338428497314453,2.4885730743408203,133.0,5511,6.2
fixation,1509809.6560000181,0.2471069066474835,0.6022076879938444,2.3117968241373696,2.5139846801757812,200.0,5512,6.2
fixation,1510042.993999958,0.30006480813026426,0.5950247903664907,2.3776540120442706,2.4816741943359375,250.0,5513,6.2
fixation,1510326.3320000172,0.3521099223030938,0.5892534984482659,2.3379007975260415,2.4218309190538196,151.0,5514,6.2
fixation,1510509.6689999104,0.43101797699928285,0.5825339436531067,2.3191787719726564,2.373602294921875,167.0,5515,6.2
fixation,1510709.6719999313,0.3937388211488724,0.5171773980061213,2.3095385233561196,2.4284133911132812,200.0,5516,6.2
fixation,1510959.6739999056,0.5599365234375,0.505109891295433,2.3490333557128906,2.4313201904296875,67.0,5517,6.2
fixation,1511143.0119999647,0.7136548683047295,0.5092959553003311,2.4131813049316406,2.4876174926757812,67.0,5518,6.2
fixation,1511259.6789999008,0.5877793356776237,0.5093762539327145,2.3897616068522134,2.497908274332682,200.0,5519,6.2
fixation,1511493.0159999132,0.6432562818129858,0.4978301227092743,2.3843612670898438,2.511366526285807,200.0,5520,6.2
fixation,1511759.6859999895,0.6771227121353149,0.5122223675251008,2.4078369140625,2.503118896484375,91.0,5521,6.2
fixation,1512009.6879999638,0.7232412816956639,0.5185161256231368,2.4608917236328125,2.5375723838806152,525.0,5522,6.2
fixation,1512559.6969999075,0.7523696534335613,0.5144258569926023,2.383668899536133,2.4570770263671875,133.0,5523,6.2
fixation,1512726.365999937,0.7901544080061071,0.5072754831875071,2.362871955422794,2.4022333481732536,283.0,5524,6.2
fixation,1513159.7049999237,0.35332809686660765,0.5738020479679108,2.2911621093749996,2.4104888916015623,83.0,5525,6.2
fixation,1513276.3739999533,0.2564890877558635,0.587407825084833,2.3210472693810096,2.460284893329327,216.0,5526,6.2
fixation,1513526.375,0.288529109954834,0.5831541210412979,2.333087158203125,2.4541885375976564,166.0,5527,6.2
fixation,1513726.3779999018,0.3493363642030292,0.5866558055082957,2.2902069091796875,2.394649929470486,150.0,5528,6.2
fixation,1513909.7109999657,0.4261520951986313,0.5734883871945468,2.230722600763494,2.326729514382102,183.0,5529,6.2
fixation,1514193.050999999,0.5321002478400866,0.5727042630314827,2.2530288696289062,2.325550079345703,200.0,5530,6.2
fixation,1514493.0569999218,0.5801062236229578,0.57175712287426,2.2779388427734375,2.300140380859375,100.0,5531,6.2
fixation,1514676.3899999857,0.6328521072864532,0.5724011262257894,2.2723236083984375,2.3257522583007812,100.0,5532,6.2
fixation,1514793.0599999428,0.6362497955560684,0.5677148252725601,2.2449315388997397,2.30511474609375,100.0,5533,6.2
fixation,1514909.726999998,0.7298791984717051,0.5898999353249867,2.3170155843098956,2.355889892578125,250.0,5534,6.2
fixation,1515209.7309999466,0.4662759040410702,0.3761205031321599,2.3369950514573317,2.428135798527644,217.0,5535,6.2
fixation,1515459.7339999676,0.6014664739370346,0.3814361408352852,2.384202575683594,2.457655334472656,167.0,5536,NOTRIAL
fixation,1515659.737999916,0.6412584185600281,0.28683576949181094,2.4108109012726815,2.521909652217742,517.0,5537,NOTRIAL
fixation,1516226.4129999876,0.6437480644537852,0.4818281829357147,2.353197537935697,2.4378662109375,433.0,5538,NOTRIAL
fixation,1516693.090999961,0.6481587919029029,0.729382541534063,2.4058421366923564,2.4757735793654985,617.0,5539,NOTRIAL
fixation,1517359.7709999084,0.479477658867836,0.5343537841524396,2.35400390625,2.464109148297991,233.0,5540,NOTRIAL
fixation,1517643.1069999933,0.4981652216778861,0.4832812084092034,2.394687228732639,2.4828982883029513,158.0,5541,FIX_CROS
fixation,1518043.115999937,0.43580789243181545,0.38336575652162236,2.401190439860026,2.5318145751953125,200.0,5542,FIX_CROS
fixation,1518276.4529999495,0.35009253973310644,0.4322895096106963,2.389920321377841,2.556578202681108,183.0,5543,FIX_CROS
fixation,1518493.1229999065,0.2667322541986193,0.39862131646701265,2.355983189174107,2.4979248046875,117.0,5544,6.1
fixation,1518643.1279999018,0.20189636449019113,0.4104316035906474,2.3271916707356772,2.4767532348632812,200.0,5545,6.1
fixation,1518876.4649999142,0.24743500910699368,0.41198520362377167,2.3334903717041016,2.460590362548828,133.0,5546,6.1
fixation,1519043.1319999695,0.3171852363480462,0.41006582313113743,2.293087429470486,2.4231499565972223,150.0,5547,6.1
fixation,1519243.1369999647,0.3974681711859173,0.4095875339375602,2.248601277669271,2.384329901801215,150.0,5548,6.1
fixation,1519426.4749999046,0.4773392826318741,0.40924256294965744,2.279651641845703,2.379962921142578,66.0,5549,6.1
fixation,1519526.4759999514,0.5617058753967286,0.4224755078554153,2.3263458251953124,2.4263595581054687,166.0,5550,6.1
fixation,1519726.4789999723,0.5344431698322296,0.42575476898087394,2.3633185492621527,2.47017584906684,150.0,5551,6.1
fixation,1519909.814999938,0.6125291784604391,0.41678186257680255,2.395563761393229,2.4851557413736978,100.0,5552,6.1
fixation,1520043.148000002,0.6884703392332251,0.4140492704781619,2.3952137340198862,2.498716874556108,184.0,5553,6.1
fixation,1520243.1569999456,0.6688893905707768,0.4194433923278536,2.425622122628348,2.5204031808035716,117.0,5554,6.1
fixation,1520393.1579999924,0.6449461549520492,0.419442181289196,2.432020568847656,2.544818115234375,167.0,5555,6.1
fixation,1520593.1610000134,0.728561133146286,0.4192458712137662,2.4414273775540867,2.523607694185697,225.0,5556,6.1
fixation,1520909.8339999914,0.7821856339772543,0.42954472452402115,2.4465204874674478,2.5493545532226562,108.0,5557,6.1
fixation,1521226.5080000162,0.20917478452126184,0.5063051568965117,2.4473253885904946,2.6429214477539062,192.0,5558,6.1
fixation,1521443.1779999733,0.24917460978031158,0.5054297926170486,2.436565944126674,2.529543195452009,234.0,5559,6.1
fixation,1521693.1849999428,0.2800092678517103,0.5165280140936375,2.2517471313476562,2.3824901580810547,134.0,5560,6.1
fixation,1521859.851999998,0.3239684762323604,0.5184602106318754,2.221475040211397,2.320774751551011,283.0,5561,6.1
fixation,1522159.8589999676,0.36374211062987644,0.5139739948014418,2.264826456705729,2.3771324157714844,200.0,5562,6.1
fixation,1522376.5310000181,0.38074886923034984,0.5149923786520958,2.3085645039876304,2.4317843119303384,200.0,5563,6.1
fixation,1522609.8679999113,0.4517591893672943,0.5051803354706083,2.3465685163225447,2.4658297584170388,358.0,5564,6.1
fixation,1523176.5469999313,0.5493272751569748,0.5098999485373497,2.3781784057617186,2.4843658447265624,158.0,5565,6.1
fixation,1523376.5519999266,0.604422750680343,0.5138108438771704,2.3865562107252036,2.4874725341796875,383.0,5566,6.1
fixation,1523793.2249999046,0.4650164964524182,0.5220728299834512,2.300326260653409,2.413418856534091,184.0,5567,6.1
fixation,1523993.2299998999,0.39687404334545134,0.5218667596578598,2.34259033203125,2.458319091796875,167.0,5568,6.1
fixation,1524176.567999959,0.3580669271945953,0.5267733108997344,2.376318359375,2.534947509765625,416.0,5569,6.1
fixation,1524626.5759999752,0.44508932158350945,0.5225056409835815,2.375225067138672,2.5058441162109375,66.0,5570,6.1
fixation,1524726.5769999027,0.5689358142289248,0.5295499807054346,2.3946033824573862,2.515229658647017,183.0,5571,6.1
fixation,1524943.25,0.6698254300997808,0.5204700128390238,2.467664278470553,2.5709064190204325,217.0,5572,6.1
fixation,1525193.2549999952,0.7069224059581757,0.5126230776309967,2.49727783203125,2.6034576416015627,84.0,5573,6.1
fixation,1525309.9239999056,0.6071634143590927,0.512198177476724,2.4536043802897134,2.5239041646321616,200.0,5574,6.1
fixation,1525526.5939999819,0.6338545382022858,0.5212418213486671,2.424163818359375,2.4951210021972656,74.0,5575,6.1
fixation,1525843.2680000067,0.7963587318857511,0.5181743030746778,2.475566864013672,2.545637766520182,200.0,5576,6.1
fixation,1526059.9419999123,0.7691611349582672,0.5205925057331721,2.4954045613606772,2.5825525919596353,100.0,5577,6.1
fixation,1526226.6079999208,0.2964414772060182,0.6327486700481839,2.3669925265842013,2.479588826497396,150.0,5578,6.1
fixation,1526393.2769999504,0.2642541130383809,0.6220062176386515,2.2915852864583335,2.4255269368489585,150.0,5579,6.1
fixation,1526576.6150000095,0.34412687867879865,0.613134303689003,2.2969100952148436,2.397206115722656,166.0,5580,6.1
fixation,1526776.618999958,0.397830023119847,0.5979376311103503,2.271124521891276,2.324385325113932,200.0,5581,6.1
fixation,1526993.2889999151,0.389264115691185,0.5984543323516845,2.3001663208007814,2.334130859375,167.0,5582,6.1
fixation,1527193.2939999104,0.4563804616530736,0.5934814686576525,2.309797922770182,2.3686396280924478,200.0,5583,6.1
fixation,1527409.9639999866,0.44078245924578774,0.5877256724569533,2.286468505859375,2.3622606065538196,150.0,5584,6.1
fixation,1527593.300999999,0.5220335870981216,0.5914543146888415,2.3093694051106772,2.3593292236328125,200.0,5585,6.1
fixation,1527826.6399999857,0.5749499201774597,0.5852824283970727,2.3167588975694446,2.362669203016493,150.0,5586,6.1
fixation,1528009.9749999046,0.6326786254843076,0.584223061800003,2.3420740763346353,2.3929901123046875,200.0,5587,6.1
fixation,1528243.3129999638,0.6885526749220762,0.5888141204010356,2.3579753528941763,2.401265924627131,184.0,5588,6.1
fixation,1528459.9829999208,0.7329644097222222,0.5903625984986623,2.368982950846354,2.4353196885850696,150.0,5589,6.1
fixation,1528659.9869999886,0.5444535071199591,0.4378844756971706,2.351651278409091,2.4821638627485796,183.0,5590,NOTRIAL
fixation,1528876.6579999924,0.556089984519141,0.3461543172597885,2.397253853934152,2.510072980608259,116.0,5591,NOTRIAL
fixation,1529009.993999958,0.55107039638928,0.30858311695711954,2.4201158796037947,2.5360521589006697,117.0,5592,NOTRIAL
fixation,1529176.6649999619,0.3676159886213449,0.28062179340766025,2.4173349233774037,2.511010976938101,217.0,5593,NOTRIAL
fixation,1529493.33799994,0.4948233419231006,0.280395327934197,2.3785193307059154,2.415673392159598,233.0,5594,NOTRIAL
fixation,1529743.340999961,0.5078738497363197,0.28479689359664917,2.3458133273654513,2.384590996636285,150.0,5595,NOTRIAL
fixation,1529910.0099999905,0.5780661195516587,0.28725177645683286,2.3427413940429687,2.4107681274414063,175.0,5596,NOTRIAL
fixation,1530293.3509999514,0.5295404891173044,0.2817684883872668,2.388702392578125,2.4722086588541665,92.0,5597,NOTRIAL
fixation,1530410.0189999342,0.5065639384768226,0.2866457538171248,2.413665771484375,2.481751181862571,367.0,5598,NOTRIAL
fixation,1530826.692999959,0.358531610833274,0.5338728759023879,2.2379557291666665,2.3357425265842013,150.0,5599,NOTRIAL
fixation,1530993.3609999418,0.35208548864592676,0.5073333317818849,2.2371613875679346,2.33538818359375,383.0,5600,NOTRIAL
fixation,1531410.0360000134,0.4672776125371456,0.4940623367826144,2.240553538004557,2.325445810953776,200.0,5601,NOTRIAL
fixation,1531643.371999979,0.3964042365550995,0.4923766338162952,2.2405192057291665,2.355373806423611,150.0,5602,NOTRIAL
fixation,1531810.0410000086,0.42416490726172923,0.48902505114674566,2.2886260986328124,2.425314712524414,667.0,5603,NOTRIAL
fixation,1532610.0519999266,0.3535834957252849,0.7215030247514899,2.3081207275390625,2.40289306640625,184.0,5604,NOTRIAL
fixation,1532810.0559999943,0.331999974946181,0.7386880392829577,2.3522987365722656,2.456793467203776,200.0,5605,NOTRIAL
fixation,1533026.7229999304,0.3758772646005337,0.7316947762782757,2.3372298020582933,2.431788517878606,217.0,5606,NOTRIAL
fixation,1533260.0599999428,0.4459417462348938,0.7133737727999687,2.3237457275390625,2.4057464599609375,67.0,5607,NOTRIAL
fixation,1533360.061999917,0.5391295919051537,0.7067557412844437,2.3378260685847354,2.3936920166015625,217.0,5608,NOTRIAL
fixation,1533593.3989999294,0.5728355497121811,0.7144170179963112,2.351451873779297,2.388835906982422,74.0,5609,NOTRIAL
fixation,1533860.0669999123,0.5043967820349193,0.7202081509998867,2.370537894112723,2.4676971435546875,342.0,5610,NOTRIAL
fixation,1534226.7389999628,0.4302500383928418,0.7193805941691002,2.243314743041992,2.3470945358276367,808.0,5611,NOTRIAL
fixation,1535276.7539999485,0.4418127775192261,0.752720195055008,2.3184519449869794,2.435646565755208,242.0,5612,NOTRIAL
fixation,1535576.7580000162,0.4908126350492239,0.4770902395248413,2.4054412841796875,2.493398666381836,133.0,5613,NOTRIAL
fixation,1535743.4299999475,0.36502633717927063,0.48065943203189154,2.2873271595348013,2.444978193803267,183.0,5614,NOTRIAL
fixation,1535976.7630000114,0.5629369219144186,0.4748348974519306,2.3338182237413196,2.4237806532118054,150.0,5615,NOTRIAL
fixation,1536176.7680000067,0.39459628611803055,0.4893089458346367,2.327128601074219,2.45826416015625,167.0,5616,NOTRIAL
fixation,1536360.1049998999,0.35465565592539117,0.5088903679222357,2.3675099357229765,2.4980999055455944,1017.0,5617,NOTRIAL
fixation,1537426.7899999619,0.48332709886811,0.48801829462701624,2.417655251242898,2.497344970703125,183.0,5618,NOTRIAL
fixation,1537843.4649999142,0.5080089084804058,0.5128646567463875,2.4990596771240234,2.6540164947509766,133.0,5619,11
fixation,1538010.1349999905,0.452952137360206,0.47873032780793995,2.5772775503305287,2.7193885216346154,225.0,5620,11
fixation,1538460.144999981,0.4591647739473142,0.528198097881518,2.391383923982319,2.5113886782997534,309.0,5621,11
fixation,1538793.4809999466,0.47431256227633534,0.566924463300144,2.395602955537684,2.501452277688419,283.0,5622,11
fixation,1539093.487999916,0.42777036792702144,0.5447018411424425,2.341721428765191,2.4600228203667536,308.0,5623,11
fixation,1539610.1639999151,0.459765188395977,0.5192841142416,2.3874003092447915,2.4879913330078125,92.0,5624,11
fixation,1539760.166999936,0.37439713180065154,0.888208195567131,2.4429016113281246,2.52635498046875,167.0,5625,11
fixation,1540010.172999978,0.44775330275297165,0.8742849640548229,2.387786865234375,2.4698314666748047,134.0,5626,11
fixation,1540176.8399999142,0.4976448655128479,0.8743183116118113,2.2900238037109375,2.3529429117838543,250.0,5627,11
fixation,1540526.8470000029,0.5785207520512974,0.8717799484729767,2.249074599322151,2.3152133717256436,283.0,5628,11
fixation,1540843.5189999342,0.6401301163893479,0.8737010176365192,2.2791665884164662,2.329957228440505,216.0,5629,11
fixation,1541093.5209999084,0.5502685474024879,0.8731025060017904,2.2248959011501737,2.2803768581814237,150.0,5630,11
fixation,1541260.1890000105,0.5885351697603861,0.8755895793437958,2.248896280924479,2.2859369913736978,100.0,5631,11
fixation,1541410.189999938,0.4244883277199485,0.8790711868893016,2.239776611328125,2.306673916903409,184.0,5632,11
fixation,1541610.1949999332,0.4068510000194822,0.8811505947794233,2.2704271589006693,2.331723894391741,117.0,5633,11
fixation,1541760.1919999123,0.45199963794304776,0.8783012582705572,2.274646465594952,2.332118107722356,217.0,5634,11
fixation,1542026.868999958,0.573118616427694,0.8727622074740273,2.264380318777902,2.3046722412109375,233.0,5635,11
fixation,1542276.8700000048,0.5986806799968084,0.8736782819032669,2.2783533732096353,2.3323974609375,100.0,5636,11
fixation,1542393.5349999666,0.6330923709002408,0.8716152120720256,2.3103263161399146,2.365792014382102,183.0,5637,11
fixation,1542626.8729999065,0.46714433282613754,0.5758950352668762,2.292958068847656,2.372027587890625,167.0,5638,11
fixation,1542810.2089999914,0.404721909099155,0.5892811285124885,2.265843709309896,2.3435550265842013,150.0,5639,11
fixation,1542993.5429999828,0.53528778893607,0.5450544101851327,2.317408970424107,2.388646806989397,241.0,5640,11
fixation,1543443.5489999056,0.5066056028008461,0.4735118088622888,2.3741582234700522,2.4757003784179688,200.0,5641,11
fixation,1543676.8839999437,0.5594145447015763,0.4313745439052582,2.4242599487304686,2.5057037353515623,333.0,5642,11
fixation,1544043.5529999733,0.5768801992138227,0.522400438785553,2.2378819783528647,2.309495290120443,200.0,5643,11
fixation,1544276.89199996,0.5163374628339495,0.5357187475476947,2.2271205357142856,2.2879638671875,117.0,5644,11
fixation,1544426.89199996,0.49118307815945667,0.5287726897260417,2.273280599842901,2.3628473696501358,767.0,5645,11
fixation,1545226.9009999037,0.5395518432963978,0.5224720646034587,2.310109918767756,2.415822809392756,191.0,5646,11
fixation,1545760.240999937,0.4232422442812669,0.4931034798684873,2.4356577019942436,2.571207146895559,317.0,5647,11
fixation,1546093.5799999237,0.3839778658002615,0.4579001870006323,2.3625577290852866,2.504554112752279,400.0,5648,11
fixation,1546526.9210000038,0.4613669583120862,0.49476360227610616,2.386732359190245,2.509200637404983,617.0,5649,11
fixation,1547160.2659999132,0.49947867915034294,0.487595168252786,2.433258056640625,2.5519994099934897,200.0,5650,FIX_CROS
fixation,1547393.6039999723,0.40148003958165646,0.4222725182771683,2.4350738525390625,2.5348005294799805,266.0,5651,FIX_CROS
fixation,1547793.6109999418,0.3088884025812149,0.38706178069114683,2.40828857421875,2.5086181640625,166.0,5652,11.2
fixation,1547993.612999916,0.23832508474588393,0.4758248388767242,2.4365692138671875,2.557080078125,83.0,5653,11.2
fixation,1548093.6150000095,0.24907168187201023,0.4973086640238762,2.433818817138672,2.542804718017578,66.0,5654,11.2
fixation,1548193.6150000095,0.3111777678132057,0.5140782780945301,2.3906288146972656,2.5256576538085938,66.0,5655,11.2
fixation,1548310.2889999151,0.40536571741104127,0.5193982690572738,2.3803482055664062,2.4847625732421874,167.0,5656,11.2
fixation,1548493.621999979,0.46254489074150723,0.520749198893706,2.388946533203125,2.4644991556803384,200.0,5657,11.2
fixation,1548726.959999919,0.5367156018813452,0.5168932477633158,2.3939832051595054,2.4539146423339844,200.0,5658,11.2
fixation,1548960.2969999313,0.6146817586638711,0.5099066428162835,2.3952830921519888,2.4490897438742896,184.0,5659,11.2
fixation,1549160.297999978,0.6617236336072286,0.5096405039230982,2.3936197916666666,2.473255411783854,250.0,5660,11.2
fixation,1549426.9699999094,0.6944299042224884,0.5095387324690819,2.3897603352864585,2.4686304728190103,100.0,5661,11.2
fixation,1549543.6399999857,0.7277736067771912,0.5069936431116528,2.396920098198785,2.4611985948350696,150.0,5662,11.2
fixation,1549710.311999917,0.7598014958202839,0.5069478899240494,2.411050796508789,2.449604034423828,142.0,5663,11.2
fixation,1550093.648000002,0.40945325170954067,0.48167503128449124,2.3527870178222656,2.490412394205729,192.0,5664,11.2
fixation,1550326.9869999886,0.5271495978037516,0.45959366112947464,2.4397099812825522,2.5272343953450522,100.0,5665,NOTRIAL
fixation,1550526.990999937,0.6367436844495035,0.28687553588421116,2.3761803411668345,2.4420419508411038,1034.0,5666,NOTRIAL
fixation,1551593.6739999056,0.6455752432346344,0.38477890342473986,2.3565948486328123,2.3959075927734377,167.0,5667,NOTRIAL
fixation,1551793.6779999733,0.6472671096739562,0.5154807898013488,2.3570622983186142,2.4281009176503057,767.0,5668,NOTRIAL
fixation,1552610.3600000143,0.6520139239728451,0.7061528228223324,2.324319839477539,2.3978843688964844,133.0,5669,NOTRIAL
fixation,1552760.362999916,0.6425488786771894,0.7306637279689312,2.397779941558838,2.4698877334594727,533.0,5670,NOTRIAL
fixation,1553327.0369999409,0.49163947655604434,0.7412400750013498,2.3330042912409854,2.4143888033353367,217.0,5671,NOTRIAL
fixation,1553577.041999936,0.4944935684854334,0.5122006074948744,2.3895749178799717,2.492770108309659,192.0,5672,FIX_CROS
fixation,1553977.0460000038,0.4671475326313692,0.41130098963485046,2.4257830451516544,2.539066987879136,276.0,5673,FIX_CROS
fixation,1554293.7209999561,0.46383280772715807,0.4775524428114295,2.3412599563598633,2.4652929306030273,267.0,5674,FIX_CROS
fixation,1554593.7279999256,0.38899348117411137,0.5071406178176403,2.235565185546875,2.368867874145508,133.0,5675,11.1
fixation,1554760.3959999084,0.4510320574045181,0.5189988485404423,2.2595629010881697,2.357415335518973,116.0,5676,11.1
fixation,1554910.398000002,0.5013096657666293,0.522467159412124,2.289253928444602,2.3997913707386362,183.0,5677,11.1
fixation,1555127.067999959,0.5729477822780609,0.5220514386892319,2.3119827270507813,2.399031066894531,167.0,5678,11.1
fixation,1555327.0699999332,0.5055748075246811,0.5268162850822721,2.323907034737723,2.4591217041015625,234.0,5679,11.1
fixation,1555593.7419999838,0.5598341882228851,0.521647846698761,2.3693267822265627,2.510528564453125,83.0,5680,11.1
fixation,1555693.7429999113,0.6065524742007256,0.5146303052703539,2.385730743408203,2.494237263997396,200.0,5681,11.1
fixation,1555927.0809999704,0.5522646407286326,0.5198706934849421,2.362940470377604,2.5298131306966147,108.0,5682,11.1
fixation,1556327.08799994,0.44277859628200533,0.5267540812492371,2.4275436401367188,2.531816101074219,167.0,5683,11.1
fixation,1556510.4269999266,0.41136714071035385,0.5259824459041867,2.4006543840680803,2.51690673828125,233.0,5684,11.1
fixation,1556777.0949999094,0.4909272723727756,0.52313099304835,2.330259535047743,2.3935970730251737,158.0,5685,11.1
fixation,1557127.0999999046,0.48930909018963575,0.5296326205134392,2.3352909088134766,2.4173498153686523,267.0,5686,11.1
fixation,1557460.4419999123,0.5476538004974524,0.5294926315546036,2.284867604573568,2.3652261098225913,400.0,5687,11.1
fixation,1557877.1139999628,0.5973769852093288,0.5218840454305921,2.2657884870256697,2.3424573625837053,234.0,5688,11.1
fixation,1558127.118999958,0.6128667186607014,0.5112452872774818,2.2831670587713067,2.3579268022017046,184.0,5689,11.1
fixation,1558360.4589999914,0.5792237758636475,0.38212116360664367,2.3359375,2.397607421875,166.0,5690,NOTRIAL
fixation,1558543.7929999828,0.5858959220349789,0.3107927795499563,2.3580284118652344,2.4282970428466797,133.0,5691,NOTRIAL
fixation,1558693.791999936,0.5696436680596451,0.30383309105346945,2.3596828066069504,2.4499422270676185,483.0,5692,NOTRIAL
fixation,1559227.135999918,0.3525770950843306,0.5070645769729334,2.3370244643267464,2.4662421731387867,567.0,5693,NOTRIAL
fixation,1559827.148000002,0.5586376658507756,0.5216215593474252,2.3144422258649553,2.390263148716518,117.0,5694,NOTRIAL
fixation,1560143.8159999847,0.5791266441345215,0.4995994322001934,2.387017822265625,2.458380126953125,333.0,5695,NOTRIAL
fixation,1560510.4929999113,0.5386341743999057,0.6750533746348487,2.347376505533854,2.3882870144314237,150.0,5696,NOTRIAL
fixation,1560710.493999958,0.33779322994606836,0.7248841864722115,2.2333275931222096,2.359041486467634,233.0,5697,NOTRIAL
fixation,1560960.5009999275,0.3678026655688882,0.7287110351026058,2.23806095123291,2.3501157760620117,266.0,5698,NOTRIAL
fixation,1561260.5099999905,0.5715189148550448,0.7193614620229473,2.228357729704484,2.281843102496603,391.0,5699,NOTRIAL
fixation,1561843.8579999208,0.5808790468833815,0.7203613087325029,2.2714078661421655,2.352537343199824,1183.0,5700,NOTRIAL
fixation,1563243.8959999084,0.5845134079456329,0.7271371811628342,2.266493225097656,2.3250518798828126,159.0,5701,NOTRIAL
fixation,1563443.898000002,0.6454659050161188,0.7302772104740143,2.334349198774858,2.377687627618963,367.0,5702,NOTRIAL
fixation,1563843.9069999456,0.4808586935202281,0.8175757527351379,2.2083943684895835,2.286288791232639,150.0,5703,NOTRIAL
fixation,1564010.5789999962,0.43096160060829586,0.8293739126788245,2.2089029947916665,2.308897230360243,150.0,5704,NOTRIAL
fixation,1564193.916999936,0.5329046206814902,0.8205012913261142,2.21917724609375,2.287867954799107,233.0,5705,NOTRIAL
fixation,1564460.5889999866,0.6416603378627611,0.7458483784095101,2.257321565047554,2.2775533924932065,383.0,5706,NOTRIAL
fixation,1564860.6009999514,0.6517545133829117,0.7350788122415542,2.3004183959960938,2.3398712158203123,833.0,5707,NOTRIAL
fixation,1565727.291999936,0.5404322922229767,0.7710781991481781,2.3243408203125,2.425830078125,84.0,5708,NOTRIAL
fixation,1565860.6279999018,0.5377400889992714,0.5298981331288815,2.351205825805664,2.519369125366211,133.0,5709,NOTRIAL
fixation,1566027.2960000038,0.6243807050314817,0.4613572765480388,2.4434980912642046,2.5366876775568183,184.0,5710,NOTRIAL
fixation,1566260.635999918,0.38376878574490547,0.5001415970424811,2.4286931355794272,2.594518025716146,200.0,5711,NOTRIAL
fixation,1566477.3029999733,0.3589121167724197,0.5093444235421516,2.420247258366765,2.56706072833087,617.0,5712,NOTRIAL
fixation,1567127.3169999123,0.48522594746421366,0.5851887131438536,2.349421781652114,2.424032772288603,284.0,5713,NOTRIAL
fixation,1567443.990999937,0.5004792457277124,0.5177706967700612,2.405272050337358,2.5075253573330967,183.0,5714,NOTRIAL
fixation,1567643.990999937,0.5266411542892456,0.5125095188617707,2.3660888671875,2.5056427001953123,91.0,5715,NOTRIAL
fixation,1567910.6629999876,0.49431120852629346,0.46510155002276105,2.4080403645833335,2.5040588378906246,92.0,5716,21
fixation,1568043.9989999533,0.4450193151831627,0.38650044798851013,2.4757369995117187,2.5672210693359374,167.0,5717,21
fixation,1568244.0039999485,0.4329559455315272,0.4484658476078149,2.4061834161931817,2.472007982658617,550.0,5718,21
fixation,1568844.0149999857,0.448968717455864,0.6020777612924576,2.3701934814453125,2.382524108886719,167.0,5719,21
fixation,1569027.3509999514,0.45279358530586417,0.6542429747906598,2.3812699751420454,2.4928450150923296,366.0,5720,21
fixation,1569427.3609999418,0.480628564953804,0.5794000989860959,2.483707004123264,2.573216756184896,150.0,5721,21
fixation,1569594.0289999247,0.46624669267071617,0.5569127781523598,2.4206373426649304,2.5154262118869357,600.0,5722,21
fixation,1570227.3709999323,0.49621956795454025,0.6278231348842382,2.4044675827026367,2.5186233520507812,266.0,5723,21
fixation,1570510.7120000124,0.47053373891573685,0.6507868147813357,2.4358555720402646,2.5618919959435096,217.0,5724,21
fixation,1570777.3819999695,0.35613180696964264,0.8885705843567848,2.4525349934895835,2.558238983154297,200.0,5725,21
fixation,1571010.7209999561,0.4183981567621231,0.8773070043987699,2.4544508192274304,2.551461113823785,150.0,5726,21
fixation,1571194.0559999943,0.4719670534133911,0.8753744006156922,2.42921142578125,2.528265380859375,84.0,5727,21
fixation,1571310.7229999304,0.5260196030139923,0.8757394403219223,2.4052467346191406,2.4806461334228516,133.0,5728,21
fixation,1571477.3969999552,0.4491554093360901,0.8752053952217103,2.39518310546875,2.4773876953125,416.0,5729,21
fixation,1571977.4009999037,0.5034581825137139,0.8694907069206238,2.34429931640625,2.4235198974609373,166.0,5730,21
fixation,1572177.4009999037,0.5883872454816644,0.8707664365118201,2.340576171875,2.4021370627663354,183.0,5731,21
fixation,1572394.074000001,0.6340352793534597,0.8778599520524343,2.34630126953125,2.411737060546875,250.0,5732,21
fixation,1572660.743999958,0.6747093846400579,0.8829974432786306,2.3592554728190103,2.404851277669271,100.0,5733,21
fixation,1572877.4129999876,0.3524997591972351,0.891659164428711,2.3250803629557293,2.4146494547526043,250.0,5734,21
fixation,1573160.7489999533,0.39429893158376217,0.8864834159612656,2.3421783447265625,2.4254074096679688,133.0,5735,21
fixation,1573327.419999957,0.44315221574571395,0.8814988765451643,2.326326158311632,2.399439493815104,158.0,5736,21
fixation,1573677.422999978,0.44283492788672446,0.39746480286121366,2.3683502197265627,2.4587921142578124,325.0,5737,21
fixation,1574027.4289999008,0.4427225701510906,0.39746736362576485,2.362529754638672,2.4503860473632812,66.0,5738,21
fixation,1574110.763999939,0.4264262430369854,0.40236153950293857,2.284832000732422,2.385157267252604,200.0,5739,21
fixation,1574344.0999999046,0.4534122464703579,0.34458086245200215,2.285154754040288,2.3666606229894303,850.0,5740,21
fixation,1575227.4469999075,0.48559831553383875,0.4476213886549598,2.331259476511102,2.4343623111122534,316.0,5741,FIX_CROS
fixation,1575594.118999958,0.3263105247169733,0.4095901846885681,2.392953872680664,2.508169174194336,275.0,5742,FIX_CROS
fixation,1576094.1289999485,0.31671954443057376,0.43111580858627957,2.410771687825521,2.5445149739583335,100.0,5743,21.1
fixation,1576244.1309999228,0.21230818863425935,0.4272769327674593,2.4501495361328125,2.5938916887555803,117.0,5744,21.1
fixation,1576377.4649999142,0.18882045522332191,0.42539127320051195,2.4525222778320312,2.577565002441406,166.0,5745,21.1
fixation,1576577.465999961,0.2526751110951106,0.4360138364136219,2.3315645853678384,2.453484853108724,200.0,5746,21.1
fixation,1576794.138999939,0.23898273126946556,0.4362005376153522,2.2711062961154513,2.3823445638020835,150.0,5747,21.1
fixation,1577044.1430000067,0.35208927653729916,0.44667335227131844,2.270181655883789,2.4031543731689453,134.0,5748,21.1
fixation,1577210.811999917,0.31522572155182177,0.44628022152643937,2.3051123985877404,2.4311006986177883,217.0,5749,21.1
fixation,1577444.148000002,0.37088246111358913,0.44672334832804544,2.3220432826450894,2.451289585658482,234.0,5750,21.1
fixation,1577727.4900000095,0.45903996750712395,0.4401770594219367,2.368152618408203,2.4295056660970054,200.0,5751,21.1
fixation,1577944.1599999666,0.5094748804202447,0.439372086754212,2.3515859750600963,2.411768986628606,217.0,5752,21.1
fixation,1578210.8309999704,0.5995078998453477,0.43859217096777525,2.394436106962316,2.450910680434283,283.0,5753,21.1
fixation,1578527.5019999743,0.6524116732180119,0.43947687186300755,2.4293670654296875,2.511892318725586,141.0,5754,21.1
fixation,1578927.5089999437,0.7097259348347074,0.42327340160097393,2.4892432803199407,2.57729739234561,350.0,5755,21.1
fixation,1579310.851999998,0.7563464695757086,0.4176689223809676,2.356148459694602,2.4077009721235796,183.0,5756,21.1
fixation,1579510.8539999723,0.7913012917225177,0.40752848295065075,2.2762239896334133,2.3125809889573317,217.0,5757,21.1
fixation,1579744.189999938,0.8196638971567154,0.4042511284351349,2.2779006958007812,2.3000106811523438,67.0,5758,21.1
fixation,1579894.1909999847,0.239225963751475,0.4901297291119893,2.2355194091796875,2.3389180501302085,100.0,5759,21.1
fixation,1580027.5299999714,0.1914701645190899,0.49306317819998813,2.217937762920673,2.3279958871694713,216.0,5760,21.1
fixation,1580277.5329999924,0.28096014938571234,0.5180220929059115,2.244172529740767,2.321677468039773,183.0,5761,21.1
fixation,1580494.2039999962,0.35295041650533676,0.5276463801662127,2.1716105143229165,2.262059529622396,200.0,5762,21.1
fixation,1580710.8759999275,0.3818194518486659,0.5274772147337595,2.2078653971354165,2.263483683268229,100.0,5763,21.1
fixation,1580844.2120000124,0.43593171558209826,0.5282268140997205,2.266237531389509,2.3176661900111606,234.0,5764,21.1
fixation,1581110.8819999695,0.48978174726168316,0.527859109143416,2.3058560689290366,2.361804962158203,200.0,5765,21.1
fixation,1581327.5539999008,0.5568243776048932,0.5290253502982003,2.3450840541294644,2.4029933384486606,233.0,5766,21.1
fixation,1581594.2279999256,0.6227810283501943,0.5264381815989813,2.379248301188151,2.445794423421224,200.0,5767,21.1
fixation,1581827.5669999123,0.6836157914470223,0.5236796088078443,2.391069300034467,2.438963946174173,283.0,5768,21.1
fixation,1582144.2429999113,0.7485915422439575,0.521807377988642,2.4162334095348013,2.4564250599254263,184.0,5769,21.1
fixation,1582344.2450000048,0.7985912816865104,0.5108418102775302,2.396551949637277,2.4429757254464284,117.0,5770,21.1
fixation,1582527.5809999704,0.3539535850286484,0.6126058002312978,2.3707453409830728,2.4855524698893228,100.0,5771,21.1
fixation,1582660.9179999828,0.32072193118242115,0.6182644573541788,2.372113741361178,2.4741985614483175,217.0,5772,21.1
fixation,1582910.9239999056,0.3795471750199795,0.6067976728081703,2.39898681640625,2.449085235595703,67.0,5773,21.1
fixation,1583010.925999999,0.4475836862217296,0.6014252548868005,2.3342715176669033,2.409584738991477,191.0,5774,21.1
fixation,1583394.2689999342,0.3956681822354977,0.5993720132571,2.353211622971755,2.490178034855769,225.0,5775,21.1
fixation,1583810.94599998,0.49157389998435974,0.5996995312826974,2.376922607421875,2.4695848737444197,109.0,5776,21.1
fixation,1583960.949000001,0.5429577990011736,0.5959230715578253,2.3833118785511362,2.4591480601917612,183.0,5777,21.1
fixation,1584177.621999979,0.6120754735810416,0.6095245672123772,2.3422764369419644,2.4153409685407365,233.0,5778,21.1
fixation,1584444.2939999104,0.6633774505721198,0.6092747979693942,2.30525885687934,2.3691304524739585,150.0,5779,21.1
fixation,1584627.6299999952,0.5662361627275293,0.6006525700742548,2.3051619096235796,2.367093172940341,183.0,5780,21.1
fixation,1584827.6349999905,0.5987295487097332,0.599674967782838,2.330103193010603,2.3878021240234375,233.0,5781,21.1
fixation,1585094.3099999428,0.5897145509719849,0.46648696263631184,2.3669362386067707,2.431828816731771,250.0,5782,NOTRIAL
fixation,1585377.6489999294,0.6419511198997497,0.3400917112827301,2.399102783203125,2.4716796875,83.0,5783,NOTRIAL
fixation,1585494.3190000057,0.6494774321715037,0.28593599051237106,2.440532684326172,2.515974680582682,200.0,5784,NOTRIAL
fixation,1585710.9900000095,0.6315404021221659,0.2875959018002386,2.4297976286514946,2.508710778277853,383.0,5785,NOTRIAL
fixation,1586144.334999919,0.6408611788199499,0.46691464059627974,2.37454341008113,2.454790555513822,434.0,5786,NOTRIAL
fixation,1586594.3429999352,0.6422135704442075,0.4991672093930997,2.4014009174547697,2.4961041902240955,316.0,5787,NOTRIAL
fixation,1586944.351999998,0.6499468433586034,0.7270775776017796,2.3697547912597656,2.438218203457919,733.0,5788,NOTRIAL
fixation,1587711.0279999971,0.5620434071336474,0.7173157589776176,2.306939261300223,2.3905247279575894,117.0,5789,NOTRIAL
fixation,1587877.7009999752,0.5603493601083755,0.4279842535033822,2.3998632431030273,2.4954872131347656,267.0,5790,NOTRIAL
fixation,1588161.0360000134,0.49266901943418717,0.452054253882832,2.441708034939236,2.503121270073785,158.0,5791,FIX_CROS
fixation,1588544.3769999743,0.39057092453752246,0.40661490048680987,2.3901846749441966,2.4989855085100445,575.0,5792,FIX_CROS
fixation,1589261.0559999943,0.2263891100883484,0.25780925899744034,2.2484054565429688,2.3904088338216147,100.0,5793,21.2
fixation,1589377.7259999514,0.19125069881027396,0.23803240128538825,2.2747872092507104,2.404134576970881,183.0,5794,21.2
fixation,1589594.3969999552,0.24731890950351954,0.24145908653736115,2.302938461303711,2.41717529296875,133.0,5795,21.2
fixation,1589761.064999938,0.3127912797711112,0.24346211620352484,2.2717715176669033,2.373747392134233,184.0,5796,21.2
fixation,1589977.7339999676,0.3389063149690628,0.2411276087164879,2.2347442626953127,2.3109283447265625,83.0,5797,21.2
fixation,1590094.4029999971,0.43294714722368455,0.2540903902716107,2.2258487277560763,2.3309326171875,150.0,5798,21.2
fixation,1590261.0759999752,0.40153747158391134,0.25611916716609684,2.2566746303013394,2.3462698800223216,117.0,5799,21.2
fixation,1590411.0749999285,0.4743790117402871,0.26358098164200783,2.320636749267578,2.4127820332845054,200.0,5800,21.2
fixation,1590644.4149999619,0.5474776300516996,0.26330244134772907,2.3689630681818183,2.457766446200284,183.0,5801,21.2
fixation,1590844.4179999828,0.6050465762615204,0.26656259298324586,2.4136138916015626,2.484906005859375,91.0,5802,21.2
fixation,1591194.4249999523,0.696604157036001,0.2519292045723308,2.481850363991477,2.557943170720881,183.0,5803,21.2
fixation,1591461.0999999046,0.735793724656105,0.2530471694966157,2.433129628499349,2.511474609375,200.0,5804,21.2
fixation,1591694.4419999123,0.7861350864171982,0.25027453154325485,2.3412826538085936,2.385447692871094,166.0,5805,21.2
fixation,1591877.7759999037,0.820458173751831,0.24586734361946583,2.325092315673828,2.3511924743652344,67.0,5806,21.2
fixation,1592027.7789999247,0.23291809324707305,0.33231368235179354,2.2767530168805803,2.4422149658203125,117.0,5807,21.2
fixation,1592161.112999916,0.18829623766635595,0.3329957456965196,2.2912308542351973,2.474700927734375,317.0,5808,21.2
fixation,1592494.4570000172,0.2371531506734235,0.34280598695789066,2.307753426688058,2.4572743007114957,233.0,5809,21.2
fixation,1592744.465999961,0.2657403163611889,0.3388125002384186,2.2878952026367188,2.4551963806152344,66.0,5810,21.2
fixation,1592844.4670000076,0.18920385198933737,0.33465940079518725,2.2824107578822543,2.444366455078125,233.0,5811,21.2
fixation,1593111.14199996,0.2537074559009992,0.3389960596194634,2.3239722618689904,2.4416304368239183,217.0,5812,21.2
fixation,1593344.4799998999,0.29313761070370675,0.33950238302350044,2.3093643188476562,2.412456512451172,333.0,5813,21.2
fixation,1593694.490999937,0.34842261175314587,0.3437930146853129,2.314397176106771,2.4284896850585938,108.0,5814,21.2
fixation,1593977.8299999237,0.325002904642712,0.3392792994325811,2.324806906960227,2.4374250932173296,183.0,5815,21.2
fixation,1594177.834999919,0.31198274220029515,0.3421696064372857,2.3596928914388022,2.458524703979492,408.0,5816,21.2
fixation,1594761.1819999218,0.32489474676549435,0.3320543244481087,2.20635986328125,2.3106021881103516,126.0,5817,21.2
fixation,1594911.1859999895,0.29561544160048164,0.33089425166447956,2.316388956705729,2.4074076334635417,250.0,5818,21.2
fixation,1595194.5259999037,0.3342568007035133,0.33161736871951664,2.2676278138772035,2.3732827993539662,650.0,5819,21.2
fixation,1595877.8769999743,0.39631775292483246,0.3337481672113592,2.2729561545632104,2.3871265758167612,183.0,5820,21.2
fixation,1596077.8830000162,0.4476151785680226,0.3337972919855799,2.2831497192382812,2.365340096609933,233.0,5821,21.2
fixation,1596327.8880000114,0.43034135018076214,0.33472775348595213,2.2837328229631697,2.404966081891741,117.0,5822,21.2
fixation,1596477.8880000114,0.4830934464931488,0.3316501170396805,2.3067977905273436,2.3930145263671876,167.0,5823,21.2
fixation,1596661.226999998,0.467014342546463,0.3379504308104515,2.3182106018066406,2.3984603881835938,142.0,5824,21.2
fixation,1597027.9039999247,0.5641537110010783,0.3288428849644131,2.364620632595486,2.441048516167535,150.0,5825,21.2
fixation,1597194.5729999542,0.5421038111050923,0.3413490335146586,2.402330525716146,2.5013773600260416,250.0,5826,21.2
fixation,1597477.90899992,0.609854057431221,0.32715773582458496,2.2965291341145835,2.362255096435547,200.0,5827,21.2
fixation,1597694.5809999704,0.5858314153220918,0.33261345823605853,2.286179436577691,2.373851352267795,308.0,5828,21.2
fixation,1598194.5889999866,0.592707034614351,0.3562321696016524,2.3133477105034723,2.4412672254774304,142.0,5829,21.2
fixation,1598377.9269999266,0.5172446722334082,0.34483168070966547,2.3934284556995737,2.5509199662642046,183.0,5830,21.2
fixation,1598594.5959999561,0.5488673746585846,0.3409929990768433,2.356431579589844,2.473516845703125,341.0,5831,21.2
fixation,1599144.6079999208,0.5577929317951202,0.3395369932055473,2.320018005371094,2.4425277709960938,158.0,5832,21.2
fixation,1599344.6109999418,0.6356395483016968,0.34399037063121796,2.396617889404297,2.5097999572753906,66.0,5833,21.2
fixation,1599444.612999916,0.6924807216439929,0.3390411841017859,2.3629361107235862,2.440434047154018,350.0,5834,21.2
fixation,1599827.9529999495,0.7447655086333935,0.33340522188406724,2.318873478816106,2.369720458984375,217.0,5835,21.2
fixation,1600077.9570000172,0.7768770443356555,0.3259053904077281,2.3386303445567256,2.360989114512568,383.0,5836,21.2
fixation,1600477.9679999352,0.8013494372367859,0.32469167113304137,2.2915110270182293,2.314863077799479,258.0,5837,21.2
fixation,1600927.973999977,0.7876332278052965,0.3305715856452783,2.3047205607096353,2.3756141662597656,192.0,5838,21.2
fixation,1601161.3109999895,0.6799272328615189,0.3391303777694702,2.398846435546875,2.5072982788085936,167.0,5839,21.2
fixation,1601394.6469999552,0.2770890047152837,0.41190362721681595,2.3039372762044272,2.4459635416666665,100.0,5840,21.2
fixation,1601527.9809999466,0.18996922958355683,0.4140867613829099,2.249828632061298,2.386768047626202,217.0,5841,21.2
fixation,1601761.317999959,0.23776468528168543,0.4179108738899231,2.2800816127232144,2.4046630859375,117.0,5842,21.2
fixation,1601894.6560000181,0.2828659494717916,0.41548743546009065,2.248212687174479,2.3452168782552083,250.0,5843,21.2
fixation,1602161.3249999285,0.33969714320622957,0.41445656235401446,2.2070289024939904,2.2936377892127404,217.0,5844,21.2
fixation,1602411.3259999752,0.3851911953904412,0.412329992110079,2.210135719992898,2.293985540216619,184.0,5845,21.2
fixation,1602611.3289999962,0.3588062793016434,0.41121148467063906,2.2516098022460938,2.3187301635742186,167.0,5846,21.2
fixation,1602877.9979999065,0.4654816836118698,0.4146270155906677,2.2747207641601563,2.342424011230469,167.0,5847,21.2
fixation,1603078.0029999018,0.434285462833941,0.42039893940091133,2.3309383392333984,2.389432907104492,267.0,5848,21.2
fixation,1603361.3389999866,0.41674992740154265,0.43427927494049073,2.341754150390625,2.426971435546875,91.0,5849,21.2
fixation,1603611.3389999866,0.4845203327782014,0.43669645751223846,2.381143906537224,2.437526927274816,283.0,5850,21.2
fixation,1603928.0119999647,0.5516531808035714,0.4416689851454326,2.416344778878348,2.491666521344866,234.0,5851,21.2
fixation,1604194.6819999218,0.6303889017838699,0.4310707255051686,2.3425750732421875,2.416248028094952,217.0,5852,21.2
fixation,1604428.0159999132,0.6198618518454688,0.4305198682206018,2.369635445731027,2.4698453630719865,234.0,5853,21.2
fixation,1604694.6859999895,0.6764164706071217,0.43577702045440675,2.435410563151042,2.5470550537109373,250.0,5854,21.2
fixation,1604961.3579999208,0.7108956189716563,0.4315369137946297,2.47674560546875,2.573842665728401,283.0,5855,21.2
fixation,1605261.3600000143,0.7714375535647074,0.43189263343811035,2.529529825846354,2.6159962972005206,250.0,5856,21.2
fixation,1605528.0319999456,0.8046534558137258,0.4279705360531807,2.5514373779296875,2.635162353515625,100.0,5857,21.2
fixation,1605694.6999999285,0.22323267658551535,0.5093712508678436,2.485326131184896,2.671239217122396,150.0,5858,21.2
fixation,1605861.368999958,0.18391689451204407,0.506961777806282,2.4620208740234375,2.619964599609375,308.0,5859,21.2
fixation,1606411.3759999275,0.22838041807214418,0.5207781220475832,2.3370208740234375,2.442957560221354,92.0,5860,21.2
fixation,1606528.0460000038,0.2724647655298835,0.5223796242161801,2.435164602179276,2.541238082082648,317.0,5861,21.2
fixation,1606861.3880000114,0.2583892047405243,0.52668563524882,2.3940277099609375,2.5273513793945312,100.0,5862,21.2
fixation,1606994.7229999304,0.35266626360160963,0.5213985453758921,2.344867706298828,2.4626176016671315,467.0,5863,21.2
fixation,1607478.0640000105,0.4308881329165565,0.5181588381528854,2.3855311075846353,2.4903132120768228,300.0,5864,21.2
fixation,1607794.7339999676,0.47868474423885343,0.5165189757943154,2.4360641479492187,2.512377166748047,333.0,5865,21.2
fixation,1608161.4119999409,0.5241201877593994,0.5115201562643051,2.4173049926757812,2.487013244628906,166.0,5866,21.2
fixation,1608361.4139999151,0.5661636417110761,0.5045628249645233,2.381488800048828,2.437585194905599,200.0,5867,21.2
fixation,1608594.7519999743,0.6055388881100549,0.49885109563668567,2.3436770968967013,2.411075168185764,150.0,5868,21.2
fixation,1608778.08799994,0.6418572266896566,0.5030112378299236,2.3517074584960938,2.4039955139160156,200.0,5869,21.2
fixation,1608994.7580000162,0.6777702391147613,0.49266545176506044,2.3359619140625,2.3836395263671877,91.0,5870,21.2
fixation,1609328.0970000029,0.7344489714929036,0.5002397724560329,2.3768081665039062,2.4539075578962053,226.0,5871,21.2
fixation,1609578.1029999256,0.7808573714324406,0.49539908128125326,2.3887296404157365,2.4554944719587053,234.0,5872,21.2
fixation,1609844.7739999294,0.7596721743282518,0.49282455601190267,2.288252177991365,2.3432135331003288,317.0,5873,21.2
fixation,1610194.7810000181,0.7959310591220856,0.48686656057834626,2.2481536865234375,2.3273544311523438,167.0,5874,21.2
fixation,1610378.1179999113,0.8329291078779433,0.48579370644357467,2.270414564344618,2.336001925998264,150.0,5875,21.2
fixation,1610611.4559999704,0.21210373441378275,0.5932192140155368,2.286287095811632,2.409171210394965,150.0,5876,21.2
fixation,1610778.1239999533,0.17722595317496193,0.5839083393414816,2.280609130859375,2.413301255967882,150.0,5877,21.2
fixation,1610961.46299994,0.24782648930946985,0.5871464080280728,2.3026614718967013,2.39127434624566,158.0,5878,21.2
fixation,1611344.8029999733,0.31029454867045086,0.6067853404415978,2.235237969292535,2.352991739908854,142.0,5879,21.2
fixation,1611528.1380000114,0.40624690757078286,0.6040933062048519,2.276366289924173,2.364209343405331,284.0,5880,21.2
fixation,1611844.8059999943,0.47865260268251103,0.6070424169301987,2.254754384358724,2.3010787963867188,200.0,5881,21.2
fixation,1612128.144999981,0.5490681933505195,0.6007012618439538,2.254535130092076,2.3260410853794644,234.0,5882,21.2
fixation,1612411.4869999886,0.6184650384462796,0.5927298275324014,2.270489032451923,2.3587857759915867,216.0,5883,21.2
fixation,1612661.4889999628,0.6751985140144825,0.5944686122238636,2.307978630065918,2.3744049072265625,266.0,5884,21.2
fixation,1612961.4929999113,0.7673853794733684,0.5977101067701975,2.340920003255208,2.380684407552083,250.0,5885,21.2
fixation,1613378.1649999619,0.33959629833698274,0.3691359221935272,2.3025222778320313,2.42061767578125,167.0,5886,21.2
fixation,1613561.5019999743,0.32336562871932983,0.3455919958651066,2.288959503173828,2.4357337951660156,66.0,5887,21.2
fixation,1613661.5019999743,0.42072284647396635,0.34350825207574026,2.354646955217634,2.4445321219308034,233.0,5888,21.2
fixation,1613928.172999978,0.4874647743999958,0.3488857075572014,2.3474655151367188,2.413921356201172,67.0,5889,21.2
fixation,1614028.1769999266,0.48662042369445163,0.351528599858284,2.35321044921875,2.420099894205729,100.0,5890,21.2
fixation,1614161.510999918,0.579586793979009,0.3440940131743749,2.3462142944335938,2.3786341349283853,108.0,5891,21.2
fixation,1614461.5180000067,0.6147002024309975,0.3336897109236036,2.3606741768973216,2.434661865234375,116.0,5892,21.2
fixation,1614594.8529999256,0.6835745910803477,0.34249324003855386,2.4433837890625,2.521833292643229,250.0,5893,21.2
fixation,1614861.5259999037,0.7210514217615127,0.34461575001478195,2.404222106933594,2.474537658691406,166.0,5894,21.2
fixation,1615061.5259999037,0.6167402639985085,0.34055988304317,2.346508026123047,2.4262638092041016,133.0,5895,21.2
fixation,1615211.5279999971,0.5746007735530535,0.34720592200756073,2.3512369791666665,2.4235051472981772,200.0,5896,21.2
fixation,1615444.8650000095,0.5452160775661469,0.35887469748655954,2.406275431315104,2.5060658772786457,250.0,5897,21.2
fixation,1615728.2019999027,0.6943977006844112,0.35371568905455725,2.436389378138951,2.516188485281808,234.0,5898,21.2
fixation,1615978.2089999914,0.7472338217955369,0.35042031567830306,2.4194875863882213,2.501117412860577,217.0,5899,21.2
fixation,1616211.544999957,0.7879555655850304,0.3448722759882609,2.405034383138021,2.457392374674479,150.0,5900,21.2
fixation,1616428.215999961,0.22273947795232138,0.4395524495177799,2.341862996419271,2.50030517578125,150.0,5901,21.2
fixation,1616611.5519999266,0.19131209403276445,0.4263127610087395,2.3442138671875,2.489373779296875,166.0,5902,21.2
fixation,1616794.888999939,0.27802499135335285,0.4408230011661847,2.3631108601888022,2.493321736653646,108.0,5903,21.2
fixation,1617078.226999998,0.3630044824547238,0.42675239013301003,2.3187154134114585,2.4269239637586804,150.0,5904,21.2
fixation,1617244.8959999084,0.3412658380610602,0.4436302823679788,2.3481903076171875,2.487949916294643,117.0,5905,21.2
fixation,1617378.2350000143,0.3814501166343689,0.44496026933193206,2.3660888671875,2.4934539794921875,84.0,5906,21.2
fixation,1617494.9019999504,0.43501769548112695,0.4505354789170352,2.3352591774680396,2.431271639737216,183.0,5907,21.2
fixation,1617694.9049999714,0.48089088797569274,0.4507291093468666,2.2981109619140625,2.370648193359375,167.0,5908,21.2
fixation,1617894.90899992,0.4363408423960209,0.45046067982912064,2.2993850708007812,2.3768310546875,67.0,5909,21.2
fixation,1618011.5769999027,0.5584431091944376,0.4484374483426412,2.3226969401041666,2.394268798828125,250.0,5910,21.2
fixation,1618294.916999936,0.6366937251194663,0.44322150168211566,2.353213102921196,2.428971000339674,383.0,5911,21.2
fixation,1618711.5889999866,0.6997987255454063,0.4391397824510932,2.3804941177368164,2.46407413482666,266.0,5912,21.2
fixation,1619011.5949999094,0.7714626540740331,0.43668883045514423,2.4216715494791665,2.5045064290364585,200.0,5913,21.2
fixation,1619278.2659999132,0.19769906312227248,0.5067938125133514,2.322901611328125,2.513768310546875,417.0,5914,21.2
fixation,1619711.6119999886,0.2536857266511236,0.52389957010746,2.2971409388950894,2.433316911969866,124.0,5915,21.2
fixation,1620061.6119999886,0.2969434678554535,0.5276851564645767,2.3257125854492187,2.4842269897460936,166.0,5916,21.2
fixation,1620244.9529999495,0.3551027061123597,0.5369018833888205,2.375138935289885,2.4944658781352795,317.0,5917,21.2
fixation,1620578.291999936,0.337897844174329,0.538059371359208,2.276132022633272,2.3856928208295036,292.0,5918,21.2
fixation,1621128.2999999523,0.37450694143772123,0.5299668610095978,2.3465576171875,2.46995849609375,84.0,5919,21.2
fixation,1621228.3029999733,0.4359631729977472,0.5362504912274224,2.407414027622768,2.5449622017996654,234.0,5920,21.2
fixation,1621478.3069999218,0.46202049487166935,0.5411584377288818,2.3732367621527777,2.5120849609375,300.0,5921,21.2
fixation,1621794.9799998999,0.49949642829596996,0.5385264698415995,2.347102165222168,2.435131072998047,267.0,5922,21.2
fixation,1622094.9859999418,0.5589889114101728,0.5378074099620184,2.3864402770996094,2.465923309326172,200.0,5923,21.2
fixation,1622311.6539999247,0.6011996169885,0.5301910787820816,2.3899256388346353,2.4830296834309897,100.0,5924,21.2
fixation,1622444.990999937,0.65948158961076,0.5240591833224664,2.394976102388822,2.482500516451322,217.0,5925,21.2
fixation,1622678.3279999495,0.6376144488652548,0.5149524410565695,2.3535837809244793,2.4224609375,250.0,5926,21.2
fixation,1623045.0019999743,0.7123312279582024,0.5219342857599258,2.3505210876464844,2.4532737731933594,67.0,5927,21.2
fixation,1623145.0080000162,0.7709286646409468,0.5100729682228782,2.3895097212357954,2.4667205810546875,184.0,5928,21.2
fixation,1623345.0069999695,0.8082984387874603,0.501785397529602,2.3804168701171875,2.476531982421875,100.0,5929,21.2
fixation,1623545.010999918,0.21161749213933945,0.5954698145389556,2.3323272705078124,2.52176513671875,84.0,5930,21.2
fixation,1623661.6819999218,0.18043355643749237,0.5863425135612488,2.3373587472098216,2.483679635184152,117.0,5931,21.2
fixation,1623811.6809999943,0.2430166701475779,0.5732111384471258,2.3074735005696616,2.4325281778971353,200.0,5932,21.2
fixation,1624061.6879999638,0.32935689931566065,0.5792721537026492,2.283111572265625,2.349355524236506,183.0,5933,21.2
fixation,1624261.6890000105,0.3019294887781143,0.5857524931430816,2.2651123046875,2.3467376708984373,83.0,5934,21.2
fixation,1624378.3589999676,0.41188766186436016,0.5787026236454645,2.256702423095703,2.3214569091796875,208.0,5935,21.2
fixation,1625028.3709999323,0.5581231289788297,0.5978579144728812,2.3984784578022205,2.4650565699527136,316.0,5936,21.2
fixation,1625378.3789999485,0.6121448546648025,0.6086992353200913,2.386027526855469,2.427703857421875,166.0,5937,21.2
fixation,1625578.3809999228,0.68614661693573,0.6019685526688894,2.3166188557942706,2.3715138753255207,250.0,5938,21.2
fixation,1625845.0519999266,0.6605422049760818,0.6008379608392715,2.3093287150065103,2.370213826497396,100.0,5939,21.2
fixation,1625978.388999939,0.7665148489177227,0.5970496125519276,2.3142127990722656,2.3655261993408203,266.0,5940,21.2
fixation,1626311.7289999723,0.21162474581173488,0.653773946421487,2.27886962890625,2.4307468959263394,117.0,5941,21.2
fixation,1626461.7309999466,0.17046617784283377,0.6740866113792766,2.285189541903409,2.4003476229580967,183.0,5942,21.2
fixation,1626661.7350000143,0.22190628863043255,0.6732005841202207,2.2937825520833335,2.3765716552734375,150.0,5943,21.2
fixation,1626828.4029999971,0.2626185165001796,0.6767321114356701,2.2669912484975963,2.344091562124399,216.0,5944,21.2
fixation,1627078.4099999666,0.32972955589111036,0.6825752143676465,2.1983184814453125,2.267621553861178,216.0,5945,21.2
fixation,1627328.4129999876,0.38985770381987095,0.6862254478037357,2.1824302673339844,2.2440662384033203,141.0,5946,21.2
fixation,1627661.7529999018,0.462621624653156,0.6782664610789373,2.2762110783503604,2.3476057786207933,209.0,5947,21.2
fixation,1627911.7569999695,0.5735843330621719,0.676986174924033,2.334163120814732,2.375737871442522,233.0,5948,21.2
fixation,1628178.4279999733,0.6079142689704895,0.6736009940505028,2.275737762451172,2.3197097778320312,66.0,5949,21.2
fixation,1628278.4309999943,0.6711893975734711,0.6698667705059052,2.2704315185546875,2.306514195033482,233.0,5950,21.2
fixation,1628545.101999998,0.7342928051948547,0.6675134809578166,2.2632518095128678,2.3082338220932903,284.0,5951,21.2
fixation,1628845.1049998999,0.791440888093068,0.6705450713634491,2.2937774658203125,2.338189932016226,217.0,5952,21.2
fixation,1629161.7810000181,0.39388275146484375,0.7642647240843091,2.230534144810268,2.353485107421875,117.0,5953,21.2
fixation,1629311.7829999924,0.33509112522006035,0.7691051562627157,2.2631251017252603,2.34844970703125,200.0,5954,21.2
fixation,1629545.121999979,0.3851887881755829,0.7614183947443962,2.254723866780599,2.3362210591634116,200.0,5955,21.2
fixation,1629778.4549999237,0.42428537209828693,0.7588275571664175,2.21734619140625,2.2832183837890625,108.0,5956,21.2
fixation,1630161.7989999056,0.4083820767700672,0.7677520761887232,2.2600008646647134,2.362140655517578,192.0,5957,21.2
fixation,1630395.1380000114,0.4655132552851801,0.7549492107785266,2.251651266346807,2.3234644350798233,384.0,5958,21.2
fixation,1630795.1439999342,0.48968096673488615,0.7535979628562928,2.1903152465820312,2.2427902221679688,167.0,5959,21.2
fixation,1630978.4799998999,0.5363624464063084,0.7528415602796218,2.2071811451631436,2.2546458524816178,283.0,5960,21.2
fixation,1631295.1549999714,0.5904718680041177,0.7561203837394714,2.262183053152902,2.30816650390625,234.0,5961,21.2
fixation,1631545.1610000134,0.61285461620851,0.7564036873253909,2.2918243408203125,2.3501961447975854,184.0,5962,21.2
fixation,1631745.1649999619,0.6503341769178709,0.758270338177681,2.329057057698568,2.4014612833658853,208.0,5963,21.2
fixation,1632178.5119999647,0.6903984476538265,0.7726754879250246,2.344880047966452,2.4235507740693936,275.0,5964,21.2
fixation,1632478.5189999342,0.6588774804885571,0.772487081014193,2.3716571514423075,2.440704345703125,216.0,5965,21.2
fixation,1632711.8589999676,0.681418365240097,0.7718716710805893,2.30294189453125,2.3590789794921876,167.0,5966,21.2
fixation,1632895.1979999542,0.6589116419062895,0.7692329655675327,2.2774065803079044,2.328847548540901,284.0,5967,21.2
fixation,1633311.8729999065,0.3568638786673546,0.7723832845687866,2.2543685913085936,2.3845504760742187,167.0,5968,21.2
fixation,1633511.8789999485,0.3298985936811992,0.7757210859230587,2.2576817103794644,2.3623744419642856,117.0,5969,21.2
fixation,1633661.8839999437,0.4028790399432182,0.7586919844150544,2.232757568359375,2.3183914184570313,167.0,5970,21.2
fixation,1633845.2229999304,0.4506116745372613,0.7545209700862566,2.2152786254882812,2.289076487223307,200.0,5971,21.2
fixation,1634061.8959999084,0.47470322939065784,0.7575145065784454,2.2163121150090146,2.3019878680889425,217.0,5972,21.2
fixation,1634311.9039999247,0.5599908888339996,0.7672361671924591,2.2289093017578123,2.2992431640625,91.0,5973,21.2
fixation,1634678.5799999237,0.5949412763118744,0.4519739538431168,2.3733642578125,2.4957763671875,75.0,5974,21.2
fixation,1634795.2479999065,0.524609855630181,0.3664487674832344,2.4334217418323862,2.551503961736506,367.0,5975,21.2
fixation,1635195.2589999437,0.568538460880518,0.2909873519092798,2.3665943145751953,2.442708969116211,134.0,5976,NOTRIAL
fixation,1635361.9279999733,0.639636711941825,0.2836950081917975,2.3426920572916665,2.4034322102864585,308.0,5977,NOTRIAL
fixation,1635945.2779999971,0.5996564626693726,0.3211780531065805,2.366485595703125,2.449669974190848,117.0,5978,NOTRIAL
fixation,1636078.6169999838,0.6362111251801252,0.3116241581737995,2.4847326278686523,2.5718841552734375,266.0,5979,NOTRIAL
fixation,1636378.621999979,0.5769211762356308,0.30557534014278986,2.4037613778744102,2.4700976677660673,883.0,5980,NOTRIAL
fixation,1637278.638999939,0.6188011430203915,0.3030391614884138,2.402585983276367,2.5010242462158203,133.0,5981,NOTRIAL
fixation,1637428.6430000067,0.5700675088625687,0.31485339311453014,2.3849898118239183,2.4981712928185096,224.0,5982,NOTRIAL
fixation,1637828.6519999504,0.5651151475153471,0.31697593394078705,2.5283564517372534,2.6746810109991777,316.0,5983,NOTRIAL
fixation,1638195.324000001,0.5306439697742462,0.4734454363584518,2.446533203125,2.59317626953125,84.0,5984,NOTRIAL
fixation,1638311.993999958,0.3333926515446769,0.5256656044059329,2.3327229817708335,2.483645968967014,150.0,5985,NOTRIAL
fixation,1638478.6619999409,0.36066654675147114,0.5460833977250492,2.3146254595588234,2.4617587818818936,283.0,5986,NOTRIAL
fixation,1638795.3359999657,0.5773187577724457,0.5194993471460683,2.349852970668248,2.4406520298549106,474.0,5987,NOTRIAL
fixation,1639462.0159999132,0.5448558449745178,0.5057401090860367,2.361602783203125,2.474639892578125,76.0,5988,NOTRIAL
fixation,1639578.6849999428,0.49660078601704705,0.517707565592395,2.367123497856988,2.4736840989854603,600.0,5989,NOTRIAL
fixation,1640228.6940000057,0.3543794850508372,0.7074090242385864,2.2473212348090277,2.3362545437282987,150.0,5990,NOTRIAL
fixation,1640395.365999937,0.35121018489201866,0.7309816618760426,2.2882568359375,2.3691813151041665,250.0,5991,NOTRIAL
fixation,1640662.0399999619,0.3748731482774019,0.7358692847192287,2.255873680114746,2.367926597595215,267.0,5992,NOTRIAL
fixation,1640978.7109999657,0.5679633282124996,0.6161329112946987,2.2822494506835938,2.3255233764648438,133.0,5993,NOTRIAL
fixation,1641145.3799999952,0.6260662206581661,0.71916463971138,2.265531267438616,2.2963365827287947,116.0,5994,NOTRIAL
fixation,1641295.3799999952,0.6489586010575294,0.7303623606761297,2.3199195861816406,2.3417510986328125,200.0,5995,NOTRIAL
fixation,1641512.0569999218,0.5969438403844833,0.7291141077876091,2.3163890838623047,2.369007110595703,142.0,5996,NOTRIAL
fixation,1641862.0669999123,0.65592346754339,0.7350529895888435,2.3517879909939237,2.4294314914279513,292.0,5997,NOTRIAL
fixation,1642212.0729999542,0.5604481756687164,0.46859349111715953,2.3621124267578124,2.460737101236979,250.0,5998,NOTRIAL
fixation,1642478.746999979,0.5260889165931277,0.361679055624538,2.3352347479926214,2.403900146484375,300.0,5999,NOTRIAL
fixation,1642812.08799994,0.40445429980754855,0.2911027118563652,2.32135009765625,2.412797546386719,167.0,6000,NOTRIAL
fixation,1643012.0939999819,0.3549310602247715,0.265631640329957,2.310283660888672,2.3890323638916016,134.0,6001,NOTRIAL
fixation,1643178.7659999132,0.4823244396183226,0.2623901069164276,2.3340030246310763,2.3802964952256946,150.0,6002,NOTRIAL
fixation,1643362.1029999256,0.5991744796435038,0.2597893037729793,2.3346082899305554,2.364629109700521,150.0,6003,NOTRIAL
fixation,1643562.1100000143,0.36163563484495337,0.5005885328758847,2.3310983831232246,2.42135273326527,375.0,6004,NOTRIAL
fixation,1644162.1229999065,0.3496175157752904,0.520937442779541,2.4537499167702417,2.584872159090909,375.0,6005,NOTRIAL
fixation,1644728.8039999008,0.6438690841197967,0.5018205136060715,2.3154510498046874,2.397454833984375,250.0,6006,NOTRIAL
fixation,1645512.15899992,0.4746638033539057,0.6852854080498219,2.261373519897461,2.3357791900634766,126.0,6007,NOTRIAL
fixation,1645695.496999979,0.36225542426109314,0.5335314770539602,2.3187908596462674,2.426580641004774,300.0,6008,NOTRIAL
fixation,1646045.5059999228,0.46091633899645373,0.6989052322777835,2.1646770130504263,2.2054554332386362,183.0,6009,NOTRIAL
fixation,1646245.5130000114,0.45391615231831867,0.7168931663036346,2.1577962239583335,2.1786168416341147,100.0,6010,NOTRIAL
fixation,1646378.8499999046,0.5270551714030179,0.7215134474364194,2.2109365752249053,2.253014766808712,558.0,6011,NOTRIAL
fixation,1647395.5329999924,0.3516999844540941,0.5064510132404084,2.316156265583444,2.4237154696850065,783.0,6012,NOTRIAL
fixation,1648428.8869999647,0.4168033557278769,0.3094908126762935,2.2496817452566966,2.3438938685825894,109.0,6013,NOTRIAL
fixation,1648595.5569999218,0.6189590891202291,0.298332628276613,2.354359096950955,2.43233150906033,300.0,6014,NOTRIAL
fixation,1648945.564999938,0.5807064175605774,0.4494510715206464,2.2554041544596353,2.3365605672200522,108.0,6015,NOTRIAL
fixation,1649295.5699999332,0.35807485489741614,0.5147658016370691,2.3583301046620244,2.4569496486497964,383.0,6016,NOTRIAL
fixation,1649728.9160000086,0.44706863359264704,0.3369452778411948,2.309231302012568,2.3803412395974863,383.0,6017,NOTRIAL
fixation,1650145.5870000124,0.494313530231777,0.48402245185877146,2.2966589676706413,2.3879017076994242,316.0,6018,NOTRIAL
fixation,1650478.9249999523,0.5210659615695477,0.49510248750448227,2.3265228271484375,2.430246353149414,133.0,6019,26
fixation,1650645.5970000029,0.45378541201353073,0.35029890201985836,2.327737808227539,2.4620208740234375,133.0,6020,26
fixation,1650812.2659999132,0.4227828947561128,0.31100030669144224,2.367673601422991,2.5036937168666293,234.0,6021,26
fixation,1651062.2709999084,0.4540652616156472,0.30856960515181225,2.38372802734375,2.476326836480035,150.0,6022,26
fixation,1651245.6079999208,0.4181903609458138,0.31484079623923583,2.3663787841796875,2.463971306295956,283.0,6023,26
fixation,1651545.6119999886,0.4507335633039474,0.31521182457605995,2.372881062825521,2.447911580403646,250.0,6024,26
fixation,1651812.2869999409,0.5110191901524862,0.3172171624998252,2.3820673624674478,2.472070058186849,200.0,6025,26
fixation,1652028.9549999237,0.5019527167081833,0.320537856221199,2.3869277954101564,2.4259933471679687,175.0,6026,26
fixation,1652495.635999918,0.4977917048064145,0.5411674569953572,2.3703738125887783,2.4437422318892046,183.0,6027,26
fixation,1652812.3090000153,0.31930215427508724,0.9072262644767761,2.3631180983323317,2.490692138671875,217.0,6028,26
fixation,1653045.6489999294,0.38145743081202876,0.8924614901726062,2.355731670673077,2.4733546330378604,216.0,6029,26
fixation,1653295.6539999247,0.47049281001091003,0.8805143684148788,2.2784156799316406,2.3499844868977866,200.0,6030,26
fixation,1653512.324000001,0.4502130880951881,0.8800777345895767,2.2628463745117187,2.317767333984375,167.0,6031,26
fixation,1653712.3289999962,0.4935625112719006,0.8828278647528754,2.269007364908854,2.3141971164279513,151.0,6032,26
fixation,1653895.666999936,0.534892313182354,0.8900218307971954,2.239818572998047,2.317790985107422,75.0,6033,26
fixation,1654312.3459999561,0.5002912867527741,0.8892620756075933,2.3580040564903846,2.4475132868840146,216.0,6034,26
fixation,1654545.6840000153,0.5209176052700389,0.8921656581488523,2.3347972523082383,2.4117362282492896,183.0,6035,26
fixation,1654762.3539999723,0.5168741792440414,0.6752741895616055,2.285043716430664,2.349210739135742,133.0,6036,26
fixation,1654929.023000002,0.514615960419178,0.5848178168137869,2.329479217529297,2.3977127075195312,200.0,6037,26
fixation,1655145.69599998,0.5334624886512757,0.5686108589172363,2.334442138671875,2.4290618896484375,83.0,6038,26
fixation,1655329.0329999924,0.6265799880027771,0.8301827013492584,2.3691650390625,2.4125579833984374,84.0,6039,26
fixation,1655429.0360000134,0.6157603594991896,0.8791855308744643,2.3593614366319446,2.419528537326389,150.0,6040,26
fixation,1655612.3739999533,0.6688288977512946,0.8811065119046432,2.3841998760516825,2.4598048283503604,216.0,6041,26
fixation,1655845.7120000124,0.6902698278427124,0.8715854734182358,2.3951644897460938,2.436695098876953,67.0,6042,26
fixation,1655979.0489999056,0.5566423973616432,0.3210933804512024,2.3976108326631436,2.451811846564798,284.0,6043,26
fixation,1656295.723999977,0.41627247844423565,0.3322791201727731,2.343229021344866,2.475827898297991,117.0,6044,26
fixation,1656445.726999998,0.3798274424943057,0.33008833500471985,2.3360137939453125,2.474965875799006,183.0,6045,26
fixation,1656662.3959999084,0.42720379763179356,0.3345773021380107,2.3850911458333335,2.4704081217447915,150.0,6046,26
fixation,1656829.0659999847,0.4686574816703796,0.336574575304985,2.377691650390625,2.4579864501953126,167.0,6047,26
fixation,1657012.4039999247,0.505967461814483,0.3384712313612302,2.3659083048502603,2.4269142150878906,200.0,6048,26
fixation,1657229.074000001,0.5350351889928182,0.3365019847949346,2.360723876953125,2.3982777913411457,250.0,6049,26
fixation,1657495.75,0.5549444009860357,0.33219635983308154,2.3451131184895835,2.3853912353515625,100.0,6050,26
fixation,1657612.416999936,0.5905648253180764,0.3315810100598769,2.3525848388671875,2.3934145840731533,191.0,6051,26
fixation,1657979.090999961,0.520866389075915,0.5483572234710058,2.3553568522135415,2.435877482096354,100.0,6052,26
fixation,1658112.4269999266,0.5852860978671482,0.4951723409550531,2.430426461356027,2.5007455008370534,116.0,6053,26
fixation,1658245.7630000114,0.6102568224454538,0.4566840491233728,2.4228484324919872,2.468912369165665,650.0,6054,26
fixation,1658912.4449999332,0.6288355916738511,0.46412433385849,2.3962356567382814,2.4684219360351562,166.0,6055,26
fixation,1659129.1119999886,0.548725713044405,0.34182389825582504,2.3954200744628906,2.4643306732177734,134.0,6056,26
fixation,1659295.78399992,0.49202608317136765,0.3272918850183487,2.4048751831054687,2.5250732421875,167.0,6057,26
fixation,1659495.7869999409,0.5301394432783126,0.33263528496026995,2.4429855346679688,2.5559539794921875,167.0,6058,26
fixation,1659695.7899999619,0.5702816739678382,0.32873476222157477,2.436601257324219,2.5444580078125,333.0,6059,26
fixation,1660045.7960000038,0.5272807002067565,0.3367108166217804,2.4213104248046875,2.5231170654296875,83.0,6060,26
fixation,1660162.465999961,0.49741683155298233,0.33624349935696674,2.413781973031851,2.5129230205829325,433.0,6061,26
fixation,1660612.4759999514,0.5190445465200088,0.3290560937979642,2.3537238625919117,2.4519455853630516,283.0,6062,26
fixation,1660929.1469999552,0.4428942948579788,0.3359353904213224,2.3394077845982144,2.447235107421875,117.0,6063,26
fixation,1661129.1529999971,0.4196410010258357,0.33027893404165903,2.3466583251953126,2.429823811848958,250.0,6064,26
fixation,1661412.4889999628,0.44645985535212923,0.3217217666762216,2.362699236188616,2.376164027622768,124.0,6065,26
fixation,1661712.496999979,0.5203190077753628,0.31772252479020285,2.4224934297449447,2.4740582634420956,283.0,6066,26
fixation,1662029.166999936,0.5814487735430399,0.3181651761134466,2.3950266520182293,2.4820343017578126,250.0,6067,26
fixation,1662312.5059999228,0.5274038480387794,0.35915152645773357,2.283558315700955,2.3787299262152777,300.0,6068,26
fixation,1662629.1769999266,0.5202937424182892,0.3489697098731995,2.29490966796875,2.389849853515625,84.0,6069,26
fixation,1662729.1789999008,0.5660838782787323,0.3435197987339713,2.292959039861506,2.381712480024858,184.0,6070,26
fixation,1662962.5180000067,0.39877539602192963,0.6797273267399181,2.214689774946733,2.3292375044389204,183.0,6071,26
fixation,1663162.519999981,0.37792498245835304,0.7015288323163986,2.2428817749023438,2.3587112426757812,66.0,6072,26
fixation,1663262.5239999294,0.501553413271904,0.7177452325820923,2.2578765869140627,2.3145828247070312,166.0,6073,26
fixation,1663462.5259999037,0.47493964433670044,0.715725527568297,2.2522111372514204,2.3067183061079546,183.0,6074,26
fixation,1663662.5299999714,0.5072236970067024,0.711645258963108,2.226029968261719,2.284077453613281,333.0,6075,26
fixation,1664012.5369999409,0.5252983371416727,0.7106764415899912,2.1914571126302085,2.2439168294270835,108.0,6076,26
fixation,1664295.8739999533,0.5727724942068259,0.3266723019381364,2.2991663614908853,2.355716069539388,408.0,6077,26
fixation,1664862.547999978,0.5545791015028954,0.31783487275242805,2.2971153259277344,2.3494529724121094,125.0,6078,26
fixation,1665012.5529999733,0.5879754803397439,0.3260060941631144,2.346375898881392,2.405240145596591,183.0,6079,26
fixation,1665229.223999977,0.45526641820158276,0.35268664147172657,2.3590015229724703,2.4458530970982144,350.0,6080,26
fixation,1665695.8969999552,0.49447504778703055,0.5057069639364878,2.373055013020833,2.4738871256510415,250.0,6081,FIX_CROS
fixation,1665995.8989999294,0.37113060916845614,0.41471102146001965,2.414975092961238,2.5558160635141225,441.0,6082,FIX_CROS
fixation,1666695.9149999619,0.2297501074416297,0.3681467707668032,2.4174652099609375,2.5677882603236606,117.0,6083,26.2
fixation,1666829.2509999275,0.21262482330203056,0.3407605022192001,2.4852890014648437,2.628834533691406,167.0,6084,26.2
fixation,1667029.2569999695,0.27880692668259144,0.3389158137142658,2.4225025177001953,2.512042999267578,134.0,6085,26.2
fixation,1667179.2549999952,0.3180063161998987,0.3365858346223831,2.2997207641601562,2.393430709838867,134.0,6086,26.2
fixation,1667345.9249999523,0.3614587826388223,0.3407135307788849,2.2392360142299106,2.324709211077009,117.0,6087,26.2
fixation,1667495.9289999008,0.43081266929705936,0.3319498499234517,2.2543716430664062,2.303511301676432,200.0,6088,26.2
fixation,1667729.2680000067,0.5059790882197294,0.3316629230976105,2.311330621892756,2.3632077303799717,184.0,6089,26.2
fixation,1667962.6059999466,0.5954729959368705,0.33184850215911865,2.3642669677734376,2.4282852172851563,333.0,6090,26.2
fixation,1668312.6150000095,0.6428631709681617,0.32715684009922874,2.4062381320529513,2.4660441080729165,150.0,6091,26.2
fixation,1668495.9509999752,0.7451478259430991,0.331197121904956,2.419893052842882,2.4641138712565103,300.0,6092,26.2
fixation,1668812.6229999065,0.8065245598554611,0.33173980936408043,2.408771514892578,2.4500255584716797,133.0,6093,26.2
fixation,1669012.6279999018,0.2228352054953575,0.4242846164852381,2.314119338989258,2.4629650115966797,133.0,6094,26.2
fixation,1669162.6279999018,0.18765885531902313,0.4320109456777573,2.3187545776367187,2.4636459350585938,166.0,6095,26.2
fixation,1669362.6309999228,0.2729100842367519,0.433544012633237,2.345947265625,2.4369090687144888,183.0,6096,26.2
fixation,1669579.3049999475,0.3265356421470642,0.4138324459393819,2.250186496310764,2.3881157769097223,150.0,6097,26.2
fixation,1669762.6409999132,0.26206542799870175,0.4245267982284228,2.2819124857584634,2.4033533732096353,200.0,6098,26.2
fixation,1669979.3169999123,0.22340575392757142,0.42387320952756063,2.3054537091936385,2.4085867745535716,242.0,6099,26.2
fixation,1670629.3249999285,0.48940239304845984,0.4242484136061235,2.3545171564275567,2.4463736794211646,184.0,6100,26.2
fixation,1670829.3309999704,0.4691634327173233,0.4430495914485719,2.415254380967882,2.5386420355902777,151.0,6101,26.2
fixation,1671012.6689999104,0.5095389506646565,0.43508768400975634,2.3347767421177457,2.445143563406808,233.0,6102,26.2
fixation,1671279.3359999657,0.454227939248085,0.4310080222785473,2.2374801635742188,2.369839668273926,266.0,6103,26.2
fixation,1671579.3420000076,0.5644021715436663,0.4279064099703516,2.269354684012277,2.3725269862583707,233.0,6104,26.2
fixation,1671829.3449999094,0.6147696897387505,0.4218611729641755,2.2974472045898438,2.3873138427734375,200.0,6105,26.2
fixation,1672046.0130000114,0.5698350429534912,0.42113648876547816,2.2738609313964844,2.3997734069824217,334.0,6106,26.2
fixation,1672396.0219999552,0.6228874244473197,0.42066045105457306,2.2749370228160513,2.3455949263139204,184.0,6107,26.2
fixation,1672612.686999917,0.6848557516932487,0.4206944666802883,2.275684356689453,2.3167953491210938,141.0,6108,26.2
fixation,1672946.0259999037,0.7188839107751847,0.4212527111172676,2.3673934936523438,2.4588531494140624,159.0,6109,26.2
fixation,1673146.0279999971,0.5614387035369873,0.4467867076396942,2.3903823852539063,2.493841552734375,167.0,6110,26.2
fixation,1673329.3639999628,0.4958666743976729,0.43850322387048174,2.281519208635603,2.3757128034319197,233.0,6111,26.2
fixation,1673579.3669999838,0.49632338881492616,0.4461654216051102,2.25986328125,2.3678466796875,83.0,6112,26.2
fixation,1673712.7039999962,0.7131697902312646,0.43555803711597735,2.322101299579327,2.374008178710937,217.0,6113,26.2
fixation,1673946.0379999876,0.7529075807995267,0.4272983918587367,2.3574964735243054,2.411861843532986,150.0,6114,26.2
fixation,1674129.3729999065,0.7944965741851113,0.4292438274080103,2.368467851118608,2.437531904740767,183.0,6115,26.2
fixation,1674362.7089999914,0.27742435889584677,0.5236053488084248,2.3414088657924106,2.4647739955357144,117.0,6116,26.2
fixation,1674512.7089999914,0.20617274194955826,0.5025329798460006,2.2956939697265626,2.4221817016601563,167.0,6117,26.2
fixation,1674712.7109999657,0.27875224500894547,0.506049948434035,2.3112665812174478,2.4107894897460938,100.0,6118,26.2
fixation,1674846.044999957,0.3512607365846634,0.5065118297934532,2.274755859375,2.344953918457031,167.0,6119,26.2
fixation,1675029.3819999695,0.39937976747751236,0.49846621975302696,2.1817855834960938,2.3174972534179688,66.0,6120,26.2
fixation,1675129.3819999695,0.46597034566932255,0.521537184715271,2.2247144911024304,2.2840779622395835,150.0,6121,26.2
fixation,1675296.0539999008,0.5063834935426712,0.5324584176907172,2.24520756648137,2.302241398737981,225.0,6122,26.2
fixation,1675946.0599999428,0.6768998844282967,0.5216096873794284,2.411870683942522,2.4700426374162947,234.0,6123,26.2
fixation,1676196.0629999638,0.7137867169720786,0.5264369760240827,2.4503871372767856,2.4932163783482144,117.0,6124,26.2
fixation,1676346.0640000105,0.7598010714237506,0.5167547315359116,2.359582754281851,2.3813699575570912,217.0,6125,26.2
fixation,1676579.3999999762,0.7970097184181213,0.5069823026657104,2.293896484375,2.3684783935546876,83.0,6126,26.2
fixation,1676746.07099998,0.23115475475788116,0.5960841136319297,2.2747279575892856,2.3984505789620534,117.0,6127,26.2
fixation,1676896.0719999075,0.18625095689838583,0.5934746725992723,2.2690249356356533,2.4171073219992896,184.0,6128,26.2
fixation,1677112.7459999323,0.30525982193648815,0.61084059253335,2.2746877670288086,2.3806352615356445,267.0,6129,26.2
fixation,1677429.4149999619,0.4177664816379547,0.6113067063001486,2.2190880408653846,2.277765127328726,216.0,6130,26.2
fixation,1677679.4219999313,0.4797625675797462,0.6053135365247726,2.2648529052734374,2.298419189453125,174.0,6131,26.2
fixation,1678046.0920000076,0.588798850774765,0.6030363610812596,2.3164781842912947,2.3752593994140625,109.0,6132,26.2
fixation,1678179.4299999475,0.6226091906428337,0.6044669697682062,2.3857879638671875,2.4308039347330728,200.0,6133,26.2
fixation,1678412.7680000067,0.7157391735485622,0.60563377397401,2.3670545305524553,2.399906703404018,233.0,6134,26.2
fixation,1678679.4390000105,0.7669291406869888,0.601414704322815,2.2843353271484377,2.296142578125,166.0,6135,26.2
fixation,1678879.4440000057,0.8073757469654084,0.6024921268224717,2.2464553833007814,2.242292785644531,166.0,6136,26.2
fixation,1679112.78399992,0.29288901885350543,0.7117859621842703,2.2394383748372397,2.3578821818033853,100.0,6137,26.2
fixation,1679246.1169999838,0.22580518772204716,0.7000512540340423,2.2807515462239585,2.424049886067708,250.0,6138,26.2
fixation,1679512.7899999619,0.30326582193374635,0.6893618792295456,2.316064453125,2.449595642089844,167.0,6139,26.2
fixation,1679696.1239999533,0.3986779776486484,0.6854474246501923,2.259121981534091,2.3705402721058237,184.0,6140,26.2
fixation,1679896.1279999018,0.37076845339366366,0.6875532482351575,2.270509992327009,2.40087890625,117.0,6141,26.2
fixation,1680046.1319999695,0.4577055528759956,0.6701411873102188,2.3001495361328126,2.3904190063476562,167.0,6142,26.2
fixation,1680246.1349999905,0.5100460251172384,0.6665065636237463,2.3145243326822915,2.3934224446614585,100.0,6143,26.2
fixation,1680362.8039999008,0.5581888092888726,0.6681181391080221,2.3190426296657987,2.4006449381510415,150.0,6144,26.2
fixation,1680546.1439999342,0.6071550026535988,0.6661512404680252,2.3194847106933594,2.4037501017252603,200.0,6145,26.2
fixation,1680762.8109999895,0.6780198961496353,0.6729766894131899,2.324613571166992,2.3803024291992188,267.0,6146,26.2
fixation,1681046.1539999247,0.7387090101838112,0.6723306253552437,2.318286895751953,2.3527755737304688,67.0,6147,26.2
fixation,1681129.487999916,0.7797533614294869,0.666032782622746,2.3120247977120534,2.377966744559152,116.0,6148,26.2
fixation,1681296.1529999971,0.5852354135778215,0.45977743301126694,2.2989501953125,2.446261935763889,150.0,6149,26.2
fixation,1681479.4959999323,0.5891267630186948,0.34898851134560327,2.3928666548295454,2.5096976540305396,183.0,6150,NOTRIAL
fixation,1681696.1639999151,0.646010929887945,0.30347420139746234,2.469204989346591,2.556153730912642,184.0,6151,NOTRIAL
fixation,1681896.1660000086,0.6328680765628815,0.29623723864555357,2.431351318359375,2.5150701904296877,425.0,6152,NOTRIAL
fixation,1682529.5119999647,0.6377967055886984,0.28152386751025915,2.4474258422851562,2.5228567123413086,258.0,6153,NOTRIAL
fixation,1682846.1789999008,0.6503473532199859,0.5123725193738937,2.343497009277344,2.3876602172851564,834.0,6154,NOTRIAL
fixation,1683729.5249999762,0.411690847741233,0.5194930169317458,2.2760128445095487,2.413386027018229,150.0,6155,NOTRIAL
fixation,1683896.1940000057,0.35116529166698457,0.5233979841073354,2.303453572591146,2.4378041585286456,250.0,6156,NOTRIAL
fixation,1684196.19599998,0.6520622044801712,0.5975603848695755,2.350785827636719,2.3930694580078127,167.0,6157,NOTRIAL
fixation,1684396.2009999752,0.6492200750729133,0.7338877813569431,2.370538119612069,2.450409461712015,484.0,6158,NOTRIAL
fixation,1684896.2059999704,0.5952097442415025,0.711141480339898,2.347140842013889,2.43692864312066,150.0,6159,NOTRIAL
fixation,1685062.8769999743,0.5830513989483869,0.7128996683491601,2.306946365921586,2.3806016710069446,450.0,6160,NOTRIAL
fixation,1685546.215999961,0.6541222466362847,0.7292275892363654,2.3336543330439814,2.3981877079716436,458.0,6161,NOTRIAL
fixation,1686246.223999977,0.6126232569416364,0.4745958757897218,2.4038352966308594,2.4839464823404946,192.0,6162,NOTRIAL
fixation,1686462.8969999552,0.5732706522240358,0.48539474606513977,2.3859441420611214,2.453159107881434,283.0,6163,NOTRIAL
fixation,1686796.2350000143,0.3463863432407379,0.5299577713012695,2.243173772638494,2.377402565696023,184.0,6164,NOTRIAL
fixation,1686996.2389999628,0.35768866279850836,0.5156526798787324,2.229042384935462,2.324995621390965,392.0,6165,NOTRIAL
fixation,1687579.5799999237,0.36492306292057036,0.28595215678215025,2.233598327636719,2.334295654296875,158.0,6166,NOTRIAL
fixation,1687762.9219999313,0.3458506443670818,0.2935400073017393,2.2400607154482888,2.3509884788876487,350.0,6167,NOTRIAL
fixation,1688162.9279999733,0.560464084148407,0.26964202895760536,2.175069808959961,2.226520538330078,133.0,6168,NOTRIAL
fixation,1688312.9299999475,0.5788507968187332,0.2816554307937622,2.2016090393066405,2.2744071960449217,341.0,6169,NOTRIAL
fixation,1688962.9409999847,0.45910289386908215,0.8515730649232864,2.223801930745443,2.3247388203938804,200.0,6170,NOTRIAL
fixation,1689229.6150000095,0.5805683604308537,0.31314596888564883,2.3839583623976934,2.4338524228050593,350.0,6171,NOTRIAL
fixation,1689629.6209999323,0.36651600668063533,0.5152007822807019,2.219762948843149,2.28338623046875,216.0,6172,NOTRIAL
fixation,1689862.959999919,0.34484610190758336,0.5137801605921525,2.180415226862981,2.305529080904447,225.0,6173,NOTRIAL
fixation,1690312.9670000076,0.6584010372559229,0.5044587155183157,2.2460174560546875,2.3066558837890625,92.0,6174,NOTRIAL
fixation,1690429.6339999437,0.6365003297105432,0.5023839664645493,2.2838191986083984,2.305176258087158,533.0,6175,NOTRIAL
fixation,1691012.9799998999,0.4710763016572365,0.5843602166726038,2.183850801908053,2.2452427790715146,217.0,6176,NOTRIAL
fixation,1691262.9839999676,0.4984215029648372,0.6738528438976833,2.1991664341517856,2.2861720493861606,117.0,6177,NOTRIAL
fixation,1691429.6549999714,0.6187982946634293,0.5057011350989342,2.311846923828125,2.323872375488281,166.0,6178,NOTRIAL
fixation,1691646.324000001,0.4572284687310457,0.3184401812031865,2.3523950576782227,2.431033134460449,267.0,6179,FIX_CROS
fixation,1691946.3289999962,0.4788673599561056,0.42236471275488535,2.297967529296875,2.378850301106771,259.0,6180,FIX_CROS
fixation,1692496.3389999866,0.3541309982538223,0.37595276889346896,2.4153369721912203,2.563600086030506,350.0,6181,FIX_CROS
fixation,1692879.6819999218,0.21835094690322876,0.4384673709670703,2.3553466796875,2.4892349243164062,100.0,6182,26.1
fixation,1692996.3499999046,0.19754828047007322,0.4508975353091955,2.2786331176757812,2.4505767822265625,133.0,6183,26.1
fixation,1693163.0189999342,0.2725323587656021,0.46496554878022933,2.3022003173828125,2.4721442328559027,150.0,6184,26.1
fixation,1693329.6879999638,0.3414850847588645,0.464176004131635,2.30362786187066,2.451146443684896,150.0,6185,26.1
fixation,1693513.0269999504,0.42812797129154206,0.453044006228447,2.2793548583984373,2.39820556640625,84.0,6186,26.1
fixation,1693679.6979999542,0.48667017313150257,0.46373785459078276,2.348170353816106,2.3990936279296875,217.0,6187,26.1
fixation,1693929.7019999027,0.5745574190066411,0.4690902210198916,2.3820965106670675,2.4679588904747596,217.0,6188,26.1
fixation,1694179.7059999704,0.6639721611371407,0.463928970006796,2.4110177847055287,2.478830777681791,433.0,6189,26.1
fixation,1694629.71299994,0.6928008794784546,0.47685960431893665,2.3805109659830728,2.481633504231771,108.0,6190,26.1
fixation,1694929.7179999352,0.6781318597495556,0.46554137393832207,2.341716766357422,2.4538745880126953,125.0,6191,26.1
fixation,1695079.7220000029,0.7017921188047954,0.4636482894420624,2.429844447544643,2.527338300432478,233.0,6192,26.1
fixation,1695346.3930000067,0.7546370327472687,0.461637981235981,2.337466769748264,2.376723395453559,300.0,6193,26.1
fixation,1695663.067999959,0.8076158054172993,0.4604444820433855,2.300527572631836,2.369375228881836,134.0,6194,26.1
fixation,1695846.4009999037,0.45988820989926654,0.5317109227180481,2.2725677490234375,2.3755933973524304,150.0,6195,26.1
fixation,1696013.0719999075,0.4473348092287779,0.5404247045516968,2.301616668701172,2.4124317169189453,134.0,6196,26.1
fixation,1696179.7419999838,0.5153534251909989,0.5411715645056504,2.3374528151292067,2.420903132512019,225.0,6197,26.1
fixation,1696663.084999919,0.5049908657868704,0.4974797119696935,2.3816409640842013,2.4716305202907987,142.0,6198,26.1
fixation,1696846.4210000038,0.5440914465321435,0.367236347662078,2.4829203287760415,2.575098673502604,150.0,6199,NOTRIAL
fixation,1697013.0889999866,0.49518433327858263,0.2970861540390895,2.4240652231069713,2.506212674654447,217.0,6200,NOTRIAL
fixation,1697263.0939999819,0.5793497006098429,0.2918869972229004,2.358953857421875,2.411663818359375,250.0,6201,NOTRIAL
fixation,1697546.4329999685,0.3416913428476879,0.273239261337689,2.288985116141183,2.366321018763951,233.0,6202,NOTRIAL
fixation,1697796.4390000105,0.36060537956655025,0.29653362184762955,2.2947158813476562,2.3968734741210938,133.0,6203,NOTRIAL
fixation,1697979.7749999762,0.3400156170129776,0.47050600945949556,2.289666748046875,2.3826934814453127,83.0,6204,NOTRIAL
fixation,1698079.7759999037,0.3434872871095484,0.5030493438243866,2.2852034135298296,2.3817873868075283,183.0,6205,NOTRIAL
fixation,1698279.7819999456,0.3636161535978317,0.4995006049672763,2.3250147501627603,2.3735580444335938,100.0,6206,NOTRIAL
fixation,1698679.7889999151,0.5709086358547211,0.5222716391086578,2.3238372802734375,2.424847412109375,83.0,6207,NOTRIAL
fixation,1698779.7889999151,0.5180300809442997,0.5133710149675608,2.3561458587646484,2.432668685913086,133.0,6208,NOTRIAL
fixation,1698929.7929999828,0.5019829246130857,0.5034839741208337,2.339723066850142,2.4530792236328125,183.0,6209,NOTRIAL
fixation,1699163.1309999228,0.3790169933012554,0.7104941734245845,2.334660121372768,2.466912405831473,117.0,6210,NOTRIAL
fixation,1699296.4670000076,0.3363777536612291,0.741037348142037,2.3625957782451925,2.49160649226262,216.0,6211,NOTRIAL
fixation,1699546.4720000029,0.3772483082378612,0.7291663131293129,2.3321039536420036,2.423295862534467,283.0,6212,NOTRIAL
fixation,1699863.144999981,0.5094151090491902,0.7071303562684492,2.2644195556640625,2.3453299782492896,192.0,6213,NOTRIAL
fixation,1700263.1519999504,0.5721654611475328,0.7220534559558419,2.3090398451861214,2.408199534696691,276.0,6214,NOTRIAL
fixation,1700579.8249999285,0.6441789359757395,0.7331223645896623,2.3099050810842803,2.3689570571437026,1100.0,6215,NOTRIAL
fixation,1701713.175999999,0.4876182287931442,0.7682604730129242,2.3136077880859376,2.392083740234375,84.0,6216,NOTRIAL
fixation,1701846.5089999437,0.47390381395816805,0.5024346828460693,2.341204833984375,2.449017333984375,83.0,6217,NOTRIAL
fixation,1701963.1779999733,0.3619350470029391,0.48947583597439986,2.394537118765024,2.524762667142428,217.0,6218,NOTRIAL
fixation,1702229.8439999819,0.5628685653209686,0.48842648044228554,2.502643585205078,2.5683555603027344,67.0,6219,NOTRIAL
fixation,1702346.5159999132,0.3521995224217151,0.5157064177254413,2.4475123628656914,2.595866101853391,783.0,6220,NOTRIAL
fixation,1703163.1809999943,0.4417768649079583,0.5660347477956251,2.4095320268110796,2.4903980601917612,184.0,6221,NOTRIAL
fixation,1703379.8509999514,0.4896550966160638,0.46950398811272215,2.4560416085379466,2.555873325892857,117.0,6222,NOTRIAL
fixation,1703513.1819999218,0.5022232048213482,0.5058194622397423,2.486410140991211,2.5966243743896484,134.0,6223,NOTRIAL
fixation,1703913.1849999428,0.48182609180609387,0.49559981872638065,2.5401026407877603,2.6510823567708335,92.0,6224,14
fixation,1704046.5189999342,0.47864545285701754,0.38218279778957365,2.6061676025390623,2.7153472900390625,83.0,6225,14
fixation,1704163.1829999685,0.4339398170510928,0.3649280642469724,2.6249796549479165,2.7502644856770835,100.0,6226,14
fixation,1704279.8529999256,0.41287303919141943,0.35602445764975116,2.5198558460582388,2.6225211403586646,183.0,6227,14
fixation,1704479.851999998,0.4668992194864485,0.3503989676634471,2.413058810763889,2.4641927083333335,150.0,6228,14
fixation,1704663.1879999638,0.5460524146373456,0.342896058009221,2.3405315692608175,2.3842444786658654,217.0,6229,14
fixation,1704896.523000002,0.5289379268884659,0.34616017043590547,2.3248016357421877,2.3662933349609374,166.0,6230,14
fixation,1705096.523000002,0.5766176968812943,0.3482544332742691,2.351179504394531,2.3751571655273436,166.0,6231,14
fixation,1705279.8559999466,0.6008526012301445,0.3394768927246332,2.313596725463867,2.3722267150878906,141.0,6232,14
fixation,1705629.8579999208,0.5137503482401371,0.5087803676724434,2.3411998748779297,2.427034378051758,133.0,6233,14
fixation,1705796.5279999971,0.4837741730734706,0.4639029847458005,2.4185352325439453,2.5361413955688477,266.0,6234,14
fixation,1706146.523000002,0.46467533707618713,0.5617325116287578,2.303864912553267,2.4027904163707388,183.0,6235,14
fixation,1706346.5239999294,0.4478682627280553,0.5157664914925894,2.3323177761501737,2.43166266547309,150.0,6236,14
fixation,1706546.5289999247,0.5562179684638977,0.6662361919879913,2.314019339425223,2.3683340890066966,116.0,6237,14
fixation,1706679.8600000143,0.5633806529499236,0.6864390500954219,2.313812982468378,2.393226986839658,700.0,6238,14
fixation,1707429.8769999743,0.3341191311677297,0.899028368294239,2.3195012410481772,2.4170684814453125,200.0,6239,14
fixation,1707663.2170000076,0.39774226769804955,0.8974135965108871,2.316544850667318,2.4063517252604165,200.0,6240,14
fixation,1707896.5499999523,0.4646271109580994,0.8859229415655137,2.315690612792969,2.3870925903320312,166.0,6241,14
fixation,1708079.8909999132,0.515496701002121,0.883007632361518,2.295986599392361,2.360020955403646,150.0,6242,14
fixation,1708279.8899999857,0.36990828812122345,0.8970335245132446,2.312786865234375,2.3880340576171877,83.0,6243,14
fixation,1708379.8930000067,0.3381338707274861,0.8931661480002933,2.3087590535481772,2.3982103135850696,300.0,6244,14
fixation,1708713.2329999208,0.4026222659481896,0.8837470180458493,2.295900132921007,2.365503946940104,150.0,6245,14
fixation,1708896.5690000057,0.631505840591022,0.8783440547330039,2.305189950125558,2.3427581787109375,233.0,6246,14
fixation,1709146.5759999752,0.6484205027421316,0.8831853518883387,2.3202056884765625,2.3476435343424478,108.0,6247,14
fixation,1709563.246999979,0.5215509742498398,0.34738409221172334,2.4025619506835936,2.468310546875,167.0,6248,14
fixation,1709746.5839999914,0.46468628843625387,0.37159224053223927,2.3189076741536456,2.4037455240885417,250.0,6249,14
fixation,1710013.2580000162,0.4220716701104091,0.35270221760639775,2.2441241924579325,2.310461191030649,217.0,6250,14
fixation,1710246.590999961,0.4496538005769253,0.3874887228012085,2.2242164611816406,2.3019981384277344,133.0,6251,14
fixation,1710413.2709999084,0.46246940493583677,0.4320711255073547,2.252032470703125,2.3296279907226562,167.0,6252,14
fixation,1710613.26699996,0.41302129390992615,0.4019843355605477,2.288273861533717,2.389373779296875,317.0,6253,14
fixation,1710963.269999981,0.4933033913373947,0.3753676488995552,2.314863586425781,2.3773513793945313,167.0,6254,14
fixation,1711179.9419999123,0.5254155397415161,0.47970565325684017,2.2636227077907987,2.2939961751302085,150.0,6255,14
fixation,1711346.6109999418,0.4812128484249115,0.5680101493994395,2.285535685221354,2.369736735026042,250.0,6256,14
fixation,1711629.9469999075,0.5979537159204483,0.587608715891838,2.3638320922851563,2.392713928222656,167.0,6257,14
fixation,1711829.9529999495,0.5988277234137058,0.4834848139435053,2.388975143432617,2.474172592163086,133.0,6258,14
fixation,1712013.2879999876,0.575302650531133,0.6187442988157272,2.3606135050455728,2.4430389404296875,100.0,6259,14
fixation,1712129.9570000172,0.5982348113446623,0.6589602666932184,2.3349415547138936,2.418037208350929,617.0,6260,14
fixation,1712796.6369999647,0.5720325211683909,0.43311681350072223,2.3738267686631946,2.4561767578125,150.0,6261,14
fixation,1712979.9720000029,0.5984537489712238,0.37009074445813894,2.3961963653564453,2.451089859008789,267.0,6262,14
fixation,1713279.973999977,0.45835263164419876,0.39078044930571004,2.3489532470703125,2.470921566611842,633.0,6263,14
fixation,1713963.3249999285,0.491786889731884,0.47026037983596325,2.3295135498046875,2.438261032104492,142.0,6264,FIX_CROS
fixation,1714296.65899992,0.42095883637666703,0.42196130454540254,2.4577346801757813,2.5935813903808596,333.0,6265,FIX_CROS
fixation,1714663.3329999447,0.45907558500766754,0.37700374722480773,2.444682312011719,2.5670394897460938,167.0,6266,14.1
fixation,1714880.0029999018,0.30835284292697906,0.303532250225544,2.3594741821289062,2.5115203857421875,67.0,6267,14.1
fixation,1714980.0029999018,0.22654269759853682,0.24703787515560785,2.348412831624349,2.5100021362304688,200.0,6268,14.1
fixation,1715213.340999961,0.28238436366830555,0.24973782577684947,2.3939339773995534,2.5075291224888394,116.0,6269,14.1
fixation,1715363.3439999819,0.378760427236557,0.2502874545753002,2.3722267150878906,2.4592247009277344,66.0,6270,14.1
fixation,1715463.348999977,0.4663192738186229,0.2569351467219266,2.322050614790483,2.4103129993785513,183.0,6271,14.1
fixation,1715663.348999977,0.5139477550983429,0.25659175515174865,2.3206207275390627,2.3695892333984374,83.0,6272,14.1
fixation,1715763.348999977,0.5571419099966685,0.25102285626861787,2.3204481336805554,2.3651529947916665,150.0,6273,14.1
fixation,1715946.6890000105,0.6268868645032247,0.2555878981947899,2.358142852783203,2.3918368021647134,200.0,6274,14.1
fixation,1716180.0279999971,0.6977377411197213,0.25707828735604005,2.4114613252527572,2.447431676528033,284.0,6275,14.1
fixation,1716496.6979999542,0.7743734461920602,0.25843886605330874,2.427675519670759,2.4358084542410716,117.0,6276,14.1
fixation,1716680.0329999924,0.2360174609348178,0.3314808551222086,2.3639450073242188,2.4817466735839844,134.0,6277,14.1
fixation,1716830.0389999151,0.19061774301987428,0.3504227709311705,2.3592670147235575,2.505785428560697,217.0,6278,14.1
fixation,1717063.3729999065,0.25354383885860443,0.3540972577674048,2.371061052594866,2.49969482421875,116.0,6279,14.1
fixation,1717213.375,0.31851937373479206,0.35805437217156094,2.336420694986979,2.484491984049479,108.0,6280,14.1
fixation,1717513.3819999695,0.3727127696786608,0.35000301046030863,2.3738316127232144,2.473393031529018,116.0,6281,14.1
fixation,1717646.7170000076,0.40464430848757427,0.3678476522366206,2.4434794108072917,2.542549641927083,250.0,6282,14.1
fixation,1717930.0539999008,0.4854360749324163,0.37069658041000364,2.4049692789713544,2.467725626627604,250.0,6283,14.1
fixation,1718213.3909999132,0.5477503331807944,0.37842993438243866,2.415935809795673,2.4563798170823317,216.0,6284,14.1
fixation,1718463.3999999762,0.6174560372646039,0.3681773669444598,2.445843036358173,2.4680081881009617,216.0,6285,14.1
fixation,1718713.4029999971,0.6872005334922245,0.35896099145923344,2.489408220563616,2.5442308698381697,233.0,6286,14.1
fixation,1718980.0659999847,0.7598954018424539,0.3601440226330477,2.5510370591107536,2.610230389763327,284.0,6287,14.1
fixation,1719330.0809999704,0.227623138576746,0.43693291395902634,2.4991040910993303,2.636124747140067,234.0,6288,14.1
fixation,1719596.75,0.3082892878188027,0.4467687937948439,2.492833455403646,2.6348724365234375,150.0,6289,14.1
fixation,1719780.08799994,0.39585714719512244,0.44289581206711853,2.413454922762784,2.5280650745738638,184.0,6290,14.1
fixation,1719980.0920000076,0.37417333871126174,0.45074828565120695,2.3894622802734373,2.4914291381835936,167.0,6291,14.1
fixation,1720180.0939999819,0.4368312623765733,0.44932905005084145,2.4303792317708335,2.5034061008029513,150.0,6292,14.1
fixation,1720363.4309999943,0.5177624374628067,0.4503919680913289,2.4259134928385415,2.5048853556315103,108.0,6293,14.1
fixation,1720713.4349999428,0.5707201063632965,0.4456593530873458,2.4491755167643228,2.483867645263672,200.0,6294,14.1
fixation,1720946.7739999294,0.6231971343358358,0.43903739054997765,2.40201416015625,2.4566019694010417,250.0,6295,14.1
fixation,1721213.4449999332,0.5776603492823514,0.4461399885741147,2.294992620294744,2.3736683238636362,183.0,6296,14.1
fixation,1721430.115999937,0.7044119916178964,0.43146203322844073,2.3265228271484375,2.3264354359019888,184.0,6297,14.1
fixation,1721630.118999958,0.6850869171321392,0.4273897744715214,2.3391990661621094,2.380542755126953,134.0,6298,14.1
fixation,1721796.791999936,0.746015040711923,0.42331976849924435,2.3605242642489346,2.394564541903409,367.0,6299,14.1
fixation,1722180.1259999275,0.7823758920033773,0.43119323750336963,2.3691914876302085,2.3744786580403647,100.0,6300,14.1
fixation,1722346.7939999104,0.2350800596177578,0.5160372816026211,2.322324752807617,2.424365997314453,133.0,6301,14.1
fixation,1722496.797999978,0.18658574235936007,0.5062315575778484,2.3107935587565103,2.411163330078125,200.0,6302,14.1
fixation,1722730.1309999228,0.30411718785762787,0.5187860565880934,2.3508504231770835,2.416332244873047,200.0,6303,14.1
fixation,1722946.800999999,0.2874593324959278,0.525862030684948,2.2880210876464844,2.3898696899414062,67.0,6304,14.1
fixation,1723046.8029999733,0.37197698187083006,0.5105015840381384,2.2493391036987305,2.343878746032715,267.0,6305,14.1
fixation,1723330.1380000114,0.36045791634491514,0.5234649309090206,2.2662833077566966,2.3943001883370534,117.0,6306,14.1
fixation,1723463.4749999046,0.4340607201059659,0.528128961722056,2.2853597005208335,2.424901326497396,108.0,6307,14.1
fixation,1723746.8129999638,0.4794135525822639,0.5277933329343796,2.370208740234375,2.44296875,159.0,6308,14.1
fixation,1723946.8159999847,0.5368911355733872,0.5337604343891144,2.472486877441406,2.5434524536132814,167.0,6309,14.1
fixation,1724146.817999959,0.5974515736103058,0.5335121840238571,2.3967620849609377,2.4725006103515623,167.0,6310,14.1
fixation,1724330.1549999714,0.6651159822940826,0.5198793590068818,2.3167572021484375,2.387498474121094,167.0,6311,14.1
fixation,1724530.1560000181,0.6318343471397053,0.5199707638133656,2.302054665305398,2.3841913396661933,184.0,6312,14.1
fixation,1724746.8269999027,0.7007441781461239,0.521527823060751,2.368867874145508,2.401042938232422,133.0,6313,14.1
fixation,1724896.8259999752,0.7616102878863995,0.5202110799459311,2.3711653489332933,2.4138887845552883,217.0,6314,14.1
fixation,1725130.1639999151,0.800757759809494,0.5060595691204071,2.362188720703125,2.40115966796875,167.0,6315,14.1
fixation,1725363.5019999743,0.28192830085754395,0.5904607226451238,2.3248774210611978,2.437555948893229,100.0,6316,14.1
fixation,1725496.8370000124,0.19642895149687925,0.5941117803255717,2.3182551066080728,2.463390350341797,200.0,6317,14.1
fixation,1725730.169999957,0.24685717839747667,0.6123589240014553,2.394763946533203,2.497709274291992,142.0,6318,14.1
fixation,1726080.175999999,0.3371508404612541,0.6137286990880966,2.314068603515625,2.4380218505859377,159.0,6319,14.1
fixation,1726280.1789999008,0.3919359114434984,0.6114884383148618,2.3717770046657987,2.453465779622396,150.0,6320,14.1
fixation,1726463.5119999647,0.3303268477320671,0.6227399557828903,2.350932312011719,2.4796600341796875,166.0,6321,14.1
fixation,1726663.5159999132,0.3716996568772528,0.6140158441331651,2.2815178765190973,2.382412380642361,300.0,6322,14.1
fixation,1727013.5239999294,0.46301855466195513,0.6003331542015076,2.2869175502232144,2.3820299421037947,233.0,6323,14.1
fixation,1727263.5259999037,0.4940326318144798,0.589968529343605,2.295013427734375,2.3936431884765623,166.0,6324,14.1
fixation,1727463.5319999456,0.5509056275089582,0.5854138334592184,2.300645192464193,2.3982442220052085,200.0,6325,14.1
fixation,1727680.2019999027,0.59262815117836,0.5843851097992488,2.31219482421875,2.4149976457868303,117.0,6326,14.1
fixation,1728013.5399999619,0.5252461487596686,0.6016127629713579,2.3530453768643467,2.4839297207919033,183.0,6327,14.1
fixation,1728230.2109999657,0.5576316465934118,0.6016018142302831,2.37939453125,2.549280802408854,100.0,6328,14.1
fixation,1728346.8779999018,0.6182551980018616,0.610636313756307,2.3914896647135415,2.4913851420084634,200.0,6329,14.1
fixation,1728580.2149999142,0.6719026217857996,0.6199325720469157,2.3264923095703125,2.4226048787434897,200.0,6330,14.1
fixation,1728796.8849999905,0.6568391472101212,0.6125153988599777,2.318525695800781,2.432196044921875,167.0,6331,14.1
fixation,1728996.8899999857,0.7057057857513428,0.618203142285347,2.3795852661132812,2.483294677734375,167.0,6332,14.1
fixation,1729196.8930000067,0.7549048662185669,0.6090878004377539,2.374167702414773,2.4732291481711646,183.0,6333,14.1
fixation,1729413.5640000105,0.7983042001724243,0.5977035522460937,2.364361572265625,2.44022216796875,83.0,6334,14.1
fixation,1729546.8989999294,0.28138275630772114,0.6900499314069748,2.306171417236328,2.458608627319336,133.0,6335,14.1
fixation,1729696.9009999037,0.2161300428211689,0.6955947428941727,2.301863098144531,2.426957702636719,167.0,6336,14.1
fixation,1729896.9029999971,0.32077813893556595,0.6803035736083984,2.2601890563964844,2.3853702545166016,141.0,6337,14.1
fixation,1730263.5759999752,0.446585938334465,0.6783717200160027,2.234491984049479,2.3082275390625,200.0,6338,14.1
fixation,1730480.246999979,0.4179661452770233,0.6896632015705109,2.3035430908203125,2.398492431640625,84.0,6339,14.1
fixation,1730596.9160000086,0.5307085737586021,0.6819361701607705,2.2668479919433593,2.352586364746094,333.0,6340,14.1
fixation,1730946.9219999313,0.5703263655304909,0.689181866745154,2.2646776835123696,2.349595387776693,200.0,6341,14.1
fixation,1731180.2580000162,0.6030211725405284,0.6884458724941526,2.315842764718192,2.391786847795759,234.0,6342,14.1
fixation,1731446.9299999475,0.6518207728862763,0.7000165969133377,2.3369873046875,2.3908782958984376,167.0,6343,14.1
fixation,1731646.9319999218,0.7208649098873139,0.697197949886322,2.3498992919921875,2.3867416381835938,167.0,6344,14.1
fixation,1731830.269999981,0.7614278925789727,0.6923891637060378,2.3356391059027777,2.424745347764757,150.0,6345,14.1
fixation,1732030.2739999294,0.35038842260837555,0.7771522104740143,2.300203595842634,2.4162401471819197,117.0,6346,14.1
fixation,1732180.2769999504,0.28780471947458053,0.7938559088442061,2.301515367296007,2.4321712917751737,150.0,6347,14.1
fixation,1732363.6169999838,0.4012600320080916,0.7805875688791275,2.310682932535807,2.3890101114908853,200.0,6348,14.1
fixation,1732580.28399992,0.45654365917046863,0.7704596569140753,2.266728719075521,2.330134073893229,108.0,6349,14.1
fixation,1733046.96299994,0.5811246395111084,0.7696284592151642,2.3202392578125,2.3854095458984377,167.0,6350,14.1
fixation,1733263.635999918,0.6640321587522825,0.7755786900719007,2.3470484415690103,2.4011077880859375,200.0,6351,14.1
fixation,1733496.9729999304,0.6411142746607462,0.7658917804559072,2.266454060872396,2.3146998087565103,100.0,6352,14.1
fixation,1733630.3090000153,0.7121556922793388,0.7743943805495898,2.2756080627441406,2.3202832539876304,200.0,6353,NOTRIAL
fixation,1733880.314999938,0.6688259078396691,0.39049089286062455,2.32808600531684,2.420013427734375,150.0,6354,NOTRIAL
fixation,1734063.6499999762,0.6464968274037043,0.3018707185983658,2.400986989339193,2.4880078633626304,200.0,6355,NOTRIAL
fixation,1734280.3229999542,0.6254140913486481,0.3041170574724674,2.40450439453125,2.4862464904785155,334.0,6356,NOTRIAL
fixation,1734630.3329999447,0.6466248581806818,0.2914546138296525,2.397371292114258,2.4490369160970054,401.0,6357,NOTRIAL
fixation,1735080.3389999866,0.6424728008833799,0.5102932812138037,2.3767811168323862,2.4467613913796167,366.0,6358,NOTRIAL
fixation,1735513.6840000153,0.6376344602216374,0.736713171005249,2.3500262173739346,2.4028139981356533,375.0,6359,NOTRIAL
fixation,1736080.3619999886,0.6489533569131579,0.7328691397394452,2.3034275599888394,2.3723645891462053,124.0,6360,NOTRIAL
fixation,1736430.3700000048,0.6455126906696119,0.7382164722994754,2.3682267038445723,2.4450651469983553,316.0,6361,NOTRIAL
fixation,1736780.3769999743,0.46992468156597833,0.678480248559605,2.327298251065341,2.428315596147017,183.0,6362,FIX_CROS
fixation,1736997.0469999313,0.4954493334516883,0.5161371119320393,2.3378963470458984,2.4306344985961914,267.0,6363,FIX_CROS
fixation,1737297.0539999008,0.4471527506907781,0.3992105444272359,2.3777170817057294,2.4805979410807293,250.0,6364,FIX_CROS
fixation,1737580.39199996,0.35882338881492615,0.3438883391411408,2.3754053530485733,2.509313168733016,383.0,6365,FIX_CROS
fixation,1737997.0609999895,0.24403755366802216,0.3186095654964447,2.392578125,2.4984222412109376,84.0,6366,14.2
fixation,1738113.7319999933,0.20440101789103615,0.2975318878889084,2.366207546657986,2.475062052408854,150.0,6367,14.2
fixation,1738313.7359999418,0.29720412620476316,0.30103382042476107,2.380678449358259,2.451784406389509,117.0,6368,14.2
fixation,1738463.7400000095,0.4113481789827347,0.30657696910202503,2.3372879028320312,2.4024505615234375,133.0,6369,14.2
fixation,1738630.40899992,0.4761779874563217,0.3074512749910355,2.30128173828125,2.3798431396484374,166.0,6370,14.2
fixation,1738830.4110000134,0.5334044663529647,0.31440682160226924,2.3516363846628288,2.3866906417043587,316.0,6371,14.2
fixation,1739180.4179999828,0.5917480545384544,0.31957410488809856,2.3875318254743303,2.4434683663504466,124.0,6372,14.2
fixation,1739480.419999957,0.6564919973413149,0.2944648986061414,2.4669278462727866,2.5385615030924478,192.0,6373,14.2
fixation,1739697.0929999352,0.693873914082845,0.30015561878681185,2.51416015625,2.571635945638021,250.0,6374,14.2
fixation,1739980.4299999475,0.765496410926183,0.2943491816520691,2.368596394856771,2.411232503255208,250.0,6375,14.2
fixation,1740263.769999981,0.8012689910829067,0.28903529420495033,2.361215591430664,2.4237403869628906,133.0,6376,14.2
fixation,1740463.773000002,0.234715785831213,0.38118820637464523,2.356447219848633,2.500364303588867,133.0,6377,14.2
fixation,1740630.4419999123,0.18514122228537286,0.37421697058847975,2.3494044712611606,2.4815150669642856,233.0,6378,14.2
fixation,1740880.4449999332,0.23810234559433802,0.36879739803927286,2.302280970982143,2.4248809814453125,124.0,6379,14.2
fixation,1741213.7869999409,0.30390195548534393,0.3931495100259781,2.2838705311650815,2.4037482220193613,375.0,6380,14.2
fixation,1741630.4589999914,0.3532592644294103,0.40017992854118345,2.2623626708984377,2.377646891276042,250.0,6381,14.2
fixation,1741913.797999978,0.4356628507375717,0.4058779589831829,2.256811777750651,2.352830251057943,200.0,6382,14.2
fixation,1742163.8029999733,0.42193910266671864,0.3999975472688675,2.2747323172433034,2.382930210658482,117.0,6383,14.2
fixation,1742313.8079999685,0.4922621622681618,0.40232617408037186,2.3464508056640625,2.4343276977539063,175.0,6384,14.2
fixation,1742663.817999959,0.5544249892234803,0.4086697061856588,2.4172597249348957,2.499481201171875,250.0,6385,14.2
fixation,1742930.4900000095,0.6451296640766991,0.4022162995404667,2.450842115614149,2.509974161783854,300.0,6386,14.2
fixation,1743263.8279999495,0.7318134422485645,0.3826071321964264,2.35904048039363,2.4210064227764425,217.0,6387,14.2
fixation,1743513.8359999657,0.7744458236477592,0.3826356584375555,2.4026933149857954,2.4287234219637783,183.0,6388,14.2
fixation,1743713.8399999142,0.8074387099061694,0.3819860943726131,2.4110870361328125,2.45654296875,117.0,6389,14.2
fixation,1743863.8429999352,0.7286562755190092,0.38592547589334947,2.414237712991649,2.483135354929957,483.0,6390,14.2
fixation,1744380.5219999552,0.7970159828662873,0.3814794649680456,2.4481842041015627,2.483658854166667,250.0,6391,14.2
fixation,1744647.1949999332,0.8220288515090942,0.37430828213691714,2.4822174072265626,2.5098052978515626,84.0,6392,14.2
fixation,1744797.19599998,0.23628309156213487,0.4662840685674122,2.439753941127232,2.5729500906808034,117.0,6393,14.2
fixation,1744930.5369999409,0.17783402193051118,0.4705283045768738,2.4066021259014425,2.551844670222356,216.0,6394,14.2
fixation,1745180.541999936,0.2512376502156258,0.4795025736093521,2.4285369873046876,2.5154083251953123,91.0,6395,14.2
fixation,1745463.8799999952,0.28717838342373186,0.47562629213699925,2.3970372126652646,2.4723311204176683,217.0,6396,14.2
fixation,1745713.885999918,0.3782206156424114,0.49092690646648407,2.422534397670201,2.5009613037109375,233.0,6397,14.2
fixation,1745963.8939999342,0.42665531314336336,0.4854235305235936,2.336121779221755,2.4164358285757213,217.0,6398,14.2
fixation,1746230.5659999847,0.4864523746073246,0.48492488265037537,2.332427978515625,2.365367889404297,66.0,6399,14.2
fixation,1746313.8999999762,0.5343733405073484,0.4903397547701995,2.3268305460611978,2.382610321044922,200.0,6400,14.2
fixation,1746530.5719999075,0.5160142928361893,0.48824772983789444,2.3265431722005205,2.4051106770833335,100.0,6401,14.2
fixation,1746663.90899992,0.6168627589941025,0.4842766284942627,2.367669677734375,2.424542236328125,167.0,6402,14.2
fixation,1746847.2479999065,0.5960177320700425,0.4817914687670194,2.356610811673678,2.435773409329928,217.0,6403,14.2
fixation,1747097.25,0.7173482802781191,0.47316604310815985,2.3919941295276987,2.4132801402698862,184.0,6404,14.2
fixation,1747297.2559999228,0.6937465041875839,0.47894515097141266,2.3843841552734375,2.440135192871094,167.0,6405,14.2
fixation,1747497.2580000162,0.7666490785777569,0.46754554100334644,2.402210235595703,2.4405345916748047,142.0,6406,14.2
fixation,1747947.26699996,0.21850675025156566,0.5469113162585667,2.356665475027902,2.523614065987723,117.0,6407,14.2
fixation,1748097.269999981,0.17399629515906176,0.5577276448408762,2.355677286783854,2.5349578857421875,200.0,6408,14.2
fixation,1748330.6069999933,0.2356631358464559,0.5663158065742917,2.3006523980034723,2.422938028971354,150.0,6409,14.2
fixation,1748497.2759999037,0.2830032706260681,0.5687120854854584,2.256134033203125,2.3398318820529513,150.0,6410,14.2
fixation,1748680.6139999628,0.3419719690626318,0.5688619423996318,2.2315548983487217,2.3178058971058237,183.0,6411,14.2
fixation,1748897.2779999971,0.40757509951408094,0.563707899588805,2.254529512845553,2.348035372220553,217.0,6412,14.2
fixation,1749147.2849999666,0.5093188012639681,0.5632941722869873,2.3137715657552085,2.3946558634440103,200.0,6413,14.2
fixation,1749363.9570000172,0.5181885957717896,0.5629978222506387,2.3143746512276784,2.3982413155691966,117.0,6414,14.2
fixation,1749513.9589999914,0.5758193641901016,0.5670516788959503,2.3350845336914063,2.4002975463867187,167.0,6415,14.2
fixation,1749713.9620000124,0.6718020047992468,0.5710323508828878,2.366705894470215,2.4388809204101562,267.0,6416,14.2
fixation,1750013.9709999561,0.7523411244153977,0.5706723153591156,2.3900497436523436,2.438336181640625,167.0,6417,14.2
fixation,1750280.6380000114,0.2289588881863488,0.6330973969565498,2.3166317409939237,2.4520941840277777,150.0,6418,14.2
fixation,1750447.3090000153,0.21133269593119622,0.6391472071409225,2.340130615234375,2.4672561645507813,167.0,6419,14.2
fixation,1750647.3140000105,0.18445277772843838,0.6457405537366867,2.3277206420898438,2.4646453857421875,67.0,6420,14.2
fixation,1750747.311999917,0.2937883073464036,0.6428746022284031,2.304511070251465,2.3893699645996094,267.0,6421,14.2
fixation,1751047.3190000057,0.3529319204390049,0.6291079707443714,2.239086151123047,2.3359508514404297,142.0,6422,14.2
fixation,1751430.6619999409,0.4601181373000145,0.6294615666071574,2.2202606201171875,2.352300008138021,100.0,6423,14.2
fixation,1751563.9979999065,0.5228043748782232,0.6353250696108892,2.3136972280649037,2.427007821890024,217.0,6424,14.2
fixation,1751814.0019999743,0.5918352802594503,0.6473896180589994,2.2831090291341147,2.391801198323568,200.0,6425,14.2
fixation,1752047.3389999866,0.677010636438023,0.6612163429910486,2.300509366122159,2.3263092041015625,183.0,6426,14.2
fixation,1752247.3429999352,0.6592413485050201,0.6547842562198639,2.304217529296875,2.344918823242187,83.0,6427,14.2
fixation,1752364.0130000114,0.7436778682928818,0.6483588814735413,2.344652616060697,2.3995877779447117,217.0,6428,14.2
fixation,1752597.348999977,0.7832316789362166,0.642599860827128,2.347103542751736,2.418326483832465,150.0,6429,14.2
fixation,1752814.019999981,0.3652221794639315,0.734617292881012,2.3044324602399553,2.433068411690848,117.0,6430,14.2
fixation,1752964.019999981,0.29795993176790386,0.7399109785373394,2.3084176870492787,2.4454122690054088,217.0,6431,14.2
fixation,1753214.0239999294,0.3713264409452677,0.7235944494605064,2.2850799560546875,2.399839401245117,134.0,6432,14.2
fixation,1753380.6969999075,0.44917288422584534,0.7157501247194078,2.2489471435546875,2.3313802083333335,150.0,6433,14.2
fixation,1753564.0360000134,0.5285657899720329,0.7160617879458836,2.24969482421875,2.3115386962890625,117.0,6434,14.2
fixation,1753697.368999958,0.578092078367869,0.716706762711207,2.267245822482639,2.317593044704861,150.0,6435,14.2
fixation,1753880.7059999704,0.6482749055413639,0.7183626784997827,2.3119883817784928,2.3278440587660847,283.0,6436,14.2
fixation,1754197.3799999952,0.6859042594830195,0.7252665782968203,2.312788645426432,2.312211354573568,200.0,6437,14.2
fixation,1754430.7179999352,0.626697353190846,0.7171496798594793,2.2463641696506076,2.2884563869900174,308.0,6438,14.2
fixation,1754930.7259999514,0.6960873603820801,0.7299151826988567,2.271426114169034,2.325684980912642,175.0,6439,14.2
fixation,1755130.7309999466,0.712961483746767,0.7256221286952496,2.328369140625,2.376626968383789,133.0,6440,NOTRIAL
fixation,1755314.0669999123,0.5428372447689375,0.39220846196015674,2.3569844563802085,2.446080525716146,200.0,6441,NOTRIAL
fixation,1755547.40899992,0.5773200740416845,0.2917570471763611,2.3867645263671875,2.4477208455403647,208.0,6442,NOTRIAL
fixation,1756230.75,0.5694379657506943,0.3016156343122323,2.4767049153645835,2.5588035583496094,192.0,6443,NOTRIAL
fixation,1756447.422999978,0.49696874171495437,0.29764636009931567,2.373007583618164,2.4567066192626954,666.0,6444,NOTRIAL
fixation,1757164.1049998999,0.372429887453715,0.47047991553942364,2.221430460611979,2.3369344075520835,100.0,6445,NOTRIAL
fixation,1757280.7739999294,0.3464378203664507,0.485863704766546,2.2167859758649553,2.3520115443638394,117.0,6446,NOTRIAL
fixation,1757414.1079999208,0.35292827812108124,0.5101714797995307,2.2658011696555396,2.404635342684659,184.0,6447,NOTRIAL
fixation,1757630.7779999971,0.5029603287577629,0.32229780629277227,2.3823081970214846,2.4519752502441405,341.0,6448,NOTRIAL
fixation,1758147.4539999962,0.49518096894025804,0.519553366303444,2.401936340332031,2.5425949096679688,166.0,6449,NOTRIAL
fixation,1758414.1299999952,0.5719720904643719,0.5214758905080649,2.4544959435096154,2.5673980712890625,225.0,6450,NOTRIAL
fixation,1758814.1349999905,0.5165214439233144,0.5093728552261988,2.3334528605143228,2.4195327758789062,100.0,6451,NOTRIAL
fixation,1758930.8049999475,0.5012110003403255,0.5154206539903369,2.374261038643973,2.4210008893694197,117.0,6452,NOTRIAL
fixation,1759097.473999977,0.34831513166427613,0.74273841381073,2.3180389404296875,2.4175211588541665,250.0,6453,NOTRIAL
fixation,1759397.4779999256,0.5441535363594691,0.5159154087305069,2.3519159952799478,2.4151026407877603,100.0,6454,NOTRIAL
fixation,1759564.1469999552,0.506070132056872,0.5167445639769236,2.3100967407226562,2.418024698893229,100.0,6455,NOTRIAL
fixation,1759764.1499999762,0.5741658538579941,0.5141173116862774,2.347911834716797,2.4384445190429687,334.0,6456,NOTRIAL
fixation,1760147.4889999628,0.3741433974355459,0.7349340282380581,2.3367919921875,2.4529075622558594,133.0,6457,NOTRIAL
fixation,1760314.15899992,0.34101565430561703,0.7492871930201849,2.380650838216146,2.485218048095703,200.0,6458,NOTRIAL
fixation,1760530.8299999237,0.3706100955605507,0.7380032887061437,2.3786188761393228,2.4800262451171875,200.0,6459,NOTRIAL
fixation,1760764.1689999104,0.5749005781752723,0.7160056872027261,2.306982857840402,2.3781661987304688,242.0,6460,NOTRIAL
fixation,1761264.1799999475,0.5811522603034973,0.7271520420908928,2.357476552327474,2.4626998901367188,200.0,6461,NOTRIAL
fixation,1761680.851999998,0.5203991085290909,0.8124673714240392,2.3299153645833335,2.4413579305013022,92.0,6462,NOTRIAL
fixation,1761814.1879999638,0.6102177969047001,0.7633132466248104,2.384577069963728,2.4869897024972096,234.0,6463,NOTRIAL
fixation,1762097.5269999504,0.479446131322119,0.7990665932496389,2.3361443413628473,2.4150017632378473,150.0,6464,NOTRIAL
fixation,1762280.8639999628,0.6288647055625916,0.7514176607131958,2.3141464233398437,2.382466125488281,167.0,6465,NOTRIAL
fixation,1762464.1999999285,0.6489591056650336,0.7463192479176954,2.3148540150035513,2.373349276455966,184.0,6466,NOTRIAL
fixation,1762697.5369999409,0.5692633407456534,0.4582532729421343,2.3767464773995535,2.4736672537667412,583.0,6467,NOTRIAL
fixation,1763330.888999939,0.3974006399512291,0.4094192534685135,2.3669306437174478,2.4708150227864585,100.0,6468,NOTRIAL
fixation,1763447.5569999218,0.355608125350305,0.48662828654050827,2.3886424473353793,2.509946550641741,466.0,6469,NOTRIAL
fixation,1763930.898000002,0.3590200204740871,0.512330615723675,2.413145585493608,2.543012098832564,733.0,6470,NOTRIAL
fixation,1764697.5829999447,0.4775784487525622,0.47909706582625705,2.4558842976888022,2.5671234130859375,100.0,6471,NOTRIAL
fixation,1764814.2519999743,0.5022427197545767,0.5063719879835844,2.443317413330078,2.544839859008789,134.0,6472,NOTRIAL
fixation,1764964.2580000162,0.5303250551223755,0.5078460574150085,2.4456512451171877,2.5404388427734377,92.0,6473,NOTRIAL
fixation,1765247.5959999561,0.46245840404714855,0.47402664167540415,2.469183785574777,2.6203526088169644,108.0,6474,7
fixation,1765397.5959999561,0.4271048232913017,0.4154149070382118,2.4893760681152344,2.668437957763672,66.0,6475,7
fixation,1765480.9329999685,0.40741951086304407,0.37919150428338483,2.4855846058238638,2.6603754216974433,183.0,6476,7
fixation,1765680.9390000105,0.3921443119645119,0.3796890527009964,2.3751739501953124,2.5105621337890627,167.0,6477,7
fixation,1765880.9440000057,0.44386602479677933,0.3682059897826268,2.3075937124399037,2.3734776423527646,217.0,6478,7
fixation,1766164.2869999409,0.41007497161626816,0.8996908714373907,2.220116933186849,2.310075124104818,200.0,6479,7
fixation,1766397.6200000048,0.4624146498166598,0.8760745846308194,2.2877232478215146,2.3671875,216.0,6480,7
fixation,1766647.625,0.5031622077027956,0.8745606541633606,2.274383544921875,2.347630818684896,100.0,6481,7
fixation,1766780.9620000124,0.5538865592744615,0.8754193286101023,2.2539537217881946,2.3357679578993054,150.0,6482,7
fixation,1766964.2999999523,0.5944125860929489,0.872547271847725,2.2531723022460937,2.328901672363281,167.0,6483,7
fixation,1767147.6339999437,0.6138395428657532,0.8677032172679902,2.2531036376953124,2.3432525634765624,83.0,6484,7
fixation,1767264.3019999266,0.5943201184272766,0.6459130257368088,2.2543304443359373,2.3272140502929686,167.0,6485,7
fixation,1767464.3079999685,0.6068778522312641,0.6958922632038593,2.2804489135742188,2.3259506225585938,134.0,6486,7
fixation,1767680.9789999723,0.4383515939116478,0.6720870584249496,2.2629903157552085,2.3682276407877603,200.0,6487,7
fixation,1767930.9809999466,0.507255120575428,0.47166459560394286,2.340924072265625,2.4180450439453125,167.0,6488,7
fixation,1768114.3219999075,0.49846618740182175,0.46759038928307983,2.3376545153166117,2.3809573524876644,634.0,6489,7
fixation,1768764.3299999237,0.497518299271663,0.4685561063388983,2.28804448445638,2.3548988342285155,1001.0,6490,7
fixation,1769781.0180000067,0.5243196606636047,0.4643471106886864,2.287403869628906,2.389414978027344,175.0,6491,7
fixation,1770147.6890000105,0.5200371742248535,0.4544525742530823,2.320056915283203,2.412433624267578,67.0,6492,7
fixation,1770247.692999959,0.4698397676150004,0.3850252379973729,2.3642852783203123,2.4677714029947917,250.0,6493,7
fixation,1770531.0310000181,0.39512258643905324,0.37110739077130955,2.3260879516601562,2.407404581705729,200.0,6494,7
fixation,1770764.365999937,0.43471929750272204,0.3702443944556372,2.2685328892299106,2.35064697265625,233.0,6495,7
fixation,1771014.3759999275,0.44799019396305084,0.3746969513595104,2.2699813842773438,2.3346023559570312,66.0,6496,7
fixation,1771097.709999919,0.4225869818645365,0.370742867974674,2.265584609087776,2.313572603113511,283.0,6497,7
fixation,1771414.3819999695,0.4571628123521805,0.36922895908355713,2.2636631556919644,2.3108324323381697,116.0,6498,7
fixation,1771564.3799999952,0.5231814235448837,0.3763485749562581,2.2952957153320312,2.3320719401041665,100.0,6499,7
fixation,1771681.050999999,0.47214868451867786,0.3749294877052307,2.2835072108677457,2.3489303588867188,234.0,6500,7
fixation,1771931.0590000153,0.45341969405611354,0.37258099888761836,2.3055826822916665,2.3710289001464844,200.0,6501,7
fixation,1772164.3959999084,0.5134240076655433,0.3608038035177049,2.306496029808408,2.3798973446800593,350.0,6502,7
fixation,1772531.0690000057,0.5615930948406458,0.3652440048754215,2.3361635208129883,2.4098501205444336,267.0,6503,7
fixation,1772814.4049999714,0.5429091263901104,0.36150237105109473,2.324983076615767,2.3666326349431817,183.0,6504,7
fixation,1773014.4079999924,0.5856103241443634,0.36502455174922943,2.3262908935546873,2.3888168334960938,166.0,6505,7
fixation,1773197.7459999323,0.6179415030138833,0.36065774730273653,2.3230133056640625,2.364497593470982,117.0,6506,7
fixation,1773347.7489999533,0.3864140382834843,0.3969435372522899,2.3014090401785716,2.409125191824777,117.0,6507,7
fixation,1773481.084999919,0.3882324334822203,0.39052681624889374,2.3143647846422697,2.4078144274259867,317.0,6508,7
fixation,1773831.0899999142,0.41624772807826166,0.38874452982259833,2.28416575556216,2.3693854290506113,384.0,6509,7
fixation,1774247.7659999132,0.45977931425851937,0.39530865672756643,2.3050914091222428,2.363546034869026,283.0,6510,7
fixation,1774564.436999917,0.4918221858414737,0.3992638466033069,2.2967778986150567,2.3807414661754263,191.0,6511,7
fixation,1774897.7779999971,0.557645266254743,0.3939448185265064,2.314483642578125,2.3979365030924478,192.0,6512,7
fixation,1775131.112999916,0.6036483258008957,0.38868062645196916,2.3282928466796875,2.401597595214844,167.0,6513,7
fixation,1775347.7869999409,0.38389780691691805,0.41832882910966873,2.25311279296875,2.3644747052873885,233.0,6514,7
fixation,1775597.7910000086,0.43276602774858475,0.4027880589876856,2.208339146205357,2.343463352748326,233.0,6515,7
fixation,1775931.1299999952,0.4743310312430064,0.4160866104066372,2.256079355875651,2.328253428141276,208.0,6516,7
fixation,1776347.8049999475,0.5219722241163254,0.41200697670380276,2.3369674682617188,2.365442911783854,100.0,6517,7
fixation,1776481.1409999132,0.5506362646818161,0.4181702882051468,2.3889755249023437,2.453997802734375,167.0,6518,7
fixation,1776681.144999981,0.5798922951022784,0.41865010807911557,2.3272527058919272,2.38824462890625,200.0,6519,7
fixation,1776914.4829999208,0.6141584685870579,0.4124044414077486,2.2780565534319197,2.339076450892857,116.0,6520,7
fixation,1777064.4859999418,0.385577448285543,0.44423698118099797,2.2702847994290867,2.3643834040715146,216.0,6521,7
fixation,1777314.493999958,0.43570754180351895,0.44382495681444806,2.292924245198568,2.374474843343099,200.0,6522,7
fixation,1777547.8299999237,0.4844729718954667,0.444016862174739,2.309057484502378,2.355758003566576,383.0,6523,7
fixation,1777964.5059999228,0.5513979461457994,0.43759768539004856,2.3199225531684027,2.371639675564236,300.0,6524,7
fixation,1778297.8449999094,0.598325080341763,0.4357698857784271,2.325081719292535,2.3957655164930554,150.0,6525,7
fixation,1778481.1789999008,0.5158514142036438,0.4614690005779266,2.326458740234375,2.400238037109375,84.0,6526,7
fixation,1778581.1809999943,0.493310720874713,0.4812039744395476,2.338854276216947,2.395685049203726,217.0,6527,7
fixation,1778814.51699996,0.5185787677764893,0.4750159978866577,2.3397089640299478,2.360454559326172,200.0,6528,7
fixation,1779031.1879999638,0.4955276766648659,0.4720177065867644,2.317180926983173,2.3334984412560096,217.0,6529,7
fixation,1779264.5259999037,0.4994957099358241,0.4725326586652685,2.2882181803385415,2.305389969437211,450.0,6530,7
fixation,1779731.2019999027,0.5248325519702014,0.4783576954813564,2.272989609662224,2.324422499712776,292.0,6531,7
fixation,1780247.8759999275,0.5275222871984754,0.45939236666475025,2.280975341796875,2.3540823800223216,109.0,6532,7
fixation,1780381.21299994,0.5160780639752097,0.46995341713013855,2.329065737516984,2.392633852751359,384.0,6533,7
fixation,1780781.2199999094,0.4965871075789134,0.4986388004488415,2.2817560831705728,2.3428641425238714,300.0,6534,FIX_CROS
fixation,1781114.5599999428,0.42141781002283096,0.40801116410228944,2.37319098578559,2.4819454616970487,308.0,6535,FIX_CROS
fixation,1781697.9049999714,0.4228349596261978,0.4812267154455185,2.3661224365234377,2.4911865234375,83.0,6536,7.2
fixation,1781931.2400000095,0.22347436100244522,0.43822572032610574,2.453712972005208,2.5857635498046876,250.0,6537,7.2
fixation,1782264.5779999495,0.30973839610815046,0.44113255143165586,2.2989471435546873,2.425883483886719,166.0,6538,7.2
fixation,1782464.5820000172,0.3574323207139969,0.44016192853450775,2.2610299246651784,2.3632049560546875,116.0,6539,7.2
fixation,1782614.5839999914,0.4100952852856029,0.4399186928163875,2.2729436700994317,2.3731314919211646,183.0,6540,7.2
fixation,1782814.58799994,0.44575928524136543,0.4411626271903515,2.310993194580078,2.3930130004882812,66.0,6541,7.2
fixation,1782897.922999978,0.4929377016696063,0.44267739897424524,2.3390544544566763,2.413633866743608,183.0,6542,7.2
fixation,1783097.9269999266,0.4739895224571228,0.4451968640089035,2.3430389404296874,2.428167724609375,83.0,6543,7.2
fixation,1783214.5929999352,0.5789733350276947,0.44568315148353577,2.370988464355469,2.4494705200195312,166.0,6544,7.2
fixation,1783397.9329999685,0.5574084737084128,0.4433331923051314,2.369942405007102,2.4635009765625,183.0,6545,7.2
fixation,1783614.6029999256,0.6186482472853227,0.43587861684235657,2.370321100408381,2.454464999112216,183.0,6546,7.2
fixation,1783814.601999998,0.6654561728239059,0.43438600152730944,2.3647491455078127,2.420281982421875,166.0,6547,7.2
fixation,1784014.6079999208,0.7293565754707043,0.43122230584804827,2.3639690692608175,2.395808293269231,216.0,6548,7.2
fixation,1784264.6100000143,0.767385296523571,0.4255030614634355,2.3755887349446616,2.398991902669271,200.0,6549,7.2
fixation,1784497.9469999075,0.8097248375415802,0.41499739289283755,2.358050537109375,2.373590087890625,167.0,6550,7.2
fixation,1784731.2819999456,0.2388949990272522,0.5023767948150635,2.3010902404785156,2.4706687927246094,134.0,6551,7.2
fixation,1784881.2869999409,0.18810996264219285,0.4975806395212809,2.296822102864583,2.429573567708333,250.0,6552,7.2
fixation,1785147.9579999447,0.2350302157657487,0.5055940406663078,2.294184003557478,2.397465297154018,233.0,6553,7.2
fixation,1785397.9609999657,0.25480533052574506,0.4342047558589415,2.311483209783381,2.3870710893110796,183.0,6554,7.2
fixation,1785614.6269999743,0.3157899670980193,0.4359803660349412,2.2917827259410513,2.376524491743608,366.0,6555,7.2
fixation,1786014.6369999647,0.3681770920753479,0.43174920082092283,2.291583251953125,2.329046630859375,91.0,6556,7.2
fixation,1786314.64199996,0.38333718478679657,0.518698588013649,2.3070281982421874,2.3707000732421877,166.0,6557,7.2
fixation,1786497.9779999256,0.4421457168128755,0.5282622079054514,2.3954959445529513,2.4518296983506946,158.0,6558,7.2
fixation,1786864.6509999037,0.48886392389734584,0.5267045944929123,2.3204345703125,2.4048538208007812,200.0,6559,7.2
fixation,1787081.32099998,0.5494736960301032,0.5284576324316171,2.3548137958233175,2.4104590782752404,217.0,6560,7.2
fixation,1787331.3219999075,0.660129352049394,0.5282662131569602,2.3240522904829546,2.3803156072443183,184.0,6561,7.2
fixation,1787531.3289999962,0.6329846620559693,0.532011142373085,2.330535888671875,2.416368103027344,167.0,6562,7.2
fixation,1787731.3299999237,0.6975432897315306,0.5319515221259173,2.4083754595588234,2.496180814855239,284.0,6563,7.2
fixation,1788098.0069999695,0.7624340291534152,0.5291748110737119,2.461275373186384,2.5283824375697543,234.0,6564,7.2
fixation,1788364.6769999266,0.7920243591070175,0.5155087653547525,2.4412097930908203,2.5109310150146484,133.0,6565,7.2
fixation,1788548.0149999857,0.39164375327527523,0.6100270412862301,2.3976478576660156,2.4957733154296875,134.0,6566,7.2
fixation,1788714.6849999428,0.3483744137562238,0.6181049346923828,2.3949690598707933,2.5100074181189904,225.0,6567,7.2
fixation,1789164.6909999847,0.3776552528142929,0.6014528036117553,2.33924560546875,2.4628082275390626,75.0,6568,7.2
fixation,1789281.3609999418,0.4316766778628031,0.6045299510161082,2.4187388102213543,2.519242350260417,250.0,6569,7.2
fixation,1789564.699000001,0.5003317271669706,0.5990353524684906,2.3572998046875,2.4337895711263022,200.0,6570,7.2
fixation,1789798.0369999409,0.5448355214162306,0.6098838638175618,2.276793046431108,2.358340176669034,184.0,6571,7.2
fixation,1789998.0389999151,0.5880772709846497,0.6103849947452545,2.30556640625,2.3817596435546875,167.0,6572,7.2
fixation,1790198.0429999828,0.6388699824993427,0.6138476454294645,2.345081035907452,2.4081890399639425,217.0,6573,7.2
fixation,1790448.0469999313,0.603140589594841,0.6022833387056986,2.4043487548828124,2.4704574584960937,500.0,6574,7.2
fixation,1790981.3899999857,0.49079166948795316,0.5969399720430374,2.3943222045898436,2.5131195068359373,166.0,6575,7.2
fixation,1791181.398000002,0.36582394275400376,0.6034986277421316,2.4302859836154513,2.5522969563802085,150.0,6576,7.2
fixation,1791381.398000002,0.4876568925877412,0.3459501874943574,2.4846293131510415,2.555199940999349,200.0,6577,NOTRIAL
fixation,1791631.3999999762,0.41447870220456806,0.30088022564138683,2.4765712193080356,2.5794525146484375,116.0,6578,NOTRIAL
fixation,1791764.737999916,0.3512825150700176,0.3016170754152186,2.4564271814682903,2.5711858412798714,283.0,6579,NOTRIAL
fixation,1792098.0779999495,0.3667562346566807,0.2920401990413666,2.4152152321555396,2.5109710693359375,184.0,6580,NOTRIAL
fixation,1792331.416999936,0.3454133912920952,0.5003016591072083,2.3626480102539062,2.462042236328125,166.0,6581,NOTRIAL
fixation,1792514.7529999018,0.34780240058898926,0.5144568145275116,2.39193115234375,2.4866287231445314,167.0,6582,NOTRIAL
fixation,1792698.0899999142,0.34642320019858225,0.5133750821862902,2.400458199637277,2.5244881766183034,117.0,6583,NOTRIAL
fixation,1792831.4239999056,0.35538454684946275,0.5129100034634272,2.4283888075086804,2.515165540907118,150.0,6584,NOTRIAL
fixation,1793014.7569999695,0.3472035080194473,0.6745860055088997,2.3732833862304688,2.4547271728515625,67.0,6585,NOTRIAL
fixation,1793114.763999939,0.3524777745207151,0.7389245380957922,2.388585917154948,2.4831283569335936,500.0,6586,NOTRIAL
fixation,1793648.1079999208,0.42678733595779966,0.7058834646429334,2.339420863560268,2.4265529087611606,125.0,6587,NOTRIAL
fixation,1793981.44599998,0.41589276549907833,0.7234777269455103,2.365124042217548,2.4744327251727762,425.0,6588,NOTRIAL
fixation,1794448.1229999065,0.4493388452313163,0.8122287338430231,2.3434711803089487,2.4426921497691763,184.0,6589,NOTRIAL
fixation,1794664.7939999104,0.5186676247553392,0.725609072230079,2.3068917014382104,2.371275468306108,183.0,6590,NOTRIAL
fixation,1794898.1299999952,0.49469651797643077,0.4357975537960346,2.4506260798527646,2.570934002216046,434.0,6591,FIX_CROS
fixation,1795348.138999939,0.4957013465464115,0.4218432791531086,2.4494857788085938,2.5847854614257812,67.0,6592,FIX_CROS
fixation,1795448.138999939,0.43672360231479007,0.38266553978125256,2.4839604695638022,2.6041158040364585,108.0,6593,FIX_CROS
fixation,1795748.1469999552,0.4758810798327128,0.42459194734692574,2.515730539957682,2.648962656656901,192.0,6594,7.1
fixation,1795964.8169999123,0.4750951922365597,0.5095827973314694,2.526653834751674,2.650287083217076,233.0,6595,7.1
fixation,1796214.8199999332,0.5216227048321774,0.5103864967823029,2.382608514083059,2.4625742059004936,317.0,6596,7.1
fixation,1796548.1619999409,0.48853779897878047,0.5109867618272179,2.3464849371659127,2.451513591565584,634.0,6597,7.1
fixation,1797198.1749999523,0.5106319915503263,0.5123071447014809,2.3402862548828125,2.4637451171875,134.0,6598,7.1
fixation,1797348.1769999266,0.5292997750498,0.5129531607741401,2.3583762759254094,2.4616561163039434,700.0,6599,7.1
fixation,1798081.5259999037,0.6311297357082367,0.4087658703327179,2.3701202392578127,2.4239837646484377,166.0,6600,NOTRIAL
fixation,1798298.19599998,0.6496688297816685,0.31074625679424833,2.429184831891741,2.493896920340402,584.0,6601,NOTRIAL
fixation,1798931.541999936,0.6475930271877183,0.5113832296596633,2.416892581515842,2.4769660101996527,600.0,6602,NOTRIAL
fixation,1799598.2170000076,0.6467636928365037,0.7241776045915242,2.39649468499261,2.4825612661000847,617.0,6603,NOTRIAL
fixation,1800248.2309999466,0.5058107278176717,0.6544359002794539,2.3826302664620536,2.4824227469308036,584.0,6604,NOTRIAL
fixation,1800881.5769999027,0.47154854025159565,0.38660912215709686,2.4022696358816966,2.5147007533482144,116.0,6605,NOTRIAL
fixation,1801031.5769999027,0.48358165100216866,0.2917054705321789,2.428058624267578,2.5379536946614585,200.0,6606,NOTRIAL
fixation,1801298.25,0.3410416795657231,0.48514624054615313,2.3674785907451925,2.548596895658053,217.0,6607,NOTRIAL
fixation,1801564.9210000038,0.620812284595826,0.5104934389100355,2.4466364243451286,2.528857062844669,283.0,6608,NOTRIAL
fixation,1801864.925999999,0.644118822283215,0.5240410400761498,2.4719967312282987,2.569576687282986,300.0,6609,NOTRIAL
fixation,1802198.2649999857,0.49256072299821035,0.5452264504773277,2.438169206891741,2.5341855003720237,350.0,6610,NOTRIAL
fixation,1802564.936999917,0.4822741001844406,0.531353588615145,2.458498273577009,2.570654732840402,125.0,6611,NOTRIAL
fixation,1802964.9409999847,0.4520879745483398,0.4198038339614868,2.496443176269531,2.6433563232421875,167.0,6612,24
fixation,1803164.942999959,0.48357891610690523,0.467835219843047,2.5169198172433034,2.647709437779018,117.0,6613,24
fixation,1803314.9449999332,0.5206240117549896,0.4899446771790584,2.461292266845703,2.585454305013021,400.0,6614,24
fixation,1803731.6200000048,0.5269427299499512,0.5337994992733002,2.483203887939453,2.5772933959960938,66.0,6615,24
fixation,1803814.9519999027,0.5353587900891024,0.5650603227755603,2.490583531996783,2.567806468290441,283.0,6616,24
fixation,1804114.9529999495,0.5562017957369486,0.5497618317604065,2.5366439819335938,2.625401814778646,300.0,6617,24
fixation,1804431.6279999018,0.5250534280203283,0.5031783869490027,2.574908971786499,2.703894853591919,1066.0,6618,24
fixation,1805514.973999977,0.5378658544449579,0.5074222818726585,2.55997067406064,2.667449951171875,350.0,6619,24
fixation,1805881.644999981,0.5161798128059932,0.49793601152184724,2.4850247866147526,2.6117876721667006,1283.0,6620,24
fixation,1807214.996999979,0.5252761875881868,0.6082733238444609,2.4507212919347428,2.569598029641544,284.0,6621,24
fixation,1807531.669999957,0.4282335912187894,0.8804142127434412,2.491710662841797,2.6308619181315103,200.0,6622,24
fixation,1807748.3389999866,0.47760135206309234,0.8830774805762551,2.506905295632102,2.591591574928977,183.0,6623,24
fixation,1807965.0130000114,0.5560769802994199,0.8824419246779548,2.459019978841146,2.513490464952257,158.0,6624,24
fixation,1808298.348999977,0.42445342894643545,0.39815755002200603,2.447946548461914,2.5219030380249023,266.0,6625,24
fixation,1808598.3579999208,0.41560402198841695,0.43908682622407613,2.4015165630139803,2.4687299226459705,316.0,6626,24
fixation,1808931.6940000057,0.4476533800363541,0.425109933813413,2.287493896484375,2.3630574544270835,250.0,6627,24
fixation,1809198.3679999113,0.4719918638467789,0.4260517008602619,2.2921409606933594,2.3865196228027346,333.0,6628,24
fixation,1809548.3709999323,0.4433326284800257,0.4322575607470104,2.3749771118164062,2.467984880719866,233.0,6629,24
fixation,1809798.3759999275,0.4090201492820467,0.4487343281507492,2.393979753766741,2.491544451032366,116.0,6630,24
fixation,1809948.3779999018,0.4038751638597912,0.5962499264213774,2.4118864271375866,2.4418199327256946,600.0,6631,24
fixation,1810598.3930000067,0.6044530884215706,0.5920336701368031,2.4129405774568258,2.4592887476870886,324.0,6632,24
fixation,1811131.7339999676,0.46784308180212975,0.5204455684870481,2.4189071655273438,2.561553955078125,125.0,6633,24
fixation,1811281.7369999886,0.43697527796030045,0.4590083451734649,2.504031711154514,2.631108601888021,300.0,6634,24
fixation,1811615.0749999285,0.4176375102251768,0.4486408466473222,2.3806724548339844,2.4734067916870117,267.0,6635,24
fixation,1811915.0829999447,0.41372907906770706,0.39218304802974063,2.335133022732205,2.439503139919705,300.0,6636,24
fixation,1812231.7509999275,0.43645634111903964,0.38654815015338717,2.383240472702753,2.468236287434896,350.0,6637,24
fixation,1812598.4249999523,0.4073094059439266,0.3924863864393795,2.3818727381089153,2.4897074979894303,283.0,6638,24
fixation,1812898.4289999008,0.3984433873133226,0.4358884168393684,2.3713143088600854,2.4544099749940815,550.0,6639,24
fixation,1813481.7719999552,0.46344744012906003,0.44116640893312603,2.4298436091496396,2.4454240065354567,217.0,6640,24
fixation,1813731.7759999037,0.5201139552839871,0.513697770135156,2.478809225148168,2.549183286469558,483.0,6641,24
fixation,1814231.7860000134,0.4881546629799737,0.5203015969859229,2.547885470920139,2.658506605360243,158.0,6642,FIX_CROS
fixation,1814615.1239999533,0.4849025872018602,0.501341583552184,2.58152997052228,2.703388355396412,442.0,6643,FIX_CROS
fixation,1815081.7969999313,0.4994249070684115,0.5039571722348531,2.461461385091146,2.5966161092122397,100.0,6644,24.1
fixation,1815315.1349999905,0.23706102867921194,0.3178330411513646,2.3735860188802085,2.5446879069010415,100.0,6645,24.1
fixation,1815431.8059999943,0.22092599150809375,0.29881198568777606,2.4018415971235796,2.543221213600852,183.0,6646,24.1
fixation,1815631.8059999943,0.24889151006937027,0.3002856895327568,2.4192771911621094,2.5326080322265625,67.0,6647,24.1
fixation,1815731.8090000153,0.3150389492511749,0.2835462882238276,2.341875861672794,2.406900742474724,283.0,6648,24.1
fixation,1816048.4809999466,0.36190414279699323,0.2882725179195404,2.3058624267578125,2.3898269653320314,166.0,6649,24.1
fixation,1816248.4839999676,0.4129946991801262,0.28925027400255204,2.3332229614257813,2.3841506958007814,166.0,6650,24.1
fixation,1816431.817999959,0.3980738412250172,0.27713465961543,2.344259088689631,2.3693917014382104,183.0,6651,24.1
fixation,1816648.490999937,0.2886473938822746,0.2986156910657883,2.392536926269531,2.48536376953125,166.0,6652,24.1
fixation,1816848.493999958,0.32225892692804337,0.2950576156377792,2.3954437255859373,2.4844131469726562,166.0,6653,24.1
fixation,1817031.8289999962,0.34220070391893387,0.2869611953695615,2.3447621663411455,2.4647928873697915,100.0,6654,24.1
fixation,1817165.1660000086,0.4245087653398514,0.2973602617328817,2.341244784268466,2.432313398881392,184.0,6655,24.1
fixation,1817381.8359999657,0.4718453905412129,0.3039895530257906,2.377016339983259,2.443450927734375,117.0,6656,24.1
fixation,1817765.1769999266,0.5577779213587443,0.3054202236235142,2.4256668090820312,2.4991912841796875,200.0,6657,24.1
fixation,1817981.8449999094,0.5920191630721092,0.3126085450251897,2.4420509338378906,2.5009384155273438,200.0,6658,24.1
fixation,1818215.1829999685,0.6627768150397709,0.29955002133335384,2.3628245762416293,2.3907296316964284,234.0,6659,24.1
fixation,1818481.8559999466,0.7202372848987579,0.30254938304424284,2.40198974609375,2.434515380859375,250.0,6660,24.1
fixation,1818748.5289999247,0.7604168578982353,0.30480898544192314,2.4235153198242188,2.470428466796875,66.0,6661,24.1
fixation,1818848.5289999247,0.7945560763279597,0.30339188128709793,2.4401931762695312,2.4665654500325522,100.0,6662,24.1
fixation,1819031.8639999628,0.21727312888417924,0.36646397198949543,2.4013562883649553,2.526646205357143,117.0,6663,24.1
fixation,1819165.2009999752,0.18613311488713538,0.3882091854299818,2.397824968610491,2.5242156982421875,234.0,6664,24.1
fixation,1819415.2029999495,0.27425854972430636,0.3983831448214395,2.413079398018973,2.486107962472098,125.0,6665,24.1
fixation,1819715.2109999657,0.26269822660833597,0.39566470868885517,2.400165557861328,2.4964866638183594,126.0,6666,24.1
fixation,1819881.8809999228,0.32410371845418756,0.40373883599584753,2.4526561390269888,2.5541215376420454,183.0,6667,24.1
fixation,1820081.8839999437,0.305958387752374,0.4111817901333173,2.419062296549479,2.5311609903971353,100.0,6668,24.1
fixation,1820198.5519999266,0.25757027603685856,0.39735693484544754,2.332347869873047,2.4405746459960938,200.0,6669,24.1
fixation,1820465.2229999304,0.4239554300904274,0.4091691493988037,2.300885009765625,2.387127685546875,167.0,6670,24.1
fixation,1820665.2259999514,0.38927412157257396,0.4100758781035741,2.3193893432617188,2.4252497355143228,200.0,6671,24.1
fixation,1820898.5659999847,0.4899762024482091,0.41027794033288956,2.383417765299479,2.4661178588867188,100.0,6672,24.1
fixation,1821015.2329999208,0.5600617676973343,0.41109452247619627,2.4053619384765623,2.477769470214844,167.0,6673,24.1
fixation,1821231.9069999456,0.6260133534669876,0.4050449388367789,2.4355370657784596,2.5045035226004466,233.0,6674,24.1
fixation,1821498.5729999542,0.7178798432533557,0.39647196462521184,2.4124345045823317,2.5105555607722354,216.0,6675,24.1
fixation,1821731.9129999876,0.7581923194229603,0.39358894899487495,2.4291629791259766,2.5201416015625,133.0,6676,24.1
fixation,1821898.5820000172,0.8111872598528862,0.391290795058012,2.442829132080078,2.5274620056152344,66.0,6677,24.1
fixation,1822031.9179999828,0.24102181196212769,0.4812226127833128,2.407938003540039,2.5985889434814453,133.0,6678,24.1
fixation,1822181.9189999104,0.20498588037761775,0.47435827485539694,2.400662508877841,2.5477447509765625,367.0,6679,24.1
fixation,1822565.2589999437,0.19985735416412354,0.4781918555498123,2.369842529296875,2.4574371337890626,84.0,6680,24.1
fixation,1822715.263999939,0.6974460350142585,0.3962400108575821,2.4196065266927085,2.4161800808376737,150.0,6681,24.1
fixation,1822915.2659999132,0.7346650339089907,0.39018502602210414,2.445343017578125,2.454681396484375,217.0,6682,24.1
fixation,1823165.2739999294,0.7846653908491135,0.38634626886674334,2.44927978515625,2.4947477068219865,242.0,6683,24.1
fixation,1823598.6109999418,0.2540058121085167,0.46245025949818747,2.4226248604910716,2.582029070172991,108.0,6684,24.1
fixation,1823731.9449999332,0.20529407469762695,0.47464210457272,2.488009982638889,2.610193040635851,300.0,6685,24.1
fixation,1824048.6200000048,0.24538002825445598,0.47122368547651505,2.352776421440972,2.421207004123264,150.0,6686,24.1
fixation,1824215.2860000134,0.2964201048016548,0.476191242535909,2.250788370768229,2.340862274169922,200.0,6687,24.1
fixation,1824448.6239999533,0.34644806614288914,0.4725071077163403,2.2470738337590146,2.3248431865985575,216.0,6688,24.1
fixation,1824681.96299994,0.37749485969543456,0.47374408940474194,2.2886952718098956,2.355568440755208,250.0,6689,24.1
fixation,1824948.6309999228,0.3999299183487892,0.4901132322847843,2.33087158203125,2.4396629333496094,66.0,6690,24.1
fixation,1825048.6330000162,0.32591169155561006,0.4884932247491983,2.3499838022085338,2.4784780649038463,216.0,6691,24.1
fixation,1825281.9709999561,0.3013571413854758,0.4888485074043274,2.389373779296875,2.499053955078125,200.0,6692,24.1
fixation,1825515.3090000153,0.41627975021089825,0.48976120352745056,2.361602783203125,2.446338108607701,234.0,6693,24.1
fixation,1825781.9749999046,0.48606425896286964,0.49021361395716667,2.3906656901041665,2.4654935201009116,200.0,6694,24.1
fixation,1826015.3219999075,0.5493364887578147,0.4919051943080766,2.451239449637277,2.542260306222098,234.0,6695,24.1
fixation,1826265.32099998,0.5840597510337829,0.49426610171794894,2.45970458984375,2.5637725830078124,92.0,6696,24.1
fixation,1826515.3259999752,0.6247197290261587,0.4763752954701583,2.4525159200032554,2.5937703450520835,192.0,6697,24.1
fixation,1826765.3299999237,0.7183411589690617,0.4833706042596272,2.5327039446149553,2.613631112234933,234.0,6698,24.1
fixation,1827115.334999919,0.5502162247896194,0.4726516604423523,2.3983688354492188,2.495574951171875,166.0,6699,24.1
fixation,1827315.3370000124,0.5130589306354523,0.468269590820585,2.3582589285714284,2.479213169642857,116.0,6700,24.1
fixation,1827448.675999999,0.5533643364906311,0.4621393701859883,2.3854544503348216,2.4845711844308034,117.0,6701,24.1
fixation,1827598.6769999266,0.5293746193250021,0.3852082739273707,2.400790744357639,2.5030076768663196,150.0,6702,24.1
fixation,1827782.0119999647,0.6933762349865653,0.3767730078913949,2.431997125799006,2.4930239590731533,184.0,6703,24.1
fixation,1827982.0159999132,0.7385999804193323,0.37501886757937347,2.4409221302379263,2.5203371914950283,184.0,6704,24.1
fixation,1828182.019999981,0.7723903400557381,0.3734004284654345,2.476433890206473,2.5342320033482144,117.0,6705,24.1
fixation,1828332.023000002,0.8007675276862251,0.37463226086563534,2.470308091905382,2.5503082275390625,150.0,6706,24.1
fixation,1828548.6909999847,0.2930091967185338,0.2959285428126653,2.4372660319010415,2.5790735880533853,100.0,6707,24.1
fixation,1828682.0289999247,0.2207285575568676,0.2948183671881755,2.3777796427408853,2.510854721069336,400.0,6708,24.1
fixation,1829115.368999958,0.29555952300628024,0.28425849104921025,2.2807210286458335,2.3430086771647134,200.0,6709,24.1
fixation,1829348.7059999704,0.3336657308615171,0.2955300979889356,2.253210214468149,2.3596261831430287,217.0,6710,24.1
fixation,1829598.7109999657,0.4148154231635007,0.2995295375585556,2.295075850053267,2.346536809747869,183.0,6711,24.1
fixation,1829798.7139999866,0.3917614776979793,0.3046765246174552,2.2799543900923296,2.369719071821733,191.0,6712,24.1
fixation,1830515.3930000067,0.7465802133083344,0.4428700102227075,2.4252537318638394,2.4784349714006697,116.0,6713,24.1
fixation,1830648.7289999723,0.7148470481236776,0.45298711210489273,2.4123662312825522,2.4841842651367188,100.0,6714,24.1
fixation,1830782.067999959,0.6742170651753744,0.4618948797384898,2.4084014892578125,2.503026326497396,100.0,6715,24.1
fixation,1830898.7369999886,0.5955547127458785,0.46845588088035583,2.3377143012152777,2.4236907958984375,150.0,6716,24.1
fixation,1831065.4049999714,0.6471442715688185,0.4708103117617694,2.267966530539773,2.3369570645419033,183.0,6717,24.1
fixation,1831282.074000001,0.7511009763587605,0.4773191904479807,2.296499078924006,2.3222545276988638,184.0,6718,24.1
fixation,1831498.7419999838,0.7941773116588593,0.4799515128135681,2.3037628173828124,2.319927978515625,83.0,6719,24.1
fixation,1831648.7479999065,0.2236809389931815,0.5528822030339923,2.255164010184152,2.35430908203125,117.0,6720,24.1
fixation,1831782.0859999657,0.1874926220625639,0.566914955774943,2.2665303548177085,2.3582674662272134,200.0,6721,24.1
fixation,1832015.4189999104,0.3066801577806473,0.5877347840712621,2.3237809401292067,2.408129178560697,216.0,6722,24.1
fixation,1832248.7569999695,0.2886190948386987,0.5838850239912668,2.309575398763021,2.396204630533854,200.0,6723,24.1
fixation,1832482.0939999819,0.21469713090097203,0.5731902963974896,2.327496696920956,2.437543083639706,284.0,6724,24.1
fixation,1832782.098999977,0.197045970421571,0.570413921888058,2.320898202749399,2.4575160099909854,217.0,6725,24.1
fixation,1833032.1029999256,0.3181664630770683,0.5802804559469223,2.3263153076171874,2.436228942871094,167.0,6726,24.1
fixation,1833215.4390000105,0.2934193227972303,0.5828832175050463,2.326932634626116,2.403719220842634,116.0,6727,24.1
fixation,1833365.4419999123,0.36081096259030426,0.5747926749966361,2.3236125599254263,2.4287858442826704,191.0,6728,24.1
fixation,1833865.4499999285,0.45394587787714874,0.5636498955163088,2.4421012184836646,2.4981439763849433,183.0,6729,24.1
fixation,1834065.4549999237,0.43366028503938153,0.5776111402294852,2.427946610884233,2.500968239524148,183.0,6730,24.1
fixation,1834282.125,0.523493977992431,0.5803589665371439,2.32135009765625,2.415664009425951,384.0,6731,24.1
fixation,1834682.1299999952,0.5734443627297878,0.5681430716067553,2.2936458587646484,2.397263526916504,267.0,6732,24.1
fixation,1834965.4689999819,0.6018333077430725,0.5708223044872284,2.3232391357421873,2.3777984619140624,83.0,6733,24.1
fixation,1835148.8039999008,0.5502604725568191,0.5677812838036081,2.3192012621008833,2.4148871380349863,383.0,6734,24.1
fixation,1835582.1469999552,0.6548977196216583,0.5624577092087787,2.3670939569887905,2.433843198029891,384.0,6735,24.1
fixation,1835982.1499999762,0.6070821769535542,0.5660316552966833,2.342161178588867,2.416088104248047,267.0,6736,24.1
fixation,1836265.4889999628,0.6877793148159981,0.5764455969134966,2.386285146077474,2.4363695780436196,200.0,6737,24.1
fixation,1836482.1599999666,0.6582345124334097,0.5746884699910879,2.374879837036133,2.4257383346557617,267.0,6738,24.1
fixation,1836782.1660000086,0.7327425411114326,0.5715324786993173,2.390437199519231,2.43112065241887,217.0,6739,24.1
fixation,1837082.1719999313,0.8052270958820978,0.5452017684777578,2.3655242919921875,2.4295374552408853,100.0,6740,24.1
fixation,1837248.8399999142,0.2790103554725647,0.6498145163059235,2.3776321411132812,2.4876365661621094,67.0,6741,24.1
fixation,1837348.8420000076,0.2178224598368009,0.6555374297830794,2.3631490071614585,2.4915601942274304,150.0,6742,24.1
fixation,1837515.510999918,0.19239732747276625,0.6475695967674255,2.3836466471354165,2.485315958658854,100.0,6743,24.1
fixation,1837932.1849999428,0.3804664249931063,0.6421809324196407,2.2761012486049106,2.329310825892857,117.0,6744,24.1
fixation,1838065.5219999552,0.34242125194181094,0.6526336656375364,2.333711797540838,2.4086199673739346,366.0,6745,24.1
fixation,1838448.8619999886,0.32388081699609755,0.6564922869205475,2.3118927001953127,2.3439483642578125,167.0,6746,24.1
fixation,1838648.8650000095,0.4073707770024027,0.6318238058260509,2.2415673392159596,2.276493617466518,233.0,6747,24.1
fixation,1838898.8700000048,0.4687945544719696,0.6341942846775055,2.26821782038762,2.310796884390024,217.0,6748,24.1
fixation,1839165.5399999619,0.5683015833298365,0.6328977420926094,2.328411102294922,2.3722712198893228,200.0,6749,24.1
fixation,1839382.209999919,0.5469626225531101,0.6369033418595791,2.3486671447753906,2.3916969299316406,142.0,6750,24.1
fixation,1839682.2170000076,0.6364835734878268,0.6359462652887616,2.3848844255719865,2.473679678780692,242.0,6751,24.1
fixation,1840148.8909999132,0.673418790102005,0.6399213756833758,2.453883579799107,2.528649466378348,109.0,6752,24.1
fixation,1840298.894999981,0.6361909111340841,0.6352096498012543,2.4659864637586804,2.5475345187717013,150.0,6753,24.1
fixation,1840482.2319999933,0.7438353846470515,0.643628865480423,2.431584676106771,2.493213653564453,200.0,6754,24.1
fixation,1840698.8989999294,0.7240945021311442,0.6392965018749237,2.3310231526692706,2.382825724283854,250.0,6755,24.1
fixation,1840982.2400000095,0.65249741765169,0.6306927914802845,2.2981849083533654,2.362139188326322,217.0,6756,24.1
fixation,1841248.90899992,0.7780989050865174,0.6378360122442246,2.323777770996094,2.399739074707031,167.0,6757,24.1
fixation,1841482.25,0.24097021775586264,0.7281147880213601,2.317592075892857,2.4811859130859375,117.0,6758,24.1
fixation,1841615.5809999704,0.20699718594551086,0.7371145188808441,2.348602294921875,2.5055618286132812,133.0,6759,24.1
fixation,1841782.2539999485,0.32195067749573636,0.7300513111628019,2.355133056640625,2.4839407113882213,217.0,6760,24.1
fixation,1842032.2580000162,0.36702284092704457,0.7225636964042982,2.2998034159342446,2.400679270426432,200.0,6761,24.1
fixation,1842265.5929999352,0.4560085698962212,0.7136297166347504,2.2751190185546877,2.3473785400390623,166.0,6762,24.1
fixation,1842448.9319999218,0.43653230369091034,0.716782945394516,2.25771484375,2.338006591796875,83.0,6763,24.1
fixation,1842565.598999977,0.5329511264959971,0.7140396957596143,2.2712198893229165,2.3127365112304688,200.0,6764,24.1
fixation,1842798.9379999638,0.6194077432155609,0.7194922417402267,2.32642822265625,2.3486236572265624,167.0,6765,24.1
fixation,1842998.942999959,0.6798438966274262,0.7214223712682724,2.3691680908203123,2.39755859375,167.0,6766,24.1
fixation,1843198.9479999542,0.731123677889506,0.7242807527383168,2.366534423828125,2.4059519449869793,250.0,6767,24.1
fixation,1843465.6169999838,0.7603118175810034,0.7223873030055653,2.3651566938920454,2.414510553533381,183.0,6768,24.1
fixation,1843665.6209999323,0.7151378020644188,0.723433680832386,2.367567698160807,2.4181747436523438,200.0,6769,24.1
fixation,1843898.9609999657,0.7683791041374206,0.7274809718132019,2.4014892578125,2.4260498046875,83.0,6770,24.1
fixation,1844165.6279999018,0.3988688016931216,0.3762117264171441,2.328388214111328,2.4521916707356772,200.0,6771,24.1
fixation,1844398.9720000029,0.39744668386199256,0.3172655701637268,2.3846560391512783,2.4691342440518467,183.0,6772,NOTRIAL
fixation,1844598.9699999094,0.36234279247847473,0.28529801016504114,2.357333096590909,2.434815840287642,183.0,6773,NOTRIAL
fixation,1844798.9759999514,0.3444886402441905,0.2874419173369041,2.334105271559495,2.4198150634765625,217.0,6774,NOTRIAL
fixation,1845032.3129999638,0.3794035315513611,0.2865181192755699,2.331439971923828,2.396045684814453,67.0,6775,NOTRIAL
fixation,1845132.3129999638,0.4409080064958996,0.2925421827369266,2.3009440104166665,2.3914930555555554,150.0,6776,NOTRIAL
fixation,1845298.9859999418,0.42635130079892963,0.28997447513617003,2.2956167367788463,2.384625948392428,225.0,6777,NOTRIAL
fixation,1845665.6579999924,0.3323536536523274,0.5278479499476296,2.2825840541294644,2.4031524658203125,116.0,6778,NOTRIAL
fixation,1845798.9929999113,0.35005976259708405,0.5397447347640991,2.3251075744628906,2.4504737854003906,75.0,6779,NOTRIAL
fixation,1846365.6719999313,0.42651547491550446,0.5102514528802463,2.3744092668805803,2.5120746067592075,459.0,6780,NOTRIAL
fixation,1846849.0130000114,0.4996220526241121,0.49131164309524356,2.237729027157738,2.325437273297991,350.0,6781,NOTRIAL
fixation,1847232.3549998999,0.3434405215084553,0.6509188935160637,2.25531005859375,2.3431053161621094,66.0,6782,NOTRIAL
fixation,1847332.3569999933,0.34387616354685563,0.7319853695539328,2.2567819448617787,2.358453603891226,216.0,6783,NOTRIAL
fixation,1847582.3600000143,0.37559110174576443,0.7369879831870397,2.3107630411783853,2.4119962056477866,200.0,6784,NOTRIAL
fixation,1847832.3650000095,0.5034144016307428,0.6529734546164854,2.3484588063091314,2.436962862627222,1816.0,6785,NOTRIAL
fixation,1849699.0640000105,0.4388832235708833,0.2758274506777525,2.4252452850341797,2.545657157897949,275.0,6786,FIX_CROS
fixation,1850199.0749999285,0.4538760185241699,0.39933418668806553,2.364858627319336,2.4853343963623047,134.0,6787,24.2
fixation,1850465.7450000048,0.21552018262445927,0.29746577392021817,2.4550043741861978,2.6222445170084634,200.0,6788,24.2
fixation,1850699.0859999657,0.26973339749707115,0.2912608865234587,2.3780670166015625,2.485326131184896,150.0,6789,24.2
fixation,1850865.7529999018,0.33652929589152336,0.28797756135463715,2.2750396728515625,2.368830362955729,200.0,6790,24.2
fixation,1851082.422999978,0.3856011512024062,0.29475431995732443,2.258471897670201,2.3321533203125,233.0,6791,24.2
fixation,1851382.4269999266,0.43441786368687946,0.30774906939930385,2.320314195421007,2.3925950792100696,150.0,6792,24.2
fixation,1851565.7630000114,0.5368423407728021,0.30735310505736957,2.3655256791548296,2.4403117786754263,183.0,6793,24.2
fixation,1851799.0999999046,0.3992120139300823,0.3203713558614254,2.3881378173828125,2.5334701538085938,67.0,6794,24.2
fixation,1851882.436999917,0.33537878716985386,0.31611455728610355,2.4151331583658853,2.5589421590169272,200.0,6795,24.2
fixation,1852149.1100000143,0.6118640129764875,0.3146686467031638,2.4971605936686196,2.5721435546875,200.0,6796,24.2
fixation,1852382.4469999075,0.6805062418182691,0.3058703802525997,2.4624481201171875,2.5460421244303384,200.0,6797,24.2
fixation,1852615.7819999456,0.7228809552533286,0.3054355787379401,2.458251953125,2.5392652239118303,125.0,6798,24.2
fixation,1852915.7849999666,0.7799627695764814,0.2939775948013578,2.4914659772600447,2.603583199637277,109.0,6799,24.2
fixation,1853065.7910000086,0.7546595856547356,0.2978644911199808,2.517610549926758,2.6404781341552734,133.0,6800,24.2
fixation,1853232.4579999447,0.7040454372763634,0.3016896853223443,2.4342756271362305,2.517719268798828,266.0,6801,24.2
fixation,1853599.135999918,0.7938473492860794,0.29989352375268935,2.3731414794921877,2.415802001953125,167.0,6802,24.2
fixation,1853832.4689999819,0.2600745941911425,0.3833906182221004,2.356689453125,2.522548130580357,116.0,6803,24.2
fixation,1853982.4729999304,0.1947518506875405,0.3781831298883145,2.35836909367488,2.523523183969351,216.0,6804,24.2
fixation,1854232.4779999256,0.2543129473924637,0.38425627052783967,2.347296142578125,2.4734130859375,91.0,6805,24.2
fixation,1854532.4829999208,0.2633972444704601,0.38106000423431396,2.3087659563337053,2.4243316650390625,108.0,6806,24.2
fixation,1854682.4850000143,0.33715115758505737,0.389457183805379,2.3741288618607954,2.4695365212180396,183.0,6807,24.2
fixation,1854882.4900000095,0.3721977674535343,0.3980215532439096,2.338008335658482,2.4379752022879466,233.0,6808,24.2
fixation,1855149.1599999666,0.4528405159711838,0.3949684123198191,2.3115773518880207,2.3833577473958334,250.0,6809,24.2
fixation,1855415.8320000172,0.4385175332427025,0.3978164941072464,2.3230926513671877,2.426214599609375,167.0,6810,24.2
fixation,1855615.8359999657,0.5532862381501631,0.4089794253761118,2.371114557439631,2.4327656139026987,183.0,6811,24.2
fixation,1855815.8389999866,0.5313998535275459,0.39540594443678856,2.378265380859375,2.4105873107910156,67.0,6812,24.2
fixation,1855899.175999999,0.5304726213216782,0.41069627925753593,2.406566619873047,2.4956130981445312,67.0,6813,24.2
fixation,1855999.1769999266,0.5976425607999166,0.39958081146081287,2.424857245551215,2.5327640109592013,158.0,6814,24.2
fixation,1856382.5149999857,0.5247781781049875,0.40694103791163516,2.4601816030649037,2.5781719501201925,208.0,6815,24.2
fixation,1856632.5209999084,0.6628577576743232,0.3986815694305632,2.4540939331054688,2.5143296983506946,300.0,6816,24.2
fixation,1856965.8600000143,0.7228471545072702,0.38624945970681995,2.412693903996394,2.444067148061899,217.0,6817,24.2
fixation,1857199.1969999075,0.7505691647529602,0.3858381311098735,2.4067281087239585,2.45477294921875,100.0,6818,24.2
fixation,1857315.8639999628,0.7816392268453326,0.3847422812666212,2.4038543701171875,2.4427599225725447,117.0,6819,24.2
fixation,1857449.1999999285,0.8134758993983269,0.377170130610466,2.4016265869140625,2.4225616455078125,67.0,6820,24.2
fixation,1857615.8700000048,0.21118665912321635,0.4591557745422636,2.3567286900111606,2.4778943743024553,117.0,6821,24.2
fixation,1857749.2059999704,0.1878403194926002,0.46954272416504944,2.385978005149148,2.502682772549716,184.0,6822,24.2
fixation,1857965.8769999743,0.24745943397283554,0.46673160294691723,2.3968327840169272,2.485600789388021,108.0,6823,24.2
fixation,1858265.8819999695,0.2807523041963577,0.4830168694257736,2.3155670166015625,2.4191802978515624,83.0,6824,24.2
fixation,1858365.8830000162,0.33357246095935505,0.4761148455242316,2.3532384236653647,2.462843577067057,200.0,6825,24.2
fixation,1858582.5529999733,0.3891972803643772,0.4981089617524828,2.384801592145647,2.4926038469587053,233.0,6826,24.2
fixation,1858832.5579999685,0.359462314418384,0.496248470885413,2.293147495814732,2.4250259399414062,233.0,6827,24.2
fixation,1859099.2299998999,0.462329829732577,0.49761251856883365,2.3239962259928384,2.4037793477376304,200.0,6828,24.2
fixation,1859332.564999938,0.4918203204870224,0.4995610922574997,2.3354949951171875,2.3889678955078124,83.0,6829,24.2
fixation,1859449.2350000143,0.5978425145149231,0.48468508422374723,2.344676208496094,2.394134521484375,167.0,6830,24.2
fixation,1859632.57099998,0.5694345465073218,0.4870058733683366,2.3633047250600963,2.4040621243990383,216.0,6831,24.2
fixation,1859882.5779999495,0.6621062202113015,0.47308553755283356,2.342608860560826,2.372534615652902,233.0,6832,24.2
fixation,1860149.2459999323,0.7486697137355804,0.4650675803422928,2.335127694266183,2.3407091413225447,234.0,6833,24.2
fixation,1860399.2519999743,0.7834990099072456,0.4612142350524664,2.326507568359375,2.348773956298828,134.0,6834,24.2
fixation,1860615.922999978,0.19899937578222968,0.547516790303317,2.2882024591619317,2.3959100896661933,183.0,6835,24.2
fixation,1860815.9279999733,0.17865325789898634,0.5357409715652466,2.2551937103271484,2.3929595947265625,133.0,6836,24.2
fixation,1860982.5929999352,0.2569316117600961,0.5536992495710199,2.2966114390980112,2.388241854580966,183.0,6837,24.2
fixation,1861199.2659999132,0.3574467867612839,0.5457158893346786,2.240464782714844,2.3240615844726564,167.0,6838,24.2
fixation,1861399.269999981,0.44478632882237434,0.5440053902566433,2.2410945892333984,2.3407363891601562,134.0,6839,24.2
fixation,1861565.9359999895,0.40146073549985883,0.550423127412796,2.2592544555664062,2.369282531738281,167.0,6840,24.2
fixation,1861765.9409999847,0.5291325867176055,0.5498416185379028,2.3116729736328123,2.345294189453125,91.0,6841,24.2
fixation,1862049.2799999714,0.572202182478375,0.5570903023084005,2.3407457139756946,2.388524373372396,150.0,6842,24.2
fixation,1862232.6169999838,0.5964243138829867,0.5639656061927477,2.411336263020833,2.4346694946289062,200.0,6843,24.2
fixation,1862465.9549999237,0.6850681657140906,0.567689137025313,2.358950528231534,2.3993710604580967,183.0,6844,24.2
fixation,1862665.9579999447,0.6571599304676056,0.5578556716442108,2.28980712890625,2.3469757080078124,167.0,6845,24.2
fixation,1862865.9609999657,0.7087419182062149,0.5572515924771627,2.284947713216146,2.3468348185221353,108.0,6846,24.2
fixation,1863315.9699999094,0.7855196860101488,0.5588930381668938,2.3933995564778647,2.4583748711480036,300.0,6847,24.2
fixation,1863699.311999917,0.24419760491166795,0.6368393983159747,2.304785592215402,2.452508108956473,117.0,6848,24.2
fixation,1863849.3140000105,0.18597505356256777,0.6404125186113211,2.2727156419020433,2.410883976862981,217.0,6849,24.2
fixation,1864099.3190000057,0.23044300959868866,0.6472791433334351,2.3219965154474433,2.429831764914773,192.0,6850,24.2
fixation,1864665.9959999323,0.3134469226712272,0.6479638233071282,2.376001993815104,2.526302519298735,358.0,6851,24.2
fixation,1865282.672999978,0.38527143994967145,0.6378545711437861,2.310399373372396,2.4526494344075522,100.0,6852,24.2
fixation,1865399.340999961,0.42844445910304785,0.6438507083803415,2.363528251647949,2.5256271362304688,266.0,6853,24.2
fixation,1865699.3499999046,0.5197133219242096,0.6405373167991638,2.3164971923828124,2.436185302734375,416.0,6854,24.2
fixation,1866149.3600000143,0.5838847048580647,0.639142956584692,2.3145179748535156,2.4273548126220703,133.0,6855,24.2
fixation,1866316.0279999971,0.6282411060835186,0.6507913768291473,2.3885216963918587,2.4648509778474508,317.0,6856,24.2
fixation,1866666.0319999456,0.6931010593067516,0.6567425294355913,2.4637270840731533,2.5217090953480112,184.0,6857,24.2
fixation,1866866.0379999876,0.739768351499851,0.645135359122203,2.4427525446965146,2.4914093017578125,217.0,6858,24.2
fixation,1867099.3769999743,0.7939872046311697,0.6434277892112732,2.409066094292535,2.460881551106771,150.0,6859,24.2
fixation,1867316.047999978,0.39274023473262787,0.7187640269597372,2.3371734619140625,2.4434102376302085,100.0,6860,24.2
fixation,1867449.3849999905,0.3401841347416242,0.7367365087072054,2.354334513346354,2.4773788452148438,200.0,6861,24.2
fixation,1867666.0549999475,0.39213160381597634,0.7279865899506737,2.3513506721047794,2.453745224896599,284.0,6862,24.2
fixation,1867966.0590000153,0.354512047909555,0.7305745681126913,2.315940493629092,2.4178989955357144,350.0,6863,24.2
fixation,1868366.0669999123,0.45806397651803904,0.721460564383145,2.310919399919181,2.402862022662985,484.0,6864,24.2
fixation,1868882.7419999838,0.5159283757209778,0.7214859505494435,2.3909820556640624,2.480035400390625,250.0,6865,24.2
fixation,1869149.4139999151,0.5819457415491343,0.7226626221090555,2.386288642883301,2.488858222961426,266.0,6866,24.2
fixation,1869432.7519999743,0.6479621082544327,0.7255679070949554,2.400679016113281,2.4745437622070314,175.0,6867,24.2
fixation,1869816.090999961,0.5659502055495977,0.7245297003537416,2.3689117431640625,2.465709686279297,267.0,6868,24.2
fixation,1870399.4359999895,0.776624895632267,0.650692418217659,2.454808553059896,2.5023880004882812,200.0,6869,24.2
fixation,1870616.1059999466,0.7912256320317587,0.6390776534875234,2.496554904513889,2.5352647569444446,150.0,6870,24.2
fixation,1870799.442999959,0.8266164094209671,0.632368940114975,2.376416015625,2.4023056030273438,166.0,6871,24.2
fixation,1871016.112999916,0.49268912843295504,0.6824328984533038,2.229710170200893,2.3051975795200894,117.0,6872,24.2
fixation,1871182.7810000181,0.364271620909373,0.7209504379166497,2.2456783718532987,2.363062540690104,150.0,6873,24.2
fixation,1871399.4529999495,0.731893104314804,0.6359714061021805,2.387858581542969,2.4145538330078127,166.0,6874,24.2
fixation,1871599.4559999704,0.7853222766092846,0.6342794788735253,2.3897574288504466,2.4509004865373885,233.0,6875,24.2
fixation,1871866.1269999743,0.8381276190280914,0.6303585767745972,2.3956787109375,2.4484405517578125,84.0,6876,24.2
fixation,1871999.4649999142,0.35204623805152047,0.7084933982955085,2.3368937174479165,2.476504855685764,150.0,6877,24.2
fixation,1872216.1330000162,0.4799871359552656,0.40127140496458324,2.3569205147879466,2.5118560791015625,125.0,6878,24.2
fixation,1872566.1409999132,0.5369857907295227,0.2961067855358124,2.5052459716796873,2.588053894042969,159.0,6879,NOTRIAL
fixation,1872766.1439999342,0.6227891385555268,0.29415749907493594,2.582342529296875,2.66297607421875,84.0,6880,NOTRIAL
fixation,1872866.148000002,0.57342857837677,0.29363554358482363,2.417437744140625,2.48803466796875,417.0,6881,NOTRIAL
fixation,1873316.1529999971,0.5070513218641282,0.2951160859316587,2.3532791137695312,2.4345882415771483,667.0,6882,NOTRIAL
fixation,1874016.1679999828,0.5707963779568672,0.28488882072269917,2.4016685485839844,2.451505661010742,267.0,6883,NOTRIAL
fixation,1874332.8420000076,0.3532706472006711,0.5013769607652317,2.3554632013494317,2.5162797407670454,183.0,6884,NOTRIAL
fixation,1874532.8449999094,0.34422784772786225,0.5137024264444005,2.3765869140625,2.521639737215909,183.0,6885,NOTRIAL
fixation,1874749.5149999857,0.5373289038737615,0.5097021708885828,2.4515838623046875,2.5241597493489585,100.0,6886,NOTRIAL
fixation,1874932.8509999514,0.5685943216085434,0.4952905923128128,2.3783111572265625,2.472651163736979,208.0,6887,NOTRIAL
fixation,1875399.5279999971,0.5107963773710974,0.5278993629176041,2.4792196339574355,2.605719204606681,483.0,6888,NOTRIAL
fixation,1875899.5360000134,0.5680211186408997,0.5222254600375891,2.3803138732910156,2.488798141479492,266.0,6889,NOTRIAL
fixation,1876199.5410000086,0.3400364276021719,0.7131278701126575,2.348512649536133,2.4867095947265625,133.0,6890,NOTRIAL
fixation,1876349.5460000038,0.34550595518789795,0.7450869052033675,2.3790251079358553,2.5081064324629936,316.0,6891,NOTRIAL
fixation,1876682.8849999905,0.3692154830152338,0.7431185137141835,2.378019853071733,2.4963642467151987,183.0,6892,NOTRIAL
fixation,1876916.2220000029,0.5713467814705588,0.7228591658852317,2.3534088134765625,2.420865145596591,192.0,6893,NOTRIAL
fixation,1877282.8969999552,0.586324030160904,0.7140656471252441,2.36029052734375,2.4124664306640624,91.0,6894,NOTRIAL
fixation,1877582.9019999504,0.5845393400107112,0.7277505238141332,2.4719924926757812,2.5795348031180247,467.0,6895,NOTRIAL
fixation,1878099.5799999237,0.4742962345480919,0.8411889135837555,2.2878570556640625,2.406463623046875,166.0,6896,NOTRIAL
fixation,1878282.9149999619,0.43414367735385895,0.8360422352949778,2.2516632080078125,2.3865152994791665,100.0,6897,NOTRIAL
fixation,1878416.2489999533,0.5434556653102239,0.8172169327735901,2.2820816040039062,2.3913396199544272,100.0,6898,NOTRIAL
fixation,1878566.2519999743,0.5066881358623505,0.43459120094776155,2.3770660400390624,2.5040496826171874,84.0,6899,NOTRIAL
fixation,1878666.2569999695,0.5049479752779007,0.4235907457768917,2.4011592864990234,2.5237503051757812,134.0,6900,NOTRIAL
fixation,1878816.2569999695,0.5049333664087149,0.42104963155893177,2.4827681321364183,2.5892674372746396,217.0,6901,NOTRIAL
fixation,1879082.9279999733,0.6374767737256156,0.4863250032067299,2.523310343424479,2.62532467312283,300.0,6902,NOTRIAL
fixation,1879399.6009999514,0.6465178065829806,0.5181373655796051,2.4845318264431424,2.5861502753363714,300.0,6903,NOTRIAL
fixation,1879749.6069999933,0.41659527165549143,0.4881664493254253,2.445220947265625,2.61468505859375,116.0,6904,NOTRIAL
fixation,1879899.6089999676,0.3458221595395695,0.5034967728636481,2.459908225319602,2.6181807084517046,191.0,6905,NOTRIAL
fixation,1880432.9519999027,0.5749029815196991,0.3007139696015252,2.5522342258029513,2.6304762098524304,150.0,6906,NOTRIAL
fixation,1880599.6229999065,0.6271134987473488,0.2685194928199053,2.586679458618164,2.6541175842285156,133.0,6907,NOTRIAL
fixation,1880782.9559999704,0.4148227162659168,0.2626039894918601,2.4081319173177085,2.5167579650878906,200.0,6908,NOTRIAL
fixation,1880999.6309999228,0.41462477296590805,0.2694169568518798,2.3315099080403647,2.4520861307779946,200.0,6909,NOTRIAL
fixation,1881249.6330000162,0.48344655199484393,0.46345774829387665,2.2869997891512783,2.3583609841086646,183.0,6910,NOTRIAL
fixation,1881449.6349999905,0.5042271994882159,0.5007422533300188,2.299136691623264,2.37408447265625,150.0,6911,NOTRIAL
fixation,1881616.3069999218,0.5227877687324177,0.49012331529097125,2.3403861305930396,2.4185721657492896,184.0,6912,8
fixation,1881816.3090000153,0.46650652007924187,0.46821119222376084,2.36702389187283,2.4826482137044272,300.0,6913,8
fixation,1882149.6489999294,0.43370873232682544,0.46590249439080555,2.363960774739583,2.45052490234375,250.0,6914,8
fixation,1882416.3190000057,0.40407473345597583,0.49500494450330734,2.3461125691731772,2.4273783365885415,108.0,6915,8
fixation,1882749.65899992,0.3888495974242687,0.5783118531107903,2.352508544921875,2.4310302734375,66.0,6916,8
fixation,1882949.6629999876,0.3874332867562771,0.5873394086956978,2.421283721923828,2.5136146545410156,66.0,6917,8
fixation,1883066.3320000172,0.37842382809945513,0.8764950335025787,2.4100875854492188,2.4876556396484375,234.0,6918,8
fixation,1883333.0039999485,0.4381270371377468,0.8803991551200548,2.3771451314290366,2.460759480794271,200.0,6919,8
fixation,1883549.6739999056,0.4660777575694598,0.8779633870491614,2.356646024263822,2.433990478515625,217.0,6920,8
fixation,1883799.6779999733,0.5284278461566339,0.8730791830099546,2.358843289888822,2.4115201509915867,217.0,6921,8
fixation,1884049.6829999685,0.6065575263716958,0.8797596205364574,2.359762018377131,2.4218514182350854,183.0,6922,8
fixation,1884249.6879999638,0.6289524614810944,0.8813155472278595,2.3391082763671873,2.404815673828125,83.0,6923,8
fixation,1884383.023000002,0.5335545651614666,0.5586102604866028,2.338517189025879,2.43405818939209,267.0,6924,8
fixation,1884666.3600000143,0.5079825696620074,0.5349585305560719,2.3725433349609375,2.452689430930398,183.0,6925,8
fixation,1884883.0329999924,0.42544041148253847,0.5149132290056774,2.3339712960379466,2.4274520874023438,234.0,6926,8
fixation,1885149.7039999962,0.3977454590300719,0.5571872070431709,2.317549387613932,2.4110616048177085,200.0,6927,8
fixation,1885383.0369999409,0.3825777068734169,0.49511846005916593,2.3306015014648436,2.4194244384765624,167.0,6928,8
fixation,1885599.7089999914,0.559654614991612,0.435098845925596,2.3556077745225696,2.3974651760525174,300.0,6929,8
fixation,1885916.3849999905,0.5709904233614603,0.39041877662142116,2.3405749003092446,2.3769709269205728,200.0,6930,8
fixation,1886166.3869999647,0.49232757836580276,0.40738061219453814,2.316375732421875,2.375115966796875,174.0,6931,8
fixation,1886683.0629999638,0.48109355568885803,0.5800443047826941,2.353963678533381,2.401095303622159,184.0,6932,8
fixation,1886883.0659999847,0.46057563106859883,0.5961841998561737,2.3425411101310485,2.4052862351940525,517.0,6933,8
fixation,1887483.0789999962,0.4389013671875,0.4349514308571816,2.317851257324219,2.4006192016601564,834.0,6934,8
fixation,1888366.4279999733,0.5441358059644699,0.4411068484187126,2.2786849975585937,2.2428939819335936,166.0,6935,8
fixation,1888549.7649999857,0.5658469331264496,0.5106194925308227,2.246279296875,2.2959716796875,417.0,6936,8
fixation,1889016.4390000105,0.5512981116771698,0.5389186342557272,2.3033777872721353,2.3698425292968746,108.0,6937,8
fixation,1889366.4449999332,0.5090767413377761,0.8889827609062195,2.2719680786132814,2.3397979736328125,166.0,6938,8
fixation,1889549.7810000181,0.5449092328548432,0.8914060115814209,2.3214202880859376,2.399603271484375,91.0,6939,8
fixation,1889866.4549999237,0.5380469100041823,0.5140171863816001,2.3265727650035513,2.396273526278409,175.0,6940,8
fixation,1890066.4570000172,0.5505711063742638,0.5132167972624302,2.3796310424804688,2.4541244506835938,133.0,6941,8
fixation,1890233.1269999743,0.5068265623771228,0.5393817103826083,2.2746746356670675,2.3636920635516825,434.0,6942,8
fixation,1890716.4689999819,0.40715081095695493,0.5800575345754624,2.2776840209960936,2.374739074707031,166.0,6943,8
fixation,1890916.4749999046,0.3698637388322664,0.6236441951730977,2.316749904466712,2.4082349694293477,383.0,6944,8
fixation,1891316.4799998999,0.3861052166013157,0.6155074589392718,2.3345570283777572,2.413601146024816,283.0,6945,8
fixation,1891616.4839999676,0.3762411907315254,0.595370951294899,2.3213409423828124,2.387345886230469,333.0,6946,8
fixation,1891966.490999937,0.36701198464090173,0.6226634356108579,2.2934611927379263,2.382415771484375,183.0,6947,8
fixation,1892183.1610000134,0.4052581877419443,0.4786326844583858,2.333974664861506,2.4434162486683237,550.0,6948,8
fixation,1892749.83799994,0.39463787697828734,0.5194859722485909,2.3038130540114183,2.3898209791917067,217.0,6949,8
fixation,1892999.8429999352,0.39563521593809126,0.4025299929082394,2.315137481689453,2.4175788879394533,333.0,6950,8
fixation,1893366.5130000114,0.5135573478121507,0.41830412023945857,2.3461761474609375,2.385616101716694,316.0,6951,8
fixation,1893716.5180000067,0.5448889881372452,0.4258005643884341,2.322381761338976,2.3722720675998263,308.0,6952,8
fixation,1894233.1940000057,0.5526610480414497,0.4577766615483496,2.339715745713976,2.387762281629774,292.0,6953,8
fixation,1894549.8639999628,0.5662754888717945,0.44370684256920445,2.3607928936298075,2.3972555307241588,217.0,6954,8
fixation,1894816.5349999666,0.5788547676056623,0.539127616211772,2.2831735610961914,2.323117256164551,266.0,6955,8
fixation,1895099.875,0.5648766268383373,0.5509636077013883,2.3015816428444604,2.3481389825994317,183.0,6956,8
fixation,1895299.8769999743,0.5548716187477112,0.5501134750388917,2.3242979503813244,2.3847234816778276,350.0,6957,8
fixation,1895666.5489999056,0.5918133817613125,0.5922643262892962,2.3386545181274414,2.36458158493042,533.0,6958,8
fixation,1896233.2229999304,0.5306814213593801,0.6078791436221864,2.3552508884006076,2.3843807644314237,300.0,6959,8
fixation,1896583.2299998999,0.521887443959713,0.4847621386870742,2.4272632598876953,2.505181312561035,534.0,6960,8
fixation,1897133.2369999886,0.48690810427069664,0.4916436607018113,2.4315710067749023,2.5147008895874023,275.0,6961,FIX_CROS
fixation,1897633.2450000048,0.4736870725949605,0.46033244993951583,2.4938278198242188,2.5928446451822915,300.0,6962,FIX_CROS
fixation,1897966.5839999914,0.493716225028038,0.5197085663676262,2.551727294921875,2.6413040161132812,66.0,6963,8.2
fixation,1898083.2549999952,0.33753401786088943,0.5263811275362968,2.4697113037109375,2.5865135192871094,67.0,6964,8.2
fixation,1898249.9219999313,0.2694566622376442,0.5258586555719376,2.4270286560058594,2.520355224609375,67.0,6965,8.2
fixation,1898333.2559999228,0.2403809495270252,0.5244874030351638,2.385542297363281,2.501536560058594,167.0,6966,8.2
fixation,1898516.5959999561,0.3139796286821365,0.5349267840385437,2.3940948486328124,2.5267181396484375,83.0,6967,8.2
fixation,1898633.263999939,0.3649139983786477,0.5298556023173862,2.3355560302734375,2.464448716905382,150.0,6968,8.2
fixation,1898816.601999998,0.4176509201526642,0.5350428789854049,2.348291015625,2.4414016723632814,166.0,6969,8.2
fixation,1898999.9359999895,0.4906055877606074,0.534078942404853,2.395328097873264,2.4553697374131946,150.0,6970,8.2
fixation,1899183.2719999552,0.5192836423714956,0.5405672391255697,2.4240798950195312,2.4971644083658853,100.0,6971,8.2
fixation,1899316.6100000143,0.5926626622676849,0.5393811003728346,2.4959827769886362,2.561612215909091,183.0,6972,8.2
fixation,1899516.6150000095,0.5727080516517162,0.5407199114561081,2.5075607299804688,2.614706039428711,133.0,6973,8.2
fixation,1899666.6179999113,0.6346742570400238,0.5323701709508896,2.5383285522460937,2.633758544921875,166.0,6974,8.2
fixation,1899866.6209999323,0.572184830904007,0.5358605235815048,2.522838592529297,2.6788228352864585,200.0,6975,8.2
fixation,1900099.9589999914,0.6937184767289595,0.5370054678483442,2.579925537109375,2.7249339710582383,183.0,6976,8.2
fixation,1900299.96299994,0.6807066619396209,0.5363128840923309,2.583526611328125,2.7147857666015627,83.0,6977,8.2
fixation,1900399.9620000124,0.7334395150343577,0.5328947265942892,2.5842742919921875,2.6816314697265624,258.0,6978,8.2
fixation,1900983.3059999943,0.531313964549233,0.5271014220574323,2.5177423813763786,2.6575371237362133,284.0,6979,8.2
fixation,1901316.6459999084,0.32284651467433345,0.5352927790238307,2.420202401968149,2.5693699763371396,216.0,6980,8.2
fixation,1901566.6489999294,0.25411444386610615,0.5163053446091138,2.3711407001201925,2.4692957951472354,216.0,6981,8.2
fixation,1901816.6529999971,0.34460641037334094,0.5133427950468931,2.3520271994850854,2.4611941250887783,183.0,6982,8.2
fixation,1902033.324000001,0.42455380658308667,0.5123527348041534,2.36002434624566,2.416658189561632,150.0,6983,8.2
fixation,1902216.6610000134,0.49170542135834694,0.5063813142478466,2.3280410766601562,2.397674560546875,133.0,6984,8.2
fixation,1902383.3299999237,0.5313354134559631,0.5092326750357946,2.3433507283528647,2.3790054321289062,100.0,6985,8.2
fixation,1902516.6649999619,0.6058231890201569,0.509204238653183,2.3399785359700522,2.3343900044759116,200.0,6986,8.2
fixation,1902733.3359999657,0.5775287946065267,0.531590518852075,2.3438873291015625,2.3624979654947915,200.0,6987,8.2
fixation,1902950.0099999905,0.6329565681517124,0.5268847346305847,2.344074249267578,2.381620407104492,134.0,6988,8.2
fixation,1903166.6809999943,0.5745087299082015,0.5304472181532118,2.3706156412760415,2.4476131863064237,158.0,6989,8.2
fixation,1903533.3539999723,0.649348920583725,0.5206863343715668,2.4176895141601564,2.4886550903320312,166.0,6990,8.2
fixation,1903716.692999959,0.6921005709604784,0.5305456790057096,2.466255881569602,2.5525013316761362,183.0,6991,8.2
fixation,1903916.6940000057,0.7262508430901695,0.533510833978653,2.4174966251148895,2.474134557387408,283.0,6992,8.2
fixation,1904233.3679999113,0.757281040151914,0.5165137648582458,2.3841018676757812,2.4390182495117188,100.0,6993,NOTRIAL
fixation,1904383.3700000048,0.6026149988174438,0.32862545053164166,2.392612033420139,2.454676310221354,150.0,6994,NOTRIAL
fixation,1904566.7089999914,0.6339687266283565,0.3016767439742883,2.408306121826172,2.467213100857205,600.0,6995,NOTRIAL
fixation,1905216.7209999561,0.6427033399381945,0.5163709165588501,2.3776412471648185,2.423460929624496,517.0,6996,NOTRIAL
fixation,1905766.7339999676,0.6497176274657249,0.734448353946209,2.3418415069580076,2.404361343383789,675.0,6997,NOTRIAL
fixation,1906700.0870000124,0.5850941730397088,0.7163089556353432,2.29180908203125,2.3605008806501115,226.0,6998,NOTRIAL
fixation,1906983.4239999056,0.4554903341664208,0.8503753277990553,2.338070339626736,2.448023478190104,150.0,6999,NOTRIAL
fixation,1907166.763999939,0.5461164840630123,0.8246956212180001,2.2415248325892856,2.293642316545759,117.0,7000,NOTRIAL
fixation,1907350.098999977,0.493215543217957,0.4000197406858206,2.276791572570801,2.3267107009887695,267.0,7001,FIX_CROS
fixation,1907633.4390000105,0.49489207352910725,0.455289472426687,2.291754586356027,2.3984462193080356,116.0,7002,FIX_CROS
fixation,1907766.7749999762,0.494276013225317,0.44691356271505356,2.298086166381836,2.3726272583007812,133.0,7003,FIX_CROS
fixation,1907933.4469999075,0.3989652921756109,0.44884385267893473,2.2991943359375,2.393998209635417,250.0,7004,FIX_CROS
fixation,1908216.7799999714,0.35318650854261296,0.4910185258639486,2.331746954666941,2.4403622275904606,317.0,7005,FIX_CROS
fixation,1908566.7869999409,0.2564084803064664,0.4784650206565857,2.3988113403320312,2.5395240783691406,200.0,7006,8.1
fixation,1908800.1259999275,0.3102799113839865,0.4852951392531395,2.409414291381836,2.539247512817383,134.0,7007,8.1
fixation,1908966.794999957,0.38222489612443106,0.48428707250526976,2.36785888671875,2.494783673967634,117.0,7008,8.1
fixation,1909116.7989999056,0.47456319494680926,0.4923846884207292,2.3471638072620737,2.4480757279829546,183.0,7009,8.1
fixation,1909316.8029999733,0.5296332023360513,0.48853725736791437,2.3664994673295454,2.4701163552024146,183.0,7010,8.1
fixation,1909516.8099999428,0.5082549218620572,0.48843348239149365,2.407289777483259,2.5195486886160716,117.0,7011,8.1
fixation,1909666.8090000153,0.45713646411895753,0.49048124849796293,2.4171234130859376,2.538682556152344,333.0,7012,8.1
fixation,1910033.4839999676,0.5179792588407343,0.49478946219791065,2.4159199107776987,2.5127091841264204,183.0,7013,8.1
fixation,1910266.8190000057,0.6267741386379514,0.48849164162363323,2.4341910226004466,2.493158612932478,233.0,7014,8.1
fixation,1910533.4900000095,0.6912162857396262,0.48879619262048174,2.4697788783482144,2.546665736607143,233.0,7015,8.1
fixation,1910883.4979999065,0.7612355649471283,0.4843776358498467,2.4499681260850696,2.495915730794271,308.0,7016,8.1
fixation,1911350.1719999313,0.806043586560658,0.4612329772540501,2.426914760044643,2.505953107561384,109.0,7017,8.1
fixation,1911516.8429999352,0.43787674605846405,0.5804900569575173,2.4675489153180803,2.5435921805245534,117.0,7018,8.1
fixation,1911666.8439999819,0.3737593796104193,0.5845033451914787,2.429337501525879,2.520991325378418,267.0,7019,8.1
fixation,1911966.8509999514,0.4282917705449191,0.5687157647176222,2.331269697709517,2.4084417169744317,183.0,7020,8.1
fixation,1912166.8539999723,0.4544232363502185,0.5663005212942759,2.3055928548177085,2.3533121744791665,100.0,7021,8.1
fixation,1912283.5219999552,0.5241035606179919,0.5586970938103539,2.304105486188616,2.3464998517717635,233.0,7022,8.1
fixation,1912550.192999959,0.5671585525075594,0.570680928726991,2.3443501790364585,2.4218419392903647,200.0,7023,8.1
fixation,1912766.8639999628,0.4964485615491867,0.5683422282338142,2.3735511779785154,2.460316467285156,333.0,7024,8.1
fixation,1913150.1999999285,0.5761457651853561,0.5704117327928543,2.3946563720703127,2.484979248046875,167.0,7025,8.1
fixation,1913350.2070000172,0.6285079667965571,0.5726958860953649,2.410456339518229,2.5008748372395835,108.0,7026,8.1
fixation,1913650.2120000124,0.5780470378019593,0.5487757311625914,2.401773279363459,2.4572525024414062,726.0,7027,8.1
fixation,1914400.226999998,0.6175311286198465,0.5424038187453621,2.2617564954255758,2.280805888928865,325.0,7028,8.1
fixation,1914966.9039999247,0.5515324354171753,0.5377737760543824,2.400132751464844,2.4890213012695312,333.0,7029,8.1
fixation,1915333.5799999237,0.548389056149651,0.4189537228906856,2.3776837517233456,2.4241306080537686,283.0,7030,8.1
fixation,1915633.5820000172,0.542558777332306,0.3487995207309723,2.32803955078125,2.3712554931640626,83.0,7031,NOTRIAL
fixation,1915733.5839999914,0.5675924309977779,0.3086678336064021,2.3348541259765625,2.389892012984664,450.0,7032,NOTRIAL
fixation,1916233.5949999094,0.3541044721732268,0.30057997236380707,2.3204910690720015,2.446659397434544,616.0,7033,NOTRIAL
fixation,1916900.273000002,0.5759381180008253,0.3017163313925266,2.3642959594726562,2.4242579142252603,200.0,7034,NOTRIAL
fixation,1917133.6109999418,0.505154706182934,0.3067030927964619,2.375180925641741,2.442387172154018,350.0,7035,NOTRIAL
fixation,1917533.618999958,0.35536499073108035,0.47434908151626587,2.3380813598632812,2.4630559285481772,100.0,7036,NOTRIAL
fixation,1917650.2860000134,0.3538646582100127,0.5411728421847025,2.3610297309027777,2.4993803236219616,300.0,7037,NOTRIAL
fixation,1917983.6259999275,0.5220773339271545,0.4990408033132553,2.4087783813476564,2.495890808105469,166.0,7038,NOTRIAL
fixation,1918166.96299994,0.5033500889937083,0.5040962646404902,2.3391494750976562,2.4741999308268228,108.0,7039,NOTRIAL
fixation,1918500.3019999266,0.4967418313026428,0.5342645168304443,2.42628173828125,2.547611083984375,417.0,7040,NOTRIAL
fixation,1919166.9789999723,0.5030733409680819,0.517815743622027,2.302154541015625,2.4091363204152962,309.0,7041,NOTRIAL
fixation,1919516.9869999886,0.568113865221248,0.5288680265931522,2.2905605540556064,2.3561320585363053,283.0,7042,NOTRIAL
fixation,1919833.6599999666,0.5085029039118025,0.5341220166948106,2.227511935763889,2.3117438422309027,150.0,7043,NOTRIAL
fixation,1920033.6629999876,0.3480307847261429,0.7531949445605278,2.2102256774902345,2.313886260986328,333.0,7044,NOTRIAL
fixation,1920400.3370000124,0.5102493036538363,0.7259815633296967,2.2499732971191406,2.3114013671875,266.0,7045,NOTRIAL
fixation,1920700.340999961,0.5792061940925878,0.7214741408824921,2.257845250571646,2.3203411567501906,683.0,7046,NOTRIAL
fixation,1921417.019999981,0.47320317409255286,0.8095846013589338,2.291115500710227,2.4245966131036933,184.0,7047,NOTRIAL
fixation,1921650.3589999676,0.4960528140266736,0.47669439514478046,2.3963343302408853,2.5494766235351562,100.0,7048,NOTRIAL
fixation,1921800.3600000143,0.49626134932041166,0.4854507327079773,2.4740142822265625,2.604156494140625,83.0,7049,NOTRIAL
fixation,1922033.6979999542,0.33400124311447144,0.47030512392520907,2.4789520263671876,2.6330108642578125,83.0,7050,NOTRIAL
fixation,1922133.7009999752,0.34139151374499005,0.501960265967581,2.46323479546441,2.6592254638671875,150.0,7051,NOTRIAL
fixation,1922300.368999958,0.34789094648190905,0.4559225918991225,2.45697021484375,2.6344985961914062,233.0,7052,NOTRIAL
fixation,1922583.709999919,0.5295890072981516,0.5081599950790405,2.4855117797851562,2.6111068725585938,100.0,7053,NOTRIAL
fixation,1922733.71299994,0.3409645367752422,0.5255044427785006,2.478670987215909,2.5648692737926138,183.0,7054,NOTRIAL
fixation,1922933.7149999142,0.3577766716480255,0.5266767914096514,2.4940916697184243,2.593388875325521,400.0,7055,NOTRIAL
fixation,1923417.0590000153,0.4607221810147166,0.7073806319385767,2.4092016220092773,2.4655399322509766,267.0,7056,NOTRIAL
fixation,1923717.064999938,0.5386328739779336,0.7128256197486605,2.4288766043526784,2.4436253138950894,234.0,7057,NOTRIAL
fixation,1923983.7400000095,0.510321040948232,0.5251179019610087,2.447016398111979,2.525,250.0039999485016,7058,NOTRIAL
