classified_movement,recording_timestamp,x,y,pupil_l,pupil_r,duration,ID,USER
fixation,149.9670000076294,0.40943168260549245,0.7190990785234853,3.2614970960115133,3.0451652125308386,317.0,1,Starttimelines
fixation,516.4979999065399,0.23227606527507305,0.22199428547173738,3.3858299255371094,3.2081546783447266,133.0,2,Starttimelines
fixation,683.1089999675751,0.2016143881612354,0.22052877727482054,3.2748887803819446,3.1181148952907987,150.0,3,Starttimelines
fixation,866.510999917984,0.2805441903571288,0.2089464571326971,3.206629435221354,3.0562057495117188,200.0,4,Starttimelines
fixation,1116.566999912262,0.21554313393102753,0.26370536701546776,3.15846930609809,3.0482101440429688,300.0,5,Starttimelines
fixation,1466.6189999580383,0.3006224662065506,0.2720468153556188,3.271318562825521,3.116743977864583,250.0,6,Starttimelines
fixation,1750.0169999599457,0.38012970983982086,0.28498709431061375,3.3073319655198317,3.1400299072265625,217.0,7,Starttimelines
fixation,2000.0439999103546,0.475869756937027,0.29305546383062997,3.315887451171875,3.136369832356771,250.0,8,Starttimelines
fixation,2283.398999929428,0.4401854515075684,0.2974145203828812,3.2636962890625,3.114349365234375,83.0,9,Starttimelines
fixation,2400.0650000572205,0.5551506945720086,0.29663597964323485,3.3212867149939904,3.148187490609976,217.0,10,Starttimelines
fixation,2650.069000005722,0.6559230116280642,0.2829598459330472,3.343467018821023,3.0941328568892046,192.0,11,Starttimelines
fixation,3033.4030001163483,0.6362564836939176,0.2759706328312556,3.3731956481933594,3.1429786682128906,192.0,12,Starttimelines
fixation,3266.753000020981,0.6675742017595392,0.28425607634218114,3.4651497288754114,3.1806769120065788,317.0,13,Starttimelines
fixation,3616.779000043869,0.6346938361724218,0.2867942576607068,3.468994140625,3.2046305338541665,100.0,14,Starttimelines
fixation,3750.1210000514984,0.7284154679094043,0.2780070975422859,3.500738961356027,3.1941430228097096,234.0,15,Starttimelines
fixation,4066.7799999713898,0.2507685050368309,0.3031763370547976,3.454613821847098,3.3154296875,117.0,16,Starttimelines
fixation,4216.772000074387,0.20397455338388681,0.2942478731274605,3.4473037719726562,3.290569305419922,133.0,17,Starttimelines
fixation,4366.759999990463,0.2045541430513064,0.30112093438704807,3.4568456013997397,3.278956095377604,100.0,18,Starttimelines
fixation,4516.74799990654,0.31910622922273785,0.30774588195177227,3.468938974233774,3.2476219764122596,217.0,19,Starttimelines
fixation,4766.726999998093,0.4040217138826847,0.32238414759437245,3.452643076578776,3.2296600341796875,200.0,20,Starttimelines
fixation,5000.03200006485,0.4836478991941972,0.320589462464506,3.4775834517045454,3.2405561967329546,184.0,21,Starttimelines
fixation,5200.006999969482,0.549823060631752,0.31915155053138733,3.482865905761719,3.2590682983398436,167.0,22,Starttimelines
fixation,5399.979000091553,0.6404520502457252,0.3189833198602383,3.5401165301983175,3.2677694467397838,217.0,23,Starttimelines
fixation,5633.322000026703,0.6931624740362168,0.3173497378826141,3.5860687255859376,3.2849029541015624,167.0,24,Starttimelines
fixation,5833.322999954224,0.7566719725728035,0.29942760430276394,3.609487533569336,3.278736114501953,134.0,25,Starttimelines
fixation,6066.661000013351,0.22834509300688902,0.3547642044723034,3.4976577758789062,3.364344278971354,200.0,26,Starttimelines
fixation,6283.329999923706,0.19730082831599496,0.40292707762934943,3.509705977006392,3.3452647816051138,184.0,27,Starttimelines
fixation,6500.0,0.24612322263419628,0.40001821517944336,3.5456581115722656,3.324676513671875,67.0,28,Starttimelines
fixation,6600.00200009346,0.30277231459816295,0.411526869982481,3.521526336669922,3.3618240356445312,200.0,29,Starttimelines
fixation,7066.673000097275,0.4492079094052315,0.39661150723695754,3.5100692749023437,3.3217926025390625,159.0,30,Starttimelines
fixation,7266.671000003815,0.5144724786281586,0.3854352682828903,3.5181961059570312,3.298390197753906,167.0,31,Starttimelines
fixation,7466.670000076294,0.583877078124455,0.39805349707603455,3.4883313860212053,3.2337417602539062,233.0,32,Starttimelines
fixation,7733.332999944687,0.6688971022764841,0.385572150349617,3.5004648844401043,3.2201873779296877,249.0,33,Starttimelines
fixation,7999.996000051498,0.7049213081598282,0.38742237985134126,3.53458251953125,3.2645172119140624,167.0,34,Starttimelines
fixation,8199.986999988556,0.7568270911773046,0.38792750239372253,3.6148783365885415,3.344689687093099,200.0,35,Starttimelines
fixation,8466.645999908447,0.2873201651705636,0.44519565337234074,3.598575168185764,3.446873982747396,150.0,36,Starttimelines
fixation,8649.977999925613,0.2064250111579895,0.4472618631341241,3.6107746471058237,3.374094182794744,183.0,37,Starttimelines
fixation,8849.96799993515,0.2139687180519104,0.4808215215802193,3.569976043701172,3.3169540405273437,333.0,38,Starttimelines
fixation,9216.62400007248,0.26272699662617277,0.48903042716639383,3.546288626534598,3.348515101841518,116.0,39,Starttimelines
fixation,9383.28500008583,0.21824502646923066,0.4083790615200996,3.538116455078125,3.332574462890625,167.0,40,Starttimelines
fixation,9566.615000009537,0.20072724570830663,0.38886086642742157,3.520451863606771,3.3361216227213544,250.0,41,Starttimelines
fixation,9849.93700003624,0.25401268662376836,0.4020383114164526,3.5379756580699575,3.3715286254882812,367.0,42,Starttimelines
fixation,10249.923000097275,0.308635413646698,0.4084654822945595,3.569232177734375,3.42232666015625,167.0,43,Starttimelines
fixation,10449.927000045776,0.3710852302610874,0.41547655314207077,3.5992965698242188,3.429668426513672,75.0,44,Starttimelines
fixation,10733.257999897003,0.40278634760114884,0.3981425654557016,3.589747111002604,3.4289152357313366,292.0,45,Starttimelines
fixation,11066.58999991417,0.4788677313111045,0.3912442909045653,3.5479972145774146,3.4026960893110796,183.0,46,Starttimelines
fixation,11299.924999952316,0.5783612586950001,0.3860344996577815,3.4868445145456413,3.2976146497224508,317.0,47,Starttimelines
fixation,11649.924000024796,0.6290476988343632,0.39496015976457033,3.420658784754136,3.270224178538603,283.0,48,Starttimelines
fixation,11983.259999990463,0.69094812640777,0.3961255917182335,3.4512364314152646,3.3034292367788463,217.0,49,Starttimelines
fixation,12233.260999917984,0.7518442183732986,0.38664046078920367,3.47760009765625,3.2798736572265623,167.0,50,Starttimelines
fixation,12483.260999917984,0.289570439606905,0.4304915461689234,3.36761474609375,3.2865047454833984,134.0,51,Starttimelines
fixation,12649.927000045776,0.19755044866066712,0.42747072531626773,3.378156221829928,3.2711932842548075,217.0,52,Starttimelines
fixation,12899.926000118256,0.2600437894463539,0.43633121699094773,3.3412796020507813,3.2515380859375,167.0,53,Starttimelines
fixation,13166.59400010109,0.2103739197055499,0.47965594530105593,3.2860087076822917,3.1979085286458333,250.0,54,Starttimelines
fixation,13449.927999973297,0.29383810940716004,0.48866962558693355,3.2519124348958335,3.1582717895507812,300.0,55,Starttimelines
fixation,13783.273999929428,0.3661814481019974,0.5115711688995361,3.2325286865234375,3.1217384338378906,75.0,56,Starttimelines
fixation,14083.28500008583,0.378345787525177,0.48178425218377796,3.1928478422619047,3.1100391206287203,342.0,57,Starttimelines
fixation,14566.638000011444,0.2127450294792652,0.47918831432859105,3.2200241088867188,3.0909271240234375,200.0,58,Starttimelines
fixation,14799.980999946594,0.18928713276982306,0.3789164125919342,3.2817642211914064,3.1713134765625,167.0,59,Starttimelines
fixation,14999.990999937057,0.25903077721595763,0.3892339691519737,3.3295684814453126,3.1962615966796877,167.0,60,Starttimelines
fixation,15183.332999944687,0.31228227019309995,0.3962414741516113,3.367431640625,3.18458251953125,84.0,61,Starttimelines
fixation,15300.00300002098,0.3789091394706206,0.39977502958341077,3.3547307794744317,3.184145840731534,184.0,62,Starttimelines
fixation,15516.683000087738,0.448597634380514,0.39659760756926105,3.336844704367898,3.1818473122336646,183.0,63,Starttimelines
fixation,15716.69000005722,0.5238471627235413,0.3912016272544861,3.343119812011719,3.1746749877929688,167.0,64,Starttimelines
fixation,15916.700999975204,0.5819346734455654,0.39692702676568714,3.351672581263951,3.165990556989397,233.0,65,Starttimelines
fixation,16183.381999969482,0.6289153099060059,0.3945879638195038,3.3586387634277344,3.152496337890625,66.0,66,Starttimelines
fixation,16316.720999956131,0.6883533895015717,0.39833649396896365,3.4303848266601564,3.1911239624023438,167.0,67,Starttimelines
fixation,16500.06299996376,0.7098337709903717,0.39803650602698326,3.428241729736328,3.2009925842285156,67.0,68,Starttimelines
fixation,16600.071000099182,0.7738517224788666,0.38364255854061674,3.450374058314732,3.1622140066964284,117.0,69,Starttimelines
fixation,16800.082000017166,0.2811460511551963,0.43669702774948543,3.3775465223524304,3.262393527560764,150.0,70,Starttimelines
fixation,16966.757999897003,0.1941771869148527,0.42944939860275816,3.3764452253069197,3.232663835797991,117.0,71,Starttimelines
fixation,17350.111999988556,0.26220435202121734,0.44712815284729,3.3377227783203125,3.1299896240234375,76.0,72,Starttimelines
fixation,17466.77999997139,0.20789622204999128,0.4087465616563956,3.2928136189778647,3.112346649169922,200.0,73,Starttimelines
fixation,17683.46199989319,0.1935213189572096,0.414757722367843,3.2703730265299478,3.067906697591146,200.0,74,Starttimelines
fixation,17916.81299996376,0.26740078441798687,0.4382451629887025,3.3172988891601562,3.12632687886556,400.0,75,Starttimelines
fixation,18366.84100008011,0.4973809998482466,0.48689101822674274,3.331491470336914,3.1501779556274414,267.0,76,Starttimelines
fixation,18666.849999904633,0.4444868892431259,0.49502968192100527,3.333642578125,3.1803253173828123,83.0,77,Starttimelines
fixation,18950.18799996376,1.148940697312355,1.1760357171297073,3.4111671447753906,3.0732650756835938,67.0,78,Starttimelines
fixation,19166.861999988556,0.5048689137284572,0.5595440394603289,3.4271991436298075,3.23294184758113,433.0,79,Starttimelines
fixation,19616.865999937057,0.5630863010883331,0.5789466301600138,3.46209716796875,3.2336324055989585,150.0,80,Starttimelines
fixation,20250.207000017166,0.5943116247653961,0.6310837588139943,3.660064697265625,3.3825531005859375,234.0,81,Starttimelines
fixation,20816.88000011444,0.5497834285100301,0.4710465090142356,3.5839725070529513,3.397735595703125,142.0,82,Starttimelines
fixation,21000.21799993515,0.3993641175329685,0.46463891367117566,3.4895846048990884,3.3905309041341147,400.0,83,Starttimelines
fixation,21433.555000066757,0.37623149958940655,0.4812362709870705,3.4533667931189904,3.3679175743689904,216.0,84,Starttimelines
fixation,21683.55900001526,0.4471799646105085,0.4796336612531117,3.447308131626674,3.336389814104353,233.0,85,Starttimelines
fixation,21950.230999946594,0.5117462610497194,0.46807602310881896,3.501033109777114,3.3395403693704044,284.0,86,Starttimelines
fixation,22266.90300011635,0.6136195027828216,0.48378040790557864,3.6537493896484374,3.4757415771484377,417.0,87,Starttimelines
fixation,22716.91000008583,0.7032783296373155,0.47293562028143143,3.734614054361979,3.4881744384765625,158.0,88,Starttimelines
fixation,23083.585000038147,0.6949425588051478,0.47890884180863696,3.7898432413736978,3.6214625040690103,92.0,89,Starttimelines
fixation,23216.917999982834,0.7459411712793204,0.45251150830433917,3.826838566706731,3.63575685941256,433.0,90,Starttimelines
fixation,23700.25600004196,0.4628599158355168,0.5208339662778945,3.7913673037574407,3.6275184268043157,350.0,91,Starttimelines
fixation,24083.59899997711,0.38718954947861756,0.523030935363336,3.7291731400923296,3.5930217396129263,183.0,92,Starttimelines
fixation,24316.933000087738,0.3507569263378779,0.46731533805529274,3.6101481119791665,3.5306182861328126,250.0,93,Starttimelines
fixation,24616.93700003624,0.26665739094217616,0.47933905323346454,3.4910202026367188,3.4223505655924478,200.0,94,Starttimelines
fixation,24850.275000095367,0.3969645708799362,0.4806202918291092,3.449005126953125,3.3832778930664062,167.0,95,Starttimelines
fixation,25033.611000061035,0.4467563614249229,0.48235841691493986,3.3934478759765625,3.349871826171875,166.0,96,Starttimelines
fixation,25233.611999988556,0.5238103444377581,0.4833396462102731,3.402562459309896,3.3298517862955728,200.0,97,Starttimelines
fixation,25466.950000047684,0.5683973046337686,0.48004137088612814,3.4722747802734375,3.3755682968511813,683.0,98,Starttimelines
fixation,26216.963000059128,0.26663513978322345,0.5093040734529495,3.4185516357421877,3.3457682291666666,250.0,99,Starttimelines
fixation,26500.299000024796,0.21566253453493117,0.4956654320160548,3.444000244140625,3.317218017578125,250.0,100,Starttimelines
fixation,26800.302000045776,0.38961964215223605,0.4894160038003555,3.4907696063701925,3.2931612454927883,434.0,101,Starttimelines
fixation,27250.31100010872,0.3696073361418464,0.4895905324003913,3.507752852006392,3.3220866810191763,184.0,102,Starttimelines
fixation,27466.983000040054,0.43865398267904915,0.4913506249586741,3.5001180013020834,3.297520955403646,250.0,103,Starttimelines
fixation,27733.65300011635,0.47621252834796907,0.48170201629400256,3.4506240844726563,3.2755096435546873,166.0,104,Starttimelines
fixation,27933.65499997139,0.5422134942868176,0.4909728379810558,3.4058200611787686,3.2489300896139706,283.0,105,Starttimelines
fixation,28250.322999954224,0.6124959100376476,0.48783545331521466,3.4157562255859375,3.2340545654296875,184.0,106,Starttimelines
fixation,28450.328000068665,0.650520421564579,0.4928637854754925,3.4246368408203125,3.2418785095214844,134.0,107,Starttimelines
fixation,28616.9960000515,0.7137047177866885,0.4919010824278781,3.4558089406866777,3.2600089625308386,317.0,108,Starttimelines
fixation,28950.338000059128,0.7579229287803173,0.475779851898551,3.4661083221435547,3.2549266815185547,133.0,109,Starttimelines
fixation,29167.00500011444,0.2360085298617681,0.5310879548390707,3.3693423800998263,3.2864498562282987,150.0,110,Starttimelines
fixation,29333.674000024796,0.1914646327495575,0.5185901937277421,3.3245915951936142,3.240516994310462,383.0,111,Starttimelines
fixation,30000.34800004959,0.8673557795229412,0.30661650214876446,3.4759368896484375,3.170380365280878,350.0,112,Starttimelines
fixation,30433.68899989128,0.3734171705113517,0.5258084601826138,3.2959442138671875,3.2187601725260415,150.0,113,Starttimelines
fixation,30617.025000095367,0.27278870694777546,0.5021293145768783,3.2839983771829044,3.2020856071920956,284.0,114,Starttimelines
fixation,30933.697999954224,0.24258225145084517,0.48387665514435085,3.252416338239397,3.1632799421037947,233.0,115,Starttimelines
fixation,31617.03800010681,0.41780033707618713,0.5180807188153267,3.3455886840820312,3.232992172241211,134.0,116,Starttimelines
fixation,31783.710999965668,0.36424735532357144,0.49837372509332806,3.350812471829928,3.270520723783053,217.0,117,Starttimelines
fixation,32017.048000097275,0.3902551010251045,0.48494264483451843,3.263153076171875,3.1706329345703126,167.0,118,Starttimelines
fixation,32217.049999952316,0.446528896689415,0.48133673071861266,3.189833068847656,3.1247940063476562,167.0,119,Starttimelines
fixation,32417.052999973297,0.5247898519039154,0.4796333611011505,3.190840148925781,3.071302795410156,167.0,120,Starttimelines
fixation,32617.055000066757,0.5787838041782379,0.47761300206184387,3.2039398193359374,3.0743743896484377,84.0,121,Starttimelines
fixation,32733.72399997711,0.6224540894230207,0.47075406710306805,3.2075093587239585,3.062353769938151,200.0,122,Starttimelines
fixation,32967.05900001526,0.7046674003726557,0.46671874193768753,3.2274185983758223,3.0577055278577303,317.0,123,Starttimelines
fixation,33300.39800000191,0.7576121025615268,0.47175239192114937,3.2448916965060763,3.0672844780815973,150.0,124,Starttimelines
fixation,33533.736000061035,0.20219474844634533,0.5385410767048597,3.1893177032470703,3.13326358795166,267.0,125,Starttimelines
fixation,33817.073999881744,0.1880517791096981,0.5241174697875977,3.1867300180288463,3.0912193885216346,217.0,126,Starttimelines
fixation,34050.40899991989,0.22356320498511195,0.5210796110332012,3.1410446166992188,3.056878089904785,266.0,127,Starttimelines
fixation,34333.74499988556,0.24143546413291583,0.5043801222786759,3.1715212735262783,3.0716067227450283,550.0,128,Starttimelines
fixation,34900.417999982834,0.2719630300998688,0.4888817727565765,3.2487518310546877,3.1399658203125,83.0,129,Starttimelines
fixation,35017.08500003815,0.21731180406135062,0.4885328327832015,3.263310971467391,3.165971838909647,384.0,130,Starttimelines
fixation,35433.75500011444,0.2889588885009289,0.5000521019101143,3.3006420135498047,3.147665023803711,133.0,131,Starttimelines
fixation,35583.75699996948,0.30289632081985474,0.5131447613239288,3.2873464731069713,3.1531160794771633,217.0,132,Starttimelines
fixation,35833.757999897,0.3745998080287661,0.5188994450228555,3.297684805733817,3.123140607561384,233.0,133,Starttimelines
fixation,36100.42899990082,0.4303266927599907,0.5160144120454788,3.2638168334960938,3.1135342915852866,200.0,134,Starttimelines
fixation,36317.09899997711,0.4697907033065955,0.5153492713967959,3.244426727294922,3.080585479736328,200.0,135,Starttimelines
fixation,36550.4319999218,0.3872204013168812,0.5251279249787331,3.228710174560547,3.065509796142578,133.0,136,Starttimelines
fixation,36700.43499994278,0.3550874385982752,0.5224817963317037,3.1916580200195312,3.038400650024414,266.0,137,Starttimelines
fixation,37000.43799996376,0.2310307878586981,0.4709288461340798,3.194122314453125,3.0697530110677085,150.0,138,Starttimelines
fixation,37167.10700011253,0.20023641362786293,0.49789680913090706,3.1626243591308594,3.0210189819335938,67.0,139,Starttimelines
fixation,37250.44099998474,0.20217275023460388,0.49146304428577425,3.172052001953125,3.0175079345703124,83.0,140,Starttimelines
fixation,37367.108000040054,0.2765441129604975,0.49557595054308573,3.2045878092447917,3.040765380859375,250.0,141,Starttimelines
fixation,37633.77600002289,0.29842193809247786,0.49911640872878416,3.2303885183026715,3.0607521303238405,517.0,142,Starttimelines
fixation,38183.78200006485,0.21926787826750013,0.6056887474324968,3.2312825520833335,3.0763736300998263,158.0,143,Starttimelines
fixation,38600.453000068665,0.2917161151766777,0.5806133389472962,3.2611770629882812,3.0552520751953125,166.0,144,Starttimelines
fixation,38817.12400007248,0.3642839702467124,0.5799624274174372,3.1905441284179688,2.9858627319335938,200.0,145,Starttimelines
fixation,39067.12700009346,0.42776670720842147,0.5770143568515778,3.108578152126736,2.925606621636285,150.0,146,Starttimelines
fixation,39267.1289999485,0.5057036148177253,0.5720630718602074,3.095943874782986,2.9258558485243054,150.0,147,Starttimelines
fixation,39450.46600008011,0.5558411717414856,0.5597564220428467,3.1005599975585936,2.9248748779296876,166.0,148,Starttimelines
fixation,39650.46900010109,0.6331916668198325,0.5655241527340629,3.155385797674006,2.9564666748046875,183.0,149,Starttimelines
fixation,39867.13700008392,0.7019076726653359,0.5784109641205181,3.195791071111506,3.0500349564985796,184.0,150,Starttimelines
fixation,40083.80900001526,0.7499060422182083,0.5631112188100815,3.2184478759765627,3.0519943237304688,167.0,151,Starttimelines
fixation,40333.80999994278,0.26533959805965424,0.6054954789578915,3.2002925872802734,3.1003341674804688,133.0,152,Starttimelines
fixation,40500.47900009155,0.19756764865347318,0.6208811721631459,3.209963117327009,3.105890546526228,233.0,153,Starttimelines
fixation,40767.14800000191,0.25696497639784444,0.6116789694015796,3.2091064453125,3.0661409818209133,217.0,154,Starttimelines
fixation,41000.486000061035,0.2768970901767413,0.6106283118327459,3.1932957967122397,3.0084381103515625,100.0,155,Starttimelines
fixation,41117.15300011635,0.3129720687866211,0.6114948644087865,3.184992863581731,2.996355496920072,217.0,156,Starttimelines
fixation,41367.15700006485,0.38924670006547657,0.6001855901309422,3.203861781529018,3.01080322265625,234.0,157,Starttimelines
fixation,41633.828999996185,0.4302047695964575,0.6006540879607201,3.223052978515625,3.008363723754883,133.0,158,Starttimelines
fixation,41783.828000068665,0.4746762521099299,0.6001951568759978,3.3124630451202393,3.0659172534942627,1067.0,159,Starttimelines
fixation,42900.513000011444,0.33121874928474426,0.6391548232899772,3.39713372124566,3.15388912624783,300.0,160,Starttimelines
fixation,43233.84999990463,0.2559326127171516,0.6717888087034225,3.413893127441406,3.1961090087890627,167.0,161,Starttimelines
fixation,43433.85299992561,0.20718052834272385,0.6749260663986206,3.417303466796875,3.1936747233072915,250.0,162,Starttimelines
fixation,43700.52200007439,0.23241661963137714,0.6859544109214436,3.3899272571910513,3.1771600896661933,183.0,163,Starttimelines
fixation,43900.52600002289,0.2601061885555585,0.6836160500844319,3.4009297688802085,3.148970540364583,250.0,164,Starttimelines
fixation,44183.867000103,0.33629064376537615,0.6796618172755609,3.416913546048678,3.151458740234375,217.0,165,Starttimelines
fixation,44433.86800003052,0.41239819675683975,0.6803165102998415,3.4404296875,3.1153666178385415,200.0,166,Starttimelines
fixation,44667.206000089645,0.48303097983201343,0.6698276475071907,3.4375292460123696,3.0891634623209634,200.0,167,Starttimelines
fixation,44883.87599992752,0.5113615786487405,0.6729314814914357,3.3799563321200283,3.063211614435369,183.0,168,Starttimelines
fixation,45100.542999982834,0.580265906949838,0.675605371594429,3.3700650533040366,3.036174774169922,200.0,169,Starttimelines
fixation,45317.21700000763,0.6157315522432327,0.6722405552864075,3.3932113647460938,3.0496673583984375,100.0,170,Starttimelines
fixation,45450.549999952316,0.7002925710244612,0.6780308078635823,3.39801025390625,3.0656918612393467,183.0,171,Starttimelines
fixation,45667.22199988365,0.7479186008373896,0.6682138194640478,3.4339523315429688,3.0741539001464844,200.0,172,Starttimelines
fixation,45950.55900001526,0.2961131241172552,0.6644207760691643,3.354494094848633,3.12579345703125,133.0,173,Starttimelines
fixation,46117.22600007057,0.22337659854780545,0.6815557479858398,3.334840254350142,3.1308399547230112,184.0,174,Starttimelines
fixation,46317.23200011253,0.1987219676375389,0.6840593251917098,3.346321953667535,3.160513983832465,150.0,175,Starttimelines
fixation,46483.90100002289,0.1968333125114441,0.7152374440973456,3.3350635875355112,3.1431524103338067,183.0,176,Starttimelines
fixation,46683.90499997139,0.24329866593082747,0.7214817106723785,3.3330230712890625,3.147833506266276,200.0,177,Starttimelines
fixation,46917.242000103,0.3440893904582874,0.7140990495681763,3.29296215160473,3.0888280095280827,617.0,178,Starttimelines
fixation,47583.921000003815,0.23918727678912027,0.6692004161221641,3.283849443708147,3.1134349278041293,233.0,179,Starttimelines
fixation,47850.59200000763,0.3178344436667182,0.5587782426313921,3.285512750799006,3.1462652033025567,183.0,180,Starttimelines
fixation,48067.25900006294,0.22683913074433804,0.5849840473383665,3.2710933685302734,3.125396728515625,267.0,181,Starttimelines
fixation,48383.93300008774,0.3694420782002536,0.5778174291957509,3.25872802734375,3.0584869384765625,183.0,182,Starttimelines
fixation,48600.59899997711,0.4430409719546636,0.5794796496629715,3.2761128743489585,3.0662460327148438,100.0,183,Starttimelines
fixation,48750.60500001907,0.5449813029595784,0.5732401439121791,3.2957676478794644,3.0515975952148438,233.0,184,Starttimelines
fixation,49033.9470000267,0.6476832926273346,0.577308863401413,3.3800674438476563,3.0754791259765626,167.0,185,Starttimelines
fixation,49233.94799995422,0.726060739159584,0.5808220326900482,3.4293594360351562,3.113871765136719,167.0,186,Starttimelines
fixation,49483.94799995422,0.2512334478752954,0.6346957130091531,3.447790963309152,3.212653023856027,117.0,187,Starttimelines
fixation,49617.28500008583,0.19723416802783808,0.6337633604804674,3.4713757832845054,3.2280896504720054,200.0,188,Starttimelines
fixation,49833.953999996185,0.2361305311322212,0.6288596242666245,3.484202575683594,3.2265365600585936,167.0,189,Starttimelines
fixation,50033.954999923706,0.29084254635704887,0.621736509932412,3.4663594563802085,3.1716444227430554,150.0,190,Starttimelines
fixation,50217.292999982834,0.325311291962862,0.628198005259037,3.4478607177734375,3.150074005126953,134.0,191,Starttimelines
fixation,50383.96099996567,0.4151487499475479,0.6257388616601626,3.4280878702799478,3.1217676798502603,200.0,192,Starttimelines
fixation,50617.299000024796,0.46151418685913087,0.6125048995018005,3.41881103515625,3.0975494384765625,84.0,193,Starttimelines
fixation,50750.632999897,0.2385548897087574,0.7728593736886978,3.408253479003906,3.148785400390625,166.0,194,Starttimelines
fixation,50950.63499999046,0.19790984575565046,0.7969937095275292,3.4706385685847354,3.2414175180288463,216.0,195,Starttimelines
fixation,51200.638999938965,0.28797461092472076,0.7954491019248963,3.5223297119140624,3.2468231201171873,83.0,196,Starttimelines
fixation,51717.31200003624,0.3403561070561409,0.6947453916072845,3.696675109863281,3.4010589599609373,159.0,197,Starttimelines
fixation,52200.65300011635,0.322800450026989,0.601781564950943,3.6785430908203125,3.3812942504882812,158.0,198,Starttimelines
fixation,52400.65599989891,0.27597891725599766,0.4400121923536062,3.6637821197509766,3.4752769470214844,133.0,199,Starttimelines
fixation,52567.32299995422,0.21433190188624643,0.413767935200171,3.5935530229048296,3.3762872869318183,184.0,200,Starttimelines
fixation,52767.323999881744,0.20232810825109482,0.4149380461736159,3.5594843084161933,3.342774824662642,184.0,201,Starttimelines
fixation,52983.99399995804,0.32472381454247695,0.42843476969462174,3.4955221322866588,3.3207972599909854,217.0,202,Starttimelines
fixation,53217.334000110626,0.31115846894681454,0.4309617951512337,3.4707984924316406,3.3577880859375,134.0,203,Starttimelines
fixation,53384.00200009346,0.4365505418843693,0.43126706530650455,3.540830824110243,3.3820809258355036,300.0,204,Starttimelines
fixation,53717.33999991417,0.5023523751232359,0.419991124007437,3.555331759982639,3.4229024251302085,150.0,205,Starttimelines
fixation,53900.68499994278,0.569633923470974,0.42098094522953033,3.569000244140625,3.3868560791015625,75.0,206,Starttimelines
fixation,54134.02699995041,0.6156151129139794,0.3989430781867769,3.559195624457465,3.37943352593316,142.0,207,Starttimelines
fixation,54317.361000061035,0.6737854301929473,0.4024055004119873,3.5446044921875,3.3447952270507812,166.0,208,Starttimelines
fixation,54517.37400007248,0.7209976249270968,0.40972456998295254,3.5398932562934027,3.322419908311632,150.0,209,Starttimelines
fixation,54700.71499991417,0.7776941185196241,0.41128597036004066,3.5501696268717446,3.2845687866210938,200.0,210,Starttimelines
fixation,54917.391999959946,0.8053506314754486,0.41609690338373184,3.5466232299804688,3.2700347900390625,66.0,211,Starttimelines
fixation,55067.39800000191,0.26506055643161136,0.48009280612071353,3.4755859375,3.3785680135091147,100.0,212,Starttimelines
fixation,55184.0680000782,0.20211374795153028,0.48267433756873723,3.496803646995908,3.3400777180989585,350.0,213,Starttimelines
fixation,55567.418999910355,0.2891218488415082,0.46372195705771446,3.441521962483724,3.2951087951660156,200.0,214,Starttimelines
fixation,55800.75900006294,0.3643204063177109,0.46398921459913256,3.3927688598632812,3.2277206420898437,167.0,215,Starttimelines
fixation,56000.77300000191,0.4205278567969799,0.45894939452409744,3.351165771484375,3.2186126708984375,67.0,216,Starttimelines
fixation,56084.105999946594,0.41806005239486693,0.4560365825891495,3.3437255859375,3.1946624755859374,84.0,217,Starttimelines
fixation,56200.77800011635,0.4740692749619484,0.45769661068916323,3.3401473999023437,3.1987274169921873,167.0,218,Starttimelines
fixation,56400.78900003433,0.5543575485547384,0.44796524941921234,3.3329152425130206,3.1686004638671874,250.0,219,Starttimelines
fixation,56700.799999952316,0.6165840663015842,0.4481750763952732,3.392374038696289,3.2141666412353516,133.0,220,Starttimelines
fixation,56850.81200003624,0.6380367736021678,0.4485395898421605,3.418931070963542,3.1903086344401044,250.0,221,Starttimelines
fixation,57117.486000061035,0.5843600660562516,0.45963551551103593,3.419596862792969,3.2132827758789064,166.0,222,Starttimelines
fixation,57317.49499988556,0.6402865631712807,0.45347770551840466,3.483282301161024,3.2439693874782987,300.0,223,Starttimelines
fixation,57650.84299993515,0.5805310819830213,0.45666063683373587,3.4257289341517856,3.277496337890625,117.0,224,Starttimelines
fixation,57834.18700003624,0.2822716550694572,0.5420073800616794,3.4373304578993054,3.2365485297309027,150.0,225,Starttimelines
fixation,58000.858999967575,0.2149970419704914,0.5420862048864364,3.42340087890625,3.21904296875,167.0,226,Starttimelines
fixation,58200.86899995804,0.29470086594422656,0.5387642085552216,3.419065687391493,3.1593695746527777,150.0,227,Starttimelines
fixation,58384.21199989319,0.35672878921031953,0.5368278533220291,3.380731201171875,3.1538162231445312,167.0,228,Starttimelines
fixation,58584.22000002861,0.4283214211463928,0.5375949790080389,3.3834796481662326,3.1636123657226562,300.0,229,Starttimelines
fixation,58917.55999994278,0.5004133553274216,0.4926408923441364,3.426454113375756,3.2349469584803425,524.0,230,Starttimelines
fixation,59617.57299995422,0.5172928829084743,0.49174476130442185,3.367127852006392,3.2170951149680396,908.0,231,Starttimelines
fixation,60567.58599996567,0.4651296630501747,0.3026721730828285,3.468272399902344,3.26968994140625,166.0,232,26
fixation,60750.926000118256,0.4471004505952199,0.3030873214205106,3.4234720865885415,3.230719248453776,200.0,233,26
fixation,60967.59599995613,0.42246666976383757,0.3177437516195433,3.392641339983259,3.2357188633510043,241.0,234,26
fixation,61517.60500001907,0.3121068189541499,0.8642296771208445,3.380362955729167,3.1518534342447917,250.0,235,26
fixation,61800.94400000572,0.4016134100300925,0.8555258874382291,3.386474609375,3.1450914655412947,233.0,236,26
fixation,62100.948999881744,0.6061499218146006,0.3924830158551534,3.4984169006347656,3.286853790283203,200.0,237,26
fixation,62350.950999975204,0.5180331766605377,0.881078714132309,3.4214202880859377,3.178150939941406,167.0,238,26
fixation,62550.956000089645,0.4669782289049842,0.8734768276864832,3.4046700217507104,3.1670573841441763,183.0,239,26
fixation,62750.959000110626,0.44464520215988157,0.8727701723575592,3.4186798095703126,3.160969034830729,250.0,240,26
fixation,63034.296999931335,0.5058697839577992,0.8761611878871918,3.4607503255208334,3.176749674479167,250.0,241,26
fixation,63317.635999917984,0.6100943957765897,0.866428072253863,3.508544921875,3.181171417236328,200.0,242,26
fixation,63550.97199988365,0.6911259997974742,0.8708154315298254,3.5236275412819604,3.205351396040483,183.0,243,26
fixation,63800.97699999809,0.45371419420609105,0.675868965112246,3.5351597712590146,3.2725301889272838,217.0,244,26
fixation,64050.983000040054,0.5182846757498655,0.6825189725919203,3.555264559659091,3.2031388716264204,183.0,245,26
fixation,64267.65300011635,0.610490422038471,0.5012742815648809,3.53619384765625,3.2916277717141544,283.0,246,26
fixation,64567.66100001335,0.618456556038423,0.3644460520961068,3.5532060102982954,3.3124819668856533,191.0,247,26
fixation,65017.671000003815,0.6077931651047298,0.425624464239393,3.5060555594308034,3.2549569266183034,109.0,248,26
fixation,65167.671000003815,0.5915512198751623,0.5637900179082697,3.5103385231711646,3.1610273881392046,183.0,249,26
fixation,65384.33800005913,0.5395076096057891,0.5437983065843582,3.4771774291992186,3.184892272949219,333.0,250,26
fixation,65751.0150001049,0.5096279382705688,0.5270192270929163,3.378509521484375,3.175363714044744,184.0,251,26
fixation,65984.34899997711,0.47489993409676984,0.3091533129865473,3.475472190163352,3.1661141135475854,183.0,252,26
fixation,66184.35400009155,0.43096110100547474,0.3093295879662037,3.4496612548828125,3.2521680196126304,200.0,253,26
fixation,66417.69000005722,0.5560805042584737,0.31485894322395325,3.5042490641276043,3.280201212565104,250.0,254,26
fixation,66684.35800004005,0.573665326833725,0.31507242619991305,3.5622344970703126,3.334065246582031,166.0,255,26
fixation,66867.69899988174,0.4945812780748714,0.33400956609032373,3.593874844637784,3.3615251020951704,183.0,256,26
fixation,67084.36899995804,0.4192606161038081,0.33449044161372715,3.546235826280382,3.3497755262586804,150.0,257,26
fixation,67251.03999996185,0.39328685167588684,0.33646329531544134,3.5339379561574837,3.3043132581208883,317.0,258,26
fixation,67601.0450000763,0.4677515812218189,0.33613489754498005,3.5154953002929688,3.283588409423828,134.0,259,26
fixation,67767.71499991417,0.5086423050273549,0.330861206759106,3.5373424183238638,3.325966574928977,183.0,260,26
fixation,67984.38700008392,0.58006185034047,0.32239824533462524,3.6307392949643345,3.3704157290251358,383.0,261,26
fixation,68401.0569999218,0.5318518549203872,0.336420464515686,3.6528167724609375,3.4570526123046874,167.0,262,26
fixation,68617.73000001907,0.4834729622710835,0.6784316382624886,3.603573885830966,3.3048858642578125,183.0,263,26
fixation,68817.73399996758,0.4960763252207211,0.7171336327280317,3.638271876743862,3.3113719395228793,233.0,264,26
fixation,69101.0720000267,0.574806730855595,0.5176706341179934,3.6321522105823862,3.3592945445667612,184.0,265,26
fixation,69317.742000103,0.5429249033331871,0.5419416338205337,3.5574073791503906,3.268311309814453,333.0,266,26
fixation,69701.08400011063,0.6179419074739728,0.4630619330065591,3.5254908970424106,3.295748029436384,117.0,267,26
fixation,69834.41799998283,0.6101351347234514,0.3633567492167155,3.5279659695095487,3.3162163628472223,150.0,268,26
fixation,70034.41899991035,0.4899716392159462,0.3195003420114517,3.485565185546875,3.310899353027344,166.0,269,26
fixation,70234.4240000248,0.4408375402291616,0.3181558976570765,3.459403483072917,3.295634969075521,250.0,270,26
fixation,70517.76600003242,0.5095149310571807,0.30901352954762323,3.4261550903320312,3.2901415143694197,233.0,271,26
fixation,70851.10400009155,0.5620984584093094,0.30419154465198517,3.5035730997721353,3.3050664265950522,100.0,272,26
fixation,70967.77399992943,0.578836128115654,0.3041855003684759,3.4955615997314453,3.3033981323242188,133.0,273,26
fixation,71151.10899996758,0.3938368017736234,0.3385531651346307,3.459085564864309,3.3274158678556742,317.0,274,26
fixation,71501.11400008202,0.46110187272230785,0.3342512528101603,3.515833536783854,3.324363199869792,250.0,275,26
fixation,71784.45300006866,0.5229108906709231,0.3293517759213081,3.50506591796875,3.31088139460637,216.0,276,26
fixation,72034.45799994469,0.5833586228304896,0.32018827878195666,3.5238247575431036,3.2904826197130927,483.0,277,26
fixation,72534.46700000763,0.5912807136774063,0.32180154509842396,3.4990882873535156,3.282747268676758,133.0,278,26
fixation,72701.13700008392,0.5474990391068988,0.523511431283421,3.3867085774739585,3.202139960394965,300.0,279,26
fixation,73017.80900001526,0.5442686527967453,0.5724124312400818,3.4362945556640625,3.161456298828125,167.0,280,26
fixation,73217.81200003624,0.6141857154229108,0.5663951845730052,3.4552863625919117,3.149897855870864,283.0,281,26
fixation,73517.81599998474,0.6145788361044491,0.5359140739721411,3.4212107938878678,3.1655192655675553,283.0,282,26
fixation,73851.15599989891,0.5833510320920211,0.3246082663536072,3.5032242995042067,3.2072918231670675,217.0,283,26
fixation,74084.49099993706,0.5689829804680564,0.3279979161240838,3.550169511274858,3.2168398770419033,183.0,284,26
fixation,74301.15899991989,0.5401795183618864,0.32667871937155724,3.56884765625,3.260852813720703,200.0,285,26
fixation,74534.49499988556,0.5934570811011575,0.3217401301318949,3.5986078435724433,3.287862604314631,183.0,286,26
fixation,74767.83599996567,0.5187171429395676,0.5373987515767416,3.5628865559895835,3.2386688232421874,250.0,287,26
fixation,75067.83800005913,0.4351248573511839,0.8574755415320396,3.6191844940185547,3.2588024139404297,133.0,288,26
fixation,75251.17899990082,0.6413744390010834,0.8760179910394881,3.6895938449435763,3.278071085611979,150.0,289,26
fixation,75417.84599995613,0.6885614320635796,0.8826687596738338,3.6914310455322266,3.282085418701172,133.0,290,26
fixation,75617.84599995613,0.5511379937330881,0.48850171665350595,3.6622080485026043,3.3614110310872394,500.0,291,26
fixation,76134.52300000191,0.5110313432557242,0.5086538544722966,3.6868504115513394,3.365869140625,591.0,292,FIX_CROS
fixation,76951.20300006866,0.5002461311717828,0.5134570859372616,3.835404713948568,3.510779062906901,192.0,293,26.2
fixation,77201.20600008965,0.37633211612701417,0.31961809694766996,3.828875732421875,3.622442626953125,84.0,294,26.2
fixation,77401.20900011063,0.2661777902394533,0.33069243654608727,3.787094116210938,3.5607528686523438,67.0,295,26.2
fixation,77484.54299998283,0.22844241725073922,0.31910278565353817,3.732108222113715,3.5099385579427085,150.0,296,26.2
fixation,77667.88000011444,0.3127977003653844,0.3234018112222354,3.6772435506184897,3.5078150431315103,200.0,297,26.2
fixation,77884.54999995232,0.3785493433475494,0.32954461375872296,3.6393503824869793,3.4598653157552084,250.0,298,26.2
fixation,78167.88700008392,0.44992192486921945,0.3296354740858078,3.6305562337239583,3.4336568196614583,250.0,299,26.2
fixation,78451.22600007057,0.5093839814265569,0.33048369859655696,3.662817637125651,3.434192657470703,200.0,300,26.2
fixation,78684.56299996376,0.5769127786159516,0.32556164960066475,3.6363077799479173,3.404274495442708,250.0,301,26.2
fixation,78951.23200011253,0.6046078304449717,0.32432930171489716,3.5846659342447915,3.3621851603190103,100.0,302,26.2
fixation,79067.90300011635,0.6417299142250648,0.3221516402868124,3.5583660419170675,3.3268503042367787,217.0,303,26.2
fixation,79317.90799999237,0.7481114804744721,0.3185157164931297,3.591624450683594,3.2871307373046874,167.0,304,26.2
fixation,79534.5759999752,0.6011719435453415,0.33376618176698686,3.579449462890625,3.3829940795898437,166.0,305,26.2
fixation,79717.91400003433,0.5806191384792327,0.33244768977165223,3.5829193115234377,3.404827880859375,83.0,306,26.2
fixation,79834.58299994469,0.6390420099099478,0.32639460265636444,3.6332194010416665,3.3810628255208335,150.0,307,26.2
fixation,80034.58699989319,0.7798081003129482,0.30739977955818176,3.6537036895751953,3.3052444458007812,133.0,308,26.2
fixation,80201.25300002098,0.8067481443285942,0.32189224660396576,3.6707687377929688,3.3139114379882812,67.0,309,26.2
fixation,80367.91899991035,0.23096478264778852,0.39608005434274673,3.5804405212402344,3.430398941040039,133.0,310,26.2
fixation,80517.92600011826,0.20333554858670516,0.4145880902514738,3.5706769157858456,3.356837553136489,283.0,311,26.2
fixation,80817.93300008774,0.2811405970291658,0.4222556555813009,3.5100569291548296,3.3469487970525567,183.0,312,26.2
fixation,81034.60299992561,0.3457892658188939,0.4375665634870529,3.4842844009399414,3.2815399169921875,266.0,313,26.2
fixation,81334.60700011253,0.4240419179201126,0.4259089395403862,3.4766021728515626,3.276483154296875,166.0,314,26.2
fixation,81534.61199998856,0.4918159860021928,0.4242022370590883,3.494863173540901,3.2769972857306984,283.0,315,26.2
fixation,81851.28399991989,0.5702559266771589,0.4195511553968702,3.5001373291015625,3.290529523577009,117.0,316,26.2
fixation,81984.61999988556,0.5700564622879029,0.4150974452495575,3.4835693359375,3.2637054443359377,83.0,317,26.2
fixation,82101.28699994087,0.6224444334705671,0.41967277353008586,3.511505126953125,3.256383260091146,200.0,318,26.2
fixation,82334.63000011444,0.6806537235776583,0.4118412509560585,3.497114817301432,3.2247352600097656,200.0,319,26.2
fixation,82567.96399998665,0.7397185001108382,0.417480049861802,3.5074055989583335,3.212253146701389,150.0,320,26.2
fixation,82751.2990000248,0.7884358055889606,0.4005080312490463,3.504697799682617,3.1676158905029297,134.0,321,26.2
fixation,82984.63800001144,0.2667647749185562,0.5146730596368964,3.3868657892400567,3.2026783336292612,183.0,322,26.2
fixation,83184.6400001049,0.21738968101831582,0.5193044015994439,3.400714580829327,3.214185274564303,216.0,323,26.2
fixation,83417.97799992561,0.29847854748368263,0.5216629933565855,3.4025611877441406,3.182745933532715,267.0,324,26.2
fixation,83717.9809999466,0.37365369374553364,0.5179706936081251,3.4056930541992188,3.1647771199544272,200.0,325,26.2
fixation,83951.31900000572,0.449998303101613,0.5133289259213668,3.4260171743539662,3.199163583608774,217.0,326,26.2
fixation,84201.3259999752,0.5344428233802319,0.5054571125656366,3.424135208129883,3.17946720123291,267.0,327,26.2
fixation,84501.33100008965,0.6077316680124828,0.5140878845538411,3.4554759434291293,3.2180982317243303,234.0,328,26.2
fixation,84768.00200009346,0.6754783529501694,0.5068409695075109,3.4600630540114183,3.1664346548227162,217.0,329,26.2
fixation,85018.00699996948,0.7398125185416295,0.5158869509513562,3.4527435302734375,3.1520104041466346,217.0,330,26.2
fixation,85268.01200008392,0.7944809198379517,0.5066375285387039,3.4741109212239585,3.1524785359700522,200.0,331,26.2
fixation,85551.35100007057,0.27609942356745404,0.5897881454891629,3.3960198296440973,3.187098185221354,150.0,332,26.2
fixation,85734.68700003624,0.20353738906291816,0.6111829510101905,3.3902353140024037,3.1970496544471154,217.0,333,26.2
fixation,85984.6930000782,0.3306931033730507,0.5868856310844421,3.39306640625,3.1596717834472656,67.0,334,26.2
fixation,86084.69600009918,0.43211020414645857,0.5867242136826882,3.371914790226863,3.120226346529447,433.0,335,26.2
fixation,86551.37199997902,0.49322195031813215,0.5842535240309579,3.3651221139090404,3.1038055419921875,233.0,336,26.2
fixation,86818.04299998283,0.5972663653748376,0.5840390558753695,3.375425066266741,3.091538565499442,234.0,337,26.2
fixation,87068.0490000248,0.6553365215659142,0.5857771784067154,3.3922767639160156,3.069347381591797,75.0,338,26.2
fixation,87384.72000002861,0.7052139937877655,0.5815459539492925,3.3894742329915366,3.118335723876953,200.0,339,26.2
fixation,87601.39199995995,0.7496808260679245,0.5791195899248123,3.3766845703125,3.0744064331054686,166.0,340,26.2
fixation,87801.39499998093,0.7964229629589961,0.5699863961109748,3.381519024188702,3.045673076923077,216.0,341,26.2
fixation,88101.40000009537,0.28145209699869156,0.6667946626742681,3.3344154357910156,3.1230570475260415,200.0,342,26.2
fixation,88334.73900008202,0.23333307728171349,0.668746143579483,3.3699434068467884,3.140186733669705,300.0,343,26.2
fixation,88651.41100001335,0.2740496978163719,0.666679322719574,3.3566848754882814,3.0864959716796876,166.0,344,26.2
fixation,88851.41799998283,0.38668820155518396,0.6647038608789444,3.3041458129882812,3.010289873395647,233.0,345,26.2
fixation,89118.08899998665,0.45860869776118884,0.6620527749711816,3.3109186345880683,3.0199779163707388,184.0,346,26.2
fixation,89334.75900006294,0.5557265052428613,0.6564690814568446,3.3401031494140625,3.0220841627854567,217.0,347,26.2
fixation,89568.09500002861,0.6084641434929587,0.6542948348955675,3.389182350852273,3.0579875599254263,184.0,348,26.2
fixation,89784.7650001049,0.7025027338947568,0.6517385936209134,3.4258629935128346,3.08948244367327,467.0,349,26.2
fixation,90284.77600002289,0.7744254275508549,0.661653115697529,3.4615239682404892,3.108231254245924,383.0,350,26.2
fixation,90734.78500008583,0.559444374508328,0.5154184434149001,3.4012620713975696,3.150327894422743,150.0,351,26.2
fixation,90901.45000004768,0.6024057356750264,0.47242411445168886,3.4210007611443016,3.203887939453125,283.0,352,26.2
fixation,91234.79099988937,0.7265176504850388,0.6236442238092422,3.4482330322265624,3.090142822265625,167.0,353,26.2
fixation,91418.12800002098,0.7312758136540651,0.661057012155652,3.431971549987793,3.0721235275268555,267.0,354,26.2
fixation,91718.13499999046,0.7057348425899234,0.6608408561774662,3.444617135184152,3.0924606323242188,234.0,355,26.2
fixation,92034.80599999428,0.7737756735748715,0.3128667548298836,3.4967863294813366,3.1349054972330728,300.0,356,26.2
fixation,92368.14599990845,0.6850064347187678,0.31605757027864456,3.4298222859700522,3.1479695638020835,100.0,357,26.2
fixation,92501.48200011253,0.6332838667763604,0.32507358408636516,3.3832219441731772,3.1270472208658853,300.0,358,26.2
fixation,92851.48799991608,0.7352829596826008,0.3172683300716536,3.4027818952287947,3.1266370500837053,233.0,359,26.2
fixation,93118.16199994087,0.6320212999979655,0.3156365712483724,3.405717976888021,3.1941813151041667,250.0,360,26.2
fixation,93401.49799990654,0.5793068880836169,0.31934398661057156,3.463637669881185,3.2309678395589194,400.0,361,26.2
fixation,93818.17100000381,0.6399683843959462,0.33406168899752875,3.467276833274148,3.2176874334161933,184.0,362,26.2
fixation,94034.84100008011,0.7430809199810028,0.3214328527450562,3.482676696777344,3.1532241821289064,167.0,363,26.2
fixation,94268.17600011826,0.3916580080986023,0.32362947293690275,3.3761465890066966,3.2175205775669644,117.0,364,26.2
fixation,94434.84500002861,0.2519877566532655,0.332107501951131,3.304024436257102,3.190001054243608,183.0,365,26.2
fixation,94834.85199999809,0.32207771241664884,0.310489296913147,3.302734375,3.11055908203125,91.0,366,26.2
fixation,95151.52399992943,0.4045498328549521,0.3324469391788755,3.375056675502232,3.1443634033203125,108.0,367,26.2
fixation,95284.85700011253,0.4253990848859151,0.3258870467543602,3.4155553181966147,3.1534627278645835,200.0,368,26.2
fixation,95518.19199991226,0.508731790564277,0.3204149021343751,3.270048661665483,3.037413857199929,367.0,369,26.2
fixation,95901.52600002289,0.5584692930181822,0.3129642990728219,3.213048299153646,2.9857660929361978,208.0,370,26.2
fixation,96518.20199990273,0.6275202248777662,0.3175177254847118,3.3558741978236606,3.1208975655691966,109.0,371,26.2
fixation,96651.53800010681,0.6525222609440485,0.30559225256244343,3.404313405354818,3.167555491129557,200.0,372,26.2
fixation,96884.875,0.7563657522201538,0.29637573540210727,3.3581182861328127,3.01182373046875,417.0,373,26.2
fixation,97334.88000011444,0.805626904964447,0.29550546407699585,3.317218017578125,3.0103424072265623,83.0,374,26.2
fixation,97518.21399998665,0.2440260738134384,0.3966107428073883,3.1829620361328126,3.09517822265625,167.0,375,26.2
fixation,97701.55100011826,0.19867695756256581,0.392375697940588,3.218428039550781,3.112165069580078,333.0,376,26.2
fixation,98051.55399990082,0.2552033707499504,0.3897148683667183,3.2313827514648437,3.0930328369140625,166.0,377,26.2
fixation,98251.55599999428,0.3099343478679657,0.3992970511317253,3.237079620361328,3.1001853942871094,74.0,378,26.2
fixation,98668.22900009155,0.3101725344147001,0.3797521186726434,3.2861131940569197,3.073915754045759,117.0,379,26.2
fixation,98901.56500005722,0.4084106128324162,0.3967668075453151,3.2986339222301138,3.1440623890269888,183.0,380,26.2
fixation,99118.2349998951,0.47758650680383047,0.3923809101184209,3.296308390299479,3.1469960530598957,258.0,381,26.2
fixation,99668.24399995804,0.5370392253001531,0.3824435944358508,3.321172078450521,3.1817220052083335,92.0,382,26.2
fixation,99801.5799999237,0.6132261071886335,0.38349288595574244,3.319425310407366,3.153173174176897,233.0,383,26.2
fixation,100068.25200009346,0.6706735451113094,0.380293145775795,3.3309173583984375,3.104757135564631,367.0,384,26.2
fixation,100468.25900006294,0.7231565969330924,0.3784511387348175,3.377286638532366,3.1100056966145835,117.0,385,26.2
fixation,100601.59299993515,0.7341242432594299,0.3734919215951647,3.387115478515625,3.1024322509765625,116.0,386,26.2
fixation,100734.92700004578,0.7764185965061188,0.3627592067826878,3.4330915971235796,3.1246587579900567,183.0,387,26.2
fixation,100984.93499994278,0.778778667251269,0.38721105207999545,3.4610493977864585,3.1028010050455728,100.0,388,26.2
fixation,101168.26999998093,0.26718689170148635,0.46590705547067857,3.3522542317708335,3.1958448621961804,150.0,389,26.2
fixation,101351.60899996758,0.21360845978443438,0.4843069991240135,3.3587493896484375,3.1754314716045675,216.0,390,26.2
fixation,101601.6099998951,0.29688768301691326,0.4916455437030111,3.3149326869419644,3.1651131766183034,233.0,391,26.2
fixation,101868.28399991989,0.366114320854346,0.4904984397192796,3.2995313008626304,3.148615519205729,200.0,392,26.2
fixation,102351.62400007248,0.4625271533926328,0.4644452507297198,3.2721710205078125,3.1163533528645835,92.0,393,26.2
fixation,102468.29299998283,0.4410641234029423,0.4685906063426625,3.2828369140625,3.107206864790483,184.0,394,26.2
fixation,102684.96499991417,0.5424755483865737,0.4577378764748573,3.2510147094726562,3.0569915771484375,167.0,395,26.2
fixation,102884.96799993515,0.5995323721851621,0.467925777392728,3.3051670619419644,3.0890611921037947,233.0,396,26.2
fixation,103134.97000002861,0.6766356283968146,0.47241504761305725,3.3622991388494317,3.1174066716974433,183.0,397,26.2
fixation,103351.64199995995,0.7511637644334273,0.466169687834653,3.4017153653231533,3.088430231267756,183.0,398,26.2
fixation,103701.64800000191,0.27647768643995124,0.5739333281914393,3.351891199747721,3.124704360961914,400.0,399,26.2
fixation,104134.98900008202,0.19549642875790596,0.5764385052025318,3.3471412658691406,3.1351261138916016,133.0,400,26.2
fixation,104334.99000000954,0.41088668887431806,0.5704489281544318,3.2954676701472354,3.020013662484976,217.0,401,26.2
fixation,104568.32800006866,0.4699756039513482,0.5699098077085283,3.29111565483941,3.0460001627604165,150.0,402,26.2
fixation,104751.66400003433,0.5859940921266874,0.5585738569498062,3.324265797932943,3.0393104553222656,200.0,403,26.2
fixation,104985.0,0.6530261554501273,0.5607014840299432,3.329428932883523,3.0553158846768467,184.0,404,26.2
fixation,105185.00300002098,0.7265500247478485,0.5736777464548747,3.338578287760417,3.0827606201171873,250.0,405,26.2
fixation,105451.6740000248,0.7814506373622201,0.5791880163279447,3.354929143732244,3.052975741299716,183.0,406,26.2
fixation,105718.34299993515,0.26408468435208005,0.6577814569075903,3.3043530782063804,3.1139297485351562,200.0,407,26.2
fixation,105935.01600003242,0.22844353235430187,0.6667785280280643,3.3019290500217013,3.131251017252604,150.0,408,26.2
fixation,106135.01699995995,0.2508152797818184,0.29647922401244825,3.364965585561899,3.2034231332632213,217.0,409,26.2
fixation,106385.02099990845,0.38085832198460895,0.33399518662028843,3.453799777560764,3.235409206814236,150.0,410,26.2
fixation,106568.35700011253,0.4731886958082517,0.32798940191666287,3.4917755126953125,3.2346471150716147,100.0,411,26.2
fixation,106735.02300000191,0.540472435099738,0.3248531711953027,3.4854583740234375,3.2363455636160716,117.0,412,26.2
fixation,106885.02699995041,0.6094177961349487,0.31824401021003723,3.4949091131036933,3.217018821022727,184.0,413,26.2
fixation,107101.70199990273,0.6935898661613464,0.3169437609612942,3.5541954040527344,3.258749008178711,133.0,414,26.2
fixation,107268.36800003052,0.7416995856910944,0.3178873788565397,3.613262176513672,3.3010950088500977,266.0,415,26.2
fixation,107601.70300006866,0.5728710144758224,0.6493311077356339,3.619220733642578,3.244800567626953,67.0,416,26.2
fixation,107701.70600008965,0.4803766409556071,0.6358492275079092,3.639434814453125,3.2691675821940103,100.0,417,26.2
fixation,107835.04099988937,0.4050291453798612,0.6614506890376409,3.694976806640625,3.3086878458658853,200.0,418,26.2
fixation,108051.71300005913,0.38617050647735596,0.6700777783989906,3.7495040893554688,3.3811912536621094,67.0,419,26.2
fixation,108151.71199989319,0.4663095921278,0.671671187877655,3.736286926269531,3.3060272216796873,167.0,420,26.2
fixation,108351.71499991417,0.5351221442222596,0.665119606256485,3.7267745971679687,3.2530548095703127,167.0,421,26.2
fixation,108551.71799993515,0.6267523031968337,0.656429818043342,3.7203087439903846,3.23507573054387,217.0,422,26.2
fixation,108801.72199988365,0.6908238172531128,0.6690012037754058,3.6877197265625,3.2242446899414063,167.0,423,26.2
fixation,109001.72600007057,0.7616379678249359,0.6731733322143555,3.677587890625,3.22989501953125,83.0,424,26.2
fixation,109135.06200003624,0.6999091460154607,0.3235035114563428,3.7200211745042067,3.3455047607421875,217.0,425,26.2
fixation,109385.06599998474,0.6151472330093384,0.3167644053697586,3.6486785888671873,3.344256591796875,84.0,426,26.2
fixation,109501.7349998951,0.5101561499759555,0.3344836262986064,3.632406234741211,3.3510961532592773,267.0,427,26.2
fixation,109785.07299995422,0.5601107363517468,0.33059360545415145,3.6036236102764425,3.3318868783804088,217.0,428,26.2
fixation,110035.07899999619,0.6462231516838074,0.33784568309783936,3.638716125488281,3.2796249389648438,167.0,429,26.2
fixation,110251.7460000515,0.7498535104095936,0.3240359462797642,3.6698131561279297,3.2797775268554688,133.0,430,26.2
fixation,110451.75,0.4598728189101586,0.3343930897804407,3.6004227858323317,3.3630946232722354,217.0,431,26.2
fixation,110701.75500011444,0.39856507778167727,0.35679712891578674,3.611175537109375,3.3545013427734376,167.0,432,26.2
fixation,110885.09200000763,0.3359858940045039,0.345365518083175,3.531343460083008,3.318047841389974,400.0,433,26.2
fixation,111335.10100007057,0.4169684747854869,0.46280736724535626,3.5006027221679688,3.2562688191731772,100.0,434,NOTRIAL
fixation,111468.43499994278,0.42245556116104127,0.2670367851853371,3.5979400634765626,3.317022705078125,166.0,435,NOTRIAL
fixation,111651.7690000534,0.3575297278516433,0.31486030536539417,3.6511562571806064,3.4184507482192097,291.0,436,NOTRIAL
fixation,112101.77999997139,0.3587042121216655,0.31041455920785666,3.6782608032226567,3.4440460205078125,259.0,437,NOTRIAL
fixation,112418.4509999752,0.428892025580773,0.19602860854222223,3.654157198392428,3.3992943396935096,216.0,438,NOTRIAL
fixation,112685.1210000515,0.4876068780819575,0.19151482896672356,3.6029459635416665,3.38460456000434,150.0,439,NOTRIAL
fixation,112851.79299998283,0.5204745315843158,0.20804353141122395,3.6652391221788196,3.403042263454861,150.0,440,NOTRIAL
fixation,113035.12599992752,0.5865681686184623,0.19629333236000754,3.659579190340909,3.393951416015625,184.0,441,NOTRIAL
fixation,113251.79999995232,0.6386080726429268,0.3075717533076251,3.6706119113498263,3.403148509837963,450.0,442,NOTRIAL
fixation,113718.47199988365,0.655792310833931,0.31366556882858276,3.6983634101019964,3.42049068874783,300.0,443,NOTRIAL
fixation,114035.14499998093,0.6360953019724952,0.2989283005396525,3.6686553955078125,3.3914421929253473,150.0,444,NOTRIAL
fixation,114218.48000001907,0.5902285650372505,0.19567227425674596,3.6281827290852866,3.4070332845052085,200.0,445,NOTRIAL
fixation,114435.15300011635,0.5699586153030396,0.19614822342991828,3.6374725341796874,3.4179122924804686,167.0,446,NOTRIAL
fixation,114635.15700006485,0.5069751933217048,0.1984445072710514,3.648945617675781,3.4484832763671873,175.0,447,NOTRIAL
fixation,114951.83299994469,0.3562704126040141,0.3086035301287969,3.6234571668836804,3.44596184624566,142.0,448,NOTRIAL
fixation,115118.5039999485,0.34846232716853803,0.3121108034482369,3.5902205247145433,3.41006352351262,216.0,449,NOTRIAL
fixation,115351.84200000763,0.37348815106919836,0.30965460145047735,3.5326140267508372,3.377715519496373,467.0,450,NOTRIAL
fixation,115835.18799996376,0.35341556099328125,0.3243339833888141,3.518485329367898,3.370749733664773,184.0,451,NOTRIAL
fixation,116085.1930000782,0.614842156569163,0.3079087966018253,3.6493954128689237,3.35581292046441,150.0,452,NOTRIAL
fixation,116251.86299991608,0.635462611913681,0.3059938071029527,3.705639430454799,3.406427655901228,233.0,453,NOTRIAL
fixation,116501.86899995804,0.6501225270330906,0.31319444067776203,3.822319030761719,3.487689971923828,275.0,454,NOTRIAL
fixation,116918.5490000248,0.6423787971337637,0.3023329084670102,3.812421445493345,3.4378396493417247,442.0,455,NOTRIAL
fixation,117401.8940000534,0.5635725004332406,0.2966119199991226,3.658219473702567,3.360785348074777,233.0,456,NOTRIAL
fixation,117701.90400004387,0.5175720612208049,0.2993455737829208,3.6346028645833335,3.367987060546875,250.0,457,NOTRIAL
fixation,117968.57399988174,0.5064914701016325,0.3062971442153579,3.6641436125102795,3.4594445479543587,641.0,458,NOTRIAL
fixation,118818.59599995613,0.5507889787356058,0.31097145875295,3.6624476114908853,3.4272181193033853,92.0,459,NOTRIAL
fixation,118935.2650001049,0.5712625876069068,0.29540115371346476,3.679560089111328,3.4197624206542967,334.0,460,NOTRIAL
fixation,119301.93899989128,0.5105109110926137,0.2961600915049062,3.6078907359730112,3.3765240293560606,550.0,461,NOTRIAL
fixation,119868.617000103,0.5039294962088267,0.29654554069042205,3.5759958902994793,3.3170562744140626,1250.0,462,NOTRIAL
fixation,121168.63800001144,0.3738100578387578,0.5251512891716428,3.4016960991753473,3.2129109700520835,150.0,463,NOTRIAL
fixation,121335.3069999218,0.35039517496313366,0.5149700386183602,3.374444144112723,3.180576869419643,125.0,464,NOTRIAL
fixation,121818.65000009537,0.6410554743582203,0.5010384475031207,3.413483158234627,3.1615689185357865,516.0,465,NOTRIAL
fixation,122385.32299995422,0.5017873749869769,0.4908535463399574,3.421015755074923,3.2302091004418547,1017.0,466,NOTRIAL
fixation,123452.00600004196,0.35459442883729936,0.7168042808771133,3.470658874511719,3.1971206665039062,167.0,467,NOTRIAL
fixation,123635.34899997711,0.3385402629772822,0.7310753087202708,3.4620402018229166,3.18763427734375,250.0,468,NOTRIAL
fixation,123902.01999998093,0.3624278164158265,0.7351891932388147,3.39985720316569,3.1533934275309243,400.0,469,NOTRIAL
fixation,124318.69400000572,0.35130931437015533,0.7462912112474441,3.3610916137695312,3.121168518066406,167.0,470,NOTRIAL
fixation,124552.03200006485,0.6488909761110941,0.7537610650062561,3.419208780924479,3.0920369466145834,250.0,471,NOTRIAL
fixation,124818.7049999237,0.6638330303960376,0.7454813975426886,3.400503158569336,3.0988782246907554,1200.0,472,NOTRIAL
fixation,126068.73000001907,0.49949705352385837,0.7349744439125061,3.406346638997396,3.108489990234375,200.0,473,NOTRIAL
fixation,126318.73399996758,0.3667542441533162,0.7419207967244662,3.423053448016827,3.211901151216947,225.0,474,NOTRIAL
fixation,126785.41300010681,0.35649724517549786,0.7188746588570731,3.4604928152901784,3.2259521484375,108.0,475,NOTRIAL
fixation,126918.74900007248,0.33722205832600594,0.7244136594235897,3.4533042907714844,3.206141471862793,267.0,476,NOTRIAL
fixation,127235.42100000381,0.6358386456966401,0.7162187457084656,3.4885467529296874,3.118133544921875,166.0,477,NOTRIAL
fixation,127418.76300001144,0.6571100840965907,0.720812929670016,3.583584764268663,3.240309651692708,1500.0,478,NOTRIAL
fixation,128968.79299998283,0.5143181756138802,0.6357177287778434,3.5991895339068245,3.328539455638212,1767.0,479,NOTRIAL
fixation,130752.16000008583,0.5057197729391711,0.5008772978825229,3.614177703857422,3.375166211809431,467.0,480,FIX_CROS
fixation,131235.5039999485,0.5752915367484093,0.5564425364136696,3.6986312866210938,3.3012123107910156,66.0,481,26.1
fixation,131352.17199993134,0.3719665497541428,0.45120097100734713,3.64423828125,3.458843994140625,84.0,482,26.1
fixation,131485.507999897,0.23547196057107714,0.44442812105019885,3.6192135281032987,3.3918033175998263,150.0,483,26.1
fixation,131652.17700004578,0.21051278412342073,0.44065174758434295,3.611962890625,3.390821838378906,167.0,484,26.1
fixation,131852.18099999428,0.29765311380227405,0.43580027545491856,3.5672454833984375,3.3780008951822915,200.0,485,26.1
fixation,132068.84999990463,0.33806400895118716,0.43439369052648547,3.5274627685546873,3.3653594970703127,167.0,486,26.1
fixation,132268.85500001907,0.40994607750326395,0.4425551015883684,3.5225868225097656,3.3635244369506836,267.0,487,26.1
fixation,132568.8599998951,0.49330458159630114,0.44180935392012965,3.508129413311298,3.3615828294020433,217.0,488,26.1
fixation,132818.86400008202,0.5638236174216638,0.4326896151671043,3.5220853365384617,3.402971707857572,217.0,489,26.1
fixation,133068.86800003052,0.6657325997948647,0.4269180508951346,3.6050097147623696,3.382549285888672,200.0,490,26.1
fixation,133285.5420000553,0.6402792973177773,0.43111724300043924,3.613919939313616,3.445247105189732,116.0,491,26.1
fixation,133452.2079999447,0.7228794561492072,0.426914953523212,3.663029988606771,3.424411349826389,150.0,492,26.1
fixation,133618.8789999485,0.7695172965526581,0.43189252316951754,3.697247314453125,3.36727294921875,167.0,493,26.1
fixation,133802.21399998665,0.7980197618405024,0.4296361009279887,3.7123641967773438,3.4240798950195312,100.0,494,26.1
fixation,133952.2190001011,0.4749224958094684,0.5179506906054236,3.671181418678977,3.413185813210227,184.0,495,26.1
fixation,134152.22099995613,0.45318167724392633,0.5372538702054457,3.691049749200994,3.4378828568892046,184.0,496,26.1
fixation,134352.2239999771,0.5071572636564573,0.5323312133550644,3.706293741861979,3.413874308268229,108.0,497,26.1
fixation,134635.55900001526,0.24179007751601084,0.4298351811511176,3.6437159946986606,3.422393798828125,108.0,498,26.1
fixation,134768.8940000534,0.21728639528155327,0.4252907454967499,3.635417175292969,3.388417053222656,175.0,499,26.1
fixation,135402.23600006104,0.5655518334645492,0.51974195929674,3.6394888070913463,3.3854029728816104,209.0,500,26.1
fixation,135635.57100009918,0.5569736659526825,0.4239481419324875,3.65126953125,3.4594497680664062,166.0,501,NOTRIAL
fixation,135868.9049999714,0.4779020994901657,0.22029014180103937,3.7571478949652777,3.498872545030382,150.0,502,NOTRIAL
fixation,136052.24699997902,0.4172689417997996,0.20459118547538915,3.7453460693359375,3.5112037658691406,200.0,503,NOTRIAL
fixation,136285.57899999619,0.5066770166158676,0.21213452704250813,3.7560297648111978,3.5186233520507812,200.0,504,NOTRIAL
fixation,136518.91499996185,0.5781222241265433,0.20027427215661323,3.765836443219866,3.5124718802315846,233.0,505,NOTRIAL
fixation,136785.58400011063,0.6350156059030627,0.2946064926561762,3.790677180055712,3.521701249919954,1024.0,506,NOTRIAL
fixation,138018.93499994278,0.5608710388342539,0.3244007567564646,3.6344818115234374,3.4034189860026043,242.0,507,NOTRIAL
fixation,138285.60400009155,0.5148197207599878,0.31131428573280573,3.5939626693725586,3.3524065017700195,266.0,508,NOTRIAL
fixation,138618.93899989128,0.5119603931903839,0.31000587046146394,3.557574462890625,3.33538818359375,83.0,509,NOTRIAL
fixation,138752.27399992943,0.5884176075458527,0.36338438391685485,3.5953521728515625,3.2914703369140623,84.0,510,NOTRIAL
fixation,138852.2730000019,0.5886305669943491,0.35299817224343616,3.5976282755533853,3.3302103678385415,100.0,511,NOTRIAL
fixation,139118.9470000267,0.6327190802377813,0.2887542089995216,3.6718857709099266,3.385976454790901,283.0,512,NOTRIAL
fixation,139435.617000103,0.5671504164735476,0.28626411221921444,3.646442413330078,3.4141432444254556,400.0,513,NOTRIAL
fixation,139885.62700009346,0.5230692625045776,0.19525285363197326,3.7045603434244794,3.447942097981771,250.0,514,NOTRIAL
fixation,140218.96399998665,0.5563313933936033,0.21126515960151498,3.720937555486506,3.4370006214488638,175.0,515,NOTRIAL
fixation,140452.30200004578,0.5877213992855765,0.3373710973696275,3.668214277787642,3.376344160600142,184.0,516,NOTRIAL
fixation,140652.30599999428,0.5907768905162811,0.3688816428184509,3.6403465270996094,3.3444862365722656,67.0,517,NOTRIAL
fixation,140768.97499990463,0.5160362699202129,0.2946943449122565,3.6212267194475447,3.3771580287388394,125.0,518,NOTRIAL
fixation,141135.64899992943,0.5013530671596527,0.33033713698387146,3.5834503173828125,3.3252838134765623,75.0,519,NOTRIAL
fixation,141252.31399989128,0.5623470614938175,0.2881138403626049,3.5296217974494484,3.258550756117877,567.0,520,NOTRIAL
fixation,141852.32800006866,0.6343954145908356,0.2865623295307159,3.5157928466796875,3.2368255615234376,84.0,521,NOTRIAL
fixation,141952.33100008965,0.6450522946459907,0.3347300812602043,3.506078447614397,3.2132481166294644,234.0,522,NOTRIAL
fixation,142202.3329999447,0.6416228115558624,0.3015940636396408,3.5482601589626737,3.251895480685764,151.0,523,NOTRIAL
fixation,142385.67100000381,0.5837283305547856,0.5004007283736158,3.459828977231626,3.261641325774016,900.0,524,NOTRIAL
fixation,143319.01999998093,0.6485941546994287,0.4996654866514979,3.4305712725665116,3.2242175952808276,617.0,525,NOTRIAL
fixation,143969.03200006485,0.5836284597005162,0.5016279976282801,3.420290265764509,3.2176312037876675,467.0,526,NOTRIAL
fixation,144469.03500008583,0.65603538092814,0.5157545632437656,3.4174957275390625,3.177132857473273,317.0,527,NOTRIAL
fixation,144852.36899995804,0.4438806623220444,0.7179431915283203,3.391956329345703,3.141895294189453,66.0,528,NOTRIAL
fixation,144952.36800003052,0.35890654813159595,0.7428782907399264,3.4452556263316763,3.1963459361683237,183.0,529,NOTRIAL
fixation,145152.37199997902,0.33607598222219026,0.7365974119076362,3.524854219876803,3.2521573580228367,216.0,530,NOTRIAL
fixation,145402.3710000515,0.3932286500930786,0.7364510893821716,3.5211766560872397,3.210627237955729,100.0,531,NOTRIAL
fixation,145569.03900003433,0.6373011410236359,0.7350898921489716,3.571888224283854,3.1597574869791667,250.0,532,NOTRIAL
fixation,145835.70900011063,0.6566367023869565,0.7264709315801922,3.6127600418893913,3.197610152395148,325.0,533,NOTRIAL
fixation,146352.37599992752,0.6611873507499695,0.6989412784576416,3.559454345703125,3.1726806640625,158.0,534,NOTRIAL
fixation,146785.7119998932,0.4907979139914879,0.8033920847452604,3.496820303109976,3.1019744873046875,217.0,535,NOTRIAL
fixation,147669.04399991035,0.5714913471178575,0.5730095180598173,3.6367423317649146,3.3209173029119317,183.0,536,NOTRIAL
fixation,147885.7190001011,0.5246998339891433,0.3261906370520592,3.7177993774414064,3.486982727050781,167.0,537,NOTRIAL
fixation,148102.382999897,0.6198449858597347,0.29740265543971744,3.75673566545759,3.453008379255022,233.0,538,NOTRIAL
fixation,148369.04999995232,0.6278336942195892,0.44188859065373737,3.7770474751790366,3.557842254638672,200.0,539,NOTRIAL
fixation,148935.72099995613,0.3514696525202857,0.4917248851723141,3.8196818033854165,3.6568196614583335,150.0,540,NOTRIAL
fixation,149135.72199988365,0.4174038930372758,0.2928545373407277,3.8339372114701704,3.604127363725142,183.0,541,NOTRIAL
fixation,149352.3940000534,0.4889675810933113,0.295994359254837,3.775006103515625,3.5324081420898437,166.0,542,NOTRIAL
fixation,149535.73000001907,0.5469762270267193,0.284105091713942,3.769984318659856,3.5078524076021633,217.0,543,NOTRIAL
fixation,149785.73300004005,0.621673172011095,0.2709881768507116,3.8206158806295956,3.465331133674173,283.0,544,NOTRIAL
fixation,150102.40700006485,0.6566691192296835,0.47566189903479356,3.7584944504957933,3.4936805138221154,216.0,545,NOTRIAL
fixation,150652.41400003433,0.6281474370222825,0.5616202423205743,3.7911224365234375,3.416589590219351,216.0,546,NOTRIAL
fixation,150885.75,0.624141241822924,0.4732398901666914,3.7775675455729165,3.5333360944475447,350.0,547,NOTRIAL
fixation,151285.75600004196,0.6349929438696967,0.49379471441109973,3.78383297390408,3.523534986707899,300.0,548,NOTRIAL
fixation,151602.43000006676,0.6328755335675346,0.4730269643995497,3.8409601847330728,3.6342540067784928,308.0,549,NOTRIAL
fixation,152269.10500001907,0.4825623312166759,0.7178152075835637,3.8104684012276784,3.4190499441964284,109.0,550,NOTRIAL
fixation,152402.43799996376,0.5149960190057754,0.6938399940729141,3.874440002441406,3.469097900390625,166.0,551,NOTRIAL
fixation,152602.44400000572,0.43884132125160913,0.702331309968775,3.857208251953125,3.4808543812144888,183.0,552,NOTRIAL
fixation,152835.7799999714,0.5540672176414065,0.4268869145048989,3.8309800889756946,3.546232435438368,150.0,553,NOTRIAL
fixation,153452.4579999447,0.42557325107710703,0.85439880830901,3.7068001883370534,3.396551949637277,108.0,554,21
fixation,153619.1289999485,0.45300871320068836,0.5319789983332157,3.7067337036132812,3.4673194885253906,142.0,555,21
fixation,154085.80200004578,0.34051699936389923,0.8456724123521284,3.409950949928977,3.234587235884233,183.0,556,21
fixation,154302.46799993515,0.4282681373032657,0.8556307825175199,3.392854170365767,3.173423073508523,191.0,557,21
fixation,154752.48200011253,0.4393777847290039,0.8863982185721397,3.3243446350097656,3.1622962951660156,66.0,558,21
fixation,155069.15400004387,0.502011721332868,0.8461032874054379,3.4673902723524304,3.195093790690104,142.0,559,21
fixation,155235.8259999752,0.5158805340528488,0.8557967454195022,3.4893585205078126,3.2203018188476564,167.0,560,21
fixation,155419.1630001068,0.5602066516876221,0.8545360971580852,3.436257102272727,3.165408047762784,184.0,561,21
fixation,155635.8369998932,0.5912890061736107,0.8656764514744282,3.3982906341552734,3.134664535522461,141.0,562,21
fixation,156052.51200008392,0.6504108650343758,0.8361820450850895,3.4483642578125,3.1615491594587053,108.0,563,21
fixation,156185.84699988365,0.6752138137817383,0.8341766774654389,3.4900970458984375,3.189251708984375,83.0,564,21
fixation,156319.18499994278,0.47505927085876465,0.4508044066337439,3.472315861628606,3.297338632436899,217.0,565,21
fixation,156569.18899989128,0.45093066073380983,0.35223330328097713,3.4773160494290867,3.2464153583233175,225.0,566,21
fixation,157885.88599991798,0.6639973979729873,0.7961553312264956,3.6306903545673075,3.2816678560697117,217.0,567,21
fixation,158152.55800008774,0.4243863175312678,0.848820557196935,3.4665934244791665,3.2209294637044272,100.0,568,21
fixation,158285.89599990845,0.3648940338329835,0.8352181098677895,3.4133744673295454,3.1760101318359375,183.0,569,21
fixation,158485.9019999504,0.44239115715026855,0.7965638935565948,3.4168930053710938,3.1066497802734374,167.0,570,21
fixation,158985.9130001068,0.5326186258059281,0.4373307457337013,3.526691143329327,3.3599618765024037,209.0,571,21
fixation,159235.9170000553,0.43442680935064953,0.5053093656897545,3.4794896443684897,3.301619211832682,200.0,572,21
fixation,159469.25600004196,0.4687458661695321,0.35701081653436023,3.54038937886556,3.3380006154378257,400.0,573,21
fixation,159885.92899990082,0.443845954652016,0.38896806136919904,3.495606642503005,3.3351880587064304,433.0,574,21
fixation,160369.27099990845,0.5144211394446236,0.34040521723883493,3.519505092075893,3.341801234654018,117.0,575,21
fixation,160519.2730000019,0.452828216056029,0.40758606046438217,3.4422200520833335,3.3334643046061196,200.0,576,21
fixation,160735.94499993324,0.4321595340967178,0.399084047973156,3.466816711425781,3.3216873168945313,167.0,577,21
fixation,160952.61400008202,0.4374821201751107,0.5999579821762285,3.5184269955283716,3.2772409539473686,316.0,578,21
fixation,161319.2880001068,0.5751522518694401,0.6378917172551155,3.619028091430664,3.3064537048339844,134.0,579,21
fixation,161469.2880001068,0.618009219566981,0.6215527736478381,3.533633761935764,3.224900139702691,300.0,580,21
fixation,161802.6289999485,0.46061977092176676,0.7058448325842619,3.4317331314086914,3.1636314392089844,266.0,581,21
fixation,162102.63100004196,0.43012022972106934,0.7156692514052758,3.426076448880709,3.1212698129507213,433.0,582,21
fixation,162585.97600007057,0.36507646838823954,0.6187649548053742,3.4277353922526044,3.1765340169270835,250.0,583,21
fixation,162852.6470000744,0.38175953115735733,0.5637872074331556,3.3763427734375,3.143951416015625,591.0,584,21
fixation,163752.66199994087,0.45285531133413315,0.5191822573542595,3.3288955688476562,3.146526336669922,266.0,585,21
fixation,164035.99900007248,0.46593215635844637,0.4924782578434263,3.2813949584960938,3.1217803955078125,234.0,586,21
fixation,164302.66799998283,0.4471479194859664,0.36576997488737106,3.382441202799479,3.181523640950521,200.0,587,21
fixation,164519.33999991417,0.434501907655171,0.38072810960667475,3.408205304827009,3.204980032784598,233.0,588,21
fixation,164852.6779999733,0.4548209334413211,0.32804710790514946,3.4928766886393228,3.2772509256998696,200.0,589,21
fixation,165086.01600003242,0.4537116425192874,0.6528755180213762,3.3966382897418477,3.158056507939878,384.0,590,21
fixation,165486.0220000744,0.4348220797255635,0.68434789031744,3.4693336486816406,3.204404830932617,267.0,591,21
fixation,165769.35899996758,0.42789190950301975,0.7115529924631119,3.480442927433894,3.214617215670072,433.0,592,21
fixation,166252.70000004768,0.3348081342198632,0.8756052201444452,3.4488150856711646,3.186928488991477,183.0,593,21
fixation,166452.70199990273,0.38565111798899515,0.8705034255981445,3.4963487897600447,3.180363246372768,117.0,594,21
fixation,166586.0380001068,0.43474796166022617,0.8685483932495117,3.493657430013021,3.132024129231771,108.0,595,21
fixation,166919.3789999485,0.4848652051554786,0.8463534083631303,3.4642774793836804,3.1026746961805554,142.0,596,21
fixation,167086.04999995232,0.49996204376220704,0.8470135748386383,3.4557159423828123,3.104962158203125,84.0,597,21
fixation,167186.0490000248,0.5504651665687561,0.8479338517555823,3.470332219050481,3.095637394831731,217.0,598,21
fixation,167419.38700008392,0.6090910543094982,0.8430298133329912,3.5031557950106533,3.0988394997336646,183.0,599,21
fixation,167636.0569999218,0.6508426070213318,0.851191814008512,3.5423407303659538,3.1606999447471216,317.0,600,21
fixation,168002.72900009155,0.5375518128275871,0.57309939712286,3.5381062825520835,3.2193196614583335,200.0,601,21
fixation,168236.06599998474,0.44210799038410187,0.5686264850876548,3.501699274236506,3.2072323885830967,184.0,602,21
fixation,168436.06999993324,0.4286374617968836,0.5434283729522459,3.4113346222908265,3.133606941469254,517.0,603,21
fixation,168969.41199994087,0.40115536749362946,0.502399967610836,3.399885559082031,3.1279266357421873,166.0,604,21
fixation,169152.74799990654,0.44034674763679504,0.4908062925464229,3.3936839856599508,3.181369982267681,317.0,605,21
fixation,169502.7539999485,0.4377835463536413,0.36572274957832535,3.4611575478001644,3.2575956645764803,317.0,606,21
fixation,169836.08999991417,0.4503270553217994,0.34424878656864166,3.530668470594618,3.298731486002604,150.0,607,21
fixation,170036.09699988365,0.4868597217968532,0.6608909411089761,3.4642726353236606,3.1571055821010043,234.0,608,21
fixation,170302.76699995995,0.5468187898397445,0.6794255286455154,3.545426940917969,3.200732421875,167.0,609,21
fixation,170502.76999998093,0.6180134969098228,0.6194900210414614,3.5139432634626115,3.1719044276646207,233.0,610,21
fixation,170769.44199991226,0.5907800508042177,0.5917020353178183,3.4478429158528647,3.1389439900716147,400.0,611,21
fixation,171186.117000103,0.558235663920641,0.6052723079919815,3.339506149291992,3.080225944519043,267.0,612,21
fixation,171486.11999988556,0.5706783910592397,0.47507390479246775,3.3249521891276044,3.151375325520833,250.0,613,21
fixation,171769.45900011063,0.5031756399707361,0.4716513935815204,3.2680518410422583,3.119565790349787,366.0,614,21
fixation,172152.79999995232,0.4703864734619856,0.4696402009576559,3.270275115966797,3.118837356567383,133.0,615,21
fixation,172336.13700008392,0.46935928033457863,0.6905176220116792,3.366842199254919,3.0578347665292247,450.0,616,21
fixation,172819.47499990463,0.42849766846859094,0.7135422690348192,3.495704419685133,3.1577079079367896,550.0,617,21
fixation,173419.49000000954,0.38734438461916787,0.5619780898094178,3.5210274832589286,3.2385441371372767,583.0,618,21
fixation,174019.49699997902,0.38633934656778973,0.5100519855817159,3.4803680419921874,3.2530721028645835,500.0,619,21
fixation,174569.50500011444,0.42261100867215323,0.3727528409046285,3.4545566334443936,3.296255672679228,283.0,620,21
fixation,174886.17499995232,0.4532036771376928,0.3368998676538467,3.49893798828125,3.329398600260417,250.0,621,21
fixation,175186.18000006676,0.4429689534008503,0.6575099349021911,3.5205474853515626,3.2319046020507813,334.0,622,21
fixation,175536.18099999428,0.42348162457346916,0.6971156746149063,3.5855484008789062,3.2926177978515625,75.0,623,21
fixation,175852.85100007057,0.431020624935627,0.7088183595074548,3.61808098687066,3.2725211249457464,292.0,624,21
fixation,176186.19099998474,0.38224769857796753,0.626920220526782,3.5776852694424717,3.2844307639382104,184.0,625,21
fixation,176402.85700011253,0.44014937803149223,0.5926916946967443,3.524829864501953,3.221472422281901,200.0,626,21
fixation,176619.52900004387,0.4057313309361537,0.5335846841335297,3.516143798828125,3.246912638346354,400.0,627,21
fixation,177036.1970000267,0.40373698572317757,0.49716745913028715,3.511968994140625,3.2752583821614585,250.0,628,21
fixation,177319.53699994087,0.42281586144651684,0.673152357339859,3.5248870849609375,3.250605991908482,233.0,629,21
fixation,177569.53900003433,0.4335202547135176,0.7249021784023002,3.5385448314525463,3.2368045383029513,450.0,630,21
fixation,178052.87800002098,0.3952457790191357,0.6305954502179072,3.5248272235576925,3.217908027844551,650.0,631,21
fixation,178736.2160000801,0.4871437663123721,0.7136864435105097,3.4813101632254466,3.0963251023065474,350.0,632,21
fixation,179119.55800008774,0.4274875670671463,0.7359235034539149,3.433626028207632,3.093629690317007,433.0,633,21
fixation,179586.2309999466,0.469805046916008,0.5279493824295376,3.3859166684358017,3.099643209706182,384.0,634,21
fixation,179986.23900008202,0.4250386158625285,0.5449052731196086,3.353778076171875,3.0964874267578124,250.0,635,21
fixation,180269.57299995422,0.39445989951491356,0.6167665710672736,3.3449792861938477,3.067756175994873,533.0,636,21
fixation,180819.58400011063,0.3827862171239631,0.603897433641345,3.348445093908975,3.0855517720067223,716.0,637,21
fixation,181569.5950000286,0.37695444375276566,0.5391845351883343,3.4051829746791293,3.165433611188616,466.0,638,21
fixation,182069.6029999256,0.463842096782866,0.5521906202747708,3.3545081728980657,3.074649629138765,350.0,639,21
fixation,182452.94400000572,0.3770393315288756,0.7064665953318278,3.333093431260851,3.0323893229166665,300.0,640,21
fixation,182802.95000004768,0.4561822051182389,0.3560562403872609,3.468921661376953,3.291510581970215,267.0,641,21
fixation,183102.95399999619,0.5048688323032565,0.48717674540310374,3.528727089486471,3.328824671303354,691.0,642,FIX_CROS
fixation,184002.9700000286,0.4959045966466268,0.49637615780035654,3.6657999674479167,3.389958699544271,242.0,643,FIX_CROS
fixation,184302.9769999981,0.38008391559123994,0.26876650750637054,3.7015228271484375,3.4342071533203127,83.0,644,21.2
fixation,184436.30900001526,0.24876924875107678,0.26022878966548224,3.5931049693714487,3.3911701549183237,184.0,645,21.2
fixation,184636.31299996376,0.21375858473281065,0.256201334297657,3.5306104024251304,3.3365402221679688,200.0,646,21.2
fixation,184852.98600006104,0.2441799576793398,0.2538847380450794,3.502508980887277,3.3052215576171875,117.0,647,21.2
fixation,185002.98699998856,0.30912078320980074,0.2650413267314434,3.579632568359375,3.3488983154296874,167.0,648,21.2
fixation,185186.3220000267,0.35912399942224676,0.26407854191281577,3.6382252086292612,3.4592243541370737,184.0,649,21.2
fixation,185402.99399995804,0.45006901713517994,0.28134070566067326,3.695722139798678,3.4921428973858175,217.0,650,21.2
fixation,185636.32899999619,0.502478988468647,0.2767332300543785,3.7316162109375,3.5037261962890627,167.0,651,21.2
fixation,185819.66599988937,0.5640613003210588,0.2653836276043545,3.705576116388494,3.435951926491477,183.0,652,21.2
fixation,186019.67100000381,0.5446699172258377,0.26272701248526575,3.657548522949219,3.406782531738281,167.0,653,21.2
fixation,186219.67600011826,0.5950094449978608,0.259844644425007,3.646710909329928,3.3726654052734375,433.0,654,21.2
fixation,186669.68700003624,0.6101516352759467,0.25747746063603294,3.6833326551649304,3.420465257432726,300.0,655,21.2
fixation,186986.35500001907,0.6353662431240081,0.2565097525715828,3.692730712890625,3.428839111328125,83.0,656,21.2
fixation,187103.0260000229,0.6985479730826157,0.2597913833764883,3.6899437537560096,3.3932272104116588,217.0,657,21.2
fixation,187353.0309998989,0.7454867859681448,0.2546408250927925,3.669987996419271,3.346530490451389,150.0,658,21.2
fixation,187536.36899995804,0.7871889412403107,0.2395545333623886,3.671783447265625,3.3076141357421873,91.0,659,21.2
fixation,187769.70600008965,0.7917753756046295,0.22576725545028845,3.5929908752441406,3.2772432963053384,192.0,660,21.2
fixation,188069.71099996567,0.2705965297562735,0.28637351734297617,3.4068102155412947,3.284334455217634,117.0,661,21.2
fixation,188219.7160000801,0.21029491779895929,0.30373049813967484,3.356048583984375,3.2373422475961537,217.0,662,21.2
fixation,188453.05200004578,0.1991271935403347,0.3033668458461761,3.3774444580078127,3.2369430541992186,167.0,663,21.2
fixation,188653.05800008774,0.2612336501479149,0.29914505321245927,3.3690643310546875,3.2053445669320912,217.0,664,21.2
fixation,188886.3940000534,0.2997380468775244,0.3394644970402998,3.412087833180147,3.207235897288603,283.0,665,21.2
fixation,189203.06299996376,0.3637687224480841,0.3525513774818844,3.4591683281792536,3.235132853190104,300.0,666,21.2
fixation,189519.73699998856,0.38214576409922707,0.35927582283814746,3.449496799045139,3.2409600151909723,158.0,667,21.2
fixation,189869.74300003052,0.42337973415851593,0.3302279182455756,3.4276053688742896,3.2172310569069604,175.0,668,21.2
fixation,190086.4170000553,0.4809948652982712,0.33599949734551565,3.4291043962751115,3.1633823939732144,233.0,669,21.2
fixation,190353.08599996567,0.5514058172702789,0.3195556278030078,3.391503651936849,3.1553573608398438,200.0,670,21.2
fixation,190569.75300002098,0.6103626454577726,0.33232389828738046,3.448647891773897,3.1410540412454044,283.0,671,21.2
fixation,190886.42700004578,0.678572878241539,0.34009417295455935,3.5141921997070313,3.160939025878906,166.0,672,21.2
fixation,191086.42700004578,0.7303358137607574,0.34181933254003527,3.5417404174804688,3.1571990966796877,166.0,673,21.2
fixation,191286.43300008774,0.7714970924637534,0.3187785229899667,3.514250321821733,3.162850119850852,183.0,674,21.2
fixation,191486.43600010872,0.7932197281292507,0.3207969782607896,3.5305557250976562,3.162581307547433,233.0,675,21.2
fixation,191803.1099998951,0.3084557592868805,0.43027357161045077,3.3857177734375,3.218829345703125,84.0,676,21.2
fixation,191919.7769999504,0.21232976876199244,0.43609057292342185,3.380906677246094,3.1834259033203125,333.0,677,21.2
fixation,192286.4509999752,0.28788601979613304,0.44147734095652896,3.3142433166503906,3.0978927612304688,208.0,678,21.2
fixation,192703.12400007248,0.3611736645301183,0.4156543728378084,3.289728800455729,3.0818684895833335,142.0,679,21.2
fixation,192869.79299998283,0.4073707989671014,0.41852331296964124,3.2991887872869317,3.0729619806463067,183.0,680,21.2
fixation,193086.46399998665,0.4612707241493113,0.4196833915570203,3.230071123908548,3.020894667681526,283.0,681,21.2
fixation,193386.46799993515,0.4838368230395847,0.4221732368071874,3.23089599609375,3.0359090169270835,150.0,682,21.2
fixation,193569.8029999733,0.5579810539881388,0.43066691358884174,3.275382632300967,3.065559750511533,350.0,683,21.2
fixation,193953.14299988747,0.6399159325020654,0.4250582169209208,3.3472889491489957,3.1005990164620534,234.0,684,21.2
fixation,194219.81699991226,0.6982994606861701,0.4199038331325238,3.383540226862981,3.1278956486628604,217.0,685,21.2
fixation,194453.1549999714,0.7651909788449606,0.40849162141482037,3.4241409301757812,3.0978673299153647,100.0,686,21.2
fixation,194569.82100009918,0.7635008215904235,0.4184266895055771,3.4537017822265623,3.1276123046875,83.0,687,21.2
fixation,194736.49000000954,0.2553046154124396,0.4879319007907595,3.348637172154018,3.2086181640625,116.0,688,21.2
fixation,194869.82699990273,0.19622995890676975,0.4954940266907215,3.3546218872070312,3.1796445846557617,267.0,689,21.2
fixation,195169.8329999447,0.27233791777065824,0.4976480241332735,3.3289969308035716,3.173752920968192,233.0,690,21.2
fixation,195436.50500011444,0.3600226505236192,0.5088991644707593,3.3258125998757104,3.1418998024680396,183.0,691,21.2
fixation,195653.1740000248,0.4068441465497017,0.5077865589410067,3.365903854370117,3.139120101928711,134.0,692,21.2
fixation,195819.84299993515,0.47209064256061206,0.5078147487206892,3.4009038751775567,3.156342939897017,183.0,693,21.2
fixation,196019.8489999771,0.5198218822479248,0.5031475194475867,3.4079354026100854,3.1820720325816763,183.0,694,21.2
fixation,196236.51799988747,0.5891742408275604,0.4998824837116095,3.4416351318359375,3.1999617356520433,216.0,695,21.2
fixation,196469.8559999466,0.6458015468987551,0.4971059533682736,3.4218569668856533,3.164481423117898,183.0,696,21.2
fixation,196686.5269999504,0.6862756294362685,0.5042758557726356,3.420986399931066,3.158984015969669,283.0,697,21.2
fixation,196986.53299999237,0.653598686059316,0.4951724484562874,3.392766316731771,3.1372655232747397,100.0,698,21.2
fixation,197103.19899988174,0.5778663846162649,0.49496432680350083,3.3778709998497596,3.1740863506610575,217.0,699,21.2
fixation,197336.54099988937,0.5433474600315094,0.499307069927454,3.405659484863281,3.179285430908203,333.0,700,21.2
fixation,197703.21300005913,0.6219801992177963,0.5021168947219848,3.4245635986328127,3.1763626098632813,167.0,701,21.2
fixation,197886.54800009727,0.6767512758572897,0.5030632932980855,3.4361572265625,3.160700480143229,250.0,702,21.2
fixation,198169.88800001144,0.7525072910568931,0.49387025562199677,3.4628462357954546,3.172342473810369,183.0,703,21.2
fixation,198369.8940000534,0.7919821391503016,0.4943590189019839,3.458775838216146,3.1412353515625,100.0,704,21.2
fixation,198569.89599990845,0.21378301456570625,0.5883884529272715,3.4033838907877603,3.213362375895182,200.0,705,21.2
fixation,198786.56500005722,0.19714190231429207,0.5963364210393693,3.4174041748046875,3.1765933566623263,150.0,706,21.2
fixation,199203.23900008202,0.30394608279069263,0.5797290603319804,3.381562974717882,3.120327419704861,142.0,707,21.2
fixation,199369.91199994087,0.32077191583812237,0.5852266363799572,3.3704967498779297,3.095766067504883,133.0,708,21.2
fixation,199536.58100008965,0.4121322089007923,0.5777671720300402,3.2994286673409596,3.0174059186662947,233.0,709,21.2
fixation,199803.25200009346,0.4957214734620518,0.5682342929972543,3.2281841701931424,2.981286790635851,300.0,710,21.2
fixation,200136.58999991417,0.5612703008311135,0.585325898868697,3.2670865740094865,3.0060392107282365,233.0,711,21.2
fixation,200403.25999999046,0.621795229613781,0.5842981263995171,3.284723917643229,3.0255724589029946,200.0,712,21.2
fixation,200619.93099999428,0.6703160588557904,0.584845306781622,3.2703446608323317,3.0599635197566104,217.0,713,21.2
fixation,200869.93799996376,0.7676070502826146,0.5735666411263602,3.3031300136021207,2.9863488333565846,233.0,714,21.2
fixation,201186.60700011253,0.2641326663168994,0.6898271035064351,3.2078316428444604,3.0368277809836646,183.0,715,21.2
fixation,201386.6099998951,0.21527140894356897,0.678625052466112,3.2019096823299633,3.006684247185202,283.0,716,21.2
fixation,201703.28200006485,0.2907804101705551,0.6720298498868942,3.1705642700195313,2.9340057373046875,167.0,717,21.2
fixation,201903.28500008583,0.3675700590014458,0.66696338057518,3.143896484375,2.91026611328125,167.0,718,21.2
fixation,202086.62199997902,0.40143406540155413,0.6751312106847763,3.1668243408203125,2.94561767578125,166.0,719,21.2
fixation,202286.62700009346,0.4829537719488144,0.673118899265925,3.22037353515625,2.9697998046875,250.0,720,21.2
fixation,202569.96099996567,0.5903051625937223,0.6756740603595972,3.2947988510131836,3.0120391845703125,267.0,721,21.2
fixation,202869.96799993515,0.661699190735817,0.6707742313543955,3.3943583170572915,3.0333124796549478,108.0,722,21.2
fixation,203186.6400001049,0.7015650229794639,0.646078748362405,3.388761247907366,3.0520455496651784,108.0,723,21.2
fixation,203336.64299988747,0.7644559442996979,0.6559114483269778,3.3740900213068183,3.034360018643466,183.0,724,21.2
fixation,203536.64499998093,0.812691409479488,0.6620486026460474,3.3046084317294033,2.956236405806108,183.0,725,21.2
fixation,203786.6519999504,0.4404098209407594,0.7357628610399034,3.206268310546875,2.948491414388021,150.0,726,21.2
fixation,203969.98699998856,0.34257186353206637,0.7585087895393372,3.220539855957031,2.987315368652344,167.0,727,21.2
fixation,204153.3220000267,0.32400811635530913,0.763232219677705,3.290929941030649,3.0244727501502404,217.0,728,21.2
fixation,204386.66000008583,0.3868339833888141,0.7519746720790863,3.2695548317649146,3.0003897927024146,183.0,729,21.2
fixation,204603.33100008965,0.4436780009418726,0.7550034057348967,3.296664237976074,2.972139358520508,267.0,730,21.2
fixation,204903.33500003815,0.39513395814334645,0.7551712428822237,3.3392522475298714,3.0351715087890625,283.0,731,21.2
fixation,205220.007999897,0.4576276151033548,0.747737338909736,3.381908710186298,3.0202484130859375,217.0,732,21.2
fixation,205470.01200008392,0.5301091350041903,0.7621249510691717,3.410192636343149,3.006146944486178,217.0,733,21.2
fixation,206036.68899989128,0.6450448036193848,0.7308264722426733,3.4317525227864585,3.0413233439127603,92.0,734,21.2
fixation,206153.35800004005,0.6773919761180878,0.732267515225844,3.453338623046875,3.0479250821200283,183.0,735,21.2
fixation,206353.36199998856,0.6905273294195216,0.7485610855386612,3.4346167381773602,3.0650663984582778,783.0,736,21.2
fixation,207186.7119998932,0.7046564314514399,0.3871860830113292,3.5162506103515625,3.2149477005004883,267.0,737,21.2
fixation,207486.7160000801,0.7873498648405075,0.40120689074198407,3.5485814412434897,3.168226877848307,200.0,738,21.2
fixation,207736.7200000286,0.7142623335123062,0.7438426226377487,3.4850997924804688,3.1489776611328124,167.0,739,21.2
fixation,207920.0569999218,0.690774079826143,0.7622067067358229,3.4943033854166665,3.1634945339626737,150.0,740,21.2
fixation,208120.05999994278,0.6067404476079074,0.42960388416593726,3.5360370982776987,3.3110088001598013,184.0,741,NOTRIAL
fixation,208353.39599990845,0.49091733743747074,0.24337293580174446,3.6307271321614585,3.3521296183268228,100.0,742,NOTRIAL
fixation,208503.4019999504,0.35786416488034384,0.3403465002775192,3.575718470982143,3.356268746512277,116.0,743,NOTRIAL
fixation,208653.40400004387,0.35477934901913005,0.29489759479959804,3.6278622945149746,3.3731117248535156,200.0,744,NOTRIAL
fixation,208886.73799991608,0.4551434636116028,0.19069999307394028,3.7091598510742188,3.4085479736328126,167.0,745,NOTRIAL
fixation,209086.74000000954,0.5277472535769144,0.18584102557765114,3.717110527886285,3.3755645751953125,150.0,746,NOTRIAL
fixation,209270.07399988174,0.5914049446582794,0.19438337002481734,3.7513645717075894,3.390496390206473,117.0,747,NOTRIAL
fixation,209420.07899999619,0.6390489930143723,0.28565607964992523,3.8603668212890625,3.5647239685058594,867.0,748,NOTRIAL
fixation,210336.76300001144,0.6715743876993656,0.6761008240282536,3.862222671508789,3.4943084716796875,133.0,749,NOTRIAL
fixation,210486.76699995995,0.6605895012617111,0.7328108350435892,3.92934799194336,3.5321006774902344,200.0,750,NOTRIAL
fixation,210736.77099990845,0.607920906941096,0.3201425810654958,4.014661661783855,3.757232666015625,250.0,751,NOTRIAL
fixation,211036.77500009537,0.6571008890867234,0.7459250777959824,3.963673400878906,3.5075424194335936,167.0,752,NOTRIAL
fixation,211253.44600009918,0.6330354078249498,0.32545793056488037,3.9587776877663354,3.650564020330256,183.0,753,NOTRIAL
fixation,211453.45000004768,0.6331698735555013,0.30155882736047107,3.9510650634765625,3.6490824381510416,250.0,754,NOTRIAL
fixation,211736.78699994087,0.5754703938961029,0.2798203408718109,3.9137298583984377,3.621083068847656,167.0,755,NOTRIAL
fixation,211953.4579999447,0.5182881040705575,0.2086130678653717,3.908626980251736,3.626034206814236,308.0,756,NOTRIAL
fixation,212420.132999897,0.5108778749903043,0.2957958107193311,3.8105951944986987,3.543956756591797,192.0,757,NOTRIAL
fixation,212653.4700000286,0.5775703081062862,0.2959158518484661,3.6871922084263393,3.399642072405134,583.0,758,NOTRIAL
fixation,213253.48300004005,0.5408139862120152,0.30117566883563995,3.623764038085938,3.423004150390625,133.0,759,NOTRIAL
fixation,213403.48300004005,0.5736074880475089,0.3041592680272602,3.674965268089658,3.4222975231352306,700.0,760,NOTRIAL
fixation,214120.15700006485,0.5109308049082756,0.30472825914621354,3.599015808105469,3.368060302734375,167.0,761,NOTRIAL
fixation,214320.16499996185,0.5677474472257826,0.2847776826885011,3.6091376410590277,3.3096550835503473,150.0,762,NOTRIAL
fixation,214503.50099992752,0.5812837059299151,0.49555473774671555,3.549585978190104,3.2684033711751304,408.0,763,NOTRIAL
fixation,215086.8480000496,0.6082008140427726,0.4873201698064804,3.58209228515625,3.3186427525111606,109.0,764,NOTRIAL
fixation,215236.84999990463,0.6491721464054925,0.4943121501377651,3.5446439470563615,3.267153058733259,233.0,765,NOTRIAL
fixation,215486.84999990463,0.6621848713783991,0.5047053155444917,3.495234898158482,3.201232183547247,350.0,766,NOTRIAL
fixation,215853.52900004387,0.6426370420626232,0.5107654120240893,3.4980272565569197,3.228458949497768,233.0,767,NOTRIAL
fixation,216136.86999988556,0.6605543169108304,0.7426788183775815,3.5696804162227744,3.1834406997218276,550.0,768,NOTRIAL
fixation,216703.5490000248,0.661248285085597,0.721791424649827,3.5490583054562834,3.1491637534283576,783.0,769,NOTRIAL
fixation,217520.23200011253,0.5952200825725283,0.5110080455030713,3.529066903250558,3.201829092843192,234.0,770,NOTRIAL
fixation,217770.23900008202,0.5752326011657715,0.5043233215808869,3.514329528808594,3.2598587036132813,167.0,771,NOTRIAL
fixation,217986.91100001335,0.39177439113457996,0.5184309813711379,3.4823506673177085,3.2186347113715277,150.0,772,NOTRIAL
fixation,218153.5799999237,0.3548302587709929,0.5164599724506077,3.4671044600637337,3.225447002210115,316.0,773,NOTRIAL
fixation,218503.5869998932,0.45985123244198883,0.4963340312242508,3.4775432239879263,3.2244110107421875,183.0,774,NOTRIAL
fixation,218703.59299993515,0.4985960690038545,0.5009359182523829,3.5132538931710378,3.2776565551757812,933.0,775,NOTRIAL
fixation,219686.94899988174,0.43918195366859436,0.8720209449529648,3.5920654296875,3.2220733642578123,175.0,776,NOTRIAL
fixation,220320.28699994087,0.5602991878986359,0.6728636676614935,3.7308807373046875,3.3377949107776987,184.0,777,NOTRIAL
fixation,220520.29699993134,0.6550402164459228,0.7033834367990494,3.8086807250976564,3.426319885253906,167.0,778,NOTRIAL
fixation,220736.96700000763,0.6052364579268864,0.3403252863458225,3.8092237200055803,3.5661708286830356,233.0,779,NOTRIAL
fixation,221020.30399990082,0.6682469695806503,0.734569617680141,3.7831388201032365,3.4003819056919644,234.0,780,FIX_CROS
fixation,221303.6440000534,0.5277242004871369,0.4712698258459568,3.8358718872070314,3.545978546142578,341.0,781,FIX_CROS
fixation,221770.3180000782,0.513362642377615,0.5014751926064491,3.7771143232073103,3.498401641845703,459.0,782,FIX_CROS
fixation,222270.32500004768,0.3912474699318409,0.43789688125252724,3.7295799255371094,3.506500244140625,67.0,783,21.1
fixation,222370.32800006866,0.24502115222540768,0.4331984249028293,3.658262772993608,3.487912264737216,184.0,784,21.1
fixation,222586.99900007248,0.20422095334843585,0.4239543339139537,3.579484638414885,3.3731753700657894,317.0,785,21.1
fixation,222953.67100000381,0.2952983990311623,0.4350969403982162,3.4865493774414062,3.319410705566406,167.0,786,21.1
fixation,223137.00699996948,0.34113255685025995,0.45128141749988904,3.4769772616299717,3.322104714133523,184.0,787,21.1
fixation,223337.00900006294,0.3763393676943249,0.45071306162410313,3.450627644856771,3.31607903374566,150.0,788,21.1
fixation,223520.3489999771,0.4537341117858887,0.43868619203567505,3.4385833740234375,3.282635498046875,83.0,789,21.1
fixation,223620.34599995613,0.47119831542174023,0.43605924646059674,3.4298629760742188,,100.0,790,21.1
fixation,223737.01799988747,0.532325267791748,0.4159338308705224,3.4364793565538196,,300.0,791,21.1
fixation,224053.69000005722,0.5346661806106567,0.4344971850514412,3.4512939453125,3.2956886291503906,67.0,792,21.1
fixation,224153.6930000782,0.6191125139594078,0.4363447166979313,3.518320083618164,3.319110870361328,133.0,793,21.1
fixation,224370.36100006104,0.6850958824157715,0.40643938779830935,3.5734710693359375,,83.0,794,21.1
fixation,224487.0299999714,0.733638197183609,0.4099154621362686,3.6070098876953125,,100.0,795,21.1
fixation,224603.69899988174,0.7203164994716644,0.4294870160520077,3.6215744018554688,3.369678497314453,67.0,796,21.1
fixation,224703.70000004768,0.7855276332961189,0.4236926900015937,3.663762410481771,3.3422088623046875,158.0,797,21.1
fixation,225020.375,0.22319383972457477,0.48638976152454105,3.576141357421875,3.3635025024414062,225.0,798,21.1
fixation,225287.04600000381,0.2936897117357988,0.5008778377221181,3.5455697866586537,3.2908219557542067,217.0,799,21.1
fixation,225537.0529999733,0.36085479855537417,0.5036289602518081,3.523541259765625,3.25877685546875,92.0,800,21.1
fixation,225803.72600007057,0.4282725913958116,0.4844504933465611,3.5092357288707388,3.2950023304332388,175.0,801,21.1
fixation,226020.39599990845,0.5055230677127838,0.49734836369752883,3.4934234619140625,3.2540878295898437,166.0,802,21.1
fixation,226220.3980000019,0.5667563353975614,0.4969070901473363,3.4402796427408853,3.1781946818033853,200.0,803,21.1
fixation,226453.73699998856,0.640642770131429,0.5104040841261546,3.4911712646484374,3.221746826171875,250.0,804,21.1
fixation,226737.0759999752,0.695517188972897,0.5112910088565614,3.5534210205078125,3.2908460828993054,150.0,805,21.1
fixation,226920.41599988937,0.7772314958274364,0.49964938778430223,3.605042457580567,3.26688289642334,266.0,806,21.1
fixation,227253.75500011444,0.39005416205951143,0.5716640778950283,3.575406755719866,3.320704868861607,117.0,807,21.1
fixation,227403.75699996948,0.33543627995711106,0.5848081432856046,3.594727736253005,3.2992635873647838,217.0,808,21.1
fixation,227670.43000006676,0.4286530315876007,0.5818784907460213,3.6156196594238286,3.274900436401367,133.0,809,21.1
fixation,227837.10100007057,0.48914498537778855,0.5836559534072876,3.5709182739257814,3.234568786621094,167.0,810,21.1
fixation,228020.43799996376,0.5453675009987571,0.5801159495657141,3.548177545720881,3.211972323330966,183.0,811,21.1
fixation,228220.4430000782,0.5939822673797608,0.5768636703491211,3.529521179199219,3.197804260253906,166.0,812,21.1
fixation,228403.77900004387,0.6524112615734339,0.56909154728055,3.498981475830078,3.1782989501953125,267.0,813,21.1
fixation,228687.11800003052,0.6796872019767761,0.576841781536738,3.4834264119466147,3.188140869140625,200.0,814,21.1
fixation,228937.12299990654,0.5988867335459765,0.43290882426149707,3.466252046472886,3.2521110983455883,284.0,815,NOTRIAL
fixation,229253.7990000248,0.6277580191107357,0.2975578562301748,3.5585820815142464,3.239261402803309,283.0,816,NOTRIAL
fixation,229553.80100011826,0.638135063427466,0.29097001530505995,3.6160673918547452,3.2982850251374423,450.0,817,NOTRIAL
fixation,230020.4779999256,0.6213618616263071,0.29404426051510707,3.664827813042535,3.32068108452691,750.0,818,NOTRIAL
fixation,230837.1589999199,0.6583330854773521,0.5210201218724251,3.6259689331054688,3.287996292114258,134.0,819,NOTRIAL
fixation,230987.1630001068,0.6400865130954319,0.5069373541408115,3.6409874810112846,3.3085693359375,750.0,820,NOTRIAL
fixation,231753.8440001011,0.6558007781322186,0.5154809814233047,3.6445758526141825,3.31124760554387,217.0,821,NOTRIAL
fixation,231987.18000006676,0.6540000902281867,0.5066160245074166,3.6361541748046875,3.3025682237413196,150.0,822,NOTRIAL
fixation,232170.51600003242,0.5796816303179815,0.5014893022867349,3.6066495455228367,3.289616511418269,224.0,823,NOTRIAL
fixation,232587.18700003624,0.6429827314502788,0.5056655890536759,3.470602071510171,3.21157491432046,876.0,824,NOTRIAL
fixation,233487.20600008965,0.5896060168743134,0.5005044683814048,3.3555755615234375,3.174024963378906,167.0,825,NOTRIAL
fixation,233670.5420000553,0.5755025876892937,0.5006178865830103,3.397513495551215,3.191524929470486,150.0,826,NOTRIAL
fixation,233837.21300005913,0.5012558773159981,0.5049730148166418,3.4595947265625,3.213881492614746,267.0,827,NOTRIAL
fixation,234137.21799993515,0.5728047817945481,0.5148871950805187,3.5025871276855467,3.1884750366210937,334.0,828,NOTRIAL
fixation,234537.22199988365,0.6597336413892539,0.7268400764143145,3.527563971442145,3.146670367266681,1234.0,829,NOTRIAL
fixation,236428.91799998283,0.5867739995320638,0.4138495196898778,3.7452992757161456,3.4423431396484374,249.0,830,NOTRIAL
fixation,236728.93000006676,0.4692576550520383,0.4226009983282823,3.7366473858173084,3.483575674203726,217.0,831,NOTRIAL
fixation,236978.93600010872,0.5035476429121835,0.2909395417996815,3.8160247802734375,3.524379185267857,117.0,832,NOTRIAL
fixation,237128.9319999218,0.5970553060372671,0.26342875676022637,3.8602057562934027,3.508661905924479,150.0,833,NOTRIAL
fixation,237328.93799996376,0.6419112665785683,0.4920783376409894,3.7506505572606645,3.43186769031343,2100.0,834,NOTRIAL
fixation,239928.98799991608,0.6064174920320511,0.555199208855629,3.694688415527344,3.336689758300781,167.0,835,NOTRIAL
fixation,240112.3220000267,0.6391894340515136,0.4990416198968887,3.7309295654296877,3.38807373046875,84.0,836,NOTRIAL
fixation,240262.32699990273,0.5092259910371568,0.4979508055580987,3.574159410264757,3.3054847717285156,601.0,837,NOTRIAL
fixation,240895.6700000763,0.48597059547901156,0.5839597761631012,3.5429901123046874,3.269696044921875,83.0,838,9
fixation,241029.00699996948,0.3021342257658641,0.8746271663241916,3.5447862413194446,3.306277804904514,150.0,839,9
fixation,241195.6779999733,0.2577779797407297,0.8954335542825552,3.6344569279597354,3.3805506779597354,217.0,840,9
fixation,241729.01799988747,0.4034850597381592,0.864567461113135,3.501514434814453,3.2439804077148438,192.0,841,9
fixation,241962.35800004005,0.5014743566513061,0.8689609736204147,3.4828857421875,3.1673934936523436,166.0,842,9
fixation,242162.36100006104,0.5473517051764897,0.8754578573363168,3.4748992919921875,3.158360072544643,116.0,843,9
fixation,242329.0299999714,0.6274388581514359,0.8761868725220362,3.523345947265625,3.1634229024251304,200.0,844,9
fixation,242645.70399999619,0.7254174394266946,0.8734753451177052,3.5893031529017856,3.183561052594866,233.0,845,9
fixation,242945.7079999447,0.5096456959843636,0.5498610436916351,3.5940338134765626,3.23345947265625,333.0,846,9
fixation,243295.71499991417,0.49582852099252783,0.6087205604366634,3.681017004925272,3.280778304390285,383.0,847,9
fixation,243712.38899993896,0.5350988376885653,0.4630325175821781,3.648975372314453,3.364675521850586,266.0,848,9
fixation,244012.39299988747,0.4586867495225026,0.473085859647164,3.576825655423678,3.299878633939303,216.0,849,9
fixation,244245.73200011253,0.44554850459098816,0.4889238451917966,3.5965398152669272,3.27032470703125,100.0,850,9
fixation,244379.06699991226,0.46181554968158406,0.6387162953615189,3.6165288289388022,3.263425827026367,400.0,851,9
fixation,244812.40700006485,0.5540208909660578,0.44354686234146357,3.5559349060058594,3.3417558670043945,266.0,852,9
fixation,245112.4130001068,0.6095553338527679,0.5010138239179339,3.5253186907087053,3.2280077253069197,124.0,853,9
fixation,245412.41499996185,0.5705612708221782,0.49905747310681775,3.5577239990234375,3.2806535200639204,175.0,854,9
fixation,245645.74300003052,0.49577051773667336,0.6355967397491137,3.610497792561849,3.2452379862467446,200.0,855,9
fixation,245912.41400003433,0.39312625357082914,0.6555033419813429,3.5026497977120536,3.202829415457589,583.0,856,9
fixation,246529.0940001011,0.49699346179311926,0.622919193722985,3.4492659135298296,3.1356242786754263,184.0,857,9
fixation,246762.43400001526,0.48382028192281723,0.44707068242132664,3.454212188720703,3.230152130126953,133.0,858,9
fixation,246929.10100007057,0.44836364473615375,0.46955888186182293,3.5134691510881697,3.2980946132114957,234.0,859,9
fixation,247195.77099990845,0.5991808772087097,0.5049829483032227,3.6698359736689814,3.378726535373264,450.0,860,9
fixation,247679.11199998856,0.7206078355128949,0.8605099114087912,3.834613506610577,3.467760526216947,217.0,861,9
fixation,247945.7799999714,0.5442154226881085,0.5029230474522619,3.8708995472301138,3.5418960108901514,550.0,862,9
fixation,248529.12400007248,0.5128371186794773,0.5013557124522424,3.7817225302419355,3.471431609122984,517.0,863,FIX_CROS
fixation,249079.13100004196,0.4790828824043274,0.465681791305542,3.6898999895368303,3.4631805419921875,125.0,864,FIX_CROS
fixation,249545.80200004578,0.2609908916056156,0.3520992025732994,3.649463653564453,3.4825439453125,67.0,865,9.2
fixation,249645.80599999428,0.20903251096606254,0.34906505346298217,3.6468734741210938,3.431355285644531,167.0,866,9.2
fixation,249829.14299988747,0.2448939656217893,0.34740883857011795,3.5817031860351562,3.3941853841145835,100.0,867,9.2
fixation,249962.48000001907,0.3044012581760233,0.36115176704796875,3.493040605024858,3.314473932439631,183.0,868,9.2
fixation,250179.1480000019,0.3689498588442802,0.3747239291667938,3.4179763793945312,3.2677841186523438,167.0,869,9.2
fixation,250379.1510000229,0.44617770115534466,0.37462208916743595,3.441095987955729,3.2740249633789062,200.0,870,9.2
fixation,250595.82299995422,0.47181573510169983,0.3780375063419342,3.4402099609375,3.2785430908203126,83.0,871,9.2
fixation,250695.82299995422,0.5348173320293427,0.3629524141550064,3.4676361083984375,3.29688720703125,91.0,872,9.2
fixation,251045.82899999619,0.6311487207810084,0.3505157095690568,3.509141286214193,3.2711448669433594,200.0,873,9.2
fixation,251279.16799998283,0.6962957878907522,0.3602403882477019,3.498540242513021,3.2220594618055554,150.0,874,9.2
fixation,251462.50300002098,0.7583255713636224,0.3433749648657712,3.461324518377131,3.1522563587535513,183.0,875,9.2
fixation,251679.17300009727,0.8016491159796715,0.33901278860867023,3.4431705474853516,3.1031970977783203,134.0,876,9.2
fixation,251895.8450000286,0.2531648783220185,0.4622169749604331,3.3476698133680554,3.19663323296441,150.0,877,9.2
fixation,252062.51399993896,0.20288911994014466,0.45986794999667574,3.367922101702009,3.1900929042271207,233.0,878,9.2
fixation,252329.18499994278,0.28954874724149704,0.4661922628680865,3.386744181315104,3.1624768575032554,200.0,879,9.2
fixation,252562.52099990845,0.3235463425517082,0.46208492666482925,3.3583196004231772,3.1514790852864585,100.0,880,9.2
fixation,252695.8559999466,0.3860468491911888,0.46841760352253914,3.363775889078776,3.1649513244628906,200.0,881,9.2
fixation,252912.52900004387,0.44678756793340046,0.4649187217156092,3.358228556315104,3.1740142822265627,250.0,882,9.2
fixation,253179.19799995422,0.4745814800262451,0.4709251662095388,3.3898050944010416,3.1930246988932294,250.0,883,9.2
fixation,253445.8710000515,0.4350931070744991,0.47668549343943595,3.377127838134766,3.1935874938964846,333.0,884,9.2
fixation,253829.21099996567,0.563184122244517,0.4590225840608279,3.318170335557726,3.1295445760091147,300.0,885,9.2
fixation,254145.882999897,0.6126604219277699,0.4626627922058105,3.311290486653646,3.113642374674479,250.0,886,9.2
fixation,254412.5569999218,0.6423456251621247,0.458431139588356,3.3099456787109376,3.0985931396484374,83.0,887,9.2
fixation,254512.54800009727,0.6419296860694885,0.46191144237915677,3.3399505615234375,3.1116154988606772,100.0,888,9.2
fixation,254645.88199996948,0.6941405557669126,0.4606724473146292,3.355509244478666,3.1102940486027646,433.0,889,9.2
fixation,255112.55599999428,0.7563114960988363,0.44971707587440807,3.3861516316731772,3.1168111165364585,200.0,890,9.2
fixation,255329.23399996758,0.7890092432498932,0.4437068658215659,3.4119764055524553,3.071077619280134,117.0,891,9.2
fixation,255545.9010000229,0.21742499950859281,0.555956459707684,3.354521009657118,3.1916334364149304,150.0,892,9.2
fixation,255712.56299996376,0.17739038666089377,0.5428018346428871,3.365403493245443,3.1485188802083335,200.0,893,9.2
fixation,255929.24300003052,0.1950526863336563,0.5465384811162949,3.3816314697265626,3.1383895874023438,167.0,894,9.2
fixation,256429.24300003052,0.3383773326873779,0.5267834901809693,3.340948486328125,3.0751983642578127,76.0,895,9.2
fixation,256529.24399995804,0.3671640336513519,0.5278072655200958,3.344818115234375,3.0875762939453124,84.0,896,9.2
fixation,256645.91899991035,0.4375029770391328,0.5316651484795979,3.3108923775809154,3.050994873046875,233.0,897,9.2
fixation,256912.58800005913,0.5486356047066775,0.5247871577739716,3.2817022150213067,3.0131877552379263,183.0,898,9.2
fixation,257112.5869998932,0.5948262155056,0.5246057868003845,3.297186279296875,3.045221964518229,250.0,899,9.2
fixation,257379.26300001144,0.6246632556120555,0.5332233230272929,3.3315938313802085,3.086505126953125,250.0,900,9.2
fixation,257662.58800005913,0.6744218170642853,0.543908579991414,3.3968529334435096,3.151959932767428,216.0,901,9.2
fixation,257912.5940001011,0.7359375774860382,0.5403105527162552,3.470367431640625,3.1373275756835937,166.0,902,9.2
fixation,258112.6059999466,0.7839285507798195,0.5341467758019766,3.4944559733072915,3.1541124979654946,200.0,903,9.2
fixation,258329.2730000019,0.8148736298084259,0.5268489509820938,3.508941650390625,3.174603271484375,167.0,904,9.2
fixation,258562.60899996758,0.5054740043623107,0.6244287937879562,3.5089002336774553,3.1659763881138394,233.0,905,9.2
fixation,258812.61400008202,0.48045744272795593,0.6295732882889834,3.556264703924006,3.1658741344105112,183.0,906,9.2
fixation,259012.61800003052,0.49575944583524356,0.6317997547713193,3.5396770130504263,3.1580061479048296,374.0,907,9.2
fixation,259562.62599992752,0.5070703576008478,0.5966585427522659,3.5183563232421875,3.1411336263020835,92.0,908,9.2
fixation,259729.2950000763,0.7514229687777433,0.521979346871376,3.561226584694602,3.171876387162642,184.0,909,NOTRIAL
fixation,259962.63000011444,0.5465198159217834,0.25659219175577164,3.5506072998046876,3.247477722167969,166.0,910,NOTRIAL
fixation,260162.63100004196,0.637891537245409,0.2857037755074324,3.630040675033758,3.304316202799479,1350.0,911,NOTRIAL
fixation,261545.98799991608,0.5841724961996079,0.2934202954173088,3.6459442138671876,3.3295639038085936,167.0,912,NOTRIAL
fixation,261729.3259999752,0.5733914027611414,0.29602016881108284,3.6386502583821616,3.3709678649902344,200.0,913,NOTRIAL
fixation,261962.66400003433,0.6437381009260813,0.4946243819736299,3.583952404203869,3.33474368140811,350.0,914,NOTRIAL
fixation,262346.0009999275,0.585865168408914,0.4960152371363206,3.60064697265625,3.3617990667169746,367.0,915,NOTRIAL
fixation,262762.6770000458,0.656882424027689,0.7270610683387325,3.681549072265625,3.3110816709456907,1041.0,916,NOTRIAL
fixation,264279.3710000515,0.6112299561500549,0.5466760184083667,3.7313243321010043,3.353339059012277,233.0,917,NOTRIAL
fixation,264546.04399991035,0.5083189743757248,0.45450021982192995,3.764676513671875,3.532840576171875,425.0,918,FIX_CROS
fixation,265179.3910000324,0.47487986939293997,0.4395070118563516,3.7195260184151784,3.5047149658203125,108.0,919,FIX_CROS
fixation,265312.7269999981,0.4972459904172204,0.46032883768731897,3.7115020751953125,3.4792619185014204,183.0,920,9.1
fixation,265662.73300004005,0.23983389941545633,0.31295253794926864,3.6719160813551683,3.4835909329927883,217.0,921,9.1
fixation,265912.74000000954,0.3114093646407127,0.3217426329851151,3.6081939697265626,3.4103439331054686,167.0,922,9.1
fixation,266112.7460000515,0.3907111896709962,0.32792245935310016,3.5138605291193183,3.3597911487926138,183.0,923,9.1
fixation,266346.08599996567,0.4903569287723965,0.3260914501216676,3.5170135498046875,3.315426296657986,150.0,924,9.1
fixation,266512.7569999695,0.47527314722537994,0.3270961471966335,3.4926605224609375,3.331538609095982,117.0,925,9.1
fixation,266662.75900006294,0.5434271653493246,0.32434566617012023,3.534862263997396,3.3466145833333334,250.0,926,9.1
fixation,266946.09999990463,0.6278112795617845,0.32332082755035824,3.5628178914388022,3.3169674343532987,300.0,927,9.1
fixation,267279.4430000782,0.6851954996585846,0.32411628365516665,3.5877044677734373,3.2969345092773437,166.0,928,9.1
fixation,267479.4460000992,0.7287244471636686,0.31526498902927746,3.5536069003018467,3.251503684303977,183.0,929,9.1
fixation,267696.1180000305,0.7765544354915619,0.30485989650090534,3.5423609415690103,3.2284723917643228,108.0,930,9.1
fixation,268029.4590001106,0.28604757487773896,0.39624533653259275,3.47462158203125,3.32117919921875,75.0,931,9.1
fixation,268146.1289999485,0.23517930736908546,0.40648093819618225,3.509051983173077,3.2967364971454325,217.0,932,9.1
fixation,268396.13499999046,0.27681822043198806,0.40589205576823306,3.4157210129957933,3.198023869441106,217.0,933,9.1
fixation,268629.4739999771,0.33151249753104317,0.4195127586523692,3.3805118136935763,3.1817220052083335,150.0,934,9.1
fixation,268812.8110001087,0.39800655491211834,0.419918310992858,3.3938446044921875,3.1678825827205883,283.0,935,9.1
fixation,269129.48600006104,0.4461240144446492,0.4117309059947729,3.4018383026123047,3.186931610107422,266.0,936,9.1
fixation,269412.82800006866,0.4451225293534143,0.41433544882706236,3.423834664481027,3.216831752232143,117.0,937,9.1
fixation,269562.83100008965,0.48650604486465454,0.4172154739499092,3.456629435221354,3.2472076416015625,100.0,938,9.1
fixation,269696.1670000553,0.5128399084011713,0.42050230337513816,3.4342041015625,3.194083319769965,158.0,939,9.1
fixation,270046.1740000248,0.57427358101396,0.3909795152790406,3.423989688648897,3.1764068603515625,276.0,940,9.1
fixation,270362.8450000286,0.6292410424122443,0.4047575719081439,3.3815460205078125,3.0671410193810096,217.0,941,9.1
fixation,270612.84999990463,0.6977822757684268,0.4143512650178029,3.362188485952524,3.048315194936899,217.0,942,9.1
fixation,270846.18799996376,0.7241218421194289,0.4129950834645165,3.367251925998264,3.0621846516927085,150.0,943,9.1
fixation,271012.8559999466,0.7737811903158823,0.3891625876228015,3.3546142578125,3.0452245076497397,100.0,944,9.1
fixation,271212.86199998856,0.23368857268776214,0.5231500693729946,3.2488795689174106,3.1217193603515625,117.0,945,9.1
fixation,271346.1970000267,0.20690094605088233,0.5057632923126221,3.2891265869140627,3.12213134765625,167.0,946,9.1
fixation,271546.19899988174,0.26207777857780457,0.5042004207005868,3.2838228665865383,3.107288067157452,217.0,947,9.1
fixation,271779.53900003433,0.3094677433371544,0.5036907702684402,3.23985595703125,3.0369354248046876,166.0,948,9.1
fixation,271979.5420000553,0.37615259885787966,0.504668852686882,3.247552490234375,3.02567138671875,91.0,949,9.1
fixation,272279.5460000038,0.43022426537105013,0.4755097244467054,3.3105294363839284,3.0598253522600447,116.0,950,9.1
fixation,272429.5490000248,0.5160357783238093,0.48449298441410066,3.266252644856771,3.0631622314453124,250.0,951,9.1
fixation,272696.2200000286,0.5433406889438629,0.4916205912828445,3.2129669189453125,3.01683349609375,84.0,952,9.1
fixation,272812.8910000324,0.6186979878693819,0.5016213674098253,3.237727165222168,3.01632022857666,267.0,953,9.1
fixation,273112.89199995995,0.6760658447941145,0.5073137606183687,3.2801411946614585,3.0470097859700522,200.0,954,9.1
fixation,273329.5559999943,0.7353987365961074,0.5017010271549225,3.324778747558594,3.0505661010742187,166.0,955,9.1
fixation,273512.89199995995,0.7921243475543128,0.4935321857531865,3.36507331000434,3.019373575846354,150.0,956,9.1
fixation,273746.239000082,0.27011839619704653,0.5990915170737675,3.3018297467912947,3.0629708426339284,117.0,957,9.1
fixation,273879.5710000992,0.21511611193418503,0.5953076392412185,3.293537902832031,3.070849609375,166.0,958,9.1
fixation,274079.57800006866,0.25882701265315217,0.5917754545807838,3.3054072062174478,3.071308135986328,200.0,959,9.1
fixation,274312.9159998894,0.3617589436471462,0.5860990335543951,3.339738210042318,3.0684967041015625,200.0,960,9.1
fixation,274546.25200009346,0.4207464709877968,0.5862447381019592,3.33446044921875,3.0667404174804687,167.0,961,9.1
fixation,275412.9289999008,0.7136120915412902,0.5666627526283264,3.3642974853515626,3.119921875,83.0,962,9.1
fixation,275529.59999990463,0.7688196390867233,0.5564826458692551,3.3348953247070314,3.0256256103515624,166.0,963,9.1
fixation,275746.2690000534,0.5073841431311199,0.6410021790436335,3.2718575613839285,2.9747950962611607,584.0,964,9.1
fixation,276379.61199998856,0.6155661394198736,0.38981549193461734,3.414306640625,3.1678390502929688,100.0,965,9.1
fixation,276496.2799999714,0.6145122349262238,0.40181009843945503,3.4587745666503906,3.1512413024902344,67.0,966,9.1
fixation,276596.28200006485,0.7083457092444102,0.3967092593510946,3.5221466064453124,3.228313191731771,250.0,967,NOTRIAL
fixation,276896.2839999199,0.6257915049791336,0.31165013313293455,3.6188385009765627,3.2944686889648436,167.0,968,NOTRIAL
fixation,277079.61999988556,0.6286822232333097,0.28227586908773944,3.6768243963068183,3.3516901189630683,183.0,969,NOTRIAL
fixation,277296.2920000553,0.5728344218598471,0.29220183690388996,3.809529791937934,3.503461710611979,1500.0,970,NOTRIAL
fixation,278829.6440000534,0.5742847647737054,0.4886149286347277,3.816774704877068,3.5150343951056984,566.0,971,NOTRIAL
fixation,279429.6489999294,0.6665208439032236,0.7383491347233454,3.8856328328450522,3.453266143798828,200.0,972,NOTRIAL
fixation,279679.66000008583,0.5983305325110754,0.5080066795150439,3.9012518988715277,3.5023651123046875,300.0,973,NOTRIAL
fixation,280012.9990000725,0.6495931014722708,0.7346563041210175,3.797582820970185,3.377125019929847,817.0,974,NOTRIAL
fixation,280863.00999999046,0.5855953842401505,0.8370085567235946,3.720018005371094,3.3123550415039062,167.0,975,NOTRIAL
fixation,281063.0150001049,0.4522994440048933,0.84850181825459,3.736068725585938,3.4127607345581055,267.0,976,NOTRIAL
fixation,281996.364000082,0.5911579898425511,0.6968720768179212,3.7679356166294644,3.3605150495256697,115.0,977,NOTRIAL
fixation,282146.3680000305,0.5409317761659622,0.4338104637960593,3.6638094584147134,3.453894297281901,200.0,978,NOTRIAL
fixation,282396.375,0.48778828978538513,0.28564877642525566,3.6475389268663196,3.427678426106771,150.0,979,NOTRIAL
fixation,282579.7079999447,0.5594979822635651,0.2832593787461519,3.605466842651367,3.3730716705322266,133.0,980,NOTRIAL
fixation,282779.7119998932,0.37267519641613617,0.47988233250984247,3.564571435900702,3.3709643820057744,1150.0,981,NOTRIAL
fixation,284629.74399995804,0.5598506256937981,0.595626924186945,3.9117317199707036,3.5335235595703125,132.0,982,NOTRIAL
fixation,284796.4089999199,0.5158051967620849,0.4652257482210795,3.7956776936848957,3.4697774251302085,250.0,983,NOTRIAL
fixation,285063.08100008965,0.5136318306128184,0.49098410581549007,3.717884063720703,3.396320343017578,200.0,984,NOTRIAL
fixation,285296.4200000763,0.4795073526246207,0.38568227205957684,3.7036873953683034,3.4605843680245534,116.0,985,4
fixation,285446.4240000248,0.47174709141254423,0.5885762512683869,3.67481689453125,3.3085418701171876,91.0,986,4
fixation,285713.09299993515,0.39175075590610503,0.8427078545093536,3.572747802734375,3.2494354248046875,76.0,987,4
fixation,285813.0940001011,0.3516198160747687,0.8707199444373449,3.5714797973632812,3.2456067403157554,200.0,988,4
fixation,286079.76699995995,0.45932825058698656,0.8891787678003311,3.6025238037109375,3.2200714111328126,167.0,989,4
fixation,286279.7730000019,0.5457953289151192,0.8876611292362213,3.637035369873047,3.200450897216797,75.0,990,4
fixation,286579.7769999504,0.48045682444654664,0.8716856354269488,3.6332250134698274,3.2762488003434806,483.0,991,4
fixation,287096.4519999027,0.5421441885141226,0.8787630429634681,3.6048818734975963,3.224530733548678,216.0,992,4
fixation,287346.4549999237,0.6360899269580841,0.883073623975118,3.6158182779947916,3.2093180338541667,250.0,993,4
fixation,287646.46099996567,0.5057354420423508,0.504714843417917,3.571406773158482,3.2475989205496654,233.0,994,4
fixation,287896.46399998665,0.5201120097190142,0.5022692959755659,3.561944007873535,3.2302541732788086,266.0,995,4
fixation,288196.4700000286,0.6023374325595796,0.510661197360605,3.4947314262390137,3.1679294109344482,1066.0,996,4
fixation,289313.15400004387,0.43256364656346186,0.5662060443844114,3.5670569283621654,3.231243678501674,234.0,997,4
fixation,289563.1619999409,0.43830747847203855,0.5358465236646158,3.5101227936921298,3.1891632080078125,450.0,998,4
fixation,290046.5,0.37999160979923446,0.5614858136365288,3.3714704011615955,3.111926430150082,633.0,999,4
fixation,290696.5120000839,0.4378689590000337,0.5363426823769847,3.2644810830393145,3.017666232201361,516.0,1000,4
fixation,291246.5220000744,0.48123130574822426,0.56457579433918,3.244274139404297,3.0050079345703127,333.0,1001,4
fixation,291613.1940000057,0.5538295677730015,0.5644762061891102,3.2994268508184526,3.005679902576265,350.0,1002,4
fixation,291996.5339999199,0.5248118720271371,0.5021332949399948,3.312283602627841,3.0927498557350854,183.0,1003,4
fixation,292213.2009999752,0.6003066075259241,0.5005507366410618,3.3111298659752153,3.046788182751886,484.0,1004,4
fixation,292713.21099996567,0.5990244150161743,0.5038759678602218,3.2994964599609373,3.0277618408203124,84.0,1005,4
fixation,292846.5499999523,0.6432448476552963,0.695774515469869,3.3442518446180554,2.969796074761285,300.0,1006,4
fixation,293179.88899993896,0.5297641293569044,0.684429794549942,3.305999755859375,2.9477400346235796,183.0,1007,4
fixation,293413.2269999981,0.4029836032320471,0.5871533663833842,3.290955487419577,2.95698517444087,850.0,1008,4
fixation,294296.57399988174,0.47730714579423267,0.595325978029342,3.288937523251488,2.9798097156343006,350.0,1009,4
fixation,294679.91400003433,0.4868407293602272,0.6314040058188968,3.2924154776114003,2.971301043475116,450.0,1010,4
fixation,295163.25500011444,0.5619591396105917,0.5885230412608699,3.32979985287315,2.9877275165758634,634.0,1011,4
fixation,295829.9309999943,0.5658416937698018,0.6693742573261261,3.3271969881924717,2.976256630637429,367.0,1012,4
fixation,296229.93700003624,0.47629614174366,0.6838569303353628,3.333301798502604,3.006699625651042,250.0,1013,4
fixation,296513.2739999294,0.4765127887328466,0.618256022532781,3.334698486328125,3.031627400716146,250.0,1014,4
fixation,296796.61100006104,0.5738235165675482,0.6121581027905146,3.352837626139323,3.0192693074544272,500.0,1015,4
fixation,297329.9549999237,0.547822219133377,0.526197475194931,3.2731903076171873,3.0312652587890625,167.0,1016,4
fixation,297513.2869999409,0.5233205940042224,0.5125980776335511,3.261780330113002,3.0195655822753906,467.0,1017,4
fixation,298013.29399991035,0.44228723361378625,0.5182352378254845,3.1984747023809526,2.983949933733259,350.0,1018,4
fixation,298379.96799993515,0.3798741064965725,0.5788595676422119,3.2247645060221353,2.957291920979818,200.0,1019,4
fixation,298596.6370000839,0.39493855585654575,0.6114122702015771,3.293837653266059,2.979548136393229,300.0,1020,4
fixation,298929.9760000706,0.4774002104997635,0.5847442209720611,3.3824117024739584,3.058038330078125,250.0,1021,4
fixation,299196.6440000534,0.5606315657496452,0.5568684432655573,3.4009647369384766,3.079742431640625,266.0,1022,4
fixation,299496.6489999294,0.6349976658821106,0.5323998169465498,3.4611261541193183,3.1609982577237217,183.0,1023,4
fixation,299696.6519999504,0.6001566340525945,0.5140301148096721,3.475871276855469,3.1462916056315104,500.0,1024,4
fixation,300213.32800006866,0.6419911332752394,0.6056904494762421,3.5114965024201767,3.11213551396909,384.0,1025,4
fixation,300613.3340001106,0.6317080557346344,0.6699676130499158,3.555138724190848,3.1689867292131697,124.0,1026,4
fixation,301196.67600011826,0.519364034428316,0.5116254634716931,3.627664902630974,3.3240643669577206,283.0,1027,4
fixation,301513.3450000286,0.4925394342704253,0.44962672008709476,3.50497783314098,3.270654158158736,366.0,1028,FIX_CROS
fixation,302163.3629999161,0.4624769002199173,0.4522885888814926,3.500933837890625,3.2529052734375,75.0,1029,FIX_CROS
fixation,302263.3629999161,0.4925334763068419,0.4692877771762701,3.5272486760066104,3.2634488619290867,216.0,1030,FIX_CROS
fixation,302530.03299999237,0.3277916759252548,0.310016717761755,3.5742263793945312,3.338043212890625,67.0,1031,4.2
fixation,302630.03200006485,0.25107855250438055,0.27018423030773797,3.4853495279947917,3.2583343505859377,250.0,1032,4.2
fixation,302896.7049999237,0.3140778377652168,0.2741908594965935,3.3955322265625,3.199786376953125,167.0,1033,4.2
fixation,303096.7090001106,0.3723551758698055,0.2813690113169806,3.3472824096679688,3.141908918108259,233.0,1034,4.2
fixation,303363.38100004196,0.4556813577810923,0.2932898849248886,3.338995361328125,3.138222249348958,250.0,1035,4.2
fixation,303646.7190001011,0.39984175456421717,0.29336016944476534,3.3406339372907365,3.1800744192940846,233.0,1036,4.2
fixation,303913.385999918,0.45697471126914024,0.2935543544590473,3.381969451904297,3.179602305094401,200.0,1037,4.2
fixation,304130.0610001087,0.3880862630903721,0.2918565319851041,3.360841751098633,3.1871814727783203,267.0,1038,4.2
fixation,304413.3989999294,0.3617777474224567,0.29611712172627447,3.4684165954589843,3.2737747192382813,333.0,1039,4.2
fixation,304780.06999993324,0.49662296250462534,0.30446073040366173,3.5505516052246096,3.2976287841796874,334.0,1040,4.2
fixation,305130.07800006866,0.5562326701787802,0.29641600297047543,3.6063208946814904,3.3453697791466346,217.0,1041,4.2
fixation,305363.41499996185,0.6268473159183156,0.2937849529764869,3.579256924715909,3.284701260653409,191.0,1042,4.2
fixation,305713.42199993134,0.7095734991810538,0.268105459484187,3.546150901100852,3.238555908203125,175.0,1043,4.2
fixation,305913.4240000248,0.7635762772776864,0.26073519817807456,3.5049493963068183,3.136752041903409,183.0,1044,4.2
fixation,306180.0950000286,0.23388096410781145,0.35088821314275265,3.306415557861328,3.1646480560302734,134.0,1045,4.2
fixation,306330.0989999771,0.1959913751253715,0.3570059056465442,3.2849813608022838,3.112530048076923,217.0,1046,4.2
fixation,306580.1050000191,0.29778937651560855,0.3773410285894687,3.30819819523738,3.0770662747896633,217.0,1047,4.2
fixation,306830.10700011253,0.40056708951791126,0.3882765471935272,3.310378011067708,3.0654591878255206,250.0,1048,4.2
fixation,307113.4470000267,0.4782831408083439,0.3763393722474575,3.3148167928059897,3.0685094197591147,200.0,1049,4.2
fixation,307346.78299999237,0.5443153017097049,0.3687889195150799,3.3117777506510415,3.054843478732639,150.0,1050,4.2
fixation,307530.121999979,0.6314828327068915,0.3753121839119838,3.3687110314002404,3.068638728215144,217.0,1051,4.2
fixation,307763.4579999447,0.6978312568231062,0.3701857016845183,3.4008955522017046,3.091684514825994,183.0,1052,4.2
fixation,307980.1259999275,0.7726210769679811,0.361115457283126,3.424859788682726,3.1025526258680554,300.0,1053,4.2
fixation,308363.46799993515,0.34651441872119904,0.4482110947370529,3.37152099609375,3.201123046875,83.0,1054,4.2
fixation,308480.1370000839,0.24213885515928268,0.4570334537161721,3.441187540690104,3.219124688042535,150.0,1055,4.2
fixation,308646.80900001526,0.1996596920348349,0.45471535339241936,3.4620484851655506,3.1974029541015625,350.0,1056,4.2
fixation,309046.8150000572,0.28184069807712847,0.46243498073174405,3.3967660757211537,3.1519986666165867,217.0,1057,4.2
fixation,309296.8150000572,0.35585261610421265,0.4605627168308605,3.426595514470881,3.1981034712357954,183.0,1058,4.2
fixation,309513.49000000954,0.42976210605014453,0.4587668085640127,3.4435771595348013,3.214627352627841,183.0,1059,4.2
fixation,309730.15799999237,0.5080667974857184,0.4517694046864143,3.4164510873647838,3.1702481783353367,217.0,1060,4.2
fixation,309996.83200001717,0.6164843499660492,0.45785318315029144,3.4057342529296877,3.148040771484375,91.0,1061,4.2
fixation,310346.8369998932,0.7349962357963834,0.44155849516391754,3.3865955897739957,3.1079624720982144,233.0,1062,4.2
fixation,310646.8410000801,0.7769252628087997,0.43096801489591596,3.326239013671875,2.9994903564453126,167.0,1063,4.2
fixation,310830.17600011826,0.8003504357554696,0.4211675375699997,3.3123709938742896,2.946652499112216,184.0,1064,4.2
fixation,311080.1819999218,0.4403698518872261,0.5132140181958675,3.2319507598876953,3.0556068420410156,134.0,1065,4.2
fixation,311263.51799988747,0.23891974488894144,0.5455657144387563,3.2994842529296875,3.0919257269965277,150.0,1066,4.2
fixation,311430.1889998913,0.20199630036950111,0.5287508691350619,3.3442866007486978,3.0784683227539062,200.0,1067,4.2
fixation,311663.5239999294,0.30698108808560803,0.5296459360556169,3.341126875443892,3.076143438165838,366.0,1068,4.2
fixation,312046.864000082,0.3709284709050105,0.5362413021234366,3.344129122220553,3.0626490666316104,217.0,1069,4.2
fixation,312296.867000103,0.4407213353193723,0.5366480098320887,3.3655782846304088,3.0679098275991588,217.0,1070,4.2
fixation,312546.8740000725,0.5304487591440027,0.5327251661907543,3.3665840842507104,3.0719757080078125,183.0,1071,4.2
fixation,312780.21099996567,0.6336106657981873,0.5299664636452993,3.3755984836154513,3.07366943359375,150.0,1072,4.2
fixation,312946.8819999695,0.6839876994490623,0.5364477013548216,3.393052419026693,3.103185017903646,200.0,1073,4.2
fixation,313163.55100011826,0.7058257839896462,0.5317042469978333,3.412411776455966,3.132224343039773,183.0,1074,4.2
fixation,313363.5529999733,0.7432451775440803,0.5296939680209527,3.421428973858173,3.1224212646484375,216.0,1075,4.2
fixation,313613.55800008774,0.7938516348600387,0.5290199190378189,3.4177871704101563,3.0415435791015626,166.0,1076,4.2
fixation,313863.56299996376,0.2799717765301466,0.6077080257236958,3.352161407470703,3.056550979614258,133.0,1077,4.2
fixation,314013.56299996376,0.21159947663545609,0.6338656327941201,3.3312239213423296,3.066977761008523,183.0,1078,4.2
fixation,314213.56999993324,0.19165089651942252,0.6474392205476761,3.3274871826171877,3.0493988037109374,166.0,1079,4.2
fixation,314413.5729999542,0.26546132335296047,0.6264885297188392,3.3333282470703125,3.0093113825871396,216.0,1080,4.2
fixation,314663.57399988174,0.31912543177604674,0.6243111848831177,3.3323150634765626,3.002827453613281,166.0,1081,4.2
fixation,314880.24399995804,0.4195482703772458,0.6278709498318759,3.336274580522017,2.9753612171519888,184.0,1082,4.2
fixation,315080.24799990654,0.4790920212864876,0.6246265351772309,3.3483123779296875,2.979791259765625,167.0,1083,4.2
fixation,315280.2509999275,0.5552721917629242,0.6228637397289276,3.3823172829367896,2.9877999045632104,184.0,1084,4.2
fixation,315496.91899991035,0.6639057993888855,0.6154260283166711,3.421994295987216,3.0013289018110796,183.0,1085,4.2
fixation,315696.9210000038,0.7334788680076599,0.6300761580467225,3.4364395141601562,3.0405227661132814,167.0,1086,4.2
fixation,315896.9240000248,0.8071820735931396,0.6187289953231812,3.446277618408203,3.0379257202148438,75.0,1087,4.2
fixation,316313.5880000591,0.2480019215833057,0.6963179274038835,3.3343006480823862,3.0196907737038354,183.0,1088,4.2
fixation,316513.58999991417,0.26472910344600675,0.6932280898094177,3.2924758911132814,2.9947158813476564,166.0,1089,4.2
fixation,316713.59999990463,0.3218739100477912,0.696454484354366,3.2429546009410513,2.9149738658558237,183.0,1090,4.2
fixation,316930.2699999809,0.39946879175576294,0.6894523528489199,3.2479359019886362,2.9130692915482954,184.0,1091,4.2
fixation,317130.26799988747,0.4473105877637863,0.7026629090309143,3.26910400390625,2.919024658203125,84.0,1092,4.2
fixation,317246.9400000572,0.530111163854599,0.696261757186481,3.275331769670759,2.9005835396902904,233.0,1093,4.2
fixation,317513.6089999676,0.6540549649642065,0.6940931769517752,3.3550344613882213,2.9796952467698317,216.0,1094,4.2
fixation,317763.61100006104,0.7493387247834887,0.7064724947725024,3.4522596086774553,3.040003095354353,233.0,1095,4.2
fixation,318046.9470000267,0.5943026726062481,0.350694029377057,3.479236309344952,3.1439232459435096,217.0,1096,NOTRIAL
fixation,318313.61500000954,0.45032778788696637,0.20958661017092792,3.549446799538352,3.2161934592507104,183.0,1097,NOTRIAL
fixation,318513.617000103,0.3700334673578089,0.2587185264988379,3.5932783647017046,3.287178733132102,183.0,1098,NOTRIAL
fixation,318713.6180000305,0.35296722329579866,0.2681942582130432,3.6831465501051683,3.350476778470553,216.0,1099,NOTRIAL
fixation,318946.9519999027,0.357953587716276,0.2920296693390066,3.7035973288796167,3.38546406139027,367.0,1100,NOTRIAL
fixation,319330.28999996185,0.375415900349617,0.2811958269940482,3.6755364312065972,3.371128675672743,750.0,1101,NOTRIAL
fixation,320096.9700000286,0.35430414974689484,0.30159509599208834,3.720277099609375,3.4202960205078123,417.0,1102,NOTRIAL
fixation,320563.64199995995,0.3534675020724535,0.5076786573976279,3.6695583343505858,3.3332141876220702,666.0,1103,NOTRIAL
fixation,321280.3210000992,0.5499363379044966,0.4711064818230542,3.6468131325461646,3.323813698508523,184.0,1104,NOTRIAL
fixation,321480.3229999542,0.5130631983280182,0.481534531712532,3.635115051269531,3.312493896484375,167.0,1105,NOTRIAL
fixation,321663.66000008583,0.5031860114439674,0.4864101098931354,3.669159930685292,3.3356137483016304,767.0,1106,NOTRIAL
fixation,322480.34200000763,0.625106563170751,0.7070238788922628,3.707433064778646,3.2745946248372397,100.0,1107,NOTRIAL
fixation,322597.00999999046,0.6473419268925985,0.7376011858383814,3.70452880859375,3.2769088745117188,100.0,1108,NOTRIAL
fixation,322713.6779999733,0.6410938084125519,0.7411471803983053,3.727000935872396,3.3135172526041665,250.0,1109,NOTRIAL
fixation,323113.68300008774,0.6592386305332184,0.7233180969953537,3.6921173095703126,3.289423370361328,333.0,1110,NOTRIAL
fixation,323480.35700011253,0.5745378613471985,0.938959413766861,3.67781982421875,3.271624755859375,83.0,1111,NOTRIAL
fixation,324030.367000103,0.5968188246091207,0.6173145158423318,3.735543145073785,3.2840533786349826,292.0,1112,NOTRIAL
fixation,324363.70600008965,0.5045978223022661,0.4566791316396312,3.645599365234375,3.3978544536389803,325.0,1113,FIX_CROS
fixation,324913.7130000591,0.504584881166617,0.49251176168521243,3.513298670450846,3.259230295817057,392.0,1114,FIX_CROS
fixation,325347.0559999943,0.3935675472021103,0.3340545914002827,3.565216064453125,3.3103812081473216,117.0,1115,4.1
fixation,325513.7260000706,0.23474961359586036,0.2988386718290193,3.4347327096121654,3.235172816685268,233.0,1116,4.1
fixation,325763.7300000191,0.21298543761173885,0.30854583779970807,3.402820841471354,3.190105183919271,250.0,1117,4.1
fixation,326030.3989999294,0.19157303801991724,0.3110860066883492,3.374398896188447,3.1773418079723013,550.0,1118,4.1
fixation,326613.74399995804,0.24901517875054302,0.3183419073329252,3.3786396699793197,3.1889289407169117,283.0,1119,4.1
fixation,326913.753000021,0.2901232421398163,0.3300601840019226,3.505415344238281,3.275994873046875,175.0,1120,4.1
fixation,327280.4230000973,0.3288292083889246,0.31256147753447294,3.588608741760254,3.338958740234375,258.0,1121,4.1
fixation,327563.760999918,0.3034721902675099,0.3125670469469494,3.497775607638889,3.230907016330295,300.0,1122,4.1
fixation,327897.1010000706,0.3922003931120822,0.3221092043738616,3.420625787032278,3.1839792351973686,634.0,1123,4.1
fixation,328547.1129999161,0.3728306249660604,0.32138484190492067,3.4133444393382355,3.191981596105239,284.0,1124,4.1
fixation,328880.45300006866,0.48352617025375366,0.32842987328767775,3.4564590454101562,3.2418243408203127,166.0,1125,4.1
fixation,329063.7880001068,0.46480968296527864,0.3347421154379845,3.486552429199219,3.2437744140625,167.0,1126,4.1
fixation,329247.121999979,0.50818147096369,0.3189879788292779,3.477847629123264,3.1865030924479165,150.0,1127,4.1
fixation,329447.1289999485,0.5871975819269816,0.33102846145629883,3.4754740397135415,3.143998463948568,200.0,1128,4.1
fixation,329680.47099995613,0.6791513241254367,0.3302981796172949,3.487805880033053,3.1421907865084133,216.0,1129,4.1
fixation,329930.47199988365,0.7445811650582722,0.31100168398448397,3.4874747140066966,3.127762930733817,233.0,1130,4.1
fixation,330180.4769999981,0.7576637417078018,0.3235711045563221,3.4852027893066406,3.1231231689453125,74.0,1131,4.1
fixation,330413.8150000572,0.7762819420674751,0.3038706422365945,3.451141357421875,3.048192517510776,959.0,1132,4.1
fixation,331413.83200001717,0.8170235896110535,0.297150194644928,3.4220361328125,3.028018798828125,417.0,1133,4.1
fixation,331863.8369998932,0.77203269302845,0.31261023985488073,3.42742919921875,3.0715506417410716,233.0,1134,4.1
fixation,332113.8440001011,0.7568645696429646,0.3216465426718487,3.438114839441636,3.0766534244312957,567.0,1135,4.1
fixation,332713.8529999256,0.8180612236261368,0.3103575721383095,3.457661437988281,3.053082275390625,167.0,1136,4.1
fixation,332947.18700003624,0.4928729785606265,0.3406348265707493,3.3874006271362305,3.12851619720459,267.0,1137,4.1
fixation,333247.1970000267,0.5809764293107119,0.328329625454816,3.428738680752841,3.133114901455966,184.0,1138,4.1
fixation,333480.53299999237,0.696343444287777,0.3243112141887347,3.400824228922526,3.0617523193359375,200.0,1139,4.1
fixation,333697.2049999237,0.7605101336603579,0.30781371956286224,3.3996349832286006,3.0460888406504756,384.0,1140,4.1
fixation,334180.54399991035,0.3039521686732769,0.3742786627262831,3.2796630859375,3.0930519104003906,133.0,1141,4.1
fixation,334363.88100004196,0.21524170556893715,0.40099637783490694,3.2208967942457933,3.046484140249399,217.0,1142,4.1
fixation,334597.2200000286,0.19814575463533401,0.4124980036701475,3.2386561802455356,3.023555210658482,117.0,1143,4.1
fixation,334997.2239999771,0.22485491904345425,0.2906073169274764,3.2069896351207388,3.019407792524858,176.0,1144,4.1
fixation,335213.8949999809,0.2816019585499397,0.2946784278521171,3.2174659142127404,3.0202190692608175,217.0,1145,4.1
fixation,335463.90000009537,0.36496817746332716,0.3027924916573933,3.166576930454799,2.950787135532924,233.0,1146,4.1
fixation,335763.90700006485,0.4000308207775417,0.3214568252626218,3.1819771214535364,2.9849781237150492,317.0,1147,4.1
fixation,336097.246999979,0.42444186811817103,0.3309633020183136,3.3203345989358835,3.082959405307112,967.0,1148,4.1
fixation,337097.26799988747,0.4888858762052324,0.3330698468618923,3.3131951226128473,3.0564193725585938,300.0,1149,4.1
fixation,337413.94099998474,0.5380085930228233,0.3316239323467016,3.319355010986328,3.012737274169922,133.0,1150,4.1
fixation,337580.6089999676,0.6006579782281604,0.3308988298688616,3.3248868669782365,3.0207672119140625,233.0,1151,4.1
fixation,337847.28299999237,0.6809082471189045,0.3185207829588935,3.3052811395554316,3.0074281238374256,350.0,1152,4.1
fixation,338213.9539999962,0.6260746845177242,0.32929072103330065,3.2608064923967635,2.978694370814732,233.0,1153,4.1
fixation,338480.628000021,0.749666303396225,0.31382322524275097,3.3164469401041665,2.9724244617280506,350.0,1154,4.1
fixation,338863.96799993515,0.8046789169311523,0.30055907581533703,3.333956037248884,2.972409929547991,117.0,1155,4.1
fixation,339063.9730000496,0.3181132785975933,0.4026847165077925,3.241140365600586,3.071147918701172,133.0,1156,4.1
fixation,339230.64199995995,0.2563484273850918,0.34160741567611697,3.2705337524414064,3.100178527832031,166.0,1157,4.1
fixation,339430.6480000019,0.22369035333395004,0.32703451439738274,3.2734298706054688,3.118192672729492,133.0,1158,4.1
fixation,339597.31599998474,0.3650933156410853,0.3394419774413109,3.322948455810547,3.0921974182128906,200.0,1159,4.1
fixation,339813.9879999161,0.40574366682105595,0.3467395057280858,3.34552001953125,3.0918680826822915,150.0,1160,4.1
fixation,340030.6589999199,0.7522340938448906,0.30987657234072685,3.4439125061035156,3.0487098693847656,66.0,1161,4.1
fixation,340130.66000008583,0.8032493412494659,0.30184383392333985,3.453857421875,3.007635498046875,83.0,1162,4.1
fixation,340313.9960000515,0.28903877437114717,0.40123510658740996,3.3240020751953123,3.1194061279296874,83.0,1163,4.1
fixation,340430.66799998283,0.2226322843478276,0.4137284950568126,3.375524667593149,3.1423926720252404,216.0,1164,4.1
fixation,340663.9990000725,0.19055742770433426,0.41275063902139664,3.3540725708007812,3.099440256754557,200.0,1165,4.1
fixation,340897.33899998665,0.29457581291596097,0.4228508323431015,3.3271891276041665,3.041224161783854,108.0,1166,4.1
fixation,341347.3480000496,0.38517091125249864,0.4132992073893547,3.268080139160156,3.0602935791015624,166.0,1167,4.1
fixation,341530.68400001526,0.4510507652392754,0.40735831283606017,3.2517735407902646,3.0106435922475963,217.0,1168,4.1
fixation,341797.3550000191,0.5276353305036371,0.402015975930474,3.1985723322088067,2.9573239413174717,183.0,1169,4.1
fixation,342014.02500009537,0.6266505787005792,0.40946390193242294,3.217225294846755,2.9612638033353367,217.0,1170,4.1
fixation,342280.6970000267,0.7405071808741643,0.3998963787005498,3.295086200420673,2.975725614107572,217.0,1171,4.1
fixation,342530.7009999752,0.7887843996286392,0.3912736251950264,3.3399429321289062,2.961589813232422,133.0,1172,4.1
fixation,342747.36999988556,0.22717208663622537,0.4883926498393218,3.2483062744140625,3.0727157592773438,200.0,1173,4.1
fixation,342964.0409998894,0.19860342284664512,0.4944452727213502,3.2802963256835938,3.011934280395508,267.0,1174,4.1
fixation,343264.04299998283,0.25752646877215457,0.493112713098526,3.2897139329176683,3.0014308049128604,217.0,1175,4.1
fixation,343514.05100011826,0.3274281498263864,0.4941326712860781,3.307434979607077,3.029245713177849,284.0,1176,4.1
fixation,343830.7239999771,0.4061269640922546,0.4881660148501396,3.3440811157226564,3.0731185913085937,167.0,1177,4.1
fixation,344014.05900001526,0.45354336202144624,0.48421185463666916,3.353143310546875,3.0760498046875,167.0,1178,4.1
fixation,344230.72900009155,0.550174738963445,0.49107497930526733,3.3778778076171876,3.0789835611979166,250.0,1179,4.1
fixation,344514.06599998474,0.6383387129753828,0.4815082224085927,3.4129676818847656,3.035930633544922,267.0,1180,4.1
fixation,344797.4049999714,0.7151821106672287,0.49865176777044934,3.3982315063476562,3.0441017150878906,200.0,1181,4.1
fixation,345030.7430000305,0.7727898440577767,0.4825857308777896,3.3848322088068183,3.005301735617898,183.0,1182,4.1
fixation,345230.74499988556,0.8004169538617134,0.4930603466928005,3.374696731567383,3.0047740936279297,133.0,1183,4.1
fixation,345447.41499996185,0.30072683468461037,0.5627165995538235,3.3121299743652344,3.0480213165283203,133.0,1184,4.1
fixation,345597.4159998894,0.23376446838180223,0.5731231321891149,3.352086385091146,3.1039708455403647,100.0,1185,4.1
fixation,345964.09200000763,0.21535442343779973,0.570050082036427,3.32733154296875,3.0803113664899553,109.0,1186,4.1
fixation,346114.09200000763,0.2708835644381387,0.5649364101035255,3.2701241629464284,3.019268580845424,234.0,1187,4.1
fixation,346380.7650001049,0.32650221777813776,0.5612239837646484,3.2353417532784596,2.925339835030692,233.0,1188,4.1
fixation,346647.43799996376,0.39387180124010357,0.5714063921145031,3.3237293788364957,3.0158517020089284,233.0,1189,4.1
fixation,346897.44199991226,0.46686390539010364,0.5765468855698903,3.360002644856771,3.0638356526692707,250.0,1190,4.1
fixation,347164.114000082,0.5133749762406716,0.5678338844042558,3.39260981633113,3.0433983435997596,217.0,1191,4.1
fixation,347414.117000103,0.5588734656572342,0.5749229649702708,3.3959701538085936,3.039015706380208,500.0,1192,4.1
fixation,347947.46099996567,0.6254629443089167,0.5764434536298116,3.3832804361979165,3.0358963012695312,200.0,1193,4.1
fixation,348180.7999999523,0.6995146444865635,0.5809704448495593,3.3791351318359375,3.0553011213030135,233.0,1194,4.1
fixation,348447.4690001011,0.7477187042435011,0.5745158741871516,3.3439788818359375,3.001049041748047,200.0,1195,4.1
fixation,348664.14299988747,0.7804379798471928,0.5751727800816298,3.3199920654296875,2.997020721435547,267.0,1196,4.1
fixation,348964.1470000744,0.8024154871702194,0.5741795241832733,3.335406494140625,2.995527648925781,167.0,1197,4.1
fixation,349180.81699991226,0.47005567103624346,0.6524574011564255,3.3240814208984375,3.0363677978515624,167.0,1198,4.1
fixation,349380.8210000992,0.3846130749353996,0.6656919465615199,3.415979238656851,3.0951397235576925,225.0,1199,4.1
fixation,349780.8269999027,0.4320659637451172,0.6477977275848389,3.490580749511719,3.14317626953125,159.0,1200,4.1
fixation,349980.8340001106,0.5165699472030004,0.6473753328124682,3.4796053568522134,3.078881581624349,200.0,1201,4.1
fixation,350197.5009999275,0.5277954399585724,0.5588905930519104,3.4307540893554687,3.110455322265625,166.0,1202,4.1
fixation,350414.1740000248,0.7423088327050209,0.506808421574533,3.487654685974121,3.1451234817504883,267.0,1203,4.1
fixation,350714.1770000458,0.6597429987262277,0.486536344184595,3.4199550853056064,3.1357969396254597,284.0,1204,4.1
fixation,351030.8519999981,0.7266642779111863,0.48689245730638503,3.4709075927734374,3.1223114013671873,167.0,1205,4.1
fixation,351230.8550000191,0.7898878417909145,0.4770495407283306,3.4912567138671875,3.1236801147460938,133.0,1206,4.1
fixation,351447.52500009537,0.3583485104820945,0.5795648775317452,3.3995902321555396,3.096224698153409,183.0,1207,4.1
fixation,351664.19499993324,0.4799048589034514,0.5705317719416185,3.4136532870205967,3.0779488303444604,184.0,1208,4.1
fixation,351897.53299999237,0.5973368647851443,0.5723726357284346,3.4398394132915295,3.0794356496710527,316.0,1209,4.1
fixation,352247.53900003433,0.6740573685277592,0.5813777108084072,3.4789033369584517,3.1348114013671875,366.0,1210,4.1
fixation,352630.875,0.6546318978071213,0.5823495090007782,3.4769134521484375,3.133960723876953,67.0,1211,4.1
fixation,352730.88000011444,0.7117389917373658,0.5918667793273926,3.490797424316406,3.1611923217773437,167.0,1212,4.1
fixation,352930.882999897,0.7723913729190827,0.5875341963768005,3.519288330078125,3.1078887939453126,417.0,1213,4.1
fixation,353397.55800008774,0.6377885788679123,0.38144122809171677,3.5242481231689453,3.2054824829101562,133.0,1214,NOTRIAL
fixation,353564.2279999256,0.5393268793821335,0.24372701197862626,3.5814971923828125,3.22110595703125,167.0,1215,NOTRIAL
fixation,353764.2309999466,0.628813328842322,0.28334866122653085,3.6695807774861655,3.2723633448282876,800.0,1216,NOTRIAL
fixation,354597.5769999027,0.5753177212817329,0.28227986714669634,3.634019034249442,3.2474169049944197,233.0,1217,NOTRIAL
fixation,354847.5789999962,0.5672226346827842,0.29811281066488576,3.6076651908255912,3.288385545885241,1233.0,1218,NOTRIAL
fixation,356097.6029999256,0.6351144313812256,0.2908241216625486,3.6322860717773438,3.2520904541015625,466.0,1219,NOTRIAL
fixation,356597.6129999161,0.5747761651873589,0.3037078961730003,3.5839302062988283,3.2619087219238283,333.0,1220,NOTRIAL
fixation,356980.9539999962,0.5017716634486403,0.5056210069784096,3.4385523114885603,3.173303876604353,467.0,1221,NOTRIAL
fixation,357480.9630000591,0.6367765721437093,0.5236469483053362,3.423404178103885,3.1510331437394425,617.0,1222,NOTRIAL
fixation,358114.3110001087,0.6567002471004214,0.5235519473041806,3.4152657645089284,3.128047398158482,234.0,1223,NOTRIAL
fixation,358380.98200011253,0.5584995249907175,0.5080217806001505,3.374805450439453,3.119115193684896,200.0,1224,NOTRIAL
fixation,358614.31999993324,0.5783247590065003,0.497845945507288,3.3764633178710937,3.0532859802246093,334.0,1225,NOTRIAL
fixation,358964.3269999027,0.5775667428970337,0.5081401206552982,3.3699264526367188,3.0438003540039062,134.0,1226,NOTRIAL
fixation,359147.6630001068,0.6636950075626373,0.8045106351375579,3.4175750732421877,2.9584808349609375,83.0,1227,NOTRIAL
fixation,359264.3299999237,0.6558929024772211,0.7432688230817969,3.465077140114524,3.0181187716397373,734.0,1228,NOTRIAL
fixation,360664.3599998951,0.5708995891941918,0.5743896696302626,3.6449076334635415,3.2519344753689237,149.0,1229,NOTRIAL
fixation,360864.36100006104,0.5123696550726891,0.41045620505298885,3.647188459123884,3.4081715175083707,233.0,1230,NOTRIAL
fixation,361147.7009999752,0.5776981619688181,0.29049717692228466,3.6786874624399037,3.3568807748647838,217.0,1231,NOTRIAL
fixation,361397.7019999027,0.6412260734810019,0.5197469954783062,3.6191118348319575,3.2922216451392985,883.0,1232,NOTRIAL
fixation,362297.7190001011,0.6411093771457672,0.5168144487672381,3.5786734686957464,3.25315433078342,300.0,1233,NOTRIAL
fixation,362664.3910000324,0.6625722199678421,0.505037035048008,3.599725341796875,3.296366882324219,174.0,1234,NOTRIAL
fixation,363047.72900009155,0.6521149935393498,0.4897461893229649,3.4778594970703125,3.1898595875707167,959.0,1235,NOTRIAL
fixation,364697.75900006294,0.5736834580699602,0.6940472399195036,3.624303181966146,3.260758717854818,200.0,1236,NOTRIAL
fixation,364931.09699988365,0.5195100183288256,0.48918352648615837,3.5023269653320312,3.3040269215901694,400.0,1237,NOTRIAL
fixation,365347.7699999809,0.4945240489074162,0.49535213836601805,3.4481985909598216,3.240166800362723,117.0,1238,23
fixation,365497.7720000744,0.4571432481919016,0.36437187982457026,3.47772216796875,3.299309866768973,233.0,1239,23
fixation,365764.4430000782,0.5153325314705188,0.3621815832761618,3.4858633188100963,3.2869638296274037,216.0,1240,23
fixation,366014.45300006866,0.44771304726600647,0.3767644912004471,3.448047892252604,3.2352498372395835,250.0,1241,23
fixation,366297.78900003433,0.4928545920472396,0.39568765853580673,3.4581852963096216,3.271319740696957,317.0,1242,23
fixation,366647.7960000038,0.4441308066729576,0.4320621168421161,3.4875050206338205,3.3003072431010585,517.0,1243,23
fixation,367214.4700000286,0.4705206356942654,0.5575570270419121,3.4816207885742188,3.185149383544922,333.0,1244,23
fixation,367581.14599990845,0.42999008391052485,0.48681145440787077,3.417750358581543,3.131254196166992,267.0,1245,23
fixation,367864.48600006104,0.4708074609870496,0.49781478423139325,3.3944801662279214,3.189538706903872,383.0,1246,23
fixation,368281.1559998989,0.46133188241057926,0.3262447698248757,3.523614671495226,3.265102810329861,300.0,1247,23
fixation,368614.49799990654,0.5352374977535672,0.3217603671881888,3.5631145901150174,3.267335679796007,300.0,1248,23
fixation,368947.8369998932,0.45651424244830485,0.3367221394651814,3.49053955078125,3.2444401791221216,317.0,1249,23
fixation,369331.1730000973,0.3816341459751129,0.9379603309290749,3.4442313058035716,3.129187447684152,117.0,1250,23
fixation,369481.1789999008,0.34519230235706677,0.8958531482653185,3.499350807883523,3.1475275213068183,184.0,1251,23
fixation,369681.1849999428,0.3137875845034917,0.8954687913258871,3.5365464952256946,3.1549614800347223,150.0,1252,23
fixation,369864.5199999809,0.44552653034528095,0.8969124952952067,3.4951151529947917,3.0818105061848957,250.0,1253,23
fixation,370131.19199991226,0.4235854496558507,0.8933074747522672,3.4886449178059897,3.077911376953125,200.0,1254,23
fixation,370347.8629999161,0.3711033219640905,0.8957502083344893,3.5068720037286933,3.1066839044744317,183.0,1255,23
fixation,370547.8629999161,0.3393117366358638,0.8982230201363564,3.5363054275512695,3.0996713638305664,267.0,1256,23
fixation,370831.20600008965,0.30821740813553333,0.892820917069912,3.5167789459228516,3.0959930419921875,134.0,1257,23
fixation,371014.5409998894,0.4580199143716267,0.9022333749702999,3.4598584856305803,3.027557373046875,233.0,1258,23
fixation,371281.2119998932,0.4338129796087742,0.8878211552898089,3.435100555419922,3.0286954243977866,200.0,1259,23
fixation,371497.88400006294,0.5015530630946159,0.8959603607654572,3.454736328125,3.0180755615234376,167.0,1260,23
fixation,371681.2190001011,0.41034242883324623,0.8880700344840685,3.4545021057128906,3.0732714335123696,200.0,1261,23
fixation,371914.5569999218,0.4803743399679661,0.8936866670846939,3.4949417114257812,3.0429039001464844,74.0,1262,23
fixation,372181.22499990463,0.5380680348191943,0.8766938873699733,3.469087873186384,3.037501743861607,109.0,1263,23
fixation,372314.56599998474,0.598777944391424,0.8910750882192091,3.4651031494140625,3.0088001598011362,183.0,1264,23
fixation,372531.2349998951,0.6728336404670369,0.8819516544992273,3.3916126598011362,2.985343239524148,184.0,1265,23
fixation,372781.24099993706,0.5177784528997209,0.5348346895641751,3.29476081000434,3.0622999403211804,150.0,1266,23
fixation,372964.5750000477,0.46385339349508287,0.3584280923008919,3.3592453002929688,3.0864471435546874,166.0,1267,23
fixation,373147.91100001335,0.4428985757487161,0.36316750730787006,3.3313140869140625,3.0773707798549106,117.0,1268,23
fixation,373297.91499996185,0.5058260560035706,0.3632392480969429,3.3368240356445313,3.0858551025390626,167.0,1269,23
fixation,373481.2509999275,0.5200389549136162,0.3609970510005951,3.3654251098632812,3.0669975280761714,67.0,1270,23
fixation,373581.2509999275,0.43750522865189445,0.38782569269339245,3.3137393527560763,3.082585652669271,150.0,1271,23
fixation,373764.5910000801,0.49062171081701916,0.39141878651248085,3.339906480577257,3.098483615451389,150.0,1272,23
fixation,373947.9270000458,0.4429578483104706,0.4180893831782871,3.3670001559787326,3.1339043511284723,308.0,1273,23
fixation,374464.59999990463,0.4645366619030635,0.5685828775167465,3.390460968017578,3.0096664428710938,192.0,1274,23
fixation,374681.27099990845,0.46470659429376776,0.5358313647183505,3.2982899058948862,3.0021244395862925,367.0,1275,23
fixation,375064.61199998856,0.449703112244606,0.4822448298335075,3.26361083984375,2.9981109619140627,166.0,1276,23
fixation,375247.9470000267,0.4172977417707443,0.489814696709315,3.2565378824869793,3.007468668619792,250.0,1277,23
fixation,375531.2909998894,0.4671376565328011,0.5400799444088569,3.2436382587139425,3.004907461313101,217.0,1278,23
fixation,375781.29299998283,0.4929763843183932,0.3896842482297317,3.3382548456606655,3.0905469811480977,384.0,1279,23
fixation,376197.96799993515,0.44058298170566557,0.422335742910703,3.3683197021484377,3.141856892903646,250.0,1280,23
fixation,376464.64199995995,0.45300276908609605,0.41643496519989437,3.393186781141493,3.146942138671875,150.0,1281,23
fixation,376631.3110001087,0.4205889279643695,0.4960153214633465,3.3617769877115884,3.0380821228027344,200.0,1282,23
fixation,376847.98300004005,0.44258162677288054,0.4968526542186737,3.358294677734375,3.1154022216796875,83.0,1283,23
fixation,376964.6519999504,0.49939356318541933,0.3293918435062681,3.502500261579241,3.1733180454799106,233.0,1284,23
fixation,377214.65799999237,0.45536593813449144,0.32454919815063477,3.5123167037963867,3.1831398010253906,266.0,1285,23
fixation,377497.9960000515,0.48298828835998264,0.32389881887606214,3.537194388253348,3.1862084524972096,234.0,1286,23
fixation,377764.66899991035,0.44837120310826734,0.365368744189089,3.476461237127131,3.181759920987216,183.0,1287,23
fixation,377981.3410000801,0.5076465796340596,0.37107021429321985,3.4599540016867896,3.1875,183.0,1288,23
fixation,378214.6779999733,0.43336554368336994,0.5540153930584589,3.400531768798828,3.1016248067220054,200.0,1289,23
fixation,378431.34999990463,0.42294299514854655,0.558475359397776,3.396555283490349,3.074235803940717,283.0,1290,23
fixation,378731.35700011253,0.4592108557621638,0.5607491652170817,3.3477264404296876,3.0336649576822916,250.0,1291,23
fixation,378998.02800011635,0.4532011318951845,0.525960324332118,3.2998886108398438,3.0427417755126953,267.0,1292,23
fixation,379298.03600001335,0.4134428415979658,0.7024320470435279,3.3173446655273438,2.925950186593192,234.0,1293,23
fixation,379581.375,0.4774710400538011,0.47772374613718555,3.329123757102273,3.0965326482599433,183.0,1294,23
fixation,379798.0490000248,0.4795435613819531,0.3693724051117897,3.3662000383649553,3.1583339146205356,234.0,1295,23
fixation,380048.0539999008,0.45794793797863853,0.3789135780599382,3.424925062391493,3.186677720811632,150.0,1296,23
fixation,380231.38899993896,0.5133159424249942,0.375985236122058,3.447033221905048,3.1803729717548075,216.0,1297,23
fixation,380481.3949999809,0.46351683512330055,0.3296683840453625,3.495417912801107,3.1972249348958335,400.0,1298,23
fixation,380914.73600006104,0.5326008132912896,0.32784377377141605,3.5043813532049004,3.1864145452325996,367.0,1299,23
fixation,381331.40799999237,0.47113295128712285,0.775371776177333,3.4987722543569713,3.0177999643179088,216.0,1300,23
fixation,381598.08100008965,0.6308773338794709,0.7690057039260865,3.5476043701171873,3.0556182861328125,84.0,1301,23
fixation,381698.08500003815,0.6928657169143358,0.8691420132915179,3.5108515421549478,3.0536282857259116,200.0,1302,23
fixation,381964.757999897,0.5165433395992626,0.4240511804819107,3.479157881303267,3.168699784712358,191.0,1303,FIX_CROS
fixation,382348.09699988365,0.502773745570864,0.49318027368613654,3.402740478515625,3.1300236293247767,576.0,1304,FIX_CROS
fixation,382981.44199991226,0.3269561789929867,0.4202662855386734,3.3610763549804688,3.128124237060547,66.0,1305,23.1
fixation,383098.10700011253,0.247803545743227,0.42151590436697006,3.35625,3.11551513671875,167.0,1306,23.1
fixation,383298.11500000954,0.22163428283400005,0.4303165177504222,3.339508056640625,3.107420179578993,150.0,1307,23.1
fixation,383481.44899988174,0.303988063087066,0.42080920686324436,3.284343719482422,3.0412940979003906,200.0,1308,23.1
fixation,383714.78200006485,0.3547162360378674,0.4255203072513853,3.287632533482143,3.048364911760603,233.0,1309,23.1
fixation,383981.45600008965,0.4119156221548716,0.4172653486331304,3.3604827880859376,3.114710489908854,250.0,1310,23.1
fixation,384264.79699993134,0.4672845647885249,0.4057233322125215,3.370814396784856,3.126964862530048,217.0,1311,23.1
fixation,384514.80100011826,0.5341125511460834,0.4097554261485736,3.3919330173068576,3.1516104804144964,300.0,1312,23.1
fixation,384831.4739999771,0.5652892788251241,0.4045283860630459,3.3682115342881946,3.127958509657118,150.0,1313,23.1
fixation,385014.80900001526,0.6162816397845745,0.40701258182525635,3.400449752807617,3.113727569580078,267.0,1314,23.1
fixation,385314.8139998913,0.6576064931494849,0.4123177783829825,3.4028222220284596,3.1025924682617188,233.0,1315,23.1
fixation,385564.8180000782,0.6725359525945451,0.41712156931559247,3.3804524739583335,3.088497585720486,150.0,1316,23.1
fixation,385748.15400004387,0.729523737515722,0.4096976103527205,3.4043775285993303,3.113971165248326,234.0,1317,23.1
fixation,386014.8259999752,0.763486422598362,0.40029908530414104,3.410654067993164,3.0950489044189453,133.0,1318,23.1
fixation,386181.49399995804,0.7998500503599644,0.3830907326191664,3.456714630126953,3.0937767028808594,133.0,1319,23.1
fixation,386514.83599996567,0.4043446108698845,0.47149449586868286,3.3800125122070312,3.212916056315104,100.0,1320,23.1
fixation,386648.1700000763,0.2701502616206805,0.5036547022561232,3.4241612752278647,3.2346890767415366,200.0,1321,23.1
fixation,386864.8450000286,0.22063748414317766,0.5093629558881124,3.4184646606445312,3.2412287394205728,100.0,1322,23.1
fixation,386981.50999999046,0.214657461643219,0.5109758853912354,,3.20966796875,83.0,1323,23.1
fixation,387264.8519999981,0.4129220853249232,0.5065649032592774,3.3955678304036456,3.1210398356119793,250.0,1324,23.1
fixation,387548.18000006676,0.4829252451658249,0.511429312825203,3.39844970703125,3.1892684936523437,167.0,1325,23.1
fixation,387748.1930000782,0.5559092693858676,0.5058730045954386,3.4030083550347223,3.1746944851345487,150.0,1326,23.1
fixation,387914.8599998951,0.5260266727871366,0.5169468323389689,3.397187974717882,3.1811964246961804,150.0,1327,23.1
fixation,388098.1970000267,0.5869668059878879,0.5133920543723636,3.445953369140625,3.178346421983507,150.0,1328,23.1
fixation,388281.53600001335,0.6779595934427701,0.501758397771762,3.4957240178034854,3.210565420297476,216.0,1329,23.1
fixation,388514.8740000725,0.7256795465946198,0.5017996013164521,3.5310272216796874,3.240069580078125,83.0,1330,23.1
fixation,388631.54299998283,0.765155530638165,0.5069706042607626,3.526887681749132,3.2467719184027777,158.0,1331,23.1
fixation,388981.5460000038,0.8006276124053531,0.4611859636174308,3.453250461154514,3.1323784722222223,142.0,1332,23.1
fixation,389198.2200000286,0.42099831998348236,0.564076715045505,3.333257039388021,3.0908033582899304,150.0,1333,23.1
fixation,389398.22199988365,0.29963560961186886,0.5746539086103439,3.336139678955078,3.0690040588378906,134.0,1334,23.1
fixation,389548.2279999256,0.2602340579032898,0.5834018170833588,3.3297988891601564,3.075514221191406,167.0,1335,23.1
fixation,389731.5650000572,0.27539471723139286,0.5703709572553635,3.3426036834716797,3.073780059814453,133.0,1336,23.1
fixation,389881.56599998474,0.3258334368467331,0.5798356279730796,3.306834411621094,3.067108917236328,333.0,1337,23.1
fixation,390264.90799999237,0.42215130584580557,0.5850234776735306,3.3198580060686385,3.0513207571847096,233.0,1338,23.1
fixation,390514.90799999237,0.46648835241794584,0.5818317949771881,3.3224502563476563,3.0460845947265627,167.0,1339,23.1
fixation,390714.91400003433,0.5286602540449663,0.5734719850800254,3.3320187655362217,3.0538579767400567,183.0,1340,23.1
fixation,390914.91799998283,0.5796146869659424,0.5659361839294433,3.3413726806640627,3.034820556640625,167.0,1341,23.1
fixation,391114.9210000038,0.6261117377064445,0.5745767788453535,3.3803280917080967,3.0680694580078125,183.0,1342,23.1
fixation,391331.59299993515,0.6881239786744118,0.5856384169310331,3.3705263137817383,3.1014022827148438,266.0,1343,23.1
fixation,391631.59699988365,0.7424522606389863,0.5903588480183056,3.3610387529645647,3.037750244140625,466.0,1344,23.1
fixation,392114.9400000572,0.7054983164582934,0.5902777314186096,3.332195826939174,3.033074515206473,233.0,1345,23.1
fixation,392381.61100006104,0.7393963205463746,0.5873973299475277,3.348692501292509,3.0090192906996784,566.0,1346,23.1
fixation,392998.28900003433,0.9811490646430424,0.7058336053575788,3.429656982421875,2.9702050345284596,234.0,1347,23.1
fixation,393281.62700009346,0.7431509668628374,0.9677427187561989,3.369482676188151,3.0021069844563804,200.0,1348,23.1
fixation,393498.2980000973,0.7988777948277337,1.0530135376112801,3.407379150390625,3.0015411376953125,234.0,1349,23.1
fixation,394164.9779999256,0.43391426735454136,0.6568949686156379,3.3497721354166665,3.0485992431640625,150.0,1350,23.1
fixation,394348.3139998913,0.4620283865011655,0.5534443442638104,3.30459712101863,3.040644719050481,217.0,1351,23.1
fixation,394598.31999993324,0.41481150774394765,0.4924268520930234,3.303292667164522,3.135019638959099,284.0,1352,23.1
fixation,394914.989000082,0.4668688413997491,0.5027821026742458,3.3196131388346353,3.1331990559895835,200.0,1353,23.1
fixation,395148.3269999027,0.5454461226860682,0.5058341386417547,3.3049100240071616,3.091602325439453,200.0,1354,23.1
fixation,395381.66400003433,0.5979392468929291,0.5018330976366997,3.3496002197265624,3.1053985595703124,167.0,1355,23.1
fixation,395615.0039999485,0.34160708636045456,0.42774608358740807,3.3715667724609375,3.2234420776367188,134.0,1356,23.1
fixation,395798.33899998665,0.2363585563082444,0.41700816232907145,3.419416728772615,3.212390297337582,316.0,1357,23.1
fixation,396131.6779999733,0.27448414266109467,0.41791779547929764,3.364794921875,3.1427337646484377,167.0,1358,23.1
fixation,396315.0150001049,0.3245244299372037,0.4129415911932786,3.324377695719401,3.120154062906901,200.0,1359,23.1
fixation,396531.6849999428,0.39519007942255807,0.42058870722265806,3.3794026094324447,3.162136302274816,283.0,1360,23.1
fixation,396848.3550000191,0.45766178468863167,0.4227547427018484,3.406752522786458,3.2075876871744793,250.0,1361,23.1
fixation,397115.0269999504,0.43829435855150223,0.4322974279522896,3.435577392578125,3.2278976440429688,167.0,1362,23.1
fixation,397331.6979999542,0.5270243490997114,0.42039889410922404,3.5241458290501644,3.267011943616365,317.0,1363,23.1
fixation,397665.0369999409,0.558370390534401,0.42511662766337394,3.5436607360839845,3.2762725830078123,334.0,1364,23.1
fixation,398031.71099996567,0.46175839255253476,0.3194590484102567,3.5783233642578125,3.2861175537109375,100.0,1365,NOTRIAL
fixation,398165.0450000763,0.3616581838577986,0.32974574714899063,3.579160690307617,3.2832021713256836,267.0,1366,NOTRIAL
fixation,398481.7130000591,0.3601561337709427,0.3220224119722843,3.598226547241211,3.2908267974853516,141.0,1367,NOTRIAL
fixation,398865.0569999218,0.38270209978024167,0.2823543573419253,3.5364659627278647,3.2353846232096353,92.0,1368,NOTRIAL
fixation,398998.39299988747,0.4968989227499281,0.30477347118513926,3.55556640625,3.2189854213169644,583.0,1369,NOTRIAL
fixation,399598.4010000229,0.4967357526932444,0.32373411527701784,3.5816268920898438,3.2729993547712053,233.0,1370,NOTRIAL
fixation,399865.07399988174,0.47652765231973987,0.2204855097567334,3.64908016429228,3.3236469941980697,284.0,1371,NOTRIAL
fixation,400181.7490000725,0.43832778809843836,0.31288041134138367,3.7026115623680322,3.362467585383235,617.0,1372,NOTRIAL
fixation,400848.42600011826,0.3752324018213484,0.5257866217030419,3.6627383761935763,3.368988037109375,150.0,1373,NOTRIAL
fixation,401015.0940001011,0.3529601203543799,0.5331506537539619,3.629430498395647,3.2958504813058034,234.0,1374,NOTRIAL
fixation,401265.0989999771,0.38809418082237246,0.5176595002412796,3.629014587402344,3.3132904052734373,167.0,1375,NOTRIAL
fixation,401465.09999990463,0.4802030585706234,0.4979541450738907,3.640911102294922,3.3099327087402344,67.0,1376,NOTRIAL
fixation,401565.1050000191,0.5683013924530574,0.4996589720249176,3.661248343331473,3.3046842302594865,234.0,1377,NOTRIAL
fixation,401815.11100006104,0.5087607495841526,0.49249766767024994,3.60408201671782,3.3121421450660344,700.0,1378,NOTRIAL
fixation,402548.45600008965,0.42903362446361115,0.5011891921361288,3.502147420247396,3.2296051025390624,750.0,1379,NOTRIAL
fixation,403331.8029999733,0.5829768925905228,0.6480553120374679,3.4936309814453126,3.104608154296875,333.0,1380,NOTRIAL
fixation,403681.8069999218,0.6582410847768188,0.7472668820992112,3.5275352001190186,3.1184897422790527,1075.0,1381,NOTRIAL
fixation,405181.83599996567,0.5861369396249453,0.7948381379246712,3.5154991149902344,3.0832290649414062,200.0,1382,FIX_CROS
fixation,405431.8369998932,0.5055810496211052,0.40250092968344686,3.580577087402344,3.3022315979003904,333.0,1383,FIX_CROS
fixation,405798.503000021,0.5005944271882375,0.40357135981321335,3.5128987630208335,3.2669448852539062,100.0,1384,FIX_CROS
fixation,405915.16899991035,0.4451146734257539,0.4429911710321903,3.4827893575032554,3.267345428466797,200.0,1385,FIX_CROS
fixation,406148.5039999485,0.38063547015190125,0.4526502455656345,3.509159968449519,3.290949894831731,216.0,1386,FIX_CROS
fixation,406415.1700000763,0.2744782728453477,0.48829619213938713,3.565710703531901,3.332850138346354,200.0,1387,23.2
fixation,406631.8369998932,0.24023566022515297,0.5035382779315114,3.534067153930664,3.3164587020874023,267.0,1388,23.2
fixation,406931.83599996567,0.19659280261168113,0.493292245727319,3.5391646165114183,3.304492657001202,217.0,1389,23.2
fixation,407198.50200009346,0.37194382548332217,0.5087632536888123,3.5862152099609377,3.3686767578125,83.0,1390,23.2
fixation,407298.503000021,0.3764525055885315,0.5176615044474602,3.6024017333984375,3.3871803283691406,66.0,1391,23.2
fixation,407398.5,0.47468401917389463,0.515197047165462,3.620790754045759,3.379429408482143,116.0,1392,23.2
fixation,407531.83599996567,0.5048416256904602,0.5183609873056412,3.6344691685267856,3.416652134486607,117.0,1393,23.2
fixation,407681.83599996567,0.5677913725376129,0.5160788194491313,3.615466778094952,3.3350419264573317,217.0,1394,23.2
fixation,407931.8369998932,0.6534900092161618,0.5085830516540087,3.5880936842698317,3.289881779597356,217.0,1395,23.2
fixation,408181.83500003815,0.7203834056854248,0.49901625141501427,3.5682849884033203,3.281749725341797,133.0,1396,23.2
fixation,408848.4960000515,0.5292250141501427,0.49446092545986176,3.5560900370279946,3.285363515218099,200.0,1397,23.2
fixation,409065.16400003433,0.5342323460749218,0.4830962302429335,3.669489179338728,3.390277317592076,234.0,1398,NOTRIAL
fixation,409398.49799990654,0.6444222122430802,0.261005611717701,3.749256896972656,3.353532409667969,166.0,1399,NOTRIAL
fixation,409581.8340001106,0.6324182629585267,0.2836477249860764,3.806967544555664,3.4237220764160154,667.0,1400,NOTRIAL
fixation,410265.16499996185,0.651031006785,0.29049351066350937,3.8190496108111214,3.4764817181755516,284.0,1401,NOTRIAL
fixation,410581.83599996567,0.646333896978335,0.4849106263030659,3.8369196111505683,3.537890000776811,733.0,1402,NOTRIAL
fixation,411348.5160000324,0.6435363094011942,0.3586008201042811,3.8242289225260415,3.5610936482747397,200.0,1403,NOTRIAL
fixation,411565.1860001087,0.6404016475851942,0.31010277242195317,3.868395549495046,3.532329280201982,684.0,1404,NOTRIAL
fixation,412298.52900004387,0.6614395855811604,0.7477162119589353,3.715511121247944,3.344144586931195,950.0,1405,NOTRIAL
fixation,413298.5480000973,0.6075681805610657,0.5249363869428635,3.6042495727539063,3.340132141113281,166.0,1406,NOTRIAL
fixation,413481.88100004196,0.5806326500007084,0.5115631060940878,3.589078630719866,3.325892857142857,583.0,1407,NOTRIAL
fixation,414681.90300011635,0.5782838902052712,0.4508476108312607,3.7023844999425557,3.456124698414522,275.0,1408,NOTRIAL
fixation,414998.5750000477,0.5014961646361784,0.31862595541910693,3.6772502552379263,3.408541592684659,183.0,1409,NOTRIAL
fixation,415215.24399995804,0.4002361950966028,0.2871586216183809,3.6144561767578125,3.377619816706731,217.0,1410,NOTRIAL
fixation,415481.9130001068,0.5252144535382589,0.29817016422748566,3.587404039171007,3.277130126953125,150.0,1411,NOTRIAL
fixation,415665.25500011444,0.639000055193901,0.3036321446299553,3.6039810180664062,3.2554168701171875,167.0,1412,NOTRIAL
fixation,415865.25500011444,0.6323489317527184,0.5458845129379859,3.5505594106820912,3.2195458045372596,217.0,1413,NOTRIAL
fixation,416098.59299993515,0.6233839670131947,0.5092865120747994,3.573486328125,3.282909524851832,483.0,1414,NOTRIAL
fixation,417256.94099998474,0.5618741363286972,0.5461121834814548,3.7292919158935547,3.3478240966796875,132.0,1415,NOTRIAL
fixation,417423.61199998856,0.50928472709365,0.49709571352819115,3.52642822265625,3.27726596739234,683.0,1416,NOTRIAL
fixation,418156.9579999447,0.42524392902851105,0.8732999629444547,3.3990580240885415,3.1049669053819446,150.0,1417,20
fixation,418340.2909998894,0.36174829800923664,0.8936527331670125,3.407636515299479,3.1295562744140626,250.0,1418,20
fixation,418623.6319999695,0.4340522864035198,0.8966841314520154,3.4318673270089284,3.0947723388671875,124.0,1419,20
fixation,419090.3039999008,0.5952306717634201,0.8716159641742707,3.3685256958007814,2.9978973388671877,167.0,1420,20
fixation,419290.3069999218,0.6413689504067103,0.8753661712010702,3.3398462931315103,2.9821294148763022,100.0,1421,20
fixation,419440.3099999428,0.5100994425324293,0.4690586414474707,3.2392020592322717,3.0500711294320912,434.0,1422,20
fixation,419890.3139998913,0.4862453134523498,0.4518630926807721,3.1943172878689237,3.0295689900716147,300.0,1423,20
fixation,420223.6549999714,0.5208216309547424,0.4946170259267092,3.208647918701172,3.0169445037841798,666.0,1424,20
fixation,420940.33200001717,0.4059406562197593,0.5028976701921032,3.2063697076612905,3.014372302639869,517.0,1425,20
fixation,421490.3440001011,0.5132042950107938,0.47990940582184566,3.278109595889137,3.0685570126488093,350.0,1426,20
fixation,421857.0150001049,0.5262727992875236,0.510921526168074,3.318347385951451,3.1176975795200894,234.0,1427,20
fixation,422123.68700003624,0.6218446812459401,0.5091671613710267,3.353940691266741,3.076890127999442,233.0,1428,20
fixation,422390.3589999676,0.6426887214183807,0.5596947769323984,3.3719346788194446,3.083645290798611,150.0,1429,20
fixation,422557.0269999504,0.63725544424618,0.4573296185802011,3.432237512925092,3.1496034509995403,284.0,1430,20
fixation,422890.36599993706,0.40562480600441203,0.4841407134252436,3.407796523150276,3.164811975815717,283.0,1431,20
fixation,423190.367000103,0.4001112751662731,0.3928217627108097,3.472834014892578,3.2111236572265627,333.0,1432,20
fixation,423540.37700009346,0.38975016251206396,0.37485717982053757,3.454387664794922,3.208373260498047,333.0,1433,20
fixation,423940.3819999695,0.44917810678482056,0.710508930683136,3.4218939208984374,3.0551434326171876,416.0,1434,20
fixation,424407.0559999943,0.6358429044485092,0.710447068918835,3.4738394997336646,3.053518121892756,367.0,1435,20
fixation,424823.73300004005,0.626899729756748,0.5592977685086867,3.504686243393842,3.1720222024356617,283.0,1436,20
fixation,425123.7349998951,0.6392202973365784,0.5920282742008567,3.506561756134033,3.1310343742370605,533.0,1437,20
fixation,425690.41100001335,0.6397031456232071,0.543536028265953,3.4683685302734375,3.12110595703125,166.0,1438,20
fixation,425873.7490000725,0.6315438262669437,0.5158880719219345,3.3151895913733056,3.05078566217997,1383.0,1439,20
fixation,427290.4440000057,0.6296743822508845,0.5851825629842693,3.3409323856748383,3.0653786494814117,483.0,1440,20
fixation,427823.7880001068,0.5259138827140515,0.5158782349183009,3.305108877328726,3.055938720703125,217.0,1441,20
fixation,428057.12299990654,0.4894583970308304,0.5263004779815674,3.304306902204241,3.0529811314174107,584.0,1442,20
fixation,428673.8029999733,0.5252125696702437,0.49703174287622626,3.2824290882457388,3.0430353338068183,183.0,1443,20
fixation,428890.4730000496,0.4424482725560665,0.43085834570229053,3.273563003540039,3.034164047241211,666.0,1444,20
fixation,429590.4879999161,0.5786334231044307,0.4172823528448741,3.2050587047230112,2.9371541341145835,550.0,1445,20
fixation,430173.83200001717,0.4863409201304118,0.4059760496020317,3.196477254231771,2.9634297688802085,108.0,1446,20
fixation,430473.8380000591,0.3728887839242816,0.7175551764667034,3.200592517852783,2.90964412689209,525.0,1447,20
fixation,431040.5120000839,0.3966142170959049,0.5398546755313873,3.2915157741970487,3.0302361382378473,150.0,1448,20
fixation,431223.8510000706,0.499443792952941,0.47010337389432466,3.3140833928034854,3.086040790264423,433.0,1449,FIX_CROS
fixation,431690.5230000019,0.46436355635523796,0.49190571531653404,3.3817367553710938,3.180461883544922,133.0,1450,FIX_CROS
fixation,431857.1930000782,0.37960868293330785,0.4647409135387057,3.464505150204613,3.2919180733816966,350.0,1451,FIX_CROS
fixation,432307.2009999752,0.24875627789232466,0.4492914130290349,3.528749254014757,3.387720743815104,150.0,1452,20.2
fixation,432490.5380001068,0.2152718889216582,0.4386480450630188,3.495661417643229,3.3019587198893228,108.0,1453,20.2
fixation,432840.54399991035,0.3265113726258278,0.44229109585285187,3.4371917724609373,3.260040283203125,158.0,1454,20.2
fixation,433023.88000011444,0.3571394383907318,0.44754083861004224,3.4068118008700283,3.263949307528409,183.0,1455,20.2
fixation,433223.88499999046,0.40116752619328705,0.4496805836325106,3.3975591244904892,3.2194625191066577,383.0,1456,20.2
fixation,433623.88899993896,0.40297532454133034,0.44119893200695515,3.424631118774414,3.2355422973632812,133.0,1457,20.2
fixation,433857.2269999981,0.49708156222882477,0.45283714973408246,3.401950338612432,3.2057899806810464,384.0,1458,20.2
fixation,434257.23300004005,0.5131282396614552,0.45007434487342834,3.4042930603027344,3.2005062103271484,134.0,1459,20.2
fixation,434440.56699991226,0.6107980289629528,0.4495746461408479,3.425358363560268,3.1980089460100447,233.0,1460,20.2
fixation,434690.5729999542,0.6678806038006492,0.44682979130226635,3.4574293053668477,3.2327867590862773,383.0,1461,20.2
fixation,435107.246999979,0.7324783181150755,0.44516688088576,3.460554758707682,3.208118438720703,200.0,1462,20.2
fixation,435373.91799998283,0.7610094286501408,0.4483963195234537,3.4621849060058594,3.1898269653320312,133.0,1463,20.2
fixation,435540.5869998932,0.7992065840837906,0.43907421827316284,3.5375036122847576,3.1919499611367983,824.0,1464,20.2
fixation,436540.61199998856,0.42154104510943097,0.5166438122590383,3.5118637084960938,3.2782745361328125,92.0,1465,20.2
fixation,436673.9479999542,0.36768627437678253,0.5342944738539782,3.49749755859375,3.2405527288263496,367.0,1466,20.2
fixation,437073.95700001717,0.4302312082052231,0.5332402420043946,3.354373779296875,3.1464605712890625,417.0,1467,20.2
fixation,437523.97099995613,0.5012020121018091,0.523264017370012,3.35408698187934,3.119233873155382,150.0,1468,20.2
fixation,437707.3059999943,0.555759584903717,0.5328475564718247,3.3914413452148438,3.168505859375,167.0,1469,20.2
fixation,437890.64199995995,0.6227962012801852,0.5339534878730774,3.513604300362723,3.198246547154018,233.0,1470,20.2
fixation,438140.6449999809,0.680224963596889,0.542156885777201,3.546056474958147,3.2307564871651784,233.0,1471,20.2
fixation,438823.996999979,0.48440295107224407,0.44721395741490755,3.5254839728860294,3.296313117532169,276.0,1472,20.2
fixation,439140.6700000763,0.4526492605606715,0.3193918590744336,3.7144368489583335,3.3973286946614585,100.0,1473,NOTRIAL
fixation,439290.6749999523,0.34266141719288296,0.3199856651050073,3.6541821515118635,3.3662793194806135,450.0,1474,NOTRIAL
fixation,439757.35400009155,0.37148479372262955,0.3132591247558594,3.627300262451172,3.3258743286132812,74.0,1475,NOTRIAL
fixation,440007.3599998951,0.39229260633389157,0.31998922924200696,3.606309254964193,3.363203684488932,192.0,1476,NOTRIAL
fixation,440224.03299999237,0.3831622050358699,0.32339761004998135,3.611011211688702,3.3555438701923075,217.0,1477,NOTRIAL
fixation,440457.371999979,0.3598596043884754,0.33822451829910277,3.5739418029785157,3.3206077575683595,333.0,1478,NOTRIAL
fixation,440857.382999897,0.6246600415971544,0.5202722483211093,3.5513983832465277,3.2777523464626737,150.0,1479,NOTRIAL
fixation,441040.71399998665,0.6573013940761829,0.5136994585908693,3.6170338597790948,3.284754259832974,483.0,1480,NOTRIAL
fixation,441557.3910000324,0.5821460485458374,0.48853633078661834,3.6063385009765625,3.3279044411399146,183.0,1481,NOTRIAL
fixation,441757.3949999809,0.5062081395160585,0.48165696611007053,3.610524132138207,3.2863831293015253,700.0,1482,NOTRIAL
fixation,442507.40799999237,0.6142496599091424,0.7449405988057455,3.6421271430121527,3.193079630533854,150.0,1483,NOTRIAL
fixation,442674.0750000477,0.6480450763994333,0.7500011975667915,3.6371793163066006,3.195258938536352,817.0,1484,NOTRIAL
fixation,443524.0910000801,0.5455837070941925,0.9195892214775085,3.6139678955078125,3.1892608642578124,92.0,1485,NOTRIAL
fixation,444174.1029999256,0.4889149636030197,0.4257357642054558,3.671417236328125,3.4100189208984375,167.0,1486,FIX_CROS
fixation,444540.7730000019,0.49600541998039593,0.49731721661307593,3.643381292169744,3.3373870849609375,175.0,1487,FIX_CROS
fixation,444740.77800011635,0.4656799842010845,0.4607520211826671,3.6005679043856533,3.375356500799006,183.0,1488,FIX_CROS
fixation,444957.4470000267,0.4160691342420048,0.42154325793186825,3.5426211886935763,3.345425075954861,300.0,1489,FIX_CROS
fixation,445274.1210000515,0.3753050684928894,0.4493419140577316,3.5727081298828125,3.4006439208984376,84.0,1490,20.1
fixation,445407.45600008965,0.23437770828604698,0.33450718472401303,3.659393310546875,3.4306157430013022,100.0,1491,20.1
fixation,445524.125,0.22064543056946534,0.3221521801673449,3.644788301908053,3.3909994272085338,217.0,1492,20.1
fixation,445774.13100004196,0.2956982061266899,0.3318541496992111,3.572857666015625,3.338653564453125,167.0,1493,20.1
fixation,445974.1370000839,0.36345508992671965,0.352434466779232,3.5558135986328123,3.33680419921875,167.0,1494,20.1
fixation,446174.1449999809,0.4202473878860474,0.35376937985420226,3.535788981119792,3.3090799967447917,250.0,1495,20.1
fixation,446457.4849998951,0.49601078721193165,0.3434696736244055,3.519452608548678,3.308148897611178,216.0,1496,20.1
fixation,446707.49399995804,0.5623606964945793,0.3429568149149418,3.5350914001464844,3.28253173828125,74.0,1497,20.1
fixation,446924.16400003433,0.5940877695878347,0.34984193245569867,3.57997809516059,3.286590576171875,142.0,1498,20.1
fixation,447107.503000021,0.6844853808482488,0.3556634895503521,3.5629247029622397,3.245917002360026,200.0,1499,20.1
fixation,447340.83899998665,0.7863926589488983,0.3247241571545601,3.496897888183594,3.1110809326171873,167.0,1500,20.1
fixation,447590.8489999771,0.22288309203253853,0.3915489398770862,3.3592088487413196,3.194547865125868,150.0,1501,20.1
fixation,447757.5220000744,0.19385380641772196,0.40623763776742494,3.3949725811298075,3.1770418607271633,216.0,1502,20.1
fixation,448007.5299999714,0.2565964026884599,0.42079113965684717,3.4426380504261362,3.2017156427556817,183.0,1503,20.1
fixation,448207.53600001335,0.30639126648505527,0.4136068398753802,3.4016876220703125,3.1601384480794272,100.0,1504,20.1
fixation,448324.2049999237,0.37781127474524756,0.4234262867407365,3.3997747247869317,3.1871088201349433,184.0,1505,20.1
fixation,448574.21099996567,0.4541215368292548,0.3918385153467005,3.507804177024148,3.2083240855823862,184.0,1506,20.1
fixation,448774.21700000763,0.48083569556474687,0.4155541926622391,3.438404846191406,3.188555908203125,167.0,1507,20.1
fixation,448974.22099995613,0.5698958138624827,0.41215678801139194,3.4344202677408853,3.185370127360026,200.0,1508,20.1
fixation,449190.89599990845,0.6190672081250411,0.42740432918071747,3.4190650353064904,3.1694793701171875,217.0,1509,20.1
fixation,449424.2349998951,0.6297458211580912,0.42911842465400696,3.4416783650716147,3.1760965983072915,100.0,1510,20.1
fixation,449657.57800006866,0.691901296377182,0.42712669713156565,,3.1785409109933034,116.0,1511,20.1
fixation,449807.5799999237,0.7873932800509713,0.4014024883508682,3.4904646439985796,3.136048750443892,183.0,1512,20.1
fixation,450090.9230000973,0.23563737896355716,0.5004038417881186,3.3648140647194604,3.1566092751242896,183.0,1513,20.1
fixation,450290.9289999008,0.2011496296950749,0.5067770395960126,3.3819362095424106,3.129662649972098,125.0,1514,20.1
fixation,450624.2720000744,0.3306034654378891,0.5136373341083527,3.3418261210123696,3.1140594482421875,192.0,1515,20.1
fixation,450857.60800004005,0.40385636935631436,0.5015012075503668,3.269597371419271,3.0613123575846353,200.0,1516,20.1
fixation,451090.9479999542,0.4775098045667013,0.4991069455941518,3.253692626953125,3.0327718098958334,250.0,1517,20.1
fixation,451357.61500000954,0.5157411779676165,0.49365862565381186,3.2659596034458707,3.0506417410714284,233.0,1518,20.1
fixation,451607.6210000515,0.538385501752297,0.5022938288748264,3.3376827239990234,3.131889979044596,400.0,1519,20.1
fixation,452040.9630000591,0.6000438332557678,0.4976726621389389,3.4275174822126115,3.2024002075195312,233.0,1520,20.1
fixation,452357.635999918,0.6367955803871155,0.48646921291947365,3.5008773803710938,3.253253936767578,66.0,1521,20.1
fixation,452457.6370000839,0.7107955163175409,0.4953711357983676,3.550994873046875,3.2066275856711646,183.0,1522,20.1
fixation,452657.6400001049,0.7619126943441538,0.49482826315439665,3.5501673771784854,3.251843965970553,216.0,1523,20.1
fixation,452890.9769999981,0.8197085989846123,0.4837712215052711,3.5241275363498263,3.2065938313802085,150.0,1524,20.1
fixation,453140.98200011253,0.26196926832199097,0.5869823455810547,3.3998565673828125,3.2164642333984377,83.0,1525,20.1
fixation,453257.6519999504,0.21850690307716528,0.5877381091316541,3.4124170939127603,3.2234535217285156,200.0,1526,20.1
fixation,453474.31999993324,0.22902099991386587,0.5924323092807423,3.404122092507102,3.166961669921875,184.0,1527,20.1
fixation,453674.32399988174,0.3056659595324443,0.6013982662787805,3.34994624211238,3.08254887507512,217.0,1528,20.1
fixation,453924.33100008965,0.39939988404512405,0.5887650325894356,3.324382781982422,3.0639495849609375,75.0,1529,20.1
fixation,454190.9990000725,0.4594015032052994,0.5598636493086815,3.3172454833984375,3.0383758544921875,126.0,1530,20.1
fixation,454357.6700000763,0.5512043183500116,0.565075234933333,3.2998504638671875,2.9901691783558237,183.0,1531,20.1
fixation,454557.6749999523,0.6075820028781891,0.5771852305957249,3.2665012904575894,3.011936732700893,117.0,1532,20.1
fixation,454707.67600011826,0.6675052534450184,0.5747852433811534,3.2570925625887783,3.010435624556108,183.0,1533,20.1
fixation,454907.6789999008,0.7376343384385109,0.5709244708220164,3.3093694051106772,3.027918497721354,200.0,1534,20.1
fixation,455141.01799988747,0.8034630498060813,0.560390333716686,3.3304801354041467,3.0140897310697117,434.0,1535,20.1
fixation,455641.02500009537,0.40361666306853294,0.661625575274229,3.3111038208007812,3.0638275146484375,134.0,1536,20.1
fixation,455807.69499993324,0.2864157631993294,0.6860872060060501,3.3104591369628906,3.103832244873047,75.0,1537,20.1
fixation,456107.7009999752,0.25620005031426746,0.6620247662067413,3.382960001627604,3.0792821248372397,92.0,1538,20.1
fixation,456224.371999979,0.2707694036265214,0.6685772414008776,3.333209991455078,3.0522232055664062,200.0,1539,20.1
fixation,456441.04299998283,0.24843288760851412,0.6630463547566358,3.267348794376149,2.9989247041590072,567.0,1540,20.1
fixation,457041.0520000458,0.27595911361277103,0.6589907985180616,3.284695625305176,3.018869400024414,267.0,1541,20.1
fixation,457324.39599990845,0.3205093969317043,0.6664880268714007,3.3480449003331803,3.0631121467141544,283.0,1542,20.1
fixation,457624.40000009537,0.333884309977293,0.6705086727937063,3.4163551330566406,3.1094818115234375,200.0,1543,20.1
fixation,457857.739000082,0.37406752055341547,0.6787206015803597,3.4126045920632104,3.104959661310369,183.0,1544,20.1
fixation,458057.74399995804,0.3953710506359736,0.6685924331347147,3.3927652994791666,3.0921976725260416,258.0,1545,20.1
fixation,458541.0869998932,0.40155760049819944,0.651322990655899,3.4255035400390623,3.1164459228515624,76.0,1546,20.1
fixation,458657.75900006294,0.3022690663735072,0.6538842568794886,3.415105183919271,3.1299107869466147,100.0,1547,20.1
fixation,458774.42600011826,0.25983313120463314,0.6562925393090528,3.329412572524127,3.0573497099034928,566.0,1548,20.1
fixation,459374.43700003624,0.36230528354644775,0.6564290940761566,3.2753875732421873,2.9948394775390623,166.0,1549,20.1
fixation,459574.4400000572,0.4641291523973147,0.6457944636543592,3.3169898986816406,2.9746907552083335,200.0,1550,20.1
fixation,459807.78200006485,0.5500929325819015,0.6432874381542206,3.3646194458007814,3.005572509765625,167.0,1551,20.1
fixation,460007.78299999237,0.6400430446321314,0.6520514759150419,3.4065315940163354,3.0123762650923296,183.0,1552,20.1
fixation,460224.4579999447,0.7169722148350307,0.6574899213654655,3.422945295061384,2.9896022251674106,124.0,1553,20.1
fixation,460691.1319999695,0.506842528283596,0.44557961225509646,3.4390792846679688,3.181803894042969,159.0,1554,20.1
fixation,460891.135999918,0.4644409716129303,0.36545619964599607,3.596099853515625,3.3114669799804686,167.0,1555,NOTRIAL
fixation,461207.8039999008,0.3734467340012391,0.32105620950460434,3.6253573099772134,3.358605702718099,200.0,1556,NOTRIAL
fixation,461424.4800000191,0.3503275182512071,0.32589637322558296,3.6135584513346353,3.371883816189236,300.0,1557,NOTRIAL
fixation,461757.81999993324,0.49618715391709256,0.34191458844221556,3.665026151216947,3.3634314903846154,217.0,1558,NOTRIAL
fixation,462041.1589999199,0.5654332488775253,0.328597360423633,3.6961462838309154,3.421696254185268,234.0,1559,NOTRIAL
fixation,462307.83100008965,0.6403322611004114,0.31789278518408537,3.7587060928344727,3.387364387512207,267.0,1560,NOTRIAL
fixation,462591.17199993134,0.6235297585234922,0.322258562726133,3.727756275850184,3.4224530388327206,284.0,1561,NOTRIAL
fixation,462907.84200000763,0.5703470019193796,0.32725974115041584,3.6804915208082933,3.410401564378005,225.0,1562,NOTRIAL
fixation,463324.5150001049,0.4754064753651619,0.5179768477876981,3.5873845418294272,3.2820256551106772,92.0,1563,NOTRIAL
fixation,463441.1819999218,0.49823012432226765,0.494236609683587,3.5593185424804688,3.310613778921274,434.0,1564,NOTRIAL
fixation,463907.8589999676,0.6323839856518639,0.49994708597660065,3.5317289564344616,3.279542711046007,300.0,1565,NOTRIAL
fixation,464257.8629999161,0.6311658864671533,0.32974621518091723,3.6227361505681817,3.3066336891867896,183.0,1566,NOTRIAL
fixation,464457.86599993706,0.6385947032408281,0.32005263458598743,3.600491610440341,3.300660566850142,183.0,1567,NOTRIAL
fixation,464657.8740000725,0.5306761195493299,0.46594420075416565,3.387114946232286,3.1606684840002726,1433.0,1568,NOTRIAL
fixation,466141.22900009155,0.6241292573254684,0.6441590724320247,3.519695413523707,3.1068457241716056,484.0,1569,NOTRIAL
fixation,466657.90400004387,0.6552353401978811,0.7420758273866441,3.6339119805230036,3.2295811971028647,300.0,1570,NOTRIAL
fixation,467274.5759999752,0.5806533179499886,0.35918972979892383,3.766257546164773,3.478396329012784,183.0,1571,NOTRIAL
fixation,467474.5799999237,0.5958438879913754,0.3069465888871087,3.844845241970486,3.53969489203559,150.0,1572,NOTRIAL
fixation,467641.24399995804,0.5546272069215774,0.31101943701505663,3.806048583984375,3.5625930786132813,167.0,1573,NOTRIAL
fixation,467841.2509999275,0.4742697671055794,0.3270243600010872,3.7699356079101562,3.5485244750976563,167.0,1574,NOTRIAL
fixation,468024.58599996567,0.42981512695550916,0.32848453025023144,3.74154052734375,3.5043909708658854,500.0,1575,NOTRIAL
fixation,468557.92600011826,0.369390560934941,0.32085733364025754,3.664203643798828,3.437347412109375,200.0,1576,NOTRIAL
fixation,468774.5950000286,0.3542884128789107,0.3181375563144684,3.644453684488932,3.3940251668294272,200.0,1577,NOTRIAL
fixation,469024.59699988365,0.5722756137450536,0.3125000223517418,3.6595484415690103,3.381219228108724,200.0,1578,NOTRIAL
fixation,469257.9349999428,0.6342818439006805,0.3061124181205576,3.6554981578480112,3.365812821821733,191.0,1579,NOTRIAL
fixation,469624.6059999466,0.6280024434838977,0.30878095754555296,3.685901096888951,3.3762523106166293,225.0,1580,NOTRIAL
fixation,469874.6089999676,0.65287912885348,0.30688277383645374,3.6422704060872397,3.3075459798177085,100.0,1581,NOTRIAL
fixation,469991.27800011635,0.6516581901482174,0.31474379343645914,3.596825735909598,3.272484915597098,117.0,1582,NOTRIAL
fixation,470191.2809998989,1.052537163098653,0.6228024313847224,3.5236638387044272,3.0736923217773438,200.0,1583,NOTRIAL
fixation,470407.9479999542,1.146082726391879,0.6782525994560935,3.548348166725852,3.1027415882457388,183.0,1584,NOTRIAL
fixation,471349.63400006294,0.50972397873799,0.32550615072250366,3.7264480590820312,3.4308751424153647,100.0,1585,NOTRIAL
fixation,471482.9690001011,0.5254428035446576,0.22550891020468303,3.752964564732143,3.4362171718052457,233.0,1586,NOTRIAL
fixation,471749.63800001144,0.5099957697093487,0.3089406806975603,3.685953140258789,3.400484085083008,133.0,1587,NOTRIAL
fixation,471916.3059999943,0.3831496288379033,0.31631002326806384,3.6458977593315973,3.395726521809896,150.0,1588,NOTRIAL
fixation,472116.31200003624,0.6225250897308191,0.49818776330600184,3.6502463022867837,3.3794898986816406,800.0,1589,NOTRIAL
fixation,472932.99399995804,0.6446834369139238,0.5132182199846614,3.7005851052024146,3.3722672895951704,183.0,1590,NOTRIAL
fixation,473699.6779999733,0.5649331510066986,0.5120843946933746,3.77352523803711,3.435840606689453,125.0,1591,NOTRIAL
fixation,473866.3440001011,0.6414695084095001,0.4995156452059746,3.7890853881835938,3.444671630859375,100.0,1592,NOTRIAL
fixation,474016.3440001011,0.5051623587496579,0.5092008868232369,3.578827381134033,3.3437509536743164,533.0,1593,NOTRIAL
fixation,474599.6889998913,0.4198775908776692,0.8394402520997184,3.477543422154018,3.1770738874162947,117.0,1594,5
fixation,474733.02500009537,0.3991502053462542,0.8933067253002753,3.450603778545673,3.176868145282452,217.0,1595,5
fixation,474999.6970000267,0.49329706095159054,0.907562768086791,3.4706411361694336,3.1491165161132812,267.0,1596,5
fixation,475299.7019999027,0.5953391106689677,0.900756802629022,3.466610179227941,3.106401331284467,283.0,1597,5
fixation,475616.375,0.4966554989417394,0.683604101339976,3.4386494954427085,3.1262690226236978,200.0,1598,5
fixation,475849.71399998665,0.42852776621778804,0.6584132338563601,3.414117177327474,3.1223411560058594,200.0,1599,5
fixation,476099.7190001011,0.47781587258363384,0.3817482441663742,3.451027112129407,3.2061528915014024,650.0,1600,5
fixation,476866.4049999714,0.5415854752063751,0.47243144114812213,3.316453297932943,3.123610178629557,200.0,1601,5
fixation,477083.0759999752,0.5378354745251792,0.5046633155572982,3.355196998232887,3.165103004092262,350.0,1602,5
fixation,477466.42199993134,0.40347226129637825,0.565810384021865,3.385769314236111,3.160864088270399,300.0,1603,5
fixation,477799.7620000839,0.41780486330389977,0.5485528417759471,3.320518069797092,3.089984893798828,600.0,1604,5
fixation,478433.11199998856,0.41867044993809294,0.6731017231941223,3.289890834263393,3.0007520403180803,234.0,1605,5
fixation,478749.78500008583,0.41585172518439917,0.5256471543208413,3.311782173488451,3.179976753566576,383.0,1606,5
fixation,479149.7960000038,0.40723020732402804,0.5369959235191345,3.3681564331054688,3.177165222167969,333.0,1607,5
fixation,479533.13899993896,0.42008406420548755,0.64744899670283,3.3727552625868054,3.0603205362955728,300.0,1608,5
fixation,479849.81299996376,0.47489900048822165,0.7158946432173252,3.35831356048584,3.0314016342163086,267.0,1609,5
fixation,480166.49000000954,0.4309510849416256,0.38589495172103244,3.3934173583984375,3.1914596557617188,200.0,1610,5
fixation,480399.8289999962,0.403033715672791,0.3645708207041025,3.366687774658203,3.1880006790161133,267.0,1611,5
fixation,480716.503000021,0.4475043628896986,0.6384022831916809,3.355290004185268,3.0160435267857144,233.0,1612,5
fixation,480983.1770000458,0.4712561679383119,0.7114380846420923,3.4692395528157554,3.0814692179361978,200.0,1613,5
fixation,481216.51300001144,0.407665509379135,0.538326400630879,3.496150754532724,3.1816584749041863,883.0,1614,5
fixation,482133.1960000992,0.48181713490109696,0.7205231142671484,3.4291751259251644,3.0444773623817847,634.0,1615,5
fixation,482816.53900003433,0.4088211915007344,0.5373841557237837,3.4246656629774304,3.111917566370081,450.0,1616,5
fixation,483283.21799993515,0.41846583783626556,0.6027597827570779,3.465539114815848,3.086728777204241,117.0,1617,5
fixation,483416.55500006676,0.41612504217131385,0.6639289208527269,3.461571528993804,3.0736415468413254,483.0,1618,5
fixation,483949.8980000019,0.5440186006682259,0.5122543542968984,3.4683563855229593,3.169787348533163,817.0,1619,5
fixation,484816.5789999962,0.47916449877348816,0.38599777153947135,3.529694297096946,3.270446083762429,366.0,1620,5
fixation,485233.24499988556,0.61151731133461,0.36712671756744386,3.58747802734375,3.2422552490234375,417.0,1621,5
fixation,485699.93000006676,0.4761254065915158,0.4955470405126873,3.504359998201069,3.211064388877467,317.0,1622,FIX_CROS
fixation,486033.2699999809,0.49861646427753126,0.5245689660944837,3.550918903756649,3.260104564910239,784.0,1623,FIX_CROS
fixation,486966.621999979,0.21892793877766684,0.32089547927563006,3.4861238919771633,3.2459646371694713,216.0,1624,5.1
fixation,487216.6289999485,0.26569240623050266,0.32816340194808113,3.4772762722439237,3.2139434814453125,150.0,1625,5.1
fixation,487666.6370000839,0.4084746071270534,0.37269757049424307,3.4226575578962053,3.1400255475725447,108.0,1626,5.1
fixation,487816.63800001144,0.474631446103255,0.34963497271140415,3.3675816853841147,3.0897649129231772,200.0,1627,5.1
fixation,488033.3099999428,0.5195968051751455,0.3550071803232034,3.3466873168945312,3.045525868733724,200.0,1628,5.1
fixation,488283.3139998913,0.5978535850842793,0.3339535137017568,3.32320556640625,3.0366119384765624,250.0,1629,5.1
fixation,488566.65400004387,0.6556884476116726,0.34446765163115095,3.348203386579241,3.0658667428152904,233.0,1630,5.1
fixation,488833.3250000477,0.7643278791354253,0.3334945050569681,3.443706805889423,3.0762716440054088,217.0,1631,5.1
fixation,489066.66400003433,0.7967752367258072,0.31711024418473244,3.44720458984375,3.0537490844726562,66.0,1632,5.1
fixation,489233.33599996567,0.21991925314068794,0.39319021813571453,3.393524169921875,3.184734344482422,133.0,1633,5.1
fixation,489400.00500011444,0.18771250794331232,0.406247621609105,3.412194993760851,3.142950269911024,300.0,1634,5.1
fixation,489733.34599995613,0.2535439257820447,0.3993064674238364,3.3965784708658853,3.1345545450846353,200.0,1635,5.1
fixation,489966.68400001526,0.3180056702006947,0.41591112180189654,3.3885622891512783,3.1392142555930396,183.0,1636,5.1
fixation,490183.3529999256,0.3676419754823049,0.42194011476304794,3.3955535888671875,3.1900499131944446,150.0,1637,5.1
fixation,490416.69199991226,0.417576873054107,0.42998185629645985,3.372833251953125,3.1575088500976562,200.0,1638,5.1
fixation,490633.36599993706,0.3720674055318038,0.4224066473543644,3.3535029093424478,3.1490389506022134,200.0,1639,5.1
fixation,490866.7019999027,0.425259655341506,0.424080066382885,3.408270835876465,3.2094783782958984,267.0,1640,5.1
fixation,491150.0339999199,0.48307056725025177,0.4230953278866681,3.459168867631392,3.267844460227273,184.0,1641,5.1
fixation,491366.71099996567,0.5402323544025421,0.41144676009813946,3.49866943359375,3.2639984130859374,250.0,1642,5.1
fixation,491650.0490000248,0.514930420451694,0.4105187522040473,3.4479437934027777,3.251866658528646,150.0,1643,5.1
fixation,491816.7200000286,0.4737842008471489,0.42099612206220627,3.4574623107910156,3.2295875549316406,67.0,1644,5.1
fixation,491900.0539999008,0.47486996224948336,0.4159791171550751,3.475407191685268,3.221858433314732,117.0,1645,5.1
fixation,492050.0599999428,0.514676459133625,0.4152759239077568,3.486785888671875,3.213043212890625,75.0,1646,5.1
fixation,492316.7300000191,0.5687197357416153,0.40236840695142745,3.4711654663085936,3.1872955322265626,159.0,1647,5.1
fixation,492500.06599998474,0.6102943237011249,0.4014822118557416,3.39877436711238,3.1003106924203725,434.0,1648,5.1
fixation,492950.07399988174,0.5845341384410858,0.39788807266288334,3.326139662000868,3.0593736436631946,150.0,1649,5.1
fixation,493133.41100001335,0.6471469290554523,0.402746194973588,3.3528175354003906,3.0503406524658203,133.0,1650,5.1
fixation,493283.41400003433,0.7148887177308401,0.40414983332157134,3.359541829427083,3.0322021484375,250.0,1651,5.1
fixation,493550.08500003815,0.7850962795994498,0.39130581238053064,3.3722076416015625,2.987030029296875,184.0,1652,5.1
fixation,493750.0880000591,0.8318061977624893,0.39561307430267334,3.380671183268229,2.9713923136393228,100.0,1653,5.1
fixation,493950.08500003815,0.29119216091930866,0.5218624584376812,3.302194595336914,3.0782833099365234,134.0,1654,5.1
fixation,494116.76399993896,0.21535120159387589,0.5079298588362607,3.2858928333629263,3.042580344460227,183.0,1655,5.1
fixation,494316.75999999046,0.18836824595928192,0.5125066190958023,3.2737801291725854,3.046640569513494,183.0,1656,5.1
fixation,494550.09599995613,0.31981567496603186,0.5063729895786806,3.2122983065518467,3.0012096058238638,184.0,1657,5.1
fixation,494750.0989999771,0.3705734461545944,0.5105135969140313,3.170084173029119,2.985991044477983,184.0,1658,5.1
fixation,494966.77900004387,0.43154674271742505,0.510794322937727,3.132960001627604,2.9296836853027344,200.0,1659,5.1
fixation,495200.1089999676,0.5239506385156086,0.5091550265039716,3.1213062831333707,2.9304417201450894,234.0,1660,5.1
fixation,495466.78999996185,0.5907230410310957,0.5219774179988437,3.192384507921007,2.9710489908854165,150.0,1661,5.1
fixation,495633.45700001717,0.6284105296318347,0.5068982530098695,3.2047823392427883,2.977960439828726,216.0,1662,5.1
fixation,495866.7960000038,0.6837970912456512,0.5030353851616383,3.2049687703450522,2.965282440185547,200.0,1663,5.1
fixation,496100.12299990654,0.7247553467750549,0.5011484243653037,3.1969757080078125,2.9716547185724433,184.0,1664,5.1
fixation,496300.128000021,0.7614302355796099,0.5021229246631265,3.2496490478515625,2.9796648025512695,267.0,1665,5.1
fixation,496583.4739999771,0.7935263896599795,0.49223806307866025,3.254389836237981,2.94802973820613,650.0,1666,5.1
fixation,497283.4779999256,0.5375723905033536,0.5464576217863295,3.1460079616970487,2.9238789876302085,150.0,1667,5.1
fixation,497483.492000103,0.3173284251242876,0.581448458135128,3.129934310913086,2.9249134063720703,133.0,1668,5.1
fixation,497666.8269999027,0.22703149728477,0.5982724167406559,3.130655288696289,2.9512405395507812,141.0,1669,5.1
fixation,498050.16899991035,0.20840402348683432,0.5709397724041572,3.1293874887319713,2.8801539494441104,209.0,1670,5.1
fixation,498283.50500011444,0.27097744020548736,0.5813452980735085,3.0508658669211646,2.8813656893643467,191.0,1671,5.1
fixation,498950.1789999008,0.4004100967537273,0.559918224811554,3.1731456409801138,2.998482444069602,176.0,1672,5.1
fixation,499150.19099998474,0.38431908587614694,0.5618656078974406,3.1758209228515626,3.019671630859375,250.0,1673,5.1
fixation,499433.5299999714,0.4677358890573184,0.5663630093137423,3.0741043090820312,2.886286417643229,200.0,1674,5.1
fixation,499666.86599993706,0.5136132952239778,0.5643844339582655,3.032048543294271,2.8379855685763884,150.0,1675,5.1
fixation,499850.2039999962,0.5779602940265949,0.5734817752471337,3.090344942533053,2.905211228590745,217.0,1676,5.1
fixation,500083.5420000553,0.6120224237442017,0.5679973016182581,3.1576934814453126,2.924504597981771,500.0,1677,5.1
fixation,500616.88499999046,0.6686276069709233,0.5781901925802231,3.2234813145228793,2.9610988071986606,233.0,1678,5.1
fixation,500866.8900001049,0.7196353761588826,0.5826991182916305,3.336669921875,3.0539308435776653,283.0,1679,5.1
fixation,501183.5610001087,0.746385532617569,0.5764512062072754,3.3575927734375,3.06671142578125,83.0,1680,5.1
fixation,501300.2309999466,0.7862862789112589,0.5806544552678647,3.384782874065897,3.0728852645210596,384.0,1681,5.1
fixation,501750.24399995804,0.46405497193336487,0.6486117020249367,3.3586578369140625,3.0574493408203125,67.0,1682,5.1
fixation,501866.91100001335,0.5889642021872781,0.4749997176907279,3.3544269908558237,3.130117242986506,183.0,1683,5.1
fixation,502083.5799999237,0.6755750245518155,0.48131297363175285,3.3915540907118054,3.109954833984375,150.0,1684,5.1
fixation,502250.24799990654,0.7236186899244785,0.49192813597619534,3.3928089141845703,3.1090126037597656,134.0,1685,5.1
fixation,502400.2460000515,0.7736437966426214,0.489649365345637,3.391565958658854,3.0818456013997397,100.0,1686,5.1
fixation,502516.9119999409,0.7639316562563181,0.3900738265365362,3.4371585845947266,3.0709362030029297,267.0,1687,5.1
fixation,502866.9200000763,0.25560279722724644,0.522382812840598,3.3152313232421875,3.1354849679129466,117.0,1688,5.1
fixation,503016.9289999008,0.20838385866954923,0.5137703381478786,3.3326377868652344,3.078680992126465,267.0,1689,5.1
fixation,503316.93799996376,0.25536514539271593,0.5161752179265022,3.3594398498535156,3.070138931274414,133.0,1690,5.1
fixation,503466.9400000572,0.3192613050341606,0.5136858373880386,3.374248504638672,3.048023223876953,75.0,1691,5.1
fixation,503716.94499993324,0.36198680102825165,0.48305016942322254,3.441375732421875,3.096059799194336,125.0,1692,5.1
fixation,503883.61500000954,0.3056950867176056,0.4904808799425761,3.432956271701389,3.1214090983072915,150.0,1693,5.1
fixation,504083.6099998951,0.44258464748660725,0.4924428065617879,3.3465423583984375,3.092292149861654,400.0,1694,5.1
fixation,504516.96099996567,0.5076123684644699,0.48934067636728285,3.440565490722656,3.1701370239257813,167.0,1695,5.1
fixation,504716.96399998665,0.5653704089276931,0.5005275309085846,3.4984714283662686,3.1928782743566178,283.0,1696,5.1
fixation,505050.3039999008,0.6630370656649271,0.6707432667414347,3.627327473958333,3.1122894287109375,250.0,1697,5.1
fixation,505766.9800000191,0.5101788491010666,0.5206391848623753,3.599863052368164,3.2488174438476562,133.0,1698,5.1
fixation,505933.6489999294,0.5725676454603672,0.5043128794059157,3.633970260620117,3.3280677795410156,266.0,1699,5.1
fixation,506233.65300011635,0.50061877630651,0.312714422121644,3.6709117889404297,3.3467464447021484,133.0,1700,NOTRIAL
fixation,506400.3180000782,0.3883998758263058,0.3125302808152305,3.677152845594618,3.3491363525390625,150.0,1701,NOTRIAL
fixation,506583.6489999294,0.3551016016439958,0.3100358803163875,3.7780643809925425,3.4674287275834517,366.0,1702,NOTRIAL
fixation,506966.98200011253,0.3699955589004925,0.31175101548433304,3.747988837105887,3.4393411363874162,933.0,1703,NOTRIAL
fixation,507950.3190000057,0.6490571341093849,0.5256869529976564,3.6642474006204044,3.292170805089614,284.0,1704,NOTRIAL
fixation,508250.31999993324,0.63547821413903,0.5301664017495655,3.694584437779018,3.3404788062686013,350.0,1705,NOTRIAL
fixation,508616.98699998856,0.563840543681925,0.49688846143809234,3.619080977006392,3.3428455699573862,183.0,1706,NOTRIAL
fixation,508833.6519999504,0.49951805084584705,0.49964403100760585,3.665616506553558,3.3760831901826056,1383.0,1707,NOTRIAL
fixation,510266.9849998951,0.4911300816706249,0.3134934625455311,3.883455548967634,3.5118909563337053,117.0,1708,NOTRIAL
fixation,510433.65400004387,0.4575214125216007,0.255777383223176,3.8286972045898438,3.509061813354492,133.0,1709,NOTRIAL
fixation,510600.31999993324,0.41662253936131793,0.2398713380098343,3.8406846788194446,3.4634636773003473,158.0,1710,NOTRIAL
fixation,510800.3210000992,0.484413754608896,0.2046017481221093,3.795218573676215,3.5213470458984375,142.0,1711,NOTRIAL
fixation,510983.6549999714,0.5715662121772767,0.2340562492609024,3.8797760009765625,3.461376953125,83.0,1712,NOTRIAL
fixation,511116.99099993706,0.6581832282245159,0.5312798186205328,3.8733115196228027,3.4951066970825195,533.0,1713,NOTRIAL
fixation,511666.9990000725,0.6399404430389404,0.5381580197811127,3.8358331298828126,3.4054412841796875,417.0,1714,NOTRIAL
fixation,512100.34299993515,0.6567298715764825,0.5351755781607195,3.773226651278409,3.3721549294211646,183.0,1715,NOTRIAL
fixation,512333.6779999733,0.4573362585571077,0.5183398293124305,3.686043633355035,3.3277401394314237,158.0,1716,NOTRIAL
fixation,512683.6819999218,0.4918672794645483,0.5067045580257069,3.587957902388139,3.265999533913352,359.0,1717,NOTRIAL
fixation,513083.69099998474,0.4297185545166334,0.4973261257012685,3.3941335042317706,3.109754943847656,500.0,1718,NOTRIAL
fixation,513633.7009999752,0.6635015726089477,0.7821397632360458,3.4257415771484374,2.9518585205078125,167.0,1719,NOTRIAL
fixation,513817.03900003433,0.6615543789782766,0.7417395023976342,3.4649859929488875,2.996249441373146,984.0,1720,NOTRIAL
fixation,515317.06299996376,0.5790791763709142,0.5518651971450219,3.6247335580679088,3.166290283203125,209.0,1721,FIX_CROS
fixation,515567.0680000782,0.5000673717260361,0.4788908565044403,3.5671484375,3.2695068359375,425.0,1722,FIX_CROS
fixation,516217.0759999752,0.4537992692655987,0.4637424995501836,3.4851642184787326,3.200720045301649,292.0,1723,FIX_CROS
fixation,516650.4130001068,0.22889242983526653,0.3862825747993257,3.376764933268229,3.1127081976996527,150.0,1724,5.2
fixation,516817.0799999237,0.2042930559678511,0.385996089740233,3.301971435546875,3.0871332341974433,184.0,1725,5.2
fixation,517017.08200001717,0.2658562280915,0.3942597115581686,3.2734319513494317,3.056734952059659,184.0,1726,5.2
fixation,517217.08899998665,0.3367832222810158,0.41219648948082555,3.243511493389423,3.0355564997746396,217.0,1727,5.2
fixation,517467.0869998932,0.4039796943014318,0.4072683114897121,3.250760165127841,3.029104059392756,184.0,1728,5.2
fixation,517667.0880000591,0.46294968778436835,0.4033742140639912,3.271853360262784,3.0427606756036933,184.0,1729,5.2
fixation,517883.7569999695,0.5152045827020298,0.4098563329740004,3.3008298006924717,3.048195578835227,183.0,1730,5.2
fixation,518100.4230000973,0.5751696050167083,0.4042768880724907,3.3475189208984375,3.105091857910156,166.0,1731,5.2
fixation,518283.760999918,0.6325309640831418,0.3998775846428341,3.383394029405382,3.124698215060764,150.0,1732,5.2
fixation,518450.41899991035,0.6954110910495123,0.40019423017899197,3.4238484700520835,3.136816660563151,200.0,1733,5.2
fixation,518683.76300001144,0.7477255761623383,0.39994436833593583,3.4642486572265625,3.134524875217014,150.0,1734,5.2
fixation,518867.09699988365,0.7947495989501476,0.39366780407726765,3.477254867553711,3.097881317138672,134.0,1735,5.2
fixation,519083.7650001049,0.24635539247709162,0.5154915153980255,3.353058758903952,3.1511589499080883,283.0,1736,5.2
fixation,519400.4349999428,0.28874815404415133,0.5277804851531982,3.3856719970703124,3.11544189453125,83.0,1737,5.2
fixation,519500.43300008774,0.3287362890938918,0.5262284154693285,3.3567301432291665,3.1112696329752603,200.0,1738,5.2
fixation,519733.7699999809,0.3794468662568501,0.525540794645037,3.3696441650390625,3.1098545619419644,117.0,1739,5.2
fixation,519900.43700003624,0.44182428824050085,0.5158627171601567,3.332716805594308,3.081872122628348,233.0,1740,5.2
fixation,520167.10800004005,0.5303484002749125,0.5178392347362306,3.3297220865885415,3.0955963134765625,150.0,1741,5.2
fixation,520333.7720000744,0.5131435394287109,0.5162074350648456,3.3574015299479165,3.1045718722873263,150.0,1742,5.2
fixation,520517.11100006104,0.5736163854598999,0.5147807970643044,3.3803634643554688,3.130931854248047,75.0,1743,5.2
fixation,521017.114000082,0.6555884301662445,0.48366738855838776,3.406640625,3.1168121337890624,76.0,1744,5.2
fixation,521117.11500000954,0.7002214267849922,0.4728563688695431,3.374746322631836,3.0656204223632812,134.0,1745,5.2
fixation,521283.7869999409,0.7539504302872552,0.470125428504414,3.327060275607639,3.051722208658854,150.0,1746,5.2
fixation,521467.12299990654,0.80326418365751,0.4651223910706384,3.3390110560825894,2.9611380440848216,117.0,1747,5.2
fixation,521667.1259999275,0.22846726734529843,0.5912098830396478,3.2079606489701704,3.0328868519176138,184.0,1748,5.2
fixation,521867.128000021,0.1968592790265878,0.5979626377423605,3.2281061808268228,3.0385335286458335,200.0,1749,5.2
fixation,522100.4660000801,0.2972164293130239,0.5821425875027975,3.223644002278646,2.969439697265625,250.0,1750,5.2
fixation,522383.8039999008,0.36194938535873705,0.5764596531024346,3.241212111253005,2.968402569110577,217.0,1751,5.2
fixation,522633.8059999943,0.4342360415241935,0.5784256322817369,3.2559134743430396,2.9751628528941763,183.0,1752,5.2
fixation,522833.8099999428,0.4864251434803009,0.5776469439268113,3.320783996582031,3.0114166259765627,167.0,1753,5.2
fixation,523017.1489999294,0.5498918344577154,0.5848005836208662,3.3264681498209634,3.0310948689778647,200.0,1754,5.2
fixation,523233.81599998474,0.623264634183475,0.5872348887579781,3.3755874633789062,3.0595267159598216,233.0,1755,5.2
fixation,523483.81999993324,0.6772647581317208,0.5902299962260507,3.391286676580256,3.065376975319602,183.0,1756,5.2
fixation,523683.81599998474,0.7316688916512898,0.5868256368807384,3.4151218959263394,3.0297557285853793,233.0,1757,5.2
fixation,523933.8210000992,0.7778605276888068,0.5785178623416207,3.4195515025745737,3.0068400989879263,183.0,1758,5.2
fixation,524150.49000000954,0.8106829612343399,0.5807047111016733,3.4417668095341436,2.9967719184027777,450.0,1759,5.2
fixation,524650.496999979,0.7243863471916744,0.4689867283616747,3.418898446219308,3.044539315359933,233.0,1760,5.2
fixation,524933.8359999657,0.6071327706178029,0.4394577791293462,3.4347768147786457,3.118456013997396,250.0,1761,NOTRIAL
fixation,525217.1819999218,0.643737568096681,0.4977614066817544,3.4377552379261362,3.0883248069069604,184.0,1762,NOTRIAL
fixation,525433.8510000706,0.6385390971388135,0.29857194849423,3.562077113560268,3.1817779541015625,117.0,1763,NOTRIAL
fixation,525567.1860001087,0.6348406255245209,0.3043768972158432,3.5992462158203127,3.228204345703125,84.0,1764,NOTRIAL
fixation,525667.1889998913,0.6236176235335213,0.3015086225100926,3.631396702357701,3.2517623901367188,234.0,1765,NOTRIAL
fixation,525933.85800004,0.5671403511710789,0.30633974075317383,3.55494557256284,3.2421798706054688,767.0,1766,NOTRIAL
fixation,526750.5399999619,0.4733768552541733,0.4946262940764427,3.4316009521484374,3.1585906982421874,166.0,1767,NOTRIAL
fixation,526933.8759999275,0.49266692463840756,0.5096860006451607,3.424341474260603,3.216282435825893,233.0,1768,NOTRIAL
fixation,527200.5380001068,0.36523050665855405,0.5315340181191762,3.478782145182292,3.1972615559895834,250.0,1769,NOTRIAL
fixation,527467.2179999352,0.3531734459102154,0.5310642421245575,3.4481900533040366,3.1871325174967446,200.0,1770,NOTRIAL
fixation,527717.2209999561,0.45996060222387314,0.5007751867175102,3.4121963500976564,3.16915283203125,167.0,1771,NOTRIAL
fixation,527900.5520000458,0.4965001295010249,0.5061151948240068,3.410310533311632,3.1551378038194446,158.0,1772,NOTRIAL
fixation,528250.5580000877,0.5358135998249054,0.47972443103790285,3.4498931884765627,3.181536865234375,75.0,1773,NOTRIAL
fixation,528383.8970000744,0.6463439981548154,0.5274502048078848,3.41460589973294,3.0984275973573023,817.0,1774,NOTRIAL
fixation,529217.236000061,0.6446684201558431,0.5130648985505104,3.3623377482096353,3.0617167154947915,100.0,1775,NOTRIAL
fixation,529333.9030001163,0.5921120783861946,0.5186411598149467,3.3834758085363053,3.0923838895909928,283.0,1776,NOTRIAL
fixation,529667.242000103,0.6557423745592436,0.7553767953068018,3.4793421427408853,3.0267324447631836,808.0,1777,NOTRIAL
fixation,531017.2699999809,0.604947940661357,0.6295855985238001,3.5315657395582933,3.095233623798077,217.0,1778,NOTRIAL
fixation,531267.2660000324,0.5715934745967388,0.38311982713639736,3.580930709838867,3.300312042236328,134.0,1779,NOTRIAL
fixation,531500.6129999161,0.4698027686940299,0.3003442833820979,3.516715155707465,3.190492418077257,150.0,1780,NOTRIAL
fixation,531683.9489998817,0.3836839361624284,0.2889380834319375,3.4627616188742896,3.1606570157137783,183.0,1781,NOTRIAL
fixation,531883.9509999752,0.3547082415648869,0.27412789527859005,3.472571236746652,3.1826695033482144,117.0,1782,NOTRIAL
fixation,532050.6129999161,0.4810302042298847,0.30543407301108044,3.5332573784722223,3.1674686008029513,150.0,1783,NOTRIAL
fixation,532233.9500000477,0.550398525264528,0.2985236330164803,3.5729827880859375,3.2305755615234375,150.0,1784,NOTRIAL
fixation,532417.2850000858,0.6269387826323509,0.2932308930903673,3.635255813598633,3.275453567504883,134.0,1785,NOTRIAL
fixation,532617.2880001068,0.3638806076986449,0.4928790554404259,3.5282767159598216,3.3279146466936385,234.0,1786,NOTRIAL
fixation,532900.6270000935,0.6309475850414585,0.49901942022748896,3.658182917414485,3.362133129222973,616.0,1787,NOTRIAL
fixation,533533.9709999561,0.6558502893894911,0.5295281335711479,3.7192163467407227,3.3986387252807617,275.0,1788,NOTRIAL
fixation,534367.3250000477,0.6017819968136874,0.6982479745691473,3.5991030606356533,3.177022760564631,176.0,1789,NOTRIAL
fixation,534583.9949998856,0.6489474400877953,0.5050519381960233,3.612482706705729,3.3163884480794272,200.0,1790,NOTRIAL
fixation,534817.3310000896,0.5123208896680311,0.48836219581690704,3.513375022194602,3.271700772372159,184.0,1791,NOTRIAL
fixation,535017.3329999447,0.5156493524710337,0.5249228239059448,3.5091481526692707,3.2275736490885416,251.0,1792,24
fixation,535300.6740000248,0.5204581862146204,0.4360899410464547,3.6359294544566763,3.3421575372869317,183.0,1793,24
fixation,535500.6760001183,0.5200817043131049,0.4547126740217209,3.602773492986506,3.339688387784091,183.0,1794,24
fixation,535734.0150001049,0.4359601099382747,0.8986326618628069,3.587858720259233,3.23150634765625,184.0,1795,24
fixation,535934.0150001049,0.4194203197956085,0.8880788803100585,3.5727142333984374,3.225335693359375,84.0,1796,24
fixation,536067.3519999981,0.5956528647379442,0.8907485577193174,3.6379519375887783,3.196250221946023,183.0,1797,24
fixation,536317.35800004,0.5047409149507681,0.4767944465080897,3.5518366495768228,3.307384490966797,200.0,1798,24
fixation,536550.6870000362,0.5578659248763117,0.5315733541702402,3.6627197265625,3.28973388671875,483.0,1799,24
fixation,537067.367000103,0.5324937693774701,0.46410285532474516,3.638475036621094,3.335060882568359,666.0,1800,24
fixation,537767.378000021,0.5711813027208502,0.5472828285260634,3.5888456864790483,3.2416187633167612,366.0,1801,24
fixation,538184.0550000668,0.44199061021208763,0.3788704611361027,3.5956352233886717,3.344593811035156,334.0,1802,24
fixation,538567.3970000744,0.518708606561025,0.5968274404605229,3.5301218668619794,3.113789367675781,500.0,1803,24
fixation,539100.7400000095,0.5592218998706702,0.5616598824659983,3.479165741891572,3.148221565015388,550.0,1804,24
fixation,539934.0929999352,0.5295406491369814,0.45800235343945994,3.3696169466585726,3.114396378800676,609.0,1805,24
fixation,540567.4379999638,0.5609660455540045,0.5475757110919526,3.380326797713095,3.0782156417618936,2233.0,1806,24
fixation,542817.4760000706,0.5658832352736901,0.5557253531340896,3.478362405711207,3.130443178374192,2416.0,1807,24
fixation,545250.8480000496,0.5490756392478943,0.5480680495500565,3.5032562255859374,3.0974853515625,333.0,1808,24
fixation,545600.8529999256,0.5660747969150544,0.5748974752426147,3.5304559326171874,3.1053668212890626,417.0,1809,24
fixation,546034.1930000782,0.5704743258655072,0.5611944332718849,3.458781051635742,3.1031700134277345,667.0,1810,24
fixation,546717.5399999619,0.5675080183305239,0.556066126415604,3.347979896946957,3.0482623451634456,633.0,1811,24
fixation,547384.2179999352,0.43225459337234495,0.6083690869808197,3.31608642578125,2.9885797119140625,417.0,1812,24
fixation,547834.2239999771,0.4312482467469047,0.4262140743872699,3.3187318689682903,3.09063720703125,292.0,1813,24
fixation,548300.9000000954,0.4261881361405055,0.4204253769583172,3.3065626356336804,3.05177985297309,142.0,1814,24
fixation,548484.2339999676,0.46953845769166946,0.3997425056993961,3.2910835266113283,3.011363220214844,334.0,1815,24
fixation,548867.5799999237,0.3986616849899292,0.6262213957309722,3.142939453125,2.8113787841796873,416.0,1816,24
fixation,549300.9200000763,0.4004314165739786,0.6133762129715511,3.2820877801804316,2.9753279913039434,350.0,1817,24
fixation,549700.9200000763,0.5092916442797735,0.5895734887856704,3.4101961576021633,3.072101299579327,217.0,1818,24
fixation,549950.9249999523,0.45968216558297476,0.5368754824002584,3.3951756795247396,3.1304580688476564,500.0,1819,24
fixation,550500.9309999943,0.6193157697425169,0.6333500865627738,3.399898753446691,3.013295790728401,283.0,1820,24
fixation,550850.9389998913,0.43509859293699266,0.3987621068954468,3.3980392456054687,3.1707138061523437,167.0,1821,24
fixation,551034.2780001163,0.4365289782484372,0.40232182790835697,3.3882471720377603,3.1587422688802085,100.0,1822,24
fixation,551150.9449999332,0.39738917499780657,0.4266632363200188,3.3512344360351562,3.1198822021484376,167.0,1823,24
fixation,551350.9470000267,0.4851341669758161,0.4152504429221153,3.2421561347113714,2.9881744384765625,300.0,1824,24
fixation,551667.618999958,0.4689726707610217,0.4052790529800184,3.190096306078362,2.9357026996034565,550.0,1825,24
fixation,552317.638999939,0.40981958033861937,0.5990545252958933,3.1979381419994213,2.883981775354456,450.0,1826,24
fixation,552784.3050000668,0.43467774774347034,0.5937769370419639,3.3111648559570312,2.9604906354631697,234.0,1827,24
fixation,553067.64199996,0.5209672370782266,0.48807418231780714,3.341792179987981,3.0721588134765625,216.0,1828,24
fixation,553300.9790000916,0.5607456851005554,0.5550633919239044,3.448583984375,3.08082275390625,417.0,1829,24
fixation,553734.3289999962,0.5388806941716567,0.5690390571303989,3.4602249808933423,3.1648844843325405,384.0,1830,24
fixation,554151.003000021,0.5196486450731754,0.6128566240270933,3.46541510687934,3.054570515950521,600.0,1831,24
fixation,554784.3369998932,0.49208625609224493,0.4696720540523529,3.505655462091619,3.22882080078125,191.0,1832,FIX_CROS
fixation,555134.3440001011,0.47406259866861195,0.45454227924346924,3.4819723275991588,3.210260244516226,208.0,1833,FIX_CROS
fixation,555384.3499999046,0.42044075578451157,0.43765434473752973,3.4628616333007813,3.171861267089844,166.0,1834,FIX_CROS
fixation,555584.35800004,0.48433968695727264,0.48020232536576013,3.4380950927734375,3.109465165571733,183.0,1835,24.1
fixation,555834.3550000191,0.2680853486061096,0.302172788977623,3.4916900634765624,3.1586669921875,83.0,1836,24.1
fixation,555951.0230000019,0.2328305925641741,0.2781810164451599,3.443133762904576,3.121547154017857,234.0,1837,24.1
fixation,556217.7019999027,0.2056749790906906,0.2810851812362671,3.324871826171875,3.0544219970703126,83.0,1838,24.1
fixation,556334.3650000095,0.30309405071394785,0.28923275215285166,3.304345267159598,3.008795601981027,124.0,1839,24.1
fixation,556601.0390000343,0.37161324732005596,0.31664128229022026,3.3129425048828125,2.9930572509765625,126.0,1840,24.1
fixation,556767.7090001106,0.41991139617231155,0.3131863574186961,3.3149905734592013,2.9905598958333335,150.0,1841,24.1
fixation,556951.0469999313,0.4821657890623266,0.2972470210357146,3.2892719615589487,2.9319568980823862,184.0,1842,24.1
fixation,557151.0490000248,0.4393272250890732,0.3093624429570304,3.2542860243055554,2.967100355360243,150.0,1843,24.1
fixation,557317.7200000286,0.4012978354638273,0.3075148212638768,3.2522749467329546,2.995719216086648,367.0,1844,24.1
fixation,557717.73300004,0.4753788845105605,0.30672332508997485,3.3509563099254263,3.0385603471235796,183.0,1845,24.1
fixation,557934.4019999504,0.5471146007378896,0.30599865689873695,3.395086924235026,3.078375498453776,200.0,1846,24.1
fixation,558184.4100000858,0.636476161579291,0.3038814688722293,3.429571787516276,3.083611806233724,200.0,1847,24.1
fixation,558417.746999979,0.6952497720718384,0.31061124950647356,3.45653076171875,3.080854797363281,167.0,1848,24.1
fixation,558617.7509999275,0.7510212600231171,0.3088164836168289,3.4729827880859374,3.0915283203125,83.0,1849,24.1
fixation,558734.4219999313,0.7929229651178632,0.2940842466694968,3.440006801060268,3.0249437604631697,116.0,1850,24.1
fixation,558951.0929999352,0.20808722349730405,0.3556859669360248,3.3490836403586646,3.127931074662642,184.0,1851,24.1
fixation,559151.0969998837,0.19347288832068443,0.36683272073666257,3.343102773030599,3.0956204732259116,200.0,1852,24.1
fixation,559634.4419999123,0.3057020776546918,0.3473921211866232,3.3199967604417067,3.051629873422476,208.0,1853,24.1
fixation,559951.118999958,0.267389502376318,0.35894098319113255,3.337587356567383,3.0956172943115234,134.0,1854,24.1
fixation,560117.7899999619,0.38754913898614735,0.3631073419864361,3.300837590144231,3.0491192157451925,217.0,1855,24.1
fixation,560367.7929999828,0.38249921798706055,0.2923905278245608,3.3848063151041665,3.092615763346354,200.0,1856,24.1
fixation,560634.4679999352,0.37003370374441147,0.2889981468518575,3.3628463745117188,3.1170781453450522,100.0,1857,24.1
fixation,560767.8039999008,0.46705899201333523,0.3033070042729378,3.409243583679199,3.0951881408691406,267.0,1858,24.1
fixation,561067.8110001087,0.5291118830442428,0.2918386161327362,3.4228668212890625,3.1151214599609376,167.0,1859,24.1
fixation,561267.8129999638,0.5836565911769866,0.29648361802101136,3.4262847900390625,3.0844573974609375,83.0,1860,24.1
fixation,561367.8139998913,0.6273110590197823,0.30143503709272906,3.4113935990767046,3.0645599365234375,183.0,1861,24.1
fixation,561601.1530001163,0.37455639988183975,0.29815474649270374,3.3466784159342446,3.1164093017578125,200.0,1862,24.1
fixation,561817.8239998817,0.3339167156002738,0.3089545314962214,3.370512528852983,3.1009105335582388,183.0,1863,24.1
fixation,562034.4930000305,0.28484945371747017,0.28591884796818096,3.331806182861328,3.0728848775227866,200.0,1864,24.1
fixation,562251.1640000343,0.304782433943315,0.28064572607929056,3.3335002552379263,3.0505565296519888,184.0,1865,24.1
fixation,562451.1670000553,0.33842529480655986,0.3010673063496749,3.3464978535970054,3.0879109700520835,200.0,1866,24.1
fixation,562684.5039999485,0.26354312896728516,0.3753667005470821,3.299798148018973,3.1039297921316966,124.0,1867,24.1
fixation,562984.5099999905,0.36073262691497804,0.36049790382385255,3.3753692626953127,3.0492034912109376,75.0,1868,24.1
fixation,563084.510999918,0.39573822617530824,0.3638614475727081,3.3532196044921876,3.0449310302734376,83.0,1869,24.1
fixation,563201.1830000877,0.44296396523714066,0.36849063634872437,3.288404846191406,3.024517822265625,167.0,1870,24.1
fixation,563401.1849999428,0.5277862201134363,0.3783783254524072,3.2961463928222656,2.9719861348470054,200.0,1871,24.1
fixation,563634.5220000744,0.6189226779070768,0.37298386611721734,3.3079487193714487,2.9775931618430396,183.0,1872,24.1
fixation,563851.1909999847,0.6680873592694601,0.3768865098555883,3.334308878580729,2.981886800130208,250.0,1873,24.1
fixation,564134.5299999714,0.617071345448494,0.38432255759835243,3.3066749572753906,2.9908065795898438,66.0,1874,24.1
fixation,564234.5290000439,0.7222366109490395,0.3686123862862587,3.3278376261393228,2.9820048014322915,200.0,1875,24.1
fixation,564451.2019999027,0.7627860392842974,0.37036935346467154,3.390993390764509,2.988095964704241,117.0,1876,24.1
fixation,564584.5380001068,0.7967874780297279,0.3668757267296314,3.4336414337158203,2.976316452026367,133.0,1877,24.1
fixation,564801.2090001106,0.2934108581393957,0.468839094042778,3.3413944244384766,3.095836639404297,134.0,1878,24.1
fixation,564951.2109999657,0.23289910753568013,0.481735556324323,3.38131103515625,3.1394978841145833,250.0,1879,24.1
fixation,565217.8819999695,0.1976229263977571,0.46809628334912384,3.4437131014737217,3.149690107865767,183.0,1880,24.1
fixation,565434.5520000458,0.2980411499738693,0.4632304720580578,3.4243621826171875,3.1316261291503906,74.0,1881,24.1
fixation,565684.5569999218,0.3638558288415273,0.4495166805055406,3.409673055013021,3.114771525065104,142.0,1882,24.1
fixation,565867.8949999809,0.4199379061659177,0.4582754038274288,3.387547810872396,3.1226959228515625,200.0,1883,24.1
fixation,566101.2290000916,0.4951997912592358,0.4564073723223474,3.3292643229166665,3.0732294718424478,300.0,1884,24.1
fixation,566417.9010000229,0.5367894381284714,0.4587029993534088,3.3455154418945314,3.0622329711914062,167.0,1885,24.1
fixation,566601.2369999886,0.5684433113783598,0.4680325910449028,3.3553524017333984,3.0712881088256836,267.0,1886,24.1
fixation,566884.5759999752,0.5882420649653987,0.46185669381367533,3.4067487214740955,3.0966780813116777,316.0,1887,24.1
fixation,567217.9130001068,0.6440910776456197,0.4721976985534032,3.411327107747396,3.080823771158854,250.0,1888,24.1
fixation,567501.253000021,0.7136470865119587,0.4661634781143882,3.4128459583629263,3.095450661399148,184.0,1889,24.1
fixation,567717.9219999313,0.7819256981213888,0.4526253566145897,3.449986775716146,3.0386759440104165,100.0,1890,24.1
fixation,567917.9249999523,0.24153470154851675,0.5599065497517586,3.3786258697509766,3.1360836029052734,133.0,1891,24.1
fixation,568084.5950000286,0.20446746548016867,0.5690506862269508,3.3617078993055554,3.06832038031684,150.0,1892,24.1
fixation,568267.9309999943,0.3035705261505567,0.5600245526203742,3.3531095064603367,3.025781484750601,217.0,1893,24.1
fixation,568501.2690000534,0.35395833229025203,0.5515831907590231,3.359521230061849,3.039198557535807,200.0,1894,24.1
fixation,568751.2730000019,0.46783422850645506,0.5389214479006253,3.3496539776141825,3.0296736497145433,217.0,1895,24.1
fixation,569001.2760000229,0.5536716083685557,0.5426749512553215,3.3670336405436196,3.0132064819335938,200.0,1896,24.1
fixation,569234.6119999886,0.6570677974007346,0.5618113631551916,3.3894292658025567,3.0539051402698862,183.0,1897,24.1
fixation,569451.2839999199,0.7528262175619602,0.5519279465079308,3.403841018676758,3.046152114868164,134.0,1898,24.1
fixation,569667.9549999237,0.29676381051540374,0.6412229776382447,3.3172882080078123,3.0078460693359377,83.0,1899,24.1
fixation,569784.6229999065,0.2311223703953955,0.6458681457572513,3.2806023491753473,3.0159810384114585,158.0,1900,24.1
fixation,570101.2939999104,0.3446886291106542,0.6179461545414395,3.224234686957465,2.92366706000434,142.0,1901,24.1
fixation,570284.628000021,0.4147500124844638,0.6177324273369529,3.2052251642400567,2.8837030584161933,183.0,1902,24.1
fixation,570501.2999999523,0.49175845955808956,0.6105913072824478,3.1812896728515625,2.849249521891276,200.0,1903,24.1
fixation,570734.6370000839,0.5749494214852651,0.6212739626566569,3.206883748372396,2.8701487223307294,250.0,1904,24.1
fixation,571017.9760000706,0.503913468370835,0.6284575412670771,3.2334772745768228,2.871295928955078,200.0,1905,24.1
fixation,571251.3169999123,0.6640361686547597,0.6272000054518382,3.3139333089192706,2.895672607421875,250.0,1906,24.1
fixation,571517.9839999676,0.6490372240543365,0.6273891270160675,3.32471923828125,2.9173370361328126,83.0,1907,24.1
fixation,571634.6510000229,0.7450205449547086,0.6304413974285126,3.3568104335239957,2.9427947998046875,233.0,1908,24.1
fixation,571901.3210000992,0.7853986322879791,0.6300055235624313,3.3863601684570312,2.9613113403320312,67.0,1909,24.1
fixation,572051.3259999752,0.28234539677699405,0.7307312041521072,3.3110249837239585,3.0020777384440103,100.0,1910,24.1
fixation,572184.6630001068,0.2247126872340838,0.7240461880962054,3.3293774922688804,3.005926767985026,200.0,1911,24.1
fixation,572418.0,0.33891946503094267,0.7238934976713998,3.3227135794503346,2.9860872541155135,234.0,1912,24.1
fixation,572684.6719999313,0.42471546882932837,0.7244200002063405,3.309782548384233,2.9333038330078125,183.0,1913,24.1
fixation,572884.6730000973,0.49570869902769726,0.7192315525478787,3.33174811469184,2.9157477484809027,150.0,1914,24.1
fixation,573068.0099999905,0.5723468244075776,0.7226229429244995,3.3642578125,2.907273864746094,167.0,1915,24.1
fixation,573268.0130000114,0.6399941792090734,0.7215988487005234,3.3908678690592446,2.917250315348307,200.0,1916,24.1
fixation,573501.3510000706,0.6828597187995911,0.7186904311180115,3.4044189453125,2.9409881591796876,83.0,1917,24.1
fixation,573601.3540000916,0.7447786275297403,0.7196266744285822,3.380499839782715,2.9468870162963867,266.0,1918,24.1
fixation,573918.0239999294,0.5733052127891116,0.4177237931225035,3.3495686848958335,3.0598687065972223,150.0,1919,NOTRIAL
fixation,574101.3619999886,0.49912287294864655,0.26015702337026597,3.428448486328125,3.1095184326171874,83.0,1920,NOTRIAL
fixation,574268.0299999714,0.36014917931135965,0.3204907222705729,3.5206577076631436,3.2445234410903034,567.0,1921,NOTRIAL
fixation,574851.375,0.37912282049655915,0.3216296374797821,3.568072509765625,3.2866180419921873,83.0,1922,NOTRIAL
fixation,574951.378000021,0.37655314020812514,0.31888231448829174,3.5429813385009767,3.2451404571533202,666.0,1923,NOTRIAL
fixation,575634.7249999046,0.3573029339313507,0.3192937409176546,3.5882631189682903,3.2812419218175553,283.0,1924,NOTRIAL
fixation,575951.3970000744,0.34238889948888257,0.5139057473702864,3.5261771462180396,3.2578000155362217,183.0,1925,NOTRIAL
fixation,576151.4019999504,0.3561178218750727,0.5208971812611535,3.554991949172247,3.2584475562686013,350.0,1926,NOTRIAL
fixation,576534.740999937,0.43585993597904843,0.5220035860935847,3.579113006591797,3.294184366861979,200.0,1927,NOTRIAL
fixation,576751.4159998894,0.42364563792943954,0.5145092057554346,3.592884666041324,3.2716590479800574,633.0,1928,NOTRIAL
fixation,577434.76699996,0.6257343143224716,0.7339730523526669,3.6392574310302734,3.1582889556884766,133.0,1929,NOTRIAL
fixation,577584.7709999084,0.6476810971895853,0.7606108328875374,3.680308921664369,3.195577284869026,850.0,1930,NOTRIAL
fixation,578468.121999979,0.5867303380599389,0.9021726342347952,3.6509634164663463,3.2009688157301683,217.0,1931,NOTRIAL
fixation,579326.4730000496,0.5522088866967422,0.5532830426326165,3.624187762920673,3.2494365985576925,216.0,1932,FIX_CROS
fixation,579576.48300004,0.5047652748498049,0.49196449193087494,3.519875266335227,3.2732918479225854,191.0,1933,FIX_CROS
fixation,579976.4900000095,0.46855678341605445,0.43436440283601935,3.425026633522727,3.2408405650745737,175.0,1934,FIX_CROS
fixation,580193.1630001068,0.42236550578049253,0.4188687279820442,3.4517201014927457,3.2692173549107144,234.0,1935,FIX_CROS
fixation,580576.506000042,0.25340963900089264,0.31550219282507896,3.464221954345703,3.2587242126464844,66.0,1936,24.2
fixation,580676.509000063,0.21003855392336845,0.2880926902095477,3.4279797871907554,3.2138684590657554,200.0,1937,24.2
fixation,580893.1789999008,0.2547719456255436,0.2879704535007477,3.3810699462890623,3.1863616943359374,167.0,1938,24.2
fixation,581109.8489999771,0.3362661267702396,0.31168173941282123,3.4116011399489183,3.170655470628005,217.0,1939,24.2
fixation,581343.1900000572,0.38007294088602067,0.3101204544305801,3.4529647827148438,3.185041809082031,167.0,1940,24.2
fixation,581543.1940000057,0.4501659671465556,0.32039326801896095,3.544147491455078,3.256586710611979,200.0,1941,24.2
fixation,581776.5320000648,0.5445245020091534,0.31992653012275696,3.63421630859375,3.3523426055908203,133.0,1942,24.2
fixation,581943.2000000477,0.6361819952726364,0.3344992473721504,3.6600074768066406,3.3262405395507812,75.0,1943,24.2
fixation,582193.2039999962,0.7064142264425755,0.31460188515484333,3.639371871948242,3.248373031616211,126.0,1944,24.2
fixation,582359.875,0.7602609627776675,0.2974003271924125,3.5417344835069446,3.165952894422743,150.0,1945,24.2
fixation,582543.2100000381,0.7941830605268478,0.29675230756402016,3.530376434326172,3.078624725341797,67.0,1946,24.2
fixation,582693.2130000591,0.2243774492632259,0.37764038281007245,3.3448930220170454,3.1315363103693183,184.0,1947,24.2
fixation,582893.2190001011,0.19295593599478403,0.38881486819850075,3.3392096625434027,3.0901557074652777,150.0,1948,24.2
fixation,583076.5529999733,0.2902245211104552,0.4059691056609154,3.3546740214029946,3.0876261393229165,200.0,1949,24.2
fixation,583309.8910000324,0.3682221630588174,0.40687616541981697,3.335293769836426,3.08721923828125,267.0,1950,24.2
fixation,583609.8949999809,0.42786021530628204,0.4006397396326065,3.3761199951171874,3.1341705322265625,83.0,1951,24.2
fixation,583709.8989999294,0.4880847659978,0.39487297291105444,3.3808940540660513,3.1238167502663354,183.0,1952,24.2
fixation,583926.5590000153,0.5815333090722561,0.40543822199106216,3.434621810913086,3.1198978424072266,133.0,1953,24.2
fixation,584109.9030001163,0.6970673203468323,0.37811870559265737,3.4649714419716284,3.130204050164474,317.0,1954,24.2
fixation,584443.2449998856,0.7330002529280526,0.39287609287670683,3.4994125366210938,3.158191135951451,234.0,1955,24.2
fixation,584693.2460000515,0.7580840498208999,0.38998801410198214,3.510600280761719,3.180500793457031,167.0,1956,24.2
fixation,584893.2490000725,0.7984976649284363,0.36970008313655855,3.5128753662109373,3.1111053466796874,84.0,1957,24.2
fixation,585076.5859999657,0.24128669583135182,0.4630136357413398,3.385988023546007,3.1891055636935763,150.0,1958,24.2
fixation,585309.9249999523,0.19625032134354115,0.4771461598575115,3.3701400756835938,3.1479759216308594,75.0,1959,24.2
fixation,585709.9349999428,0.35590806947304654,0.46576162714224595,3.3252399151141825,3.0773585392878604,217.0,1960,24.2
fixation,585959.9370000362,0.44171260723045896,0.46020252044711796,3.2231478009905135,2.965010506766183,233.0,1961,24.2
fixation,586226.6070001125,0.5448722222021648,0.45273637984480175,3.1471350533621654,2.892275129045759,233.0,1962,24.2
fixation,586509.9400000572,0.6146910389264425,0.4594056357940038,3.1615431043836804,2.9016011555989585,150.0,1963,24.2
fixation,586693.2860000134,0.6711196055014929,0.4590302184224129,3.201147715250651,2.932397206624349,200.0,1964,24.2
fixation,586926.6150000095,0.7529226680596669,0.4572254071633021,3.2954126993815103,2.9413416544596354,500.0,1965,24.2
fixation,587443.2929999828,0.7344948289723232,0.45910975696711703,3.4724894556505927,3.191798243029364,484.0,1966,24.2
fixation,587959.9820001125,0.7767617211622351,0.45531321536092195,3.552664364085478,3.221744312959559,283.0,1967,24.2
fixation,588276.6489999294,0.7257766276597977,0.4528693152325494,3.526353018624442,3.2833241053989957,233.0,1968,24.2
fixation,588543.3299999237,0.7593197493176711,0.44926773403820236,3.478908338044819,3.188793784693668,317.0,1969,24.2
fixation,588876.6710000038,0.7956238687038422,0.44618100523948667,3.486859130859375,3.1524505615234375,83.0,1970,24.2
fixation,589076.6789999008,0.2117032307115468,0.5633872693235223,3.4083127108487217,3.1988053755326704,183.0,1971,24.2
fixation,589276.6819999218,0.1900815986096859,0.5737206101417541,3.4306884765625,3.187506103515625,167.0,1972,24.2
fixation,589476.6879999638,0.3040166741067713,0.5600079866972837,3.4077689430930396,3.1304196444424717,183.0,1973,24.2
fixation,589693.3570001125,0.3743868534054075,0.5469638662678855,3.361363002232143,3.06854248046875,124.0,1974,24.2
fixation,590093.361000061,0.47352025508880613,0.5299321591854096,3.3470977783203124,3.0622772216796874,75.0,1975,24.2
fixation,590210.0280001163,0.5457797781987623,0.5355152677405964,3.3880157470703125,3.091634576970881,184.0,1976,24.2
fixation,590426.6989998817,0.61204015960296,0.5396527027090391,3.3485145568847656,3.0379727681477866,200.0,1977,24.2
fixation,590660.0490000248,0.6921617005552564,0.5390849986246654,3.330186026436942,3.0402537754603793,234.0,1978,24.2
fixation,590926.7190001011,0.7679165984903064,0.5251956177609307,3.3735482352120534,3.001126970563616,117.0,1979,24.2
fixation,591060.0539999008,0.79966039955616,0.5184585526585579,3.3957290649414062,3.0042076110839844,134.0,1980,24.2
fixation,591276.7209999561,0.27933742851018906,0.6343893607457479,3.3559341430664062,3.0988972981770835,100.0,1981,24.2
fixation,591410.0669999123,0.20249837590381503,0.630963584408164,3.4084110260009766,3.1716623306274414,267.0,1982,24.2
fixation,591693.3959999084,0.2382786406411065,0.6341702077123854,3.4205796983506946,3.133848402235243,150.0,1983,24.2
fixation,591876.73300004,0.30848173052072525,0.6385844225684801,3.3976821899414062,3.0774141947428384,200.0,1984,24.2
fixation,592110.0699999332,0.4215055078268051,0.632460767030716,3.4034830729166665,3.0785196940104167,250.0,1985,24.2
fixation,592393.4079999924,0.5139774307608604,0.6275237232446671,3.434808349609375,3.080999755859375,166.0,1986,24.2
fixation,592576.743999958,0.5745681747794151,0.6385513097047806,3.4289016723632812,3.0439300537109375,75.0,1987,24.2
fixation,592860.0840001106,0.644615650177002,0.6096038520336151,3.42034912109375,3.034114292689732,109.0,1988,24.2
fixation,593026.753000021,0.7364266961812973,0.6118944223437991,3.436163766043527,3.056769234793527,233.0,1989,24.2
fixation,593293.4240000248,0.8059256805313958,0.6069374481836954,3.4410468207465277,3.034578111436632,150.0,1990,24.2
fixation,593510.0959999561,0.4173491174976031,0.698924794793129,3.3196233113606772,2.9898401896158853,100.0,1991,24.2
fixation,593626.7660000324,0.34485550969839096,0.7215756922960281,3.294683183942522,2.973111833844866,233.0,1992,24.2
fixation,593893.4360001087,0.4731163265912429,0.7201179084570511,3.3059393841287363,2.9181452212126358,383.0,1993,24.2
fixation,594310.111000061,0.5400450279315313,0.7116112286845843,3.3291918436686196,2.9000701904296875,200.0,1994,24.2
fixation,594543.4470000267,0.5848037540912628,0.7099032014608383,3.3464614868164064,2.9311248779296877,166.0,1995,24.2
fixation,594743.4509999752,0.6623663135937282,0.7173418147223336,3.373943873814174,2.936527797154018,233.0,1996,24.2
fixation,595010.1229999065,0.632210822209068,0.616170822278313,3.343208644701087,2.9588311236837637,384.0,1997,24.2
fixation,595460.1300001144,0.5180552725990614,0.2851073543230693,3.470989227294922,3.0977503458658853,200.0,1998,NOTRIAL
fixation,595710.132999897,0.6214766161782401,0.3006116503051349,3.4793733869280135,3.085221426827567,234.0,1999,NOTRIAL
fixation,595960.1480000019,0.6435297429561615,0.3077651234343648,3.5501832962036133,3.1757774353027344,267.0,2000,NOTRIAL
fixation,596243.4779999256,0.5653944969177246,0.30577840613467355,3.5634347098214287,3.2146373203822542,1166.0,2001,NOTRIAL
fixation,597460.1770000458,0.5070636501269681,0.5040808077901602,3.530796323503767,3.2290652138846263,934.0,2002,NOTRIAL
fixation,598443.5320000648,0.6422888569293483,0.7385933706837315,3.6044390278477825,3.2000235280682965,516.0,2003,NOTRIAL
fixation,598976.8800001144,0.65821211820557,0.7407248985199701,3.5919988723028276,3.186580113002232,350.0,2004,NOTRIAL
fixation,599943.5680000782,0.6388761617920615,0.7105830203403126,3.7172962535511362,3.2835027521306817,175.0,2005,NOTRIAL
fixation,600176.9049999714,0.553627108152096,0.3666201577736781,3.6343008188100963,3.3465494009164662,217.0,2006,NOTRIAL
fixation,600426.9089999199,0.4827554151415825,0.3008043151348829,3.5899124145507812,3.2722129821777344,133.0,2007,NOTRIAL
fixation,600593.5810000896,0.5640235516158018,0.2882902066815983,3.5797895951704546,3.243014248934659,183.0,2008,NOTRIAL
fixation,600843.5850000381,0.6384515857154672,0.5090518292378295,3.5854752280495386,3.241866718639027,733.0,2009,NOTRIAL
fixation,601593.6029999256,0.6523026176370107,0.5188831947743893,3.6110123854417067,3.2824263939490685,874.0,2010,NOTRIAL
fixation,602626.9509999752,0.6562885530292988,0.5112551786005497,3.6402435302734375,3.3022956848144527,125.0,2011,NOTRIAL
fixation,602776.9579999447,0.65243703410739,0.5336308862481799,3.6155526297433034,3.3029901413690474,350.0,2012,NOTRIAL
fixation,603143.631000042,0.6602070737968792,0.49175790358673444,3.5452534068714487,3.2526120272549717,183.0,2013,NOTRIAL
fixation,603376.9690001011,0.6411141455173492,0.3186710352698962,3.6627680460611978,3.3211263020833335,200.0,2014,NOTRIAL
fixation,603626.9739999771,0.6493800991412365,0.5014076000361731,3.7306557857629024,3.4059848207415957,1108.0,2015,NOTRIAL
fixation,605143.6689999104,0.514828487084462,0.6801177423733932,3.7175210806039662,3.3211153470552883,217.0,2016,NOTRIAL
fixation,605377.006000042,0.4911078115304311,0.72274425956938,3.7780253092447915,3.403071085611979,150.0,2017,NOTRIAL
fixation,605577.0099999905,0.5015877652913332,0.3528184909373522,3.7854881286621094,3.48443603515625,134.0,2018,NOTRIAL
fixation,605743.6789999008,0.5001198714971542,0.48581439137458804,3.6781292724609376,3.3478057861328123,417.0,2019,NOTRIAL
fixation,606210.3550000191,0.5394453869925605,0.6484552191363441,3.7544131808810763,3.325259738498264,150.0,2020,29
fixation,606393.6940000057,0.4362702990571658,0.5947105685869852,3.6464131673177085,3.2962417602539062,108.0,2021,29
fixation,606777.0360000134,0.5323379933834076,0.5844031671682993,3.5320281982421875,3.2100931803385415,100.0,2022,29
fixation,606927.0399999619,0.3332521617412567,0.8654959400494894,3.463789621988932,3.149974822998047,200.0,2023,29
fixation,607143.7079999447,0.3094484768807888,0.8766219889124235,3.446214040120443,3.1573003133138022,200.0,2024,29
fixation,607377.0490000248,0.4045101096232732,0.8851774672667185,3.448414103190104,3.1324727376302084,250.0,2025,29
fixation,607643.7219998837,0.38724415817044,0.8822309510274366,3.456666426225142,3.1450375643643467,183.0,2026,29
fixation,608177.0680000782,0.5420238614082337,0.8700047492980957,3.5423248291015623,3.140313720703125,76.0,2027,29
fixation,608293.736000061,0.5831022614782507,0.8619936298240315,3.555325594815341,3.150307395241477,183.0,2028,29
fixation,608493.742000103,0.5219654162724813,0.8741010427474976,3.530809529622396,3.152351888020833,250.0,2029,29
fixation,608777.0810000896,0.6126005113124847,0.8704807579517364,3.583636474609375,3.1657135009765627,84.0,2030,29
fixation,608893.7520000935,0.6593227450336728,0.8811998516321182,3.5531725202287947,3.151972089494978,233.0,2031,29
fixation,609177.0899999142,0.47598893754184246,0.5482815094292164,3.5015602111816406,3.2058448791503906,134.0,2032,29
fixation,609343.759000063,0.416796546181043,0.563148186604182,3.451067097981771,3.14232177734375,250.0,2033,29
fixation,609627.0999999046,0.5330921828746795,0.5641529783606529,3.302320861816406,3.0007423400878905,334.0,2034,29
fixation,609977.1070001125,0.5558708061774572,0.5708812872568766,3.2798995971679688,2.989262898763021,100.0,2035,29
fixation,610110.4440000057,0.426757436659601,0.610862758424547,3.2429707845052085,2.940275404188368,150.0,2036,29
fixation,610277.1150000095,0.4075329527258873,0.5887850544282368,3.2431815011160716,2.9547903878348216,234.0,2037,29
fixation,610543.7890000343,0.3892180621623993,0.6030417184034983,3.228618367513021,2.952007039388021,250.0,2038,29
fixation,610810.4609999657,0.4354153394699097,0.6004695117473602,3.20753173828125,2.8894302368164064,166.0,2039,29
fixation,611027.1319999695,0.49846491488543426,0.5965485925024206,3.160317160866477,2.8690310391512783,184.0,2040,29
fixation,611243.8050000668,0.5618467582389712,0.6013299291953444,3.1479430198669434,2.8667564392089844,541.0,2041,29
fixation,612043.8180000782,0.6476249297459921,0.862209253013134,3.1999740600585938,2.857177734375,200.0,2042,29
fixation,612260.4900000095,0.5944580932458242,0.8793894499540329,3.2392552693684897,2.8559799194335938,100.0,2043,29
fixation,612427.1549999714,0.45760041773319243,0.6007343649864196,3.2207611083984373,2.8855743408203125,84.0,2044,29
fixation,612527.1540000439,0.4934938003619512,0.5728802912765079,3.168670654296875,2.893276638454861,150.0,2045,29
fixation,612710.492000103,0.42637505776741924,0.571520069066216,3.146823658662684,2.850870469037224,283.0,2046,29
fixation,613010.4949998856,0.40144184827804563,0.5736973881721497,3.183087158203125,2.896484375,166.0,2047,29
fixation,613193.8280000687,0.3916520730902751,0.6744514765838782,3.256068547566732,2.889967600504557,400.0,2048,29
fixation,613610.5150001049,0.38066264655854964,0.6069716678725349,3.3125432332356772,2.988399929470486,300.0,2049,29
fixation,613943.8559999466,0.42411056756973264,0.6148507297039032,3.386216735839844,3.0805038452148437,167.0,2050,29
fixation,614143.8589999676,0.49314527213573456,0.6114592506335332,3.4310701810396633,3.0711282583383412,217.0,2051,29
fixation,614393.8629999161,0.5493070085843405,0.6030713452233208,3.385409884982639,3.0394473605685763,158.0,2052,29
fixation,614760.5369999409,0.6133957478133115,0.594857318834825,3.3933910023082388,3.051480379971591,175.0,2053,29
fixation,614993.8759999275,0.39109657385519575,0.6142280953271049,3.2751998901367188,2.912206377301897,233.0,2054,29
fixation,615243.8789999485,0.3777914494276047,0.6147082567214965,3.265179443359375,2.93011474609375,83.0,2055,29
fixation,615343.882999897,0.43118545164664585,0.6199054966370264,3.291783650716146,2.938739776611328,200.0,2056,29
fixation,615560.5539999008,0.45601936110428404,0.6226022967270443,3.329840523856027,2.9704698835100447,116.0,2057,29
fixation,615693.8900001049,0.4969530827724017,0.6268197779472058,3.350744394155649,2.970140897310697,217.0,2058,29
fixation,615927.2269999981,0.5393345594406128,0.6273867607116699,3.3910929361979165,2.981217447916667,250.0,2059,29
fixation,616227.2320001125,0.36985373847624836,0.8806125714498407,3.363146613625919,3.0197475657743564,284.0,2060,29
fixation,616527.2379999161,0.32122421806508844,0.8767062263055281,3.4021772904829546,3.050290194424716,184.0,2061,29
fixation,616727.2430000305,0.358743353323503,0.8788237869739532,3.360830133611506,3.0221141468394888,184.0,2062,29
fixation,616943.9110000134,0.44956559859789336,0.889524546953348,3.3888573279747596,2.9926065298227162,217.0,2063,29
fixation,617193.9170000553,0.5274458985243525,0.8936503934008735,3.3795482090541293,2.9742954799107144,467.0,2064,29
fixation,617693.9289999008,0.5901598706841469,0.9023159344991049,3.3628578186035156,2.9184087117513022,200.0,2065,29
fixation,617910.6019999981,0.6106965988874435,0.8856708183884621,3.365589141845703,2.946014404296875,66.0,2066,29
fixation,617993.9370000362,0.674829114228487,0.8768156431615353,3.406827926635742,2.959688186645508,141.0,2067,29
fixation,618343.9449999332,0.5179739594459534,0.4826538158314569,3.3867906842912947,3.110318865094866,117.0,2068,29
fixation,618510.6129999161,0.466250764635893,0.3984230160713196,3.3798558161808896,3.0842789870042067,216.0,2069,FIX_CROS
fixation,618760.6229999065,0.4878714749446282,0.4601019781369429,3.3639667217548075,3.0977255014272838,216.0,2070,FIX_CROS
fixation,619010.6259999275,0.445241538186868,0.44961843887964886,3.473626878526476,3.224422878689236,300.0,2071,FIX_CROS
fixation,619343.9660000801,0.41344889625906944,0.42864004615694284,3.5237512588500977,3.2463951110839844,267.0,2072,FIX_CROS
fixation,619643.9749999046,0.4487522356212139,0.46125711873173714,3.5407447814941406,3.2702255249023438,67.0,2073,29.2
fixation,619743.9769999981,0.2666078120470047,0.4879087895154953,3.5548370361328123,3.3165740966796875,83.0,2074,29.2
fixation,619860.6449999809,0.21830269545316697,0.4912715181708336,3.5683074951171876,3.336195373535156,166.0,2075,29.2
fixation,620043.9820001125,0.18957299506291747,0.4866100801154971,3.5782289505004883,3.3309192657470703,267.0,2076,29.2
fixation,620343.9900000095,0.30843914672732353,0.49873293315370876,3.5648930867513022,3.2657483418782554,200.0,2077,29.2
fixation,620560.6640000343,0.3767971396446228,0.5019782245159149,3.5826202392578126,3.27734375,91.0,2078,29.2
fixation,620843.996999979,0.45718586657728466,0.4936468005180359,3.5808497837611606,3.286492483956473,109.0,2079,29.2
fixation,620977.3359999657,0.43822014196352527,0.5022889104756442,3.5417300137606533,3.2616993297230112,183.0,2080,29.2
fixation,621194.0099999905,0.49709584812323254,0.4896107700963815,3.5171279907226562,3.1894022623697915,200.0,2081,29.2
fixation,621444.0150001049,0.6165914217631022,0.49301293392976125,3.5845438639322915,3.243233235677083,250.0,2082,29.2
fixation,621710.6870000362,0.6641923026605085,0.5008002275770361,3.6535145152698862,3.3205455433238638,183.0,2083,29.2
fixation,621910.6900000572,0.6935429506831698,0.5027351180712382,3.65560065375434,3.3225335015190973,150.0,2084,29.2
fixation,622094.0280001163,0.7530362779895464,0.4926946349442005,3.6697298685709634,3.293786366780599,200.0,2085,29.2
fixation,622310.6970000267,0.8012672790459224,0.48636108530419214,3.6885506766183034,3.3136629377092635,233.0,2086,29.2
fixation,622560.7030000687,0.7512543468098891,0.49858674171723816,3.695865831877056,3.333653500205592,317.0,2087,29.2
fixation,622894.0460000038,0.7639171438557761,0.4799962661096028,3.717391967773438,3.3248443603515625,117.0,2088,29.2
fixation,623044.0469999313,0.6894396218386564,0.4882895743305033,3.711904352361506,3.347079190340909,184.0,2089,29.2
fixation,623244.0480000973,0.6660663306713104,0.49814698795477547,3.7473459879557294,3.381700642903646,250.0,2090,29.2
fixation,623510.7209999561,0.7106622857706887,0.4868629881313869,3.7704659598214287,3.3901123046875,583.0,2091,29.2
fixation,624110.73300004,0.7567228317260742,0.4869187518954277,3.7461822509765623,3.3256881713867186,167.0,2092,29.2
fixation,624310.7369999886,0.799500359730287,0.495293454690413,3.755441839044744,3.3020394065163354,183.0,2093,29.2
fixation,624544.0739998817,0.5999893993139267,0.4984279628843069,3.6935253143310547,3.3737525939941406,134.0,2094,29.2
fixation,624760.7449998856,0.23424525145027372,0.508615599738227,3.642303466796875,3.3777262369791665,150.0,2095,29.2
fixation,624944.0799999237,0.20149300396442413,0.513310166200002,3.6433502197265626,3.313584391276042,250.0,2096,29.2
fixation,625260.7539999485,0.2707631140947342,0.506426684996661,3.555337344898897,3.2701308306525734,283.0,2097,29.2
fixation,625577.4249999523,0.3510304644703865,0.5012100011110305,3.5662155151367188,3.2714691162109375,166.0,2098,29.2
fixation,625760.763999939,0.33335793153806165,0.5068273395299911,3.5488100918856533,3.281466397372159,183.0,2099,29.2
fixation,625977.4340000153,0.4223376799088258,0.5043963216818296,3.569605900691106,3.262285672701322,216.0,2100,29.2
fixation,626227.4370000362,0.496847349863786,0.5069041802332952,3.5630774864783654,3.21585200383113,216.0,2101,29.2
fixation,626460.7760000229,0.5229327430327734,0.5066770215829214,3.505096435546875,3.2108637491861978,100.0,2102,29.2
fixation,626577.4440000057,0.5760915921284602,0.5142903282092168,3.524871826171875,3.1884225698617787,216.0,2103,29.2
fixation,626810.7799999714,0.6063271191987124,0.5045321570201353,3.526967828924006,3.2205852161754263,183.0,2104,29.2
fixation,627010.7820000648,0.6567906071158016,0.4990214433740167,3.541293873506434,3.2348749497357536,283.0,2105,29.2
fixation,627310.7860000134,0.6784249991178513,0.5002280622720718,3.567852020263672,3.2354736328125,67.0,2106,29.2
fixation,627394.1199998856,0.7063390399728503,0.49912179155009134,3.599074227469308,3.2449951171875,234.0,2107,29.2
fixation,627644.1229999065,0.7428149397556598,0.5094228512965716,3.6261444091796875,3.255003709059495,217.0,2108,29.2
fixation,627877.4600000381,0.7596359915203519,0.5021941545936797,3.6404181586371527,3.2504035101996527,150.0,2109,29.2
fixation,628060.7950000763,0.7994926124811172,0.49672468113047735,3.6215667724609375,3.184453691755022,233.0,2110,29.2
fixation,628327.4649999142,0.7528016964594523,0.5045496225357056,3.571624755859375,3.208867390950521,150.0,2111,NOTRIAL
fixation,628577.4679999352,0.5265498459339142,0.35066648075977963,3.5919469197591147,3.3292388916015625,100.0,2112,NOTRIAL
fixation,628727.4649999142,0.6243405363389424,0.3295541171516691,3.7292981828962053,3.3009044102260043,241.0,2113,NOTRIAL
fixation,629110.8039999008,0.6357245213025576,0.32928880158956947,3.683836503462358,3.2954987364929993,1275.0,2114,NOTRIAL
fixation,630410.8199999332,0.6303139123423346,0.32436528236701573,3.722240579539332,3.3304222370016165,483.0,2115,NOTRIAL
fixation,630910.8269999027,0.6452956956624984,0.3250258898735046,3.6711917114257813,3.296658630371094,833.0,2116,NOTRIAL
fixation,631777.506000042,0.5679463667254294,0.3186869352094589,3.5581861926663305,3.280458511844758,516.0,2117,NOTRIAL
fixation,632477.5220000744,0.49459322094917296,0.5211916029453277,3.502618408203125,3.2267242431640626,75.0,2118,NOTRIAL
fixation,632577.5230000019,0.4989659794279047,0.49172705653551463,3.4584828969594597,3.2135665481154985,616.0,2119,NOTRIAL
fixation,633244.2009999752,0.36135330330580473,0.5034118862822652,3.4181575775146484,3.151881217956543,267.0,2120,NOTRIAL
fixation,633544.2070000172,0.49237430129538884,0.49708368053490465,3.4846479242498223,3.2317543029785156,734.0,2121,NOTRIAL
fixation,634310.8900001049,0.5741535824973408,0.49490205071321347,3.5327915098608993,3.273305381216654,683.0,2122,NOTRIAL
fixation,635044.236000061,0.6585617940063062,0.7513751109009204,3.5765487007472827,3.1396112856657608,767.0,2123,NOTRIAL
fixation,636260.9240000248,0.5910910304103579,0.5428028873034886,3.6080398559570312,3.1843152727399553,233.0,2124,NOTRIAL
fixation,636527.5980000496,0.4871797490119934,0.44547457098960874,3.62982421875,3.3429254150390624,416.0,2125,FIX_CROS
fixation,636960.9360001087,0.49058652927096075,0.5076263999709716,3.7610403207632213,3.4544120201697717,867.0,2126,FIX_CROS
fixation,637860.9579999447,0.5371486067771911,0.5073417752981186,3.786602783203125,3.478612518310547,341.0,2127,29.1
fixation,640069.3150000572,0.5061265705153346,0.49112665141001344,3.7394909858703613,3.4524879455566406,534.0,2128,29.1
fixation,640619.3259999752,0.4853559972151466,0.4949627324290898,3.5661607825237773,3.271629001783288,384.0,2129,29.1
fixation,641035.9979999065,0.6437933577431573,0.5128728217548795,3.586522420247396,3.299282497829861,150.0,2130,NOTRIAL
fixation,641236.0,0.6352062975538189,0.3061346745696561,3.7578809014682113,3.4405380775188577,484.0,2131,NOTRIAL
fixation,641786.0150001049,0.8220857748618493,0.7865741413373214,3.7368574876051683,3.417359572190505,217.0,2132,NOTRIAL
fixation,642052.6840000153,0.6345022976398468,0.6559518456459046,3.79248046875,3.485279846191406,167.0,2133,NOTRIAL
fixation,642269.3459999561,0.609891265630722,0.3298162937164307,3.910029093424479,3.6343668619791667,250.0,2134,NOTRIAL
fixation,642536.0179998875,0.6242160882268634,0.31868899294308256,3.9344874790736606,3.637273152669271,350.0,2135,NOTRIAL
fixation,642919.367000103,0.6158969483592294,0.23937509750778024,3.906838156960227,3.587126298384233,183.0,2136,NOTRIAL
fixation,643152.6940000057,0.7634355251987776,0.47511711592475575,3.8243738810221353,3.5034446716308594,200.0,2137,NOTRIAL
fixation,643386.0409998894,0.6650598362088204,0.5506663739681243,3.8554664611816407,3.50184326171875,334.0,2138,NOTRIAL
fixation,643752.7179999352,0.6591800997654597,0.5071256309747696,3.7919786241319446,3.46840582953559,300.0,2139,NOTRIAL
fixation,644069.3789999485,0.6415266692638397,0.5188670944083821,3.727926080877131,3.425843672318892,366.0,2140,NOTRIAL
fixation,644452.7279999256,0.6681025549769402,0.5188518296927214,3.662647247314453,3.350489616394043,267.0,2141,NOTRIAL
fixation,644769.4030001163,0.5886964773138365,0.30902158096432686,3.6676737467447915,3.3584276835123696,200.0,2142,NOTRIAL
fixation,644986.0710000992,0.6205675221151776,0.31318633837832344,3.669844733344184,3.3328950670030384,300.0,2143,NOTRIAL
fixation,645352.7430000305,0.56649187987759,0.3157243714446113,3.6737133207775297,3.312842232840402,708.0,2144,NOTRIAL
fixation,646186.0920000076,0.5572224936702035,0.3288711526177146,3.6796930486505683,3.3054088245738638,176.0,2145,NOTRIAL
fixation,646436.0969998837,0.621590667963028,0.8578328967094422,3.693182373046875,3.2001251220703124,92.0,2146,NOTRIAL
fixation,646802.7679998875,0.5429966524243355,0.6929740495979786,3.6348838806152344,3.162689208984375,125.0,2147,NOTRIAL
fixation,646986.0980000496,0.6114601005207408,0.3120918883518739,3.714254205877131,3.268862637606534,184.0,2148,NOTRIAL
fixation,647186.0999999046,0.633234502304168,0.27675512042783557,3.5296463739304316,3.1451343354724703,350.0,2149,NOTRIAL
fixation,647569.4460000992,0.5771681556576177,0.1789224508561586,3.4620417544716284,3.1472794382195723,316.0,2150,NOTRIAL
fixation,647952.7730000019,0.5964519133170446,0.18026720670362315,3.492651621500651,3.1580111185709634,200.0,2151,NOTRIAL
fixation,648186.1129999161,0.5637777883272904,0.2936008245899127,3.5525442270132213,3.2239485520582933,217.0,2152,NOTRIAL
fixation,648419.4479999542,0.5634062423788267,0.3122787526969252,3.731135401232489,3.3670375429350754,483.0,2153,NOTRIAL
fixation,648952.7990000248,0.5476682402870872,0.4661924730647694,3.6933843439275567,3.3536806973544033,183.0,2154,NOTRIAL
fixation,649169.4679999352,0.5744693664213022,0.5040939059108496,3.696007410685221,3.3351542154947915,400.0,2155,NOTRIAL
fixation,649619.4749999046,0.6591897273764891,0.768146287576825,3.6747062533509496,3.2129690132889093,850.0,2156,NOTRIAL
fixation,650502.8190000057,0.5745588421821595,0.8431792259216309,3.583233642578125,3.138478088378906,175.0,2157,NOTRIAL
fixation,651494.496999979,0.6096157878637314,0.727578130364418,3.8506790161132813,3.4552947998046877,166.0,2158,NOTRIAL
fixation,651711.1700000763,0.6016125902533531,0.4421649454161525,3.753519058227539,3.5293073654174805,267.0,2159,NOTRIAL
fixation,652011.1700000763,0.6494481116533279,0.4937908221036196,3.7857780456542973,3.4248886108398438,134.0,2160,NOTRIAL
fixation,652869.5230000019,1.1412498205900192,0.9011639319360256,3.9399681091308594,3.5066614151000977,265.0,2161,NOTRIAL
fixation,653219.5220000744,0.46124815775288475,0.5186848044395447,3.6833326551649304,3.4020826551649304,150.0,2162,NOTRIAL
fixation,653402.861000061,0.35109381429080305,0.5100864819411574,3.662841796875,3.4611185008081895,483.0,2163,NOTRIAL
fixation,653902.8680000305,0.3651116341352463,0.48572642413469463,3.701254037710337,3.4122760479266825,217.0,2164,NOTRIAL
fixation,654169.5390000343,0.5816209882497787,0.33476755768060684,3.78831787109375,3.4452972412109375,166.0,2165,NOTRIAL
fixation,654369.5429999828,0.651366478867001,0.32841015938255524,3.86427985297309,3.4279547797309027,300.0,2166,NOTRIAL
fixation,654702.881000042,0.6534605888096062,0.5026746895667669,3.749267578125,3.3829539530986064,617.0,2167,NOTRIAL
fixation,655386.2309999466,0.9326518816607339,0.7155017448323113,3.7065538678850447,3.2480991908482144,234.0,2168,NOTRIAL
fixation,655669.5669999123,1.0849803742908297,0.6323557765710921,3.6553206670851934,3.2174130394345237,350.0,2169,NOTRIAL
fixation,656102.9019999504,0.6333000568243173,0.40445514825674206,3.478716336763822,3.235295222355769,217.0,2170,NOTRIAL
fixation,656352.9149999619,0.6197525262832642,0.2683305564735617,3.491715567452567,3.151259286063058,233.0,2171,NOTRIAL
fixation,656619.5829999447,0.48172381420930227,0.3111549710234006,3.5484400431315106,3.244928995768229,500.0,2172,NOTRIAL
fixation,657152.9270000458,0.6493846366280004,0.3081526677859457,3.5432707134046053,3.1414642333984375,317.0,2173,NOTRIAL
fixation,657519.5999999046,0.805219042301178,0.34135415554046633,3.5687347412109376,3.1256561279296875,83.0,2174,NOTRIAL
fixation,657669.6010000706,1.1223012577919733,0.6555350053878057,3.5331202915736606,3.1062171572730657,350.0,2175,NOTRIAL
fixation,658086.2760000229,0.7259265163115093,0.4243425098913057,3.4362683977399553,3.165088108607701,234.0,2176,NOTRIAL
fixation,658352.9479999542,0.6329912722110749,0.35230346421400704,3.4299774169921875,3.099235026041667,250.0,2177,NOTRIAL
fixation,658619.618999958,0.6452359171474681,0.31341243885895786,3.530252793255974,3.155338960535386,566.0,2178,NOTRIAL
fixation,659219.6300001144,0.6881253556771711,0.5018553828651254,3.5006269975142046,3.190897161310369,183.0,2179,NOTRIAL
fixation,659469.635999918,1.0365479758807592,0.6969464548996517,3.554657709030878,3.1011439732142856,350.0,2180,NOTRIAL
fixation,659852.9749999046,1.103924648328261,0.6418477974154733,3.5638788396661933,3.1624991677024146,183.0,2181,NOTRIAL
fixation,660102.9800000191,0.62293661236763,0.4325307831168175,3.4765609741210937,3.245405578613281,167.0,2182,NOTRIAL
fixation,660319.6489999294,0.3743986758318814,0.49878926507451316,3.4325360384854404,3.2189712524414062,366.0,2183,NOTRIAL
fixation,660736.3239998817,0.521121974502291,0.794923260807991,3.4775586809430803,3.043809073311942,234.0,2184,NOTRIAL
fixation,660986.3289999962,0.5485412366688251,0.760172039270401,3.4687671661376953,3.0386409759521484,142.0,2185,NOTRIAL
fixation,661803.0130000114,0.5185114641984304,0.6019730120897293,3.673450469970703,3.286249796549479,199.0,2186,NOTRIAL
fixation,662036.3480000496,0.6346279494464397,0.4904178846627474,3.672758102416992,3.354389190673828,133.0,2187,NOTRIAL
fixation,662203.0190000534,0.5109070261319478,0.4859466781218847,3.5329498291015624,3.264969889322917,250.0,2188,NOTRIAL
fixation,662469.6879999638,0.4878345240246166,0.4923183484510942,3.524728948419744,3.2638300115411933,183.0,2189,30
fixation,662686.361000061,0.4302428662776947,0.4011750817298889,3.5595054626464844,3.337390899658203,66.0,2190,30
fixation,663019.7000000477,0.41300394965542686,0.43235615889231366,3.463497585720486,3.2624613444010415,142.0,2191,30
fixation,663219.7049999237,0.4804367584486802,0.41832172218710184,3.385946273803711,3.173097292582194,800.0,2192,30
fixation,664053.0539999008,0.5364790022373199,0.4014518727858861,3.422754923502604,3.141518147786458,250.0,2193,30
fixation,664353.0559999943,0.42351140520151925,0.42417191144298105,3.425973331227022,3.1848952349494484,284.0,2194,30
fixation,664669.7309999466,0.5044119544327259,0.42813412348429364,3.412999471028646,3.1846771240234375,200.0,2195,30
fixation,664919.7339999676,0.41670503932982683,0.4045318588614464,3.3373374938964844,3.181464195251465,267.0,2196,30
fixation,665203.0750000477,0.4399838837293478,0.4142048748639914,3.335875291090745,3.1507063645582933,217.0,2197,30
fixation,665436.4089999199,0.48604567646980285,0.4095982849597931,3.3363357543945313,3.1028717041015623,166.0,2198,30
fixation,665636.4130001068,0.5344835387335883,0.4010420772764418,3.300357394748264,3.104400634765625,150.0,2199,30
fixation,665819.75,0.42422999317447346,0.4192902377496163,3.2809747060139975,3.0934600830078125,400.0,2200,30
fixation,666253.0920000076,0.5111414555992398,0.41880790676389423,3.3202994210379466,3.0881543840680803,125.0,2201,30
fixation,666553.0959999561,0.5019163768738508,0.40965275652706623,3.335002899169922,3.087015151977539,126.0,2202,30
fixation,666719.7650001049,0.5584849298000336,0.3995268642902374,3.3193878173828124,3.0666015625,83.0,2203,30
fixation,666836.4309999943,0.41217549443244933,0.42952061295509336,3.230328369140625,3.0172760009765627,166.0,2204,30
fixation,667053.1019999981,0.3828932855810438,0.9167532239641462,3.2007032121930803,2.870912824358259,117.0,2205,30
fixation,667186.4360001087,0.35266291350126266,0.8893801689147949,3.2344894409179688,2.928480529785156,166.0,2206,30
fixation,667369.7709999084,0.40633880347013474,0.8842368334531784,3.255413818359375,2.9365814208984373,167.0,2207,30
fixation,667569.7720000744,0.48505311608314516,0.8905146896839142,3.2521484375,2.8938003540039063,167.0,2208,30
fixation,667753.1070001125,0.5357463598251343,0.886259400844574,3.267706298828125,2.8781585693359375,84.0,2209,30
fixation,667869.7730000019,0.5906906532389777,0.8869643062353134,3.2518397739955356,2.8772408621651784,233.0,2210,30
fixation,668136.4440000057,0.6670467220246792,0.8777472451329231,3.247279167175293,2.916749954223633,266.0,2211,30
fixation,668469.7790000439,0.46646027432547676,0.46172210739718544,3.2171495225694446,3.027677747938368,150.0,2212,30
fixation,668653.114000082,0.4104116025723909,0.3984727286978772,3.2627740157277962,3.0139136063425163,317.0,2213,30
fixation,669003.1180000305,0.4768994622505628,0.4051020603913527,3.266785841721755,2.993360079251803,217.0,2214,30
fixation,669253.1150000095,0.5302994317478604,0.4052134652932485,3.246068318684896,2.9898512098524304,150.0,2215,30
fixation,669436.4530000687,0.4144976093218877,0.4186794711993291,3.2442169189453125,3.0362149752103367,216.0,2216,30
fixation,669686.4560000896,0.5027273382459369,0.41161362933261053,3.270984104701451,3.0632847377232144,233.0,2217,30
fixation,669936.4570000172,0.5144906535744667,0.41958822309970856,3.3237945556640627,3.093516540527344,166.0,2218,30
fixation,670136.4579999447,0.547884205977122,0.4114386662840843,3.3328018188476562,3.0778528849283853,100.0,2219,30
fixation,670253.128000021,0.4627511061728001,0.4208273395895958,3.3566329956054686,3.0751502990722654,334.0,2220,30
fixation,670619.7950000763,0.5089772894978524,0.415653595328331,3.325856018066406,3.1164321899414062,167.0,2221,30
fixation,670819.7960000038,0.5447278916835785,0.41556016107400257,3.3287938435872397,3.0941365559895835,100.0,2222,30
fixation,670936.4639999866,0.5669616957505544,0.42128020028273266,3.328770955403646,3.071802775065104,100.0,2223,30
fixation,671069.7969999313,0.4272579174488783,0.42942461334168913,3.2589588165283203,3.041487121582031,667.0,2224,30
fixation,671753.1410000324,0.4581739827990532,0.4306923635303974,3.2195587158203125,3.0041427612304688,134.0,2225,30
fixation,671919.8090000153,0.40632419536511105,0.43456122941441006,3.265926784939236,3.0325308905707464,300.0,2226,30
fixation,672253.1470000744,0.47039724771793073,0.42969636160593766,3.230756319486178,3.0267920860877404,217.0,2227,30
fixation,672503.1510000229,0.5133611006396157,0.43768022315842764,3.2223031180245534,2.988034929547991,125.0,2228,30
fixation,672969.8259999752,0.4241775730624795,0.630367448553443,3.170286178588867,2.908527374267578,267.0,2229,30
fixation,673253.1649999619,0.39787927170594534,0.6387127508719762,3.1246327718098956,2.8493932088216147,500.0,2230,30
fixation,673803.1749999523,0.6170554459095001,0.6890349556099284,3.2583182594992897,2.8675606467507104,917.0,2231,30
fixation,674769.85800004,0.4982489461407942,0.4182018091281255,3.2510232364430145,3.043030682732077,850.0,2232,30
fixation,675653.2049999237,0.49119333110072394,0.4863700347416329,3.326357292406487,3.1212643710049717,550.0,2233,FIX_CROS
fixation,676253.2130000591,0.3145946949720383,0.39580478370189665,3.4002227783203125,3.15831298828125,84.0,2234,30.1
fixation,676369.8849999905,0.2497887372970581,0.37615543603897095,3.3873443603515625,3.168141174316406,167.0,2235,30.1
fixation,676553.2200000286,0.22989645387445176,0.36500690451690126,3.347418648856027,3.121636526925223,117.0,2236,30.1
fixation,676719.8900001049,0.35519345932536656,0.3931727127896415,3.327268812391493,3.066736857096354,150.0,2237,30.1
fixation,676903.2249999046,0.39468350329182367,0.3527043515985662,3.3228302001953125,2.985483342950994,184.0,2238,30.1
fixation,677119.8949999809,0.46672991949778336,0.38519479678227353,3.2989889291616588,3.0571805513822117,217.0,2239,30.1
fixation,677403.2339999676,0.5589469538794624,0.3637338462803099,3.358096652560764,2.9945187038845487,150.0,2240,30.1
fixation,677586.5729999542,0.6334797853515262,0.3925910528217043,3.3546549479166665,3.0762736002604165,350.0,2241,30.1
fixation,677953.2430000305,0.6204971820116043,0.39808909967541695,3.3504409790039062,3.0787086486816406,67.0,2242,30.1
fixation,678053.2449998856,0.7003897892104255,0.39360538125038147,3.376622517903646,3.070466783311632,150.0,2243,30.1
fixation,678236.5789999962,0.7578854950574728,0.3796692020617999,3.3837010310246396,3.0096541184645433,216.0,2244,30.1
fixation,678553.25,0.24945713579654694,0.42871058980623883,3.2579676310221353,2.9882303873697915,100.0,2245,30.1
fixation,678686.5859999657,0.19963360984217038,0.4567247304049405,3.264651905406605,3.044991233132102,366.0,2246,30.1
fixation,679353.260999918,0.36727223226002287,0.4560394989592688,3.2516021728515625,2.996738978794643,109.0,2247,30.1
fixation,679486.6010000706,0.3657895252108574,0.41342798061668873,3.2389583587646484,2.8855361938476562,133.0,2248,30.1
fixation,679653.2679998875,0.42611320316791534,0.46304648949040306,3.195621066623264,2.947597927517361,150.0,2249,30.1
fixation,679836.6019999981,0.497141040288485,0.4608650769178684,3.1501054030198317,2.9019247201772838,216.0,2250,30.1
fixation,680086.6070001125,0.5561991677834437,0.4543684915854381,3.165528517503005,2.917737520658053,216.0,2251,30.1
fixation,680336.6119999886,0.6019390415061604,0.45685133608904754,3.1927656693892046,2.9338753440163354,183.0,2252,30.1
fixation,680536.6129999161,0.6670157233874003,0.45413556198279065,3.221443684895833,2.951521809895833,250.0,2253,30.1
fixation,680819.9509999752,0.711805556501661,0.4455045589378902,3.2895398821149553,3.015141078404018,350.0,2254,30.1
fixation,681186.6240000725,0.7346353590488434,0.4479711398482323,3.3127838134765626,3.030218505859375,166.0,2255,30.1
fixation,681369.9600000381,0.7700543213974346,0.44421686909415503,3.3471846147017046,3.0419450239701704,183.0,2256,30.1
fixation,681569.9649999142,0.8051979839801788,0.431890082359314,3.386126708984375,3.00748291015625,167.0,2257,30.1
fixation,681819.9670000076,0.3617478476630317,0.45815518995126087,3.302183363172743,3.1187608506944446,150.0,2258,30.1
fixation,682003.3039999008,0.27039783022233416,0.4733175305383546,3.3372508457728793,3.117307390485491,234.0,2259,30.1
fixation,682269.9749999046,0.2175696509128267,0.5698303295807405,3.3514556884765625,3.109861894087358,367.0,2260,30.1
fixation,682686.6489999294,0.2926643572070382,0.5596663166176189,3.3353507302024146,3.0893360484730112,183.0,2261,30.1
fixation,682903.3199999332,0.342429674484513,0.5538683344017375,3.3566630970348013,3.0790058482776987,184.0,2262,30.1
fixation,683103.3220000267,0.4162361711263657,0.547466105222702,3.392724609375,3.083540344238281,167.0,2263,30.1
fixation,683303.3269999027,0.48369799898220944,0.5516763237806467,3.422376192533053,3.118236835186298,217.0,2264,30.1
fixation,683569.9979999065,0.5825616468985876,0.5451177780826887,3.51470947265625,3.159174601236979,200.0,2265,30.1
fixation,683786.6679999828,0.6098090201616287,0.5493234872817994,3.520855712890625,3.1859817504882812,167.0,2266,30.1
fixation,683986.6710000038,0.5310093336983731,0.5425641019093362,3.4811208624588814,3.1672515869140625,317.0,2267,30.1
fixation,684336.6779999733,0.5957499948831705,0.5443727076053619,3.5506439208984375,3.1750875619741588,217.0,2268,30.1
fixation,684586.6800000668,0.6707354525725047,0.5479106307029724,3.542236328125,3.18426513671875,250.0,2269,30.1
fixation,684853.3519999981,0.7254231870174408,0.551157512835094,3.547975812639509,3.190148489815848,233.0,2270,30.1
fixation,685120.0230000019,0.6595599631468455,0.5547426203886668,3.530048624674479,3.1568634033203127,250.0,2271,30.1
fixation,685403.3599998951,0.7288639483352503,0.5514361833532652,3.524133046468099,3.143287022908529,400.0,2272,30.1
fixation,685820.0360000134,0.7694085215528806,0.5420533667008082,3.523412068684896,3.1333325703938804,200.0,2273,30.1
fixation,686070.0380001068,0.5234678119421006,0.6274924874305725,3.4425323486328123,3.0275283813476563,167.0,2274,30.1
fixation,686253.375,0.4802730282147725,0.6424634158611298,3.451716105143229,3.0186894734700522,108.0,2275,30.1
fixation,686586.7149999142,0.49617658129760195,0.6222383550235203,3.3921051025390625,3.018059866768973,109.0,2276,30.1
fixation,686720.0529999733,0.4714695382863283,0.6255862098187208,3.353717803955078,2.9681663513183594,267.0,2277,30.1
fixation,687086.7209999561,0.5329174175858498,0.6392457857728004,3.30072021484375,2.9374211629231772,200.0,2278,30.1
fixation,687336.7260000706,0.3221026820441087,0.47205550596117973,3.3320604960123696,3.0813891092936196,200.0,2279,30.1
fixation,687553.3929998875,0.2572814343231065,0.4502083680459431,3.3675973074776784,3.0741359165736606,233.0,2280,30.1
fixation,687836.73300004,0.5356814821561178,0.46662270128726957,3.348236083984375,3.069696044921875,250.0,2281,30.1
fixation,688120.0659999847,0.4441901594400406,0.5485502307613691,3.3159879048665366,3.021876017252604,200.0,2282,30.1
fixation,688353.4049999714,0.4907898970625617,0.5453722368587147,3.3251994739879263,3.016744440252131,183.0,2283,30.1
fixation,688570.0859999657,0.5951682691988738,0.5547626070354296,3.3634331744650137,3.0644212805706523,384.0,2284,30.1
fixation,688986.746999979,0.6707467111674222,0.5575804249806837,3.365653298117898,3.040158358487216,183.0,2285,30.1
fixation,689186.7490000725,0.723529314994812,0.5543031990528107,3.33807373046875,3.0441940307617186,167.0,2286,30.1
fixation,689386.7520000935,0.737275143712759,0.391086021065712,3.4285503387451173,3.0460018157958983,667.0,2287,30.1
fixation,690086.7599999905,0.6727938301423017,0.3944123492521398,3.470896103802849,3.115299898035386,283.0,2288,30.1
fixation,690453.4309999943,0.3756132945418358,0.3949188180267811,3.3944854736328125,3.1294479370117188,66.0,2289,30.1
fixation,690620.0999999046,0.7186928354203701,0.3854065388441086,3.4041824340820312,3.052379608154297,134.0,2290,30.1
fixation,690770.1040000916,0.6978399813175201,0.394352088868618,3.408033752441406,3.0649932861328124,167.0,2291,30.1
fixation,691003.4389998913,0.32197364171346027,0.38859987258911133,3.4113693237304688,3.1478068033854165,100.0,2292,30.1
fixation,691136.7730000019,0.2289701637167197,0.3745870074400535,3.335662841796875,3.0638028658353367,217.0,2293,30.1
fixation,691386.7769999504,0.2843809227148692,0.3877611176835166,3.3294677734375,3.0536312527126737,150.0,2294,30.1
fixation,691570.114000082,0.36685435473918915,0.39858503341674806,3.3211181640625,3.01339111328125,250.0,2295,30.1
fixation,691870.118999958,0.46415979816363406,0.38127562403678894,3.3511880727914662,2.964716984675481,217.0,2296,30.1
fixation,692120.1240000725,0.48468788266181945,0.4034819056590398,3.333818562825521,3.052789306640625,250.0,2297,NOTRIAL
fixation,692403.4600000381,0.3729265427047556,0.32724982500076294,3.4174041748046875,3.102852561257102,191.0,2298,NOTRIAL
fixation,692753.4719998837,0.628839219158346,0.31581556074547046,3.5299571644176138,3.133763631184896,542.0,2299,NOTRIAL
fixation,693336.8159999847,0.5639228008795476,0.31693688639696094,3.48826709692029,3.133565930352695,1150.0,2300,NOTRIAL
fixation,694520.1630001068,0.5662951715614485,0.48569825291633606,3.544192770253057,3.2864837646484375,384.0,2301,NOTRIAL
fixation,694920.1679999828,0.5731431156396866,0.5057670041918755,3.6603408813476563,3.370439147949219,167.0,2302,NOTRIAL
fixation,695136.8459999561,0.6382217980348147,0.7011437782874475,3.712713388296274,3.2791748046875,217.0,2303,NOTRIAL
fixation,695370.1760001183,0.6537189160074507,0.7294375308922358,3.748107474190848,3.3061353410993304,584.0,2304,NOTRIAL
fixation,695986.8599998951,0.5304753601551055,0.8853016793727875,3.69647216796875,3.33172607421875,83.0,2305,NOTRIAL
fixation,696520.2019999027,0.6071939212935311,0.6595342755317688,3.675264630998884,3.2649427141462053,226.0,2306,NOTRIAL
fixation,696786.8740000725,0.5054884011808195,0.44967923823155853,3.5943491082442436,3.428563168174342,317.0,2307,FIX_CROS
fixation,697120.2079999447,0.48565014279805696,0.46545874040860397,3.5817530705378604,3.3796891432542067,217.0,2308,FIX_CROS
fixation,697370.2170000076,0.42351760156452656,0.4197480051467816,3.5955994923909507,3.4326953887939453,400.0,2309,FIX_CROS
fixation,697803.5569999218,0.2579041877761483,0.42587841860949993,3.563405990600586,3.421823501586914,133.0,2310,30.2
fixation,697953.5610001087,0.21798123940825462,0.39644216001033783,3.532061767578125,3.266893005371094,166.0,2311,30.2
fixation,698136.8970000744,0.21892311982810497,0.4000173360109329,3.5044288635253906,3.2114410400390625,67.0,2312,30.2
fixation,698236.8980000019,0.28729062053290283,0.4168324565345591,3.4869037974964487,3.2270757501775567,183.0,2313,30.2
fixation,698453.5690000057,0.33565594628453255,0.4335978664457798,3.5135930379231772,3.317480723063151,200.0,2314,30.2
fixation,698686.9059998989,0.410920498046008,0.427904260429469,3.5522835471413354,3.3242617520419033,183.0,2315,30.2
fixation,698903.5780000687,0.45516979558901355,0.4223692295226184,3.548886385830966,3.29541015625,183.0,2316,30.2
fixation,699120.2449998856,0.5447270810604096,0.4252749174833298,3.547490437825521,3.2902730305989585,250.0,2317,30.2
fixation,699386.9179999828,0.5893654392825233,0.4261009279224608,3.581637912326389,3.3044264051649304,150.0,2318,30.2
fixation,699570.2479999065,0.6696753104527792,0.41319567107018973,3.6203794933500744,3.3020797002883184,350.0,2319,30.2
fixation,699936.9200000763,0.7141987085342407,0.4259127875169118,3.6138585408528647,3.3150151570638022,100.0,2320,30.2
fixation,700053.5880000591,0.7450636381452734,0.4149854914708571,3.623721036044034,3.2839230624112217,183.0,2321,30.2
fixation,700253.5920000076,0.7906637257999845,0.412782222032547,3.632107204861111,3.2368401421440973,150.0,2322,30.2
fixation,700486.9279999733,0.2780156085888545,0.506235068043073,3.5435791015625,3.2801030476888022,100.0,2323,30.2
fixation,700620.2620000839,0.21116570721973071,0.5251795080575076,3.557291204279119,3.2662589333274146,184.0,2324,30.2
fixation,700836.9349999428,0.41457810572215487,0.5027839743665287,3.5662340436662947,3.243274143763951,233.0,2325,30.2
fixation,701103.6070001125,0.5077392133799467,0.5098994089798494,3.4944222190163354,3.1645382967862217,183.0,2326,30.2
fixation,701320.2869999409,0.5960279429952303,0.5045451807479063,3.4924240112304688,3.1531054178873696,200.0,2327,30.2
fixation,701553.6210000515,0.6671473465182565,0.49780531363053754,3.5017630837180396,3.172324440696023,183.0,2328,30.2
fixation,701770.2960000038,0.7297524620186199,0.4857340170578523,3.5348066850142046,3.140104814009233,184.0,2329,30.2
fixation,701986.9630000591,0.7848671244250404,0.4805654270781411,3.5843607584635415,3.111658732096354,150.0,2330,30.2
fixation,702270.3039999008,0.5256090015172958,0.5665057227015495,3.550525665283203,3.1153488159179688,75.0,2331,30.2
fixation,702720.3099999428,0.5411949157714844,0.5879660785198212,3.7190521240234373,3.2213714599609373,159.0,2332,30.2
fixation,702903.6440000534,0.5005997531116009,0.5936321299523115,3.7216567993164062,3.2577648162841797,266.0,2333,30.2
fixation,703253.6519999504,0.5271518707275391,0.37088646590709684,3.739483642578125,3.3395416259765627,83.0,2334,NOTRIAL
fixation,703370.3180000782,0.6294709696219518,0.3406378821684764,3.7481619027944713,3.3018082838792067,217.0,2335,NOTRIAL
fixation,703686.990999937,0.35992510940717615,0.32286932772916294,3.7178941809612773,3.3978649636973506,767.0,2336,NOTRIAL
fixation,704487.0039999485,0.34717011795594144,0.5349396604758042,3.626325949644431,3.3233587802984776,658.0,2337,NOTRIAL
fixation,705320.3510000706,0.3860564540539469,0.3134854521070208,3.575626918247768,3.2643203735351562,225.0,2338,NOTRIAL
fixation,705620.3559999466,0.4546207526796742,0.5007078765254271,3.417410599557977,3.18559425755551,316.0,2339,NOTRIAL
fixation,705953.6930000782,0.4336203283497265,0.49283373036554884,3.4008167811802457,3.2066334315708707,233.0,2340,NOTRIAL
fixation,706220.365999937,0.36197109445929526,0.5095789730548859,3.4436912536621094,3.216425323486328,333.0,2341,NOTRIAL
fixation,706570.371999979,0.36847628178921615,0.5223266224969517,3.5301763361150567,3.275380914861506,366.0,2342,NOTRIAL
fixation,706970.3789999485,0.34683058749545703,0.7277759313583374,3.5697021484375,3.1783572110262783,183.0,2343,NOTRIAL
fixation,707203.7139999866,0.6583829100789695,0.7699614814643202,3.588969789702317,3.1635731664197198,483.0,2344,NOTRIAL
fixation,707753.7290000916,0.38293494780858356,0.7451825340588888,3.4845208062065973,3.165830824110243,150.0,2345,NOTRIAL
fixation,707920.4000000954,0.34753934568480443,0.7529341092235163,3.4468110737047697,3.1167979993318258,316.0,2346,NOTRIAL
fixation,708253.742000103,0.3634910322725773,0.7447867120305697,3.4461135864257812,3.114556630452474,200.0,2347,NOTRIAL
fixation,708470.4140000343,0.3368941396474838,0.745046832731792,3.4547322591145835,3.100913638160342,350.0,2348,NOTRIAL
fixation,708853.7539999485,0.36630027421883177,0.744916028210095,3.534039088657924,3.1918716430664062,233.0,2349,NOTRIAL
fixation,709137.0940001011,0.6626787720055416,0.7478951991632067,3.638871028505523,3.2105515578697466,967.0,2350,NOTRIAL
fixation,710137.1150000095,0.5513181728976113,0.8447387005601611,3.54815673828125,3.123772757393973,117.0,2351,NOTRIAL
fixation,710303.7909998894,0.4752065259963274,0.41723040491342545,3.5128002166748047,3.2646026611328125,133.0,2352,NOTRIAL
fixation,710470.4630000591,0.40982527865303886,0.3167009535762999,3.582707722981771,3.283689710828993,150.0,2353,NOTRIAL
fixation,710670.4619998932,0.49860589748079126,0.3154190480709076,3.5693622935901987,3.270535555752841,183.0,2354,NOTRIAL
fixation,710870.4649999142,0.559394583106041,0.31231938749551774,3.5627471923828127,3.263258361816406,166.0,2355,NOTRIAL
fixation,711070.4730000496,0.6437599778175354,0.324078668653965,3.607098388671875,3.251878356933594,166.0,2356,NOTRIAL
fixation,711303.8090000153,0.3952708154916763,0.49510148018598554,3.553656005859375,3.303741455078125,167.0,2357,NOTRIAL
fixation,711487.1500000954,0.3630122599831547,0.5081060754965587,3.5308279014495483,3.302046994128859,1392.0,2358,NOTRIAL
fixation,713353.8499999046,0.5640158818827735,0.533696734242969,3.5848863389756946,3.228093465169271,150.0,2359,NOTRIAL
fixation,713570.5179998875,0.6485064029693604,0.485292486846447,3.6573588053385415,3.3048426310221353,100.0,2360,NOTRIAL
fixation,713703.8540000916,0.5162163163934436,0.49802721398217337,3.593957083565848,3.274782453264509,117.0,2361,NOTRIAL
fixation,713837.1919999123,0.5137747898697853,0.5057921074330807,3.5830230712890625,3.2641754150390625,75.0,2362,NOTRIAL
fixation,714203.8619999886,0.46986034512519836,0.4366186782717705,3.5124778747558594,3.2812156677246094,75.0,2363,19
fixation,714470.5320000648,0.41306123408404266,0.8951938450336456,3.4229736328125,3.0824460116299717,175.0,2364,19
fixation,714687.2009999752,0.5181423356899848,0.8943592332876645,3.4548198993389425,3.058508066030649,217.0,2365,19
fixation,714920.5439999104,0.5856644979545048,0.8933339502130236,3.37548828125,3.013913835797991,116.0,2366,19
fixation,715087.2119998932,0.5047726224769246,0.4346764168956063,3.3054088245738638,3.1171625310724433,184.0,2367,19
fixation,715303.8849999905,0.4616168159246445,0.4123287343978882,3.23145263671875,3.0767962646484377,417.0,2368,19
fixation,715737.2230000496,0.48784607814417946,0.39294562737147015,3.2786373562282987,3.057461208767361,300.0,2369,19
fixation,716087.2290000916,0.6296887208114971,0.5320534760301764,3.211588079279119,2.9223480224609375,184.0,2370,19
fixation,716320.5669999123,0.45023176322380704,0.663808599114418,3.1672185262044272,2.8966573079427085,108.0,2371,19
fixation,716653.9070000648,0.45128574738135707,0.6574412974027487,3.1809539794921875,2.909393310546875,209.0,2372,19
fixation,716920.5759999752,0.469502051671346,0.4228514164686203,3.25064697265625,3.0357462565104165,250.0,2373,19
fixation,717203.9170000553,0.4509318159070126,0.40383658852688104,3.246354568836301,3.043026236600654,717.0,2374,19
fixation,717970.5999999046,0.6089994779654911,0.5474592972369421,3.304715837751116,3.0561596098400297,350.0,2375,19
fixation,718370.6089999676,0.490163835532525,0.3964160632561235,3.4184651094324447,3.151645436006434,566.0,2376,19
fixation,718987.2890000343,0.4580484386533499,0.6703875511884689,3.3602523803710938,2.9803314208984375,267.0,2377,19
fixation,719270.6289999485,0.46294182986021043,0.6347007036209107,3.40303955078125,3.0430450439453125,166.0,2378,19
fixation,719453.9679999352,0.44380193799734113,0.6601629436016083,3.483715057373047,3.115143585205078,333.0,2379,19
fixation,719837.3090000153,0.4925948042008612,0.5066549571024047,3.5015682644314237,3.279496086968316,300.0,2380,FIX_CROS
fixation,720170.6510000229,0.46536834644419806,0.41258764479841503,3.5625577654157365,3.376863752092634,233.0,2381,FIX_CROS
fixation,720437.3229999542,0.41304882209409366,0.4037627123973586,3.5600689974698154,3.3918921730735083,367.0,2382,FIX_CROS
fixation,720837.3320000172,0.2794590651988983,0.5213792324066162,3.5692352294921874,3.3259918212890627,84.0,2383,19.2
fixation,720954.003000021,0.23818718418478965,0.5127483069896698,3.5397735595703126,3.3333450317382813,167.0,2384,19.2
fixation,721154.0069999695,0.3238003445523126,0.5098953779254641,3.5239737374441966,3.322208949497768,117.0,2385,19.2
fixation,721304.0099999905,0.3952177494764328,0.5077909648418426,3.5390960693359377,3.335504150390625,92.0,2386,19.2
fixation,721620.6849999428,0.3881551389183317,0.46978485584259033,3.5887603759765625,3.3116019112723216,117.0,2387,19.2
fixation,721837.3570001125,0.42216336940016064,0.4828615422759737,3.5198168073381697,3.260779244559152,116.0,2388,19.2
fixation,721987.35800004,0.4661468068758647,0.49586907774209976,3.4914220174153647,3.237299601236979,100.0,2389,19.2
fixation,722120.6949999332,0.5023376295963923,0.5000862495766746,3.4896036783854165,3.1866658528645835,150.0,2390,19.2
fixation,722304.0320000648,0.5438629251260024,0.5066230136614579,3.518236600435697,3.2276447002704325,217.0,2391,19.2
fixation,722554.0269999504,0.5933745320026691,0.5057052293649087,3.555371798001803,3.2102285531850963,217.0,2392,19.2
fixation,722804.0399999619,0.6646716314203599,0.4971250506008373,3.610212438246783,3.240269380457261,284.0,2393,19.2
fixation,723120.7109999657,0.7362906970083714,0.5050410805270076,3.6103506088256836,3.2583932876586914,267.0,2394,19.2
fixation,723420.7179999352,0.778981393889377,0.5040436167466013,3.581643355520148,3.2409354762027136,317.0,2395,19.2
fixation,723804.0550000668,0.3700474413732688,0.5078863824407259,3.5102755228678384,3.291210174560547,200.0,2396,19.2
fixation,724037.3940000534,0.31735858917236326,0.5126776278018952,3.468304443359375,3.23121337890625,166.0,2397,19.2
fixation,724220.7320001125,0.38300961752732593,0.5119045997659365,3.4542198181152344,3.2051798502604165,200.0,2398,19.2
fixation,724454.0710000992,0.4134378168318007,0.510737313164605,3.4681498209635415,3.17234124077691,150.0,2399,19.2
fixation,724620.7379999161,0.44395487383008003,0.5115605033934116,3.4269485473632812,3.1825389862060547,141.0,2400,19.2
fixation,724954.0769999027,0.49285586923360825,0.4960751806696256,3.4164021809895835,3.218531290690104,92.0,2401,19.2
fixation,725087.4119999409,0.5404655456542968,0.5039878249168396,3.419428507486979,3.1814910888671877,250.0,2402,19.2
fixation,725354.0820000172,0.514010892311732,0.5162710458040237,3.390555826822917,3.1539581298828123,250.0,2403,19.2
fixation,725620.756000042,0.4872014794279547,0.5074931786340826,3.403006160960478,3.131770414464614,283.0,2404,19.2
fixation,725937.4300000668,0.5401449616138752,0.5134358898951457,3.4510404146634617,3.176166240985577,216.0,2405,19.2
fixation,726170.7660000324,0.5592383167573384,0.5107650724904877,3.495385306222098,3.191622052873884,233.0,2406,19.2
fixation,726420.7709999084,0.5809788331389427,0.5123403318226337,3.501385498046875,3.2236732482910155,333.0,2407,19.2
fixation,726770.7739999294,0.5483234937374408,0.514613640996126,3.451568603515625,3.201366717998798,217.0,2408,19.2
fixation,727020.7799999714,0.49958049853642783,0.5131858040889105,3.422022501627604,3.171800740559896,250.0,2409,19.2
fixation,727304.118999958,0.5758371419376798,0.5080325338575575,3.4077928331163196,3.1198594835069446,150.0,2410,19.2
fixation,727487.4470000267,0.5991156034999423,0.5218283451265759,3.384221394856771,3.124791463216146,150.0,2411,19.2
fixation,727670.7929999828,0.647772878408432,0.5046699479222297,3.371907043457031,3.0686065673828127,167.0,2412,19.2
fixation,727870.7980000973,0.7102764018557288,0.5052182179960337,3.373832009055398,3.063454367897727,367.0,2413,19.2
fixation,728270.7980000973,0.7634738213137576,0.4945231213381416,3.4071101138466284,3.0910162674753288,317.0,2414,19.2
fixation,728604.135999918,0.778485906124115,0.5027842104434967,3.437225341796875,3.11395263671875,84.0,2415,19.2
fixation,728754.1480000019,0.3371918350458145,0.5098244994878769,3.3591827392578124,3.1268798828125,84.0,2416,19.2
fixation,728870.8090000153,0.2510323283426902,0.5192505103700301,3.3573491713579964,3.126993515912224,283.0,2417,19.2
fixation,729170.8169999123,0.3007666387341239,0.5305994559418071,3.311319524591619,3.041922829367898,183.0,2418,19.2
fixation,729387.4869999886,0.3506924003362656,0.5143186410268148,3.251933797200521,2.9738423665364584,250.0,2419,19.2
fixation,729670.8250000477,0.40308173062900704,0.52213021616141,3.278324762980143,3.0548934936523438,408.0,2420,19.2
fixation,730387.5130000114,0.3551350742578506,0.31451559662818906,3.488878631591797,3.168244171142578,333.0,2421,NOTRIAL
fixation,730770.8489999771,0.5726027190685272,0.29261642162288937,3.4486825125558034,3.102781023297991,117.0,2422,NOTRIAL
fixation,730904.1930000782,0.6185899972915649,0.3020123716662912,3.4454507266773895,3.1079855526194855,284.0,2423,NOTRIAL
fixation,731220.865999937,0.49345589695232256,0.3209019122379167,3.544251033238002,3.2731383187430247,467.0,2424,NOTRIAL
fixation,731770.8789999485,0.532233456770579,0.20560270299514136,3.6594009399414062,3.306004842122396,100.0,2425,NOTRIAL
fixation,731920.8800001144,0.6318305946058698,0.31985827287038165,3.6785151163736978,3.2963231404622397,300.0,2426,NOTRIAL
fixation,732287.5529999733,0.4135143868625164,0.5249758660793304,3.6474761962890625,3.329975128173828,66.0,2427,NOTRIAL
fixation,732370.8880000114,0.3501182425963251,0.5315286752424742,3.6319515830592106,3.310611925627056,317.0,2428,NOTRIAL
fixation,732820.8959999084,0.6447032491366068,0.5208670904239019,3.604300944010417,3.2427083333333333,250.0,2429,NOTRIAL
fixation,733104.236000061,0.5109018161892891,0.5183572769165039,3.5545743306477866,3.3330866495768228,200.0,2430,NOTRIAL
fixation,733337.5720000267,0.579593938589096,0.5101915523409843,3.6069244384765624,3.294294738769531,174.0,2431,NOTRIAL
fixation,733687.5789999962,0.586899093891445,0.5072348796223339,3.5494436966745475,3.244603207236842,625.0,2432,NOTRIAL
fixation,734370.9219999313,0.6580546163022518,0.7510504954391055,3.559759987725152,3.1211251152886286,1200.0,2433,NOTRIAL
fixation,735937.6150000095,0.5878557736674944,0.5750179042418798,3.648339589436849,3.2169469197591147,200.0,2434,NOTRIAL
fixation,736187.6210000515,0.5333661437034607,0.38825047558004205,3.7061531760475854,3.405119462446733,183.0,2435,FIX_CROS
fixation,736404.2909998894,0.4967975430190563,0.4638641729950905,3.594221496582031,3.328804779052734,334.0,2436,FIX_CROS
fixation,736754.2950000763,0.48363386280834675,0.4803798599168658,3.5696945190429688,3.311697006225586,267.0,2437,FIX_CROS
fixation,737037.635999918,0.5052179075204409,0.49411244231920975,3.5446918194110575,3.3125446026141825,216.0,2438,FIX_CROS
fixation,737304.3099999428,0.41549208387732506,0.2970366384834051,3.703258514404297,3.416412353515625,67.0,2439,19.1
fixation,737587.6470000744,0.2075855674651953,0.2600027448855914,3.6337350698617787,3.364439744215745,216.0,2440,19.1
fixation,737837.6559998989,0.2844825077515382,0.2842949846616158,3.646801288311298,3.333728496844952,216.0,2441,19.1
fixation,738087.6589999199,0.35981384867971594,0.30548667772249744,3.690505981445313,3.3163618607954546,183.0,2442,19.1
fixation,738304.3280000687,0.4376401328726819,0.3051420340412541,3.677685386256168,3.349477667557566,325.0,2443,19.1
fixation,738804.3410000801,0.5128206517547369,0.2690555462613702,3.62628173828125,3.2662792205810547,125.0,2444,19.1
fixation,738954.3429999352,0.4860535345294259,0.278566604310816,3.5331878662109375,3.236989801580256,183.0,2445,19.1
fixation,739187.6809999943,0.5585216398422534,0.2804339023736807,3.492083035982572,3.1874917837289662,217.0,2446,19.1
fixation,739437.6860001087,0.6170435685377854,0.2855860751408797,3.5215371938852162,3.154260488656851,217.0,2447,19.1
fixation,739687.6819999218,0.6678394079208374,0.2852287610823458,3.5369013006036933,3.177702470259233,183.0,2448,19.1
fixation,739887.6860001087,0.71115210155646,0.31426769577794605,3.5338507758246527,3.18359375,300.0,2449,19.1
fixation,740204.3680000305,0.7420927286148071,0.29209699109196663,3.5318934122721353,3.1723454793294272,200.0,2450,19.1
fixation,740421.0380001068,0.7709973922797612,0.29504805696862085,3.5346178327287947,3.177976335797991,234.0,2451,19.1
fixation,740671.0429999828,0.792441089451313,0.2771263960748911,3.5753662109375,3.1715301513671874,334.0,2452,19.1
fixation,741104.385999918,0.32353729754686356,0.33091045916080475,3.51666259765625,3.282573699951172,66.0,2453,19.1
fixation,741204.3870000839,0.2370518419672461,0.3188200636821635,3.461588242474724,3.230821497300092,283.0,2454,19.1
fixation,741521.0620000362,0.3053693473339081,0.3473883201678594,3.4686991373697915,3.1977447509765624,250.0,2455,19.1
fixation,741787.7249999046,0.36571035060015594,0.36218502440235834,3.4392589222301138,3.138419411399148,183.0,2456,19.1
fixation,742004.3970000744,0.40460414439439774,0.362898463010788,3.4167129516601564,3.134368896484375,166.0,2457,19.1
fixation,742421.0699999332,0.5090048238635063,0.34907705585161847,3.4078140258789062,3.093195597330729,92.0,2458,19.1
fixation,742554.4059998989,0.5980384846528372,0.3533497291306655,3.4079996744791665,3.072399139404297,200.0,2459,19.1
fixation,742787.7430000305,0.6522038072347641,0.35181327909231186,3.3462448120117188,3.0172103881835937,167.0,2460,19.1
fixation,742971.0799999237,0.67315593957901,0.3598378226161003,3.32288818359375,3.035264587402344,167.0,2461,19.1
fixation,743187.7509999275,0.7366919134344373,0.34869810406650814,3.3338448660714284,2.957861764090402,233.0,2462,19.1
fixation,743437.7550001144,0.7589249089360237,0.3523712083697319,3.355083465576172,3.009429931640625,67.0,2463,19.1
fixation,743587.7569999695,0.30304621372904095,0.44123261741229464,3.243988037109375,3.0570831298828125,117.0,2464,19.1
fixation,743737.7599999905,0.243655855456988,0.4498440613349279,3.2583719889322915,3.066783650716146,250.0,2465,19.1
fixation,744021.1070001125,0.3165065808729692,0.42218616062944586,3.280037619850852,3.016725019975142,184.0,2466,19.1
fixation,744237.7709999084,0.37637162847178324,0.4077897093125752,3.280871800013951,3.019989013671875,233.0,2467,19.1
fixation,744487.7730000019,0.41354897211898456,0.42200708795677533,3.3086062344637783,3.046478271484375,183.0,2468,19.1
fixation,744704.4449999332,0.4792418884379523,0.4266525592122759,3.3175266810825894,3.0798841203962053,116.0,2469,19.1
fixation,744887.7829999924,0.7240601525856898,0.346173868729518,3.4517247126652646,3.049010056715745,217.0,2470,19.1
fixation,745121.115999937,0.6971992345956656,0.35863662453798145,3.4584256685697117,3.161817110501803,217.0,2471,19.1
fixation,745371.121999979,0.7380196750164032,0.3567148856818676,3.48126220703125,3.1462135314941406,134.0,2472,19.1
fixation,745537.7909998894,0.6257719000180563,0.42120399740007186,3.411707560221354,3.1559041341145835,150.0,2473,19.1
fixation,745721.1300001144,0.542303075393041,0.4324273156623046,3.408106486002604,3.1744766235351562,200.0,2474,19.1
fixation,745954.4670000076,0.6594572256911885,0.42664800448851153,3.4345841841264204,3.1416209827769888,183.0,2475,19.1
fixation,746171.1380000114,0.7356319535862316,0.4062373109839179,3.402193936434659,3.116829612038352,184.0,2476,19.1
fixation,746454.4739999771,0.23431452446513706,0.5108784205383725,3.305045233832465,3.14933098687066,150.0,2477,19.1
fixation,746621.1489999294,0.21801665176947913,0.5052030210693678,3.3229192097981772,3.1323267618815103,100.0,2478,19.1
fixation,746821.1470000744,0.2964250981807709,0.5161819338798523,3.2736480712890623,3.0489105224609374,92.0,2479,19.1
fixation,747121.1559998989,0.3763697428835763,0.5001316053999795,3.2001224093967013,3.007715861002604,142.0,2480,19.1
fixation,747304.492000103,0.4381068710769926,0.5080248234527451,3.159649440220424,2.941046578543527,233.0,2481,19.1
fixation,747554.496999979,0.4131525680422783,0.5213243253529072,3.1123046875,2.916912078857422,66.0,2482,19.1
fixation,747654.4990000725,0.4989968112536839,0.5153706105692046,3.0901903424944197,2.9221583775111606,233.0,2483,19.1
fixation,747921.1710000038,0.5547653386990229,0.5050345125297705,3.109217325846354,2.9153238932291665,200.0,2484,19.1
fixation,748154.507999897,0.619499734044075,0.5003290995955467,3.174066162109375,2.964952087402344,166.0,2485,19.1
fixation,748354.5130000114,0.6706355280346341,0.502646244234509,3.2096184624565973,2.9875946044921875,150.0,2486,19.1
fixation,748537.8510000706,0.7198021411895752,0.4999057278037071,3.241546630859375,2.9863311767578127,167.0,2487,19.1
fixation,748737.8550000191,0.776295518875122,0.4877819657325745,3.2711029052734375,2.9820846557617187,167.0,2488,19.1
fixation,748987.8599998951,0.23142099214924705,0.5872383713722229,3.1601189507378473,3.0006510416666665,150.0,2489,19.1
fixation,749154.5320000648,0.1907045685432174,0.5914871069518003,3.1375621448863638,2.9917768998579546,183.0,2490,19.1
fixation,749371.2019999027,0.2945185495274408,0.5960337051323482,3.129980904715402,2.9202444893973216,117.0,2491,19.1
fixation,749504.5399999619,0.3472916307774457,0.590879578482021,3.0904776833274146,2.873414473100142,183.0,2492,19.1
fixation,749721.2070000172,0.39442670593659085,0.5874081154664358,3.0553970336914062,2.827173868815104,100.0,2493,19.1
fixation,749837.875,0.4353203827684576,0.5979554490609602,3.0695759166370737,2.819670243696733,183.0,2494,19.1
fixation,750071.2160000801,0.5198946090844961,0.5887683652914487,3.0871746356670675,2.8611532358022838,217.0,2495,19.1
fixation,750321.2209999561,0.5916120277510749,0.5858859850300683,3.1540289984809027,2.8758171929253473,150.0,2496,19.1
fixation,750504.5599999428,0.675137827029595,0.6023643154364365,3.2128272423377404,2.9205228365384617,216.0,2497,19.1
fixation,750754.5720000267,0.7538736432790756,0.6008412867784501,3.2832611083984373,2.9299102783203126,166.0,2498,19.1
fixation,750954.5780000687,0.800691042627607,0.5944867006369999,3.313929966517857,2.938725062779018,116.0,2499,19.1
fixation,751154.5789999962,0.2763663738965988,0.6794933557510376,3.2264862060546875,2.9951507568359377,83.0,2500,19.1
fixation,751271.25,0.21693954381503558,0.6942376133642698,3.249223407946135,3.017132407740543,317.0,2501,19.1
fixation,751621.257999897,0.2802142541516911,0.6891826716336337,3.2363017689098013,2.979715520685369,184.0,2502,19.1
fixation,751837.9289999008,0.32941363627711934,0.6888510336478552,3.22271728515625,2.9625218709309897,200.0,2503,19.1
fixation,752071.2660000324,0.44250024606784183,0.6909447958072027,3.2760899861653647,2.9710210164388022,200.0,2504,19.1
fixation,752304.6050000191,0.5654201110204061,0.6795581057667732,3.323420206705729,2.9702606201171875,200.0,2505,19.1
fixation,752537.9430000782,0.662751641538408,0.6880442003409067,3.355190700954861,2.9451395670572915,150.0,2506,19.1
fixation,752737.9460000992,0.7566621340811253,0.6958314552903175,3.3408164978027344,2.9614028930664062,133.0,2507,19.1
fixation,752904.615999937,0.7990498890479406,0.6879340012868246,3.3203023274739585,2.9392573038736978,100.0,2508,19.1
fixation,753071.2839999199,0.5077041871845722,0.7724254354834557,3.2411937713623047,2.906665802001953,134.0,2509,19.1
fixation,753221.2880001068,0.45124250437532154,0.7803388748850141,3.2461722237723216,2.9434378487723216,117.0,2510,19.1
fixation,753371.2899999619,0.5443009002642198,0.7774135985157706,3.336282903497869,2.959199385209517,184.0,2511,19.1
fixation,753604.628000021,0.49256503706177074,0.4102864774564902,3.3269386291503906,3.1027565002441406,200.0,2512,NOTRIAL
fixation,753854.6319999695,0.5730351358652115,0.28470705325404805,3.4542109171549478,3.1344884236653647,100.0,2513,NOTRIAL
fixation,753987.9660000801,0.6272820869217748,0.3190547383349875,3.609639375106148,3.2703615271526836,767.0,2514,NOTRIAL
fixation,754771.3090000153,0.6412938517682693,0.3294634766438428,3.685243494370405,3.3246477912454044,284.0,2515,NOTRIAL
fixation,755104.6459999084,0.5738495015181028,0.4907083889612785,3.5538189227764425,3.3132699819711537,216.0,2516,NOTRIAL
fixation,755354.6510000229,0.6475181678930918,0.5216992318630218,3.607177734375,3.312739054361979,250.0,2517,NOTRIAL
fixation,755621.3239998817,0.5858149856328965,0.5195973291993141,3.5704574584960938,3.3230270385742187,167.0,2518,NOTRIAL
fixation,755854.6689999104,0.3520535280307134,0.5300023694833119,3.543004353841146,3.298719278971354,250.0,2519,NOTRIAL
fixation,756171.3359999657,0.49758479557931423,0.24082309752702713,3.680004119873047,3.3533477783203125,133.0,2520,NOTRIAL
fixation,756404.6800000668,0.5986019551753998,0.5363155364990234,3.536878967285156,3.202069091796875,167.0,2521,NOTRIAL
fixation,756604.6819999218,0.6599794797440792,0.7697812223688085,3.616018092378657,3.205663802775931,791.0,2522,NOTRIAL
fixation,757921.3770000935,0.655922656878829,0.6610375270247459,3.714064598083496,3.270480155944824,258.0,2523,NOTRIAL
fixation,758238.0480000973,0.5833708400076086,0.3035891509868882,3.8156849254261362,3.4976751154119317,184.0,2524,NOTRIAL
fixation,758471.3870000839,0.3860236058632533,0.358221130238639,3.603459676106771,3.3702579074435763,150.0,2525,NOTRIAL
fixation,758638.0550000668,0.3589492655462689,0.2944348090224796,3.6086883544921875,3.305240207248264,150.0,2526,NOTRIAL
fixation,758904.7300000191,0.4460388496518135,0.3037477694451809,3.6731300354003906,3.330188751220703,75.0,2527,NOTRIAL
fixation,759371.4070000648,0.6100202798843384,0.30654933005571366,3.693002319335938,3.263800048828125,83.0,2528,NOTRIAL
fixation,759504.7449998856,0.34963996162017186,0.49726683845122654,3.518140665690104,3.2756337483723956,500.0,2529,NOTRIAL
fixation,760054.7550001144,0.6032209316125283,0.4789219550215281,3.6449320866511417,3.3055995060847354,433.0,2530,NOTRIAL
fixation,760504.7660000324,0.6380117966069115,0.49982330948114395,3.7441482543945312,3.390779283311632,300.0,2531,NOTRIAL
fixation,761554.7890000343,0.578574769772016,0.4619115052314905,3.796147273137019,3.476445124699519,217.0,2532,NOTRIAL
fixation,761804.7939999104,0.5004847943782806,0.37115529605320524,3.7963518415178577,3.550410679408482,117.0,2533,NOTRIAL
fixation,761954.7939999104,0.4873459115624428,0.47930505499243736,3.6702295939127603,3.4200948079427085,200.0,2534,NOTRIAL
fixation,762171.4700000286,0.5022265252967676,0.4969287651280562,3.6725591023763022,3.451989491780599,200.0,2535,3
fixation,762404.8039999008,0.43946655425760484,0.3489122539758682,3.893118964301215,3.5615726047092013,150.0,2536,3
fixation,762571.4760000706,0.38317111134529114,0.33503955230116844,3.871692657470703,3.5740585327148438,66.0,2537,3
fixation,762654.8080000877,0.38226793706417084,0.34715583461981553,3.893609853891226,3.5619166447566104,217.0,2538,3
fixation,762904.8159999847,0.4283349258559091,0.3481234014034271,3.8367701939174106,3.5150113786969865,233.0,2539,3
fixation,763154.8210000992,0.461719281398333,0.3576801831905658,3.8519498384915867,3.5084228515625,217.0,2540,3
fixation,763654.8299999237,0.5237243101000786,0.28617389500141144,3.7760543823242188,3.4837379455566406,67.0,2541,3
fixation,763804.8340001106,0.5608026385307312,0.33686328069730237,3.8011474609375,3.4443803267045454,183.0,2542,3
fixation,764004.8380000591,0.5951182272123254,0.34830651399881946,3.673720650050951,3.3552869713824727,383.0,2543,3
fixation,764438.1800000668,0.4190598130226135,0.4092555820941925,3.5887359619140624,3.366465759277344,167.0,2544,3
fixation,764638.1819999218,0.37639128137379885,0.3781557157635689,3.6552629470825195,3.387028694152832,267.0,2545,3
fixation,765004.8570001125,0.4318341061472893,0.31656601279973984,3.6515167236328123,3.271990966796875,167.0,2546,3
fixation,765204.861000061,0.4889142321688788,0.3734877748148782,3.673071725027902,3.393120901925223,233.0,2547,3
fixation,765454.864000082,0.5336576342582703,0.3686931148171425,3.696649169921875,3.4110977172851564,167.0,2548,3
fixation,765654.8680000305,0.5726971498557499,0.3731931522488594,3.6946018763950894,3.388219560895647,233.0,2549,3
fixation,765904.8729999065,0.6112826590736707,0.36973899602890015,3.697394053141276,3.3675104777018228,200.0,2550,3
fixation,766138.2100000381,0.451873317360878,0.3917567623513086,3.6209048316592263,3.3779384068080356,350.0,2551,3
fixation,766504.8819999695,0.4885948666117408,0.38563428954644635,3.6688953746448862,3.416054465553977,183.0,2552,3
fixation,766704.885999918,0.5325766541063786,0.383662532394131,3.6232166290283203,3.3720264434814453,400.0,2553,3
fixation,767154.8940000534,0.4545479913552602,0.4208101293555013,3.5448585792824074,3.322649920428241,450.0,2554,3
fixation,767621.5690000057,0.4875829115509987,0.42660058885812757,3.5707992553710937,3.2969009399414064,166.0,2555,3
fixation,767821.5699999332,0.5373989682305943,0.4248127510601824,3.497462185946378,3.248653758655895,366.0,2556,3
fixation,768221.5680000782,0.4815001422166824,0.43085615754127504,3.43630615234375,3.180283203125,416.0,2557,3
fixation,768654.9170000553,0.5231995017904985,0.43923370304860565,3.3885875501130758,3.138070357473273,317.0,2558,3
fixation,769004.9219999313,0.5727849503358206,0.4801561219824685,3.355009290907118,3.0754462348090277,158.0,2559,3
fixation,769421.5929999352,0.40353144163435156,0.8755111531777815,3.382661299272017,3.014914772727273,175.0,2560,3
fixation,769638.2630000114,0.4577882347198633,0.880520774767949,3.381805419921875,2.978205754206731,217.0,2561,3
fixation,769871.5899999142,0.37347619235515594,0.8742194958031178,3.3102970123291016,2.9487123489379883,266.0,2562,3
fixation,770171.6040000916,0.5358468230281558,0.8835853402103696,3.335186549595424,2.944495064871652,233.0,2563,3
fixation,770438.2730000019,0.5055260419845581,0.8837857067584991,3.3277618408203127,2.9710052490234373,84.0,2564,3
fixation,770538.2750000954,0.6106312051415443,0.8788091813524564,3.441364288330078,3.0395933787027993,400.0,2565,3
fixation,770971.6070001125,0.5444240979850292,0.8982298746705055,3.5006141662597656,3.096403121948242,133.0,2566,3
fixation,771154.9409999847,0.4822618365287781,0.46401357485188377,3.4743160671657987,3.2604471842447915,150.0,2567,3
fixation,771338.2860000134,0.4117377565966712,0.3330895354350408,3.5765787760416665,3.2713996039496527,150.0,2568,3
fixation,771571.6240000725,0.3813093144978796,0.35242203942367006,3.585880824497768,3.2721949986049106,233.0,2569,3
fixation,771838.2929999828,0.43537416160106657,0.35816028863191607,3.5350112915039062,3.2107147216796874,167.0,2570,3
fixation,772038.2969999313,0.4048231393098831,0.35532689425680375,3.4779476589626737,3.158747355143229,150.0,2571,3
fixation,772221.6319999695,0.45865712066491443,0.36393048490087193,3.497300465901693,3.1785265604654946,200.0,2572,3
fixation,772438.2950000763,0.4986385901769002,0.34634313152896035,3.5135362413194446,3.19332038031684,150.0,2573,3
fixation,772621.6410000324,0.542536373436451,0.35026942789554594,3.5289161682128904,3.1972412109375,333.0,2574,3
fixation,772971.638999939,0.5928000092506409,0.34554430047671,3.4993011474609377,3.1538686116536456,250.0,2575,3
fixation,773238.3129999638,0.609748546566282,0.34430459780352457,3.504695347377232,3.1843043736049106,117.0,2576,3
fixation,773388.3129999638,0.41312158378687774,0.3717297302051024,3.449525312943892,3.192466042258523,184.0,2577,3
fixation,773588.3150000572,0.38651897211869557,0.36503613690535225,3.4730326334635415,3.1872955322265626,250.0,2578,3
fixation,773871.6570000648,0.44420246593654156,0.3714401498436928,3.523397445678711,3.203857421875,133.0,2579,3
fixation,774038.3250000477,0.49032653868198395,0.37893498440583545,3.506427764892578,3.1909383138020835,200.0,2580,3
fixation,774254.993999958,0.5423412546515465,0.3811098262667656,3.5772984822591147,3.2804349263509116,200.0,2581,3
fixation,774488.3299999237,0.5867994661842074,0.3741085124867303,3.607651846749442,3.326664515904018,234.0,2582,3
fixation,774755.0039999485,0.6207732210556666,0.3815588702758153,3.6141281127929688,3.3001810709635415,100.0,2583,3
fixation,774905.009000063,0.4661005735397339,0.38529423996806145,3.5434239705403647,3.360518137613932,200.0,2584,3
fixation,775121.6779999733,0.44391580323378244,0.3772849192221959,3.6061767578125,3.380602010091146,250.0,2585,3
fixation,775405.01699996,0.5193795636296272,0.3970752550022943,3.6314217703683034,3.380498613630022,234.0,2586,3
fixation,775655.0239999294,0.539769372344017,0.3978355646133423,3.6326004028320313,3.3633987426757814,167.0,2587,3
fixation,775855.0250000954,0.5971653573215008,0.3721254784613848,3.699014663696289,3.3877010345458984,267.0,2588,3
fixation,776138.364000082,0.6194588661193847,0.3776723841826121,3.730513509114583,3.408736165364583,250.0,2589,3
fixation,776438.3680000305,0.5243905674327504,0.4279264672236009,3.625693581321023,3.411336725408381,183.0,2590,3
fixation,776655.0399999619,0.4655155229071776,0.41439347093303996,3.6245142618815103,3.4042040506998696,208.0,2591,3
fixation,777005.0460000038,0.4939955361187458,0.4177932869642973,3.491222381591797,3.3043594360351562,126.0,2592,3
fixation,777171.7139999866,0.5277502834796906,0.4122581117682987,3.4901835123697915,3.276307847764757,150.0,2593,3
fixation,777355.0480000973,0.4475214010477066,0.4135073775053024,3.399990234375,3.22134765625,417.0,2594,3
fixation,777805.0559999943,0.4034602584747168,0.32676565188627976,3.4202305720402646,3.1659311147836537,217.0,2595,3
fixation,778038.3900001049,0.3833389339538721,0.32673682616307187,3.3508324256310096,3.133165799654447,216.0,2596,3
fixation,778288.3949999809,0.4477821926275889,0.3503023286660512,3.392716471354167,3.131788126627604,250.0,2597,3
fixation,778621.7320001125,0.40413594152778387,0.3526875004172325,3.439652442932129,3.1668195724487305,267.0,2598,3
fixation,778921.73300004,0.4804517073290689,0.3531720148665564,3.488274710518973,3.1956917898995534,125.0,2599,3
fixation,779205.0739998817,0.5562652535736561,0.31289369985461235,3.498027801513672,3.1801681518554688,126.0,2600,3
fixation,779355.0729999542,0.5307154599577188,0.3328733965754509,3.4655237197875977,3.1870336532592773,267.0,2601,3
fixation,779655.0810000896,0.577188167307112,0.3311775243944592,3.4080708821614585,3.1310221354166665,150.0,2602,3
fixation,779821.7490000725,0.6070229113101959,0.32148138327257975,3.381201607840402,3.099454607282366,117.0,2603,3
fixation,779988.4200000763,0.4194328114390373,0.3586191460490227,3.3349552154541016,3.1158924102783203,133.0,2604,3
fixation,780155.0869998932,0.3872776766618093,0.37241574227809904,3.363819376627604,3.15108642578125,250.0,2605,3
fixation,780438.4240000248,0.46320189237594606,0.3679818257689476,3.4412216186523437,3.196452331542969,166.0,2606,3
fixation,780621.7569999695,0.5047673235336939,0.36359572245015037,3.421537611219618,3.1657341851128473,150.0,2607,3
fixation,780805.0959999561,0.5497894008954366,0.38688597579797107,3.447585042317708,3.1759653727213544,250.0,2608,3
fixation,781071.763999939,0.5685051414701674,0.3758234249220954,3.431958233868634,3.146404125072338,450.0,2609,3
fixation,781555.111000061,0.6145351188523429,0.37352793557303293,3.494136265345982,3.173828125,117.0,2610,3
fixation,781721.7790000439,0.4626724310219288,0.3896021172404289,3.4994303385416665,3.2645187377929688,200.0,2611,3
fixation,781938.4479999542,0.4481806705395381,0.3647112167543835,3.4934844970703125,3.209749009874132,150.0,2612,3
fixation,782155.118999958,0.521678626537323,0.3870203008254369,3.5095245361328127,3.2693328857421875,250.0,2613,3
fixation,782421.7909998894,0.541767132101637,0.3891782480658907,3.528861305930398,3.2809402003432764,550.0,2614,3
fixation,782988.4670000076,0.49157940968871117,0.39287046566605566,3.58190803527832,3.369415283203125,666.0,2615,3
fixation,783688.4820001125,0.546515458396503,0.38438757934740614,3.5881990705217635,3.3449630737304688,233.0,2616,3
fixation,783938.4879999161,0.5072610804012844,0.3869889484984534,3.551031930106027,3.3142896379743303,116.0,2617,3
fixation,784088.4869999886,0.4015354613463084,0.38159160017967225,3.5267791748046875,3.3067352294921877,250.0,2618,3
fixation,784355.1600000858,0.3871182288442339,0.3723125819649015,3.458799089704241,3.2621677943638394,117.0,2619,3
fixation,784505.1630001068,0.4639102429151535,0.3770029962062836,3.4668701171875,3.2173797607421877,167.0,2620,3
fixation,784705.1659998894,0.5128451079130173,0.3794402450323105,3.4443084716796877,3.1588623046875,84.0,2621,3
fixation,784805.1679999828,0.5637901027997335,0.37586237986882526,3.4478759765625,3.1837336222330728,200.0,2622,3
fixation,785021.8389999866,0.60640549659729,0.3842652961611748,3.4616451263427734,3.211233139038086,133.0,2623,3
fixation,785188.5120000839,0.5376701477695914,0.35642602250856514,3.4717990650850186,3.243739408605239,283.0,2624,3
fixation,785505.1800000668,0.6025038113196691,0.3555883429944515,3.5743192036946616,3.2981236775716147,200.0,2625,FIX_CROS
fixation,785755.1840000153,0.5034626009208816,0.5524383996214185,3.5420194353376115,3.2758581978934154,242.0,2626,FIX_CROS
fixation,786188.5260000229,0.45092453875324945,0.46991921961307526,3.524759465997869,3.3209339488636362,175.0,2627,FIX_CROS
fixation,786405.1960000992,0.39929765711228055,0.43091022471586865,3.458133273654514,3.2592425876193576,300.0,2628,FIX_CROS
fixation,786838.5380001068,0.23671967135025904,0.2879733500572351,3.4452913724459133,3.1670555701622596,216.0,2629,3.1
fixation,787088.5420000553,0.2971118874847889,0.30387731082737446,3.3997726440429688,3.173849105834961,133.0,2630,3.1
fixation,787255.2119998932,0.3791059824553403,0.33566365187818353,3.3971141468394888,3.1659975918856533,184.0,2631,3.1
fixation,787471.881000042,0.44482431809107464,0.34934818496306735,3.4218012491861978,3.1543846130371094,208.0,2632,3.1
fixation,787838.5539999008,0.5078825120415006,0.3111658905233656,3.4384613037109375,3.1588875906808034,108.0,2633,3.1
fixation,787988.5569999218,0.5811596612135569,0.30270837619900703,3.4226341247558594,3.105787913004557,200.0,2634,3.1
fixation,788221.8959999084,0.6450930581643031,0.31331442296504974,3.3943622295673075,3.085264939528245,217.0,2635,3.1
fixation,788471.8970000744,0.7220602929592133,0.32238705669130596,3.4327686854771207,3.1123243059430803,233.0,2636,3.1
fixation,788721.9030001163,0.7500821053981781,0.3276263783375422,3.4677836100260415,3.1317952473958335,250.0,2637,3.1
fixation,789021.9079999924,0.5380040867762133,0.32810162007808685,3.4938118674538354,3.205172452059659,183.0,2638,3.1
fixation,789221.9110000134,0.5054234504699707,0.3365055024623871,3.52889404296875,3.212896728515625,83.0,2639,3.1
fixation,789371.9140000343,0.2497689099982381,0.3699541240930557,3.4564247131347656,3.2130813598632812,133.0,2640,3.1
fixation,789538.5799999237,0.20944083780050277,0.377759775519371,3.4256439208984375,3.1802322387695314,166.0,2641,3.1
fixation,789738.5840001106,0.3058907315135002,0.3973323740065098,3.4137611389160156,3.1642189025878906,74.0,2642,3.1
fixation,790221.9270000458,0.4155851592620214,0.3917058318853378,3.4447662353515627,3.1788818359375,242.0,2643,3.1
fixation,790488.5980000496,0.453058832221561,0.39249494175116223,3.3633626302083335,3.1018269856770835,150.0,2644,3.1
fixation,790671.9340000153,0.5268971681594848,0.39239105135202407,3.2822891235351563,3.0257888793945313,167.0,2645,3.1
fixation,790871.9370000362,0.5999616613754859,0.3934952123807027,3.30489994929387,3.0168961745042067,217.0,2646,3.1
fixation,791121.9409999847,0.6935404986143112,0.3792554587125778,3.3190048217773436,3.0278305053710937,167.0,2647,3.1
fixation,791321.9449999332,0.6607872716018132,0.38826271678720203,3.3713880266462053,3.081638881138393,117.0,2648,3.1
fixation,791471.9470000267,0.7517179780536227,0.3884832246436013,3.4104749891493054,3.1263292100694446,150.0,2649,3.1
fixation,791655.2839999199,0.7910183310508728,0.39136088490486143,3.4298065185546873,3.081689453125,84.0,2650,3.1
fixation,791838.618999958,0.2090331626975018,0.4808063902284788,3.3964306375254756,3.200656393299932,383.0,2651,3.1
fixation,792255.2939999104,0.2933747261762619,0.46170061131318413,3.375968424479167,3.132977294921875,250.0,2652,3.1
fixation,792538.631000042,0.3671079844236374,0.46051276922225953,3.380964660644531,3.155224609375,166.0,2653,3.1
fixation,792721.9649999142,0.4615744220859864,0.46789411411565895,3.3551740646362305,3.1176210291245403,333.0,2654,3.1
fixation,793071.9739999771,0.5031514823436737,0.4578808158636093,3.3505859375,3.14715576171875,83.0,2655,3.1
fixation,793188.6429998875,0.5606865368106149,0.45328945327888837,3.34564208984375,3.106363469904119,183.0,2656,3.1
fixation,793388.6480000019,0.6139093587795893,0.4544552266597748,3.3446426391601562,3.0600357055664062,100.0,2657,3.1
fixation,793505.3139998913,0.6824307416876157,0.45322388286391896,3.3418312072753906,3.0335718790690103,200.0,2658,3.1
fixation,793738.6530001163,0.7485431373119354,0.45094052255153655,3.360980224609375,3.013519287109375,83.0,2659,3.1
fixation,793855.3210000992,0.7868061661720276,0.43923962116241455,3.4070777893066406,3.0300865173339844,134.0,2660,3.1
fixation,794071.9930000305,0.2713077533990145,0.5416598357260227,3.3126144409179688,3.0862274169921875,133.0,2661,3.1
fixation,794238.6619999409,0.19779965560883284,0.5600449293851852,3.3359498977661133,3.0981712341308594,266.0,2662,3.1
fixation,794538.6670000553,0.30597259253263476,0.5473061680793763,3.300492858886719,3.030438232421875,167.0,2663,3.1
fixation,794738.6719999313,0.38688397109508516,0.5397574096918106,3.24127197265625,2.981065368652344,167.0,2664,3.1
fixation,794938.6730000973,0.43597452129636494,0.5394210985728672,3.258967808314732,3.003997802734375,117.0,2665,3.1
fixation,795105.3440001011,0.5267098383470015,0.5461781160397963,3.3030145818536933,3.0239521373401987,183.0,2666,3.1
fixation,795322.013999939,0.5921564474701881,0.5535164043307305,3.3569618225097657,3.081623077392578,334.0,2667,3.1
fixation,795688.6849999428,0.6484539985656739,0.5514470428228379,3.4069976806640625,3.1276031494140626,167.0,2668,3.1
fixation,795888.6909999847,0.7140033606972013,0.5562417251723153,3.4525233677455356,3.1327296665736606,233.0,2669,3.1
fixation,796138.6960000992,0.7446314185857773,0.5449617952108383,3.4770462036132814,3.113417053222656,167.0,2670,3.1
fixation,796338.7000000477,0.803811714053154,0.5403340384364128,3.4526920318603516,3.0888500213623047,133.0,2671,3.1
fixation,796538.7030000687,0.36203810785497936,0.6125694598470416,3.359255109514509,3.098728724888393,117.0,2672,3.1
fixation,796705.3729999065,0.22149759282668433,0.6409097115198771,3.381349351671007,3.1436275906032987,150.0,2673,3.1
fixation,796872.0399999619,0.19047810403364046,0.6406762195484978,3.4000015258789062,3.132289341517857,234.0,2674,3.1
fixation,797138.7130000591,0.22955327887426724,0.6414930820465088,3.380827470259233,3.0830313942649146,183.0,2675,3.1
fixation,797355.382999897,0.3044666325052579,0.6419045825799307,3.3655573527018228,3.033050537109375,200.0,2676,3.1
fixation,797588.7209999561,0.3922122355018343,0.6486076563596725,3.383905683244978,3.0276314871651784,233.0,2677,3.1
fixation,797838.7249999046,0.45934034342115576,0.6394517882303759,3.38134765625,3.013031005859375,183.0,2678,3.1
fixation,798055.3949999809,0.493853526810805,0.6357058584690094,3.365331013997396,2.9954096476236978,100.0,2679,3.1
fixation,798172.0629999638,0.5541689064767625,0.6300314885598642,3.39117431640625,3.013445818865741,450.0,2680,3.1
fixation,798655.4019999504,0.6358562000095844,0.6362505704164505,3.417649269104004,3.0113630294799805,266.0,2681,3.1
fixation,798938.742000103,0.6646447082360586,0.6429860790570577,3.44775390625,3.0188064575195312,100.0,2682,3.1
fixation,799055.4119999409,0.7381679276625316,0.6402949611345927,3.4502461751302085,3.0572794596354167,250.0,2683,3.1
fixation,799322.0829999447,0.7693105373117659,0.6373032795058357,3.482430352105035,3.0903167724609375,150.0,2684,3.1
fixation,799505.4189999104,0.809400306807624,0.6411833730008867,3.4947085910373263,3.134275648328993,150.0,2685,3.1
fixation,799738.759000063,0.39753604206171905,0.7297057753259485,3.438479336825284,3.134305087002841,183.0,2686,3.1
fixation,799955.4270000458,0.2799396398994658,0.7319877809948392,3.480624728732639,3.1923116048177085,150.0,2687,3.1
fixation,800138.7630000114,0.22507209330797195,0.738262931505839,3.5031402587890623,3.206123860677083,250.0,2688,3.1
fixation,800422.0989999771,0.2856034866788171,0.7319581833752719,3.429686112837358,3.136935147372159,184.0,2689,3.1
fixation,800638.7730000019,0.3497069464488463,0.7305991893464868,3.383119062943892,3.0661496249112217,183.0,2690,3.1
fixation,800855.4430000782,0.42533569286266965,0.7321493104100227,3.409348805745443,3.0583318074544272,200.0,2691,3.1
fixation,801088.7769999504,0.5185674726963043,0.7298541558640343,3.4532296316964284,3.1048987252371654,233.0,2692,3.1
fixation,801355.4489998817,0.607317165686534,0.7207658199163584,3.4783477783203125,3.087519719050481,216.0,2693,3.1
fixation,801622.1199998856,0.6881827901710164,0.7258366698568518,3.4810236150568183,3.0886605002663354,184.0,2694,3.1
fixation,801822.125,0.7458558996518453,0.7295417547225952,3.4686431884765625,3.08526611328125,250.0,2695,3.1
fixation,802088.7960000038,0.7724911416018451,0.7312766214211782,3.479242960611979,3.081581398292824,450.0,2696,3.1
fixation,802555.4690001011,0.731839282438159,0.7299074083566666,3.4791688919067383,3.075066566467285,266.0,2697,3.1
fixation,802838.8090000153,0.77443709731102,0.7324362015724182,3.4814398193359377,3.088636474609375,417.0,2698,3.1
fixation,803288.8139998913,0.6895394967152522,0.6459195292912997,3.5049274151141825,3.119556133563702,217.0,2699,3.1
fixation,803538.8199999332,0.6414782226085662,0.6300154998898506,3.4919387817382814,3.0965431213378904,333.0,2700,3.1
fixation,803922.1610000134,0.5103191986680031,0.36274089813232424,3.5321304321289064,3.2229583740234373,167.0,2701,NOTRIAL
fixation,804122.1619999409,0.6233250101407369,0.34864535099930233,3.5801815456814237,3.2303958468967013,300.0,2702,NOTRIAL
fixation,804472.1670000553,0.369206887754527,0.31603899598121643,3.5771678577769888,3.361246282404119,184.0,2703,NOTRIAL
fixation,804672.1730000973,0.35046653838261316,0.32528601651606354,3.6139287533967392,3.320500912873641,392.0,2704,NOTRIAL
fixation,805205.51699996,0.3652009489014745,0.3210571827366948,3.609617233276367,3.3035621643066406,258.0,2705,NOTRIAL
fixation,805488.8529999256,0.4241820365190506,0.3239420849084854,3.55560791015625,3.2718634033203124,417.0,2706,NOTRIAL
fixation,805922.1940000057,0.42816075848208535,0.2968117925855849,3.5070902506510415,3.1860487196180554,150.0,2707,NOTRIAL
fixation,806105.5309998989,0.4739756350006376,0.4877530464104244,3.4671500069754466,3.2025299072265625,116.0,2708,NOTRIAL
fixation,806255.5339999199,0.49432504177093506,0.50790276825428,3.4801864624023438,3.2543716430664062,166.0,2709,NOTRIAL
fixation,806455.5350000858,0.34755813011101316,0.5251733639410564,3.5310821533203125,3.3199234008789062,233.0,2710,NOTRIAL
fixation,806738.8729999065,0.492442941123789,0.4682601974769072,3.569427490234375,3.330533114346591,183.0,2711,NOTRIAL
fixation,806955.5450000763,0.40751085579395296,0.5126574963331223,3.5401687622070312,3.307881164550781,166.0,2712,NOTRIAL
fixation,807138.882999897,0.4206319279742963,0.5115118685996893,3.5903264825994317,3.3199707956025093,550.0,2713,NOTRIAL
fixation,807755.5590000153,0.6255639605224133,0.7664947099983692,3.6504268646240234,3.2039947509765625,133.0,2714,NOTRIAL
fixation,807905.5629999638,0.661952331662178,0.7603399673333535,3.6288361182579627,3.1870478116548977,866.0,2715,NOTRIAL
fixation,809288.9230000973,0.572227246231503,0.6677577661143409,3.723354763454861,3.2598114013671875,142.0,2716,NOTRIAL
fixation,809488.9270000458,0.5074387517842379,0.36546800353310327,3.7273615056818183,3.4286845814098013,183.0,2717,FIX_CROS
fixation,809705.5929999352,0.5076626354455948,0.480227108001709,3.5734490966796875,3.308658447265625,416.0,2718,FIX_CROS
fixation,810155.6040000916,0.45633053196513135,0.4093207503142564,3.548123567000679,3.3456600023352583,383.0,2719,FIX_CROS
fixation,810655.6150000095,0.3023054860532284,0.38243843615055084,3.5761680603027344,3.3039703369140625,66.0,2720,3.2
fixation,810755.6180000305,0.23675352678849146,0.4173265351698949,3.555860079251803,3.324644822340745,216.0,2721,3.2
fixation,811022.2869999409,0.41747174010826993,0.42070213991862077,3.5508810190054088,3.3527726393479567,217.0,2722,3.2
fixation,811272.2939999104,0.373136430978775,0.4164834231138229,3.5602264404296875,3.3701873779296876,84.0,2723,3.2
fixation,811405.631000042,0.5606445650259654,0.41941922207673393,3.5818135579427084,3.3448822021484377,250.0,2724,3.2
fixation,811688.9690001011,0.6224277582433488,0.4237537797954347,3.5736558702256946,3.310877482096354,150.0,2725,3.2
fixation,811872.3080000877,0.6774167194962502,0.4213632121682167,3.564718246459961,3.2703399658203125,134.0,2726,3.2
fixation,812038.9769999981,0.7355183844382946,0.42226291734438676,3.5481367844801683,3.261211688701923,217.0,2727,3.2
fixation,812272.3150000572,0.7901910096406937,0.4213466979563236,3.5672569274902344,3.2421493530273438,134.0,2728,3.2
fixation,812488.98300004,0.24015018072995273,0.5289595912803303,3.450429742986506,3.3065560080788354,183.0,2729,3.2
fixation,812688.986000061,0.19360274448990822,0.5252533356348673,3.4775238037109375,3.27915530734592,300.0,2730,3.2
fixation,813038.9930000305,0.2977809418331493,0.5140818953514099,3.450357610529119,3.205770319158381,183.0,2731,3.2
fixation,813238.9979999065,0.354019207033244,0.5136711597442627,3.4221080433238638,3.1910566850142046,184.0,2732,3.2
fixation,813772.3399999142,0.4871064221317118,0.48709840124303644,3.4568412087180396,3.198544588955966,183.0,2733,3.2
fixation,814005.6800000668,0.5619523003697395,0.4932619594037533,3.4190584818522134,3.1260592142740884,200.0,2734,3.2
fixation,814222.3480000496,0.6312341690063477,0.4970092703314388,3.3887921501608456,3.1292177088120403,283.0,2735,3.2
fixation,814539.0220000744,0.7110446883099419,0.5009216676865306,3.386700221470424,3.0971472603934154,234.0,2736,3.2
fixation,814805.6949999332,0.7687283960672525,0.49363269943457383,3.4329974834735575,3.1310941256009617,217.0,2737,3.2
fixation,815055.6979999542,0.8121509850025177,0.4830607369542122,3.422906494140625,3.076615905761719,167.0,2738,3.2
fixation,815289.0339999199,0.49757836759090424,0.5720988810062408,3.3210357666015624,3.0895660400390623,167.0,2739,3.2
fixation,815489.0280001163,0.45058306625911165,0.5876192046063287,3.388688223702567,3.1220572335379466,234.0,2740,3.2
fixation,815755.7100000381,0.5312079543417151,0.5874314443631605,3.4254927201704546,3.107420487837358,191.0,2741,3.2
fixation,816255.7079999447,0.548568939169248,0.5817758358187146,3.4259736802842884,3.1372222900390625,300.0,2742,3.2
fixation,818322.4110000134,0.6236446261405945,0.8580655634403229,3.4616912841796874,3.1237213134765627,75.0,2743,3.2
fixation,818455.7539999485,0.5306992004315059,0.5549618035554886,3.4109319051106772,3.123069254557292,500.0,2744,3.2
fixation,818989.0869998932,0.6232010722160339,0.43913118839263915,3.4738723754882814,3.2119186401367186,175.0,2745,NOTRIAL
fixation,819505.7720000744,0.39875632990151644,0.33579947520047426,3.6616249084472656,3.3936195373535156,267.0,2746,NOTRIAL
fixation,819805.7730000019,0.42726134091615675,0.3203070276975632,3.679498291015625,3.405234069824219,833.0,2747,NOTRIAL
fixation,820839.1259999275,0.4378226270278295,0.36203566094239553,3.742779541015625,3.4843729654947917,242.0,2748,NOTRIAL
fixation,821122.4630000591,0.42597559839487076,0.4858179554343224,3.7220916748046875,3.4357955932617186,166.0,2749,NOTRIAL
fixation,821305.7999999523,0.3664756181339423,0.5046040154993534,3.7351048787434897,3.4568506876627603,200.0,2750,NOTRIAL
fixation,821539.1349999905,0.4333310815004202,0.4742928926761334,3.777057354266827,3.399828397310697,217.0,2751,NOTRIAL
fixation,821805.8050000668,0.6540619711081187,0.5076667010784149,3.9357838948567707,3.531682332356771,250.0,2752,NOTRIAL
fixation,822105.8139998913,0.6602483441432317,0.7327210480968157,4.048468271891276,3.607580820719401,208.0,2753,NOTRIAL
fixation,822672.4900000095,0.43614911288022995,0.49652187195089126,3.970401340060764,3.6666742960611978,308.0,2754,NOTRIAL
fixation,823205.8320000172,0.4479741205771764,0.5788095543781916,3.7618637084960938,3.4077936808268228,92.0,2755,NOTRIAL
fixation,823339.1649999619,0.5046558467050394,0.500713188201189,3.6738967895507812,3.4019762674967446,200.0,2756,NOTRIAL
fixation,823589.1710000038,0.5262945834547281,0.2822964070364833,3.6664772033691406,3.3758554458618164,267.0,2757,NOTRIAL
fixation,823889.1789999008,0.5724571877055697,0.20943477501471838,3.6747979058159723,3.419591267903646,150.0,2758,NOTRIAL
fixation,824055.8480000496,0.5058564626508288,0.20761020026273197,3.6390067206488714,3.3827345106336804,300.0,2759,NOTRIAL
fixation,824389.1860001087,0.5353706429402033,0.20798211296399435,3.595881144205729,3.3753585815429688,108.0,2760,NOTRIAL
fixation,824722.5280001163,0.4942193229993184,0.36645793749226463,3.6236402723524304,3.35349358452691,142.0,2761,NOTRIAL
fixation,824905.8629999161,0.656446802119414,0.3222977817058563,3.6370760599772134,3.2909927368164062,200.0,2762,NOTRIAL
fixation,825122.5329999924,0.6555007872256365,0.3195166824893518,3.6061838323419746,3.261285261674361,733.0,2763,NOTRIAL
fixation,826172.5510001183,0.3640994727611542,0.5146422301019941,3.5157034737723216,3.243403843470982,108.0,2764,NOTRIAL
fixation,826355.8870000839,0.6551271160443624,0.7370694811145465,3.5455919901529946,3.1641576131184896,1000.0,2765,NOTRIAL
fixation,827422.5729999542,0.42645158233313724,0.47787178590379914,3.410328306000808,3.2453829008957435,483.0,2766,NOTRIAL
fixation,827955.9170000553,0.5690093371603224,0.888298233350118,3.48105706108941,3.119472927517361,150.0,2767,NOTRIAL
fixation,828172.5869998932,0.40303216709031,0.34872110353575814,3.511011759440104,3.30875481499566,150.0,2768,NOTRIAL
fixation,828339.2620000839,0.35577857308089733,0.3248562877997756,3.5594406127929688,3.2929821014404297,275.0,2769,NOTRIAL
fixation,828755.9309999943,0.36417170720441,0.32873148577553885,3.527376447405134,3.2554430280412947,109.0,2770,NOTRIAL
fixation,828905.9349999428,0.4207539168142137,0.3397357321920849,3.54714602515811,3.2495945521763394,350.0,2771,NOTRIAL
fixation,829289.2750000954,0.3697346020489931,0.47335166949778795,3.4204092025756836,3.2023401260375977,267.0,2772,NOTRIAL
fixation,829572.6129999161,0.3626455223560333,0.5191890209913254,3.4830218505859376,3.270968017578125,424.0,2773,NOTRIAL
fixation,830222.6300001144,0.37376665820678073,0.5365241914987564,3.5052007039388022,3.231684366861979,92.0,2774,NOTRIAL
fixation,830339.2990000248,0.42232757475641036,0.4944589960354346,3.438259548611111,3.2003936767578125,450.0,2775,NOTRIAL
fixation,832222.6749999523,0.6388470828533173,0.4695333130657673,3.4767189025878906,3.17401123046875,67.0,2776,NOTRIAL
fixation,832389.3480000496,0.624013238483005,0.23088637159930336,3.643100314670139,3.2643551296657987,150.0,2777,NOTRIAL
fixation,832606.0190000534,0.3962073177099228,0.4511606693267822,3.537006378173828,3.29815673828125,75.0,2778,NOTRIAL
fixation,832922.6900000572,0.36796460073927173,0.5000303024831025,3.666213325832201,3.334507817807405,375.0,2779,NOTRIAL
fixation,833322.6979999542,0.36718654042144994,0.48951093262096623,3.4927811532650352,3.2588423243108786,891.0,2780,NOTRIAL
fixation,835214.4010000229,0.6794685044071891,0.6743742010810159,3.8024860728870737,3.4417003284801138,183.0,2781,NOTRIAL
fixation,835447.7349998951,0.537823655388572,0.5050901039080187,3.6470503373579546,3.4347104159268467,191.0,2782,NOTRIAL
fixation,835847.7369999886,0.5161614865064621,0.48902716239293414,3.6239700317382812,3.3429107666015625,92.0,2783,28
fixation,835997.7379999161,0.4455742182639929,0.4082641578637637,3.6366553673377404,3.3838723989633412,217.0,2784,28
fixation,836247.7430000305,0.5276192352175713,0.4027167757352193,3.572010040283203,3.333892822265625,200.0,2785,28
fixation,836547.7490000725,0.40955633498155153,0.46443133973158324,3.541729266826923,3.3126150277944713,217.0,2786,28
fixation,836797.753000021,0.5305333609382311,0.4550776270528634,3.5579401652018228,3.27984619140625,200.0,2787,28
fixation,837014.4230000973,0.5752755304177603,0.45057277629772824,3.5156834920247397,3.262700398763021,100.0,2788,28
fixation,837147.757999897,0.42407040473292856,0.5026679705171024,3.4862949146943936,3.245810116038603,283.0,2789,28
fixation,837897.7799999714,0.45540706174714224,0.5130949978317533,3.4736785888671875,3.210930960518973,117.0,2790,28
fixation,838031.115999937,0.5084020694096884,0.4734222913781802,3.4572664896647134,3.2375005086263022,200.0,2791,28
fixation,838247.7869999409,0.5478981605597905,0.4740403762885502,3.4445648193359375,3.201075962611607,117.0,2792,28
fixation,838397.7909998894,0.4382858791134574,0.5289819592779333,3.391762473366477,3.1215639981356533,183.0,2793,28
fixation,838881.1319999695,0.5775828858216604,0.5202708939711252,3.4372889200846353,3.1716702779134116,192.0,2794,28
fixation,839114.4670000076,0.5023680329322815,0.5563471734523773,3.46185302734375,3.143084716796875,166.0,2795,28
fixation,839297.8059999943,0.49280019636665073,0.5741762284721647,3.470505850655692,3.1411350795200894,233.0,2796,28
fixation,839547.8069999218,0.5151312947273254,0.5923866406083107,3.505401611328125,3.14862060546875,67.0,2797,28
fixation,839631.1410000324,0.4987006668861096,0.6901120543479919,3.5082115760216346,3.1266761192908654,217.0,2798,28
fixation,839881.1480000019,0.5059371829032898,0.867490428686142,3.556781005859375,3.18251953125,250.0,2799,28
fixation,840147.8199999332,0.4329701378941536,0.8718885898590087,3.5978240966796875,3.230743408203125,167.0,2800,28
fixation,840364.4839999676,0.5751224207250696,0.8673228746966312,3.6260553995768228,3.206862600226151,316.0,2801,28
fixation,840714.490999937,0.5283131524920464,0.876512810587883,3.6020545959472656,3.241994857788086,133.0,2802,28
fixation,840881.1579999924,0.43590104579925537,0.8689235779974196,3.6102973090277777,3.280734592013889,150.0,2803,28
fixation,841081.1689999104,0.4925287452836831,0.5124675470093886,3.6699206034342446,3.3428471883138022,200.0,2804,28
fixation,841297.8399999142,0.5041995942592621,0.548553965985775,3.6285552978515625,3.2733001708984375,75.0,2805,28
fixation,841614.5120000839,0.5552027771870295,0.5208736782272657,3.5468266805013022,3.220270792643229,92.0,2806,28
fixation,841731.1809999943,0.5283978471389184,0.48404774619982793,3.502203838641827,3.220703359750601,1092.0,2807,28
fixation,843047.871999979,0.27618470042943954,0.42756281793117523,3.6049728393554688,3.269489288330078,67.0,2808,28.2
fixation,843131.2070000172,0.21908128777375588,0.4365713768280469,3.5567662165715146,3.2581587571364183,217.0,2809,28.2
fixation,843381.2119998932,0.3023185133934021,0.45130635301272076,3.4543355305989585,3.1743011474609375,150.0,2810,28.2
fixation,843564.5469999313,0.3991822674870491,0.4545833058655262,3.404302978515625,3.1614952087402344,333.0,2811,28.2
fixation,843931.2209999561,0.45912182195620105,0.45322306183251465,3.4588442715731533,3.2416534423828125,184.0,2812,28.2
fixation,844131.2170000076,0.491295475512743,0.45520298555493355,3.4968814849853516,3.2647323608398438,134.0,2813,28.2
fixation,844297.8880000114,0.558753564953804,0.4508976861834526,3.538944789341518,3.327490670340402,233.0,2814,28.2
fixation,844547.8880000114,0.6305491268634796,0.45582534968852995,3.5998443603515624,3.3656829833984374,83.0,2815,28.2
fixation,844664.5680000782,0.6851412410085852,0.45500771972266113,3.6197662353515625,3.3597980846058237,183.0,2816,28.2
fixation,844881.2290000916,0.7277517264539545,0.4612111503427679,3.6467659690163354,3.3514529141512783,184.0,2817,28.2
fixation,845097.8989999294,0.775771037890361,0.44788569326584154,3.6895646315354567,3.3078143780048075,217.0,2818,28.2
fixation,845331.2379999161,0.802274152636528,0.4486362685759862,3.6856307983398438,3.274815877278646,100.0,2819,28.2
fixation,845497.9170000553,0.49811655147509143,0.53682725537907,3.645498102361506,3.298952969637784,183.0,2820,28.2
fixation,845714.5880000591,0.4556232336908579,0.544888611882925,3.6919708251953125,3.3013782501220703,133.0,2821,28.2
fixation,845864.5899999142,0.5249558463692665,0.5410722543795904,3.6989466349283853,3.2927042643229165,200.0,2822,28.2
fixation,846131.260999918,0.2675113650885495,0.46942454305562104,3.601014570756392,3.3439580743963067,184.0,2823,28.2
fixation,846347.9319999218,0.20710886066610162,0.4413997842506929,3.577484130859375,3.2941936146129263,183.0,2824,28.2
fixation,846564.6019999981,0.29317855338255566,0.45780396461486816,3.5321057637532554,3.3111801147460938,200.0,2825,NOTRIAL
fixation,846814.6050000191,0.4020087480545044,0.2998288214206696,3.61533203125,3.3232162475585936,166.0,2826,NOTRIAL
fixation,846997.9440000057,0.3611895710229874,0.3170567661523819,3.567681884765625,3.286676025390625,91.0,2827,NOTRIAL
fixation,847281.2829999924,0.5547986796924046,0.3372649848461151,3.674410138811384,3.345282418387277,109.0,2828,NOTRIAL
fixation,847431.2820000648,0.6357172138017156,0.3193851848659308,3.63489466128142,3.2953093155570654,767.0,2829,NOTRIAL
fixation,848231.3010001183,0.6586778372526169,0.4842499539256096,3.553578186035156,3.27734375,167.0,2830,NOTRIAL
fixation,848414.6300001144,0.6415367212197552,0.5131944117889012,3.6677875257518195,3.3843400511023116,1216.0,2831,NOTRIAL
fixation,849664.6619999409,0.5826734396127554,0.49924746786172575,3.6408973106971154,3.3914571908804088,433.0,2832,NOTRIAL
fixation,850148.0069999695,0.659841887652874,0.7884302400052547,3.670064926147461,3.2478790283203125,134.0,2833,NOTRIAL
fixation,850298.010999918,0.6530390757322312,0.7540269565582275,3.5909823608398437,3.1889453125,842.0,2834,NOTRIAL
fixation,851598.0360000134,0.5908877892153603,0.5424115977116993,3.588648114885603,3.2073516845703125,226.0,2835,FIX_CROS
fixation,851864.7090001106,0.5094278673641384,0.4757019276730716,3.525279998779297,3.2342300415039062,533.0,2836,FIX_CROS
fixation,852431.388999939,0.4378749504685402,0.3905924893915653,3.4274470011393228,3.2015965779622397,200.0,2837,FIX_CROS
fixation,852664.7239999771,0.3822716491089927,0.3953679750363032,3.4634908040364585,3.2234564887152777,150.0,2838,28.1
fixation,852864.7260000706,0.26188742741942406,0.33324582129716873,3.529621124267578,3.2758407592773438,67.0,2839,28.1
fixation,852948.0639998913,0.22904285246675665,0.31785405630415137,3.484732887961648,3.217093727805398,184.0,2840,28.1
fixation,853164.73300004,0.3210331089794636,0.3437777062257131,3.4491284688313804,3.171527862548828,200.0,2841,28.1
fixation,853398.0739998817,0.3870853781700134,0.3556013511759894,3.4354030064174106,3.1679469517299106,234.0,2842,28.1
fixation,853664.7430000305,0.43163871467113496,0.3634110689163208,3.46031494140625,3.1890716552734375,83.0,2843,28.1
fixation,853781.4119999409,0.49112253297458996,0.35618373345245014,3.4539989124644888,3.1968439275568183,183.0,2844,28.1
fixation,853981.4159998894,0.5693074209349496,0.35312347220523016,3.488675798688616,3.158858163016183,233.0,2845,28.1
fixation,854248.0889999866,0.6327813443015603,0.3529745524420458,3.5077451818129597,3.2007948931525734,284.0,2846,28.1
fixation,854564.7569999695,0.7049131350857871,0.3500174528786114,3.5260107857840404,3.179791041782924,233.0,2847,28.1
fixation,854831.4309999943,0.7666854072700847,0.35115745799107984,3.5775201970880683,3.2038643576882104,183.0,2848,28.1
fixation,855031.4360001087,0.7848565354943275,0.3441925309598446,3.5871505737304688,3.188091278076172,66.0,2849,28.1
fixation,855198.1040000916,0.2286769409592335,0.4084489861359963,3.5094581017127404,3.2786724384014425,217.0,2850,28.1
fixation,855431.4419999123,0.21049715454379717,0.4227908030152321,3.5399653116861978,3.2757593790690103,100.0,2851,28.1
fixation,855581.4449999332,0.34588428383523767,0.41582016375931824,3.4977042458274146,3.240633877840909,183.0,2852,28.1
fixation,855798.117000103,0.4352386810562827,0.41995393146168103,3.4473197243430396,3.2062502774325283,184.0,2853,28.1
fixation,856014.7860000134,0.5251964893605974,0.4200473841693666,3.425840589735243,3.1363050672743054,150.0,2854,28.1
fixation,856198.1229999065,0.6862807192585685,0.40677326782183215,3.461178866299716,3.1125002774325283,184.0,2855,28.1
fixation,856414.7929999828,0.7832780361175538,0.408562046289444,3.4611770629882814,3.035960388183594,167.0,2856,28.1
fixation,856664.7969999313,0.2738227751106024,0.50180733948946,3.317342758178711,3.1211605072021484,133.0,2857,28.1
fixation,856831.4690001011,0.24067933559417726,0.5096682801842689,3.3446060180664063,3.1458343505859374,166.0,2858,28.1
fixation,857048.1370000839,0.37338584661483765,0.5129082873463631,3.3589096069335938,3.136251449584961,134.0,2859,28.1
fixation,857214.8080000877,0.44801588654518126,0.5172652304172516,3.344340515136719,3.1319961547851562,167.0,2860,28.1
fixation,857414.8099999428,0.5820154964923858,0.5085103526711464,3.407818603515625,3.147511291503906,167.0,2861,28.1
fixation,857614.8169999123,0.6638778865337371,0.5121505677700042,3.4291458129882812,3.1537109375,167.0,2862,28.1
fixation,857848.1549999714,0.7285875491797924,0.5098870508372784,3.4637298583984375,3.1332015991210938,134.0,2863,28.1
fixation,858014.8269999027,0.7910375893115997,0.5056886412203312,3.478923797607422,3.0838088989257812,67.0,2864,28.1
fixation,858164.8320000172,0.27992836261789006,0.6173616324861845,3.415490468343099,3.1317151387532554,200.0,2865,28.1
fixation,858398.1730000973,0.24064382301135498,0.6089224246415225,3.519327337091619,3.19464111328125,184.0,2866,28.1
fixation,858598.1779999733,0.3269451753451274,0.610706824522752,3.589085505558894,3.2500539926382213,217.0,2867,28.1
fixation,858848.1840000153,0.43566813617944716,0.6155275076627731,3.6399154663085938,3.273712158203125,167.0,2868,28.1
fixation,859048.1900000572,0.4986384307796305,0.5985559794035825,3.6643565784801138,3.2745916193181817,184.0,2869,28.1
fixation,859264.864000082,0.563356626778841,0.6038064509630203,3.6786022186279297,3.265378952026367,133.0,2870,28.1
fixation,859431.5269999504,0.6385861566433539,0.6024047846977527,3.7748506986177883,3.2916482778695912,216.0,2871,28.1
fixation,859681.5360000134,0.7186634892767126,0.5951565991748463,3.8239801580255683,3.3472969748757104,183.0,2872,28.1
fixation,859948.2170000076,0.4909615483548906,0.684564385149214,3.7180718315972223,3.3480699327256946,158.0,2873,28.1
fixation,860381.5559999943,0.5045580946736865,0.47267349229918587,3.6862250434027777,3.364040798611111,142.0,2874,NOTRIAL
fixation,860581.5699999332,0.6458382368087768,0.5089576229453087,3.687481689453125,3.3820404052734374,166.0,2875,NOTRIAL
fixation,860781.5710000992,0.6455772085623308,0.3203435364094647,3.791635686700994,3.4140181107954546,183.0,2876,NOTRIAL
fixation,860998.243999958,0.5500013437122107,0.3316345801576972,3.720829963684082,3.425673484802246,267.0,2877,NOTRIAL
fixation,861281.5899999142,0.49499231080214184,0.3229061469987587,3.700916431568287,3.4337067780671298,450.0,2878,NOTRIAL
fixation,861748.2650001049,0.47819461141313824,0.3274086798940386,3.7546866280691966,3.506593976702009,117.0,2879,NOTRIAL
fixation,861898.2650001049,0.4164506656428178,0.3216424571971099,3.7893638610839844,3.5379969278971353,200.0,2880,NOTRIAL
fixation,862131.6070001125,0.36217332099165234,0.31341649485485895,3.8140051705496654,3.590468270438058,233.0,2881,NOTRIAL
fixation,862398.2899999619,0.41924511960574556,0.32214902128492084,3.764116559709822,3.5508640834263394,125.0,2882,NOTRIAL
fixation,862664.9639999866,0.4262175053358078,0.32169496864080427,3.714152526855469,3.4546798706054687,159.0,2883,NOTRIAL
fixation,862864.9670000076,0.3695890659635717,0.2998484345999631,3.694693825461648,3.406186190518466,183.0,2884,NOTRIAL
fixation,863098.3039999008,0.3517013612915488,0.5015901756637237,3.539424223058364,3.265992108513327,284.0,2885,NOTRIAL
fixation,863414.9760000706,0.4440116435289383,0.5020196090141932,3.5879618326822915,3.3179601033528647,100.0,2886,NOTRIAL
fixation,863548.3139998913,0.50548330321908,0.4887994723394513,3.5926103591918945,3.319061279296875,267.0,2887,NOTRIAL
fixation,863831.6489999294,0.5062813950436456,0.4968133068510464,3.619551522391183,3.3412083217075894,233.0,2888,NOTRIAL
fixation,864114.989000082,0.6209084540605545,0.7214148975908756,3.7094268798828125,3.2880859375,133.0,2889,NOTRIAL
fixation,864264.993999958,0.6540754013939908,0.7499217242002487,3.717946504291735,3.3159408569335938,634.0,2890,NOTRIAL
fixation,864915.0050001144,0.666288385304009,0.7494708117915363,3.666552846024676,3.2461508774175876,1367.0,2891,NOTRIAL
fixation,866965.0429999828,0.5462738871574402,0.5781546622514725,3.58214111328125,3.2458511352539063,167.0,2892,NOTRIAL
fixation,867165.0480000973,0.5010793656110764,0.448767824606462,3.549796364524148,3.3536931818181817,184.0,2893,NOTRIAL
fixation,867398.384000063,0.49028776958584785,0.30792493000626564,3.6371746063232426,3.3358535766601562,133.0,2894,NOTRIAL
fixation,867798.3910000324,0.33942230471542906,0.5094270024980817,3.5832701183500744,3.3630857921781994,342.0,2895,NOTRIAL
fixation,868165.0659999847,0.35717346343924017,0.4981548606472857,3.5740203857421875,3.3578935510971966,567.0,2896,NOTRIAL
fixation,869165.0889999866,0.4380740618163889,0.5615753856572238,3.5985773259943183,3.345826582475142,176.0,2897,NOTRIAL
fixation,869381.7599999905,0.3984900452196598,0.48369427397847176,3.654315948486328,3.4402027130126953,133.0,2898,NOTRIAL
fixation,869548.4309999943,0.49299298922220863,0.49408917327721913,3.584495035807292,3.403577677408854,250.0,2899,NOTRIAL
fixation,869815.1040000916,0.5202653322901044,0.5003122410603932,3.5280750819614957,3.32928466796875,234.0,2900,NOTRIAL
fixation,870081.7739999294,0.4772433899343014,0.4304390698671341,3.547637939453125,3.398113250732422,133.0,2901,12
fixation,870281.7769999504,0.3910281490534544,0.9204393215477467,3.489683151245117,3.249582290649414,133.0,2902,12
fixation,870431.7790000439,0.37162144269262043,0.9114489768232618,3.4542759486607144,3.2118050711495534,117.0,2903,12
fixation,870581.7829999924,0.45174652636051177,0.9143615961074829,3.449748229980469,3.1687576293945314,167.0,2904,12
fixation,870781.7880001068,0.5197338283061981,0.9174592554569244,3.422503662109375,3.133941650390625,83.0,2905,12
fixation,870881.7880001068,0.5907584190368652,0.9017174422740937,3.441750081380208,3.1086385091145834,250.0,2906,12
fixation,871165.1270000935,0.5473248139023781,0.9172482155263424,3.415435791015625,3.1241817474365234,134.0,2907,12
fixation,871348.4670000076,0.5188264730183975,0.4737247565518255,3.3860546609629756,3.222845326299253,383.0,2908,12
fixation,871748.4739999771,0.5097056337528758,0.5008505168888304,3.364893595377604,3.194761488172743,300.0,2909,12
fixation,872065.1380000114,0.520770464288561,0.4287836943802081,3.389774121736225,3.206885488409745,634.0,2910,12
fixation,872731.8299999237,0.4579147040843964,0.457678697258234,3.323572540283203,3.1827629089355467,333.0,2911,12
fixation,873098.4990000725,0.6232911102912005,0.3882015102049884,3.4862697825712314,3.2065357881433822,283.0,2912,12
fixation,873415.1710000038,0.48355030587741304,0.4946057317512376,3.351098196847098,3.187443324497768,234.0,2913,FIX_CROS
fixation,873681.8420000076,0.39611278381198645,0.4142547659575939,3.4870786666870117,3.2583608627319336,267.0,2914,FIX_CROS
fixation,873965.1830000877,0.36107711406315074,0.4243442328537212,3.516391529756434,3.2716917150160847,284.0,2915,FIX_CROS
fixation,874465.1919999123,0.238874722804342,0.3580330014228821,3.562414986746652,3.262078421456473,109.0,2916,12.2
fixation,874598.5299999714,0.22011141208085147,0.3619968159632249,3.497862382368608,3.237448952414773,183.0,2917,12.2
fixation,874831.8650000095,0.3272515833377838,0.3753955900669098,3.418023681640625,3.1565841674804687,167.0,2918,12.2
fixation,875031.8680000305,0.41498798402872955,0.3832890486175364,3.366025057705966,3.1310175115411933,183.0,2919,12.2
fixation,875248.5399999619,0.4787661898881197,0.37890561670064926,3.32952880859375,3.1440486907958984,141.0,2920,12.2
fixation,875565.2130000591,0.5436218100435594,0.37873942273504596,3.3646258185891544,3.1302642822265625,276.0,2921,12.2
fixation,875881.8870000839,0.631514915398189,0.3680943644472531,3.3336399623325894,3.074826921735491,233.0,2922,12.2
fixation,876131.8940000534,0.6794861257076263,0.36704708337783815,3.3181976318359374,3.054364013671875,83.0,2923,12.2
fixation,876248.5599999428,0.7487613379955291,0.3683378706375758,3.3526621500651044,3.0649088541666667,250.0,2924,12.2
fixation,876531.8989999294,0.8203470749514443,0.3564595494951521,3.3849639892578125,3.030973161969866,117.0,2925,12.2
fixation,876731.9010000229,0.3084068223834038,0.4434260055422783,3.276031494140625,3.1310043334960938,67.0,2926,12.2
fixation,876831.9040000439,0.24090935620996687,0.46498993701404995,3.2828301323784723,3.1388041178385415,150.0,2927,12.2
fixation,876998.5729999542,0.21215798599379404,0.4628466974411692,3.3182710920061385,3.1425977434430803,233.0,2928,12.2
fixation,877265.243999958,0.29667317991455394,0.45965589458743733,3.2824312845865884,3.0796852111816406,200.0,2929,12.2
fixation,877498.5850000381,0.3667790456896737,0.4667336614358993,3.248053414481027,3.0544026692708335,350.0,2930,12.2
fixation,877881.9200000763,0.44700045099383906,0.4570004375357377,3.2011999832956413,3.03571921900699,317.0,2931,12.2
fixation,878215.2620000839,0.4826103977181695,0.4574920480901545,3.2175778475674717,3.040396950461648,184.0,2932,12.2
fixation,878415.2620000839,0.5368836844960848,0.45680376638968784,3.2604446411132812,3.0417188008626304,200.0,2933,12.2
fixation,878648.5980000496,0.6037241816520691,0.45702903824193136,3.307568141392299,3.0594351632254466,233.0,2934,12.2
fixation,878898.6029999256,0.6478608215556425,0.4572156159316792,3.335858513327206,3.063411039464614,283.0,2935,12.2
fixation,879198.6050000191,0.6716905996203423,0.4593678764998913,3.388349914550781,3.0857879638671877,333.0,2936,12.2
fixation,879565.2769999504,0.7315115240904001,0.4566476173125781,3.435276911808894,3.0939061091496396,217.0,2937,12.2
fixation,879815.2790000439,0.7855360020290721,0.44765055044130847,3.4383087158203125,3.0183590975674717,184.0,2938,12.2
fixation,880081.9509999752,0.2783545274287462,0.5546367280185223,3.283832550048828,3.0933666229248047,133.0,2939,12.2
fixation,880248.617000103,0.2180451624419378,0.5557165949240975,3.24835205078125,3.0348809283712637,383.0,2940,12.2
fixation,880648.6229999065,0.20163819789886475,0.5466118584076564,3.212188212076823,2.992998250325521,500.0,2941,12.2
fixation,881431.9690001011,0.329936112676348,0.5347608966486794,3.172845023018973,2.9143480573381697,109.0,2942,12.2
fixation,881581.9649999142,0.3752188632885615,0.538359112209744,3.129696316189236,2.89906989203559,150.0,2943,12.2
fixation,881765.3029999733,0.4339312430132519,0.5456350960514762,3.1132562810724433,2.929174943403764,367.0,2944,12.2
fixation,882165.3080000877,0.4946666782100995,0.5482217798630397,3.1874409993489583,3.0020228068033856,500.0,2945,12.2
fixation,882698.6489999294,0.5271587818861008,0.5491158664226532,3.248138427734375,3.0389328002929688,74.0,2946,12.2
fixation,882965.3210000992,0.5347109496593475,0.5425047889351845,3.3236427307128906,3.06839599609375,326.0,2947,12.2
fixation,883331.9930000305,0.5832300990819931,0.5410711884498596,3.31552734375,3.018049621582031,167.0,2948,12.2
fixation,883531.9949998856,0.660586029291153,0.5331098491495306,3.282784201882102,2.9771007191051138,184.0,2949,12.2
fixation,883748.6679999828,0.72185189809118,0.535289391875267,3.2659214564732144,2.98150634765625,233.0,2950,12.2
fixation,883998.6749999523,0.766978299075907,0.5386761426925659,3.2711126154119317,2.9700983220880683,183.0,2951,12.2
fixation,884198.6779999733,0.7973395254876878,0.535047752989663,3.27689446343316,2.9486202663845487,150.0,2952,12.2
fixation,884432.0160000324,0.2947264164686203,0.6230583588282267,3.1879908243815103,2.977386474609375,100.0,2953,12.2
fixation,884565.3519999981,0.230331570841372,0.6360532902181149,3.2266149520874023,3.0122976303100586,266.0,2954,12.2
fixation,884865.3570001125,0.31239544972777367,0.6315641105175018,3.2582715352376304,2.963489532470703,200.0,2955,12.2
fixation,885082.0230000019,0.3672828584909439,0.6305147856473923,3.2197525024414064,2.9303909301757813,167.0,2956,12.2
fixation,885282.0299999714,0.4333395946484346,0.6301474983875568,3.226513202373798,2.9515768197866588,217.0,2957,12.2
fixation,885515.3680000305,0.41434809379279613,0.6266336105763912,3.2274208068847656,2.9672164916992188,133.0,2958,12.2
fixation,885682.0399999619,0.5099904326101145,0.6170018638173739,3.220783233642578,2.937272389729818,200.0,2959,12.2
fixation,885915.375,0.6273760125041008,0.621111216644446,3.2697830200195312,2.953192392985026,200.0,2960,12.2
fixation,886148.7139999866,0.6691204143895043,0.6248880061838362,3.2869330512152777,2.968076917860243,150.0,2961,12.2
fixation,886315.384000063,0.6938045748642513,0.6307975053787231,3.3025033133370534,2.9596710205078125,116.0,2962,12.2
fixation,886465.3849999905,0.7654379620438531,0.6288811167081197,3.3266725086030506,2.9940258207775297,350.0,2963,12.2
fixation,886865.3940000534,0.633482623558778,0.37090978714135975,3.3563748873197117,3.101202157827524,216.0,2964,NOTRIAL
fixation,887098.7290000916,0.6366071683519027,0.2924497688517851,3.405513090245864,3.1248842127182903,283.0,2965,NOTRIAL
fixation,887415.4010000229,0.580639660358429,0.3085206851363182,3.4611785888671873,3.2590042114257813,166.0,2966,NOTRIAL
fixation,887598.7369999886,0.5630658786086475,0.3150176383993205,3.4885702694163605,3.2343242869657627,567.0,2967,NOTRIAL
fixation,888215.4159998894,0.6471175986986893,0.5384987821945777,3.3894547682542067,3.171434842623197,216.0,2968,NOTRIAL
fixation,888448.7520000935,0.6297711059451103,0.5246409266255796,3.406792640686035,3.2171239852905273,533.0,2969,NOTRIAL
fixation,889032.0929999352,0.6500089705829889,0.7187095330634587,3.543761777206206,3.1938616255639305,1184.0,2970,NOTRIAL
fixation,890232.114000082,0.6636648807260725,0.7238307462798225,3.6530253092447915,3.3000386555989585,150.0,2971,NOTRIAL
fixation,890448.7829999924,0.5841553509235382,0.4147368023792903,3.659876505533854,3.4447869194878473,150.0,2972,FIX_CROS
fixation,890632.1210000515,0.5114394386609395,0.48704827328523,3.6307220458984375,3.36226806640625,250.0,2973,FIX_CROS
fixation,891115.4600000381,0.4229968711733818,0.4282403054336707,3.6080284118652344,3.367894490559896,192.0,2974,FIX_CROS
fixation,891348.7980000973,0.3628593360384305,0.43347617114583653,3.5254185994466147,3.3009045918782554,200.0,2975,12.1
fixation,891598.8039999008,0.2781908869743347,0.4983311504125595,3.4329132080078124,3.2191146850585937,167.0,2976,12.1
fixation,891782.1380000114,0.33102938532829285,0.5057711280309237,3.400684063251202,3.2188791128305287,217.0,2977,12.1
fixation,892032.14199996,0.4179479658603668,0.5021358758211136,3.4082794189453125,3.1987701416015626,167.0,2978,12.1
fixation,892232.1459999084,0.49063573877016703,0.5000084429979325,3.392059326171875,3.1658966064453127,250.0,2979,12.1
fixation,892582.1510000229,0.5972416492608877,0.5159271978414975,3.477617703951322,3.2683128943810096,217.0,2980,12.1
fixation,892832.1549999714,0.6624124850097456,0.510494412560212,3.5524139404296875,3.3180477744654606,317.0,2981,12.1
fixation,893165.4949998856,0.7056574106216431,0.508041436970234,3.596533203125,3.297352600097656,166.0,2982,12.1
fixation,893365.4960000515,0.7363519711153848,0.5083789548703602,3.6005052839006697,3.274843488420759,116.0,2983,12.1
fixation,893498.8340001106,0.7453495952345076,0.5142243626926627,3.602036612374442,3.266557421003069,1400.0,2984,12.1
fixation,894915.5269999504,0.7297033297604528,0.5154860507825325,3.495997461779364,3.1557464599609375,483.0,2985,12.1
fixation,895432.2049999237,0.6371784299612046,0.3820673733949661,3.498646545410156,3.1898101806640624,167.0,2986,NOTRIAL
fixation,895615.5360000134,0.6338737316821751,0.3104523702671653,3.544510690789474,3.177003960860403,633.0,2987,NOTRIAL
fixation,896282.2209999561,0.5703552883863449,0.317242748439312,3.483280029296875,3.14118408203125,834.0,2988,NOTRIAL
fixation,897132.236000061,0.5685795112963645,0.3162091350363147,3.5333783549647175,3.165623326455393,517.0,2989,NOTRIAL
fixation,897682.2449998856,0.5792513968128907,0.480653225983444,3.4656990452816614,3.190179523668791,634.0,2990,NOTRIAL
fixation,898332.2539999485,0.5858723932788485,0.518114943589483,3.498017810639881,3.176143101283482,350.0,2991,NOTRIAL
fixation,898715.5959999561,0.6647526112998404,0.7448351128799159,3.535628528129764,3.1027928794302593,691.0,2992,NOTRIAL
fixation,900173.9430000782,0.6181202630201975,0.7775393823782603,3.5567389594184027,3.183780246310764,150.0,2993,NOTRIAL
fixation,900357.2839999199,0.6648877079670246,0.736469892355112,3.6093726524939904,3.1592806302584133,217.0,2994,NOTRIAL
fixation,900623.9530000687,0.5670078128576279,0.3093857079744339,3.589707946777344,3.2340164184570312,167.0,2995,NOTRIAL
fixation,900807.2890000343,0.6282454058527946,0.3274652572969596,3.559546152750651,3.1994145711263022,200.0,2996,NOTRIAL
fixation,901040.6300001144,0.6438031074675646,0.47288757494904776,3.5627316561612217,3.2929337241432886,733.0,2997,NOTRIAL
fixation,901790.6349999905,0.6547783065486599,0.4970925059672949,3.647481969884924,3.3286924619932434,616.0,2998,NOTRIAL
fixation,902440.6429998875,0.6647558149538542,0.3260301798582077,3.6266069914165295,3.264206735711349,316.0,2999,NOTRIAL
fixation,902807.3139998913,0.6465288867121157,0.5051174124945765,3.5711344843325405,3.236014988111413,384.0,3000,NOTRIAL
fixation,903207.3239998817,0.6569552031847147,0.5295208692550659,3.6029293353740988,3.238788311298077,434.0,3001,NOTRIAL
fixation,903674.0,0.5305649091800054,0.7518742001718945,3.55067867702908,3.1040386623806424,300.0,3002,NOTRIAL
fixation,904374.010999918,0.5601943896876441,0.5101265708605448,3.559517754448785,3.2519649929470487,142.0,3003,NOTRIAL
fixation,904557.3480000496,0.5164300022380692,0.5096902740853173,3.5380635942731584,3.213392530168806,466.0,3004,NOTRIAL
fixation,905057.3570001125,0.47781855463981626,0.4077096074819565,3.4785308837890625,3.2077545166015624,83.0,3005,25
fixation,905190.6970000267,0.3853697395986981,0.8994535969363319,3.3655853271484375,3.0027652316623263,150.0,3006,25
fixation,905374.0329999924,0.3401724770665169,0.9010186245044073,3.2932205200195312,2.951176961263021,200.0,3007,25
fixation,905607.3699998856,0.43927335300866294,0.899477045325672,3.326054292566636,2.947396671070772,283.0,3008,25
fixation,905907.3759999275,0.47734958068891004,0.9010697169737383,3.354157881303267,2.964875654740767,183.0,3009,25
fixation,906107.3789999485,0.5105802694504912,0.8992601064118472,3.395928816361861,2.9836980646306817,366.0,3010,25
fixation,906490.7190001011,0.567534891543565,0.8934491773446401,3.394743177625868,2.975833468967014,450.0,3011,25
fixation,906974.0610001087,0.6628095269203186,0.8927703678607941,3.3561935424804688,2.9477386474609375,167.0,3012,25
fixation,907157.3980000019,0.6430428981781006,0.8956288039684296,3.327412109375,2.9292950439453125,416.0,3013,25
fixation,907624.0710000992,0.5290295520554418,0.5593221174634021,3.243061231530231,2.977969625721807,384.0,3014,25
fixation,908057.4089999199,0.5030160905683742,0.6086027779999901,3.113524493049173,2.8350112017463234,283.0,3015,25
fixation,908374.0810000896,0.4816728423942219,0.5432149171829224,3.0460329922762783,2.840848055752841,184.0,3016,25
fixation,908590.7490000725,0.5235941193320535,0.4211951607104504,3.0798178008108428,2.7888872551195547,550.0,3017,25
fixation,909174.0910000801,0.5327167756417218,0.5894373655319214,3.0284181482651653,2.7374653535730697,284.0,3018,25
fixation,909490.760999918,0.5130147408036625,0.6376040192211375,3.131002089556526,2.8112299302045036,283.0,3019,25
fixation,909824.0989999771,0.5729552885660758,0.5110865435921229,3.155180124136118,2.8799373920147238,434.0,3020,25
fixation,910274.1010000706,0.5592572152614593,0.5113796671231587,3.1431538899739584,2.9180196126302085,250.0,3021,25
fixation,910557.4400000572,0.5781922582536936,0.46586562879383564,3.165802001953125,2.9039878845214844,266.0,3022,25
fixation,910857.4449999332,0.591133161502726,0.5326785191017038,3.1819045122931984,2.9285224465762867,283.0,3023,25
fixation,911190.7809998989,0.47518284420172374,0.6175857265790303,3.176580301920573,2.8561620076497394,500.0,3024,25
fixation,911707.4539999962,0.4537999805282144,0.6463148523779476,3.050528133616728,2.774781171013327,283.0,3025,25
fixation,912024.1240000725,0.4986747403939565,0.6670725762844085,3.026772054036458,2.72054443359375,250.0,3026,25
fixation,912307.4630000591,0.5140387088060379,0.638902148604393,3.014485168457031,2.7368537902832033,333.0,3027,25
fixation,912657.4649999142,0.5475008428096771,0.6682249267896017,3.0576273600260415,2.7327260335286456,250.0,3028,25
fixation,912957.4709999561,0.5769077975016373,0.5450169214835534,3.128484872671274,2.8452535775991588,216.0,3029,25
fixation,913190.8099999428,0.54987589456141,0.5513830166310072,3.1189146041870117,2.8625144958496094,267.0,3030,25
fixation,913507.4809999466,0.5607930704167015,0.49256391588010284,3.1037019428453947,2.861642937911184,316.0,3031,25
fixation,913857.486000061,0.5768354859041132,0.46126686943613965,3.087458071501359,2.828280905018682,383.0,3032,25
fixation,914274.1619999409,0.5159679740667343,0.43408493314470564,3.1488538469587053,2.9066026960100446,584.0,3033,25
fixation,914890.8410000801,0.477530103463393,0.5258510456635401,3.1529987041766825,2.933714646559495,217.0,3034,25
fixation,915124.1760001183,0.4767876157294149,0.48954474148542987,3.116256050441576,2.8969222359035327,384.0,3035,25
fixation,915524.1840000153,0.4853416694836183,0.45956522903659125,3.0152143998579546,2.787191217595881,184.0,3036,25
fixation,915740.8540000916,0.4792344835789307,0.5693069139252538,2.9348330290421196,2.726354184358016,383.0,3037,25
fixation,916140.861000061,0.4602610096335411,0.6143484210426157,2.926823702725497,2.6985404274680396,367.0,3038,25
fixation,916524.2019999027,0.44519918208772485,0.6288310777057301,2.913522893732244,2.7001287286931817,184.0,3039,25
fixation,916740.8710000515,0.5012515978735002,0.5451142641364551,2.955262981477331,2.783690905961834,1017.0,3040,25
fixation,917774.2230000496,0.4775814465605296,0.5089178973665605,3.1291333712064304,2.9391409067007213,434.0,3041,25
fixation,918240.8910000324,0.4520597590340508,0.5795450243684981,3.092105441623264,2.8154703776041665,150.0,3042,25
fixation,918424.2230000496,0.5046133265683526,0.6658194802309337,3.136684216951069,2.8211774324115955,317.0,3043,25
fixation,918757.5590000153,0.5238493672188591,0.6328463168705211,3.208553538602941,2.8812973920036766,283.0,3044,25
fixation,919074.2290000916,0.5711377163728079,0.5321213603019714,3.2417755126953125,2.968965318467882,150.0,3045,25
fixation,919324.2279999256,0.518579724431038,0.4107254549860954,3.31964111328125,3.0774490356445314,167.0,3046,FIX_CROS
fixation,919524.2309999466,0.510680518216557,0.5171825728482671,3.3516243828667536,3.1209759182400174,308.0,3047,FIX_CROS
fixation,919974.2320001125,0.4791027362409391,0.4913111846697958,3.510298879523026,3.2422686125102795,309.0,3048,FIX_CROS
fixation,920307.5690000057,0.4585850954055786,0.49597076773643495,,3.2548126220703124,83.0,3049,25.1
fixation,920407.5699999332,0.43400679901242256,0.4560318551957607,3.5174102783203125,3.269519805908203,66.0,3050,25.1
fixation,920590.9040000439,0.26342396562298137,0.2765069504578908,3.5191853841145835,3.3139623006184897,100.0,3051,25.1
fixation,920724.2349998951,0.231519487287317,0.24920298638088362,3.4563184465680803,3.1449879237583707,234.0,3052,25.1
fixation,920990.9019999504,0.30994485020637513,0.2831296518445015,3.4554595947265625,3.204620361328125,167.0,3053,25.1
fixation,921190.9019999504,0.3798662709693114,0.2897459703187148,3.457726796468099,3.203216552734375,200.0,3054,25.1
fixation,921724.239000082,0.5217479947540495,0.2857384747929043,3.495420667860243,3.28066168891059,142.0,3055,25.1
fixation,921907.5669999123,0.5573825573219973,0.27897702245151296,3.485943962545956,3.2509182200712314,283.0,3056,25.1
fixation,922207.5729999542,0.534196118513743,0.2910441673464245,3.4150543212890625,3.212821112738715,150.0,3057,25.1
fixation,922390.9070000648,0.6099273562431335,0.27179871838201175,3.3823977383700283,3.187082464044744,183.0,3058,25.1
fixation,922607.5759999752,0.6681723594665527,0.26560505208644,3.3940693248401987,3.210622614080256,183.0,3059,25.1
fixation,922824.243999958,0.7222861895958582,0.2636244247357051,3.434441884358724,3.1927757263183594,200.0,3060,25.1
fixation,923057.5739998817,0.7691539951733181,0.2652724140456745,3.4810900006975447,3.1844395228794644,233.0,3061,25.1
fixation,923374.243999958,0.23349086609151629,0.32364240454302895,3.444886949327257,3.31258307562934,150.0,3062,25.1
fixation,923540.9210000038,0.20193394326737948,0.33361802782331196,3.499828883579799,3.305647713797433,233.0,3063,25.1
fixation,923807.5940001011,0.30282712899721587,0.3518282725260808,3.5244844876802883,3.2870624248798075,224.0,3064,25.1
fixation,924240.9340000153,0.4008070064915551,0.3431069801251094,3.5273607042100696,3.262569851345486,142.0,3065,25.1
fixation,924407.6029999256,0.38669927914937335,0.3397396090957854,3.48323737250434,3.2207794189453125,158.0,3066,25.1
fixation,924807.6059999466,0.4862285405397415,0.3384477436542511,3.408087158203125,3.130767822265625,75.0,3067,25.1
fixation,924907.6119999886,0.4737510718405247,0.3305605426430702,3.4122352600097656,3.1325950622558594,66.0,3068,25.1
fixation,925007.611000061,0.5303580164909363,0.3229390762069009,3.424868496981534,3.130128340287642,183.0,3069,25.1
fixation,925207.615999937,0.5761800514800208,0.3249241943870272,3.370326450892857,3.061224801199777,233.0,3070,25.1
fixation,925457.6210000515,0.6420727697285739,0.31642625684087927,3.367667458274148,3.046377008611506,183.0,3071,25.1
fixation,925707.6150000095,0.6970777246687148,0.3241243213415146,3.425264146592882,3.1071607801649304,150.0,3072,25.1
fixation,925907.6199998856,0.7635197405304227,0.32757873088121414,3.4692698887416293,3.1055199759347096,233.0,3073,25.1
fixation,926224.2899999619,0.2239490444106715,0.40735780128410887,3.3579439435686385,3.217775617327009,234.0,3074,25.1
fixation,926490.9690001011,0.30147208979255274,0.4295093503437544,3.386269820363898,3.1888178775185034,317.0,3075,25.1
fixation,926840.9779999256,0.37534915407498676,0.42920073568820954,3.373188273111979,3.185124715169271,250.0,3076,25.1
fixation,927124.3069999218,0.444220170378685,0.42595121837579286,3.354656512920673,3.150647676908053,217.0,3077,25.1
fixation,927374.3190000057,0.4993659909814596,0.4250994436442852,3.334291458129883,3.113422393798828,134.0,3078,25.1
fixation,927557.6549999714,0.589684933423996,0.42082658410072327,3.308074951171875,3.050950368245443,200.0,3079,25.1
fixation,927774.3180000782,0.6502663681904475,0.4219366729259491,3.3166773478190104,3.0508107503255206,501.0,3080,25.1
fixation,928291.0,0.6269320944945017,0.4241443872451782,3.3535308837890625,3.0893707275390625,150.0,3081,25.1
fixation,928474.3359999657,0.7028323090993441,0.4324244696360368,3.416833730844351,3.106061495267428,216.0,3082,25.1
fixation,928724.3410000801,0.7565709557384253,0.42061046976596117,3.3903799057006836,3.090144157409668,266.0,3083,25.1
fixation,929007.6789999008,0.7966123521327972,0.41324136406183243,3.3482157389322915,3.0250269571940103,100.0,3084,25.1
fixation,929207.6760001183,0.24579903949052095,0.5091179385781288,3.234701156616211,3.1087646484375,133.0,3085,25.1
fixation,929357.6760001183,0.2070771368110881,0.5194055367918575,3.2934031767003678,3.118809419519761,283.0,3086,25.1
fixation,929674.3570001125,0.3441970828506682,0.501255613234308,3.309048122829861,3.069244384765625,150.0,3087,25.1
fixation,929974.3629999161,0.39371080806961767,0.5181024979662012,3.2728294089988426,3.068027072482639,450.0,3088,25.1
fixation,930457.7049999237,0.4635384976863861,0.5139937034020057,3.2886387751652646,3.05520747258113,217.0,3089,25.1
fixation,930724.375,0.5429203456098383,0.5158001780509949,3.3175770152698862,3.042824485085227,183.0,3090,25.1
fixation,930941.0450000763,0.6093318653958184,0.5145260053021568,3.3176095145089284,3.009594508579799,234.0,3091,25.1
fixation,931207.7179999352,0.6872173203871801,0.5154603719711304,3.315770075871394,2.9813561072716346,217.0,3092,25.1
fixation,931457.7209999561,0.7499913041080747,0.5128945665700095,3.3295789446149553,3.000777108328683,233.0,3093,25.1
fixation,931707.7279999256,0.7923053834173415,0.5068205114867952,3.3503570556640625,2.979924519856771,150.0,3094,25.1
fixation,931991.0569999218,0.26089895392457646,0.6187927474578222,3.2535196940104165,3.0244140625,100.0,3095,25.1
fixation,932124.3929998875,0.21274087925752003,0.6081858019034068,3.2359161376953125,2.9798655192057293,250.0,3096,25.1
fixation,932407.7379999161,0.29248641928037006,0.6005537286400795,3.206841786702474,2.9143142700195312,200.0,3097,25.1
fixation,932624.4110000134,0.3541635936126113,0.5971148815006018,3.208833694458008,2.906808853149414,266.0,3098,25.1
fixation,932907.7460000515,0.3943643793463707,0.5902225325504938,3.2261276245117188,2.9260177612304688,300.0,3099,25.1
fixation,933224.4189999104,0.4406349776933591,0.5953276194632053,3.2620201110839844,2.946132024129232,400.0,3100,25.1
fixation,933924.4300000668,0.4816750347614288,0.5725529491901398,3.296026611328125,2.983648681640625,75.0,3101,25.1
fixation,934041.1010000706,0.5189357250928879,0.5709384842352434,3.284262917258523,2.9478343616832388,184.0,3102,25.1
fixation,934257.7690000534,0.620836601807521,0.5822091148449824,3.212157029371995,2.8747488168569713,217.0,3103,25.1
fixation,934507.7750000954,0.6646151410208808,0.5846172604295943,3.176608615451389,2.9107852511935763,150.0,3104,25.1
fixation,934691.1099998951,0.7315912407178146,0.5911053946385016,3.221070509690505,2.917750431941106,217.0,3105,25.1
fixation,934924.4479999542,0.7531531386905246,0.5871621833907233,3.216551038953993,2.897801717122396,150.0,3106,25.1
fixation,935107.7839999199,0.7988512307405472,0.5844377368688584,3.24539794921875,2.8593475341796877,167.0,3107,25.1
fixation,935357.7850000858,0.2724779527634382,0.6724978089332581,3.2056751251220703,2.9688148498535156,133.0,3108,25.1
fixation,935507.7920000553,0.20598383247852325,0.6874919100241228,3.264107444069602,2.9732430197975854,183.0,3109,25.1
fixation,935707.7920000553,0.18685991363599896,0.6842971760779619,3.2884387969970703,3.020541191101074,267.0,3110,25.1
fixation,935991.1300001144,0.23508454635739326,0.6836918860673904,3.306756591796875,3.0153472900390623,167.0,3111,25.1
fixation,936191.134000063,0.2676776813136207,0.6831943955686357,3.3569268120659723,3.0323418511284723,150.0,3112,25.1
fixation,936374.4700000286,0.3433097813810621,0.6844183504581451,3.3777662004743303,3.0512542724609375,116.0,3113,25.1
fixation,936507.8069999218,0.4275207141271004,0.674885284442168,3.392896212064303,3.010113055889423,217.0,3114,25.1
fixation,936757.8099999428,0.5236661502948174,0.6807248317278348,3.419897226186899,3.0040975717397838,217.0,3115,25.1
fixation,937007.8139998913,0.6284401416778564,0.6774091766430781,3.449384249173678,3.0304764967698317,217.0,3116,25.1
fixation,937241.1519999504,0.6755324353774389,0.6779385060071945,3.4426701863606772,3.0384623209635415,108.0,3117,25.1
fixation,937524.490999937,0.7220369047588773,0.6611283355289035,3.413114759657118,3.05574713812934,142.0,3118,25.1
fixation,937691.1589999199,0.7654329299926758,0.6605656951665878,3.4232528686523436,3.0283737182617188,334.0,3119,25.1
fixation,938041.1619999409,0.8017088025808334,0.6686082243919372,3.4513839721679687,3.05491943359375,167.0,3120,25.1
fixation,938291.1679999828,0.36662972904741764,0.7709873206913471,3.3783721923828125,3.074735641479492,134.0,3121,25.1
fixation,938441.1679999828,0.3040536619149722,0.7791268871380732,3.455524738018329,3.124521695650541,434.0,3122,25.1
fixation,938907.8410000801,0.41306717693805695,0.7731922919099982,3.435243086381392,3.0466475053267046,183.0,3123,25.1
fixation,939124.510999918,0.4723950192332268,0.7701593577861786,3.4387115478515624,3.0087249755859373,166.0,3124,25.1
fixation,939307.8459999561,0.5483467690646648,0.7820533476769924,3.495708465576172,3.084075927734375,267.0,3125,25.1
fixation,939607.8510000706,0.6344669325785204,0.7790280092846263,3.5497797185724433,3.161826393821023,183.0,3126,25.1
fixation,939807.8570001125,0.6826820731163025,0.7771381755669912,3.5690205891927085,3.158905029296875,250.0,3127,NOTRIAL
fixation,940107.8589999676,0.5348689203912561,0.3513648970560594,3.552493008700284,3.281699440696023,183.0,3128,NOTRIAL
fixation,940341.1960000992,0.6337452054023742,0.31091951926549277,3.608323160807292,3.2529266357421873,250.0,3129,NOTRIAL
fixation,940624.5320000648,0.5525278002023697,0.30718404551347095,3.6069208780924478,3.2989959716796875,100.0,3130,NOTRIAL
fixation,940741.1940000057,0.5312469340860844,0.23240572152038416,3.634354909261068,3.3440450032552085,400.0,3131,NOTRIAL
fixation,941174.5399999619,0.568898169696331,0.3043505534529686,3.669096755981445,3.3598976135253906,666.0,3132,NOTRIAL
fixation,941874.5510001183,0.6488440871238709,0.5370136121908824,3.744609578450521,3.3250691731770834,250.0,3133,NOTRIAL
fixation,942141.2209999561,0.6375772999599576,0.517710539046675,3.7619242668151855,3.343458652496338,534.0,3134,NOTRIAL
fixation,942707.8970000744,0.6458916068077087,0.6412163116037846,3.7263851165771484,3.2930049896240234,400.0,3135,NOTRIAL
fixation,943174.5659999847,0.3595249486111459,0.5124240616957346,3.7389094034830728,3.410928272065662,700.0,3136,NOTRIAL
fixation,943924.5820000172,0.49619852786972407,0.49532914019766305,3.7180728004092263,3.4237060546875,358.0,3137,FIX_CROS
fixation,944441.2539999485,0.49741795907417935,0.49675672004620236,3.7000948588053384,3.4188804626464844,192.0,3138,FIX_CROS
fixation,944657.9260001183,0.4952358100563288,0.4969612769782543,3.620525360107422,3.3605098724365234,133.0,3139,FIX_CROS
fixation,944807.9279999733,0.4922792861859004,0.5069879492123922,3.5659815470377603,3.308832804361979,100.0,3140,25.2
fixation,945057.9340000153,0.23942392892562425,0.2902550215904529,3.4747772216796875,3.277897761418269,217.0,3141,25.2
fixation,945291.2730000019,0.21389866899698973,0.2839778643101454,3.4263057708740234,3.2164955139160156,134.0,3142,25.2
fixation,945457.9409999847,0.3223633820360357,0.31774910471656104,3.476321133700284,3.2198042436079546,183.0,3143,25.2
fixation,945674.6089999676,0.37853057411583985,0.31885633956302295,3.4641848477450283,3.221231633966619,183.0,3144,25.2
fixation,945874.614000082,0.36424538493156433,0.3197073092063268,3.4623209635416665,3.2046178181966147,100.0,3145,25.2
fixation,946007.9479999542,0.4422160729765892,0.2888017036020756,3.493482971191406,3.09241943359375,167.0,3146,25.2
fixation,946207.9539999962,0.4810257688164711,0.3193571239709854,3.5061264038085938,3.20830078125,167.0,3147,25.2
fixation,946407.9560000896,0.5435774624347687,0.31977431069720874,3.4970592151988638,3.196164217862216,183.0,3148,25.2
fixation,946624.6259999275,0.6184051839204935,0.3154526650905609,3.4858562762920675,3.1686906080979567,216.0,3149,25.2
fixation,946874.6289999485,0.6723887589242723,0.3151146819194158,3.4820115831163196,3.15848626030816,150.0,3150,25.2
fixation,947057.9649999142,0.7400667145848274,0.3116842346886794,3.497389475504557,3.140944163004557,200.0,3151,25.2
fixation,947274.6380000114,0.7824294886418751,0.3087406190378325,3.492171151297433,3.1101106916155135,233.0,3152,25.2
fixation,947524.638999939,0.8114586062729359,0.31011442840099335,3.5085220336914062,3.0989742279052734,133.0,3153,25.2
fixation,947757.9730000496,0.24035188779234887,0.4022189661860466,3.4094024658203126,3.2030044555664063,167.0,3154,25.2
fixation,947941.3129999638,0.20005092243937886,0.4020141652401756,3.421731387867647,3.1550275017233456,284.0,3155,25.2
fixation,948257.9849998951,0.2885119490898572,0.4028880779559796,3.374181894155649,3.092424832857572,217.0,3156,25.2
fixation,948491.3139998913,0.30844415972630185,0.40045419583717984,3.3503952026367188,3.1035054524739585,100.0,3157,25.2
fixation,948607.9849998951,0.3734785250642083,0.39870898154648865,3.370242032137784,3.108553799715909,183.0,3158,25.2
fixation,948824.6619999409,0.43439478799700737,0.39334701746702194,3.3471336364746094,3.1082191467285156,74.0,3159,25.2
fixation,949074.6679999828,0.4939892925322056,0.3829277828335762,3.330585479736328,3.0514739990234374,325.0,3160,25.2
fixation,949441.3389999866,0.5563356990997608,0.38441919363462007,3.2515164888822117,2.9258657602163463,216.0,3161,25.2
fixation,949674.6700000763,0.6047731881791895,0.3805875304070386,3.2422069202769888,2.9037128795276987,183.0,3162,25.2
fixation,949891.3410000801,0.6811725124716759,0.3786623229583104,3.230579376220703,2.9222793579101562,200.0,3163,25.2
fixation,950124.6809999943,0.7673077176917683,0.3699523454362696,3.2912653142755683,2.9312189275568183,183.0,3164,25.2
fixation,950341.35800004,0.8051155209541321,0.36342603713274,3.312774658203125,2.90899658203125,66.0,3165,25.2
fixation,950508.0199999809,0.22134865882496038,0.48138971750934917,3.2419052124023438,3.0285046895345054,200.0,3166,25.2
fixation,950724.6900000572,0.19418572228063236,0.467981908809055,3.2388860529119317,3.0081551291725854,183.0,3167,25.2
fixation,950924.6989998817,0.21079323142766954,0.4621602952480316,3.237774658203125,2.99234619140625,83.0,3168,25.2
fixation,951041.3619999886,0.2514439091086388,0.47010592818260194,3.2193832397460938,2.9676559448242186,166.0,3169,25.2
fixation,951241.375,0.3080271975352214,0.4678376466035843,3.200708242563101,2.9363931509164662,216.0,3170,25.2
fixation,951474.7070000172,0.3579946234822273,0.4741995238832065,3.2151151384626115,2.975905282156808,233.0,3171,25.2
fixation,951741.3759999275,0.431898757815361,0.48323000832037494,3.3077864213423296,3.0776297829367896,183.0,3172,25.2
fixation,951958.0499999523,0.5118415585973046,0.4693024334582416,3.351523659446023,3.099173805930398,184.0,3173,25.2
fixation,952158.0510001183,0.5577403865754604,0.46681414544582367,3.375030517578125,3.0989246368408203,134.0,3174,25.2
fixation,952308.0499999523,0.6075318853060404,0.4677625182602141,3.3915913899739585,3.1029459635416665,150.0,3175,25.2
fixation,952491.39199996,0.6756327070973136,0.47233337434855377,3.4333135431463067,3.0800892223011362,183.0,3176,25.2
fixation,952708.0580000877,0.7393766224384308,0.4750167965888977,3.443817138671875,3.052325439453125,167.0,3177,25.2
fixation,952908.0680000782,0.8012009523808956,0.4645041022449732,3.422616958618164,2.9894676208496094,134.0,3178,25.2
fixation,953124.7349998951,0.25189828127622604,0.5522017313374413,3.2677815755208335,3.038760715060764,150.0,3179,25.2
fixation,953291.4040000439,0.2113019973039627,0.5629530061375011,3.2638411088423296,3.0344113436612217,183.0,3180,25.2
fixation,953524.742000103,0.30178502879359503,0.5622642636299133,3.2646914395419033,2.975241921164773,183.0,3181,25.2
fixation,953741.4110000134,0.3797742234809058,0.5591868332454136,3.212644304547991,2.945643833705357,124.0,3182,25.2
fixation,954041.4149999619,0.4203101217746735,0.5387833535671234,3.191693115234375,2.9558807373046876,75.0,3183,25.2
fixation,954141.4189999104,0.48799604312940076,0.5433047820221294,3.2104547674005683,2.947848233309659,183.0,3184,25.2
fixation,954358.0889999866,0.583510526588985,0.5407962117876325,3.200178963797433,2.9394018990652904,234.0,3185,25.2
fixation,954608.0899999142,0.6358439803123475,0.5436425685882569,3.2290252685546874,2.947119140625,84.0,3186,25.2
fixation,954724.757999897,0.6853289333256808,0.5482556088404222,3.2320126620205967,2.9481686678799717,183.0,3187,25.2
fixation,954941.4309999943,0.7551846086978913,0.5480700969696045,3.272142028808594,2.972279357910156,166.0,3188,25.2
fixation,955324.7709999084,0.2541271045804024,0.6406893134117126,3.2327880859375,2.959075927734375,83.0,3189,25.2
fixation,955441.4389998913,0.20063677181800207,0.6567760730783144,3.2441698710123696,2.9898147583007812,200.0,3190,25.2
fixation,955658.111000061,0.23714188439771533,0.6372619215399027,3.2914552688598633,2.9896841049194336,267.0,3191,25.2
fixation,955958.1150000095,0.2930612087249756,0.6377071499824524,3.33095703125,2.9769577026367187,167.0,3192,25.2
fixation,956158.1150000095,0.3817108981311321,0.6435947020848592,3.3521931966145835,2.9699834187825522,200.0,3193,25.2
fixation,956391.4549999237,0.49177645959637384,0.6363766328854994,3.360108809037642,2.9746953790838067,183.0,3194,25.2
fixation,956624.7920000553,0.6167579531669617,0.6371714353561402,3.4274993896484376,2.991412353515625,83.0,3195,25.2
fixation,956724.7939999104,0.6773728281259537,0.6416282691061497,3.461061477661133,3.012805938720703,133.0,3196,25.2
fixation,956891.4709999561,0.749870549548756,0.6421314911408857,3.4538435502485796,3.0319893576882104,183.0,3197,25.2
fixation,957108.1400001049,0.8000868260860443,0.6375125169754028,3.4482330322265624,3.0039031982421873,84.0,3198,25.2
fixation,957258.1349999905,0.31233101586500805,0.7330025384823481,3.356053670247396,3.04376220703125,100.0,3199,25.2
fixation,957374.8029999733,0.2572117461822927,0.7401763871312141,3.3770647048950195,3.060628890991211,267.0,3200,25.2
fixation,957658.1500000954,0.3255444385788657,0.7387400946833871,3.4039473100142046,3.0416800759055396,184.0,3201,25.2
fixation,957874.8210000992,0.4001650295474313,0.7364231727340005,3.376620205965909,3.009389703924006,183.0,3202,25.2
fixation,958108.1570000648,0.5378339107219989,0.7295260085509374,3.39029048039363,3.00665283203125,217.0,3203,25.2
fixation,958358.1540000439,0.6152704584598542,0.7310005402565003,3.442369384765625,3.044114990234375,417.0,3204,25.2
fixation,958824.8320000172,0.49777065004621235,0.3469546969447817,3.455049787248884,3.1641366141183034,117.0,3205,NOTRIAL
fixation,958974.8420000076,0.3621036091021129,0.36190233698913027,3.442446027483259,3.126652308872768,117.0,3206,NOTRIAL
fixation,959108.1779999733,0.3542205970734358,0.31141668061415356,3.482985814412435,3.177776336669922,400.0,3207,NOTRIAL
fixation,959524.8540000916,0.37438575862621776,0.3126558877375661,3.5192734076052297,3.234964487503986,817.0,3208,NOTRIAL
fixation,960374.864000082,0.4252542323536343,0.32031356791655224,3.51959228515625,3.2462276882595487,300.0,3209,NOTRIAL
fixation,960691.5490000248,0.3620160381708826,0.31805028659956797,3.5446548461914062,3.2807421003069197,233.0,3210,NOTRIAL
fixation,960958.2119998932,0.34666273556649685,0.554129108786583,3.4495010375976562,3.160306930541992,134.0,3211,NOTRIAL
fixation,961108.2239999771,0.35312451981008053,0.5338751971721649,3.432588577270508,3.1386890411376953,134.0,3212,NOTRIAL
fixation,961291.5620000362,0.42906902536101965,0.2905951396602651,3.5349940424380093,3.1532486625339673,766.0,3213,NOTRIAL
fixation,962108.2479999065,0.557050313268389,0.5305150832448687,3.473301478794643,3.1489661080496654,234.0,3214,NOTRIAL
fixation,962358.2520000935,0.5751770362257957,0.5310742184519768,3.412372589111328,3.1293601989746094,67.0,3215,NOTRIAL
fixation,962441.5850000381,0.6588605542977651,0.5341417491436005,3.4840291341145835,3.1094029744466147,108.0,3216,NOTRIAL
fixation,962724.9260001183,0.5850614905357361,0.5169371366500854,3.480255126953125,3.130345662434896,142.0,3217,NOTRIAL
fixation,962908.2650001049,0.4339873363142428,0.5191010897574218,3.4108037533967392,3.12915503460428,384.0,3218,NOTRIAL
fixation,963308.2720000744,0.35407591071622124,0.5384340697321398,3.375238352808459,3.07605138318292,484.0,3219,NOTRIAL
fixation,963824.9470000267,0.4260074198246002,0.5123441442847252,3.353816441127232,3.0923974173409596,233.0,3220,NOTRIAL
fixation,964091.6199998856,0.49679195609959687,0.5071131112900648,3.4006833163174717,3.092618075284091,183.0,3221,NOTRIAL
fixation,964308.2809998989,0.6358650873104731,0.5209945299559169,3.4575848049587674,3.1324250962999134,300.0,3222,NOTRIAL
fixation,964658.2850000858,0.5076390858739614,0.5093029588460922,3.406066417694092,3.1416735649108887,534.0,3223,NOTRIAL
fixation,965224.9719998837,0.42336093990699103,0.5191407404516054,3.383061948029891,3.0977972279424253,767.0,3224,NOTRIAL
fixation,966041.64199996,0.6035491365652818,0.7432978680500617,3.466395451472356,2.998584453876202,216.0,3225,NOTRIAL
fixation,966291.6549999714,0.6568221726068636,0.7523628466013002,3.495053919350229,3.0109278981278584,683.0,3226,NOTRIAL
fixation,967475.0050001144,0.5478446632623672,0.4685610346496105,3.5441808700561523,3.2164840698242188,267.0,3227,NOTRIAL
fixation,967791.6800000668,0.4766683673316782,0.3403686542402614,3.600350119850852,3.246365633877841,183.0,3228,NOTRIAL
fixation,968008.3489999771,0.41017692163586617,0.29583505541086197,3.5519847869873047,3.211721420288086,133.0,3229,NOTRIAL
fixation,968191.6860001087,0.5343454211950303,0.29619830548763276,3.5233200073242186,3.149800109863281,167.0,3230,NOTRIAL
fixation,968375.0239999294,0.5301139056682587,0.3577174097299576,3.4938568115234374,3.1323028564453126,84.0,3231,NOTRIAL
fixation,968491.6909999847,0.37910711020231247,0.4805612750351429,3.4617843627929688,3.1850662231445312,133.0,3232,NOTRIAL
fixation,968708.364000082,0.3720167431980371,0.4904966186732054,3.613120269775391,3.3588199615478516,666.0,3233,NOTRIAL
fixation,970025.0559999943,0.5087601216066451,0.5199715381576901,3.6175184704008556,3.3090802147274925,692.0,3234,NOTRIAL
fixation,970758.4040000439,0.48140446841716766,0.41828610450029374,3.500871276855469,3.2999359130859376,166.0,3235,15
fixation,970958.4070000648,0.4464804069562392,0.5029244869947433,3.493766091086648,3.283144864169034,183.0,3236,15
fixation,971175.0789999962,0.5005000213781993,0.4500777165095011,3.5754292805989585,3.338780721028646,250.0,3237,15
fixation,971441.7509999275,0.4688644165342504,0.4528535875407132,3.6036335338245737,3.3356683904474433,183.0,3238,15
fixation,971641.753000021,0.4705526530742645,0.5171278739968935,3.6160430908203125,3.280351003011068,200.0,3239,15
fixation,971875.0920000076,0.5442408919334412,0.5151702846799578,3.6663818359375,3.32366943359375,117.0,3240,15
fixation,972041.763999939,0.4190910054104669,0.5534438810178212,3.6547938755580356,3.3136019025530135,233.0,3241,15
fixation,972308.4360001087,0.5127507190812718,0.556865781545639,3.7149491743607954,3.293917569247159,183.0,3242,15
fixation,972525.1059999466,0.5743749911586443,0.5518321841955185,3.6703097025553384,3.2439422607421875,200.0,3243,15
fixation,972758.4440000057,0.5099086200907117,0.561203393198195,3.5771273658389138,3.183738345191592,350.0,3244,15
fixation,973141.7850000858,0.45731295794248583,0.6916526973247528,3.5469390869140627,3.140126037597656,167.0,3245,15
fixation,973341.7880001068,0.5575993835926056,0.6806001782417297,3.55992431640625,3.10386962890625,83.0,3246,15
fixation,973475.1240000725,0.449673043191433,0.9079847931861877,3.535546875,3.117779541015625,167.0,3247,15
fixation,973658.4519999027,0.4026168403880937,0.8992698490619659,3.560817173549107,3.1835556030273438,233.0,3248,15
fixation,973925.1300001144,0.4700716896490617,0.9129498573866758,3.5946239124644888,3.170535000887784,184.0,3249,15
fixation,974125.132999897,0.5290279878037316,0.9073986155646188,3.5895680018833707,3.1654456002371654,234.0,3250,15
fixation,974375.138999939,0.5647240304029905,0.9042158470704005,3.5655599740835338,3.141094501201923,217.0,3251,15
fixation,974608.4760000706,0.5769025802612304,0.9033783704042435,3.574151611328125,3.1422042846679688,166.0,3252,15
fixation,974808.4709999561,0.6169583236469942,0.8972279885235954,3.577940996955423,3.140912224264706,283.0,3253,15
fixation,975125.1440000534,0.5871580405668779,0.9001462026075884,3.562612360174006,3.1417111483487217,184.0,3254,15
fixation,975375.1570000648,0.5012176379561424,0.5184212133288384,3.488783264160156,3.2207382202148436,167.0,3255,15
fixation,975575.1480000019,0.4858546484457819,0.4218203715587917,3.499863473992599,3.2241267154091284,317.0,3256,15
fixation,976041.8259999752,0.4573767438530922,0.55924651324749,3.4827926635742186,3.156138610839844,167.0,3257,15
fixation,976241.8380000591,0.5022874623537064,0.5159232649538252,3.525356716579861,3.2078755696614585,150.0,3258,15
fixation,976425.1749999523,0.46150489151477814,0.52028913423419,3.5231494903564453,3.1796875,134.0,3259,15
fixation,976575.1679999828,0.42399973173936206,0.5464181105295817,3.5124003092447915,3.1892598470052085,100.0,3260,15
fixation,976725.1789999008,0.5245367176830769,0.5234691612422466,3.5224971771240234,3.225156784057617,142.0,3261,15
fixation,977041.8519999981,0.5340807034688837,0.4722589701414108,3.524296480066636,3.268841911764706,275.0,3262,15
fixation,977341.8480000496,0.5621997780270047,0.4434325281116698,3.463628133138021,3.151358710394965,150.0,3263,15
fixation,977525.1830000877,0.5051336089769999,0.5438147808114687,3.4114151000976562,3.107110341389974,200.0,3264,15
fixation,977758.5299999714,0.4275993764400482,0.5559535582860311,3.4685038248697917,3.140362548828125,250.0,3265,15
fixation,978041.8680000305,0.5298839394123324,0.5417716108983562,3.5066700596963205,3.165682884954637,517.0,3266,15
fixation,978575.2139999866,0.520477271742291,0.518956247303221,3.5628492567274304,3.2230902777777777,150.0,3267,15
fixation,978758.5510001183,0.4488274592619676,0.5539744519270383,3.5896031306340146,3.2294088510366588,216.0,3268,15
fixation,978991.8929998875,0.4318181276321411,0.5619117990136147,3.6013336181640625,3.2756614685058594,67.0,3269,15
fixation,979108.5520000458,0.539826739165518,0.5573893570237689,3.5557657877604165,3.1807852851019964,300.0,3270,15
fixation,979425.23300004,0.5011974109543694,0.5029900170034832,3.487954372829861,3.223885430230035,750.0,3271,15
fixation,980191.9200000763,0.47867292165756226,0.48340631524721783,3.6128351120721724,3.298159644717262,350.0,3272,FIX_CROS
fixation,980558.5929999352,0.4918614402413368,0.48443811014294624,3.662517547607422,3.3050244649251304,200.0,3273,15.2
fixation,980808.5959999561,0.33694838732481003,0.3759528063237667,3.685508728027344,3.399646759033203,66.0,3274,15.2
fixation,980925.26699996,0.24588078955809275,0.3335139741500219,3.618943277994792,3.337058512369792,250.0,3275,15.2
fixation,981208.60800004,0.2094402595290116,0.32833741924592424,3.536985124860491,3.253938947405134,233.0,3276,15.2
fixation,981475.2809998989,0.39189625870097766,0.3432290405035019,3.5422127463600854,3.2478526722301138,184.0,3277,15.2
fixation,981691.9530000687,0.4898136589262221,0.33950802352693343,3.51519775390625,3.1937120225694446,150.0,3278,15.2
fixation,981875.2939999104,0.5727934012046227,0.3501184479548381,3.5506134033203125,3.244586651141827,217.0,3279,15.2
fixation,982141.9639999866,0.6781379282474518,0.35186795783894403,3.6101793561662947,3.2248633248465404,233.0,3280,15.2
fixation,982475.3069999218,0.7428955659270287,0.349789014707009,3.5719197591145835,3.1832478841145835,200.0,3281,15.2
fixation,982691.9769999981,0.7931805402040482,0.34365516155958176,3.5571632385253906,3.128772735595703,67.0,3282,15.2
fixation,982858.6470000744,0.21866439431905746,0.43406072109937666,3.47706298828125,3.232044982910156,166.0,3283,15.2
fixation,983041.9849998951,0.20108266981939474,0.4300948617359002,3.429589589436849,3.1272811889648438,200.0,3284,15.2
fixation,983308.6559998989,0.4292588991423448,0.3615772674481074,3.4761377970377603,3.157587687174479,200.0,3285,15.2
fixation,983525.3269999027,0.4089539021253586,0.36634736359119413,3.434149169921875,3.1237518310546877,84.0,3286,15.2
fixation,983658.6630001068,0.30302081629633904,0.347189087420702,3.4008572896321616,3.1108690897623696,200.0,3287,15.2
fixation,983875.3369998932,0.3362606652081013,0.35152897983789444,3.363431930541992,3.0924453735351562,133.0,3288,15.2
fixation,984058.6710000038,0.5291158755620321,0.3535367051760356,3.4050369262695312,3.059239705403646,200.0,3289,15.2
fixation,984292.007999897,0.5801931083202362,0.3576847195625305,3.42952880859375,3.06739501953125,84.0,3290,15.2
fixation,984392.009000063,0.6378719860857184,0.3518999340859326,3.4479245272549717,3.062845403497869,184.0,3291,15.2
fixation,984608.6770000458,0.7336061358451843,0.34770276546478274,3.4522552490234375,3.082875061035156,167.0,3292,15.2
fixation,984808.6840000153,0.7997622092564901,0.3410191809137662,3.4657185872395835,3.0347722371419272,100.0,3293,15.2
fixation,984975.3529999256,0.3979489803314209,0.43126454605506015,3.3515777587890625,3.1131803072415867,216.0,3294,15.2
fixation,985225.3570001125,0.28102897273169625,0.43105601105425095,3.3676944308810763,3.0446845160590277,300.0,3295,15.2
fixation,985575.364000082,0.18550519442016428,0.4099270376292142,3.3249941739169033,2.9914190118963067,183.0,3296,15.2
fixation,985792.0360000134,0.2716872312805869,0.4325225177136334,3.313017411665483,3.0234208540482954,184.0,3297,15.2
fixation,985992.0390000343,0.34030041098594666,0.4371790357611396,3.3137997713955967,3.013161399147727,184.0,3298,15.2
fixation,986208.7079999447,0.4339804694056511,0.4279672667384148,3.343305969238281,3.06373291015625,167.0,3299,15.2
fixation,986458.7130000591,0.5243740916252136,0.4375206261873245,3.3438568115234375,3.0488510131835938,167.0,3300,15.2
fixation,986658.7179999352,0.6545975560491736,0.4305410175160928,3.373557350852273,3.043429287997159,367.0,3301,15.2
fixation,987058.7230000496,0.5198544330067105,0.3879030893246333,3.3956129286024304,3.082182142469618,150.0,3302,NOTRIAL
fixation,987258.7249999046,0.6311785459518433,0.30023878812789917,3.512317911783854,3.137353515625,250.0,3303,NOTRIAL
fixation,987558.7219998837,0.3686170612390225,0.31076324444550735,3.540313720703125,3.2782921424278846,217.0,3304,NOTRIAL
fixation,987792.0659999847,0.3506727796047926,0.3040741868317127,3.5144710540771484,3.2258806228637695,275.0,3305,NOTRIAL
fixation,988242.0759999752,0.3589656172054155,0.2988097784774644,3.5064119611467635,3.199711390904018,226.0,3306,NOTRIAL
fixation,988508.7479999065,0.41620027230066414,0.3022229206912658,3.439290663775276,3.1444764978745403,283.0,3307,NOTRIAL
fixation,988808.7550001144,0.42650337103340363,0.27040372126632267,3.363397386338976,2.9989089965820312,300.0,3308,NOTRIAL
fixation,989142.0989999771,0.3386641673743725,0.5319948390126228,3.2887649536132812,3.0788009643554686,334.0,3309,NOTRIAL
fixation,989508.7709999084,0.41061189858352437,0.5112493590396994,3.346042408662684,3.0979111615349266,283.0,3310,NOTRIAL
fixation,989808.7790000439,0.419882429142793,0.5047336046894392,3.3897577921549478,3.0811894734700522,200.0,3311,NOTRIAL
fixation,990025.4519999027,0.412678309250623,0.5149168488569558,3.429471015930176,3.132258892059326,533.0,3312,NOTRIAL
fixation,990608.7990000248,0.613924540579319,0.7644580056269964,3.517547607421875,3.0678698221842446,200.0,3313,NOTRIAL
fixation,990825.4690001011,0.6540645800530911,0.7497142307460308,3.4839344024658203,3.0755989074707033,666.0,3314,NOTRIAL
fixation,992242.1710000038,0.5181989731459782,0.4942008123315614,3.5041335533405173,3.223046664533944,492.0,3315,FIX_CROS
fixation,993175.5290000439,0.5220837753552657,0.5248543998369803,3.6302724984975963,3.281957773061899,208.0,3316,15.1
fixation,993425.5320000648,0.5894501441054874,0.5184550848272111,3.715521070692274,3.362001207139757,300.0,3317,NOTRIAL
fixation,993775.5350000858,0.6572897881269455,0.7841842025518417,3.769748687744141,3.3669605255126953,133.0,3318,NOTRIAL
fixation,993975.5399999619,0.45901820063591003,0.33530716385160175,3.91162109375,3.638460431780134,116.0,3319,NOTRIAL
fixation,994125.5420000553,0.36531711452537113,0.3165082302358415,4.007356431749132,3.7223307291666665,150.0,3320,NOTRIAL
fixation,994325.5469999313,0.6261702254414558,0.3009914681315422,4.115562438964844,3.6722984313964844,66.0,3321,NOTRIAL
fixation,994408.878000021,0.6255950331687927,0.31170345693826673,4.08951416015625,3.68944091796875,167.0,3322,NOTRIAL
fixation,994592.2170000076,0.648869581082288,0.3217902271186604,4.096106136546416,3.7739796357996322,284.0,3323,NOTRIAL
fixation,994908.8910000324,0.6522141804500502,0.5159068414751364,3.8890278096101722,3.532122553611288,817.0,3324,NOTRIAL
fixation,995742.239000082,0.6030814666301012,0.5188510930165648,3.7370615005493164,3.4163360595703125,267.0,3325,NOTRIAL
fixation,996042.2449998856,0.6538319921493531,0.5122325450181962,3.7168731689453125,3.3395501708984376,417.0,3326,NOTRIAL
fixation,996492.2509999275,0.6599462347872117,0.7667809917646295,3.669998168945313,3.284008699304917,567.0,3327,NOTRIAL
fixation,997092.263999939,0.6309905923329867,0.5168681964278221,3.5692273653470554,3.2670822143554688,434.0,3328,NOTRIAL
fixation,997542.2709999084,0.582330067952474,0.5101534153024355,3.5989252726236978,3.317533704969618,300.0,3329,NOTRIAL
fixation,997858.9419999123,0.6471458765176626,0.5275966903338065,3.609880887545072,3.2683633657602162,217.0,3330,NOTRIAL
fixation,998108.9470000267,0.5867331280158117,0.5102320164442062,3.562640850360577,3.277178250826322,217.0,3331,NOTRIAL
fixation,998358.9539999962,0.6547865934910313,0.532817880232488,3.4699994979366178,3.1516977125598538,1041.0,3332,NOTRIAL
fixation,999975.6579999924,0.6002442803647783,0.5151164333025614,3.43428717719184,3.175162421332465,150.0,3333,NOTRIAL
fixation,1000158.9949998856,0.5789421021938324,0.4730350923538208,3.4439019775390625,3.20204833984375,417.0,3334,NOTRIAL
fixation,1000592.3369998932,0.6480029304822286,0.49418252805868784,3.478815714518229,3.188865152994792,250.0,3335,NOTRIAL
fixation,1000859.0120000839,0.5915853728850683,0.479423388838768,3.5453624725341797,3.2504024505615234,400.0,3336,NOTRIAL
fixation,1001859.0399999619,0.6714240204204213,0.6619013818827543,3.827097112482244,3.3733465021306817,184.0,3337,NOTRIAL
fixation,1002092.381000042,0.6528117087754336,0.47421195290305396,3.848324862393466,3.4488997025923296,183.0,3338,NOTRIAL
fixation,1002325.7179999352,0.5422620003422102,0.31842898080746335,3.7485733032226562,3.445357004801432,200.0,3339,NOTRIAL
fixation,1002542.3929998875,0.6306679919362068,0.30729363734523457,3.7214635213216147,3.351914723714193,200.0,3340,NOTRIAL
fixation,1002792.4010000229,0.3928003121506084,0.49189236895604566,3.567904385653409,3.3374869606711646,183.0,3341,NOTRIAL
fixation,1003009.0690000057,0.3539896032639912,0.5161291020257133,3.6319754464285716,3.4126717703683034,117.0,3342,NOTRIAL
fixation,1003175.7449998856,0.5957667125122887,0.507991799818618,3.712750571114676,3.4157916477748325,467.0,3343,NOTRIAL
fixation,1003675.7520000935,0.6454066886351659,0.5169198937140979,3.6988595815805287,3.3361968994140625,217.0,3344,NOTRIAL
fixation,1004475.7650001049,0.5882836729288101,0.45410260930657387,3.7462539672851562,3.4705187479654946,200.0,3345,NOTRIAL
fixation,1004709.1050000191,0.5095974877476692,0.4967513100377151,3.6655235290527344,3.3917367117745534,467.0,3346,NOTRIAL
fixation,1005209.114000082,0.4555696651339531,0.39318782538175584,3.6542388916015627,3.4323150634765627,167.0,3347,6
fixation,1005425.7860000134,0.3933410545190175,0.9331774678495195,3.558349609375,3.2726813422309027,150.0,3348,6
fixation,1005592.4549999237,0.3746034070849419,0.9197155117988587,3.55899658203125,3.25213623046875,166.0,3349,6
fixation,1005792.4590001106,0.445686603585879,0.9182878567112817,3.5677032470703125,3.218905978732639,150.0,3350,6
fixation,1005975.7969999313,0.48596093952655794,0.9202222883701324,3.504669189453125,3.163787841796875,83.0,3351,6
fixation,1006075.7990000248,0.5346945686773821,0.9184454002163627,3.5028631036931817,3.1535991321910513,183.0,3352,6
fixation,1006292.4700000286,0.6217713356018066,0.9131033203818582,3.525870583274148,3.148061578924006,183.0,3353,6
fixation,1006492.4749999046,0.6066315449201144,0.9145138470026163,3.521386953500601,3.140369121844952,216.0,3354,6
fixation,1006759.1440000534,0.4744918080312865,0.47869244856493814,3.487340654645647,3.2688816615513394,234.0,3355,6
fixation,1007009.1480000019,0.4323049870630105,0.46127698570489883,3.494859059651693,3.3132909138997397,200.0,3356,6
fixation,1007259.1530001163,0.5335248727952281,0.6251881555203469,3.493077924174647,3.139492404076361,517.0,3357,6
fixation,1007825.8320000172,0.43016872089356184,0.47055781073868275,3.4132957458496094,3.1795873641967773,267.0,3358,6
fixation,1008109.1700000763,0.4330686964094639,0.3431971505284309,3.4891021728515623,3.1987403869628905,334.0,3359,6
fixation,1008459.1760001183,0.4224745166652343,0.2851022315375945,3.478750789866728,3.0894093232996322,284.0,3360,6
fixation,1008809.1819999218,0.40897891856729984,0.680689737200737,3.3676671981811523,2.989476203918457,267.0,3361,6
fixation,1009092.5199999809,0.37550554367212147,0.6125444884483631,3.4055269681490383,3.063563420222356,216.0,3362,6
fixation,1009342.5250000954,0.5138809371453065,0.723436720096148,3.448429987980769,3.0203939584585338,216.0,3363,6
fixation,1009592.5320000648,0.5442407568295796,0.6422975401083628,3.4021647135416666,3.0153961181640625,250.0,3364,6
fixation,1009892.5390000343,0.45991532717432293,0.3973576469080789,3.389019557407924,3.1171744210379466,233.0,3365,6
fixation,1010142.5450000763,0.4681313148675821,0.36995093868328977,3.399462186373197,3.0699427678034854,650.0,3366,6
fixation,1010825.8910000324,0.4314943201401654,0.34440893373068643,3.3603600894703582,3.0558534509995403,567.0,3367,6
fixation,1011442.5710000992,0.3661543865289007,0.4510223940014839,3.2362965175083707,3.0223911830357144,233.0,3368,6
fixation,1011692.5769999027,0.3658233947224087,0.4749776892088078,3.268590291341146,3.0313647234881365,450.0,3369,6
fixation,1012175.9200000763,0.42783425748348236,0.4291681389917027,3.2795840176669033,3.0790752064098013,183.0,3370,6
fixation,1012392.5899999142,0.6018335925681251,0.45009415383849827,3.295111519949777,3.024489266531808,233.0,3371,6
fixation,1012659.260999918,0.6242819031079611,0.3525814451277256,3.351276397705078,3.0465621948242188,200.0,3372,6
fixation,1012875.9349999428,0.6271688938140869,0.35433767097336905,3.3534066336495534,3.015720912388393,117.0,3373,6
fixation,1013042.6029999256,0.4213217415592887,0.2743466164578091,3.3012223677201704,2.9774364124644888,183.0,3374,6
fixation,1013242.6099998951,0.41152612467606864,0.3130754202604294,3.2719635009765624,3.0427886962890627,250.0,3375,6
fixation,1013525.9460000992,0.48587609951694805,0.3255124328037103,3.29534912109375,3.041772206624349,200.0,3376,6
fixation,1013742.618999958,0.4901486858725548,0.2985653802752495,3.2848472595214844,2.9516029357910156,66.0,3377,6
fixation,1013859.2839999199,0.38678233876176504,0.31886443884476373,3.242303599481997,2.9962343962296196,767.0,3378,6
fixation,1014675.9670000076,0.4375486522912979,0.6910698624218211,3.1752606560202206,2.8510858872357536,283.0,3379,6
fixation,1014992.6400001049,0.5339822148283323,0.7152810568610827,3.231522878011068,2.885667165120443,200.0,3380,6
fixation,1015209.3120000362,0.5518801046742333,0.7330337431695726,3.2803412543402777,2.915074666341146,150.0,3381,6
fixation,1015375.9809999466,0.5376499754687151,0.6247106641530991,3.311504364013672,2.984106699625651,400.0,3382,6
fixation,1015825.989000082,0.4226088523864746,0.6638520434498787,3.383996327718099,3.0463841756184897,200.0,3383,6
fixation,1016075.9930000305,0.44258542193306816,0.41739895443121594,3.4515211317274304,3.2131144205729165,150.0,3384,FIX_CROS
fixation,1016259.3350000381,0.5002291032246181,0.510613596865109,3.4718264625186013,3.195408412388393,350.0,3385,FIX_CROS
fixation,1016642.6749999523,0.4407656341791153,0.4378206729888916,3.5432815551757812,3.281707763671875,267.0,3386,FIX_CROS
fixation,1016926.010999918,0.39684065878391267,0.4437745869159698,3.493636067708333,3.2773539225260415,250.0,3387,FIX_CROS
fixation,1017226.01699996,0.2364846732881334,0.41498853431807625,3.5248565673828125,3.2984805636935763,150.0,3388,6.2
fixation,1017392.6860001087,0.21513862162828445,0.42873539882046835,3.504789079938616,3.2562343052455356,117.0,3389,6.2
fixation,1017542.6889998913,0.2846957705914974,0.439996637403965,3.4763450622558594,3.2480430603027344,75.0,3390,6.2
fixation,1018042.7000000477,0.46690897395213443,0.4052402662734191,3.4729296366373696,3.276702880859375,200.0,3391,6.2
fixation,1018509.371999979,0.6071848223606745,0.40816820909579593,3.3979568481445312,3.2062199910481772,92.0,3392,6.2
fixation,1018642.7100000381,0.6500418514013291,0.39502819776535036,3.3708847045898436,3.155744934082031,167.0,3393,6.2
fixation,1018826.0429999828,0.6798861788378822,0.39726543260945213,3.3088548448350696,3.0939704047309027,150.0,3394,6.2
fixation,1019009.3819999695,0.7430526167154312,0.390495528280735,3.2671905517578126,3.011944580078125,166.0,3395,6.2
fixation,1019209.3849999905,0.7840508388148414,0.3978710754050149,3.3007676866319446,2.9957088894314237,150.0,3396,6.2
fixation,1019442.7209999561,0.28142779426915304,0.46919360969747814,3.263303484235491,3.0754917689732144,117.0,3397,6.2
fixation,1019592.7219998837,0.20840565810600917,0.5037679264942805,3.3130788167317706,3.1087992350260416,250.0,3398,6.2
fixation,1019876.0599999428,0.26234333366155627,0.5103930324316025,3.364508056640625,3.1303421020507813,167.0,3399,6.2
fixation,1020076.0650000572,0.35990169478787315,0.5288673539956411,3.3572184244791665,3.154088338216146,150.0,3400,6.2
fixation,1020492.7349998951,0.5215682983398438,0.48474567631880444,3.4020105997721353,3.1560389200846353,92.0,3401,6.2
fixation,1020626.0720000267,0.5961950719356537,0.5032572138767976,3.428998506986178,3.175965529221755,217.0,3402,6.2
fixation,1020876.0759999752,0.6582622230052948,0.5083938961227735,3.383439381917318,3.1228599548339844,200.0,3403,6.2
fixation,1021092.7460000515,0.6994118168950081,0.5204455181956291,3.4175586700439453,3.1546096801757812,133.0,3404,6.2
fixation,1021242.7479999065,0.7400728195905686,0.5143411517143249,3.4892196655273438,3.141310119628906,167.0,3405,6.2
fixation,1021442.7490000725,0.7878680550135099,0.492843271448062,3.4757303091195912,3.1742048997145433,217.0,3406,6.2
fixation,1021726.0880000591,0.3452512009276284,0.5928205251693726,3.4444427490234375,3.1468743218315973,150.0,3407,6.2
fixation,1021909.4240000248,0.27763242380959646,0.5910687077613104,3.478308541434152,3.1572774251302085,350.0,3408,6.2
fixation,1022292.757999897,0.3538101290663083,0.5937555929025015,3.4996922810872397,3.1466293334960938,100.0,3409,6.2
fixation,1022426.0959999561,0.4221450835466385,0.5858436202009519,3.4964332580566406,3.109125773111979,200.0,3410,6.2
fixation,1022659.4330000877,0.5432777427710019,0.5756612007434552,3.5291947584885817,3.1139737642728367,216.0,3411,6.2
fixation,1022909.4370000362,0.6175069302320481,0.5922915428876877,3.5436248779296875,3.1304336547851563,166.0,3412,6.2
fixation,1023092.7720000744,0.6554991960525512,0.5879081547260284,3.5445648193359376,3.136920166015625,83.0,3413,6.2
fixation,1023209.4400000572,0.7261806996095748,0.5938049710932232,3.5343409946986606,3.1408604213169644,350.0,3414,6.2
fixation,1023626.1150000095,0.5668564637502035,0.3813378545973036,3.508939954969618,3.2178209092881946,150.0,3415,NOTRIAL
fixation,1023809.4489998817,0.38412204533815386,0.3317053332924843,3.5037872314453127,3.2449081420898436,166.0,3416,NOTRIAL
fixation,1023992.7860000134,0.359446594119072,0.3209959030151367,3.53758544921875,3.249334716796875,91.0,3417,NOTRIAL
fixation,1024276.1270000935,0.6281244562518212,0.31060924933802697,3.5982587260584675,3.2611497448336695,509.0,3418,NOTRIAL
fixation,1024826.135999918,0.5956664532423019,0.30684466660022736,3.5419082641601562,3.225505828857422,67.0,3419,NOTRIAL
fixation,1024992.8090000153,0.5751804739236832,0.29481014981865883,3.4883216857910155,3.147937774658203,333.0,3420,NOTRIAL
fixation,1025376.1480000019,0.6457620816571372,0.4835509466273444,3.459657941545759,3.1747283935546875,234.0,3421,NOTRIAL
fixation,1025642.8190000057,0.6342380951557841,0.29283738721694264,3.598804473876953,3.2177652631487166,467.0,3422,NOTRIAL
fixation,1026126.1589999199,0.6526279449462891,0.3189910103877385,3.5174407958984375,3.2375768025716147,100.0,3423,NOTRIAL
fixation,1026242.8299999237,0.6527234315872192,0.3115915536880493,3.5218597412109376,3.22655029296875,83.0,3424,NOTRIAL
fixation,1026376.1679999828,0.510953972285444,0.5046107308431105,3.3810674493963067,3.1843719482421875,184.0,3425,NOTRIAL
fixation,1026592.8369998932,0.6557638900620597,0.5272462139932477,3.4602658018773917,3.132891596580038,817.0,3426,NOTRIAL
fixation,1027442.8510000706,0.6366154067218304,0.7630135510116816,3.502948760986328,3.0459423065185547,267.0,3427,NOTRIAL
fixation,1027742.85800004,0.6598327606916428,0.750296239554882,3.5637466430664064,3.0905685424804688,341.0,3428,NOTRIAL
fixation,1028609.5409998894,0.6137641698122025,0.6403906643390656,3.5559768676757812,3.10426025390625,166.0,3429,FIX_CROS
fixation,1028826.2100000381,0.5145968198776245,0.4595794215798378,3.5265243530273436,3.242442321777344,334.0,3430,FIX_CROS
fixation,1029176.2149999142,0.5142532749609514,0.4662656553766944,3.465090664950284,3.2013064297762783,184.0,3431,FIX_CROS
fixation,1029392.8900001049,0.4477090910077095,0.42695280760526655,3.4420822143554686,3.18553466796875,167.0,3432,FIX_CROS
fixation,1029592.8949999809,0.3789463666352359,0.4047357196157629,3.4721180308948862,3.2331071333451704,183.0,3433,6.1
fixation,1029876.2339999676,0.23833316138812474,0.4038086136182149,3.4969039190383184,3.2551196870349703,350.0,3434,6.1
fixation,1030259.5739998817,0.2940863110125065,0.4202586244791746,3.459280014038086,3.1948719024658203,133.0,3435,6.1
fixation,1030426.243999958,0.3525750249624252,0.43203828036785125,3.4319061279296874,3.2017913818359376,84.0,3436,6.1
fixation,1030976.2550001144,0.548395918475257,0.39955111344655353,3.473787095811632,3.209769354926215,142.0,3437,6.1
fixation,1031159.5940001011,0.6093557824691137,0.408133606115977,3.4792098999023438,3.2048416137695312,100.0,3438,6.1
fixation,1031292.9279999733,0.6795834178725878,0.4137599691748619,3.4347966512044272,3.0919227600097656,200.0,3439,6.1
fixation,1031509.5969998837,0.724009724954764,0.41053563356399536,3.345322926839193,3.006982167561849,200.0,3440,6.1
fixation,1031726.2690000534,0.7698375834868505,0.4110451363600217,3.3286520150991588,2.9857576810396633,217.0,3441,6.1
fixation,1031959.6070001125,0.7991709858179092,0.3989499981204669,3.366357167561849,2.9833653767903647,200.0,3442,6.1
fixation,1032242.9470000267,0.28167409556252615,0.4978828387601035,3.3345184326171875,3.0703582763671875,117.0,3443,6.1
fixation,1032392.9479999542,0.2137541826814413,0.5055868355557323,3.3736162185668945,3.0858592987060547,267.0,3444,6.1
fixation,1032676.2869999409,0.2633075684309006,0.5160755515098572,3.401020304361979,3.133408610026042,250.0,3445,6.1
fixation,1032959.6229999065,0.33522993450363475,0.5222931280732155,3.3781331380208335,3.1103591918945312,208.0,3446,6.1
fixation,1033359.632999897,0.40144172097955433,0.5174797581774848,3.384769984654018,3.169287545340402,116.0,3447,6.1
fixation,1033509.635999918,0.46497441745466656,0.5032013497418828,3.353682623969184,3.1159430609809027,300.0,3448,6.1
fixation,1033842.9749999046,0.5074584867273059,0.5001112201384136,3.3500279017857144,3.0624803815569197,117.0,3449,6.1
fixation,1033992.9779999256,0.5698312439701774,0.5102281462062489,3.364644830877131,3.1113156405362217,183.0,3450,6.1
fixation,1034209.6500000954,0.6367528601126238,0.5128524777564135,3.4291451194069604,3.119051846590909,183.0,3451,6.1
fixation,1034426.3190000057,0.710878849029541,0.5162021117284894,3.4793481826782227,3.175143241882324,267.0,3452,6.1
fixation,1034726.3259999752,0.7887238941409371,0.5019953725012866,3.5406993519176138,3.122129960493608,184.0,3453,6.1
fixation,1034992.996999979,0.3421909101307392,0.5956462062895298,3.421144485473633,3.1612682342529297,134.0,3454,6.1
fixation,1035143.0,0.28017858415842056,0.6097160641636167,3.4231392996651784,3.114079066685268,234.0,3455,6.1
fixation,1035409.6719999313,0.36295293147365254,0.6064647982517878,3.4299468994140625,3.1184972127278647,200.0,3456,6.1
fixation,1035626.3429999352,0.3981596529483795,0.598651222884655,3.430011749267578,3.096750259399414,133.0,3457,6.1
fixation,1035776.3450000286,0.4384038055484945,0.5995178791609678,3.4238739013671875,3.079317959872159,183.0,3458,6.1
fixation,1035993.0150001049,0.4856497809290886,0.5986505389213562,3.408819580078125,3.0554473876953123,167.0,3459,6.1
fixation,1036176.3529999256,0.5399143025279045,0.5930558989445368,3.4219983418782554,3.0341288248697915,200.0,3460,6.1
fixation,1036409.6889998913,0.6163976583629847,0.594488974660635,3.454047203063965,3.0680112838745117,267.0,3461,6.1
fixation,1036759.6940000057,0.6961141268412272,0.5964836140473684,3.4348744710286456,3.091168212890625,250.0,3462,6.1
fixation,1037026.365999937,0.6751657525698344,0.598348061243693,3.439360119047619,3.1099453880673362,350.0,3463,6.1
fixation,1037426.3759999275,0.5732823237776756,0.2800152711570263,3.4528884887695312,3.127716064453125,66.0,3464,NOTRIAL
fixation,1037593.0409998894,0.6318065361543135,0.2931996367194436,3.5135387073863638,3.157601096413352,192.0,3465,NOTRIAL
fixation,1037959.7160000801,0.6225027084350586,0.32105710208415983,3.522161865234375,3.2775543212890623,83.0,3466,NOTRIAL
fixation,1038059.7200000286,0.6357139522830645,0.3030276277826892,3.5194799635145397,3.192554473876953,600.0,3467,NOTRIAL
fixation,1038693.0590000153,0.5830524907662318,0.3027795713681441,3.5141671987680287,3.19766117976262,217.0,3468,NOTRIAL
fixation,1038926.3980000019,0.568272590637207,0.3129226727919145,3.5381525213068183,3.220741965553977,183.0,3469,NOTRIAL
fixation,1039159.7369999886,0.6351010039448738,0.5297368489205837,3.5645729064941407,3.253662109375,333.0,3470,NOTRIAL
fixation,1039526.4089999199,0.5812961596709031,0.513033960874264,3.55548095703125,3.278497549203726,216.0,3471,NOTRIAL
fixation,1039776.4240000248,0.6525391224357817,0.532578342490726,3.591551038953993,3.2399283515082464,300.0,3472,NOTRIAL
fixation,1040109.7569999695,0.6572665128302067,0.7523251410494459,3.597768580659907,3.153073899289395,783.0,3473,NOTRIAL
fixation,1041159.7850000858,0.6361256855375627,0.6682270958143122,3.6507936365464153,3.1872190587660847,283.0,3474,NOTRIAL
fixation,1041493.1240000725,0.6302989590913057,0.3903485108166933,3.7266626358032227,3.3924789428710938,267.0,3475,NOTRIAL
fixation,1041776.4670000076,0.6118727260165744,0.31952080958419377,3.7512342664930554,3.403383043077257,150.0,3476,NOTRIAL
fixation,1041976.4700000286,0.39393603937192395,0.5153999138962139,3.643159346147017,3.3946394486860796,183.0,3477,NOTRIAL
fixation,1042193.135999918,0.3609402886950053,0.5186257593906842,3.557074678861178,3.287625943697416,2167.0,3478,NOTRIAL
fixation,1045009.864000082,0.6237135593380246,0.769729597227914,3.643468584333147,3.246495928083147,233.0,3479,NOTRIAL
fixation,1045293.2009999752,0.5117416669215474,0.5001293761389596,3.506119864327567,3.325028555733817,242.0,3480,NOTRIAL
fixation,1045743.2100000381,0.5082399874925614,0.5340219259262085,3.3837677001953126,3.1762847900390625,76.0,3481,13
fixation,1045859.8819999695,0.463692800866233,0.4701647145880593,3.357906765407986,3.14579094780816,300.0,3482,13
fixation,1046209.8819999695,0.4000714210172494,0.8676919862627983,3.1986541748046875,2.889892578125,200.0,3483,13
fixation,1046426.5529999733,0.47002424485981464,0.8911276273429394,3.1348323822021484,2.807950973510742,133.0,3484,13
fixation,1046659.8910000324,0.5412117391824722,0.8950671590864658,3.078512191772461,2.7594051361083984,133.0,3485,13
fixation,1046809.8929998875,0.6073168158531189,0.8908125638961792,3.0968841552734374,2.783335876464844,167.0,3486,13
fixation,1047026.5629999638,0.5875371380856163,0.5419515841885617,3.12006980494449,2.9040728117290295,316.0,3487,13
fixation,1047376.5699999332,0.5977253685979282,0.4802023921819294,3.058759801528033,2.833685033461627,566.0,3488,13
fixation,1048043.2490000725,0.4559726172259876,0.47892882994243074,3.0454635620117188,2.8748534066336497,467.0,3489,13
fixation,1048543.2660000324,0.4538731856478585,0.580338093969557,3.045472886827257,2.810511271158854,300.0,3490,13
fixation,1048893.2660000324,0.40227649981776875,0.9237424358725548,3.128387451171875,2.8078625996907554,200.0,3491,13
fixation,1049109.9389998913,0.37809905856847764,0.9021448373794556,3.153325398763021,2.850538635253906,167.0,3492,13
fixation,1049309.9400000572,0.4961477518081665,0.9030547142028809,3.200709025065104,2.85986328125,100.0,3493,13
fixation,1049443.2780001163,0.5433283597230911,0.9123976727326711,3.2393061319986978,2.8769810994466147,100.0,3494,13
fixation,1049559.9479999542,0.6057578225930532,0.9084653357664744,3.273595174153646,2.9057846069335938,100.0,3495,13
fixation,1049709.9489998817,0.6001713536679745,0.5363287180662155,3.3275327682495117,3.0517044067382812,267.0,3496,13
fixation,1049993.2850000858,0.5841903507709503,0.49455274442831676,3.2296173095703127,3.027515665690104,250.0,3497,13
fixation,1050259.9570000172,0.6067120259006819,0.4885100598136584,3.138540267944336,2.9295336405436196,400.0,3498,13
fixation,1050693.2890000343,0.5974684953689575,0.6357036183277766,3.1247533162434897,2.8510157267252603,108.0,3499,13
fixation,1051076.6349999905,0.6057869442131208,0.5767874069835829,3.155136771824049,2.941211866295856,383.0,3500,13
fixation,1051476.6440000534,0.5601846362863269,0.5837628245353699,3.1239525931222096,2.8685477120535716,233.0,3501,13
fixation,1051743.3110001087,0.4807547525717662,0.571838018985895,3.081945566030649,2.8651768611027646,217.0,3502,13
fixation,1052009.9820001125,0.581766413790839,0.9073773154190609,3.154509771437872,2.818449474516369,350.0,3503,13
fixation,1052426.655999899,0.4677537622360083,0.4873719777052219,3.209125812237079,2.9891844529371996,433.0,3504,13
fixation,1052893.3269999027,0.475413669239391,0.42406962608749216,3.1597213745117188,2.9200321544300425,367.0,3505,13
fixation,1053276.6649999619,0.4497977551072836,0.43843308836221695,3.107158660888672,2.88421630859375,133.0,3506,13
fixation,1053443.3340001106,0.45157962380086675,0.5255247284384335,3.1077521829044117,2.914812873391544,566.0,3507,13
fixation,1054043.3429999352,0.49717103804533297,0.5217715536172574,3.1989719684307394,2.9909198467548075,874.0,3508,FIX_CROS
fixation,1055060.0299999714,0.4297557340727912,0.4993947264220979,3.263127644856771,3.077365451388889,142.0,3509,13.1
fixation,1055310.0369999409,0.518804649511973,0.5090683930450015,3.221949259440104,3.0566575792100696,150.0,3510,13.1
fixation,1055493.371999979,0.5633739799261093,0.5077370136976243,3.221485900878906,3.0123306274414063,166.0,3511,13.1
fixation,1055676.7119998932,0.4929090440273285,0.5140160721540451,3.249581298828125,3.07614990234375,417.0,3512,13.1
fixation,1056126.7200000286,0.5668860999020663,0.5192989273504778,3.337674227627841,3.115059592507102,183.0,3513,13.1
fixation,1056326.7219998837,0.577416968345642,0.5011109411716461,3.3438079833984373,3.0995712280273438,167.0,3514,13.1
fixation,1056526.7260000706,0.45662019898494083,0.5117160224666198,3.3392155965169272,3.154388427734375,400.0,3515,13.1
fixation,1056943.3989999294,0.4403110533952713,0.5113115087151527,3.3698883056640625,3.1562225341796877,166.0,3516,13.1
fixation,1057143.4040000439,0.5309443771839142,0.5093282073736191,3.372076416015625,3.1504852294921877,83.0,3517,13.1
fixation,1057260.0750000477,0.5855655983090401,0.5158158898353576,3.3901771545410155,3.140705871582031,334.0,3518,13.1
fixation,1057643.4140000343,0.47135481238365173,0.3218814767897129,3.5031776428222656,3.2528343200683594,66.0,3519,NOTRIAL
fixation,1057743.4140000343,0.38762111555446277,0.3187284076755697,3.4981342662464487,3.2255304509943183,183.0,3520,NOTRIAL
fixation,1057943.4119999409,0.3600184516981244,0.3087787386029959,3.5151853561401367,3.2107200622558594,266.0,3521,NOTRIAL
fixation,1058460.09100008,0.4467319774886836,0.3152215396580489,3.412586378014606,3.1139612612516983,376.0,3522,NOTRIAL
fixation,1058860.1010000706,0.42801101213055,0.30613201084945885,3.360339028494699,3.090587615966797,934.0,3523,NOTRIAL
fixation,1059826.78399992,0.39019572362303734,0.4946057107299566,3.334676742553711,3.1106834411621094,133.0,3524,NOTRIAL
fixation,1059993.4560000896,0.34889267958127534,0.5192298040940211,3.3582963209885817,3.0968181903545675,216.0,3525,NOTRIAL
fixation,1060243.4590001106,0.37923502786593005,0.5246520828117024,3.396087646484375,3.1419428045099433,183.0,3526,NOTRIAL
fixation,1060443.4619998932,0.42181769013404846,0.50799645754424,3.362883134321733,3.147674560546875,183.0,3527,NOTRIAL
fixation,1060693.469000101,0.6526240729818157,0.7449361249512317,3.4608351763556984,3.0657085343903185,850.0,3528,NOTRIAL
fixation,1061593.484999895,0.38315393775701523,0.5360038965940476,3.415415954589844,3.1442718505859375,166.0,3529,NOTRIAL
fixation,1061776.8199999332,0.35692956241277546,0.5277976302000192,3.4089285043569713,3.142553476186899,217.0,3530,NOTRIAL
fixation,1062010.1570000648,0.4206406591194017,0.5162900175367083,3.440454755510603,3.1653573172433034,234.0,3531,NOTRIAL
fixation,1062293.496999979,0.5174029584114368,0.35591152424995715,3.5116436298076925,3.16262934758113,216.0,3532,FIX_CROS
fixation,1062543.5009999275,0.5074804509058595,0.45836528204381466,3.4310426712036133,3.1927385330200195,274.0,3533,FIX_CROS
fixation,1062993.509000063,0.4894172518203656,0.4754579688111941,3.400543212890625,3.1566384633382163,392.0,3534,FIX_CROS
fixation,1063610.1889998913,0.22402802295982838,0.27378194965422153,3.302715301513672,3.0744705200195312,134.0,3535,13.2
fixation,1063760.1900000572,0.20906146189996175,0.27386809459754397,3.2732413155691966,3.056913103376116,117.0,3536,13.2
fixation,1063926.8619999886,0.2958005583948559,0.2875579131974114,3.337710910373264,3.0623677571614585,150.0,3537,13.2
fixation,1064093.5329999924,0.35739660263061523,0.2918995972722769,3.329456329345703,3.0251426696777344,133.0,3538,13.2
fixation,1064260.2009999752,0.4281391224690846,0.30300118987049374,3.3778773716517856,3.088287353515625,234.0,3539,13.2
fixation,1064526.8729999065,0.4010674685239792,0.3017727866768837,3.40926513671875,3.155401611328125,167.0,3540,13.2
fixation,1064726.8770000935,0.5009053535759449,0.3111745168765386,3.4635022481282554,3.1519088745117188,200.0,3541,13.2
fixation,1064960.2149999142,0.6167256427662713,0.3050263502768108,3.3684681483677457,3.1625540597098216,234.0,3542,13.2
fixation,1065226.884000063,0.7112584641346564,0.3001155314537195,3.474084707406851,3.114459698016827,217.0,3543,13.2
fixation,1065460.223999977,0.7698318883776665,0.29079069569706917,3.459980010986328,3.0247364044189453,134.0,3544,13.2
fixation,1065626.8940000534,0.8089834286106957,0.2973993834522035,3.410269843207465,3.0127682156032987,150.0,3545,13.2
fixation,1065860.2230000496,0.24266601726412773,0.36425949819386005,3.2725276947021484,3.091949462890625,134.0,3546,13.2
fixation,1066010.234999895,0.18937757475809616,0.3546040491624312,3.257565585049716,3.060097434303977,184.0,3547,13.2
fixation,1066226.9040000439,0.2829364641354634,0.3968690037727356,3.3379246638371396,3.0817976731520433,217.0,3548,13.2
fixation,1066476.9110000134,0.3632191178890375,0.3979934270565326,3.3160670353816104,3.056884765625,217.0,3549,13.2
fixation,1066726.9130001068,0.46147898137569426,0.3850987692674001,3.3304534912109376,3.045179239908854,250.0,3550,13.2
fixation,1066993.5850000381,0.5434577052409832,0.38481623278214383,3.331952608548678,3.021160419170673,216.0,3551,13.2
fixation,1067226.9230000973,0.615063954483379,0.38927866518497467,3.366342717950994,3.039459228515625,183.0,3552,13.2
fixation,1067443.5959999561,0.7081219118375045,0.37505377714450544,3.405225313626803,3.015612088716947,216.0,3553,13.2
fixation,1067693.5969998837,0.7843428227034482,0.3541887361894954,3.4010259454900567,2.9571269642223013,183.0,3554,13.2
fixation,1067910.2690000534,0.7581095933914185,0.3662075728178024,3.39603271484375,3.02861328125,84.0,3555,13.2
fixation,1068076.9389998913,0.23852759413421154,0.45951865054666996,3.3825435638427734,3.1110401153564453,133.0,3556,13.2
fixation,1068243.60800004,0.20040979236364365,0.46789365058595483,3.4097831032492896,3.1067671342329546,183.0,3557,13.2
fixation,1068476.9460000992,0.307544360940273,0.483176222214332,3.432207547701322,3.1237898606520433,217.0,3558,13.2
fixation,1068743.617000103,0.45115567445755006,0.4766206219792366,3.3928298950195312,3.1103485107421873,166.0,3559,13.2
fixation,1068943.6199998856,0.5316024260087446,0.4755827513608066,3.409513993696733,3.107174960049716,183.0,3560,13.2
fixation,1069160.2880001068,0.6197183191776275,0.4780279815196991,3.4685089111328127,3.13907470703125,84.0,3561,13.2
fixation,1069276.9570000172,0.7265442371368408,0.47784283608198164,3.48040771484375,3.1128494262695314,167.0,3562,13.2
fixation,1069460.2929999828,0.6905708660682043,0.47397701690594357,3.4567362467447915,3.1007563273111978,100.0,3563,13.2
fixation,1069593.628000021,0.7747323781251907,0.45566549748182295,3.4693832397460938,3.075733947753906,166.0,3564,13.2
fixation,1069843.631000042,0.2529548019170761,0.5665418386459351,3.386712646484375,3.1011688232421877,83.0,3565,13.2
fixation,1069943.6319999695,0.19835797218339785,0.583771641765322,3.4044080461774553,3.1086807250976562,233.0,3566,13.2
fixation,1070210.2990000248,0.28579775989055634,0.5687280432744459,3.3928083939985796,3.0788726806640625,184.0,3567,13.2
fixation,1070426.9700000286,0.3452216938138008,0.560610568523407,3.3380722045898437,3.026678466796875,167.0,3568,13.2
fixation,1070610.3029999733,0.4203869150235103,0.5575660467147827,3.2758765587439904,2.9709754356971154,217.0,3569,13.2
fixation,1070860.3080000877,0.485687755048275,0.5584263404210409,3.231053670247396,2.951452891031901,200.0,3570,13.2
fixation,1071093.6429998875,0.5610955976522886,0.5528510465071752,3.2518897423377404,2.97970698429988,216.0,3571,13.2
fixation,1071393.6489999294,0.6173470403466906,0.5635285675525665,3.291628156389509,3.0077340262276784,116.0,3572,13.2
fixation,1071543.6500000954,0.6793859763578936,0.5665625469251112,3.2978654341264204,3.020151311700994,183.0,3573,13.2
fixation,1071760.3180000782,0.7620713045963874,0.5627981493106256,3.3339256873497596,3.0001737154447117,217.0,3574,13.2
fixation,1072010.3239998817,0.8150564779837927,0.555502325296402,3.386338551839193,2.9987576802571616,200.0,3575,13.2
fixation,1072293.6610000134,0.3052719703742436,0.6259677750723702,3.30877685546875,3.011141095842634,116.0,3576,13.2
fixation,1072443.6640000343,0.21210462103287378,0.6409760448667738,3.289342244466146,3.0572611490885415,158.0,3577,13.2
fixation,1072793.6679999828,0.2721560171672276,0.6351390055247715,3.3070569719587053,3.0445404052734375,109.0,3578,13.2
fixation,1072943.6679999828,0.3555527577797572,0.6301699363523059,3.2899644639756946,2.987376742892795,300.0,3579,13.2
fixation,1073260.3389999866,0.3402387946844101,0.6356674134731293,3.2729278564453126,2.9694854736328127,166.0,3580,13.2
fixation,1073477.0069999695,0.453904344389836,0.622444083293279,3.307086944580078,2.932147979736328,200.0,3581,13.2
fixation,1073710.3459999561,0.5369984886863015,0.6249034323475577,3.3379474986683237,2.9732485684481533,183.0,3582,13.2
fixation,1073943.6809999943,0.6272294104099274,0.6334386944770813,3.394916788736979,2.9743621826171873,250.0,3583,13.2
fixation,1074227.0220000744,0.6816007380302136,0.6248696561043079,3.386212862454928,2.9758535531850963,217.0,3584,13.2
fixation,1074477.026000023,0.7557287785139951,0.6273933703249152,3.408896706321023,2.980099764737216,184.0,3585,13.2
fixation,1074693.6960000992,0.7941540002822876,0.6302171528339386,3.41085205078125,2.9739837646484375,167.0,3586,13.2
fixation,1074893.7000000477,0.8282415611403329,0.6343566051551274,3.4256809779575894,2.964569091796875,117.0,3587,13.2
fixation,1075077.0380001068,0.5017343898271692,0.7173810149061268,3.324088787210399,2.945977572737069,484.0,3588,13.2
fixation,1075610.384000063,0.5183753967285156,0.43533366546034813,3.3404973347981772,3.086411794026693,200.0,3589,NOTRIAL
fixation,1075877.0529999733,0.6111901253461838,0.30048294365406036,3.4010162353515625,3.0685195922851562,67.0,3590,NOTRIAL
fixation,1075960.3849999905,0.6187154820987156,0.3073080139500754,3.4383937290736606,3.1022142682756697,116.0,3591,NOTRIAL
fixation,1076110.384000063,0.6423296762837304,0.30365539921654594,3.38889651828342,3.1215167575412326,300.0,3592,NOTRIAL
fixation,1076443.7279999256,0.5538645474349752,0.2884847022154752,3.4943623262293197,3.131024528952206,283.0,3593,NOTRIAL
fixation,1076743.730000019,0.5682656685511271,0.29495642284552254,3.516593424479167,3.148698933919271,250.0,3594,NOTRIAL
fixation,1077010.4040000439,0.5103947172562281,0.30013758937517804,3.505279541015625,3.1490987141927085,100.0,3595,NOTRIAL
fixation,1077160.4079999924,0.5114040583372116,0.3010918855667114,3.4559478759765625,3.1312591552734377,83.0,3596,NOTRIAL
fixation,1077277.0739998817,0.5695974556512611,0.29620088013105617,3.5096023914425873,3.1476628503134085,717.0,3597,NOTRIAL
fixation,1078027.0899999142,0.5186615520053439,0.49578676621119183,3.4393497043185763,3.1955396864149304,150.0,3598,NOTRIAL
fixation,1078210.4270000458,0.642134482661883,0.5169276023904482,3.513843536376953,3.1966654459635415,200.0,3599,NOTRIAL
fixation,1078443.760999918,0.5145965497940779,0.49497178196907043,3.414648691813151,3.147252400716146,400.0,3600,NOTRIAL
fixation,1078860.4360001087,0.5749325028487614,0.49363408769880024,3.430422101702009,3.124814714704241,116.0,3601,NOTRIAL
fixation,1078993.769999981,0.5747648328542709,0.5016454681754112,3.4153350830078124,3.115281677246094,167.0,3602,NOTRIAL
fixation,1079193.7739999294,0.5209806486964226,0.3004235712190469,3.4829025268554688,3.183783213297526,200.0,3603,NOTRIAL
fixation,1079410.4440000057,0.4953684523701668,0.29851001501083374,3.45833740234375,3.1366851806640623,166.0,3604,NOTRIAL
fixation,1079610.4449999332,0.3651565804201014,0.2821277134558734,3.3966827392578125,3.122135835535386,283.0,3605,NOTRIAL
fixation,1079960.4519999027,0.6429635025560856,0.7869773246347904,3.4628238677978516,2.969318389892578,133.0,3606,NOTRIAL
fixation,1080110.4509999752,0.650887674360133,0.763081031503962,3.4427579054191932,2.9823132415315996,1116.0,3607,NOTRIAL
fixation,1081777.1429998875,0.5852775752544404,0.6752643495798111,3.6386993408203123,3.1597198486328124,167.0,3608,NOTRIAL
fixation,1081993.8129999638,0.5685993688447135,0.42854820298297064,3.5884301321847096,3.2207674298967635,233.0,3609,NOTRIAL
fixation,1082243.8120000362,0.6464398726820946,0.5262242436408997,3.500104777018229,3.183704376220703,1000.0,3610,NOTRIAL
fixation,1083793.8359999657,0.6027281247079372,0.5017517860978842,3.588428497314453,3.2385387420654297,133.0,3611,NOTRIAL
fixation,1083943.8399999142,0.6355706006288528,0.5288888327777386,3.6202392578125,3.2963333129882812,67.0,3612,NOTRIAL
fixation,1084043.8399999142,0.5115275809710677,0.5151896490292116,3.5261403864080254,3.228109186345881,367.0,3613,NOTRIAL
fixation,1084427.1800000668,0.5172917233272032,0.5233901122754271,3.430328369140625,3.1839641224254263,367.0,3614,11
fixation,1084843.8480000496,0.40325815975666046,0.816278624534607,3.3600616455078125,3.0568878173828122,83.0,3615,11
fixation,1084943.85800004,0.35425370186567307,0.9479060202836991,3.346588134765625,3.016798400878906,167.0,3616,11
fixation,1085127.1860001087,0.35810084640979767,0.921092939376831,3.359649658203125,3.0324554443359375,84.0,3617,11
fixation,1085243.8540000916,0.444037726521492,0.9067901313304901,3.3705352783203124,3.01331787109375,91.0,3618,11
fixation,1085510.5239999294,0.5439396649599075,0.8947524912655354,3.300027847290039,2.969524383544922,125.0,3619,11
fixation,1085660.5390000343,0.573053240776062,0.8916889131069183,3.2976659138997397,2.9577840169270835,100.0,3620,11
fixation,1085793.8729999065,0.48559037086210755,0.8953030093720085,3.27107078150699,2.940848099557977,317.0,3621,11
fixation,1086160.5460000038,0.4169476342697938,0.8891533315181732,3.2842191060384116,2.9501304626464844,200.0,3622,11
fixation,1086410.5510001183,0.573507604499658,0.8926082228620847,3.3230158487955728,2.9362093607584634,200.0,3623,11
fixation,1086643.890000105,0.6476114051682609,0.8900617850678307,3.334751674107143,2.967280796595982,233.0,3624,11
fixation,1086893.8929998875,0.6192147274812062,0.899447908004125,3.382481892903646,3.018699137369792,250.0,3625,11
fixation,1087193.901000023,0.5190324453931106,0.5104312951627531,3.363696449681332,3.1349005448190788,317.0,3626,11
fixation,1087543.9040000439,0.4659629426896572,0.49500231569012004,3.3023084004720054,3.085007985432943,200.0,3627,11
fixation,1087777.234999895,0.47657717764377594,0.52716171161996,3.2346827189127603,2.9907158745659723,300.0,3628,11
fixation,1088110.5810000896,0.5429087251424789,0.5116712786257267,3.2708702087402344,3.037641143798828,333.0,3629,11
fixation,1088477.256000042,0.5575267225503922,0.4434826842376164,3.325372968401228,3.0641588483537947,234.0,3630,11
fixation,1088743.9249999523,0.5800091981887817,0.6066227654616038,3.297704060872396,2.9706136067708333,250.0,3631,11
fixation,1089027.2569999695,0.5693482352154595,0.632696407181876,3.3255626133510043,2.991546630859375,234.0,3632,11
fixation,1089277.263999939,0.5326654493808747,0.6383506715297699,3.3235855102539062,3.0064315795898438,167.0,3633,11
fixation,1089477.26699996,0.4395761360292849,0.5591780063898667,3.344879150390625,3.0810918393342392,384.0,3634,11
fixation,1089893.9400000572,0.5972797960042954,0.568963959813118,3.3716506958007812,3.047557067871094,167.0,3635,11
fixation,1090093.9409999847,0.5863051727414131,0.4477140448987484,3.3539764404296877,3.0950294494628907,333.0,3636,11
fixation,1090493.9430000782,0.5575784099729437,0.4229328389230527,3.34111183568051,3.0638403641550163,317.0,3637,11
fixation,1090843.9509999752,0.49220656339199315,0.4913444783418409,3.402184271043347,3.158138644310736,517.0,3638,FIX_CROS
fixation,1091377.2929999828,0.45664267241954803,0.4841578288210763,3.5147337736906827,3.2649061414930554,450.0,3639,FIX_CROS
fixation,1091860.628000021,0.39582953684859806,0.5105746040741602,3.609254625108507,3.334170871310764,150.0,3640,11.1
fixation,1092060.6349999905,0.4998761848969893,0.5149713172153993,3.5951080322265625,3.307525634765625,183.0,3641,11.1
fixation,1092277.3029999733,0.5654308646917343,0.5179043233394622,3.6108551025390625,3.2576904296875,167.0,3642,11.1
fixation,1092477.3069999218,0.6194810594121615,0.5174620325366656,3.5986353556315103,3.2501513163248696,200.0,3643,11.1
fixation,1092693.9749999046,0.5669581729632157,0.5130044049941577,3.5655963604266825,3.2640768197866588,217.0,3644,11.1
fixation,1093010.6440000534,0.6236416101455688,0.5149101450255043,3.6554179944490133,3.2597423352693258,316.0,3645,11.1
fixation,1093377.3159999847,0.6400991380214691,0.3225313723087311,3.738994598388672,3.3722686767578125,75.0,3646,NOTRIAL
fixation,1093627.3139998913,0.6351520937599547,0.3104243572444132,3.6491502735712755,3.2950592041015625,1209.0,3647,NOTRIAL
fixation,1094860.6760001183,0.6530668884515762,0.3211736483499408,3.623210906982422,3.2528953552246094,267.0,3648,NOTRIAL
fixation,1095160.6800000668,0.654070295393467,0.3241320922970772,3.663177490234375,3.2900390625,67.0,3649,NOTRIAL
fixation,1095260.6800000668,0.6459873095154762,0.5134385643260819,3.599254608154297,3.298567090715681,467.0,3650,NOTRIAL
fixation,1095760.6870000362,0.6590261642347303,0.7569399575392405,3.544329994603207,3.0999051813493694,958.0,3651,NOTRIAL
fixation,1097310.7139999866,0.6326006921854886,0.6496725895188071,3.541168212890625,3.1530498157848013,183.0,3652,NOTRIAL
fixation,1097527.3849999905,0.5959161486890581,0.39068514274226296,3.574581570095486,3.3156924777560763,150.0,3653,FIX_CROS
fixation,1097694.0539999008,0.5146978933502127,0.49733596653849993,3.423368665907118,3.1858769169560186,450.0,3654,FIX_CROS
fixation,1098160.726999998,0.49935757120450336,0.48797137373023564,3.4635128445095487,3.1728685167100696,150.0,3655,FIX_CROS
fixation,1098327.3989999294,0.5173164989267077,0.5008868142252877,3.4689461844308034,3.172847202845982,350.0,3656,FIX_CROS
fixation,1098810.742000103,0.25279142893850803,0.5134243207673231,3.481489817301432,3.206188201904297,200.0,3657,11.2
fixation,1099060.7460000515,0.3524393913420764,0.5166756456548517,3.454428932883523,3.179258866743608,183.0,3658,11.2
fixation,1099260.7479999065,0.41799258440732956,0.5127286583185195,3.4432388305664063,3.177606201171875,167.0,3659,11.2
fixation,1099460.7539999485,0.46285360412938253,0.5015351240124021,3.4399751935686385,3.1819359915597096,233.0,3660,11.2
fixation,1099727.4270000458,0.5493171364068985,0.5156185999512672,3.4354705810546875,3.1839675903320312,108.0,3661,11.2
fixation,1099960.7630000114,0.634034929672877,0.5029311130444208,3.4458648681640627,3.1259745279947917,242.0,3662,11.2
fixation,1100227.4330000877,0.6519404202699661,0.4998497422784567,3.399923324584961,3.0756282806396484,133.0,3663,11.2
fixation,1100394.1040000916,0.7088607007806952,0.4968348443508148,3.3453424627130683,3.028847434303977,184.0,3664,11.2
fixation,1100610.7720000744,0.764446958899498,0.48580675944685936,3.3737030029296875,3.0211156209309897,208.0,3665,11.2
fixation,1101227.4509999752,0.6403073775462615,0.46313620989139265,3.5234508025340543,3.2190023568960338,642.0,3666,NOTRIAL
fixation,1101927.4639999866,0.49873637821939254,0.31209632754325867,3.595979478624132,3.2877095540364585,150.0,3667,NOTRIAL
fixation,1102244.1380000114,0.3631477422184414,0.29502660863929325,3.5646124945746527,3.259523179796007,142.0,3668,NOTRIAL
fixation,1102427.4709999561,0.35380470752716064,0.306225294416601,3.598112626509233,3.286589189009233,183.0,3669,NOTRIAL
fixation,1102644.1440000534,0.4307180954651399,0.3150123642249541,3.5872733376242896,3.2936845259232954,192.0,3670,NOTRIAL
fixation,1103044.1540000439,0.5022607390270677,0.3173052581936814,3.60959323616915,3.326857101085574,709.0,3671,NOTRIAL
fixation,1103794.1670000553,0.4528849699667522,0.3079343225274767,3.509739467075893,3.254215785435268,117.0,3672,NOTRIAL
fixation,1103944.1679999828,0.49545758962631226,0.31027721952308307,3.563079140403054,3.254071669145064,734.0,3673,NOTRIAL
fixation,1104710.8499999046,0.6201892077922821,0.30475993355115255,3.5471181233723956,3.1568339029947916,250.0,3674,NOTRIAL
fixation,1104977.519999981,0.6399296894669533,0.31725425894061726,3.5419044494628906,3.1609064737955728,200.0,3675,NOTRIAL
fixation,1105227.5239999294,0.5155106416115394,0.23624341189861298,3.528875497671274,3.218854464017428,216.0,3676,NOTRIAL
fixation,1105477.5290000439,0.4487513204415639,0.23064182996749877,3.4852640787760416,3.2045827229817707,250.0,3677,NOTRIAL
fixation,1105760.867000103,0.5310254879295826,0.21519407164305449,3.462991714477539,3.111906051635742,133.0,3678,NOTRIAL
fixation,1105927.53399992,0.581903338432312,0.21347896605730057,3.44224853515625,3.0855255126953125,83.0,3679,NOTRIAL
fixation,1106060.871999979,0.4352522607033069,0.503274177129452,3.3128450833834133,3.0856487567608175,217.0,3680,NOTRIAL
fixation,1106310.8759999275,0.3539392428520398,0.5392350424558688,3.3906222612429886,3.105111146584535,650.0,3681,NOTRIAL
fixation,1107010.888999939,0.4863785336846891,0.5142536422480708,3.348342232082201,3.0918506124745244,383.0,3682,NOTRIAL
fixation,1107410.8929998875,0.5039918339914746,0.5086792425976859,3.3562644675925926,3.0892294424551503,450.0,3683,NOTRIAL
fixation,1107910.9040000439,0.6104693412780762,0.7174748231967291,3.41778564453125,2.9863459269205728,100.0,3684,NOTRIAL
fixation,1108027.5720000267,0.6533396195192807,0.7559666149928922,3.518349319207864,3.064628476002177,1024.0,3685,NOTRIAL
fixation,1109644.2690000534,0.5595244079828262,0.574516025185585,3.7161041259765626,3.275701904296875,167.0,3686,NOTRIAL
fixation,1109844.2750000954,0.5018486839074355,0.41897202455080473,3.6783846341646633,3.3713484544020433,217.0,3687,NOTRIAL
fixation,1110110.9440000057,0.38221625089645384,0.4202431470155716,3.5311737060546875,3.28572998046875,83.0,3688,NOTRIAL
fixation,1110227.6150000095,0.3390830932628541,0.47192647627421785,3.534206208728609,3.2742487589518228,700.0,3689,NOTRIAL
fixation,1110944.2960000038,0.35362817559923443,0.47703597056014196,3.5797642299107144,3.323565891810826,242.0,3690,NOTRIAL
fixation,1111377.640000105,0.39464958384633064,0.33823612332344055,3.7182083129882812,3.41845703125,66.0,3691,NOTRIAL
fixation,1111494.3059999943,0.5846264408184931,0.3049222735258249,3.706846970778245,3.3294466458834133,217.0,3692,NOTRIAL
fixation,1112394.3250000477,0.5852968871593476,0.44993732422590255,3.700392150878906,3.423101806640625,167.0,3693,NOTRIAL
fixation,1112594.3299999237,0.5122415451776414,0.4913844324293591,3.543856666201637,3.2973400297619047,351.0,3694,NOTRIAL
fixation,1112961.0069999695,0.4865213045850396,0.49811146408319473,3.4731836318969727,3.2458620071411133,267.0,3695,22
fixation,1113261.012000084,0.4276305745754923,0.42465350138289587,3.51031003679548,3.258387429373605,467.0,3696,22
fixation,1113761.0250000954,0.41522110160440207,0.6942256838083267,3.5848684310913086,3.227238655090332,267.0,3697,22
fixation,1114077.6960000992,0.5424251914024353,0.6702533930540084,3.630570983886719,3.217640686035156,167.0,3698,22
fixation,1114294.3680000305,0.4100670665502548,0.9150342255830765,3.5766815185546874,3.167242431640625,166.0,3699,22
fixation,1114494.3699998856,0.3730115124157497,0.904785522392818,3.558443341936384,3.2058323451450894,116.0,3700,22
fixation,1114661.0429999828,0.49911866230624063,0.9184042002473559,3.6107897077287947,3.1743033272879466,117.0,3701,22
fixation,1114794.3759999275,0.5427783988416195,0.9213852658867836,3.5913658142089844,3.141908645629883,133.0,3702,22
fixation,1114961.0450000763,0.6195169753498502,0.9061355921957228,3.597835964626736,3.13692389594184,150.0,3703,22
fixation,1115161.0460000038,0.5726099411646525,0.5617277051011721,3.5468177795410156,3.1573918660481772,200.0,3704,22
fixation,1115377.7200000286,0.537632942199707,0.565769249200821,3.5080230712890623,3.1859954833984374,83.0,3705,22
fixation,1115494.387000084,0.47891213613397937,0.47504301369190216,3.499581729664522,3.2771660299862133,283.0,3706,22
fixation,1115794.3929998875,0.45909886149799123,0.4829799383878708,3.508854585535386,3.2551188749425553,283.0,3707,22
fixation,1116127.7320001125,0.4450312809032552,0.6960222948999966,3.5022906135110294,3.07586669921875,283.0,3708,22
fixation,1116444.4040000439,0.41055263876914977,0.7137617602944374,3.470267486572266,3.0699951171875,333.0,3709,22
fixation,1116794.4100000858,0.38029390076796216,0.7144133806228637,3.400254313151042,3.0326751708984374,250.0,3710,22
fixation,1117061.0820000172,0.41846652187052225,0.7085354470071339,3.4201583862304688,3.031285603841146,700.0,3711,22
fixation,1117777.7599999905,0.4421062670849465,0.7110228224380596,3.382732494457348,3.0074194830817147,617.0,3712,22
fixation,1118411.105000019,0.41618621136460987,0.706016229731696,3.3874544416155135,3.006098066057478,467.0,3713,22
fixation,1118894.4479999542,0.43927558362483976,0.7076055556535721,3.3926101684570313,2.981566162109375,833.0,3714,22
fixation,1119744.473999977,0.4586631300903502,0.7076438551857358,3.3285420735677085,2.9577229817708335,350.0,3715,22
fixation,1120111.1549999714,0.46827305619623144,0.7023441417544496,3.416315714518229,3.0031421137791052,850.0,3716,22
fixation,1120977.8480000496,0.47250331069032353,0.7030947431921959,3.4676170349121094,3.0354957580566406,200.0,3717,22
fixation,1121277.8559999466,0.40833293372078944,0.7049966187853562,3.455151206568668,3.0510310122841284,317.0,3718,22
fixation,1121611.2009999752,0.4164489468461589,0.7050823930062746,3.4456112510279606,3.0386954859683386,317.0,3719,22
fixation,1121944.5450000763,0.42959476066263097,0.7107837968751004,3.405508744089227,3.0180535567434212,316.0,3720,22
fixation,1122277.888999939,0.44863208907621877,0.7161131854410525,3.4022561532479747,2.9936387803819446,458.0,3721,22
fixation,1122927.90899992,0.44592042533414705,0.6994155507002559,3.3716882978166853,3.0079667227608815,459.0,3722,22
fixation,1123411.257999897,0.47842812581973915,0.6991510058150572,3.3279324699850643,2.9830124798943016,567.0,3723,22
fixation,1124011.2720000744,0.39254112262278795,0.7100864499807358,3.391495704650879,3.0802555084228516,267.0,3724,22
fixation,1124311.276000023,0.4889725099007289,0.7126158575216929,3.5319383409288196,3.1405402289496527,150.0,3725,22
fixation,1124511.2820000648,0.4688341949473728,0.4417933862317692,3.5902446400035513,3.359196749600497,367.0,3726,22
fixation,1124894.625,0.5053054129673262,0.4753600154387749,3.6032251907607256,3.357999898619571,983.0,3727,FIX_CROS
fixation,1126011.3120000362,0.31590025722980497,0.4252418577671051,3.664744567871094,3.4523330688476563,167.0,3728,22.1
fixation,1126211.3139998913,0.25159423500299455,0.3957925334572792,3.6020904541015626,3.3720733642578127,175.0,3729,22.1
fixation,1126561.3190000057,0.5801637421051661,0.4130895535151164,3.5580266316731772,3.289031982421875,92.0,3730,22.1
fixation,1126711.3229999542,0.48859134647581315,0.4186932709481981,3.5495181613498263,3.306698269314236,150.0,3731,22.1
fixation,1127227.9979999065,0.5443388149142265,0.4083208454151948,3.489701588948568,3.2526524861653647,200.0,3732,22.1
fixation,1127461.3380000591,0.6289420068264008,0.41649452447891233,3.4754364013671877,3.20364990234375,166.0,3733,22.1
fixation,1127661.34100008,0.6963635146617889,0.41782916635274886,3.4417190551757812,3.1447128295898437,166.0,3734,22.1
fixation,1127861.3429999352,0.751849672624043,0.4022336421268327,3.4356656755719865,3.1061902727399553,233.0,3735,22.1
fixation,1128128.0130000114,0.7623915885175977,0.48755258321762085,3.4291207449776784,3.1412266322544644,117.0,3736,22.1
fixation,1128261.3510000706,0.7016023347775141,0.5084269742170969,3.4360682169596353,3.1860148111979165,200.0,3737,22.1
fixation,1128494.6889998913,0.766379944302819,0.5081400789997794,3.4778248180042612,3.1640555641867896,183.0,3738,22.1
fixation,1128744.6940000057,0.4685649921496709,0.5022072866559029,3.418797810872396,3.206181844075521,100.0,3739,22.1
fixation,1128894.6949999332,0.28154535426033866,0.5035590678453445,3.393620808919271,3.204071044921875,150.0,3740,22.1
fixation,1129078.0329999924,0.2120479129254818,0.5028205946087837,3.3785995483398437,3.1798477172851562,167.0,3741,22.1
fixation,1129294.7009999752,0.390124449133873,0.5486441552639008,3.370452880859375,3.097918701171875,83.0,3742,22.1
fixation,1129411.3680000305,0.41656231321394444,0.5847022123634815,3.358448028564453,3.058399200439453,141.0,3743,22.1
fixation,1129744.7070000172,0.5011207716805595,0.5619666831833976,3.342291695731027,3.0620553152901784,109.0,3744,22.1
fixation,1129878.0409998894,0.5683537920316061,0.5592828591664633,3.3353195190429688,3.0178807576497397,100.0,3745,22.1
fixation,1129994.7109999657,0.5941454879939556,0.5780422389507294,3.321420669555664,2.972423553466797,133.0,3746,22.1
fixation,1130194.7139999866,0.29507628952463466,0.498320738474528,3.2762743631998696,3.064533233642578,200.0,3747,22.1
fixation,1130428.0499999523,0.43427415440479916,0.49585068598389626,3.2531585693359375,3.093555450439453,200.0,3748,22.1
fixation,1130661.390000105,0.5150131483872732,0.4947754608260261,3.3008880615234375,3.0798746744791665,150.0,3749,22.1
fixation,1130844.7230000496,0.5950786066906792,0.5016127164874759,3.3332230704171315,3.063441685267857,467.0,3750,22.1
fixation,1131361.3940000534,0.6238881372488462,0.29661395859259826,3.5004366361177883,3.143977238581731,216.0,3751,NOTRIAL
fixation,1131628.0639998913,0.376239076256752,0.323219207200137,3.5746418346058237,3.3173647793856533,184.0,3752,NOTRIAL
fixation,1131828.0650000572,0.34889735747128725,0.32077347952872515,3.5973119735717773,3.323606491088867,267.0,3753,NOTRIAL
fixation,1132128.0699999332,0.34909112652142843,0.5213448723157247,3.515830485026042,3.2912638346354166,250.0,3754,NOTRIAL
fixation,1132411.4049999714,0.3633945398032665,0.3365471971531709,3.6376355489095054,3.3868064880371094,200.0,3755,NOTRIAL
fixation,1132661.4110000134,0.3598935323811713,0.5211897194385529,3.614976065499442,3.4149961925688244,700.0,3756,NOTRIAL
fixation,1133428.0859999657,0.6621228034297625,0.755921837190787,3.6728894551595053,3.3063428243001303,1000.0,3757,NOTRIAL
fixation,1134928.114000082,0.5148814301937819,0.5120720211416483,3.7223081588745117,3.4695377349853516,267.0,3758,FIX_CROS
fixation,1135211.4509999752,0.49152053262178713,0.47850873263982624,3.6761844341571512,3.4873938927283654,433.0,3759,FIX_CROS
fixation,1135661.4619998932,0.46401365633521763,0.4829064735344478,3.6328212193080356,3.439328874860491,233.0,3760,FIX_CROS
fixation,1135911.469000101,0.44193721505311817,0.4622672486763734,3.64028813288762,3.4416668231670675,216.0,3761,FIX_CROS
fixation,1136161.4719998837,0.369208636028426,0.515378258058003,3.6826629638671875,3.479642595563616,116.0,3762,22.2
fixation,1136328.14199996,0.5077555643187629,0.5120754904217191,3.713467068142361,3.4650980631510415,150.0,3763,22.2
fixation,1136511.4779999256,0.5792950928211212,0.5106068104505539,3.7069549560546875,3.4164810180664062,166.0,3764,22.2
fixation,1136711.4820001125,0.623795132745396,0.5115068812261928,3.7239615700461646,3.410737471147017,183.0,3765,22.2
fixation,1136928.1519999504,0.6579579871434432,0.510426803277089,3.7261516864483175,3.4340679462139425,217.0,3766,22.2
fixation,1137161.487999916,0.6839289750371661,0.5257588454655239,3.7119827270507812,3.4038303920200894,233.0,3767,22.2
fixation,1138119.84100008,0.5740806302603554,0.5276342840755687,3.7404668471392464,3.4177308924057903,282.0,3768,22.2
fixation,1138436.5160000324,0.5036927142313549,0.3742012637002127,3.6448495047433034,3.4448721749441966,116.0,3769,NOTRIAL
fixation,1138586.515000105,0.6260507727662722,0.33880380541086197,3.6539459228515625,3.3334223429361978,200.0,3770,NOTRIAL
fixation,1138803.1860001087,0.6300403308868409,0.334426589012146,3.66896240234375,3.3266204833984374,834.0,3771,NOTRIAL
fixation,1139686.53399992,0.6472800558521634,0.5377015279872077,3.7028140113467263,3.3895347231910344,700.0,3772,NOTRIAL
fixation,1140419.882999897,0.657106497708489,0.755059648086043,3.8576767865349266,3.424561444450827,575.0,3773,NOTRIAL
fixation,1141678.236000061,0.5793584495782852,0.6223922997713089,3.886216735839844,3.500445556640625,167.0,3774,NOTRIAL
fixation,1141878.242000103,0.5279918100152697,0.39610558322497774,3.7849524361746654,3.5183399745396207,234.0,3775,NOTRIAL
fixation,1142161.5769999027,0.4690279051661491,0.29789633601903914,3.7093231201171877,3.4552932739257813,166.0,3776,NOTRIAL
fixation,1142361.5820000172,0.5408895777331458,0.2988688548405965,3.7226087782118054,3.4402601453993054,150.0,3777,NOTRIAL
fixation,1142544.9219999313,0.6346897929906845,0.48500531166791916,3.7077119009835378,3.4549048287527904,467.0,3778,NOTRIAL
fixation,1143028.2539999485,0.636793702840805,0.48847318192323047,3.873634847005208,3.584332275390625,250.0,3779,NOTRIAL
fixation,1143978.2799999714,0.6008720777251504,0.4975221969864585,3.822805231267756,3.453591086647727,183.0,3780,NOTRIAL
fixation,1144194.9530000687,0.5146846647063891,0.49417570047080517,3.6196390787760415,3.35565185546875,408.0,3781,NOTRIAL
fixation,1144878.2969999313,0.40500856935977936,0.8516615897417068,3.517681884765625,3.2199127197265627,167.0,3782,18
fixation,1145061.6349999905,0.36876076689133275,0.8771117719320151,3.5300316443810096,3.223179743840144,216.0,3783,18
fixation,1145311.637000084,0.4512009218335152,0.8951600283384323,3.5851959228515624,3.1974945068359375,166.0,3784,18
fixation,1145511.634000063,0.5015917817751566,0.9004112382729849,3.581414540608724,3.172346750895182,200.0,3785,18
fixation,1145744.9809999466,0.5754540669066566,0.8942492455244064,3.6085913521902904,3.164391653878348,233.0,3786,18
fixation,1146011.6519999504,0.6181939601898193,0.8882199823856354,3.617535400390625,3.1701873779296874,166.0,3787,18
fixation,1146211.6489999294,0.5154387525149754,0.9002924455063683,3.5728628976004466,3.1616319928850447,233.0,3788,18
fixation,1146478.3250000477,0.5773606101671854,0.9064198484023412,3.5987752278645835,3.1606114705403647,100.0,3789,18
fixation,1146611.6649999619,0.6373210959136486,0.8891286365687847,3.6034278869628906,3.1536865234375,133.0,3790,18
fixation,1146795.0,0.5003050979640749,0.5749762223826514,3.527982923719618,3.2015889485677085,150.0,3791,18
fixation,1146961.6600000858,0.4792350186269824,0.5801655378411797,3.2708440828724066,2.991818275772223,3967.0,3792,18
fixation,1150945.0690000057,0.49668470782748725,0.5125372581562754,3.268454082941605,3.0640706207792636,984.0,3793,FIX_CROS
fixation,1151961.7509999275,0.421177265899522,0.5117643816130502,3.3390088762555803,3.1282152448381697,117.0,3794,NOTRIAL
fixation,1152128.4170000553,0.4534570196500191,0.3102219907137064,3.4746680626502404,3.220685518704928,216.0,3795,NOTRIAL
fixation,1152378.4149999619,0.36966873332858086,0.31547002866864204,3.5673179626464844,3.348785400390625,133.0,3796,NOTRIAL
fixation,1152578.4260001183,0.6489563472568989,0.5978735536336899,3.685548782348633,3.2796630859375,133.0,3797,NOTRIAL
fixation,1152745.0920000076,0.6556651324033738,0.7457256883382797,3.8408432006835938,3.451325225830078,342.0,3798,NOTRIAL
fixation,1153278.4270000458,0.608695958669369,0.2988855466246605,3.9871309720552883,3.6532815786508412,208.0,3799,NOTRIAL
fixation,1153511.763999939,0.6336811804457715,0.3025999257439061,3.788515191329153,3.4600155479029606,633.0,3800,NOTRIAL
fixation,1154178.4409999847,0.510160560409228,0.3029586784541607,3.605144500732422,3.350317637125651,200.0,3801,NOTRIAL
fixation,1154428.4470000267,0.49631801545619963,0.21055612042546273,3.623216247558594,3.3499832153320312,166.0,3802,NOTRIAL
fixation,1155711.8110001087,0.45950458485346574,0.6790447028783652,3.6508695162259617,3.2330052302433896,217.0,3803,NOTRIAL
fixation,1155978.4749999046,0.41173777932470496,0.25283657827160577,3.632505937056108,3.365109530362216,183.0,3804,NOTRIAL
fixation,1156178.484999895,0.35787173552172524,0.291310995391437,3.5867501395089287,3.32770254952567,583.0,3805,NOTRIAL
fixation,1156811.8280000687,0.6222715423657343,0.3215907491170443,3.6242264967698317,3.30544926570012,217.0,3806,NOTRIAL
fixation,1157045.1670000553,0.6324445555607477,0.3121610066543023,3.6290804545084634,3.3080660502115884,200.0,3807,NOTRIAL
fixation,1157261.8389999866,0.6404119441906612,0.2994566924870014,3.7086107889811197,3.35150146484375,1008.0,3808,NOTRIAL
fixation,1158445.1940000057,0.6494568872910279,0.49812015203329235,3.6364079988919773,3.3138404259314904,859.0,3809,NOTRIAL
fixation,1159361.8759999275,0.6680812812768496,0.7216659727004858,3.6249090341421275,3.2220394427959738,433.0,3810,NOTRIAL
fixation,1159828.5490000248,0.6557770371437073,0.5029362913440255,3.67191359576057,3.4161538516773895,283.0,3811,NOTRIAL
fixation,1160128.5529999733,0.6421337812035172,0.5026852455404069,3.6772856535734952,3.3527990270543984,450.0,3812,NOTRIAL
fixation,1160645.2279999256,0.6610155228306266,0.7511355149395326,3.656600503360524,3.204175163717831,567.0,3813,NOTRIAL
fixation,1161761.9110000134,0.5819276319100306,0.5463833740124335,3.7700641338641825,3.3759354811448317,217.0,3814,NOTRIAL
fixation,1161995.2490000725,0.5161790263194305,0.4574780154686708,3.6487174400916467,3.394791236290565,434.0,3815,FIX_CROS
fixation,1162461.9210000038,0.4919578908011317,0.46949063101783395,3.5741257667541504,3.362332820892334,533.0,3816,FIX_CROS
fixation,1163045.26699996,0.5884488608155932,0.4999346009322575,3.6057543073381697,3.397365025111607,117.0,3817,18.2
fixation,1163195.2679998875,0.6141965746879577,0.5083320774137974,3.707670211791992,3.4040836334228515,667.0,3818,18.2
fixation,1163895.2790000439,0.4932240293576167,0.4963454260275914,3.664684589092548,3.441570575420673,217.0,3819,18.2
fixation,1164145.280999899,0.5634665787220001,0.5094186305999756,3.690447998046875,3.449652099609375,167.0,3820,18.2
fixation,1164361.9539999962,0.44003452733159065,0.49576183781027794,3.6343460083007812,3.3896980285644527,67.0,3821,18.2
fixation,1164445.2869999409,0.4357159733772278,0.5058997631072998,3.6121368408203125,3.3887237548828124,84.0,3822,18.2
fixation,1164561.9600000381,0.5815244104181018,0.4997590460947582,3.616060529436384,3.334651402064732,117.0,3823,18.2
fixation,1164711.9590001106,0.6061808645725251,0.5254654049873352,3.5894927978515625,3.2723663330078123,83.0,3824,18.2
fixation,1165245.3020000458,0.7608925700187683,1.1703486517071724,3.635038375854492,3.2271728515625,126.0,3825,18.2
fixation,1165445.3059999943,0.5895606372505426,0.4998620664700866,3.636075973510742,3.3836021423339844,267.0,3826,NOTRIAL
fixation,1165745.3099999428,0.6503867357969284,0.4991936298708121,3.6375706990559897,3.3683675130208335,200.0,3827,NOTRIAL
fixation,1166011.9820001125,1.1240287188972746,0.8557912558317184,3.7648680550711497,3.330228533063616,467.0,3828,NOTRIAL
fixation,1166561.9949998856,0.605494037270546,0.5085394158959389,3.647533416748047,3.351226806640625,67.0,3829,NOTRIAL
fixation,1166695.3310000896,0.607842817902565,0.5116933919489384,3.5600242614746094,3.275196075439453,67.0,3830,NOTRIAL
fixation,1166828.6670000553,0.36022769659757614,0.37534291855990887,3.583608627319336,3.3511524200439453,133.0,3831,NOTRIAL
fixation,1166978.6700000763,0.34293471574783324,0.3368649140000343,3.596837615966797,3.356688690185547,333.0,3832,NOTRIAL
fixation,1167362.0,0.34929132647812366,0.5400106646120548,3.517101287841797,3.3134384155273438,134.0,3833,NOTRIAL
fixation,1167512.0039999485,0.3485464470890852,0.5243225659315403,3.5076924837552586,3.3327293395996094,867.0,3834,NOTRIAL
fixation,1168428.6860001087,0.35345388728159444,0.33849929328317996,3.620591340241609,3.343976621274595,450.0,3835,NOTRIAL
fixation,1169012.030999899,0.35584344511682336,0.5576888404109261,3.557950106534091,3.321626143022017,184.0,3836,NOTRIAL
fixation,1169228.7019999027,0.33687870346364523,0.7600784358524141,3.5552491687593006,3.2447989327566966,350.0,3837,NOTRIAL
fixation,1169595.3729999065,0.36259652860462666,0.7647061593830585,3.5456382751464846,3.2183502197265623,666.0,3838,NOTRIAL
fixation,1170295.3880000114,0.3625622682793196,0.5284976186447365,3.4464017291401707,3.20543581940407,1433.0,3839,NOTRIAL
fixation,1171778.7509999275,0.6302669551223516,0.7372067011892796,3.411224365234375,3.0036582946777344,267.0,3840,NOTRIAL
fixation,1172062.0899999142,0.6587615376338363,0.7510002152994275,3.4729819297790527,3.063610076904297,542.0,3841,NOTRIAL
fixation,1173128.7850000858,0.620547001178448,0.6218080818653107,3.6065286489633412,3.1912877009465146,217.0,3842,NOTRIAL
fixation,1173412.1259999275,0.5125368455281625,0.32752028222267443,3.637096698467548,3.342028104341947,217.0,3843,NOTRIAL
fixation,1173662.1289999485,0.436284207871982,0.3004570028611592,3.557063511439732,3.274784633091518,117.0,3844,NOTRIAL
fixation,1173812.1319999695,0.38780960109498763,0.29788608021206325,3.513729519314236,3.2522820366753473,150.0,3845,NOTRIAL
fixation,1173995.4590001106,0.4888402983546257,0.3117757931351662,3.4895614624023437,3.234893798828125,166.0,3846,NOTRIAL
fixation,1174195.4670000076,0.5500129503863198,0.3137995834861483,3.4661058698381697,3.2726614815848216,116.0,3847,NOTRIAL
fixation,1174395.4679999352,0.38185248392469745,0.48557518597911387,3.485055362477022,3.337327844956342,283.0,3848,NOTRIAL
fixation,1174695.4730000496,0.3413271317879359,0.5090513481696447,3.519331461588542,3.304051717122396,1250.0,3849,NOTRIAL
fixation,1176812.1779999733,0.49185111249486607,0.5668808917204539,3.7302424112955728,3.3540967305501304,200.0,3850,NOTRIAL
fixation,1177028.8559999466,0.5050165265798569,0.5067958235740662,3.508404541015625,3.284528605143229,250.0,3851,NOTRIAL
fixation,1177295.5280001163,0.5177021675876209,0.5005802639893123,3.4072984967912947,3.1720493861607144,233.0,3852,NOTRIAL
fixation,1177828.8710000515,0.4237017571926117,0.3732213169336319,3.3802978515625,3.179229736328125,75.0,3853,14
fixation,1177945.5290000439,0.5109038054943085,0.37530617117881776,3.3792083740234373,3.103712463378906,166.0,3854,14
fixation,1178128.868999958,0.5727112657494016,0.3660511266854074,3.295465257432726,3.0637859768337674,300.0,3855,14
fixation,1178462.2070000172,0.501697260298227,0.459629929379413,3.1587813527960527,3.0233957391036186,317.0,3856,14
fixation,1178828.881000042,0.5932796980653491,0.7273362151214054,3.2362147739955356,2.9223153250558034,117.0,3857,14
fixation,1179045.5510001183,0.41581837385892867,0.8900975704193115,3.2454788208007814,2.9832412719726564,166.0,3858,14
fixation,1179245.5529999733,0.3490803713599841,0.9076085612177849,3.2750536600748696,3.0257047017415366,200.0,3859,14
fixation,1179462.223999977,0.32902753684255814,0.9051835040251414,3.275417751736111,3.01059807671441,150.0,3860,14
fixation,1179645.5559999943,0.42132244838608635,0.9050147301620908,3.262664794921875,2.975248548719618,150.0,3861,14
fixation,1179828.8940000534,0.512050598859787,0.9169535173310174,3.28470696343316,2.9572245279947915,150.0,3862,14
fixation,1180012.230000019,0.5860669802535664,0.9151110784573988,3.343962235884233,2.978109186345881,184.0,3863,14
fixation,1180228.8970000744,0.6381525993347168,0.9093319608105553,3.356235080295139,2.9919620090060763,150.0,3864,14
fixation,1180395.5659999847,0.6656848225328658,0.900354352262285,3.3388180202907987,3.0037384033203125,150.0,3865,14
fixation,1180578.9040000439,0.5784646039423735,0.6741997431153837,3.312646617060122,2.9805364194123642,383.0,3866,14
fixation,1181012.240999937,0.4657484598103024,0.4466192541377885,3.2730589367094494,3.0659081595284596,700.0,3867,14
fixation,1181728.9159998894,0.5023379743099212,0.4259124082326889,3.2696380615234375,3.0435107421875,417.0,3868,14
fixation,1182195.5880000591,0.5718098878860474,0.3522712601856752,3.3308521617542612,3.0135137384588067,183.0,3869,14
fixation,1182428.9240000248,0.6143647084633509,0.5640209044019381,3.2284634908040366,2.9975547790527344,200.0,3870,14
fixation,1182662.2599999905,0.5934819159182635,0.6855553496967662,3.3129806518554688,2.9328793612393467,367.0,3871,14
fixation,1183045.5950000286,0.5713540675311253,0.6850148747707235,3.279457355367726,2.871599394699623,483.0,3872,14
fixation,1183578.9360001087,0.47931076728162314,0.4353250414133072,3.2086988176618303,2.9806947253999256,350.0,3873,14
fixation,1183962.2739999294,0.4545827919945997,0.4734391254537246,3.1738819795496322,2.994035608628217,284.0,3874,14
fixation,1184278.9479999542,0.49541122615337374,0.34612515370051067,3.2529815673828124,2.93939208984375,250.0,3875,14
fixation,1184562.28399992,0.46020982414484024,0.37060157358646395,3.2957763671875,3.0501556396484375,167.0,3876,14
fixation,1184762.2960000038,0.5519595362923362,0.3623043393546885,3.2903927889737217,3.0074351917613638,184.0,3877,14
fixation,1184978.9649999142,0.5883202155431112,0.3611290877064069,3.2764790852864585,3.014429728190104,100.0,3878,14
fixation,1185145.635999918,0.6515069529414177,0.9810408875346184,3.2790470123291016,2.9489364624023438,133.0,3879,14
fixation,1185295.6380000114,0.6651609788338343,0.9090806014007993,3.4117084079318576,3.0424575805664062,300.0,3880,14
fixation,1185662.3010001183,0.5470592826604843,0.36115746732269016,3.534515380859375,3.26397705078125,234.0,3881,14
fixation,1185928.9760000706,0.49485435088475543,0.4769249762649889,3.442291259765625,3.2808238841869213,450.0,3882,FIX_CROS
fixation,1186412.3180000782,0.44564877152442933,0.4546194225549698,3.5048248291015627,3.348858642578125,92.0,3883,FIX_CROS
fixation,1186678.989000082,0.4866213878759971,0.48927711179623234,3.4337874192457933,3.2587890625,209.0,3884,FIX_CROS
fixation,1186945.6600000858,0.3001434326171875,0.3213173508644104,3.5486328125,3.3123779296875,83.0,3885,14.1
fixation,1187045.65899992,0.2450348279542393,0.30741051336129505,3.4593963623046875,3.225314670138889,150.0,3886,14.1
fixation,1187212.3310000896,0.22656324971467257,0.28882682882249355,3.3628787994384766,3.175168991088867,134.0,3887,14.1
fixation,1187379.0020000935,0.3286627918481827,0.3004730388522148,3.3444366455078125,3.0775146484375,167.0,3888,14.1
fixation,1187579.0050001144,0.44346544959328393,0.2963660156184977,3.3151799982244317,3.111167214133523,184.0,3889,14.1
fixation,1187795.6749999523,0.5245033353567123,0.2857780146102111,3.3251431783040366,3.0746917724609375,200.0,3890,14.1
fixation,1188029.010999918,0.5976168321711677,0.27045571005770136,3.3025806971958707,3.065350123814174,234.0,3891,14.1
fixation,1188279.0160000324,0.6269653081893921,0.2900281250476837,3.3983001708984375,3.069976806640625,84.0,3892,14.1
fixation,1188379.0190000534,0.7027821791799445,0.2791729126321642,3.395609002364309,3.074545609323602,317.0,3893,14.1
fixation,1188729.0250000954,0.782684150338173,0.2648090973496437,3.4682235717773438,3.0351531982421873,167.0,3894,14.1
fixation,1188979.030999899,0.30447134375572205,0.33291994631290434,3.3457672119140627,3.1066802978515624,84.0,3895,14.1
fixation,1189095.6970000267,0.21188743209297006,0.32720519263635983,3.311739141290838,3.090478376908736,367.0,3896,14.1
fixation,1189495.7030000687,0.29678702155749004,0.3471536686023076,3.3304239908854165,3.0385091145833334,250.0,3897,14.1
fixation,1189762.3729999065,0.35477088391780853,0.3525434508919716,3.35223388671875,2.9812660217285156,74.0,3898,14.1
fixation,1189995.7079999447,0.43466916494071484,0.36180176585912704,3.341381072998047,3.036520004272461,125.0,3899,14.1
fixation,1190162.3759999275,0.5080510393569344,0.3627325994403739,3.3229040848581413,3.000737240439967,316.0,3900,14.1
fixation,1190495.7130000591,0.5639571911758847,0.3442243089278539,3.2935672336154513,2.9898495144314237,150.0,3901,14.1
fixation,1190662.384000063,0.6182485197981199,0.3408510647714138,3.3009859720865884,2.9625167846679688,200.0,3902,14.1
fixation,1190895.719000101,0.7003635168075562,0.3204348422586918,3.2835044860839844,2.8695716857910156,67.0,3903,14.1
fixation,1190979.0539999008,0.7004593213399252,0.33109497527281445,3.26432122124566,2.905736287434896,150.0,3904,14.1
fixation,1191162.390000105,0.7786808341741562,0.3370146811008453,3.3130477905273437,2.92750244140625,166.0,3905,14.1
fixation,1191445.7260000706,0.27050806156226564,0.4308086910418102,3.258446829659598,3.042356218610491,117.0,3906,14.1
fixation,1191595.7260000706,0.22287315800786017,0.40171164721250535,3.2910491943359377,3.0177047729492186,175.0,3907,14.1
fixation,1191979.0650000572,0.310073908418417,0.4018838685005903,3.3305416107177734,3.025160789489746,259.0,3908,14.1
fixation,1192279.0710000992,0.3823082774877548,0.4089768514037132,3.2448684692382814,2.9498779296875,167.0,3909,14.1
fixation,1192479.0720000267,0.44470701515674593,0.4088938906788826,3.153192138671875,2.9052276611328125,167.0,3910,14.1
fixation,1192679.0759999752,0.4997492417693138,0.4142970785498619,3.1640335083007813,2.891404724121094,167.0,3911,14.1
fixation,1192879.0759999752,0.5821264982223511,0.41587516936388885,3.176180752840909,2.9017528187144888,184.0,3912,14.1
fixation,1193095.7460000515,0.6423457205295563,0.4069868206977844,3.160760498046875,2.8863479614257814,167.0,3913,14.1
fixation,1193295.7479999065,0.7081056806174192,0.41871031576936896,3.2154721346768467,2.9058269153941763,183.0,3914,14.1
fixation,1193512.4179999828,0.7710030906730228,0.41012416283289593,3.2353583441840277,2.8745659722222223,150.0,3915,14.1
fixation,1193762.4210000038,0.3276258260011673,0.5069334775209426,3.146844482421875,2.9546539306640627,83.0,3916,14.1
fixation,1193862.4210000038,0.22952366146174344,0.5153591443191875,3.1652402010830967,2.990540937943892,183.0,3917,14.1
fixation,1194062.4240000248,0.20577299346526465,0.48607834180196124,3.169419606526693,2.940199534098307,200.0,3918,14.1
fixation,1194295.760999918,0.30000460825183173,0.5036853809248317,3.156532981178977,2.9152679443359375,183.0,3919,14.1
fixation,1194512.4330000877,0.3699769601225853,0.5111737698316574,3.164226531982422,2.931316375732422,74.0,3920,14.1
fixation,1194845.7679998875,0.4512367720405261,0.49467210719982785,3.2111384073893228,2.9453887939453125,92.0,3921,14.1
fixation,1194979.1070001125,0.5358554547031721,0.479436023781697,3.1854286193847656,2.931889851888021,200.0,3922,14.1
fixation,1195212.4440000057,0.6424248878444944,0.48259358746664865,3.162694658551897,2.8656703404017856,233.0,3923,14.1
fixation,1195479.117000103,0.6981735991107093,0.4848802967203988,3.1748555501302085,2.896699693467882,150.0,3924,14.1
fixation,1195662.4530000687,0.785090205570062,0.47595323373874027,3.250920613606771,2.829218546549479,200.0,3925,14.1
fixation,1195945.7899999619,0.2572128316387534,0.577952153980732,3.1607666015625,2.9615097045898438,133.0,3926,14.1
fixation,1196095.7929999828,0.21747799561573908,0.608161027614887,3.2295978252704325,2.982884333683894,217.0,3927,14.1
fixation,1196362.4639999866,0.392190547151999,0.5970014983957465,3.2402787642045454,2.914822665127841,183.0,3928,14.1
fixation,1196579.1349999905,0.49080074454347294,0.581260251502196,3.2327295939127603,2.8893445332845054,200.0,3929,14.1
fixation,1196829.138999939,0.5938516706228256,0.5879105180501938,3.279944101969401,2.9521026611328125,200.0,3930,14.1
fixation,1197062.4749999046,0.7078253030776978,0.5857986130497672,3.3354977694424717,2.9875668612393467,183.0,3931,14.1
fixation,1197279.1459999084,0.7897436499595643,0.5854530394077301,3.363214111328125,2.9369903564453126,84.0,3932,14.1
fixation,1197445.8169999123,0.3906418439000845,0.666560972109437,3.2484750747680664,2.8937225341796875,267.0,3933,14.1
fixation,1197729.1540000439,0.42553422261368146,0.6747117394750769,3.2569219415838067,2.9125477183948862,184.0,3934,14.1
fixation,1197945.8229999542,0.5282720948259035,0.680180494983991,3.229323069254557,2.8892478942871094,200.0,3935,14.1
fixation,1198162.493999958,0.5986238555474714,0.6740405424074694,3.2622639049183237,2.8954634232954546,183.0,3936,14.1
fixation,1198379.1670000553,0.6761829618896756,0.6788146580968585,3.2930897303989957,2.874213082449777,234.0,3937,14.1
fixation,1198629.1679999828,0.7062609493732452,0.6821390560695103,3.313685825892857,2.9186532156808034,117.0,3938,14.1
fixation,1198779.1710000038,0.7564211040735245,0.68723896642526,3.335077921549479,2.9069900512695312,100.0,3939,14.1
fixation,1198945.8420000076,0.3408988416194916,0.7866354174911976,3.2391624450683594,2.890026092529297,133.0,3940,14.1
fixation,1199095.8429999352,0.29431901330297644,0.781579627232118,3.2354555996981533,2.9277704412286933,183.0,3941,14.1
fixation,1199312.515000105,0.4337672119339307,0.7811799148718516,3.2409324645996094,2.8817736307779946,200.0,3942,14.1
fixation,1199545.8480000496,0.536865614927732,0.7929606208434472,3.2856410099909854,2.918638962965745,217.0,3943,14.1
fixation,1199795.8559999466,0.6078429977099101,0.7827838321526845,3.307967122395833,2.9392333984375,250.0,3944,14.1
fixation,1200062.5250000954,0.6657858391602834,0.7823185986942716,3.306550767686632,2.9369439019097223,158.0,3945,14.1
fixation,1200712.5320000648,0.5192728256806731,0.4611699217930436,3.363555908203125,3.117152214050293,258.0,3946,NOTRIAL
fixation,1201029.2030000687,0.47899148364861804,0.25951433181762695,3.4714813232421875,3.173151652018229,100.0,3947,NOTRIAL
fixation,1201162.5420000553,0.3580237731337547,0.3174547016620636,3.3995437622070312,3.1105026245117187,166.0,3948,NOTRIAL
fixation,1201362.5490000248,0.348781802588039,0.30382759703530204,3.436582777235243,3.1337890625,150.0,3949,NOTRIAL
fixation,1201579.219000101,0.6048772372305393,0.28885440435260534,3.5702743530273438,3.164060592651367,134.0,3950,NOTRIAL
fixation,1201729.2219998837,0.6248840812374564,0.30487096134354086,3.5578559426700367,3.2021762623506436,284.0,3951,NOTRIAL
fixation,1202045.882999897,0.5349736259533808,0.31941354045501125,3.589159451998197,3.3149390587439904,217.0,3952,NOTRIAL
fixation,1202279.2279999256,0.5544243790209293,0.33353307843208313,3.584336280822754,3.346323013305664,275.0,3953,NOTRIAL
fixation,1202862.5620000362,0.4985997751355171,0.3073671519756317,3.454450988769531,3.26578369140625,166.0,3954,NOTRIAL
fixation,1203045.898000002,0.4949648275094874,0.33013641834259033,3.4349302404067097,3.211643892176011,283.0,3955,NOTRIAL
fixation,1203362.5699999332,0.3735440696279208,0.5190479507048925,3.3104591369628906,3.1411641438802085,200.0,3956,NOTRIAL
fixation,1203579.2400000095,0.3481002284420861,0.5167390869723426,3.3092820909288196,3.1094207763671875,150.0,3957,NOTRIAL
fixation,1203762.5739998817,0.48972206864808054,0.5003398205782916,3.342378770982897,3.1244280016100086,616.0,3958,NOTRIAL
fixation,1204429.25,0.6365163837160382,0.7093595521790641,3.4267403738839284,2.9728589739118303,117.0,3959,NOTRIAL
fixation,1204562.5880000591,0.6581038378533863,0.7456157732577551,3.4723946707589284,3.0360659644717263,358.0,3960,NOTRIAL
fixation,1205795.9500000477,0.5116139482706785,0.4431850938126445,3.507122039794922,3.1920270919799805,525.0,3961,FIX_CROS
fixation,1206362.6240000725,0.48013620930058615,0.4641954292144094,3.442835126604353,3.166729518345424,233.0,3962,FIX_CROS
fixation,1206645.9630000591,0.4217819282785058,0.46201532147824764,3.4844493865966797,3.219180107116699,267.0,3963,FIX_CROS
fixation,1207029.2929999828,0.24455812759697437,0.33564818650484085,3.5849380493164062,3.2907676696777344,67.0,3964,14.2
fixation,1207112.628000021,0.23397998387614885,0.3098839769760768,3.512659708658854,3.255171457926432,200.0,3965,14.2
fixation,1207345.9639999866,0.29289249889552593,0.30643083341419697,3.4737586975097656,3.1689682006835938,133.0,3966,14.2
fixation,1207529.3020000458,0.390600391796657,0.33496194226401194,3.4387294224330356,3.141270228794643,117.0,3967,14.2
fixation,1207679.3039999008,0.4602615042374684,0.33702035362903887,3.4388451209435096,3.1839458759014425,217.0,3968,14.2
fixation,1207912.6530001163,0.5147279699643453,0.32283196846644086,3.4630889892578125,3.189422607421875,108.0,3969,14.2
fixation,1208195.9809999466,0.5793968704011705,0.30481720964113873,3.480843438042535,3.157224867078993,142.0,3970,14.2
fixation,1208395.9839999676,0.6696754775264047,0.29079860719767486,3.460568514737216,3.074075872247869,183.0,3971,14.2
fixation,1208612.6519999504,0.7520128004252911,0.2791686346754432,3.4163131713867188,3.041078567504883,133.0,3972,14.2
fixation,1208762.655999899,0.7906651761796739,0.27687206616004306,3.3870171440972223,2.9724273681640625,150.0,3973,14.2
fixation,1209012.6610000134,0.23287392656008402,0.34922003746032715,3.2462649875217013,3.0746036105685763,150.0,3974,14.2
fixation,1209179.3320000172,0.19563280655579132,0.34354947913776746,3.268320257013494,2.9892342307350854,184.0,3975,14.2
fixation,1209395.9990000725,0.29206068271940405,0.38409770212390204,3.335234208540483,3.0553089488636362,184.0,3976,14.2
fixation,1209612.6700000763,0.37016968970949,0.3977998278357766,3.3504139293323862,3.0706648393110796,183.0,3977,14.2
fixation,1209829.34100008,0.4557560483614604,0.4107018232345581,3.357282511393229,3.062516276041667,250.0,3978,14.2
fixation,1210096.0160000324,0.5099461242556572,0.4045109122991562,3.3500717163085936,3.0709213256835937,167.0,3979,14.2
fixation,1210279.3499999046,0.5730895860628649,0.40705007721077313,3.3550262451171875,3.0456418124112217,183.0,3980,14.2
fixation,1210512.6879999638,0.6620071232318878,0.38453780561685563,3.368157958984375,2.970692443847656,167.0,3981,14.2
fixation,1210712.6889998913,0.7347619127143513,0.3980853015726263,3.3942316228693183,3.010006991299716,183.0,3982,14.2
fixation,1210912.6970000267,0.7775780492358737,0.3895553665028678,3.3699408637152777,2.952577590942383,150.0,3983,14.2
fixation,1211079.365999937,0.8055871188640594,0.3994834154844284,3.3887908935546873,2.94908447265625,83.0,3984,14.2
fixation,1211246.03399992,0.26062640100717543,0.4449677288532257,3.3071929931640627,3.0427978515625,84.0,3985,14.2
fixation,1211362.7039999962,0.21317526027560235,0.4176006615161896,3.3294921875,2.932597351074219,167.0,3986,14.2
fixation,1211596.0409998894,0.2584695406258106,0.46044886857271194,3.3327000935872397,3.009150187174479,100.0,3987,14.2
fixation,1211712.7079999447,0.3144383200190284,0.4496693286028775,3.279549338600852,2.983591253107244,183.0,3988,14.2
fixation,1211929.381000042,0.399007339369167,0.45512422106482764,3.247498945756392,3.014273903586648,183.0,3989,14.2
fixation,1212146.0510001183,0.46575701609253883,0.45809047296643257,3.2657241821289062,3.0025062561035156,75.0,3990,14.2
fixation,1212462.7249999046,0.5227269546853172,0.45176198912991417,3.292838202582465,3.036617702907986,142.0,3991,14.2
fixation,1212646.0580000877,0.6094964643319448,0.4423578505714734,3.2746505737304688,2.9661954243977866,200.0,3992,14.2
fixation,1212862.7309999466,0.6636169254779816,0.4478752116362254,3.2458216349283853,2.9080174763997397,100.0,3993,14.2
fixation,1212979.4000000954,0.7142558892567953,0.4547282059987386,3.223502265082465,2.8874638875325522,300.0,3994,14.2
fixation,1213312.742000103,0.7655612528324127,0.4567746307168688,3.2314790998186385,2.883530752999442,233.0,3995,14.2
fixation,1213562.743999958,0.7986247450113296,0.4447139099240303,3.2611114501953127,2.870838928222656,167.0,3996,14.2
fixation,1213746.0840001106,0.8224832750856876,0.4455224275588989,3.314390182495117,2.870573043823242,134.0,3997,14.2
fixation,1213962.7509999275,0.3166507501155138,0.5518477708101273,3.2357177734375,2.966602325439453,133.0,3998,14.2
fixation,1214129.4200000763,0.20917848096444056,0.5459570586681366,3.2776454045222354,3.041874812199519,216.0,3999,14.2
fixation,1214362.757999897,0.18806123485167822,0.5550751388072968,3.326854705810547,3.0504366556803384,200.0,4000,14.2
fixation,1214596.0959999561,0.26340011033144867,0.5666095235131003,3.3215706565163354,3.0120197642933237,184.0,4001,14.2
fixation,1214812.7630000114,0.3440065492283214,0.5642729266123339,3.303792780095881,3.0046345103870737,183.0,4002,14.2
fixation,1215029.4349999428,0.42024444167812663,0.5527169232567152,3.3031959533691406,3.0356229146321616,200.0,4003,14.2
fixation,1215262.7739999294,0.5371425839570853,0.5530682687576001,3.2991790771484375,2.9698345477764425,217.0,4004,14.2
fixation,1215512.7780001163,0.6102160453796387,0.5486739039421081,3.3195953369140625,2.97666015625,83.0,4005,14.2
fixation,1215629.4460000992,0.6923822948807165,0.5529195697684037,3.2834183542351973,2.963958740234375,316.0,4006,14.2
fixation,1215996.118999958,0.46537929524978,0.6394420762856802,3.2117945353190103,2.865015665690104,100.0,4007,14.2
fixation,1216129.4549999237,0.36361197754740715,0.6372483546535174,3.1959800720214844,2.881627400716146,200.0,4008,14.2
fixation,1216346.1240000725,0.2953419355409486,0.637537243110793,3.242218017578125,2.941652570452009,234.0,4009,14.2
fixation,1216596.1259999275,0.3528163403272629,0.6345400094985962,3.242181396484375,2.9178314208984375,92.0,4010,14.2
fixation,1216862.7990000248,0.43536159582436085,0.6153906807303429,3.2152938842773438,2.9291820526123047,125.0,4011,14.2
fixation,1217029.4709999561,0.529198631644249,0.6105871498584747,3.198389325823103,2.8715308053152904,233.0,4012,14.2
fixation,1217296.1410000324,0.5899799791249362,0.6186878220601515,3.1937214244495737,2.824440696022727,184.0,4013,14.2
fixation,1217512.8110001087,0.6714393854141235,0.6319058875242869,3.1893686930338543,2.87274169921875,250.0,4014,14.2
fixation,1217796.148000002,0.7388186969540336,0.6283181797374379,3.2721072110262783,2.8966300270774146,184.0,4015,14.2
fixation,1217996.151000023,0.7787189682324728,0.6232586801052094,3.3214518229166665,2.9002253214518228,100.0,4016,14.2
fixation,1218112.8210000992,0.8075643658638001,0.6185579687356949,3.380143737792969,2.927018737792969,167.0,4017,14.2
fixation,1218362.8239998817,0.3764794375747442,0.7135346345603466,3.254718780517578,2.932750701904297,133.0,4018,14.2
fixation,1218529.493999958,0.2940339868267377,0.7273311552902063,3.3199380238850913,2.9890918731689453,400.0,4019,14.2
fixation,1218962.8340001106,0.4300743875404199,0.7223636383811632,3.355757395426432,2.9470240275065103,200.0,4020,14.2
fixation,1219196.1710000038,0.48950017160839504,0.7183411717414856,3.363211737738715,2.9254031711154513,150.0,4021,14.2
fixation,1219379.506000042,0.5682178596655528,0.7256000737349192,3.37918701171875,2.925458780924479,250.0,4022,14.2
fixation,1219662.8499999046,0.6539996236562728,0.7345424652099609,3.4102828979492186,2.93284912109375,167.0,4023,14.2
fixation,1219862.855000019,0.7051742573579153,0.7383650739987692,3.427946302625868,2.942201402452257,150.0,4024,14.2
fixation,1220062.8570001125,0.6591741105784541,0.47022049193796905,3.383181364639946,3.020288218622622,383.0,4025,14.2
fixation,1220479.5350000858,0.545365059375763,0.45024536922574043,3.270269775390625,2.99755859375,333.0,4026,14.2
fixation,1220829.5409998894,0.5124555960297584,0.45225020200014115,3.234419250488281,2.9927993774414063,166.0,4027,14.2
fixation,1221029.5480000973,0.42289750490869793,0.4557110922677176,3.256701878138951,3.0067574637276784,233.0,4028,14.2
fixation,1221296.2200000286,0.34751859679818153,0.45787135635813075,3.2660140991210938,2.994927724202474,200.0,4029,14.2
fixation,1221529.5580000877,0.37501504719257356,0.46114451736211776,3.3036758422851564,3.0108428955078126,166.0,4030,14.2
fixation,1221729.5610001087,0.4433061128312891,0.46293107623403723,3.329770174893466,3.054952448064631,183.0,4031,14.2
fixation,1221946.23300004,0.5491184741258621,0.45793454845746356,3.3391710917154946,3.048206329345703,200.0,4032,14.2
fixation,1222179.5810000896,0.6298217508527968,0.45921895239088273,3.3748321533203125,3.0732769436306424,300.0,4033,14.2
fixation,1222496.2550001144,0.6499888673424721,0.4623381905257702,3.3746465047200522,3.063696543375651,200.0,4034,14.2
fixation,1222729.5920000076,0.7226779242356618,0.46098526219526925,3.3859130859375,3.068343098958333,250.0,4035,14.2
fixation,1222996.265000105,0.7750168315001896,0.45476493878023966,3.372246878487723,2.9977809361049106,234.0,4036,NOTRIAL
fixation,1223279.5969998837,0.55034418289478,0.29690244220770323,3.4050926795372596,3.099639892578125,216.0,4037,NOTRIAL
fixation,1223512.9449999332,0.4920128664145103,0.3212054784481342,3.4571075439453125,3.150486872746394,217.0,4038,NOTRIAL
fixation,1223762.9500000477,0.4721400201320648,0.49960729479789734,3.407012939453125,3.116018676757812,83.0,4039,NOTRIAL
fixation,1224112.9560000896,0.487058587372303,0.4909484460949898,3.6060498555501304,3.2823511759440103,192.0,4040,NOTRIAL
fixation,1224412.9630000591,0.5060458088463003,0.3153605732050809,3.599699540571733,3.309824163263494,183.0,4041,NOTRIAL
fixation,1224662.9609999657,0.4925979961951574,0.31655560930569965,3.542597452799479,3.2087473551432293,250.0,4042,NOTRIAL
fixation,1224962.9719998837,0.49915956026977965,0.4766891406642066,3.44799567328559,3.159781561957465,750.0,4043,NOTRIAL
fixation,1225746.3210000992,0.6464445633547646,0.7033078159604754,3.5147367204938615,3.0698329380580356,234.0,4044,NOTRIAL
fixation,1225996.3269999027,0.662550069964849,0.7357559823072873,3.58492924616887,3.1276556161733775,434.0,4045,NOTRIAL
fixation,1226479.6679999828,0.5273453891277313,0.8615093044936657,3.5843658447265625,3.147726058959961,133.0,4046,NOTRIAL
fixation,1226963.0099999905,0.5822743400931358,0.5727388709783554,3.575730641682943,3.1874415079752603,200.0,4047,NOTRIAL
fixation,1227196.344000101,0.5016024142503739,0.3637473066647848,3.7005269368489584,3.3952840169270835,250.0,4048,NOTRIAL
fixation,1227479.6830000877,0.4302904861313956,0.3162447043827602,3.7537035260881697,3.435338701520647,233.0,4049,NOTRIAL
fixation,1227763.023000002,0.34205410660129704,0.5046044471737456,3.6243035303403253,3.3058183225866866,1217.0,4050,NOTRIAL
fixation,1228996.3800001144,0.3543526778618495,0.5037770536210802,3.5894334581163196,3.3323262532552085,158.0,4051,NOTRIAL
fixation,1229663.0590000153,0.574552963177363,0.6689691667755445,3.795739491780599,3.340052286783854,192.0,4052,NOTRIAL
fixation,1229896.3959999084,0.5227126516401768,0.4970251601189375,3.7571611404418945,3.4174585342407227,533.0,4053,NOTRIAL
fixation,1230463.0699999332,0.5131746842747643,0.4114775373822167,3.655082339332217,3.3484671456473216,350.0,4054,16
fixation,1230829.7449998856,0.4866115963086486,0.39629366900771856,3.4673824310302734,3.1059770584106445,267.0,4055,16
fixation,1231129.7509999275,0.5513604219470706,0.4296628556081227,3.390793936593192,3.133113316127232,233.0,4056,16
fixation,1231379.759000063,0.5819406341761351,0.42763644736260176,3.367587089538574,3.055187225341797,267.0,4057,16
fixation,1231679.765000105,0.4758165885101665,0.43843651630661706,3.342286543412642,3.07196044921875,183.0,4058,16
fixation,1231879.7709999084,0.498553297736428,0.42144569619135425,3.302979902787642,3.0306160666725854,183.0,4059,16
fixation,1232079.769999981,0.5295337190230688,0.4142184654871623,3.291936238606771,3.0051676432291665,100.0,4060,16
fixation,1232279.7799999714,0.5804372578859329,0.42325594772895175,3.258845011393229,2.9647674560546875,100.0,4061,16
fixation,1232413.115999937,0.47594080316393,0.45156144154699224,3.1723335667660364,2.9676015753495064,317.0,4062,16
fixation,1232746.4570000172,0.5224028138013986,0.44631204926050627,3.1918182373046875,2.9463970477764425,216.0,4063,16
fixation,1232979.7960000038,0.5524613923496671,0.4440966165728039,3.223054673936632,2.927519056532118,150.0,4064,16
fixation,1233146.46600008,0.580942090600729,0.441272908821702,3.2151145935058594,2.9319400787353516,133.0,4065,16
fixation,1233313.137000084,0.4927606076002121,0.47396703898906706,3.1979461669921876,2.9715679931640624,425.0,4066,16
fixation,1233946.4839999676,0.5195751317909786,0.4496219264609473,3.191951206752232,2.9336656842912947,108.0,4067,16
fixation,1234079.8229999542,0.5478639629754153,0.45125472274693573,3.179618141867898,2.904757412997159,183.0,4068,16
fixation,1234279.8269999027,0.5747406343619029,0.4515197932720184,3.118975830078125,2.853679402669271,250.0,4069,16
fixation,1234563.1630001068,0.5063931082303708,0.48197465676527756,3.047559298001803,2.8025782658503604,217.0,4070,16
fixation,1234796.5,0.4934692428662227,0.4955141922602287,3.044842059795673,2.8358670748197117,216.0,4071,16
fixation,1235046.5050001144,0.5418088192289526,0.4935464411973953,3.0780819979580967,2.814512772993608,183.0,4072,16
fixation,1235263.1760001183,0.5814700287121993,0.4821825852760902,3.0943932166466346,2.79586909367488,217.0,4073,16
fixation,1235513.1900000572,0.5151345592278701,0.5331592789063087,3.1180877685546875,2.8773533747746396,217.0,4074,16
fixation,1235763.1940000057,0.5511947089717502,0.5317109255563646,3.1908707391648066,2.914486113048735,350.0,4075,16
fixation,1236129.85800004,0.5796688906848431,0.5177820790559053,3.1923179626464844,2.877570152282715,267.0,4076,16
fixation,1236413.1949999332,0.5695791979630788,0.5594833711783092,3.1569539388020833,2.8605031331380206,250.0,4077,16
fixation,1236796.5350000858,0.41658977419137955,0.9185522645711899,3.167022705078125,2.802143096923828,66.0,4078,16
fixation,1236879.8699998856,0.40289486348629,0.9078557968139649,3.154377746582031,2.7815826416015623,167.0,4079,16
fixation,1237079.875,0.489211368560791,0.9043579459190368,3.1614120483398436,2.7808624267578126,167.0,4080,16
fixation,1237279.8789999485,0.5287392921745777,0.9073727056384087,3.1855859756469727,2.7753171920776367,267.0,4081,16
fixation,1237579.882999897,0.6069333304961523,0.9001617754499117,3.2393582661946616,2.8285064697265625,200.0,4082,16
fixation,1237829.885999918,0.4306774979287928,0.8899681974541057,3.2413149746981533,2.8360470858487217,183.0,4083,16
fixation,1238063.2249999046,0.4531444270502437,0.4344906441190026,3.2577098499644888,2.9552071311257104,184.0,4084,16
fixation,1238263.237999916,0.4741594155629476,0.4208970864613851,3.268000284830729,2.9448883056640627,250.0,4085,16
fixation,1238529.9000000954,0.5058845698833465,0.4186765392621358,3.1820892333984374,2.8848775227864585,250.0,4086,16
fixation,1238796.5720000267,0.4946683113064085,0.38172990190131323,3.1765856061662947,2.8881399972098216,233.0,4087,16
fixation,1239046.5850000381,0.5050773113965988,0.41551930606365206,3.1210067749023436,2.8662139892578127,166.0,4088,16
fixation,1239246.5810000896,0.5533920228481293,0.4170168340206146,3.1347671508789063,2.894914245605469,166.0,4089,16
fixation,1239429.9159998894,0.5837483157714208,0.4083181694149971,3.1803741455078125,2.8851776123046875,100.0,4090,16
fixation,1239563.253000021,0.4778884063873972,0.44901262862341745,3.138669695172991,2.931492396763393,234.0,4091,16
fixation,1239813.259000063,0.5035247206687927,0.4300318534175555,3.15716552734375,2.9310226440429688,100.0,4092,16
fixation,1239946.5929999352,0.5469923452897505,0.4384753853082657,3.179207541725852,2.946420842950994,183.0,4093,16
fixation,1240146.5969998837,0.5745896058423179,0.43266832189900534,3.2272818429129466,2.942498343331473,116.0,4094,16
fixation,1240296.6010000706,0.4959573861625459,0.47375183718072045,3.1835394965277777,2.976526896158854,300.0,4095,16
fixation,1240613.2750000954,0.512551178986376,0.4632647918029265,3.2279552112926138,2.9724551114169033,184.0,4096,16
fixation,1240896.614000082,0.5480620052133288,0.47238501054900034,3.2716805594308034,3.010351998465402,116.0,4097,16
fixation,1241029.9509999752,0.5722994738154941,0.47060207857025993,3.2935604519314237,3.0131683349609375,150.0,4098,16
fixation,1241196.618999958,0.5094881951808929,0.5024908405542373,3.276572265625,3.0445794677734375,416.0,4099,16
fixation,1241646.6270000935,0.5740930413206419,0.4993916613360246,3.303192138671875,3.0223070780436196,200.0,4100,16
fixation,1241879.9670000076,0.5214511255423228,0.5398256033658981,3.295118967692057,3.0266520182291665,200.0,4101,16
fixation,1242113.3039999008,0.5574479699134827,0.5335722680275257,3.3299595759465146,3.0347935603215146,217.0,4102,16
fixation,1242346.6429998875,0.5772635887066523,0.5342159469922384,3.3174146016438804,3.0434773763020835,200.0,4103,16
fixation,1242579.9790000916,0.5138122748051371,0.4094544265951429,3.3576322283063615,3.0980824061802457,233.0,4104,FIX_CROS
fixation,1242846.6530001163,0.49713632201447205,0.4602275385576136,3.3202128690831803,3.082301420323989,283.0,4105,FIX_CROS
fixation,1243163.3280000687,0.39944543689489365,0.43164421904545563,3.462232149564303,3.179392301119291,434.0,4106,FIX_CROS
fixation,1243613.3350000381,0.3612925228145387,0.4031057457129161,3.486572265625,3.182861328125,150.0,4107,16.1
fixation,1243813.3359999657,0.21222593770785766,0.422980551015247,3.395528619939631,3.1525324041193183,183.0,4108,16.1
fixation,1244030.0099999905,0.271656459569931,0.4515658110380173,3.3795166015625,3.1287353515625,92.0,4109,16.1
fixation,1244446.6849999428,0.430103685510786,0.4522461640207391,3.3331668251439144,3.134011519582648,317.0,4110,16.1
fixation,1244796.6930000782,0.5230898022651672,0.44448055724302926,3.2817036946614584,3.0770894368489583,250.0,4111,16.1
fixation,1245080.0299999714,0.5684976547956466,0.4456870213150978,3.272023010253906,3.031324768066406,167.0,4112,16.1
fixation,1245280.03399992,0.6257841189702352,0.44356006549464333,3.3009457058376737,3.042760213216146,150.0,4113,16.1
fixation,1245463.3680000305,0.6739357709884644,0.44280920922756195,3.3166141510009766,3.0514354705810547,133.0,4114,16.1
fixation,1245630.0409998894,0.7388706253125117,0.44345447650322545,3.3662825364332933,3.073614267202524,217.0,4115,16.1
fixation,1245880.0460000038,0.7975153062078688,0.44887282616562313,3.393008761935764,3.0601806640625,150.0,4116,16.1
fixation,1246096.7139999866,0.5112720355391502,0.5351757109165192,3.26705322265625,3.0654296875,167.0,4117,16.1
fixation,1246280.0529999733,0.49926001369953155,0.538504638671875,3.3167626953125,3.0302679443359377,417.0,4118,16.1
fixation,1246730.0590000153,0.42814920594294864,0.4520643837749958,3.3402938842773438,3.133581797281901,200.0,4119,16.1
fixation,1246963.394999981,0.40265633910894394,0.45506679515043896,3.3235346476236978,3.1434148152669272,100.0,4120,16.1
fixation,1247113.4019999504,0.23211228164533773,0.4277333269516627,3.370591481526693,3.1366653442382812,200.0,4121,16.1
fixation,1247346.737999916,0.321432127402379,0.4571140419978362,3.358972402719351,3.1183999868539662,217.0,4122,NOTRIAL
fixation,1247980.0859999657,0.35851883462497164,0.2786067011100905,3.4436165945870534,3.2167576381138394,117.0,4123,NOTRIAL
fixation,1248113.4240000248,0.3581137955188751,0.3031808455906263,3.3051854575552593,3.0376151480325837,683.0,4124,NOTRIAL
fixation,1248846.769999981,0.47112425619905646,0.3135142394087531,3.275705510919744,2.9859785600142046,183.0,4125,NOTRIAL
fixation,1249046.7750000954,0.4882977775165013,0.3185818429504122,3.3231985909598216,3.042476109095982,117.0,4126,NOTRIAL
fixation,1249180.1089999676,0.4866960880657037,0.3201413732022047,3.3754990895589194,3.0837319691975913,400.0,4127,NOTRIAL
fixation,1249630.1180000305,0.5249358576077682,0.44842832592817455,3.3300851675180287,3.0957136887770433,217.0,4128,NOTRIAL
fixation,1249863.4530000687,0.49936353360734337,0.49312615503625173,3.397775417420922,3.1246252292540015,683.0,4129,NOTRIAL
fixation,1250596.8029999733,0.6495525453771863,0.7451182080774891,3.4804117630939095,3.0131876420001595,817.0,4130,NOTRIAL
fixation,1251880.1570000648,0.5602417803472943,0.5261248979303572,3.557120429144965,3.2019933064778647,300.0,4131,FIX_CROS
fixation,1252196.8289999962,0.5064017142240818,0.5098354793511904,3.497393094576322,3.211944580078125,225.0,4132,FIX_CROS
fixation,1252630.1730000973,0.44711229801177976,0.43936854153871535,3.3729888916015627,3.1080047607421877,326.0,4133,FIX_CROS
fixation,1252996.8359999657,0.4161754220724106,0.39722863435745237,3.40205078125,3.028497314453125,83.0,4134,16.2
fixation,1253130.1730000973,0.2704321816563606,0.41760385781526566,3.389862060546875,3.1351051330566406,67.0,4135,16.2
fixation,1253230.1740000248,0.206293618449798,0.4017549879275836,3.3646921011117787,3.119946993314303,217.0,4136,16.2
fixation,1253480.1789999008,0.27537505328655243,0.4227099746465683,3.3795166015625,3.0995086669921874,84.0,4137,16.2
fixation,1253596.8480000496,0.34052499135335285,0.43023492727014756,3.3469475640190973,3.0441419813368054,150.0,4138,16.2
fixation,1253780.1840000153,0.43051414787769315,0.4016436830163002,3.295965576171875,2.9548324584960937,167.0,4139,16.2
fixation,1253980.1879999638,0.4646934254301919,0.4337386306789186,3.30731201171875,3.095672607421875,150.0,4140,16.2
fixation,1254163.523000002,0.5259966126510075,0.4227161630988121,3.3215244838169644,3.076897757393973,233.0,4141,16.2
fixation,1254430.1960000992,0.5948147719556635,0.42330422320149164,3.324460116299716,3.0177459716796875,184.0,4142,16.2
fixation,1254646.867000103,0.6729390493461064,0.4224875718355179,3.3259495326450894,3.027765546526228,233.0,4143,16.2
fixation,1254946.8710000515,0.7247082522282233,0.43157397439846623,3.3549100435697117,3.022242619441106,217.0,4144,16.2
fixation,1255180.2100000381,0.7695187598466873,0.4161735624074936,3.3870758056640624,2.963114929199219,167.0,4145,16.2
fixation,1255363.5469999313,0.8053037524223328,0.42197023663255906,3.37851799858941,2.972074720594618,150.0,4146,16.2
fixation,1255596.8849999905,0.2715834911380495,0.5138212953295026,3.2610669817243303,3.104773385184152,117.0,4147,16.2
fixation,1255746.887000084,0.21443954035639762,0.5066794410347939,3.285844421386719,3.10269775390625,167.0,4148,16.2
fixation,1255930.2219998837,0.20054101198911667,0.503710191164698,3.3053370884486606,3.070552280970982,117.0,4149,16.2
fixation,1256096.8929998875,0.41579565219581127,0.5126161146908998,3.289030075073242,3.06343936920166,267.0,4150,16.2
fixation,1256396.8970000744,0.3803025550312466,0.5121365388234457,3.3353373209635415,3.0773417154947915,150.0,4151,16.2
fixation,1256580.2339999676,0.5163736368219057,0.5079050262769064,3.344196319580078,3.0285822550455728,200.0,4152,16.2
fixation,1256813.5720000267,0.6196576257546743,0.5116007576386133,3.347576141357422,3.0552686055501304,200.0,4153,16.2
fixation,1257046.9079999924,0.6970265670256182,0.4973894249309193,3.3813587535511362,3.0852466930042612,183.0,4154,16.2
fixation,1257263.5820000172,0.7417670786380768,0.4931540131568909,3.4061248779296873,3.094354248046875,83.0,4155,16.2
fixation,1257380.2490000725,0.7831938735076359,0.49420528965336935,3.4367762974330356,3.1021597726004466,117.0,4156,16.2
fixation,1257546.9200000763,0.5198620193534427,0.5757307079103258,3.3612840440538196,3.032597859700521,150.0,4157,16.2
fixation,1257713.5880000591,0.4615310078317469,0.5899854085662148,3.4054218639026987,3.066438154740767,183.0,4158,16.2
fixation,1257913.5920000076,0.44921982288360596,0.5982016742229461,3.4320831298828125,3.0617645263671873,166.0,4159,16.2
fixation,1258113.6040000916,0.5280739177357067,0.5954424142837524,3.405518965287642,2.9981023615056817,183.0,4160,16.2
fixation,1258780.2799999714,0.529222176472346,0.5732980330785116,3.4271138509114585,3.063676961263021,250.0,4161,NOTRIAL
fixation,1259063.614000082,0.5967384696006774,0.41446066200733184,3.473358154296875,3.177734375,83.0,4162,NOTRIAL
fixation,1259180.2820000648,0.6272918147141816,0.31350642320562583,3.5489872166367826,3.1937480989049694,1017.0,4163,NOTRIAL
fixation,1260230.3010001183,0.6452744344347402,0.5212024620881206,3.6229984537760416,3.2835253665321753,1267.0,4164,NOTRIAL
fixation,1261513.6679999828,0.6561076176166535,0.5374169421195983,3.6181982421875,3.27096435546875,417.0,4165,NOTRIAL
fixation,1261963.6670000553,0.6596717983484268,0.7055864945054054,3.5545196533203125,3.1495880126953124,333.0,4166,NOTRIAL
fixation,1262330.3420000076,0.6632505546916615,0.7580926716327667,3.577943281693892,3.2247064763849433,191.0,4167,NOTRIAL
fixation,1263213.7009999752,0.5433196451352991,0.5090669341709303,3.5069951596467392,3.2646776282269023,382.0,4168,NOTRIAL
fixation,1263763.7109999657,0.6223765526499067,0.4943409857768861,3.5874745202442955,3.3301486060732888,1050.0,4169,NOTRIAL
fixation,1265347.0729999542,0.5752144033710161,0.49455559998750687,3.843560536702474,3.520549774169922,192.0,4170,NOTRIAL
fixation,1265580.4100000858,0.5084956400096416,0.4824334613978863,3.8358695983886717,3.521820068359375,333.0,4171,NOTRIAL
fixation,1265930.4200000763,0.5228081428342395,0.49234435624546474,3.7389899359809027,3.4334903293185763,150.0,4172,1
fixation,1266113.7460000515,0.48023946583271027,0.4090453013777733,3.7216339111328125,3.3962249755859375,67.0,4173,1
fixation,1266213.7479999065,0.43676150116053497,0.40812282399697736,3.7628340287642046,3.4866901744495737,183.0,4174,1
fixation,1266447.0950000286,0.5568577431970172,0.405776924557156,3.749170939127604,3.464535183376736,300.0,4175,1
fixation,1266797.1010000706,0.45375175608528984,0.4023802595006095,3.6550767686631946,3.456453111436632,150.0,4176,1
fixation,1266963.7690000534,0.4296857833862305,0.40412749350070953,3.6223678588867188,3.3854461669921876,167.0,4177,1
fixation,1267180.4389998913,0.5538568471868833,0.40283284708857536,3.620966593424479,3.357513427734375,200.0,4178,1
fixation,1267413.7799999714,0.49125177413225174,0.46371794305741787,3.5429840087890625,3.272745132446289,133.0,4179,1
fixation,1267580.4460000992,0.46792362779378893,0.45165816098451617,3.5362808227539064,3.2912261962890623,166.0,4180,1
fixation,1267763.7860000134,0.43691302120685577,0.5673954010009765,3.51582275390625,3.1861444091796876,417.0,4181,1
fixation,1268213.78399992,0.5733234021398756,0.5571769409709506,3.4943983289930554,3.177842034233941,300.0,4182,1
fixation,1268580.46600008,0.4338904321193695,0.8877079983552297,3.4982147216796875,3.1200637817382812,100.0,4183,1
fixation,1268697.1259999275,0.3555441126227379,0.9080045397082964,3.4809392293294272,3.1229400634765625,200.0,4184,1
fixation,1268930.46600008,0.4436784863471985,0.9148851096630096,3.460621643066406,3.0584930419921874,166.0,4185,1
fixation,1269113.8010001183,0.5170823246240616,0.9283849984407425,3.4338973999023437,3.020086669921875,167.0,4186,1
fixation,1269297.135999918,0.5639297962188721,0.9221478030085564,3.4520606994628906,3.0308914184570312,75.0,4187,1
fixation,1269630.476999998,0.6514753455465491,0.8759572397578846,3.4521317915482954,3.0170107754794033,183.0,4188,1
fixation,1269880.4900000095,0.47410015016794205,0.39143038988113404,3.522929382324219,3.1908218383789064,166.0,4189,1
fixation,1270063.8169999123,0.4506198689341545,0.404817670583725,3.441419982910156,3.109965515136719,167.0,4190,1
fixation,1270247.15899992,0.4370952665805817,0.4077294170856476,3.4325775146484374,3.09952392578125,84.0,4191,1
fixation,1270363.8310000896,0.5540623292326927,0.3926451342801253,3.4638341267903647,3.098646799723307,200.0,4192,1
fixation,1270597.1710000038,0.4697278506796935,0.44845458043032677,3.3799112254175645,3.126612696154364,484.0,4193,1
fixation,1271097.1830000877,0.4608002312126614,0.4422525266806285,3.320469447544643,3.106203351702009,350.0,4194,1
fixation,1271480.51699996,0.5345821508339473,0.436924295766013,3.2858690534319197,3.05630129859561,350.0,4195,1
fixation,1271847.1919999123,0.522754565395158,0.44223601550891484,3.2649499301252694,3.0625010523302802,484.0,4196,1
fixation,1272347.2009999752,0.5333091815312704,0.4391057925919692,3.231093088785807,2.9969507853190103,200.0,4197,1
fixation,1272563.8710000515,0.4635081457856454,0.4475695071251769,3.2558266489129317,3.0289804559004936,1267.0,4198,1
fixation,1273863.9030001163,0.5243079074791499,0.4419038257428578,3.2320408412388395,2.996771676199777,583.0,4199,1
fixation,1274480.5799999237,0.44248165648717147,0.40470243646548343,3.2374678391676683,2.9983731783353367,216.0,4200,1
fixation,1274730.5929999352,0.551742588931864,0.39606913788752124,3.293113014914773,2.9998404762961646,183.0,4201,1
fixation,1274947.2539999485,0.4387473315000534,0.405022509788212,3.323018927323191,3.0717926025390625,325.0,4202,1
fixation,1275613.9360001087,0.49225137659481594,0.4824900891099657,3.369903564453125,3.1585008893694195,575.0,4203,FIX_CROS
fixation,1276230.60800004,0.3894135825909101,0.49032234916320216,3.3152430607722354,3.118883573091947,216.0,4204,1.1
fixation,1276497.2820000648,0.5414552092552185,0.4869559556245804,3.3279151916503906,3.113994598388672,67.0,4205,1.1
fixation,1276580.6199998856,0.6143283762715079,0.49055136198347266,3.358336015181108,3.135008378462358,183.0,4206,1.1
fixation,1276780.6210000515,0.6670002996921539,0.49149179458618164,3.396409606933594,3.135870361328125,166.0,4207,1.1
fixation,1276963.9630000591,0.6481482115658846,0.4943602674386718,3.4243379072709517,3.144015225497159,367.0,4208,1.1
fixation,1277397.3010001183,0.44734535792044233,0.48748728952237536,3.385636465890067,3.173740931919643,234.0,4209,1.1
fixation,1277663.9730000496,0.32744102279345194,0.5000600675741832,3.3857696533203123,3.1832244873046873,250.0,4210,1.1
fixation,1277963.980000019,0.5069828617076079,0.49393632511297864,3.3736292521158853,3.1610933939615884,200.0,4211,1.1
fixation,1278180.651000023,0.5674652482072512,0.5090268887579441,3.375415802001953,3.145928700764974,200.0,4212,NOTRIAL
fixation,1278680.6649999619,0.6219170976962362,0.3142683930428965,3.451997756958008,3.078202111380441,925.0,4213,NOTRIAL
fixation,1279647.34100008,0.6468879607590762,0.510756585634116,3.397045713482481,3.1336591315991953,550.0,4214,NOTRIAL
fixation,1280230.6870000362,0.6564032773713808,0.720894082172497,3.6241331358213684,3.141821371542441,625.0,4215,NOTRIAL
fixation,1281397.3759999275,0.5534543332300688,0.4500759902753328,3.7548771908408716,3.4037403307462992,316.0,4216,FIX_CROS
fixation,1281730.7219998837,0.49511384175104256,0.4567393783260794,3.624404458438649,3.3486705106847428,567.0,4217,FIX_CROS
fixation,1282314.0590000153,0.5199216417968273,0.43543753400444984,3.6385202407836914,3.368040084838867,267.0,4218,FIX_CROS
fixation,1282647.3970000744,0.5493782609701157,0.4188758507370949,3.7289199829101562,3.3555094401041665,100.0,4219,1.2
fixation,1282797.3989999294,0.3994793253285544,0.4230026953986713,3.654066903250558,3.372483389718192,233.0,4220,1.2
fixation,1283047.4049999714,0.4417557886668614,0.436387979558536,3.5890720912388394,3.319148472377232,116.0,4221,1.2
fixation,1283214.0769999027,0.2815134066801805,0.41632618927038634,3.594731257512019,3.311431884765625,217.0,4222,1.2
fixation,1283464.0780000687,0.3583009630441666,0.4400593161582947,3.5873504638671876,3.3228546142578126,84.0,4223,1.2
fixation,1283597.4140000343,0.5306483308474222,0.4261198366681735,3.5093587239583335,3.2978006998697915,200.0,4224,1.2
fixation,1283830.7569999695,0.5991509424315559,0.42200368973943925,3.5331827799479165,3.1996900770399304,150.0,4225,1.2
fixation,1284014.09100008,0.6339711777188561,0.44223546846346423,3.511209661310369,3.2478762539950283,367.0,4226,1.2
fixation,1284414.0980000496,0.7070919445582798,0.44621111878326963,3.547276088169643,3.236985342843192,234.0,4227,1.2
fixation,1284680.7690000534,0.7592175602912903,0.4335667071017352,3.5131045254794033,3.192586725408381,183.0,4228,1.2
fixation,1284880.773000002,0.7907797172665596,0.42895805835723877,3.495800018310547,3.163867950439453,67.0,4229,1.2
fixation,1285047.4430000782,0.23818750220995683,0.5168968645425943,3.392614511343149,3.182734562800481,216.0,4230,1.2
fixation,1285297.4460000992,0.2013022249395197,0.4947572093118321,3.373721036044034,3.15020751953125,183.0,4231,1.2
fixation,1285514.117000103,0.30825060937139726,0.5019965701633029,3.321567111545139,3.10198974609375,150.0,4232,1.2
fixation,1285697.4519999027,0.37376788444817066,0.4990390371531248,3.3119049072265625,3.0981197357177734,133.0,4233,1.2
fixation,1285864.1240000725,0.46462714672088623,0.5026093535125256,3.3156776428222656,3.1221580505371094,134.0,4234,1.2
fixation,1286047.4590001106,0.6209652556313409,0.5027327669991387,3.3766004774305554,3.104554918077257,150.0,4235,1.2
fixation,1286230.7999999523,0.7193717271089554,0.49600904285907743,3.373663330078125,3.099407958984375,167.0,4236,1.2
fixation,1286430.8020000458,0.7861954271793365,0.49664542973041537,3.4059173583984377,3.0764007568359375,83.0,4237,1.2
fixation,1286580.8039999008,0.5445166826248169,0.6061517165766822,3.328069051106771,3.0087704128689237,150.0,4238,1.2
fixation,1286764.1410000324,0.6082464924880436,0.601869136095047,3.3892822265625,3.0558983939034596,234.0,4239,NOTRIAL
fixation,1287097.480000019,0.5450535118579865,0.4022464106480281,3.427703857421875,3.1744486490885415,100.0,4240,NOTRIAL
fixation,1287247.489000082,0.34918242394924165,0.36386166214942933,3.518446350097656,3.194233703613281,166.0,4241,NOTRIAL
fixation,1287430.8239998817,0.3541595619171858,0.32037725672125816,3.579896926879883,3.2542057037353516,133.0,4242,NOTRIAL
fixation,1287614.1610000134,0.5877260193228722,0.3216773495078087,3.6161766052246094,3.245861053466797,67.0,4243,NOTRIAL
fixation,1287764.1570000648,0.6176627370027395,0.3071768948665032,3.5503868689903846,3.1578873854417067,217.0,4244,NOTRIAL
fixation,1288014.1630001068,0.4986379004660107,0.3401404590833755,3.568544660295759,3.292327880859375,350.0,4245,NOTRIAL
fixation,1288397.503000021,0.3689598979858252,0.3214700027154042,3.5714886005108175,3.279017521784856,216.0,4246,NOTRIAL
fixation,1288664.1760001183,0.4974558674372159,0.325961838165919,3.5401321802383814,3.2514092861077724,650.0,4247,NOTRIAL
fixation,1289347.5269999504,0.6009173512458801,0.4884059026837349,3.4567657470703126,3.1538482666015626,166.0,4248,NOTRIAL
fixation,1289547.5320000648,0.4840284552839067,0.4969455169306861,3.374910142686632,3.14211188422309,150.0,4249,NOTRIAL
fixation,1289747.53399992,0.34944538501175965,0.5190932804887946,3.417807839133523,3.2246815074573862,191.0,4250,NOTRIAL
fixation,1290114.2090001106,0.6601918034255505,0.5140352543443442,3.387003707885742,3.0979660034179686,659.0,4251,NOTRIAL
fixation,1290814.2219998837,0.6590724775195121,0.7381285291910171,3.4454957580566408,2.9799993896484374,1667.0,4252,NOTRIAL
fixation,1292530.9049999714,0.6375004363556703,0.5332906370361646,3.397394816080729,3.1156133015950522,400.0,4253,NOTRIAL
fixation,1292947.5789999962,0.6245849927266439,0.5147437817520566,3.383790757921007,3.1219329833984375,150.0,4254,NOTRIAL
fixation,1293130.9140000343,0.5837024727037975,0.5045112509812627,3.3418611798967635,3.064998081752232,241.0,4255,NOTRIAL
fixation,1294072.5999999046,0.6121557490392164,0.5903031826019287,3.5426288951526987,3.1577647816051138,182.0,4256,NOTRIAL
fixation,1294272.6070001125,0.6288738570043019,0.4560762175491878,3.500988551548549,3.2269058227539062,233.0,4257,NOTRIAL
fixation,1294539.2750000954,0.5251463890075684,0.2894718001286189,3.5225616455078126,3.192230224609375,250.0,4258,NOTRIAL
fixation,1294839.2880001068,0.35951655006633615,0.47601027646154725,3.4468156346734964,3.2162988050928654,884.0,4259,NOTRIAL
fixation,1296322.6459999084,0.5652996748685837,0.4548509505887826,3.6489028930664062,3.396325429280599,200.0,4260,NOTRIAL
fixation,1296539.3159999847,0.5175328661998113,0.48865834971268973,3.571123250325521,3.309716796875,250.0,4261,NOTRIAL
fixation,1296805.98300004,0.5274440381262038,0.503556484149562,3.50590091281467,3.2571902804904513,300.0,4262,10
fixation,1297172.6619999409,0.3741447925567627,0.862249106168747,3.458856201171875,3.1467437744140625,83.0,4263,10
fixation,1297272.6640000343,0.29858193833094376,0.924221946642949,3.4926910400390625,3.1575857309194713,217.0,4264,10
fixation,1297522.6679999828,0.32221779227256775,0.9038433849811554,3.502423095703125,3.16484375,83.0,4265,10
fixation,1297639.3329999447,0.3915376327931881,0.9092342108488083,3.5049057006835938,3.1253700256347656,74.0,4266,10
fixation,1298006.0099999905,0.4852525219321251,0.898549385368824,3.4770240783691406,3.030406951904297,67.0,4267,10
fixation,1298106.0099999905,0.5820236868328519,0.8955666489071317,3.50146484375,3.03012932671441,150.0,4268,10
fixation,1298289.348999977,0.5501059161292182,0.892403824461831,3.451346503363715,3.0138142903645835,150.0,4269,10
fixation,1298472.6840000153,0.6299038359097072,0.9001239516905376,3.428889683314732,3.012383597237723,233.0,4270,10
fixation,1298789.3589999676,0.7154225289821625,0.8920682340860366,3.396685791015625,2.973069763183594,166.0,4271,10
fixation,1298972.6930000782,0.6957583200931549,0.8983960592746735,3.36400146484375,3.001468505859375,417.0,4272,10
fixation,1299456.0350000858,0.5061886406370572,0.4564546463744981,3.3482840401785716,3.146244594029018,234.0,4273,10
fixation,1299706.0320000648,0.5627928853034974,0.49905244559049605,3.3529998779296877,3.1339370727539064,167.0,4274,10
fixation,1299889.3759999275,0.603512845609499,0.5326403547888217,3.3807751199473506,3.0933466372282608,383.0,4275,10
fixation,1300289.3800001144,0.6084433098634084,0.53146959344546,3.4060338338216147,3.0944391886393228,100.0,4276,10
fixation,1300439.371999979,0.46932700205416905,0.5194502543835413,3.346553257533482,3.118721371605283,350.0,4277,10
fixation,1300822.7170000076,0.3804621398448944,0.49267995883436766,3.3749631993910847,3.163539213292739,283.0,4278,10
fixation,1301156.0539999008,0.31167121657303404,0.9411471060344151,3.461460658482143,3.0986153738839284,117.0,4279,10
fixation,1301289.390000105,0.354364849627018,0.9064159691333771,3.4610112508138022,3.1038614908854165,100.0,4280,10
fixation,1301406.0569999218,0.4000384161869685,0.8991349008348253,3.47723388671875,3.111712985568576,150.0,4281,10
fixation,1301689.3940000534,0.4553833659738302,0.900555532425642,3.461435317993164,3.07904052734375,133.0,4282,10
fixation,1301872.7290000916,0.30899224479993187,0.898215514421463,3.428913370768229,3.1153910319010416,250.0,4283,10
fixation,1302156.0659999847,0.48200451650402765,0.9061012782833793,3.4332344748757104,3.039944735440341,184.0,4284,10
fixation,1302372.734999895,0.3791932761669159,0.9033220887184144,3.3541961669921876,3.039073181152344,167.0,4285,10
fixation,1302589.405999899,0.5860576563411288,0.9019359449545542,3.475028143988715,3.0493265787760415,150.0,4286,10
fixation,1302772.737999916,0.6717959973547194,0.9064587851365408,3.488710191514757,3.0675845675998263,150.0,4287,10
fixation,1302972.7400000095,0.5183081445740718,0.47739934599867057,3.435398774988511,3.166146671070772,850.0,4288,10
fixation,1303922.740999937,0.4411842729896307,0.45423103868961334,3.335784912109375,3.1032466888427734,133.0,4289,FIX_CROS
fixation,1304139.4119999409,0.34429304702923846,0.47938579607468385,3.315386258638822,3.0712344829852762,433.0,4290,FIX_CROS
fixation,1304622.7520000935,0.2168550408548779,0.33174477020899457,3.3403082953559027,3.1028069390190973,150.0,4291,10.2
fixation,1304806.0869998932,0.2029623882845044,0.31481937877833843,3.2905921936035156,3.049406051635742,134.0,4292,10.2
fixation,1304972.757999897,0.2882706820964813,0.34383130446076393,3.2883338928222656,2.9999542236328125,75.0,4293,10.2
fixation,1305206.0920000076,0.3576613459736109,0.3431935254484415,3.240915298461914,2.921274185180664,126.0,4294,10.2
fixation,1305439.4309999943,0.4323258889572961,0.3567824938467571,3.2377123151506697,2.9409005301339284,116.0,4295,10.2
fixation,1305589.4330000877,0.5075603482814935,0.35269562212320477,3.196929931640625,2.936902559720553,216.0,4296,10.2
fixation,1305822.7709999084,0.566795539855957,0.33705517947673796,3.1947357177734377,2.92257080078125,83.0,4297,10.2
fixation,1305939.4400000572,0.6374989410241445,0.3461893618106842,3.2632344563802085,2.947459920247396,250.0,4298,10.2
fixation,1306222.776000023,0.7100498296997764,0.35367790135470306,3.3152285489169033,2.9844901344992896,183.0,4299,10.2
fixation,1306439.4500000477,0.7739799183148605,0.3492115300435286,3.3778921274038463,2.9913353553185096,216.0,4300,10.2
fixation,1306739.4560000896,0.27153821289539337,0.39125388612349826,3.3487472534179688,3.114720662434896,100.0,4301,10.2
fixation,1306872.7880001068,0.20582833465026773,0.40029474250648334,3.344652258831522,3.098721711531929,383.0,4302,10.2
fixation,1307289.4609999657,0.28894326984882357,0.43769294023513794,3.337738037109375,3.040435791015625,91.0,4303,10.2
fixation,1307656.137000084,0.47890019913514453,0.41493116484747994,3.303275214301215,3.0147908528645835,150.0,4304,10.2
fixation,1307839.473999977,0.5603521664937338,0.40042087336381277,3.238777669270833,2.966779581705729,250.0,4305,10.2
fixation,1308122.8129999638,0.6480376693335447,0.41594016551971436,3.24603271484375,2.953950361772017,183.0,4306,10.2
fixation,1308322.8159999847,0.7040781170129776,0.4325216934084892,3.2820449829101563,2.983349609375,167.0,4307,10.2
fixation,1308522.8199999332,0.7644764930009842,0.4218033794313669,3.3042526245117188,2.9610633850097656,133.0,4308,10.2
fixation,1308739.489000082,0.2543742741857256,0.5191561622279031,3.2368970598493303,3.0597926548549106,116.0,4309,10.2
fixation,1308872.8239998817,0.19990204545584592,0.5246653692288832,3.243685635653409,3.0358082164417612,183.0,4310,10.2
fixation,1309106.1610000134,0.37586691230535507,0.519790415252958,3.216310773577009,3.000638689313616,234.0,4311,10.2
fixation,1309372.8340001106,0.5218207041422526,0.5089089539315965,3.1911129421657987,2.9728291829427085,150.0,4312,10.2
fixation,1309556.1710000038,0.6125074714422226,0.5107050195336342,3.2077850341796874,2.9751373291015626,167.0,4313,10.2
fixation,1309756.1730000973,0.6977035527427992,0.5046248945097128,3.2536163330078125,2.9847640991210938,200.0,4314,10.2
fixation,1309972.8429999352,0.757555839088228,0.5105488333437178,3.275851779513889,2.9915669759114585,150.0,4315,10.2
fixation,1310206.1809999943,0.24249835099492753,0.6009317849363599,3.199127197265625,3.011502947126116,117.0,4316,10.2
fixation,1310339.51699996,0.20350615414125578,0.6081371456384659,3.2122693743024553,3.0374254499162947,233.0,4317,10.2
fixation,1310606.1879999638,0.2889757657592947,0.6018443459814246,3.2241446755149146,2.9961603338068183,184.0,4318,10.2
fixation,1310822.8589999676,0.4024136573076248,0.5951740741729736,3.20673828125,2.945654296875,167.0,4319,10.2
fixation,1311039.5290000439,0.5335874073207378,0.6073348857462406,3.206707000732422,2.9969100952148438,133.0,4320,10.2
fixation,1311222.865999937,0.671787403523922,0.6009061858057976,3.286334991455078,2.966766357421875,67.0,4321,10.2
fixation,1311322.867000103,0.7517710886895657,0.5992073342204094,3.3149070739746094,2.990886688232422,133.0,4322,10.2
fixation,1311472.8680000305,0.8061557561159134,0.6010705878337225,3.3524678548177085,2.9583969116210938,100.0,4323,10.2
fixation,1311639.5369999409,0.48763643619087005,0.6905029631323285,3.2875374688042536,2.9451319376627603,300.0,4324,10.2
fixation,1312006.2109999657,0.4830527529120445,0.3074129807452361,3.499872843424479,3.1567560831705728,100.0,4325,NOTRIAL
fixation,1312156.2200000286,0.6320020962845195,0.32094264132055367,3.5222660411487925,3.1768334128639917,375.0,4326,NOTRIAL
fixation,1312706.2260000706,0.6195835860875937,0.3046725174555412,3.5267333984375,3.1940460205078125,209.0,4327,NOTRIAL
fixation,1312939.5659999847,0.6182673485840068,0.31024201652582956,3.437692081227022,3.172733980066636,283.0,4328,NOTRIAL
fixation,1313256.243999958,0.5739701986312866,0.3108325570821762,3.459663899739583,3.1076426188151043,250.0,4329,NOTRIAL
fixation,1313539.5710000992,0.6341554224491119,0.5036672510598835,3.408281025133635,3.116080033151727,316.0,4330,NOTRIAL
fixation,1313872.9119999409,0.577788793378406,0.5028655678033829,3.443086412217882,3.147635565863715,300.0,4331,NOTRIAL
fixation,1314222.9149999619,0.6517300066493806,0.7536290415695736,3.526085989815848,3.0673697335379466,350.0,4332,NOTRIAL
fixation,1314606.2539999485,0.5778347109444439,0.5038055372424424,3.5286946296691895,3.208505630493164,1067.0,4333,NOTRIAL
fixation,1315722.9430000782,0.657053976374514,0.7490292796317268,3.6104458079618564,3.17144775390625,567.0,4334,NOTRIAL
fixation,1316972.9709999561,0.5263911680533335,0.5043697511920562,3.5390965388371396,3.2827794001652646,433.0,4335,FIX_CROS
fixation,1317422.9809999466,0.4763260877558163,0.47349712359053747,3.406862531389509,3.218719482421875,233.0,4336,FIX_CROS
fixation,1317689.6519999504,0.38728969047466916,0.41955168296893436,3.4484736124674478,3.1847508748372397,100.0,4337,FIX_CROS
fixation,1317806.3190000057,0.38806899743420736,0.41970626584121157,3.467838832310268,3.210364205496652,117.0,4338,FIX_CROS
fixation,1317956.3159999847,0.4540900977758261,0.4494123160839081,3.4370621901292067,3.23587153508113,217.0,4339,FIX_CROS
fixation,1318222.9869999886,0.2919367700815201,0.28904157876968384,3.5130043029785156,3.2758941650390625,67.0,4340,10.1
fixation,1318356.3220000267,0.1953596007078886,0.3112645211319129,3.4437955220540366,3.2776031494140625,200.0,4341,10.1
fixation,1318572.992000103,0.2632132267410105,0.3156343251466751,3.4224728670987217,3.191647616299716,183.0,4342,10.1
fixation,1318806.3299999237,0.3371042971100126,0.3217137647526605,3.415097917829241,3.1465018136160716,125.0,4343,10.1
fixation,1319256.3389999866,0.4670116528868675,0.3012306605066572,3.388171604701451,3.0854056222098216,233.0,4344,10.1
fixation,1319523.0130000114,0.5423690097199546,0.290661185565922,3.2993401421440973,2.9925113254123263,300.0,4345,10.1
fixation,1319856.3480000496,0.6108725305114474,0.2870625635342939,3.2621329171316966,2.9234324863978793,233.0,4346,10.1
fixation,1320106.3529999256,0.6615462228655815,0.2760111503303051,3.2825647989908853,2.970256805419922,200.0,4347,10.1
fixation,1320323.0239999294,0.7072543293237686,0.29012023359537126,3.3559494018554688,2.9704879760742187,167.0,4348,10.1
fixation,1320523.0269999504,0.7714759196553912,0.27506505094823386,3.4010096958705356,3.0188540504092263,350.0,4349,10.1
fixation,1320889.6989998817,0.8003311544656754,0.2741365939378738,3.452775573730469,3.0467514038085937,167.0,4350,10.1
fixation,1321173.0360000134,0.27490144670009614,0.351646763086319,3.38187255859375,3.156083679199219,167.0,4351,10.1
fixation,1321373.0409998894,0.19043082424572536,0.34484803605647313,3.327701386951265,3.0805896577380953,350.0,4352,10.1
fixation,1321756.381000042,0.263487947674898,0.37069423496723175,3.255578848031851,2.979510967548077,216.0,4353,10.1
fixation,1322006.3819999695,0.31886230544610455,0.3867392878640782,3.252591219815341,2.9799846302379263,183.0,4354,10.1
fixation,1322223.0539999008,0.2560633085668087,0.35839025337587704,3.236359336159446,3.0147205699573862,367.0,4355,10.1
fixation,1322623.0599999428,0.30536801666021346,0.3811282813549042,3.272624206542969,3.0194168090820312,167.0,4356,10.1
fixation,1322806.3970000744,0.347539742787679,0.39289045582214993,3.263810475667318,3.033453623453776,200.0,4357,10.1
fixation,1323039.7339999676,0.42721816524863243,0.40194008126854897,3.275684356689453,3.0000038146972656,75.0,4358,10.1
fixation,1323289.737999916,0.49731177985668185,0.3897329241037369,3.2891204833984373,2.97681884765625,75.0,4359,10.1
fixation,1323423.0720000267,0.5881314277648926,0.36985014379024506,3.2718109130859374,2.9072860717773437,167.0,4360,10.1
fixation,1323689.7430000305,1.1592693467934927,0.7681471586227417,3.249567159016927,2.8628641764322915,500.0,4361,10.1
fixation,1324306.4200000763,0.4760899229182137,0.3882376617855496,3.2070448133680554,2.982477823893229,150.0,4362,10.1
fixation,1324473.0889999866,0.4923383295536041,0.3816048204898834,3.1457901000976562,2.911366271972656,167.0,4363,10.1
fixation,1324673.0950000286,0.5651021346731006,0.3733451802213237,3.249888294147995,2.9612279927955485,884.0,4364,10.1
fixation,1325573.1089999676,0.5851758356605258,0.37645544643913,3.316713605608259,3.0218898228236606,234.0,4365,10.1
fixation,1325839.780999899,0.6622359082102776,0.3794236034154892,3.3490473429361978,3.013544718424479,200.0,4366,10.1
fixation,1326073.115999937,0.7155748685201009,0.3955055346091588,3.392478434244792,3.0815439860026044,250.0,4367,10.1
fixation,1326373.121999979,0.7529067993164062,0.400265919474455,3.4323695256159854,3.0973229041466346,217.0,4368,10.1
fixation,1326623.128000021,0.7796472124755383,0.3887796215713024,3.4121227264404297,3.0607528686523438,134.0,4369,10.1
fixation,1326773.1300001144,0.7982596782120791,0.3938284462148493,3.419851129705256,3.0256486372514204,184.0,4370,10.1
fixation,1327056.46600008,0.30541054531931877,0.47082125023007393,3.306926727294922,3.0838890075683594,133.0,4371,10.1
fixation,1327223.135999918,0.21427637385204434,0.4673876268789172,3.3099002838134766,3.1015281677246094,267.0,4372,10.1
fixation,1327523.1410000324,0.2947344407439232,0.4758392423391342,3.312328338623047,3.030437469482422,75.0,4373,10.1
fixation,1327839.8139998913,0.3677065720160802,0.43283546136485207,3.322148640950521,3.014858669704861,142.0,4374,10.1
fixation,1328006.490999937,0.40479424595832825,0.45887111262841657,3.2920296408913354,3.005491776899858,183.0,4375,10.1
fixation,1328223.1619999409,0.47802506845731,0.4663595270652037,3.210681621844952,2.9836343618539662,217.0,4376,10.1
fixation,1328473.1670000553,0.5576508293549219,0.45137282957633335,3.2506205240885415,2.9928817749023438,300.0,4377,10.1
fixation,1328806.5050001144,0.6343483435256141,0.45063759812286924,3.293848310198103,3.007664271763393,233.0,4378,10.1
fixation,1329073.1760001183,0.7015801562982447,0.46497270903166604,3.372071210075827,3.0723760268267464,284.0,4379,10.1
fixation,1329406.507999897,0.46328045129776,0.33019270896911623,3.470684814453125,3.13270263671875,83.0,4380,10.1
fixation,1329539.844000101,0.2707531650861104,0.30881817017992336,3.3874740600585938,3.1214726765950522,100.0,4381,10.1
fixation,1329673.1809999943,0.21690612624992023,0.29115005988966336,3.369089299982244,3.1072512539950283,184.0,4382,10.1
fixation,1329873.1830000877,0.27377729388800537,0.3014375757087361,3.3720814098011362,3.0802057439630683,184.0,4383,10.1
fixation,1330089.8529999256,0.34612028549114865,0.3100609208146731,3.3624089558919272,3.0298169453938804,200.0,4384,10.1
fixation,1330323.1889998913,0.43846122473478316,0.3143107771873474,3.3579666137695314,3.0346435546875,167.0,4385,10.1
fixation,1330523.1949999332,0.501107957214117,0.3124786764383316,3.3591365814208984,3.046489715576172,134.0,4386,10.1
fixation,1330689.8650000095,0.5944632664322853,0.29851898178458214,3.350025177001953,3.0295728047688804,200.0,4387,10.1
fixation,1330923.2119998932,0.65760005513827,0.28942927055888706,3.354977077907986,2.9703776041666665,150.0,4388,10.1
fixation,1331106.5490000248,0.7192002311348915,0.2975265672430396,3.3363590240478516,2.9283199310302734,133.0,4389,10.1
fixation,1331273.2079999447,0.774461418390274,0.2951693460345268,3.337054443359375,2.93228759765625,84.0,4390,10.1
fixation,1331456.5539999008,0.2021784596145153,0.31919010262936354,3.177859306335449,2.985825538635254,266.0,4391,10.1
fixation,1331756.5580000877,0.2739008391896884,0.35393426567316055,3.2217254638671875,2.9939092000325522,108.0,4392,10.1
fixation,1332073.23300004,0.36844588650597465,0.3590059197611279,3.1838836669921875,2.945158216688368,142.0,4393,10.1
fixation,1332256.5710000992,0.46113726993401843,0.3659984701209598,3.2258232964409723,2.989078097873264,150.0,4394,10.1
fixation,1332423.2320001125,0.4361276610030068,0.3805142194032669,3.16501702202691,2.918238321940104,150.0,4395,10.1
fixation,1332606.5699999332,0.5311880767345428,0.3764714911580086,3.141290283203125,2.882551574707031,166.0,4396,10.1
fixation,1332806.5720000267,0.6805278613017156,0.3816982920353229,3.127422626201923,2.85833740234375,216.0,4397,10.1
fixation,1333056.5769999027,0.7376547038555146,0.3793123111128807,3.1788253784179688,2.872381591796875,166.0,4398,10.1
fixation,1333289.9159998894,0.7780873974164327,0.39143616954485577,3.1850433349609375,2.846776326497396,100.0,4399,10.1
fixation,1333473.2509999275,0.31471085654837744,0.44201725721359253,3.155881609235491,2.9385408673967635,234.0,4400,10.1
fixation,1333739.9230000973,0.3602530348759431,0.46214145307357496,3.227598923903245,2.9990257850060096,217.0,4401,10.1
fixation,1334006.6029999256,0.4887692148868854,0.463444967682545,3.2026778001051683,3.0150522085336537,216.0,4402,10.1
fixation,1334256.609999895,0.5551443912766196,0.4594491855664687,3.2237715287642046,3.0176211270419033,183.0,4403,10.1
fixation,1334473.2799999714,0.6341918844443101,0.4684434888454584,3.224915724534255,2.981317373422476,217.0,4404,10.1
fixation,1334706.6119999886,0.6697495758533478,0.4628461867570877,3.255035400390625,2.9707000732421873,83.0,4405,10.1
fixation,1334806.618999958,0.7168744206428528,0.46675692613308245,3.307910625751202,3.033021193284255,216.0,4406,10.1
fixation,1335056.6240000725,0.7906394898891449,0.4566856101155281,3.3650309244791665,2.9901504516601562,100.0,4407,10.1
fixation,1335239.9600000381,0.2804592866450548,0.5691357739269733,3.282146453857422,3.074197769165039,133.0,4408,10.1
fixation,1335406.631000042,0.22579060088504443,0.5720323622226715,3.3064505837180396,3.0483523282137783,183.0,4409,10.1
fixation,1335606.6240000725,0.20402353588077757,0.5728256106376648,3.305184258355035,3.047732883029514,150.0,4410,10.1
fixation,1335789.9700000286,0.2815588346936486,0.5687283114953474,3.3141285289417612,3.014218417080966,183.0,4411,10.1
fixation,1335989.9730000496,0.3471244163811207,0.5589241273701191,3.32342529296875,3.018341064453125,133.0,4412,10.1
fixation,1336156.632999897,0.43524529465607237,0.5633841667856488,3.3342601231166293,3.0108751569475447,233.0,4413,10.1
fixation,1336406.6470000744,0.5081688553094864,0.5503175795078278,3.36334228515625,3.029499816894531,166.0,4414,10.1
fixation,1336589.9839999676,0.5795226593812307,0.5640781852934096,3.382415771484375,3.018376668294271,150.0,4415,10.1
fixation,1336773.3199999332,0.6486960381269455,0.5648363530635834,3.423968505859375,3.030682373046875,167.0,4416,10.1
fixation,1336973.3250000477,0.7296865781148275,0.5544035997655656,3.41986083984375,2.9828626844618054,150.0,4417,10.1
fixation,1337139.9930000305,0.780511791507403,0.559813196460406,3.3997116088867188,3.0289332071940103,100.0,4418,10.1
fixation,1337323.3289999962,0.3469404995441437,0.6420812904834747,3.2868377685546877,3.023529052734375,84.0,4419,10.1
fixation,1337439.996999979,0.24072113757332167,0.6510188554724058,3.2954813639322915,3.0356521606445312,200.0,4420,10.1
fixation,1337689.996999979,0.4692868083715439,0.63604776263237,3.32926025390625,2.9574005126953127,250.0,4421,10.1
fixation,1337973.3359999657,0.5637191832065582,0.6450660662217573,3.3488020463423296,2.9828643798828125,183.0,4422,10.1
fixation,1338190.0039999485,0.6469879969954491,0.6451912000775337,3.415203094482422,2.978668212890625,267.0,4423,10.1
fixation,1338490.0130000114,0.6928664028644562,0.652772182226181,3.4656097412109377,3.022808837890625,92.0,4424,10.1
fixation,1338740.013999939,0.7462038000424703,0.6160445561011633,3.4300562540690103,3.0539754231770835,92.0,4425,10.1
fixation,1338873.348999977,0.7893146462738514,0.6355002596974373,3.4336700439453125,3.021472930908203,133.0,4426,10.1
fixation,1339073.3540000916,0.36462012976408004,0.7251922637224197,3.281690979003906,2.9717926025390624,166.0,4427,10.1
fixation,1339273.3570001125,0.2856803157112815,0.7407054901123047,3.318876786665483,3.014717795632102,183.0,4428,10.1
fixation,1339506.6930000782,0.5181526052100318,0.7265252109084811,3.3584322248186385,2.952624729701451,233.0,4429,10.1
fixation,1339756.7070000172,0.5032142609357834,0.7286253333091736,3.342498779296875,2.941546630859375,83.0,4430,10.1
fixation,1339873.367000103,0.5908615643327887,0.7263615429401398,3.390257401899858,2.9605893221768467,183.0,4431,10.1
fixation,1340073.3710000515,0.6218514740467072,0.733403225739797,3.3865966796875,2.9639104207356772,100.0,4432,10.1
fixation,1340206.7060000896,0.6815296067641332,0.7286586646850293,3.417615450345553,3.0021644005408654,217.0,4433,10.1
fixation,1340440.0439999104,0.728719202072724,0.7344531792661418,3.435571421747622,3.0033058498216714,384.0,4434,10.1
fixation,1340873.394999981,0.6213352244633895,0.3800787879870488,3.4914210392878604,3.1330660306490383,216.0,4435,NOTRIAL
fixation,1341140.0639998913,0.5185828475015504,0.23543142048375948,3.515427725655692,3.1731676374162947,234.0,4436,NOTRIAL
fixation,1341490.0710000992,0.6271084280390489,0.3339609374341212,3.533676549008018,3.1678169652035364,634.0,4437,NOTRIAL
fixation,1342140.0739998817,0.5736675684650739,0.3198879696428776,3.5438156127929688,3.2225990295410156,200.0,4438,NOTRIAL
fixation,1342356.753000021,0.5604127937306961,0.32140111643821,3.5395119984944663,3.242312749226888,800.0,4439,NOTRIAL
fixation,1343206.7679998875,0.5681523987475563,0.5077736290062175,3.4871242747587314,3.239200367647059,567.0,4440,NOTRIAL
fixation,1343823.4470000267,0.6465680483848818,0.7340654740410466,3.5069048481602825,3.1377981862714215,524.0,4441,NOTRIAL
fixation,1344606.7960000038,0.6606766879558563,0.7346800267696381,3.412846883138021,3.0454576280381946,142.0,4442,NOTRIAL
fixation,1344773.4619998932,0.6631745154207404,0.7454640061566324,3.3524678548177085,2.9924177689985796,550.0,4443,NOTRIAL
fixation,1345373.4719998837,0.5448176975433643,0.8613797380374029,3.2927410419170675,2.9421468881460338,216.0,4444,NOTRIAL
fixation,1345606.8099999428,0.4712503668334749,0.8480720983611213,3.3040008544921875,2.964665730794271,158.0,4445,NOTRIAL
fixation,1346090.1530001163,0.5877789325184293,0.5964540772967868,3.394532945421007,3.0146077473958335,142.0,4446,NOTRIAL
fixation,1346273.493999958,0.6385581016540527,0.5193593184153239,3.4368296305338544,3.133885701497396,250.0,4447,NOTRIAL
fixation,1346573.4979999065,0.5239250191620418,0.3996296248265675,3.430690220424107,3.1593780517578125,116.0,4448,NOTRIAL
fixation,1346723.496999979,0.5872770607471466,0.26267489455640314,3.47037353515625,3.1050956726074217,333.0,4449,NOTRIAL
fixation,1347123.5050001144,0.45307654738426206,0.3352721706032753,3.513471984863281,3.234904479980469,166.0,4450,NOTRIAL
fixation,1347323.5020000935,0.36140253593524296,0.5194787820180257,3.3408482869466147,3.1299352010091144,508.0,4451,NOTRIAL
fixation,1348056.8469998837,0.36732078393300377,0.4766504595677058,3.3525634765625,3.1161346435546875,250.0,4452,NOTRIAL
fixation,1348323.526000023,0.36862131506204604,0.4923073276877403,3.4179443359375,3.1424942016601562,174.0,4453,NOTRIAL
fixation,1349523.5409998894,0.5513719873768943,0.45217165350914,3.537809099469866,3.246677943638393,108.0,4454,NOTRIAL
fixation,1349673.5439999104,0.629815035396152,0.454465303156111,3.565304226345486,3.21445549858941,150.0,4455,NOTRIAL
fixation,1349856.887000084,0.5001444135393415,0.46816151802028927,3.3158580235072543,3.0897696358816966,241.0,4456,NOTRIAL
fixation,1350323.5629999638,0.49811820685863495,0.5156631261110306,3.2499359130859373,2.9827880859375,75.0,4457,7
fixation,1350440.2209999561,0.4387654960155487,0.3588905930519104,3.3100311279296877,3.0171661376953125,84.0,4458,7
fixation,1350540.2249999046,0.4052457809448242,0.3262664839625359,3.2045333862304686,2.9510894775390626,167.0,4459,7
fixation,1350756.894999981,0.3690462133714131,0.32264588347503115,3.107661655970982,2.8366830008370534,117.0,4460,7
fixation,1350906.8970000744,0.4428067397740152,0.33800072802437675,3.091610378689236,2.861417982313368,300.0,4461,7
fixation,1351223.5769999027,0.46790747344493866,0.3405739388295582,3.0798143659319197,2.837001255580357,124.0,4462,7
fixation,1351706.9110000134,0.5293059686819712,0.34298916161060333,3.135600789388021,2.8989227294921873,242.0,4463,7
fixation,1351990.25,0.5731813441962004,0.33922452945262194,3.1159257888793945,2.849048614501953,267.0,4464,7
fixation,1352273.5869998932,0.5991432309150696,0.3405231833457947,3.0790252685546875,2.8031875610351564,166.0,4465,7
fixation,1352456.9230000973,0.6105357905228933,0.33644331246614456,3.0908966064453125,2.8091201782226562,100.0,4466,7
fixation,1352623.594000101,0.38492532074451447,0.36268114174405736,3.0739949544270835,2.8532257080078125,200.0,4467,7
fixation,1352840.2660000324,0.3862254049848108,0.3739267350996242,3.125200159409467,2.900156357709099,284.0,4468,7
fixation,1353156.9349999428,0.44973946682044436,0.38406166647161755,3.1528233119419644,2.9098706926618303,117.0,4469,7
fixation,1353323.6059999466,0.5780963599681854,0.34188539948728347,3.2002444797092013,2.943995157877604,150.0,4470,7
fixation,1353856.9489998817,0.40650372486561537,0.3681562151759863,3.1919288635253906,2.918768882751465,267.0,4471,7
fixation,1354140.2860000134,0.4239749647676945,0.38507744297385216,3.16217041015625,2.9082679748535156,67.0,4472,7
fixation,1354240.2869999409,0.470652236179872,0.37773447551510553,3.1144880814985796,2.8480058149857954,192.0,4473,7
fixation,1354690.2950000763,0.4532065577805042,0.37948296032845974,3.0919113159179688,2.8329505920410156,134.0,4474,7
fixation,1354856.969000101,0.5098468444564126,0.36655440655621613,3.054433649236506,2.7997492009943183,183.0,4475,7
fixation,1355073.637000084,0.5498592965304852,0.3584907352924347,3.007740020751953,2.7501049041748047,133.0,4476,7
fixation,1355256.9730000496,0.46164522767066957,0.3626460261642933,3.0102554321289063,2.7878692626953123,333.0,4477,7
fixation,1355623.6470000744,0.4397887306080924,0.36155881153212654,3.1008097330729165,2.8362630208333335,150.0,4478,7
fixation,1355806.98300004,0.48814018070697784,0.37062474626761216,3.1297396146334133,2.8667872502253604,217.0,4479,7
fixation,1356056.986000061,0.5451607300954706,0.362103876822135,3.174652099609375,2.9016651826746322,283.0,4480,7
fixation,1356373.6600000858,0.5163523715275985,0.36343872661773974,3.1985098031850963,2.951844435471755,216.0,4481,7
fixation,1356606.996999979,0.4854533925652504,0.3700143679976463,3.229449462890625,2.950703430175781,167.0,4482,7
fixation,1356807.0009999275,0.5588258573642144,0.3610488038796645,3.2338597224308896,2.9316793588491588,217.0,4483,7
fixation,1357057.0050001144,0.5994718074798584,0.3568795406156116,3.2469719780815973,2.9159698486328125,150.0,4484,7
fixation,1357257.007999897,0.38885129511356353,0.3834625959396362,3.208321533203125,2.969088134765625,417.0,4485,7
fixation,1357707.0179998875,0.43308819209535915,0.3957345684369405,3.284113566080729,3.034221649169922,200.0,4486,7
fixation,1357940.355000019,0.46774042944113414,0.39383194744586947,3.2978281656901043,3.0559427897135416,250.0,4487,7
fixation,1358223.6940000057,0.5092648519203067,0.3859300697222352,3.3738784790039062,3.1046838760375977,267.0,4488,7
fixation,1358507.0320000648,0.5475880043073134,0.3702450299804861,3.3713240189985796,3.0118297230113638,184.0,4489,7
fixation,1358707.0329999924,0.5782541400856442,0.3875967644982868,3.3533799913194446,3.063173082139757,150.0,4490,7
fixation,1358873.7049999237,0.6093790680170059,0.3915468454360962,3.3504409790039062,3.0404586791992188,67.0,4491,7
fixation,1359007.0380001068,0.39576972411437467,0.4168542948636142,3.2543196244673296,3.054779746315696,367.0,4492,7
fixation,1359390.3800001144,0.4254350747380938,0.40998983808926176,3.204012189592634,3.000922066824777,124.0,4493,7
fixation,1359673.719000101,0.4569025297056545,0.40633122622966766,3.214354081587358,2.9685433127663354,175.0,4494,7
fixation,1359890.388999939,0.4872079950112563,0.39870715599793655,3.1414771446814904,2.8869358943058896,216.0,4495,7
fixation,1360123.7260000706,0.478219547867775,0.40021686926484107,3.085161590576172,2.8441986083984374,333.0,4496,7
fixation,1360490.4000000954,0.5303556377237494,0.395510043610226,3.0855560302734375,2.8385772705078125,183.0,4497,7
fixation,1360690.405999899,0.5696328654885292,0.39088210090994835,3.1083246866861978,2.8447596232096353,200.0,4498,7
fixation,1360923.743999958,0.6047587269230893,0.39382707209963547,3.143782766241776,2.8481083920127466,317.0,4499,7
fixation,1361290.4189999104,0.48938427711355276,0.4347552836968981,3.1188933273841597,2.899175183526401,483.0,4500,7
fixation,1361807.0969998837,0.4379722372843669,0.3735549667706856,3.1212064302884617,2.91372563288762,217.0,4501,7
fixation,1362057.1029999256,0.4994672864675522,0.36824396848678587,3.1497406005859374,2.91336669921875,92.0,4502,7
fixation,1362357.1070001125,0.5552313327789307,0.3427312858402729,3.1548995971679688,2.8934783935546875,126.0,4503,7
fixation,1362507.114000082,0.5821087190083095,0.3389998461518969,3.1323634556361606,2.847233363560268,117.0,4504,7
fixation,1362657.115999937,0.6084558814764023,0.34170474857091904,3.1143951416015625,2.807018280029297,67.0,4505,7
fixation,1362773.7850000858,0.48950850537845064,0.35288609670741217,3.0314538138253346,2.7995376586914062,233.0,4506,7
fixation,1363123.7999999523,0.545673834780852,0.8486229752500852,2.9550743103027344,2.698042551676432,200.0,4507,7
fixation,1363357.140000105,0.4057901605963707,0.8802964657545089,3.0143142700195313,2.769053649902344,167.0,4508,7
fixation,1363540.4779999256,0.46167540177702904,0.890316978096962,3.0435218811035156,2.7894859313964844,74.0,4509,7
fixation,1363873.8080000877,0.5090030133724213,0.8640565812587738,3.0977813720703127,2.7576934814453127,75.0,4510,7
fixation,1363973.8129999638,0.4046929714580377,0.8589268376429876,3.125865936279297,2.8098068237304688,200.0,4511,7
fixation,1364207.1500000954,0.5129113644361496,0.5624333371718725,3.1358108520507812,2.8607177734375,100.0,4512,7
fixation,1364407.1549999714,0.49003337174654005,0.43489651679992675,3.216534423828125,2.9811981201171873,167.0,4513,7
fixation,1364590.492000103,0.4893061660907485,0.4326884411275387,3.1231873252175073,2.934980565851385,741.0,4514,7
fixation,1365540.5099999905,0.5181748731569811,0.4480339333866582,3.1265485358960703,2.8890533447265625,550.0,4515,7
fixation,1366107.1889998913,0.5076281918833653,0.4616860430687666,3.1718470255533853,2.9834766387939453,400.0,4516,FIX_CROS
fixation,1366523.862999916,0.47110885860664503,0.4634360261261463,3.321702684674944,3.115532466343471,467.0,4517,FIX_CROS
fixation,1367123.871999979,0.24499394165145028,0.41152092980013955,3.424345228407118,3.1417405870225696,158.0,4518,7.2
fixation,1367607.2139999866,0.40554101864496866,0.42839114169279735,3.343218994140625,3.0426544189453124,250.0,4519,7.2
fixation,1367907.2209999561,0.4845830023288727,0.42299666106700895,3.2916168212890624,2.9865631103515624,167.0,4520,7.2
fixation,1368107.2230000496,0.5958920955657959,0.42938958704471586,3.332814025878906,3.0220901489257814,167.0,4521,7.2
fixation,1368590.5710000992,0.7465480069319407,0.4493781328201294,3.3658989800347223,3.0153028700086804,142.0,4522,7.2
fixation,1368790.5759999752,0.48398702293634416,0.46953157186508176,3.235870361328125,3.0279754638671874,166.0,4523,7.2
fixation,1368990.5739998817,0.4194058656692505,0.481297467648983,3.2042831420898437,3.0065628051757813,166.0,4524,7.2
fixation,1369273.9130001068,0.6378880977630615,0.49066321849822997,3.310224914550781,3.046824645996094,167.0,4525,7.2
fixation,1369457.2569999695,0.710864351855384,0.4935043040249083,3.3335452609592013,3.0850592719184027,150.0,4526,7.2
fixation,1369657.2520000935,0.7847145915031433,0.48219543844461443,3.3882492065429686,3.065484619140625,167.0,4527,7.2
fixation,1369873.9219999313,0.6003038287162781,0.5986875221133232,3.3180084228515625,3.0165843963623047,133.0,4528,7.2
fixation,1370023.9260001183,0.6488296091556549,0.5875507950782776,3.3628143310546874,3.0328399658203127,83.0,4529,7.2
fixation,1370173.9279999733,0.2728329002857208,0.501865993653025,3.351719447544643,3.129300798688616,117.0,4530,7.2
fixation,1370307.265000105,0.2233174778521061,0.49036828726530074,3.3753311157226564,3.130293273925781,167.0,4531,7.2
fixation,1370507.2660000324,0.33518047258257866,0.4980410812422633,3.3264570236206055,3.097219467163086,267.0,4532,7.2
fixation,1370807.2750000954,0.4352556746453047,0.3560576755553484,3.4345321655273438,3.1529312133789062,134.0,4533,NOTRIAL
fixation,1370973.9509999752,0.34351979196071625,0.29046048765832727,3.4349198774857954,3.1449141068892046,191.0,4534,NOTRIAL
fixation,1371440.6289999485,0.35037973523139954,0.3144928167263667,3.5250311957465277,3.1848924424913196,150.0,4535,NOTRIAL
fixation,1371657.2969999313,0.35031241391386303,0.3003648327929633,3.465020315987723,3.1330348423549106,117.0,4536,NOTRIAL
fixation,1371840.637000084,0.5764791028840202,0.31589826728616444,3.4766322544642856,3.124230521065848,116.0,4537,NOTRIAL
fixation,1371990.638999939,0.6240834051912482,0.31688033044338226,3.5196269642223013,3.0959278453480112,183.0,4538,NOTRIAL
fixation,1372223.9790000916,0.3995615551248193,0.3206026488915086,3.5116662979125977,3.240178108215332,267.0,4539,NOTRIAL
fixation,1372507.3169999123,0.3607620386914773,0.3199140957810662,3.4930302013050425,3.1696735728870737,367.0,4540,NOTRIAL
fixation,1372907.3159999847,0.35335037562736243,0.5273828402508137,3.393585205078125,3.114652766737827,725.0,4541,NOTRIAL
fixation,1373857.3369998932,0.35290637612342834,0.4952111774020725,3.30820549858941,3.035520765516493,142.0,4542,NOTRIAL
fixation,1374074.009000063,0.6490885525941849,0.7307631696263949,3.38291015625,3.005268351236979,1008.0,4543,NOTRIAL
fixation,1375740.7170000076,0.5556104928255081,0.5367315441370011,3.496571350097656,3.127618408203125,159.0,4544,FIX_CROS
fixation,1375940.7109999657,0.48629887270576816,0.47454904063659553,3.445738399730009,3.1963909373563877,1133.0,4545,FIX_CROS
fixation,1377090.7320001125,0.5248212516307831,0.4925495322261538,3.510223388671875,3.248504638671875,125.0,4546,7.1
fixation,1377807.4119999409,0.5183476607004801,0.5178562137815688,3.57639397515191,3.2417772081163196,150.0,4547,7.1
fixation,1377974.0820000172,0.5116666088501612,0.4778887023528417,3.569727579752604,3.2949859619140627,250.0,4548,NOTRIAL
fixation,1378257.4179999828,0.40768542885780334,0.28934331486622494,3.59210205078125,3.32177734375,100.0,4549,NOTRIAL
fixation,1378390.763999939,0.34536080360412597,0.3011661484837532,3.540576171875,3.283427429199219,167.0,4550,NOTRIAL
fixation,1378607.4240000248,0.61403302748998,0.28843634327252704,3.595717366536458,3.2699605305989583,250.0,4551,NOTRIAL
fixation,1378874.0980000496,0.6322436928749084,0.3011966608464718,3.591114044189453,3.2740135192871094,134.0,4552,NOTRIAL
fixation,1379090.7679998875,0.629965623540263,0.3255417539227393,3.6219561176915325,3.297361312373992,525.0,4553,NOTRIAL
fixation,1379790.7790000439,0.6496924798596989,0.49522636153481225,3.5632060657848013,3.2761091752485796,359.0,4554,NOTRIAL
fixation,1380207.4570000172,0.6653984427452088,0.7185310781002044,3.541706848144531,3.177752685546875,333.0,4555,NOTRIAL
fixation,1380690.7969999313,0.6612735199076789,0.7283459965671811,3.5615921020507812,3.181044442313058,241.0,4556,NOTRIAL
fixation,1381599.1579999924,0.5799004031079156,0.6166376684393201,3.567204066685268,3.204601832798549,233.0,4557,NOTRIAL
fixation,1381865.8220000267,0.5309862920216152,0.4042785306062017,3.5275889805385043,3.294466291155134,233.0,4558,NOTRIAL
fixation,1382132.493999958,0.4849443182349205,0.2895165577530861,3.547705078125,3.2425857543945313,166.0,4559,NOTRIAL
fixation,1382315.8340001106,0.5645605474710464,0.28548001994689304,3.5827407836914062,3.2455622355143228,200.0,4560,NOTRIAL
fixation,1382549.1689999104,0.6391192290742519,0.4987182362099825,3.6133539232157044,3.2992375260692532,984.0,4561,NOTRIAL
fixation,1383549.1960000992,0.6317404786745707,0.5106781615151299,3.5797977023654513,3.332461886935764,750.0,4562,NOTRIAL
fixation,1384965.89199996,0.5785536042281559,0.4492806387799127,3.628973824637277,3.3746490478515625,116.0,4563,NOTRIAL
fixation,1385115.8880000114,0.508551633854707,0.4895065277814865,3.5322509765625,3.310383605957031,500.0,4564,NOTRIAL
fixation,1385649.2400000095,0.4792409256100655,0.6486605882644654,3.5495376586914062,3.166334533691406,167.0,4565,17
fixation,1385832.5759999752,0.4758541927887843,0.5997163767998035,3.4814664400540867,3.127245389498197,216.0,4566,17
fixation,1386099.246999979,0.48226629032029045,0.44496094518237644,3.3961113823784723,3.1789754231770835,150.0,4567,17
fixation,1386282.5840001106,0.4147386915153927,0.6768925355540382,3.34944831000434,3.028498331705729,150.0,4568,17
fixation,1386449.243999958,0.3940161277850469,0.6488834083080292,3.3771901448567707,3.0782175699869794,250.0,4569,17
fixation,1386715.9159998894,0.42297710105776787,0.6523674353957176,3.3836135864257812,3.070598602294922,67.0,4570,17
fixation,1386832.5840001106,0.3207833046714465,0.90461565554142,3.3519109090169272,3.0649795532226562,200.0,4571,17
fixation,1387049.2660000324,0.3853752762079239,0.8966905891895294,3.3501312255859377,3.07730712890625,92.0,4572,17
fixation,1387315.9349999428,0.47119776242309147,0.8730420602692498,3.3698052300347223,3.0511610243055554,142.0,4573,17
fixation,1387482.594000101,0.5448847264051437,0.8773247331380845,3.381475830078125,3.053662109375,166.0,4574,17
fixation,1387665.9340000153,0.5844349331325955,0.8826408882935842,3.36956787109375,3.0114864773220487,150.0,4575,17
fixation,1387849.2709999084,0.5093554691834883,0.8870939585295591,3.2870830189098013,2.9947856556285513,184.0,4576,17
fixation,1388065.9389998913,0.5927669430772463,0.8819703559080759,3.3446261088053384,3.0027949015299478,200.0,4577,17
fixation,1388299.2780001163,0.6690171154645773,0.8843865715540372,3.350315974308894,3.0291360708383412,217.0,4578,17
fixation,1388565.9509999752,0.48159524904830114,0.5834472243274961,3.3061752319335938,3.0507213047572543,233.0,4579,17
fixation,1388832.6210000515,0.48500871989462113,0.4566606274909443,3.2958831787109375,3.0988023546006946,300.0,4580,17
fixation,1389149.2950000763,0.4648640248924494,0.4561259727925062,3.287322998046875,3.124124526977539,134.0,4581,17
fixation,1389315.9639999866,0.483676408296046,0.593920102585917,3.2957531472911006,3.0033031961192256,383.0,4582,17
fixation,1389732.6380000114,0.5235737313826879,0.5992724796136221,3.3001276652018228,2.9802474975585938,100.0,4583,17
fixation,1389865.973999977,0.5620925724506378,0.6058043663700422,3.290259043375651,2.9306793212890625,200.0,4584,17
fixation,1390082.6459999084,0.5737915374338627,0.6030377931892872,3.265634536743164,2.9218101501464844,133.0,4585,17
fixation,1390232.6500000954,0.5415603493650755,0.5962355931599935,3.2321345011393228,2.916461944580078,200.0,4586,17
fixation,1390449.3190000057,0.5263544281323751,0.6017210284868876,3.205418904622396,2.9048807779947916,250.0,4587,17
fixation,1390732.65899992,0.4232450756761763,0.6422164440155029,3.209630330403646,2.9271392822265625,150.0,4588,17
fixation,1390899.3280000687,0.3924355645264898,0.6462887674570084,3.1924220493861606,2.9127229963030135,234.0,4589,17
fixation,1391165.9990000725,0.5313821375370026,0.6384516209363937,3.2102951049804687,2.8881881713867186,167.0,4590,17
fixation,1391349.3369998932,0.5620997548103333,0.6497019517421723,3.26396484375,2.890364990234375,416.0,4591,17
fixation,1391799.344000101,0.4589462745934725,0.6610027775168419,3.2502975463867188,2.9065494537353516,133.0,4592,17
fixation,1391949.3480000496,0.4004135876893997,0.6890677472819453,3.253809389860734,2.9280375605044155,383.0,4593,17
fixation,1392382.6879999638,0.4866287834942341,0.6849249571561813,3.2497894287109377,2.8861732482910156,333.0,4594,17
fixation,1392732.6940000057,0.5565967609484991,0.682103622953097,3.200201924641927,2.859685262044271,500.0,4595,17
fixation,1393266.0360000134,0.5934627226420811,0.6909513771533966,3.227789742606027,2.8362230573381697,125.0,4596,17
fixation,1393566.0450000763,0.5924713015556335,0.6555155949159102,3.171263261274858,2.8256669477982954,176.0,4597,17
fixation,1393782.71600008,0.5165143800633294,0.4769180693796703,3.091312226795015,2.870480492001488,350.0,4598,17
fixation,1394166.0559999943,0.5028397341569265,0.600160194767846,3.0811937120225696,2.8038448757595487,150.0,4599,17
fixation,1394332.7260000706,0.4815518955389659,0.5946410670876503,3.0832951863606772,2.8400802612304688,200.0,4600,17
fixation,1394566.0650000572,0.5231211345929366,0.5929314081485455,3.099029541015625,2.8098062368539662,217.0,4601,17
fixation,1394816.0710000992,0.5829601888773871,0.6026221631003208,3.2120256267610143,2.859890546955046,1025.0,4602,17
fixation,1396066.0929999352,0.46230324038437437,0.8105484247207642,3.3137664794921875,2.9161878313337053,109.0,4603,17
fixation,1396282.763999939,0.43185304291546345,0.645824957638979,3.3128414154052734,2.9395198822021484,133.0,4604,17
fixation,1396449.4319999218,0.4075326747619189,0.6348413114364331,3.2284436348157053,2.8834932767427883,650.0,4605,17
fixation,1397116.112999916,0.464893331581896,0.6392615681344812,3.1364995783025567,2.8322864879261362,184.0,4606,17
fixation,1397332.7820000648,0.5324410882435346,0.6392310253883663,3.170835394608347,2.8384877255088403,633.0,4607,17
fixation,1397982.7939999104,0.5548810604959726,0.6399565879255533,3.2476415634155273,2.8621444702148438,267.0,4608,17
fixation,1398266.132999897,0.5831653252243996,0.6555591324965159,3.3107757568359375,2.8897527058919272,200.0,4609,17
fixation,1398499.4709999561,0.4184762065609296,0.6878941481312116,3.3540128072102866,2.9868685404459634,200.0,4610,17
fixation,1398716.144999981,0.3923606311573702,0.6922669866505791,3.3852036420036766,3.0240640079273895,284.0,4611,17
fixation,1399032.8129999638,0.4644182026386261,0.6918722003698349,3.3932403564453124,2.9816818237304688,167.0,4612,17
fixation,1399216.1519999504,0.50777722353285,0.6908718212084337,3.4013796719637783,2.9766804088245737,184.0,4613,17
fixation,1399416.1540000439,0.5545528590679168,0.6851904451847076,3.40291748046875,2.96248779296875,92.0,4614,17
fixation,1399716.1610000134,0.5862559974193573,0.6605805924960545,3.3422960553850447,2.932342529296875,109.0,4615,17
fixation,1399866.1630001068,0.4833965346668706,0.49147768950823584,3.245761755741004,2.986308242335464,550.0,4616,17
fixation,1400449.5050001144,0.49596162471506333,0.596428288353814,3.1779022216796875,2.903293185763889,150.0,4617,17
fixation,1400616.1749999523,0.47591085359454155,0.5980985518544912,3.1858062744140625,2.8991050720214844,267.0,4618,17
fixation,1400899.512000084,0.5118910411470815,0.5932540595531464,3.213753951223273,2.8807300768400492,316.0,4619,17
fixation,1401299.5179998875,0.5766459941864014,0.6041858474413554,3.309740193684896,2.943792724609375,250.0,4620,17
fixation,1401582.8570001125,0.48977747187018394,0.8056920319795609,3.348822275797526,2.9669520060221353,200.0,4621,17
fixation,1401816.2000000477,0.5333786262915685,0.6310652081783001,3.43975830078125,3.061859130859375,217.0,4622,17
fixation,1402066.1940000057,0.5758986306190491,0.629516294002533,3.4775396728515626,3.08357666015625,417.0,4623,17
fixation,1402516.2119998932,0.5440006187328925,0.7014839007304265,3.507685734675481,3.1195843036358175,217.0,4624,17
fixation,1402766.2079999447,0.45656689815223217,0.7039062865078449,3.476259231567383,3.112895965576172,134.0,4625,17
fixation,1402932.8759999275,0.3964496769688346,0.6996640156615864,3.4575153697620737,3.089315241033381,183.0,4626,17
fixation,1403132.881000042,0.4256221577525139,0.7015902080706188,3.4407381330217635,3.078218732561384,233.0,4627,17
fixation,1403399.5499999523,0.4909785103339415,0.6951926992489741,3.44985844538762,3.067157451923077,216.0,4628,17
fixation,1403632.887000084,0.5564524898162255,0.6880752077469459,3.480083759014423,3.0834620549128604,217.0,4629,17
fixation,1403866.2320001125,0.5862360388040543,0.6941675394773483,3.5330413818359374,3.1167236328125,167.0,4630,17
fixation,1404082.9040000439,0.6816889366933278,0.8860290220805577,3.6004932948521207,3.1688570295061385,233.0,4631,17
fixation,1404349.5650000572,0.5410052992048717,0.6444511881896428,3.645623343331473,3.2101614815848216,350.0,4632,17
fixation,1404732.9110000134,0.4644278474152088,0.6474389396607876,3.604116439819336,3.2192230224609375,133.0,4633,17
fixation,1404882.9140000343,0.4891169849369261,0.6064169175095029,3.585293240017361,3.1807963053385415,150.0,4634,17
fixation,1405049.5850000381,0.47092619724571705,0.6119647771120071,3.5557479858398438,3.1721057891845703,133.0,4635,17
fixation,1405199.5850000381,0.525480130314827,0.603035968542099,3.562608337402344,3.1471282958984377,166.0,4636,17
fixation,1405382.9260001183,0.5784614966029212,0.6065304449626377,3.5827709379650297,3.134157453264509,350.0,4637,17
fixation,1405766.2550001144,0.4861767075955868,0.6025743767619133,3.5684738159179688,3.1395912170410156,334.0,4638,17
fixation,1406132.9289999008,0.4944762259721756,0.49362428614071435,3.619771902901786,3.2922332763671873,583.0,4639,FIX_CROS
fixation,1406749.6059999466,0.45849736258387563,0.5000868380069733,3.6740142822265627,3.338195037841797,333.0,4640,FIX_CROS
fixation,1407099.612999916,0.4710162956463663,0.5050858745449468,3.68841552734375,3.3624090897409538,316.0,4641,17.1
fixation,1407449.618999958,0.5263791924173181,0.5081457834352147,3.671783447265625,3.3266227028586646,183.0,4642,17.1
fixation,1407649.6229999065,0.5365843673547109,0.514680527150631,3.6785608927408853,3.3308499654134116,200.0,4643,17.1
fixation,1407866.2939999104,0.5502832863065932,0.5241551068094041,3.6772223578559027,3.326746622721354,158.0,4644,17.1
fixation,1408216.3010001183,0.5622285565604335,0.4985836141783258,3.564774886421535,3.216846631920856,376.0,4645,17.1
fixation,1408632.9790000916,0.6411613871653875,0.38321299105882645,3.6185455322265625,3.1863377888997397,100.0,4646,NOTRIAL
fixation,1408766.3159999847,0.6353533272941907,0.32229462936520575,3.577561696370443,3.2100290934244793,1000.0,4647,NOTRIAL
fixation,1409782.993999958,0.6217247270620786,0.3316329144514524,3.6233684833233175,3.2793508676382213,217.0,4648,NOTRIAL
fixation,1410033.006000042,0.6451668578844804,0.33379382582811207,3.673906766451322,3.3158639761117787,217.0,4649,NOTRIAL
fixation,1410299.6700000763,0.6472279095933551,0.5129347170392672,3.6561780657087053,3.359619867234003,700.0,4650,NOTRIAL
fixation,1411099.6930000782,0.6618814336902955,0.5352453826104894,3.6150292789234832,3.3431463802562043,567.0,4651,NOTRIAL
fixation,1411699.7039999962,0.6611483706080395,0.7563030408776324,3.597324205481488,3.205767755923064,775.0,4652,NOTRIAL
fixation,1413049.7260000706,0.5875545905696021,0.5304312209288279,3.6010013156467013,3.2804734971788196,150.0,4653,FIX_CROS
fixation,1413216.3970000744,0.6321247220039368,0.4969136603176594,3.652982711791992,3.3556747436523438,133.0,4654,FIX_CROS
fixation,1413449.7339999676,0.516538667678833,0.4847565457224846,3.5160369873046875,3.245558166503906,175.0,4655,FIX_CROS
fixation,1413866.4000000954,0.511848930801664,0.48408398032188416,3.443060738699777,3.1583949497767856,116.0,4656,FIX_CROS
fixation,1414016.4040000439,0.5528535787016153,0.4319627210497856,3.474590301513672,3.219522476196289,266.0,4657,FIX_CROS
fixation,1414316.4170000553,0.6100890710949898,0.41992951557040215,3.515692392985026,3.2313130696614585,200.0,4658,17.2
fixation,1414549.7539999485,0.697989884018898,0.4254241198301315,3.481221008300781,3.1824722290039062,167.0,4659,17.2
fixation,1414749.7599999905,0.7575269229710102,0.40802462585270405,3.4324283599853516,3.0871353149414062,133.0,4660,17.2
fixation,1414949.760999918,0.4596589586951516,0.40828659588640387,3.3693667325106533,3.1516917835582388,183.0,4661,17.2
fixation,1415166.4289999008,0.398957452990792,0.4155077189207077,3.4049252596768467,3.1978107799183237,183.0,4662,17.2
fixation,1415383.1029999256,0.277918341755867,0.49361611604690553,3.4186279296875,3.1555816650390627,167.0,4663,17.2
fixation,1415566.4360001087,0.23443493247032166,0.5039937374266711,3.3985443115234375,3.1541207053444604,183.0,4664,17.2
fixation,1415783.1089999676,0.3468273537499564,0.5054491332599095,3.4310411725725447,3.1533094133649553,117.0,4665,17.2
fixation,1415933.112999916,0.2504384024068713,0.4020019741728902,3.5229930877685547,3.234623908996582,267.0,4666,17.2
fixation,1416233.117000103,0.3293710947036743,0.4242354062470523,3.5119753750887783,3.2763810591264204,184.0,4667,17.2
fixation,1416449.7880001068,0.4756576091051102,0.584034189581871,3.502366638183594,3.1464813232421873,167.0,4668,17.2
fixation,1416633.1240000725,0.45381289124488833,0.5906187236309052,3.5082489013671876,3.147894287109375,84.0,4669,17.2
fixation,1416749.7960000038,0.5286510744515587,0.6006581485271454,3.5356732536764706,3.1557329963235294,283.0,4670,NOTRIAL
fixation,1417083.1319999695,0.6231216192245483,0.4108845467368762,3.5781326293945312,3.2736434936523438,100.0,4671,NOTRIAL
fixation,1417249.7980000973,0.3590008595160076,0.36038514758859364,3.6165662493024553,3.321354457310268,125.0,4672,NOTRIAL
fixation,1417516.4719998837,0.3453129575484329,0.3169912604822053,3.613703409830729,3.310652414957682,592.0,4673,NOTRIAL
fixation,1418149.8199999332,0.41664708256721494,0.34381345808506014,3.560150146484375,3.2316802978515624,91.0,4674,NOTRIAL
fixation,1418549.8259999752,0.3492146277656922,0.5376083862323028,3.363483135516827,3.118497995229868,433.0,4675,NOTRIAL
fixation,1419016.5009999275,0.41894728248869934,0.502419622959914,3.349354214138455,3.109252364547164,900.0,4676,NOTRIAL
fixation,1419966.51699996,0.6584299871554742,0.7477221999030846,3.497631366436298,3.0839911240797777,866.0,4677,NOTRIAL
fixation,1421399.8800001144,0.6076828132976185,0.7350471588698301,3.5336567271839487,3.123476895419034,175.0,4678,NOTRIAL
fixation,1421599.8849999905,0.6505753040313721,0.7450672864913941,3.493083190917969,3.0948501586914063,175.0,4679,NOTRIAL
fixation,1422066.5629999638,0.44128770323900074,0.2969928349439914,3.3815378042367787,3.130846463716947,216.0,4680,NOTRIAL
fixation,1422316.5590000153,0.4138503347833951,0.44064683715502423,3.2656529744466147,3.0884857177734375,100.0,4681,NOTRIAL
fixation,1422449.8989999294,0.6366667052110037,0.47855015099048615,3.347426096598307,3.095434824625651,200.0,4682,NOTRIAL
fixation,1422716.5650000572,0.34379522206512747,0.5164091047031659,3.448230932790337,3.202821122839096,2350.0,4683,NOTRIAL
fixation,1425783.3050000668,0.45259203182326424,0.5776183274057176,3.6871829562717013,3.30092536078559,149.0,4684,NOTRIAL
fixation,1425949.9760000706,0.49802525226886457,0.5192402383455863,3.5429147573617787,3.2164224477914662,217.0,4685,NOTRIAL
fixation,1426183.3129999638,0.5190079882740974,0.5228006727993488,3.444737434387207,3.144134521484375,267.0,4686,NOTRIAL
fixation,1426483.3190000057,0.4888428617268801,0.38262320309877396,3.4450130462646484,3.1967411041259766,134.0,4687,2
fixation,1426633.3150000572,0.5498073763317533,0.37439225448502433,3.4521857367621527,3.136890835232205,300.0,4688,2
fixation,1426949.984999895,0.5526637494564056,0.3611958742141724,3.4077484130859377,3.1153594970703127,83.0,4689,2
fixation,1427066.6540000439,0.5657864006666037,0.422935005563956,3.3302706204927883,3.04666020320012,216.0,4690,2
fixation,1427299.993999958,0.5482335757641565,0.43724831087248667,3.3184109642392112,3.076230003720238,350.0,4691,2
fixation,1427666.6670000553,0.5864887862436233,0.4427988327318622,3.374334027690272,3.116906442949849,517.0,4692,2
fixation,1428216.6760001183,0.5691979229450226,0.5243576526641845,3.4068206787109374,3.072247314453125,91.0,4693,2
fixation,1428466.6809999943,0.576499525308609,0.5717235147953034,3.5243597412109375,3.1457403564453124,409.0,4694,2
fixation,1428900.0220000744,0.5718262970447541,0.6150272369384766,3.456585693359375,3.0765380859375,167.0,4695,2
fixation,1429083.3589999676,0.5645615036288897,0.5161353324850401,3.3908462524414062,3.084509531656901,200.0,4696,2
fixation,1429316.6960000992,0.5582669112417433,0.6194342705938551,3.3816630045572915,3.0209214952256946,158.0,4697,2
fixation,1429750.0380001068,0.24178294837474823,0.8731544786377957,3.308000263414885,3.0099214252672697,309.0,4698,2
fixation,1430100.0429999828,0.3166640341281891,0.8719730615615845,3.243519592285156,2.9179336547851564,167.0,4699,2
fixation,1430300.0469999313,0.37009873579848895,0.8787795982577584,3.240780917080966,2.885109641335227,184.0,4700,2
fixation,1430516.7149999142,0.41372619832263274,0.8873038993162268,3.2300298354204964,2.8847458783318016,283.0,4701,2
fixation,1430816.7230000496,0.48309423977678473,0.8832791501825507,3.2405048717151987,2.8773151744495737,183.0,4702,2
fixation,1431033.39199996,0.5403972353254046,0.8807543005262103,3.306725638253348,2.9331817626953125,233.0,4703,2
fixation,1431350.0659999847,0.5822705138813365,0.28005347739566455,3.4524036754261362,3.126524491743608,184.0,4704,2
fixation,1431716.7369999886,0.6053194254636765,-0.0272949761711061,3.4325008392333984,3.0339412689208984,141.0,4705,2
fixation,1432200.0780000687,0.6228171953788171,0.862090894809136,3.2560450236002603,2.9508643517127404,217.0,4706,2
fixation,1432450.0829999447,0.6958171337842941,0.8706605702638626,3.325303649902344,2.975996398925781,167.0,4707,2
fixation,1432650.0859999657,0.7470413148403168,0.8784522439042727,3.2999000549316406,2.996138254801432,200.0,4708,2
fixation,1432866.7550001144,0.764120498051246,0.8829426926871141,3.316788991292318,2.98982302347819,400.0,4709,2
fixation,1433316.7630000114,0.5148570194840432,0.9199882864952087,3.2983322143554688,2.9914535522460937,167.0,4710,2
fixation,1433500.098999977,0.48057842813432217,0.920503169298172,3.294687271118164,2.976949691772461,134.0,4711,2
fixation,1433683.4340000153,0.5081142080681664,0.5165553295186588,3.294102260044643,3.1135123116629466,233.0,4712,2
fixation,1433950.1119999886,0.45729755635919245,0.5899701375385811,3.2496737776131464,2.9938012484846444,484.0,4713,2
fixation,1434466.7799999714,0.4654640307029088,0.41431591908137005,3.272993723551432,3.0884246826171875,200.0,4714,2
fixation,1434700.1199998856,0.4904960500342505,0.5875513149159295,3.1804733276367188,2.927018301827567,234.0,4715,2
fixation,1434950.1229999065,0.5048542258640131,0.6159448300798734,3.1799914042154946,2.9019343058268228,200.0,4716,2
fixation,1435183.4619998932,0.4000413871329764,0.6121791497520779,3.193372643512228,2.8994140625,391.0,4717,2
fixation,1435766.8050000668,0.23867008741945028,0.8529848344624043,3.26507568359375,3.003507614135742,125.0,4718,2
fixation,1435933.4760000706,0.30209392143620384,0.8656013409296671,3.279634263780382,2.9969906277126737,150.0,4719,2
fixation,1436116.8110001087,0.36046204085533434,0.8767314438636487,3.2233487642728367,2.916194035456731,217.0,4720,2
fixation,1436366.8169999123,0.4588489131285594,0.8774332839709061,3.2716944767878604,2.9080587533804088,217.0,4721,2
fixation,1436600.1530001163,0.5343977734446526,0.8759063519537449,3.3508663177490234,2.975963592529297,134.0,4722,2
fixation,1436783.4900000095,0.41787080116131725,0.5085338704726275,3.3646832634420956,3.1288739372702206,283.0,4723,2
fixation,1437083.4949998856,0.4434928527722756,0.5783629429837068,3.3752237955729165,3.0633042653401694,400.0,4724,2
fixation,1437516.8350000381,0.4433361301198602,0.44852415192872286,3.36354923248291,3.148792266845703,267.0,4725,2
fixation,1437833.5099999905,0.49701046546300254,0.6203379551569621,3.348918660481771,3.043260701497396,250.0,4726,2
fixation,1438133.5130000114,0.3867991818115115,0.6061546299606562,3.3699216842651367,3.084402084350586,266.0,4727,2
fixation,1438416.8540000916,0.38235863149166105,0.5336227377255758,3.292510986328125,3.063484700520833,250.0,4728,2
fixation,1438716.859999895,0.5964715679486593,0.6512801766395568,3.3716084798177084,3.0092814127604166,250.0,4729,2
fixation,1439000.1970000267,0.6366788484156132,0.6425981558859348,3.384672164916992,3.028095245361328,134.0,4730,2
fixation,1439183.5320000648,0.5630825708309809,0.37730296328663826,3.4344914754231772,3.1673151652018228,200.0,4731,2
fixation,1439400.2060000896,0.5280154496431351,0.32679369300603867,3.455793762207031,3.1928421020507813,167.0,4732,2
fixation,1439600.2070000172,0.43963176012039185,0.34556006342172624,3.3717422485351562,3.138885498046875,175.0,4733,2
fixation,1440000.21600008,0.7182755867640177,0.8601926614840826,3.2774276733398438,2.9259796142578125,92.0,4734,2
fixation,1440116.8849999905,0.7476730810271369,0.8473578989505768,3.3341827392578125,2.9753790961371527,150.0,4735,2
fixation,1440300.2209999561,0.6161903576417402,0.8532979705116965,3.3315929066051138,2.9774599942294033,184.0,4736,2
fixation,1440500.223999977,0.6816100031137466,0.8660194724798203,3.3020553588867188,2.9768409729003906,67.0,4737,2
fixation,1440600.2249999046,0.7360615879297256,0.8551786293586096,3.3338114420572915,3.0082422892252603,100.0,4738,2
fixation,1440750.2260000706,0.5064370984380896,0.9104589806361632,3.323577187278054,3.0085490833629263,367.0,4739,2
fixation,1441150.2290000916,0.4737869905573981,0.8739357356514249,3.3556649344308034,3.012617928641183,234.0,4740,2
fixation,1441416.9030001163,0.43390134871006014,0.8712243854999542,3.3573532104492188,3.0115890502929688,167.0,4741,2
fixation,1441616.905999899,0.5438108512988458,0.8748457661041846,3.4453218900240383,3.0301419771634617,217.0,4742,2
fixation,1441850.2400000095,0.5189774011572202,0.885365329682827,3.4494043986002603,3.052637736002604,200.0,4743,2
fixation,1442083.5780000687,0.5618553124368191,0.857527919113636,3.490549087524414,3.0591564178466797,133.0,4744,2
fixation,1442266.9140000343,0.4778350663596186,0.3995568433712269,3.500727160223599,3.201764336947737,483.0,4745,2
fixation,1442800.2569999695,0.6179099895737388,0.40464435653253034,3.430392178622159,3.024910666725852,184.0,4746,2
fixation,1443000.2569999695,0.6323771079381307,0.3848903493748771,3.4201490614149304,3.062900119357639,150.0,4747,2
fixation,1443200.2599999905,0.6251387157860924,0.6346879829378689,3.2618632597081803,2.9014264275045956,284.0,4748,2
fixation,1443500.2630000114,0.6352820172905922,0.5778668075799942,3.2816543579101562,2.97216796875,134.0,4749,2
fixation,1443683.601999998,0.4373223399743438,0.6108408961445093,3.292552947998047,2.994049072265625,266.0,4750,2
fixation,1443983.6029999256,0.38638567328453066,0.5918310523033142,3.327729034423828,3.0301971435546875,333.0,4751,2
fixation,1444366.9409999847,0.4766751029368105,0.6374248543689991,3.3665119039601294,3.0248086863550645,483.0,4752,2
fixation,1444883.6150000095,0.40059445963965523,0.657660037279129,3.3807559543185763,3.053685506184896,150.0,4753,2
fixation,1445083.615999937,0.5928178399801254,0.7197133958339691,3.4686981201171876,3.05155029296875,166.0,4754,2
fixation,1445266.9549999237,0.5826918019188775,0.7049586739805009,3.51151360405816,3.0710517035590277,150.0,4755,2
fixation,1445433.6240000725,0.5650846064090729,0.6895214430987835,3.5825443267822266,3.134805679321289,266.0,4756,2
fixation,1445733.6289999485,0.5029161282711558,0.48172924088107216,3.5504561530219183,3.296924591064453,600.0,4757,FIX_CROS
fixation,1446383.648000002,0.38367329351603985,0.4544248264282942,3.5741710662841797,3.363903045654297,133.0,4758,FIX_CROS
fixation,1446550.3139998913,0.305381563576785,0.43525143509561365,3.5500647804953833,3.328337929465554,367.0,4759,FIX_CROS
fixation,1446966.9839999676,0.21508662775158882,0.39439633807965685,3.5412390572684154,3.3073316301618303,233.0,4760,2.1
fixation,1447216.989000082,0.2753327339887619,0.4131895676255226,3.488384246826172,3.2681617736816406,75.0,4761,2.1
fixation,1447450.3269999027,0.3614113845608451,0.3976004963571375,3.4817768443714487,3.2392203591086646,176.0,4762,2.1
fixation,1447666.9960000515,0.3280732985585928,0.40318054892122746,3.386747360229492,3.177734375,133.0,4763,2.1
fixation,1447850.3350000381,0.43015968664125964,0.41959882188927045,3.342620849609375,3.139527754350142,183.0,4764,2.1
fixation,1448067.0039999485,0.5173201901572091,0.4239416516252926,3.3251571655273438,3.103299822126116,234.0,4765,2.1
fixation,1448333.6760001183,0.5559231340885162,0.43354533314704896,3.2888336181640625,3.0878387451171876,83.0,4766,2.1
fixation,1448450.344000101,0.638627433351108,0.4296808849487986,3.322931562151228,3.078924996512277,233.0,4767,2.1
fixation,1448700.348999977,0.7017912082374096,0.4366918969899416,3.3435592651367188,3.092325210571289,133.0,4768,2.1
fixation,1448917.0209999084,0.7526042380116202,0.41979084367101843,3.37994384765625,3.1055672385475854,184.0,4769,2.1
fixation,1449133.6909999847,0.807048225402832,0.4008603274822235,3.437518310546875,3.083770751953125,83.0,4770,2.1
fixation,1449317.0269999504,0.2555198280347718,0.5210714141527811,3.332733154296875,3.172659979926215,150.0,4771,2.1
fixation,1449500.3650000095,0.3734287406717028,0.4665483002151762,3.3723602294921875,3.185640607561384,116.0,4772,2.1
fixation,1449650.365999937,0.38091824523040224,0.451323355947222,3.3685411725725447,3.199090140206473,116.0,4773,2.1
fixation,1449783.7009999752,0.4245011886725059,0.4316353488426942,3.3662578876201925,3.1612877478966346,217.0,4774,2.1
fixation,1450033.7070000172,0.4629286527633667,0.42559660971164703,3.3336385091145835,3.1336949666341147,100.0,4775,2.1
fixation,1450167.0409998894,0.5226079198447141,0.4237698506225239,3.3220575506036933,3.123665549538352,184.0,4776,2.1
fixation,1450400.3800001144,0.36506879495249855,0.44139188528060913,3.3233456081814237,3.1541866726345487,150.0,4777,2.1
fixation,1450567.0480000973,0.35959392515095795,0.5099507678638805,3.345212069424716,3.1552665016867896,184.0,4778,2.1
fixation,1450783.7130000591,0.43654095991091296,0.5069750303571875,3.4012589888139204,3.1562638716264204,183.0,4779,2.1
fixation,1451000.3849999905,0.5251669069131215,0.5046584596236546,3.4307159423828124,3.2117238362630207,250.0,4780,2.1
fixation,1451283.723999977,0.6097096383571625,0.5115749686956406,3.5091934204101562,3.2312530517578124,167.0,4781,2.1
fixation,1451483.7369999886,0.6771361430486044,0.5122485732038816,3.531341552734375,3.2104975382486978,100.0,4782,2.1
fixation,1451667.0650000572,0.717449527978897,0.5094149947166443,3.51640625,3.1791534423828125,84.0,4783,2.1
fixation,1451767.0650000572,0.7633951865136623,0.5104429218918085,3.539003372192383,3.182645797729492,134.0,4784,2.1
fixation,1451917.0690000057,0.7968246638774872,0.4966623650656806,3.562372843424479,3.1769849989149304,150.0,4785,2.1
fixation,1452117.0710000992,0.5349144637584686,0.5766747423580715,3.5257393973214284,3.1650782993861606,117.0,4786,2.1
fixation,1452333.7490000725,0.509724280663899,0.5977080421788352,3.597008841378348,3.185725620814732,117.0,4787,2.1
fixation,1452517.0829999447,0.7723391387197707,0.5114047477642695,3.701735602484809,3.2582889133029513,300.0,4788,2.1
fixation,1452883.7479999065,0.524747371673584,0.33629268780350685,3.719005584716797,3.4077091217041016,133.0,4789,NOTRIAL
fixation,1453067.09100008,0.3547978028655052,0.30257823318243027,3.6978861490885415,3.4179534912109375,108.0,4790,NOTRIAL
fixation,1453500.4330000877,0.35479058963911875,0.3240099826029369,3.722082955496652,3.3035779680524553,108.0,4791,NOTRIAL
fixation,1453683.7690000534,0.3574467625688104,0.307527614866986,3.645782470703125,3.281049840590533,283.0,4792,NOTRIAL
fixation,1453983.7720000744,0.3404705971479416,0.2870896661823446,3.5496694391424004,3.167574102228338,367.0,4793,NOTRIAL
fixation,1454367.10800004,0.3611401514365123,0.3081960723950313,3.4911170372596154,3.185766366811899,217.0,4794,NOTRIAL
fixation,1454617.1150000095,0.42870113750298816,0.32223329444726306,3.472620646158854,3.1476593017578125,100.0,4795,NOTRIAL
fixation,1454750.4509999752,0.5269790862997373,0.3271998316049576,3.480609893798828,3.1540120442708335,200.0,4796,NOTRIAL
fixation,1455000.4449999332,0.5023308485746384,0.3296690136194229,3.5083160400390625,3.1904571533203123,91.0,4797,NOTRIAL
fixation,1455283.78399992,0.5676125220277093,0.30207313800399954,3.447760148481889,3.1737171519886362,359.0,4798,NOTRIAL
fixation,1455683.7960000038,0.578603151630848,0.492941677570343,3.263842318920379,3.0777285961394614,783.0,4799,NOTRIAL
fixation,1456483.8050000668,0.6348138259989875,0.5102200327175004,3.291855948311942,3.0893936157226562,233.0,4800,NOTRIAL
fixation,1456767.1440000534,0.6504568728533658,0.7301375206672784,3.34324599757339,3.0148477265329072,558.0,4801,NOTRIAL
fixation,1457992.1740000248,0.5630987703800201,0.5749915957450866,3.412091064453125,3.120587158203125,83.0,4802,FIX_CROS
fixation,1458108.844000101,0.5075188108852932,0.46627319625445773,3.319358607700893,3.144425310407366,583.0,4803,FIX_CROS
fixation,1458708.851999998,0.43933940264913773,0.44736119939221275,3.2764417860243054,3.0819023980034723,150.0,4804,FIX_CROS
fixation,1458875.523000002,0.3708311840891838,0.44776953756809235,3.314738464355469,3.0904251098632813,166.0,4805,2.2
fixation,1459075.5250000954,0.26235820290942985,0.43704451993107796,3.3503214518229165,3.1866327921549478,200.0,4806,2.2
fixation,1459375.523000002,0.2516822874546051,0.4454699277877808,3.3388458251953126,3.162823486328125,83.0,4807,2.2
fixation,1459508.8589999676,0.3657097488641739,0.44763304889202116,3.28916015625,3.1062286376953123,83.0,4808,2.2
fixation,1459625.5269999504,0.45658330619335175,0.4468891978263855,3.3185638427734374,3.13995361328125,166.0,4809,2.2
fixation,1460075.5380001068,0.5685369712965829,0.44568963987486704,3.3446262904575894,3.142974853515625,108.0,4810,2.2
fixation,1460225.5380001068,0.6648993268609047,0.4452011783917745,3.3551762898763022,3.1158905029296875,200.0,4811,2.2
fixation,1460442.2070000172,0.7373917969790372,0.4410549212585796,3.3320742520419033,3.065225774591619,184.0,4812,2.2
fixation,1460642.2070000172,0.780433177947998,0.43333632946014405,3.367333984375,3.044696044921875,84.0,4813,2.2
fixation,1460792.21600008,0.36706063482496476,0.5406035449769762,3.300633748372396,3.144222683376736,150.0,4814,2.2
fixation,1460958.878000021,0.3244609132409096,0.5463673561811447,3.306634521484375,3.101190185546875,167.0,4815,2.2
fixation,1461158.885999918,0.5159128159284592,0.5385169118642807,3.3718841552734373,3.1281143188476563,167.0,4816,2.2
fixation,1461342.2209999561,0.5812529474496841,0.5402340069413185,3.4194202423095703,3.1129531860351562,134.0,4817,2.2
fixation,1461508.888999939,0.653503176467172,0.5394832358278078,3.428937714675377,3.1750193628771552,483.0,4818,2.2
fixation,1462042.2249999046,0.49399787684281665,0.3735187401374181,3.4820480346679688,3.2211278279622397,100.0,4819,NOTRIAL
fixation,1462192.2230000496,0.35478913225233555,0.31301079876720905,3.4934635162353516,3.226388931274414,134.0,4820,NOTRIAL
fixation,1462375.5569999218,0.3472147524356842,0.29211664497852324,3.5101593017578123,3.2382858276367186,174.0,4821,NOTRIAL
fixation,1462692.2200000286,0.35019752010703087,0.5273971445858479,3.3577194213867188,3.1157798767089844,126.0,4822,NOTRIAL
fixation,1462842.2290000916,0.3456246480345726,0.514159582555294,3.344587961832682,3.121709187825521,200.0,4823,NOTRIAL
fixation,1463075.5639998913,0.3496143663371051,0.3198274451273459,3.3795324254918984,3.150289464879919,450.0,4824,NOTRIAL
fixation,1463575.5659999847,0.34794309815844976,0.5119042850292481,3.3446704761402026,3.122964944925394,1850.0,4825,NOTRIAL
fixation,1465475.5720000267,0.6456025801599026,0.7353624939918518,3.4802494049072266,3.0904472351074217,666.0,4826,NOTRIAL
fixation,1466192.25,0.43776519915887285,0.7329316373382296,3.4551903860909596,3.104872567313058,234.0,4827,NOTRIAL
fixation,1466458.9189999104,0.34264156308978105,0.7448843700248141,3.5042477984761082,3.1673954808434774,1433.0,4828,NOTRIAL
fixation,1467942.28399992,0.3866906866431236,0.3250530451536179,3.682049560546875,3.4238204956054688,167.0,4829,NOTRIAL
fixation,1468142.2850000858,0.3540184613731172,0.2888701574669944,3.6545901828342013,3.3829752604166665,150.0,4830,NOTRIAL
fixation,1468325.6240000725,0.45553921163082123,0.3099205220739047,3.641852060953776,3.3187904357910156,200.0,4831,NOTRIAL
fixation,1468775.632999897,0.5578151411480374,0.29958966622749966,3.5923529730902777,3.259677463107639,142.0,4832,NOTRIAL
fixation,1468958.9700000286,0.6255693435668945,0.29832885911067325,3.5708431667751737,3.2119615342881946,150.0,4833,NOTRIAL
fixation,1469158.9730000496,0.4619474422931671,0.4353265017271042,3.454898681640625,3.226265869140625,417.0,4834,NOTRIAL
fixation,1469608.9820001125,0.36319664859364176,0.506520353958138,3.522669735117855,3.2874981480785923,1950.0,4835,NOTRIAL
fixation,1471592.351999998,0.49123033168523206,0.49761343196682306,3.5447400963824727,3.3268824038298233,383.0,4836,27
fixation,1472009.0280001163,0.48814969658851626,0.6591749668121338,3.589483642578125,3.2184661865234374,92.0,4837,27
fixation,1472242.367000103,0.42599437162280085,0.8938932880759239,3.5533042907714845,3.238824462890625,325.0,4838,27
fixation,1472609.0369999409,0.5250264225126822,0.8893723559530475,3.6396063309681566,3.2355215338212027,1317.0,4839,27
fixation,1473942.4019999504,0.6029873557179888,0.886508714651393,3.7464230261116382,3.3382689574054467,1783.0,4840,27
fixation,1475775.7720000744,0.49792499156389836,0.6562227788178817,3.593594610979016,3.2460755426526644,3450.0,4841,27
fixation,1479259.1630001068,0.4141319065608762,0.6266207637434656,3.431917190551758,3.0985374450683594,1467.0,4842,27
fixation,1480775.8469998837,0.5005505589338449,0.4098078574125583,3.5445855947641225,3.2772416334885817,433.0,4843,27
fixation,1481225.851999998,0.4967079956511982,0.4098313934490329,3.508339553582864,3.2898692146676485,1017.0,4844,27
fixation,1482275.865999937,0.5154980564524668,0.5625619753177121,3.535719308793915,3.238097575880726,2683.0,4845,27
fixation,1484992.5659999847,0.5479935425545525,0.5013816182705466,3.6680021490661883,3.398910064042382,3891.0,4846,27
fixation,1489092.6319999695,0.4871206407745679,0.6450158920552995,3.589951409233941,3.24239010281033,292.0,4847,27
fixation,1489425.9630000591,0.40940941870212555,0.8900096774101257,3.4749771118164063,3.126531982421875,167.0,4848,27
fixation,1489625.9760000706,0.47753365834554035,0.8979056725899378,3.389470418294271,3.0320943196614585,100.0,4849,27
fixation,1489742.6410000324,0.5294857675378973,0.8970856070518494,3.3418162952769888,2.9740253795276987,183.0,4850,27
fixation,1489959.3199999332,0.6052488854953221,0.8893805955137525,3.272007533482143,2.8948582240513394,117.0,4851,27
fixation,1490125.98300004,0.49921697484595434,0.4273035760436739,3.2429962158203125,2.99139404296875,233.0,4852,27
fixation,1490375.9839999676,0.5023811168613888,0.3871161774510429,3.278626941499256,2.978970482235863,350.0,4853,27
fixation,1490742.65899992,0.4531949311494827,0.40169964358210564,3.242452621459961,3.015880584716797,133.0,4854,27
fixation,1490892.6619999409,0.5126543222896515,0.38037842560199,3.24785638624622,2.969389392483619,517.0,4855,27
fixation,1491442.6710000038,0.5428913806875547,0.5277178138494492,3.1065584818522134,2.8760414123535156,200.0,4856,27
fixation,1491676.009000063,0.42943697709303635,0.6090762546429267,3.112849308894231,2.864221426156851,217.0,4857,27
fixation,1491926.0130000114,0.49871974140405656,0.5085607975721359,3.2295761108398438,2.9977035522460938,334.0,4858,FIX_CROS
fixation,1492492.6909999847,0.47413463432055253,0.4871411873744084,3.258936955378606,3.041258591871995,209.0,4859,FIX_CROS
fixation,1492742.7009999752,0.43747135251760483,0.5090988099575042,3.2580474853515624,3.014642333984375,167.0,4860,27.1
fixation,1492959.365999937,0.24947534129023552,0.3891914486885071,3.321014404296875,2.9646949768066406,66.0,4861,27.1
fixation,1493042.7090001106,0.21150111531217894,0.3437364163498084,3.245758056640625,3.040522257486979,200.0,4862,27.1
fixation,1493276.0350000858,0.31867306927839917,0.35516372323036194,3.2677586873372397,2.9030965169270835,100.0,4863,27.1
fixation,1493409.3710000515,0.380917564034462,0.37055014570554096,3.26865471733941,2.882658216688368,150.0,4864,27.1
fixation,1493609.3759999275,0.4736300598491322,0.39422275125980377,3.276580810546875,3.0369762073863638,183.0,4865,27.1
fixation,1493809.378000021,0.5059195350516926,0.3948989591815255,3.324867942116477,3.089109940962358,183.0,4866,27.1
fixation,1494026.0490000248,0.5780082323721477,0.38736564027411596,3.371191842215402,3.1047090802873885,234.0,4867,27.1
fixation,1494509.39199996,0.6808227130344936,0.38866558245250155,3.3063267299107144,3.071138654436384,108.0,4868,27.1
fixation,1494659.3940000534,0.7567834834257762,0.405743075410525,3.279954020182292,2.969183349609375,250.0,4869,27.1
fixation,1494926.0659999847,0.7952866777777672,0.39507291838526726,3.236957550048828,2.857807159423828,134.0,4870,27.1
fixation,1495142.7339999676,0.2462630733847618,0.4485489845275879,3.0959808349609377,2.958331298828125,83.0,4871,27.1
fixation,1495259.4040000439,0.19355226010084153,0.4449488252401352,3.08924560546875,2.9675979614257812,166.0,4872,27.1
fixation,1495459.40899992,0.2643489480018616,0.46685513108968735,3.1431259155273437,2.969892883300781,166.0,4873,27.1
fixation,1495642.7449998856,0.3290854295094808,0.45911035190025967,3.153437296549479,2.9514668782552085,100.0,4874,27.1
fixation,1495776.0780000687,0.37526702135801315,0.4681142047047615,3.154145812988281,2.9670135498046877,167.0,4875,27.1
fixation,1495976.0829999447,0.4542239281264218,0.44995718652551825,3.1997000954367896,2.9700206409801138,184.0,4876,27.1
fixation,1496192.753000021,0.49495413452386855,0.4575153425335884,3.2354095458984373,3.015458679199219,167.0,4877,27.1
fixation,1496392.757999897,0.5531553659174178,0.4534319125943714,3.259119669596354,3.009670681423611,150.0,4878,27.1
fixation,1496576.0920000076,0.6320315438967484,0.4590019446152907,3.308813241811899,3.009526179387019,217.0,4879,27.1
fixation,1496826.0969998837,0.6958235341768998,0.45303780757463896,3.3063894418569713,3.0054837740384617,217.0,4880,27.1
fixation,1497059.4349999428,0.7418004547556242,0.44520918279886246,3.333721160888672,3.0207735697428384,200.0,4881,27.1
fixation,1497292.7720000744,0.7823435366153717,0.4381529854403602,3.3452894422743054,2.9892764621310763,150.0,4882,27.1
fixation,1497476.10800004,0.8112600879235701,0.4359035221013156,3.3834339488636362,3.013308438387784,184.0,4883,27.1
fixation,1497909.4489998817,0.34902165830135345,0.5106193025906881,3.3391520182291665,3.0737457275390625,92.0,4884,27.1
fixation,1498059.4530000687,0.24982176162302494,0.46885230392217636,3.3793487548828125,3.0544090270996094,66.0,4885,27.1
fixation,1498159.4530000687,0.2368367701768875,0.41374861598014834,3.288446044921875,3.03302001953125,250.0,4886,27.1
fixation,1498459.4579999447,0.2749018669128418,0.4537223994731903,3.2641998291015626,2.96912841796875,83.0,4887,27.1
fixation,1498576.1259999275,0.39048482924699784,0.4455040067434311,3.1709320068359377,2.947956848144531,167.0,4888,27.1
fixation,1498776.1289999485,0.4391213208436966,0.4462814599275589,3.195172119140625,2.9395965576171874,84.0,4889,27.1
fixation,1498909.4639999866,0.31073668152093886,0.4528929069638252,3.206414794921875,2.955963134765625,166.0,4890,27.1
fixation,1499092.8010001183,0.2722436762773074,0.4580142887739035,3.210949237530048,2.9687112661508412,217.0,4891,27.1
fixation,1499342.8059999943,0.3471938106748793,0.45717280109723407,3.2423265245225696,2.935182359483507,150.0,4892,27.1
fixation,1499542.8090000153,0.2370237370332082,0.4507033338149389,3.2563181559244794,2.9747894287109373,250.0,4893,27.1
fixation,1499809.4790000916,0.25693937204778194,0.4581381157040596,3.2731552124023438,3.0189056396484375,66.0,4894,27.1
fixation,1499909.4790000916,0.3462732285261154,0.46513691710101235,3.278896755642361,2.9969482421875,158.0,4895,27.1
fixation,1500276.1540000439,0.39689002253792505,0.4528259987180883,3.212148492986506,3.004921653053977,176.0,4896,27.1
fixation,1500476.1570000648,0.3687512371689081,0.45516645442694426,3.198110580444336,2.9533090591430664,267.0,4897,27.1
fixation,1500776.1630001068,0.3034515967592597,0.4554917477071285,3.2076358795166016,2.9535064697265625,267.0,4898,27.1
fixation,1501076.1730000973,0.3739183470606804,0.4541521668434143,3.2057266235351562,2.961994171142578,67.0,4899,27.1
fixation,1501176.1740000248,0.422657398879528,0.45722868889570234,3.25718994140625,2.986090087890625,167.0,4900,27.1
fixation,1501376.1789999008,0.4431739914417267,0.45142217218875885,3.272064208984375,3.033802490234375,417.0,4901,27.1
fixation,1501809.523000002,0.47841143837341893,0.44665068961106813,3.311041025015024,3.069151658278245,216.0,4902,27.1
fixation,1502059.5269999504,0.5173440087925304,0.4572613943706859,3.318611838600852,3.052823153409091,183.0,4903,27.1
fixation,1502276.2019999027,0.572691410779953,0.46350879967212677,3.328587849934896,3.0423041449652777,150.0,4904,27.1
fixation,1502476.2060000896,0.7703188558419546,0.45647362619638443,3.376659393310547,3.005530039469401,200.0,4905,27.1
fixation,1502692.881000042,0.8174004157384237,0.43594564373294514,3.3673922220865884,2.935621897379557,200.0,4906,27.1
fixation,1502926.219000101,0.6535638850182295,0.47477666568011045,3.245364189147949,2.9867334365844727,267.0,4907,27.1
fixation,1503226.223999977,0.5944551651676496,0.4633174439271291,3.2523104349772134,2.982306162516276,200.0,4908,27.1
fixation,1503459.5650000572,0.6842497110366821,0.4621865272521973,3.32357177734375,3.011322021484375,166.0,4909,27.1
fixation,1503659.5720000267,0.7432960229260581,0.45898787677288055,3.382513863699777,3.0354134695870534,116.0,4910,27.1
fixation,1503809.5750000477,0.8052643622670855,0.4372685658080237,3.399289812360491,2.9535086495535716,116.0,4911,27.1
fixation,1504026.2460000515,0.22747063724433675,0.5669363263775321,3.3075238396139706,3.019357120289522,284.0,4912,27.1
fixation,1504342.9230000973,0.28082793418850216,0.567566990852356,3.3111583164760043,2.955529349190848,233.0,4913,27.1
fixation,1504809.6010000706,0.38462772752557484,0.5387444709028516,3.26531982421875,2.9695957728794644,108.0,4914,27.1
fixation,1504959.6029999256,0.454583541913466,0.540797317569906,3.2759038751775567,2.9616463401100854,183.0,4915,27.1
fixation,1505176.2769999504,0.515662724773089,0.5476749489704767,3.2411931355794272,2.9246978759765625,200.0,4916,27.1
fixation,1505392.9500000477,0.5648345682356093,0.555134677224689,3.2132805718315973,2.8933003743489585,150.0,4917,27.1
fixation,1505592.9560000896,0.6368787934382757,0.5577193622787794,3.2343050638834634,2.9527676900227866,200.0,4918,27.1
fixation,1505809.625,0.6894827882448832,0.55193163951238,3.2881240844726562,2.9658737182617188,100.0,4919,27.1
fixation,1505926.2960000038,0.7408010909954706,0.5525282695889473,3.3128280639648438,2.9729766845703125,200.0,4920,27.1
fixation,1506142.9630000591,0.780743083357811,0.5495190262794495,3.3313308715820313,2.9713180541992186,167.0,4921,27.1
fixation,1506326.2990000248,0.8160907387733459,0.5408469200134277,3.3414520263671874,2.9537750244140626,84.0,4922,27.1
fixation,1506492.969000101,0.3789596749203546,0.6283207152570996,3.2472926548549106,2.953366960797991,117.0,4923,27.1
fixation,1506642.969000101,0.2888894945383072,0.6412311673164368,3.2971262613932293,2.996393839518229,250.0,4924,27.1
fixation,1506909.6440000534,0.350926385819912,0.6406498819589614,3.2882415771484377,2.938343811035156,166.0,4925,27.1
fixation,1507126.3139998913,0.4519132682505776,0.6335910558700562,3.254730224609375,2.8875876034007355,284.0,4926,27.1
fixation,1507426.3199999332,0.5114098221063614,0.6272208094596863,3.2673385620117186,2.9028076171875,167.0,4927,27.1
fixation,1507626.3229999542,0.5727680722872416,0.6338662008444468,3.312961154513889,2.8929511176215277,158.0,4928,27.1
fixation,1507976.3289999962,0.6345155026231494,0.6171636070523944,3.2962123325892856,2.9199393136160716,109.0,4929,27.1
fixation,1508126.3299999237,0.7458748883671231,0.46386632654401994,3.2937113444010415,2.9873233371310763,151.0,4930,27.1
fixation,1508293.003000021,0.759002682837573,0.450424386696382,3.293314153497869,2.967803955078125,184.0,4931,27.1
fixation,1508493.0050001144,0.772265587002039,0.44383365847170353,3.2727699279785156,2.9321041107177734,267.0,4932,27.1
fixation,1508793.009000063,0.7362888678908348,0.4516511286298434,3.2301928202311196,2.961778004964193,200.0,4933,27.1
fixation,1509009.6789999008,0.7066235201699393,0.4566965081862041,3.2249036516462053,2.9730137416294644,117.0,4934,27.1
fixation,1509159.6819999218,0.7779420966451819,0.4481671452522278,3.2975713556463067,2.9725605357776987,183.0,4935,27.1
fixation,1509359.6860001087,0.8105214297771454,0.42581843584775925,3.3272689819335937,2.954698181152344,167.0,4936,27.1
fixation,1509576.3570001125,0.624964939430356,0.46123962569981813,3.2963409423828125,3.0343666076660156,266.0,4937,27.1
fixation,1509859.6960000992,0.6057504899799824,0.4688597470521927,3.3302764892578125,3.060525894165039,133.0,4938,27.1
fixation,1510026.362999916,0.666807833313942,0.4689976334571838,3.3595565795898437,3.0537429809570313,166.0,4939,27.1
fixation,1510209.6979999542,0.6885691657662392,0.4711643382906914,3.3873621622721353,3.0582186381022134,200.0,4940,27.1
fixation,1510443.0380001068,0.7257087652881941,0.4568600133061409,3.415297190348307,3.0765584309895835,200.0,4941,27.1
fixation,1510659.7079999447,0.754411467909813,0.45958590805530547,3.4585113525390625,3.1008255004882814,167.0,4942,27.1
fixation,1510876.3819999695,0.8068954188090104,0.43691531740702116,3.4646512545072117,3.058404775766226,216.0,4943,27.1
fixation,1511109.719000101,0.7725874847835965,0.457645724217097,3.453616672092014,3.0916680230034723,150.0,4944,27.1
fixation,1511293.0580000877,0.8234229198208561,0.4372179044617547,3.425498679832176,3.0354676423249423,450.0,4945,27.1
fixation,1511793.0680000782,0.5924599885940551,0.35998123586177827,3.42135009765625,3.13677978515625,167.0,4946,NOTRIAL
fixation,1511993.0810000896,0.6310327891260386,0.32780321780592203,3.4612550735473633,3.124584197998047,267.0,4947,NOTRIAL
fixation,1512293.0869998932,0.4582421988248825,0.3244302362203598,3.46175537109375,3.1993804931640626,84.0,4948,NOTRIAL
fixation,1512409.7490000725,0.35354690346866846,0.2970322254113853,3.433067798614502,3.178241729736328,533.0,4949,NOTRIAL
fixation,1512976.4279999733,0.42172904487918406,0.32121939124429927,3.4078126795151653,3.1647424136891082,574.0,4950,NOTRIAL
fixation,1513743.1180000305,0.45306921578370607,0.42724407521577984,3.3682180551382213,3.178966815655048,209.0,4951,NOTRIAL
fixation,1513993.1240000725,0.4977039322257042,0.478488427400589,3.3693161010742188,3.1475860595703127,167.0,4952,NOTRIAL
fixation,1514209.7960000038,0.6332495976239443,0.5053639439865947,3.393320083618164,3.1121788024902344,267.0,4953,NOTRIAL
fixation,1514509.8020000458,0.5181298315525055,0.5065488919615746,3.389695739746094,3.161920928955078,333.0,4954,NOTRIAL
fixation,1514893.1459999084,0.610771873167583,0.7331187852791378,3.4336133684430803,3.024932861328125,117.0,4955,NOTRIAL
fixation,1515043.1500000954,0.6552877603542238,0.7502859766994204,3.4543573288690474,3.0334854125976562,700.0,4956,NOTRIAL
fixation,1515793.1740000248,0.5239484359820684,0.5240876649816831,3.3506431579589844,3.073827107747396,200.0,4957,NOTRIAL
fixation,1516026.512000084,0.4475603364408016,0.5034770965576172,3.34735107421875,3.108623504638672,66.0,4958,NOTRIAL
fixation,1516126.5130000114,0.35257907062768934,0.519050145149231,3.3321762084960938,3.098194885253906,166.0,4959,NOTRIAL
fixation,1516376.5130000114,0.5062648536903518,0.24425393609063967,3.477414812360491,3.171301705496652,233.0,4960,NOTRIAL
fixation,1516659.855000019,0.6556042023003101,0.5043911412358284,3.3903512954711914,3.08231258392334,267.0,4961,NOTRIAL
fixation,1516959.862999916,0.5642150610685348,0.638950526714325,3.38016357421875,3.030256652832031,167.0,4962,NOTRIAL
fixation,1517176.5250000954,0.5876265525817871,0.3715458601713181,3.484480285644531,3.1633544921875,166.0,4963,FIX_CROS
fixation,1517376.5290000439,0.5308057438759577,0.4264493506579172,3.4365379696800593,3.1599833170572915,350.0,4964,FIX_CROS
fixation,1517759.8680000305,0.502117348369211,0.5180338136851788,3.433443069458008,3.168741226196289,533.0,4965,FIX_CROS
fixation,1518359.8800001144,0.28661593794822693,0.344795298576355,3.4646636962890627,3.2128997802734376,83.0,4966,27.2
fixation,1518476.5460000038,0.2256856933236122,0.31761315194043244,3.3793834339488638,3.1503101695667612,183.0,4967,27.2
fixation,1518693.2179999352,0.3061770908534527,0.34558525308966637,3.4188003540039062,3.1155166625976562,67.0,4968,27.2
fixation,1518793.2209999561,0.38706188797950747,0.3580796211957932,3.4154403686523436,3.1671676635742188,167.0,4969,27.2
fixation,1518976.5569999218,0.45569422013229793,0.3573799480994542,3.4366455078125,3.1594746907552085,150.0,4970,27.2
fixation,1519176.5629999638,0.5188742607831955,0.32450268268585203,3.4387161254882814,3.08414306640625,166.0,4971,27.2
fixation,1519393.230000019,0.6365761111179987,0.3606536222828759,3.4925325181749134,3.202417161729601,300.0,4972,27.2
fixation,1519726.5780000687,0.6999088048934936,0.35916284173727037,3.488079833984375,3.220013427734375,166.0,4973,27.2
fixation,1519909.9140000343,0.7656954944133758,0.35183999985456466,3.488885498046875,3.1780609130859374,167.0,4974,27.2
fixation,1520159.9170000553,0.25642177888325285,0.4242791363171169,3.3823154994419644,3.248437064034598,117.0,4975,27.2
fixation,1520309.9210000038,0.20494739918245208,0.4114617208639781,3.395631578233507,3.198370191786024,300.0,4976,27.2
fixation,1520643.260999918,0.27044380652277095,0.42400665502799184,3.355106554533306,3.134499800832648,317.0,4977,27.2
fixation,1520993.262000084,0.3281034454703331,0.4325762366255124,3.3315302530924478,3.1180903116861978,100.0,4978,27.2
fixation,1521109.9309999943,0.3617800310254097,0.42746666073799133,3.3387802124023436,3.1005264282226563,167.0,4979,27.2
fixation,1521309.9370000362,0.42719857518871623,0.4287767559289932,3.3430264790852866,3.130201975504557,200.0,4980,27.2
fixation,1521543.2829999924,0.48754072877076954,0.41464287730363697,3.360255314753606,3.1340965857872596,217.0,4981,27.2
fixation,1521776.6229999065,0.5684178918600082,0.41834101676940916,3.371917724609375,3.1078277587890626,166.0,4982,27.2
fixation,1521993.2950000763,0.5407469645142555,0.4197922982275486,3.3481178283691406,3.1094398498535156,67.0,4983,27.2
fixation,1522093.2899999619,0.6059748803575834,0.4197918176651001,3.3620033264160156,3.0517679850260415,200.0,4984,27.2
fixation,1522326.6380000114,0.6796333372592926,0.41820721626281737,3.38546142578125,3.0576934814453125,91.0,4985,27.2
fixation,1522593.3120000362,0.759217519313097,0.43079878855496645,3.383938789367676,3.0402660369873047,259.0,4986,27.2
fixation,1522876.6440000534,0.8138073347508907,0.41928073577582836,3.3536949157714844,2.9407920837402344,133.0,4987,27.2
fixation,1523109.984999895,0.20890257613999502,0.4980418937546866,3.194246564592634,3.020263671875,117.0,4988,27.2
fixation,1523259.986000061,0.18080933172913158,0.5057789253837922,3.2349270091337314,3.0232786290785847,283.0,4989,27.2
fixation,1523576.6630001068,0.2629547986117276,0.5143419558351691,3.277457497336648,3.0203191583806817,183.0,4990,27.2
fixation,1523793.3340001106,0.3096425235271454,0.5089420394765006,3.288636949327257,3.0061526828342013,150.0,4991,27.2
fixation,1523960.006000042,0.35702656507492064,0.5041464418172836,3.343705749511719,3.043202209472656,167.0,4992,27.2
fixation,1524160.013999939,0.4249714404344559,0.5039549887180328,3.3651641845703124,3.0722930908203123,84.0,4993,27.2
fixation,1524276.6849999428,0.47487862543626264,0.5040776567025618,3.3730205189098013,3.1087757457386362,183.0,4994,27.2
fixation,1524493.355000019,0.5610542324456301,0.5094951350580562,3.4069158380681817,3.081734397194602,183.0,4995,27.2
fixation,1524693.3589999676,0.5449506908655166,0.5088640049099922,3.39404296875,3.069538879394531,166.0,4996,27.2
fixation,1524893.3680000305,0.6062489395791834,0.504938009110364,3.3817208030007104,3.0624764182350854,183.0,4997,27.2
fixation,1525110.0380001068,0.6801015611957101,0.5090600085609099,3.3979994829963234,3.0520432416130516,284.0,4998,27.2
fixation,1525410.0480000973,0.7290121555328369,0.5082293838262558,3.4037628173828125,3.066265869140625,92.0,4999,27.2
fixation,1525660.0520000458,0.7723801642656326,0.4878877535462379,3.392530822753906,3.0249725341796876,159.0,5000,27.2
fixation,1525860.0559999943,0.8235984444618225,0.46610349665085477,3.3958587646484375,2.9649429321289062,100.0,5001,27.2
fixation,1526043.39199996,0.30423782020807266,0.5905565842986107,3.2548789978027344,2.9816665649414062,66.0,5002,27.2
fixation,1526143.3940000534,0.22310488438233733,0.5981365498155355,3.276352882385254,2.9984474182128906,266.0,5003,27.2
fixation,1526443.4000000954,0.2953058116965824,0.5988880164093442,3.27481926812066,2.959386189778646,150.0,5004,27.2
fixation,1526626.7400000095,0.39369047805666924,0.6046173547705015,3.2297070821126304,2.897291819254557,200.0,5005,27.2
fixation,1526876.742000103,0.5116879060864449,0.5904312133789062,3.2025741577148437,2.87593994140625,167.0,5006,27.2
fixation,1527060.0769999027,0.4884125845772879,0.5910790647779193,3.1797703334263394,2.8456878662109375,117.0,5007,27.2
fixation,1527226.7509999275,0.5857983252831868,0.5918964679752078,3.207195826939174,2.8823841639927457,233.0,5008,27.2
fixation,1527493.4200000763,0.6360248267650604,0.5972224235534668,3.2968505859375,2.9205062866210936,166.0,5009,27.2
fixation,1527676.7599999905,0.6640946992806026,0.5969582796096802,3.335974557059152,2.9670279366629466,117.0,5010,27.2
fixation,1527826.7599999905,0.7154987156391144,0.5953230743224804,3.3884113018329325,2.9929363544170675,217.0,5011,27.2
fixation,1528076.762000084,0.7642556488513946,0.5988694727420807,3.4062759399414064,2.9789215087890626,167.0,5012,27.2
fixation,1528276.76699996,0.8080974165350199,0.5899524912238121,3.4469337463378906,2.9981307983398438,267.0,5013,27.2
fixation,1528610.1070001125,0.4757111987897328,0.6422057066644941,3.3830653599330356,3.0323050362723216,117.0,5014,27.2
fixation,1528776.7780001163,0.2540676212973065,0.6656545433733199,3.397918701171875,3.0990532769097223,150.0,5015,27.2
fixation,1528960.112999916,0.19361948115485056,0.6863832899502346,3.416302272251674,3.116440909249442,234.0,5016,27.2
fixation,1529243.4519999027,0.3142244097861377,0.6819675375114788,3.364164872602983,3.030301180752841,183.0,5017,27.2
fixation,1529460.121999979,0.2772264650889805,0.6845149312700544,3.3316802978515625,3.0117296491350447,234.0,5018,27.2
fixation,1529726.7939999104,0.35892101986841723,0.6770530072125521,3.329001686789773,2.9777415882457388,183.0,5019,27.2
fixation,1529943.4649999142,0.4207620902193917,0.6776134272416433,3.308629353841146,2.9760318332248263,150.0,5020,27.2
fixation,1530126.8010001183,0.47833288874891067,0.6849125093883939,3.306094699435764,2.9520450168185763,150.0,5021,27.2
fixation,1530310.137000084,0.5644692155447874,0.6765334877100858,3.3164173473011362,2.9259601939808237,184.0,5022,27.2
fixation,1530526.8090000153,0.6668864992948679,0.6816858007357671,3.3513829157902646,2.9377101017878604,217.0,5023,27.2
fixation,1530776.8139998913,0.7810473359293408,0.684557682938046,3.3570760091145835,2.924045138888889,300.0,5024,27.2
fixation,1531143.489000082,0.6202903417023745,0.41585523973811755,3.3537250865589487,3.0359663529829546,183.0,5025,NOTRIAL
fixation,1531360.1670000553,0.5538650620728731,0.3206843789666891,3.3905487060546875,3.0729856491088867,267.0,5026,NOTRIAL
fixation,1531660.1710000038,0.49518762677907946,0.21326365694403648,3.432994079589844,3.1181655883789063,167.0,5027,NOTRIAL
fixation,1531843.509000063,0.47721737436950207,0.20234575401991606,3.422891616821289,3.1001129150390625,133.0,5028,NOTRIAL
fixation,1532026.8469998837,0.36523280168573063,0.2934831405679385,3.396223704020182,3.1253662109375,200.0,5029,NOTRIAL
fixation,1532243.519999981,0.35435864329338074,0.29435311257839203,3.3909497942243303,3.1114087785993303,116.0,5030,NOTRIAL
fixation,1532393.5220000744,0.5487739662329356,0.31225623687108356,3.4344085693359374,3.12191162109375,250.0,5031,NOTRIAL
fixation,1532660.1879999638,0.5630486768025619,0.3206266096005073,3.4468242938701925,3.123303926908053,225.0,5032,NOTRIAL
fixation,1533060.1979999542,0.5168060689203201,0.4977202223193261,3.344452396515877,3.081212197580645,509.0,5033,NOTRIAL
fixation,1533593.5510001183,0.4983781762421131,0.49146602923671406,3.2687098185221353,3.0274365743001304,200.0,5034,NOTRIAL
fixation,1533843.5569999218,0.35891146106379374,0.5104780473879406,3.262334551130022,3.0068511962890625,233.0,5035,NOTRIAL
fixation,1534110.2279999256,0.5414185455212226,0.4970132651237341,3.3011556772085338,3.039409930889423,217.0,5036,NOTRIAL
fixation,1534343.5659999847,0.576589654199779,0.5106413788162172,3.379373550415039,3.1255125999450684,533.0,5037,NOTRIAL
fixation,1534926.9140000343,0.660255601945913,0.7511634714198563,3.4308699122015036,3.0436352423901827,891.0,5038,NOTRIAL
fixation,1536010.26699996,0.6705869712999889,0.7312655959810529,3.342273167201451,2.9396754673549106,226.0,5039,NOTRIAL
fixation,1536276.9379999638,0.5621357299387455,0.8404349721968174,3.274181365966797,2.866943359375,141.0,5040,NOTRIAL
fixation,1536993.6199998856,0.5906928293406963,0.6425143033266068,3.353923797607422,2.942150115966797,133.0,5041,NOTRIAL
fixation,1537176.9560000896,0.6019036935435401,0.3893391630715794,3.389434814453125,3.1130684746636286,300.0,5042,NOTRIAL
fixation,1537510.2960000038,0.6477666123240602,0.5052671268874523,3.440472771139706,3.117042391907935,850.0,5043,NOTRIAL
fixation,1538976.989000082,0.6414414172371229,0.654376395046711,3.551743825276693,3.103918711344401,200.0,5044,NOTRIAL
fixation,1539210.3280000687,0.6248317062854767,0.5032146857543425,3.501556396484375,3.1816225918856533,184.0,5045,NOTRIAL
fixation,1539410.3320000172,0.6427676147884793,0.5013045652045144,3.4463636610243054,3.1539120144314237,150.0,5046,NOTRIAL
fixation,1539593.6689999104,0.5083594540400165,0.5353434841547694,3.343918936593192,3.11876950945173,475.0,5047,8
fixation,1540327.010999918,0.3922690898180008,0.8728122591972352,3.261126708984375,2.948663330078125,76.0,5048,8
fixation,1540427.0099999905,0.364506733417511,0.8819908499717712,3.287153625488281,2.9587554931640625,167.0,5049,8
fixation,1540627.0160000324,0.45652964825813586,0.8944115615808047,3.29562260554387,2.938836904672476,217.0,5050,8
fixation,1540877.0239999294,0.5337071443597475,0.8922847881913185,3.2877044677734375,2.926375071207682,200.0,5051,8
fixation,1541093.6940000057,0.5539695285260677,0.9056972824037075,3.2864551544189453,2.9430103302001953,133.0,5052,8
fixation,1541260.364000082,0.631979376077652,0.8962900665673342,3.337890625,2.9539794921875,183.0,5053,8
fixation,1541493.7019999027,0.5262444329758486,0.5190278397252163,3.2724266052246094,3.044884999593099,400.0,5054,8
fixation,1541910.3770000935,0.545053706927733,0.4781613397327336,3.162363225763494,2.958552273837003,366.0,5055,8
fixation,1542310.387000084,0.48690939184866455,0.4411876625136325,3.126727455540707,2.9522199128803455,316.0,5056,8
fixation,1542660.3959999084,0.45706763366858166,0.42488959266079795,3.1358634101019964,2.958424038357205,300.0,5057,8
fixation,1542977.0669999123,0.4393650620029523,0.4017548503784033,3.1434795673076925,2.9308542104867787,442.0,5058,8
fixation,1543610.4159998894,0.43288582137652803,0.45902736414046513,3.0798746744791665,2.8984011695498513,342.0,5059,8
fixation,1544010.4240000248,0.5245241615921259,0.5436090622097254,3.07080078125,2.8334245681762695,533.0,5060,8
fixation,1544560.4440000057,0.4799828380346298,0.48933395246664685,3.055614217122396,2.8307464599609373,250.0,5061,8
fixation,1544860.4449999332,0.4036782524651951,0.4994513268272082,3.081008063422309,2.869439866807726,300.0,5062,8
fixation,1545193.7939999104,0.3751283030618321,0.6161529503085397,3.1072942560369317,2.836793379350142,183.0,5063,8
fixation,1545427.125,0.5643720970704005,0.5104547291994095,3.1623452993539662,2.9079190767728367,217.0,5064,8
fixation,1545677.134000063,0.5122216129675508,0.3916667113080621,3.19443416595459,2.938718795776367,267.0,5065,8
fixation,1545993.8029999733,0.5685496795922518,0.5346706435084343,3.0414628982543945,2.7898740768432617,267.0,5066,8
fixation,1546310.473999977,0.4644136902960864,0.41371089626442303,3.0759429931640625,2.8976676247336646,183.0,5067,8
fixation,1546510.476999998,0.4388183962666627,0.3971723710948771,3.1833260276100854,2.9348914406516333,1100.0,5068,8
fixation,1547660.509000063,0.5646291532937218,0.4063645785345751,3.2466403736787686,2.950178258559283,283.0,5069,8
fixation,1547960.513999939,0.6036183971625108,0.4033465522986192,3.2927163931039662,2.9784710223858175,216.0,5070,8
fixation,1548210.5179998875,0.5611657083034516,0.5739333182573318,3.2473068237304688,2.8807998657226563,166.0,5071,8
fixation,1548393.8570001125,0.533447441458702,0.571389439702034,3.3004714965820314,3.0045700073242188,167.0,5072,8
fixation,1548593.861000061,0.48935916225115456,0.48707686314980186,3.3168792724609375,3.0486933390299478,500.0,5073,8
fixation,1549127.2030000687,0.432340278600653,0.41601455708344776,3.288089116414388,3.044422149658203,400.0,5074,8
fixation,1549543.8789999485,0.4366980642080307,0.4071861025359895,3.24859619140625,3.027740478515625,300.0,5075,8
fixation,1549860.5529999733,0.42279067086546046,0.45368353395085587,3.1811651932565788,2.990518670333059,316.0,5076,8
fixation,1550210.5610001087,0.397675344986575,0.5101515544312341,3.2186475481305803,3.006128583635603,233.0,5077,8
fixation,1550460.5650000572,0.3837818559259176,0.46837960742414,3.210794448852539,3.002652168273926,266.0,5078,8
fixation,1550743.9030001163,0.403283337300474,0.43878720836205914,3.160064697265625,2.9620708118785513,183.0,5079,8
fixation,1551010.5729999542,0.5497449967596266,0.42524565425184035,3.169611612955729,2.8933512369791665,150.0,5080,8
fixation,1551193.9100000858,0.5845066119324077,0.3557448231361129,3.194032148881392,2.929663224653764,367.0,5081,8
fixation,1551593.9149999619,0.5008445895380444,0.41267573833465576,3.101917690700955,2.882046169704861,300.0,5082,8
fixation,1551927.253000021,0.5627094805240631,0.537635608443192,3.0703953334263394,2.838954380580357,467.0,5083,8
fixation,1552460.5950000286,0.36626183832513876,0.6704558637635462,3.1143946154364226,2.812059599777748,491.0,5084,8
fixation,1553293.9379999638,0.5879838079214096,0.6269588708877564,3.227490234375,2.852125549316406,167.0,5085,8
fixation,1553477.273000002,0.5757833687882674,0.5380058382686815,3.1935416773745886,2.9102767141241777,317.0,5086,8
fixation,1553810.6089999676,0.5579571845354857,0.518166986880479,3.2696459734881365,2.9942310474537037,450.0,5087,8
fixation,1554277.2850000858,0.5079623097553849,0.5116740614175797,3.242276191711426,3.0311155319213867,267.0,5088,FIX_CROS
fixation,1554560.618999958,0.48534836769104006,0.4943369269371033,3.2711578369140626,3.082450358072917,250.0,5089,FIX_CROS
fixation,1554843.9590001106,0.44105654060840604,0.49320955723524096,3.2461883544921877,3.0980224609375,167.0,5090,FIX_CROS
fixation,1555027.2939999104,0.47522824704647065,0.4974673315882683,3.2563796997070313,3.0932235717773438,167.0,5091,8.2
fixation,1555243.9630000591,0.3261707633733749,0.5107778817415237,3.26453857421875,3.0922149658203124,83.0,5092,8.2
fixation,1555360.6289999485,0.266665606544568,0.5158742677706939,3.2782146747295675,3.133967472956731,216.0,5093,8.2
fixation,1555610.6429998875,0.32841002482634324,0.5160612910985947,3.2410923884465146,3.098949725811298,216.0,5094,8.2
fixation,1555860.637000084,0.3979142338037491,0.5126105397939682,3.1872329711914062,3.059767150878906,166.0,5095,8.2
fixation,1556060.6429998875,0.47297852393239737,0.5169088896363974,3.1727399826049805,3.0649538040161133,266.0,5096,8.2
fixation,1556610.6540000439,0.5469171181321144,0.4652671813964844,3.189390182495117,3.0322742462158203,125.0,5097,8.2
fixation,1556777.3150000572,0.5984788153852735,0.45781191331999643,3.2203892299107144,3.0466788155691966,125.0,5098,8.2
fixation,1557277.3250000477,0.5691125591595968,0.45381055523951846,3.186054229736328,2.9349822998046875,192.0,5099,8.2
fixation,1557877.3369998932,0.3182011273774234,0.46929172494194726,3.0280817205255683,2.8269417502663354,175.0,5100,8.2
fixation,1558094.009000063,0.2649572135673629,0.4497862541013294,3.0142610337999134,2.841497633192274,300.0,5101,8.2
fixation,1558410.6879999638,0.3102323740720749,0.47409375905990603,2.9834869384765623,2.8326690673828123,91.0,5102,8.2
fixation,1558710.6930000782,0.3771928310394287,0.4842764467000961,3.03123779296875,2.8677337646484373,75.0,5103,8.2
fixation,1558827.361000061,0.4420340046286583,0.4858354300260544,3.0407028198242188,2.8970870971679688,166.0,5104,8.2
fixation,1559010.7000000477,0.48931385712190106,0.4789466898549687,3.0283952192826704,2.8912464488636362,183.0,5105,8.2
fixation,1559210.7060000896,0.5309862006794323,0.48477698862552643,3.0277557373046875,2.860350175337358,183.0,5106,8.2
fixation,1559427.3759999275,0.5962401464581489,0.4875181533396244,3.060019683837891,2.8497940063476563,333.0,5107,8.2
fixation,1559794.0399999619,0.5442411929368973,0.48149142116308213,3.073883056640625,2.9058624267578126,167.0,5108,8.2
fixation,1559977.384000063,0.5200630366802216,0.4920686940352122,3.1193756103515624,2.965162150065104,258.0,5109,8.2
fixation,1560444.0559999943,0.5251420438289642,0.4913718044757843,3.2092742919921875,3.0216156005859376,76.0,5110,8.2
fixation,1560560.7320001125,0.5967088213988713,0.4893456314291273,3.244504656110491,2.9840502057756697,117.0,5111,8.2
fixation,1560727.4000000954,0.5973705112934112,0.498879736661911,3.1634002685546876,2.920979309082031,166.0,5112,8.2
fixation,1560910.7339999676,0.5817748188972474,0.4965716123580933,3.1277069091796874,2.911517333984375,167.0,5113,8.2
fixation,1561110.7309999466,0.6321735938390096,0.48794042666753135,3.1487060546875,2.9572357177734374,250.0,5114,8.2
fixation,1561394.0659999847,0.5367940796746148,0.507458304365476,3.1602681477864585,2.9920840793185763,150.0,5115,8.2
fixation,1561577.401000023,0.5791558921337128,0.506666038185358,3.1951471964518228,3.0003890991210938,200.0,5116,8.2
fixation,1561810.7369999886,0.703045345014996,0.5046601427925957,3.2817230224609375,3.0387598673502603,300.0,5117,8.2
fixation,1562127.4100000858,0.7522274416226608,0.50015761416692,3.3214393028846154,3.0365318885216346,224.0,5118,8.2
fixation,1562677.4230000973,0.5199834704399109,0.5026508867740631,3.2245941162109375,2.984220232282366,116.0,5119,8.2
fixation,1562827.4159998894,0.5865011350675062,0.5009521842002869,3.2105532559481533,2.9470880681818183,183.0,5120,8.2
fixation,1563044.0859999657,0.6244792401790619,0.4949524998664856,3.1985992431640624,2.9147125244140626,167.0,5121,8.2
fixation,1563227.4210000038,0.5847935107621279,0.5012141100384973,3.182803067294034,2.8956673362038354,183.0,5122,8.2
fixation,1563444.0929999352,0.6281746067106724,0.5021096654236317,3.213459014892578,2.9046897888183594,142.0,5123,8.2
fixation,1563777.4360001087,0.6914559900760651,0.4858457429541482,3.2528279622395835,2.963594224717882,142.0,5124,8.2
fixation,1564027.4430000782,0.502466159788045,0.47996330938555976,3.189888694069602,2.9429196444424717,183.0,5125,8.2
fixation,1564227.4419999123,0.46903375163674355,0.49370987713336945,3.1868362426757812,2.9755350748697915,200.0,5126,8.2
fixation,1564444.101999998,0.5104088149964809,0.49506166701515514,3.2314427693684897,2.990692138671875,200.0,5127,8.2
fixation,1564677.4379999638,0.6583794414997101,0.5059652090072632,3.2564727783203127,2.9636138916015624,91.0,5128,8.2
fixation,1564960.7739999294,0.7343959782434546,0.48633053186147107,3.2346761952275815,2.976468293563179,375.0,5129,8.2
fixation,1565410.7820000648,0.559240660071373,0.28720011860132216,3.2543975830078127,2.9472869873046874,167.0,5130,NOTRIAL
fixation,1565610.7899999619,0.6190851288182395,0.27838064091546194,3.2683585030691966,2.9567173549107144,125.0,5131,NOTRIAL
fixation,1565927.4570000172,0.6139833707558481,0.28972550442344264,3.3413399144222864,2.975687127364309,308.0,5132,NOTRIAL
fixation,1566277.46600008,0.5581307932734489,0.4119607787579298,3.241952896118164,2.976220448811849,400.0,5133,NOTRIAL
fixation,1566710.8080000877,0.5665573354425102,0.3355925961815078,3.424669463058998,3.1021881103515625,483.0,5134,NOTRIAL
fixation,1567227.486000061,0.5763305919244885,0.5048666729126126,3.4427783489227295,3.1522727012634277,1074.0,5135,NOTRIAL
fixation,1568477.509000063,0.6090155318379402,0.503741572300593,3.392444610595703,3.1136322021484375,192.0,5136,NOTRIAL
fixation,1568760.8480000496,0.6621162491910001,0.7320991421633578,3.3158775491917387,2.9587478637695312,1575.0,5137,NOTRIAL
fixation,1571094.2219998837,0.5335836783051491,0.44289118237793446,3.490163803100586,3.2308731079101562,133.0,5138,FIX_CROS
fixation,1571244.2260000706,0.528075302640597,0.46677610526482266,3.503748575846354,3.2677103678385415,100.0,5139,FIX_CROS
fixation,1571360.8959999084,0.4978685020296662,0.4730226927333408,3.303589432327836,3.0990306712962963,450.0,5140,FIX_CROS
fixation,1571827.5739998817,0.47287826772247044,0.4650994528617178,3.202885219029018,3.0091094970703125,233.0,5141,FIX_CROS
fixation,1572077.5799999237,0.49043653905391693,0.4833542158206304,3.1860470241970487,3.0198177761501737,150.0,5142,8.1
fixation,1572360.9110000134,0.23335199430584908,0.44649440546830493,3.2659022013346353,3.0719426472981772,108.0,5143,8.1
fixation,1572660.9189999104,0.3100571930408478,0.43463426232337954,3.2887969970703126,2.9925079345703125,83.0,5144,8.1
fixation,1572777.5969998837,0.3778844823439916,0.4440387984116872,3.259709676106771,2.9858534071180554,150.0,5145,8.1
fixation,1572960.9330000877,0.44706141542304645,0.4523406597700986,3.1996626420454546,2.973114013671875,183.0,5146,8.1
fixation,1573177.6070001125,0.5248172317559903,0.4439944756718782,3.216914250300481,2.9955321091871996,433.0,5147,8.1
fixation,1573627.6150000095,0.48577067587110734,0.4440622693962521,3.2390594482421875,3.0329657660590277,150.0,5148,8.1
fixation,1573810.9509999752,0.6215053227814761,0.4450759372927926,3.2860051935369317,3.025016091086648,183.0,5149,8.1
fixation,1574027.6240000725,0.6768512547016143,0.4467219337821007,3.3560470581054687,3.0935287475585938,166.0,5150,8.1
fixation,1574227.6300001144,0.759134367108345,0.44287844374775887,3.4363670349121094,3.1005210876464844,74.0,5151,8.1
fixation,1574494.3020000458,0.7676911875605583,0.4478702284395695,3.3780288696289062,3.0578784942626953,126.0,5152,8.1
fixation,1574644.3059999943,0.8102210242240155,0.4408994698133625,3.3029339899782273,2.936152974113089,1017.0,5153,8.1
fixation,1575727.6619999409,0.48500862291881014,0.5391780095441001,3.172786167689732,2.951810564313616,116.0,5154,8.1
fixation,1575877.6649999619,0.4037960125849797,0.5489888924818772,3.18429448054387,2.9761728140024037,217.0,5155,8.1
fixation,1576111.0069999695,0.3629475966095924,0.5431038320064545,3.2021530151367186,2.99208984375,167.0,5156,8.1
fixation,1576311.009000063,0.4475381299853325,0.5458729068438212,3.1697972615559897,2.953923543294271,100.0,5157,8.1
fixation,1576444.3469998837,0.49926188723607495,0.5500279312784021,3.1787553267045454,2.933145696466619,183.0,5158,8.1
fixation,1576661.015000105,0.5406705190738043,0.5438413371642431,3.183263142903646,2.9303258260091147,100.0,5159,8.1
fixation,1576777.6840000153,0.5935564935207367,0.5450966238975525,3.208935546875,2.9493560791015625,91.0,5160,8.1
fixation,1577094.3559999466,0.6372086468131043,0.5400973322779633,3.199643157249273,2.9258891260901163,708.0,5161,8.1
fixation,1577827.7030000687,0.6463502883911133,0.524353301525116,3.205084228515625,2.951165771484375,83.0,5162,8.1
fixation,1577927.7049999237,0.6522174222128732,0.5521746916430337,3.245060511997768,2.9254368373325894,117.0,5163,8.1
fixation,1578061.0420000553,0.6477952674031258,0.5230661258101463,3.2303237915039062,2.9336166381835938,67.0,5164,8.1
fixation,1578561.0520000458,0.7027321457862854,0.5724447152831338,3.2802193381569604,2.989083030007102,184.0,5165,8.1
fixation,1578794.390000105,0.6658026518730017,0.4661643166954701,3.267750079815204,3.010182894193209,433.0,5166,NOTRIAL
fixation,1579261.0610001087,0.6086017824709415,0.295843917876482,3.2587432861328125,3.0543460845947266,134.0,5167,NOTRIAL
fixation,1579411.0659999847,0.610888252655665,0.2979557991027832,3.3146026611328123,3.0676300048828127,250.0,5168,NOTRIAL
fixation,1579694.3989999294,0.4924186161335777,0.32612665523501005,3.374589807846967,3.090819414924173,291.0,5169,NOTRIAL
fixation,1580177.742000103,0.5125625481208166,0.30663829669356346,3.327106475830078,3.060657501220703,192.0,5170,NOTRIAL
fixation,1580394.4140000343,0.4982877873322543,0.3280346503152567,3.291285346536075,3.0197830200195312,566.0,5171,NOTRIAL
fixation,1580994.4219999313,0.5578218125380002,0.3151227075320024,3.2974207951472354,3.0191990778996396,216.0,5172,NOTRIAL
fixation,1581261.0929999352,0.4998733862194904,0.49158834336802015,3.2662218670512355,3.0561502146166424,717.0,5173,NOTRIAL
fixation,1582027.76699996,0.654441087692976,0.749856973439455,3.374298095703125,2.962127685546875,675.0,5174,NOTRIAL
fixation,1583386.1210000515,0.6699296732743582,0.5818071688214937,3.506506601969401,3.099126180013021,199.0,5175,NOTRIAL
fixation,1583636.128000021,0.6662305212683148,0.21706391043133205,3.5240054660373263,3.10819583468967,300.0,5176,NOTRIAL
fixation,1583986.1270000935,0.6031998693943024,0.4525959591070811,3.362553914388021,3.1212158203125,100.0,5177,NOTRIAL
fixation,1584136.1289999485,0.38372113947805603,0.48895712196826935,3.374732168097245,3.163320440995066,634.0,5178,NOTRIAL
fixation,1584786.137000084,0.3547984791555624,0.4887690847289973,3.3581207976944145,3.110468546549479,1458.0,5179,NOTRIAL
fixation,1586419.4869999886,0.5933385626836256,0.45640274340456183,3.2825164794921875,3.007852727716619,175.0,5180,NOTRIAL
fixation,1586652.8289999962,0.3510267854510964,0.49950794507930807,3.173177347554789,2.9559661072570007,1283.0,5181,NOTRIAL
fixation,1588619.5350000858,0.548320773575041,0.5975256727801429,3.55570305718316,3.169591267903646,149.0,5182,NOTRIAL
fixation,1588802.868999958,0.638632170855999,0.4667195528745651,3.517484664916992,3.1989269256591797,133.3380000591278,5183,NOTRIAL
