classified_movement,recording_timestamp,x,y,pupil_l,pupil_r,duration,ID,USER
fixation,66.96200001239777,-0.6866185892195928,1.2208827223096574,,2.655636742001488,350.0,1,Starttimelines
fixation,450.04900002479553,-0.515777121980985,1.290309743086497,2.6434906005859373,2.729172770182292,250.0,2,Starttimelines
fixation,783.3600000143051,0.331852430334458,0.48697355274970716,2.659923846905048,2.6629051795372596,216.0,3,Starttimelines
fixation,1050.0870000123978,0.22043178975582123,0.21891273260116578,2.7566741943359374,2.755328369140625,167.0,4,Starttimelines
fixation,1233.4390000104904,0.2085671289400621,0.19961986419829456,2.7182658802379263,2.7059145840731533,183.0,5,Starttimelines
fixation,1450.1319999694824,0.2739999005571008,0.19644851656630635,2.6607255935668945,2.629391670227051,267.0,6,Starttimelines
fixation,1783.4930000305176,0.4946765325963497,0.5595740452408791,2.6459449768066405,2.676239013671875,333.0,7,Starttimelines
fixation,2166.8669999837875,0.6488774986494155,0.5754644189562116,2.7032107398623513,2.7422914050874256,350.0,8,Starttimelines
fixation,2566.889999985695,0.2655276043547524,0.7358273946576648,2.7018636067708335,2.739164564344618,300.0,9,Starttimelines
fixation,2883.5789999961853,0.21204538172797152,0.7917937557948264,2.765599300986842,2.8366064774362663,316.0,10,Starttimelines
fixation,3233.5950000286102,0.2686415636539459,0.7749991524219513,2.763936767578125,2.8171417236328127,416.0,11,Starttimelines
fixation,3683.6299999952316,0.30893277724583945,0.5981740156809489,2.7917104085286457,2.8012074788411456,250.0,12,Starttimelines
fixation,3950.3129999637604,0.29209198599511926,0.5727397745305841,2.7508891712535513,2.7841561057350854,184.0,13,Starttimelines
fixation,4150.294000029564,0.2598678732619566,0.5753339038175695,2.753173828125,2.742275462431066,284.0,14,Starttimelines
fixation,4450.261999964714,0.20578177002343265,0.5790498094125227,2.7183907248757104,2.729501897638494,184.0,15,Starttimelines
fixation,4716.888999938965,-0.44078400798819284,0.9123140587048097,2.7543536099520596,2.8376409357244317,375.0,16,Starttimelines
fixation,5300.113000035286,0.39214771091938017,0.46713928977648417,2.559767659505208,2.5126108805338543,242.0,17,Starttimelines
fixation,5600.06299996376,0.623221455708794,0.44504008085831354,2.619667384935462,2.591495016346807,384.0,18,Starttimelines
fixation,6016.730999946594,0.5307469467322031,0.4586781273285548,2.631702677408854,2.6791646321614584,258.0,19,Starttimelines
fixation,6433.396999955177,0.608789073569434,0.45128914607422693,2.7169222150530135,2.733911786760603,225.0,20,Starttimelines
fixation,6766.7300000190735,1.3519617319107056,1.2424722769681145,2.886775297277114,2.940705243278952,283.0,21,Starttimelines
fixation,7100.06400001049,1.1929157197475433,0.8506884306669236,2.898724365234375,2.9215682983398437,167.0,22,Starttimelines
fixation,7350.074000000954,0.42891773687941687,0.5380401249442782,2.779376438685826,2.842531476702009,234.0,23,Starttimelines
fixation,7600.085000038147,0.45927875098728,0.5490722301460448,2.719395955403646,2.803075154622396,358.0,24,Starttimelines
fixation,8116.771000027657,0.41935403148333233,0.6926260987917582,2.6989271375868054,2.847162882486979,142.0,25,Starttimelines
fixation,8283.445999979973,0.41982508897781373,0.6926456332206726,2.7920684814453125,2.9053466796875,83.0,26,Starttimelines
fixation,8400.118000030518,0.46813801527023313,0.6507396936416626,2.726885986328125,2.9219741821289062,167.0,27,Starttimelines
fixation,8650.134999990463,0.2536030736352716,0.7884207495621273,2.8251451764787947,2.799443926130022,234.0,28,Starttimelines
fixation,8900.146000027657,0.21634463269425475,0.7914893931668737,2.8089029063349185,2.8083433068316914,775.0,29,Starttimelines
fixation,9933.541000008583,0.2910096508761247,0.802578866481781,2.8453216552734375,2.867170969645182,200.0,30,Starttimelines
fixation,10183.557999968529,0.29783762246370316,0.7947504371404648,2.9433212280273438,2.9544754028320312,66.0,31,Starttimelines
fixation,10283.567999958992,0.2275148114332786,0.7934749470307276,2.8543067345252404,2.8778827373798075,216.0,32,Starttimelines
fixation,10516.90799999237,0.21947220116853713,0.7832000553607941,2.7639892578125,2.7772125244140624,83.0,33,Starttimelines
fixation,10616.909999966621,0.2911559428487505,0.787120311033158,2.7394180297851562,2.7107413155691966,350.0,34,Starttimelines
fixation,11033.583999991417,0.5750184927297675,0.4736424367065015,2.7002444059952446,2.737972757090693,383.0,35,Starttimelines
fixation,11433.590000033379,0.5598986830030169,0.44323460331984926,2.716527666364397,2.762495858328683,233.0,36,Starttimelines
fixation,11716.927999973297,0.3057862435993941,0.41243475481219916,2.7042833411175273,2.7653788690981655,383.0,37,Starttimelines
fixation,12116.934000015259,0.30475033074617386,0.49792626202106477,2.7236724853515626,2.7747711181640624,167.0,38,Starttimelines
fixation,12316.93700003624,0.36393457651138306,0.5168336810250032,2.7781500565378288,2.8493780838815788,317.0,39,Starttimelines
fixation,12683.608999967575,0.2236304383724928,0.5428009495139122,2.9068313598632813,2.971527862548828,333.0,40,Starttimelines
fixation,13033.618000030518,0.22329846686787075,0.5471656057569716,,2.934300740559896,150.0,41,Starttimelines
fixation,13266.955000042915,0.2666961881849501,0.5259252720408969,2.8288097381591797,2.8593868679470487,150.0,42,Starttimelines
fixation,13550.292999982834,0.27025230824947355,0.5161578744649887,2.8649688720703126,2.9447052001953127,84.0,43,Starttimelines
fixation,13683.629999995232,0.2686212547123432,0.5360342971980572,2.949223109654018,2.9965782165527344,133.0,44,Starttimelines
fixation,13833.634999990463,0.36230428848001694,0.5078034599622091,2.858495076497396,3.015018039279514,150.0,45,Starttimelines
fixation,14000.309000015259,0.3681526867782368,0.5303079836508807,2.8760743982651653,3.016957900103401,284.0,46,Starttimelines
fixation,14400.319000005722,1.379633605480194,1.1560015976428986,3.072650909423828,3.166790008544922,67.0,47,Starttimelines
fixation,15183.677999973297,0.5232341684574304,0.5048758851927381,3.0319274192632633,3.0708273954169694,717.0,48,Starttimelines
fixation,15933.705999970436,0.4193377544482549,0.46537109464406967,2.9765192667643228,2.9979561699761286,300.0,49,Starttimelines
fixation,16300.379999995232,0.6738255893190702,0.3597922163705031,2.970841725667318,2.9840736389160156,200.0,50,Starttimelines
fixation,16517.054999947548,0.7241201021454551,0.3662486259232868,2.943568142977628,2.948582735928622,367.0,51,Starttimelines
fixation,16900.40100002289,0.808790691874244,0.37300252508033405,3.0017825039950283,3.020699240944602,183.0,52,Starttimelines
fixation,17167.080000042915,0.25189271941781044,0.35746149718761444,3.041482925415039,3.039865493774414,134.0,53,Starttimelines
fixation,17333.7539999485,0.1965441427060536,0.38394762788500103,3.0335889543805803,3.0296641758510043,233.0,54,Starttimelines
fixation,17583.75300002098,0.2364704960158893,0.37231235419000897,2.9524710518973216,2.969478062220982,117.0,55,Starttimelines
fixation,17717.09200000763,0.30577103387225757,0.3809526115655899,2.8970753062855112,2.9012395685369317,184.0,56,Starttimelines
fixation,17917.103999972343,0.36622142957316506,0.3819158971309662,2.8496585422092013,2.8599056667751737,150.0,57,Starttimelines
fixation,18100.445000052452,0.20631694679076856,0.5281513012372531,2.837358914888822,2.908228947566106,216.0,58,Starttimelines
fixation,18350.455000042915,0.27254412695765495,0.5395432834823927,2.8438873291015625,2.903736114501953,200.0,59,Starttimelines
fixation,18600.46399998665,0.3518371969461441,0.5011317878961563,2.680511474609375,2.803594970703125,83.0,60,Starttimelines
fixation,18717.133000016212,0.35166938602924347,0.505082082003355,2.636601765950521,2.7815589904785156,67.0,61,Starttimelines
fixation,18817.136000037193,0.3219142641339983,0.5360809820038932,,2.813539777483259,117.0,62,Starttimelines
fixation,18967.139999985695,0.40022601187229156,0.5201898142695427,2.69293212890625,2.8490867614746094,67.0,63,Starttimelines
fixation,19083.80999994278,0.40091630816459656,0.5409064441919327,2.44232177734375,2.852783203125,67.0,64,Starttimelines
fixation,19483.81599998474,0.47374347278050016,0.39870522916316986,2.7628653390066966,2.8722316196986606,117.0,65,Starttimelines
fixation,19633.820999979973,0.5089723844277231,0.4709921526281457,2.730239065069901,2.8683487741570723,317.0,66,Starttimelines
fixation,20000.4960000515,0.4259372075398763,0.15630519638458887,2.8109288533528645,2.847540283203125,500.0,67,Starttimelines
fixation,20533.83899998665,0.39777367733992064,0.21078245341777802,2.817010732797476,2.8561166616586537,225.0,68,Starttimelines
fixation,20850.513999938965,0.420045455917716,0.257029932923615,2.8715572357177734,2.9280166625976562,125.0,69,10
fixation,21017.18400001526,0.47747867107391356,0.40653149634599683,2.8454055786132812,2.894561767578125,167.0,70,10
fixation,21267.19099998474,0.3035198003053665,0.8251506338516871,2.9047775268554688,2.975641886393229,100.0,71,10
fixation,21383.858999967575,0.3001001596450806,0.8820671647787094,2.9084197998046877,2.970574951171875,167.0,72,10
fixation,21583.863000035286,0.3569076533118884,0.8783087680737177,2.8296407063802085,2.968256632486979,100.0,73,10
fixation,21800.53499996662,0.41296165188153583,0.8319908678531647,2.739076402452257,2.9691653781467013,150.0,74,10
fixation,21983.87199997902,0.4663452923297882,0.8789306640625,2.8498687744140625,2.940435791015625,83.0,75,10
fixation,22083.875,0.46598559617996216,0.8497040346264839,2.755077362060547,2.9326820373535156,67.0,76,10
fixation,22167.210000038147,0.5249141563068737,0.8457015996629541,2.7177678888494317,2.9062014493075283,184.0,77,10
fixation,22400.547999978065,0.5965550144513448,0.8514325221379598,2.8231582641601562,2.8393792046440973,150.0,78,10
fixation,22600.552999973297,0.5689951231082281,0.8531447350978851,2.7993138631184897,2.8715184529622397,100.0,79,10
fixation,22717.22200000286,0.6225099780342795,0.8711725608869032,2.813364202325994,2.8997566916725854,184.0,80,10
fixation,22933.891999959946,0.6838462582001319,0.8744452687410208,2.8476034311147838,2.9196683443509617,217.0,81,10
fixation,23167.233000040054,0.7277790506680807,0.8731926580270132,2.8517557779947915,2.8948745727539062,100.0,82,10
fixation,23317.233999967575,0.5338641653458277,0.4475348088890314,2.8263022104899087,2.8757457733154297,400.0,83,10
fixation,23750.577000021935,0.6000312424224356,0.47337488182212994,2.762393453846807,2.756965968919837,383.0,84,10
fixation,24200.58899998665,0.3767742356285453,0.4369344674050808,2.7917470932006836,2.816695213317871,266.0,85,10
fixation,24483.925999999046,0.3938758320668164,0.4626198253210853,2.7245941162109375,2.731558407054228,283.0,86,10
fixation,24800.603999972343,0.48466603661125357,0.4614477882331068,2.660772843794389,2.661813909357244,366.0,87,10
fixation,25200.615000009537,0.5022693013443666,0.5295747641254874,2.700710521024816,2.744703405043658,283.0,88,10
fixation,25533.955999970436,0.603091663784451,0.4985985529643518,2.7907223171657987,2.794231273509838,450.0,89,10
fixation,26033.96800005436,0.5663108027407101,0.6688269759927478,2.743995121547154,2.8218160356794084,467.0,90,10
fixation,26533.980999946594,0.6006612520326268,0.48414831134406006,2.8754161487926138,2.905432614413175,734.0,91,10
fixation,27284.00300002098,0.5258977965396994,0.42961804349632826,2.826703239889706,2.8089788100298714,567.0,92,10
fixation,27867.350999951363,0.46434895268508364,0.4126389558826174,2.6865572248186385,2.650994437081473,233.0,93,10
fixation,28117.355999946594,0.37491267455948724,0.4482179760932922,2.628066677517361,2.6494710286458334,750.0,94,10
fixation,28900.707000017166,0.5001998849213123,0.4139892511069775,2.5819244384765625,2.5700111389160156,333.0,95,FIX_CROS
fixation,29284.050999999046,0.37801129792047583,0.2375476408911788,2.770178089971128,2.78679955523947,384.0,96,FIX_CROS
fixation,29700.728000044823,0.49339332183202106,0.41332033028205234,2.7187576293945312,2.6894556681315103,200.0,97,10.1
fixation,29934.06599998474,0.24816727545112371,0.29973452165722847,2.7979164123535156,2.8127517700195312,134.0,98,10.1
fixation,30100.736999988556,0.19422194361686707,0.29815400730479846,2.7835124622691763,2.7966169877485796,183.0,99,10.1
fixation,30317.4090000391,0.23979996310340035,0.29440871708922917,2.7035047743055554,2.693294949001736,150.0,100,10.1
fixation,30484.078999996185,0.2857180525149618,0.29107107115643366,2.658066885811942,2.642449515206473,234.0,101,10.1
fixation,30734.082999944687,0.2994469387663735,0.29000062578254276,2.6578131781684027,2.632634480794271,150.0,102,10.1
fixation,30900.75300002098,0.35068132409027647,0.29119614511728287,2.701784406389509,2.7058912004743303,233.0,103,10.1
fixation,31150.758999943733,0.3880207579244267,0.29489069364287634,2.718912298029119,2.7238644686612217,183.0,104,10.1
fixation,31350.764999985695,0.4220443770289421,0.2930570974946022,2.7279998779296877,2.712353515625,167.0,105,10.1
fixation,31550.768000006676,0.46865928173065186,0.29093845188617706,2.7414820744441104,2.733806903545673,217.0,106,10.1
fixation,31784.108000040054,0.4975893388191859,0.29521365761756896,2.732782999674479,2.7349151611328124,250.0,107,10.1
fixation,32050.77900004387,0.539797095152048,0.2847250975095309,2.710997361403245,2.7003326416015625,217.0,108,10.1
fixation,32284.12000000477,0.5828005274136862,0.2808492419620355,2.7195816040039062,2.6908976236979165,200.0,109,10.1
fixation,32500.789999961853,0.6215321882204576,0.27524250745773315,2.741007024591619,2.7214189009232954,183.0,110,10.1
fixation,32700.794000029564,0.668505072593689,0.27818922532929313,2.740168253580729,2.7481180826822915,150.0,111,10.1
fixation,32867.46299993992,0.6496738543113073,0.28285564730564755,2.754216512044271,2.7584559122721353,100.0,112,10.1
fixation,33000.799999952316,0.7039204294031317,0.2764146395704963,2.7356026389382104,2.7722126353870737,183.0,113,10.1
fixation,33217.46399998665,0.7387598123815324,0.27347177598211503,2.773523966471354,2.802337646484375,150.0,114,10.1
fixation,33400.80999994278,0.7902049571275711,0.2699586786329746,2.773047129313151,2.8124898274739585,200.0,115,10.1
fixation,33617.47899997234,0.8206055875007923,0.27334651809472305,2.757838322566106,2.769207294170673,216.0,116,10.1
fixation,33867.485000014305,0.7692930599053701,0.2745491514603297,2.7342821756998696,2.7737045288085938,200.0,117,10.1
fixation,34084.15100002289,0.8030153640678951,0.2792269140481949,2.7483389718191966,2.773683820452009,117.0,118,10.1
fixation,34284.15499997139,0.21416979059576988,0.38737379759550095,2.7320587158203127,2.748028564453125,167.0,119,10.1
fixation,34467.49099993706,0.18591698445379734,0.38464781269431114,2.7545814514160156,2.7433300018310547,133.0,120,10.1
fixation,34617.49199998379,0.23407665707848288,0.36852031404321844,2.6848616166548296,2.6409842751242896,183.0,121,10.1
fixation,34817.49399995804,0.28277881714430725,0.3696335811506618,2.5995941162109375,2.5617842240767046,183.0,122,10.1
fixation,35017.49800002575,0.33197312171642596,0.3710579333397058,2.584478525015024,2.573914747971755,216.0,123,10.1
fixation,35250.83500003815,0.3032625236294486,0.37538414922627533,2.6024849631569604,2.577239990234375,183.0,124,10.1
fixation,35467.50199997425,0.36637722471585643,0.3820365999753659,2.615331796499399,2.6306257981520433,433.0,125,10.1
fixation,35917.50800001621,0.3889581739902496,0.37308503985404967,2.657359313964844,2.627484130859375,166.0,126,10.1
fixation,36117.50999999046,0.43170536481417143,0.3729394112641995,2.6366964486929088,2.646405733548678,216.0,127,10.1
fixation,36350.84500002861,0.4798224518696467,0.3696082830429077,2.6660614013671875,2.6186465308779763,350.0,128,10.1
fixation,36717.519000053406,0.5063402007023493,0.3728068855901559,2.694774627685547,2.6760686238606772,200.0,129,10.1
fixation,36934.18599998951,0.551460919280847,0.367786983648936,2.6971715291341147,2.7116483052571616,200.0,130,10.1
fixation,37167.52100002766,0.6195799979296598,0.3522545031525872,2.6870561079545454,2.6456659490411933,183.0,131,10.1
fixation,37367.52600002289,0.604240894317627,0.3678046941757202,2.694268798828125,2.6519622802734375,83.0,132,10.1
fixation,37484.19299995899,0.6759686768054962,0.3620616140273901,2.668451162484976,2.6708233173076925,217.0,133,10.1
fixation,37717.52600002289,0.7239113885622758,0.3568269736491717,2.68881342961238,2.6813460129957933,216.0,134,10.1
fixation,37950.863000035286,0.75972820520401,0.3645272821187973,2.7185455322265626,2.7216049194335934,167.0,135,10.1
fixation,38134.199000000954,0.8102199967418399,0.36456709461552755,2.7494027273995534,2.6911021641322543,234.0,136,10.1
fixation,38450.86800003052,0.21296856990631888,0.4893084545345867,2.6961301915785847,2.727770637063419,283.0,137,10.1
fixation,38750.87399995327,0.25723960995674133,0.46611952657500905,2.6269658406575522,2.5792528788248696,200.0,138,10.1
fixation,38967.544999957085,0.30208971798419954,0.46435481309890747,2.5517669677734376,2.5056243896484376,166.0,139,10.1
fixation,39217.549999952316,0.41220047473907473,0.46684353351593016,2.5192840576171873,2.48172607421875,91.0,140,10.1
fixation,39600.893000006676,0.5060134321451187,0.45474168956279754,2.6240768432617188,2.613453674316406,167.0,141,10.1
fixation,39784.22899997234,0.4945820329281,0.4645356558836423,2.6703045184795675,2.6661142202524037,217.0,142,10.1
fixation,40017.56599998474,0.5328217267990112,0.465367092192173,2.633229064941406,2.63504638671875,166.0,143,10.1
fixation,40200.90299999714,0.5905973939668565,0.4584543790136065,2.625363304501488,2.620427449544271,350.0,144,10.1
fixation,40567.578999996185,0.6451354771852493,0.45790955889970064,2.6248903274536133,2.63393497467041,266.0,145,10.1
fixation,40867.580999970436,0.7016592713502737,0.44670618497408354,2.623003446138822,2.6138399564302883,216.0,146,10.1
fixation,41100.921000003815,0.7383707111532037,0.45002595538442786,2.626402421431108,2.6498565673828125,183.0,147,10.1
fixation,41300.92700004578,0.7993429628285494,0.44794287193905225,2.6484805020419033,2.6360334916548296,183.0,148,10.1
fixation,41500.92900002003,0.7680614739656448,0.4607314333319664,2.6450592041015626,2.6829864501953127,167.0,149,10.1
fixation,41684.266999959946,0.8136496543884277,0.46003130450844765,2.679899215698242,2.7042102813720703,134.0,150,10.1
fixation,41900.93700003624,0.2062430576636241,0.5707084421928112,2.7679854172926683,2.8128122182992787,217.0,151,10.1
fixation,42134.27499997616,0.1896488212726333,0.5789885195818815,2.768525557084517,2.782437411221591,184.0,152,10.1
fixation,42334.27799999714,0.2312831420983587,0.5744089782238007,2.654813494001116,2.6955174037388394,234.0,153,10.1
fixation,42600.952999949455,0.27097829555471736,0.5757363935311636,2.6140060424804688,2.638657887776693,200.0,154,10.1
fixation,42834.28999996185,0.34003199751560503,0.5691262116798987,2.5914811354417067,2.65447998046875,217.0,155,10.1
fixation,43067.62800002098,0.3944753488669029,0.560826484973614,2.6273275522085338,2.6946012056790867,216.0,156,10.1
fixation,43300.96500003338,0.4615306623280048,0.5617139905691146,2.654773712158203,2.6764259338378906,333.0,157,10.1
fixation,43650.97300004959,0.5073986121199348,0.5626939155838706,2.6511674360795454,2.7095461758700283,183.0,158,10.1
fixation,43867.638999938965,0.5616588567694029,0.5711490834752718,2.6890182495117188,2.7152061462402344,200.0,159,10.1
fixation,44084.30900001526,0.5478516519069672,0.5777037019530932,2.7165349324544272,2.7607421875,200.0,160,10.1
fixation,44300.97699999809,0.6022304395834605,0.5719090870448521,2.734412057059152,2.7337239583333335,350.0,161,10.1
fixation,44684.30999994278,0.6465999529911921,0.5645438363918891,2.7191138634314904,2.6996236947866588,217.0,162,10.1
fixation,44917.644000053406,0.6889908194541932,0.5675859451293945,2.7240585327148437,2.70673828125,166.0,163,10.1
fixation,45117.64499998093,0.7466617776797368,0.5669428293521588,2.6864847036508412,2.690417949969952,216.0,164,10.1
fixation,45367.64600002766,0.794154706326398,0.5743221884424036,2.703684026544744,2.671170321377841,183.0,165,10.1
fixation,45567.641999959946,0.8326295018196106,0.5667428459439959,2.6834542410714284,2.6841648646763394,116.0,166,10.1
fixation,45750.97899997234,0.38337970711290836,0.6543820314109325,2.4818763732910156,2.7428131103515625,133.0,167,10.1
fixation,45900.983000040054,0.3361586249536938,0.6678315980566872,2.6240717569986978,2.7901713053385415,300.0,168,10.1
fixation,46217.64600002766,0.3805481940507889,0.6645550951361656,2.6217221346768467,2.7851028442382812,200.0,169,10.1
fixation,46467.64900004864,0.4392311887608634,0.6359643042087555,2.5400577121310763,2.727974785698785,150.0,170,10.1
fixation,46650.981999993324,0.48401930928230286,0.6484500212328774,2.628145490373884,2.788211640857515,350.0,171,10.1
fixation,47034.31599998474,0.5510058917782523,0.6593225815079429,2.7206240567294033,2.836141412908381,184.0,172,10.1
fixation,47250.980999946594,0.6447285953909159,0.6585586648434401,2.743877410888672,2.848475456237793,267.0,173,10.1
fixation,47534.31400001049,0.6729263067245483,0.6613777130842209,2.7648181915283203,2.841184616088867,134.0,174,10.1
fixation,47834.31400001049,0.44646166265010834,0.3048392543569207,2.8550968170166016,2.848374843597412,534.0,175,10.1
fixation,48400.98000001907,0.4430089523394903,0.1531842495004336,2.8438791910807293,2.823076375325521,250.0,176,NOTRIAL
fixation,48667.64999997616,0.36744758722029236,0.22679361073594345,2.844803659539474,2.8094169215152136,316.0,177,NOTRIAL
fixation,49034.3220000267,0.43399573591622437,0.10489606925032356,3.015096491033381,3.0366710316051138,184.0,178,NOTRIAL
fixation,49234.32299995422,0.413167138894399,0.1113217721382777,2.9778900146484375,3.0378824869791665,100.0,179,NOTRIAL
fixation,49384.327000021935,0.5077647897932265,0.10755428464876281,2.9452395968967013,2.9445037841796875,150.0,180,NOTRIAL
fixation,49550.99800002575,0.5794641673564911,0.09996604577948649,2.9087206522623696,2.888896942138672,200.0,181,NOTRIAL
fixation,49767.667999982834,0.6404525637626648,0.2380698524415493,2.910845947265625,2.933207702636719,333.0,182,NOTRIAL
fixation,50117.672000050545,0.628908774432014,0.24797641354448655,2.9918850169462314,3.0459648581112133,283.0,183,NOTRIAL
fixation,50417.6779999733,0.5735702216625214,0.2481501859923204,2.9064369201660156,2.9873085021972656,200.0,184,NOTRIAL
fixation,50651.016999959946,0.6390112489461899,0.23946763512988886,2.8761164347330728,2.9641075134277344,208.0,185,NOTRIAL
fixation,51067.69200003147,0.6527662624915441,0.23553686092297235,2.915740966796875,2.9801661173502603,92.0,186,NOTRIAL
fixation,51184.360999941826,0.6314135640859604,0.2434867352247238,2.9372024536132812,2.9982818603515624,174.0,187,NOTRIAL
fixation,51551.03199994564,0.42416093349456785,0.45827133357524874,2.7829345703125,2.8296661376953125,76.0,188,NOTRIAL
fixation,51667.705999970436,0.35570947698184424,0.4768727489880153,2.81500244140625,2.813422066824777,583.0,189,NOTRIAL
fixation,52301.049000024796,0.6413862910763971,0.46679315690336554,2.7493622878502153,2.7579687710466056,484.0,190,NOTRIAL
fixation,52801.05799996853,0.5693727859428951,0.4642972062741007,2.7792936052594865,2.819659641810826,234.0,191,NOTRIAL
fixation,53067.731999993324,0.5017318386923183,0.45693390613252466,2.743660666725852,2.811247392134233,191.0,192,NOTRIAL
fixation,53451.07000005245,0.5793503095274386,0.45553568329500116,2.81926097040591,2.8532290251358696,376.0,193,NOTRIAL
fixation,53851.075999975204,0.5050189457833767,0.45792090613394976,2.754793167114258,2.7994089126586914,275.0,194,NOTRIAL
fixation,54334.419000029564,0.4928316429257393,0.4934224128723145,2.7120437622070312,2.7566207885742187,158.0,195,NOTRIAL
fixation,54551.0909999609,0.3883315071463585,0.7145949244499207,2.7431427001953126,2.9156890869140626,167.0,196,NOTRIAL
fixation,54734.425999999046,0.361092284321785,0.7334388704860911,2.7280901740579044,2.908887077780331,283.0,197,NOTRIAL
fixation,55034.43299996853,0.34790603319803876,0.7322985182205836,2.7700780232747397,2.9095458984375,100.0,198,NOTRIAL
fixation,55184.43599998951,0.34987874577442807,0.7336727231740952,2.696629842122396,2.8627777099609375,100.0,199,NOTRIAL
fixation,55301.10300004482,0.386040198802948,0.7267318189144134,2.664239501953125,2.8375152587890624,84.0,200,NOTRIAL
fixation,55417.769000053406,0.5262395242849985,0.7109046644634671,2.7037540011935763,2.7711893717447915,150.0,201,NOTRIAL
fixation,55584.44400000572,0.5023428723216057,0.7076833784580231,2.72645263671875,2.8305953979492187,166.0,202,NOTRIAL
fixation,55784.44799995422,0.3788217455148697,0.7134122568018296,2.784254186293658,3.029781565946691,283.0,203,NOTRIAL
fixation,56084.452999949455,0.3573910164145323,0.7290961891412735,2.8375619741586537,3.074216989370493,433.0,204,NOTRIAL
fixation,56551.12699997425,0.5322496443986893,0.7959349825978279,2.804332733154297,2.8648815155029297,134.0,205,NOTRIAL
fixation,56817.799000024796,0.4640937805175781,0.7884828269481658,2.6361053466796873,2.7202484130859377,83.0,206,NOTRIAL
fixation,56934.46700000763,0.5826953881316714,0.7966502971119351,2.715906778971354,2.7651163736979165,150.0,207,NOTRIAL
fixation,57134.47099995613,0.5393760775526365,0.36835695678989094,2.8007685343424478,2.8043645222981772,200.0,208,FIX_CROS
fixation,57351.141999959946,0.5093986243009567,0.42923646477552563,2.798021756685697,2.7794083815354567,217.0,209,FIX_CROS
fixation,57634.48000001907,0.4932342264801264,0.3261522389948368,2.7935574849446616,2.7466303507486978,400.0,210,FIX_CROS
fixation,58151.15600001812,0.5066450834274292,0.3170711939985102,2.7248119007457388,2.677981289950284,184.0,211,10.2
fixation,58384.49399995804,0.2522124888168441,0.3259137769540151,2.78420172797309,2.74552239312066,150.0,212,10.2
fixation,58551.16400003433,0.19137760122185168,0.32970788362233533,2.675168244735054,2.6496455980383833,384.0,213,10.2
fixation,58951.171000003815,0.22343759930559567,0.33335077443293165,2.5630482264927457,2.5641076224190846,234.0,214,10.2
fixation,59201.174999952316,0.2658800229430199,0.33462338894605637,2.571177673339844,2.5689056396484373,167.0,215,10.2
fixation,59384.513000011444,0.30386788601225073,0.3345667218620127,2.620389071377841,2.606081875887784,183.0,216,10.2
fixation,59584.514999985695,0.3540874150666324,0.3336855159564452,2.6658130992542612,2.6234588623046875,183.0,217,10.2
fixation,59784.51999998093,0.4012128859758377,0.32974637909369037,2.6792977072975854,2.6631358753551138,183.0,218,10.2
fixation,59984.52499997616,0.44923862408507953,0.3332390080798756,2.7043401544744317,2.6741180419921875,183.0,219,10.2
fixation,60184.52799999714,0.4389728985049508,0.3359465233304284,2.7026852694424717,2.6684459339488638,183.0,220,10.2
fixation,60384.53100001812,0.5111522426207861,0.3317760266363621,2.7310880025227866,2.6884803771972656,200.0,221,10.2
fixation,60601.200999975204,0.5475276311238607,0.33553072810173035,2.728224436442057,2.720068613688151,200.0,222,10.2
fixation,60817.87199997902,0.5954554509371519,0.3309380644932389,2.723062515258789,2.72731876373291,267.0,223,10.2
fixation,61117.875,0.6522953245374892,0.3264470737841394,2.7381744384765625,2.738927205403646,300.0,224,10.2
fixation,61434.549999952316,0.693808831951835,0.32396806234663184,2.7888017134232954,2.7877766002308237,183.0,225,10.2
fixation,61651.22000002861,0.7408859811045907,0.3247718147256158,2.797829367897727,2.811362526633523,184.0,226,10.2
fixation,61851.22399997711,0.7904581278562546,0.3200841049353282,2.8280970255533853,2.836512247721354,200.0,227,10.2
fixation,62067.89499998093,0.7746681074301401,0.322336013118426,2.8360061645507812,2.846460978190104,100.0,228,10.2
fixation,62201.230999946594,0.8193422456582388,0.3154677285088433,2.8525543212890625,2.8553229437934027,150.0,229,10.2
fixation,62367.90100002289,0.7950391136109829,0.3165872571989894,2.8586645126342773,2.887242317199707,267.0,230,10.2
fixation,62651.24000000954,0.8278418210419741,0.3120846382596276,2.832826094193892,2.861695723100142,184.0,231,10.2
fixation,62917.91199994087,0.287985872477293,0.394633861258626,2.7950477600097656,2.8447418212890625,133.0,232,10.2
fixation,63084.575999975204,0.1879492109784713,0.41985128819942474,2.7969512939453125,2.8025794396033654,216.0,233,10.2
fixation,63317.91600000858,0.2277812550465266,0.41923147241274517,2.6892822265625,2.686224365234375,250.0,234,10.2
fixation,63601.25499999523,0.28311160455147427,0.41632218038042385,2.6229286193847656,2.5962308247884116,200.0,235,10.2
fixation,63817.924999952316,0.35717596826346026,0.4132445746141931,2.605097231657609,2.6074902078379756,383.0,236,10.2
fixation,64234.59899997711,0.41727215690272196,0.41761000951131183,2.6371532621837797,2.6377367292131697,350.0,237,10.2
fixation,64617.93799996376,0.4595906450634911,0.41402942438920337,2.6321505591982888,2.6599593389601934,350.0,238,10.2
fixation,64984.610999941826,0.5059232314427694,0.4110773578286171,2.6866747538248696,2.6996968587239585,200.0,239,10.2
fixation,65201.28199994564,0.5313785007366767,0.4161542894748541,2.726922842172476,2.721790020282452,217.0,240,10.2
fixation,65451.28199994564,0.5749257778127989,0.41151299451788265,2.7137985229492188,2.683996836344401,200.0,241,10.2
fixation,65684.62000000477,0.6373964846134186,0.41459839791059494,2.6777979532877603,2.7029393513997397,200.0,242,10.2
fixation,65901.28699994087,0.6898867726325989,0.4091846257448196,2.703558349609375,2.701116943359375,167.0,243,10.2
fixation,66101.29499995708,0.7322322994470596,0.41261687874794006,2.737969970703125,2.744073486328125,167.0,244,10.2
fixation,66284.62999999523,0.7165190050235162,0.4175757674070505,2.723077627328726,2.7474588247445912,216.0,245,10.2
fixation,66551.30099999905,0.8119452483952045,0.4090674677863717,2.734457015991211,2.7459630966186523,267.0,246,10.2
fixation,66884.63699996471,0.2243391846617063,0.4841037475400501,2.7334493001302085,2.7440948486328125,150.0,247,10.2
fixation,67051.3029999733,0.17741871997714043,0.5160466109712919,2.7281163533528647,2.738091786702474,200.0,248,10.2
fixation,67284.64600002766,0.2430140127738317,0.52183465162913,2.679370880126953,2.702875773111979,200.0,249,10.2
fixation,67501.31499993801,0.29234795611013065,0.5192827622998845,2.6261187466708096,2.6889142123135654,367.0,250,10.2
fixation,67901.3220000267,0.358902259514882,0.5085352899936529,2.6105123666616588,2.7133859487680287,217.0,251,10.2
fixation,68134.65699994564,0.40072605333157946,0.5052597559988499,2.673619406563895,2.755762917654855,466.0,252,10.2
fixation,68618.0,0.4391558669945773,0.5084127214025048,2.673641429227941,2.748505536247702,284.0,253,10.2
fixation,68918.00100004673,0.5055040307343006,0.5097839633623759,2.6936556498209634,2.737499237060547,200.0,254,10.2
fixation,69134.67599999905,0.466798606973428,0.5124383098804034,2.669719989483173,2.7504166823167067,217.0,255,10.2
fixation,69384.6779999733,0.5315496524175009,0.5174727390209833,2.736663818359375,2.715886433919271,100.0,256,10.2
fixation,69501.34700000286,0.6069392239054044,0.509312815964222,2.7311630249023438,2.7436370849609375,200.0,257,10.2
fixation,69718.01699995995,0.585426871975263,0.5240993946790695,2.749530792236328,2.7914225260416665,200.0,258,10.2
fixation,69951.35300004482,0.6741115063428879,0.5069919750094414,2.7287445068359375,2.7382781982421873,166.0,259,10.2
fixation,70134.69200003147,0.7149629982618185,0.5083678181354816,2.730304424579327,2.753718449519231,217.0,260,10.2
fixation,70368.03100001812,0.762055329978466,0.5122053300340971,2.7407913208007812,2.743687947591146,200.0,261,10.2
fixation,70584.7009999752,0.8028598888353868,0.5059863112189553,2.691170432350852,2.7384296764026987,183.0,262,10.2
fixation,70784.70399999619,0.8335620923475786,0.5084361000494524,2.707882967862216,2.7148298783735796,183.0,263,10.2
fixation,71018.04100000858,0.47513618767261506,0.6135302931070328,2.6186614990234376,2.6974090576171874,167.0,264,10.2
fixation,71201.37800002098,0.4388766934474309,0.6076965610186259,2.594629923502604,2.7237762451171874,250.0,265,10.2
fixation,71484.71700000763,0.4862838387489319,0.6066812992095947,2.5856560601128473,2.615431213378906,167.0,266,10.2
fixation,71684.72099995613,0.5525694402364584,0.6235148503230168,2.641359065129207,2.715704815204327,1083.0,267,10.2
fixation,72818.07400000095,0.5189312940294092,0.2050681236115369,2.789786598899148,2.7886491255326704,184.0,268,NOTRIAL
fixation,73034.74500000477,0.6449744371991408,0.2356735922788319,2.758514404296875,2.762856734426398,317.0,269,NOTRIAL
fixation,73368.08200001717,0.629615075313128,0.24705570191144943,2.806641798753005,2.8268092228816104,217.0,270,NOTRIAL
fixation,73634.75499999523,0.6526686865836382,0.4696184005588293,2.8261852264404297,2.8606624603271484,267.0,271,NOTRIAL
fixation,73934.76199996471,0.6381409572703498,0.23706338022436416,2.933805193219866,2.9715576171875,233.0,272,NOTRIAL
fixation,74201.42999994755,0.6389910642589841,0.48064595744723365,2.866494678315662,2.8887518019903276,700.0,273,NOTRIAL
fixation,74918.10000002384,0.5760389417409897,0.46762533778590815,2.796233585902623,2.847714287894113,934.0,274,NOTRIAL
fixation,75951.45399999619,0.5770120711430259,0.7118322447590206,2.7561864438264267,2.799219546110734,383.0,275,NOTRIAL
fixation,76351.45399999619,0.4939030942817529,0.718302051226298,2.7839317321777344,2.7908503214518228,200.0,276,NOTRIAL
fixation,76601.45299994946,0.35377145806948346,0.7524425248305003,2.753271484375,2.8216868082682294,250.0,277,NOTRIAL
fixation,76868.125,0.37190043530902084,0.750053943419943,2.7970229168327485,2.846387279276945,817.0,278,NOTRIAL
fixation,77718.13699996471,0.5081252117951711,0.8041819393634796,2.7930094401041665,2.7145924886067707,250.0,279,NOTRIAL
fixation,77984.80700004101,0.5737338562806448,0.8162531405687332,2.8329137166341147,2.7920125325520835,100.0,280,NOTRIAL
fixation,78134.80900001526,0.587433286011219,0.30461717024445534,2.883367265973772,2.8752517700195312,467.0,281,NOTRIAL
fixation,78634.81700003147,0.6450954079627991,0.42516835861735874,2.857301500108507,2.8956841362847223,150.0,282,NOTRIAL
fixation,78801.48699998856,0.6526218783997354,0.4629954505889189,2.956387474423363,3.0045142400832403,1400.0,283,NOTRIAL
fixation,80251.51199996471,0.5242043350424085,0.7276732666151864,2.873175484793527,2.8795166015625,116.0,284,NOTRIAL
fixation,80418.17999994755,0.5612963243671085,0.7081654045892798,2.8346663765285327,2.7405276091202446,384.0,285,NOTRIAL
fixation,80834.85300004482,0.5237472727894783,0.4112090226262808,2.825519561767578,2.8892879486083984,133.0,286,NOTRIAL
fixation,80984.85500001907,0.5058815536960479,0.47160472792963826,2.9037067044165825,2.945825392200101,517.0,287,NOTRIAL
fixation,81551.53499996662,0.3909429669380188,0.8416087806224823,2.6923004150390626,2.8469306945800783,333.0,288,11
fixation,81901.54799997807,0.42618550956249235,0.8677951842546463,2.73488532172309,2.853668212890625,166.0,289,11
fixation,82151.55200004578,0.49338962137699127,0.84419846534729,2.6990936279296873,2.7922821044921875,100.0,290,11
fixation,82301.55499994755,0.5826679666837057,0.869795672595501,2.8096885681152344,2.8648274739583335,200.0,291,11
fixation,82534.89199995995,0.637261301279068,0.8741276651620865,2.871002197265625,2.869581604003906,167.0,292,11
fixation,82751.5529999733,0.510799765586853,0.8710970133543015,2.836669921875,2.8776092529296875,66.0,293,11
fixation,82968.22500002384,0.47704253196716306,0.8336956202983856,2.729167938232422,2.794110107421875,84.0,294,11
fixation,83518.24300003052,0.5266878207524618,0.8418296625216802,2.7581583658854165,2.747990926106771,92.0,295,11
fixation,83634.90999996662,0.58135886490345,0.8522814959287643,2.8086456298828124,2.792437744140625,167.0,296,11
fixation,83818.24899995327,0.637184377759695,0.860708761960268,2.798635482788086,2.8007822036743164,267.0,297,11
fixation,84101.58599996567,0.6342683775084359,0.8492818943091801,2.742891584123884,2.721128191266741,116.0,298,11
fixation,84268.25,0.46951643771984997,0.43494273809825673,2.7458549948299633,2.755954518037684,284.0,299,11
fixation,84584.93200004101,0.542220264673233,0.41980969379929933,2.647898056927849,2.6202778535730697,283.0,300,11
fixation,84884.93700003624,0.5410636872053146,0.5097580939531327,2.555250549316406,2.549092102050781,167.0,301,11
fixation,85068.26699995995,0.5408696672495674,0.5143164887147791,2.612148509306066,2.612470739028033,284.0,302,11
fixation,85384.96299993992,0.4879354992881417,0.4598301760852337,2.7045040130615234,2.723677635192871,267.0,303,11
fixation,85684.94599997997,0.5461000546813011,0.42672026976943017,2.6583648681640626,2.6747596740722654,333.0,304,11
fixation,86151.62600004673,0.6537792781988779,0.8631343891223272,2.551251220703125,2.4038213094075522,100.0,305,11
fixation,86284.9620000124,0.652986134092013,0.8608174830675125,2.664494105747768,2.5951502482096354,500.0,306,11
fixation,86851.64999997616,0.5477863073348999,0.4521178851524989,2.736292521158854,2.7133076985677085,250.0,307,11
fixation,87118.31299996376,0.5147303627884906,0.3698489037544831,2.7629931905995244,2.7716880466627036,384.0,308,11
fixation,87518.32400000095,0.5103180984656016,0.44827812214692436,2.866607666015625,2.869328816731771,259.0,309,FIX_CROS
fixation,87935.00899994373,0.5051599563314364,0.4341919869184494,2.956663278432993,2.9171471228966346,426.0,310,FIX_CROS
fixation,88401.68700003624,0.4939604550600052,0.3238494123021762,2.8589655558268228,2.804168701171875,100.0,311,11.2
fixation,88535.02199995518,0.30460492707788944,0.5080397799611092,2.712047576904297,2.7358551025390625,134.0,312,11.2
fixation,88685.02600002289,0.2960691638290882,0.4811139013618231,2.721067428588867,2.7061424255371094,134.0,313,11.2
fixation,88835.03100001812,0.3421404605562037,0.47006905620748346,2.6830804998224433,2.7302412553267046,184.0,314,11.2
fixation,89051.7009999752,0.38895045551988816,0.46534490088621777,2.647555881076389,2.71370612250434,150.0,315,11.2
fixation,89218.37000000477,0.4251523112708872,0.4596548188816417,2.6539958607066763,2.6726310036399146,183.0,316,11.2
fixation,89435.0419999361,0.471439595023791,0.4591710778574149,2.6828625996907554,2.640692392985026,200.0,317,11.2
fixation,89651.71399998665,0.49927130341529846,0.4579763151705265,2.6853548685709634,2.6800537109375,200.0,318,11.2
fixation,89868.38399994373,0.5402421752611796,0.45229919627308846,2.7036641438802085,2.7089996337890625,200.0,319,11.2
fixation,90085.05400002003,0.5858510320003216,0.4615423163542381,2.7574685903695912,2.736790583683894,217.0,320,11.2
fixation,90318.39199995995,0.6333009114390925,0.46439525877174576,2.7708635832134045,2.812264693410773,316.0,321,11.2
fixation,90651.73000001907,0.6625038589301863,0.4671328546185243,2.8138933683696545,2.836452283357319,317.0,322,11.2
fixation,90985.07099997997,0.6915043111030872,0.465392883007343,2.799542940579928,2.8245990459735575,217.0,323,11.2
fixation,91218.40699994564,0.7161813217860001,0.4664721993299631,2.7833580603966346,2.7867044302133412,216.0,324,11.2
fixation,91451.74500000477,0.6306787153085073,0.4645421584447225,2.768729654947917,2.7557169596354165,250.0,325,11.2
fixation,91835.08599996567,0.4959457135862774,0.4622233650750584,2.80790032280816,2.7845247056749134,300.0,326,11.2
fixation,92168.42499995232,0.3023032727273735,0.4684339463710785,2.7041885788376265,2.677427137220228,616.0,327,11.2
fixation,92851.76999998093,0.5113698925290789,0.2080415774668966,2.762699672154018,2.7594495500837053,117.0,328,NOTRIAL
fixation,93001.77400004864,0.657338247412727,0.25031574602637974,2.83822995140439,2.850763956705729,350.0,329,NOTRIAL
fixation,93368.4470000267,0.6359423261422378,0.24441028672915238,2.877138186723758,2.8752773969601364,650.0,330,NOTRIAL
fixation,94051.79100000858,0.5949969324800704,0.47126139258896865,2.900564123083044,2.954435560438368,450.0,331,NOTRIAL
fixation,94518.4509999752,0.49833536331068007,0.4601767672258511,2.820473921926398,2.8572601853755484,950.0,332,NOTRIAL
fixation,95518.46099996567,0.38043660918871564,0.6930067241191864,2.695429484049479,2.8638475206163196,150.0,333,NOTRIAL
fixation,95718.4620000124,0.56742110706511,0.4556264096782321,2.7707446870349703,2.8080502464657737,350.0,334,NOTRIAL
fixation,96151.7990000248,0.36842853197684655,0.727015156012315,2.661194786658654,2.8229961688701923,1075.0,335,NOTRIAL
fixation,97285.14800000191,0.605137091416579,0.8049635428648728,2.771343524639423,2.702045147235577,217.0,336,NOTRIAL
fixation,97718.47500002384,0.543092405796051,0.29979030092557274,2.820134480794271,2.8372823079427083,250.0,337,FIX_CROS
fixation,98001.81299996376,0.5094648078083992,0.42307425911227864,2.7748451232910156,2.787156422932943,200.0,338,FIX_CROS
fixation,98251.81099998951,0.5352798809607824,0.23245528290669124,2.82613525390625,2.828293863932292,500.0,339,FIX_CROS
fixation,98785.14800000191,0.4994802745905789,0.3912393383004449,2.8304914994673296,2.8692821155894888,184.0,340,11.1
fixation,98985.1590000391,0.40985660552978515,0.4636220097541809,2.8779037475585936,2.9616485595703126,167.0,341,11.1
fixation,99168.48699998856,0.451190118988355,0.4772482564051946,2.944005330403646,3.0087801615397134,200.0,342,11.1
fixation,99385.15600001812,0.5039928505818049,0.4754188780983289,2.8803126017252603,2.9397201538085938,200.0,343,11.1
fixation,99601.8370000124,0.5498842944701513,0.47374745334188145,2.8210767110188804,2.882836659749349,200.0,344,11.1
fixation,99818.49699997902,0.5782475661147725,0.4691101028160615,2.844392256303267,2.8893973610617896,183.0,345,11.1
fixation,100035.17700004578,0.542104878208854,0.47565358064391394,2.820921464399858,2.865751786665483,184.0,346,11.1
fixation,100235.17999994755,0.5719838738441467,0.4707282508412997,2.852746327718099,2.8909886678059897,200.0,347,11.1
fixation,100451.84200000763,0.591464466518826,0.4707841823498408,2.8423979017469616,2.872129652235243,300.0,348,11.1
fixation,100835.18999993801,0.5883763873058817,0.4660821706056595,2.838311900263247,2.9038092571756113,384.0,349,11.1
fixation,101335.19400000572,0.5866524428129196,0.4591549430042505,2.879955291748047,2.9116077423095703,134.0,350,11.1
fixation,101485.19599997997,0.6019528049689072,0.4776745014465772,2.884059025691106,2.9221707857572117,217.0,351,NOTRIAL
fixation,101735.19900000095,0.592131061445583,0.25135247402570465,2.830103838885272,2.856886152787642,1842.0,352,NOTRIAL
fixation,103735.23399996758,0.572170941453231,0.27856267341657687,2.851155049092061,2.87138527318051,767.0,353,NOTRIAL
fixation,104518.58599996567,0.5744534167978499,0.265713921851582,2.8785027398003473,2.898717244466146,150.0,354,NOTRIAL
fixation,104935.25100004673,0.5789898959073153,0.2762983658097007,2.821135087446733,2.843453147194602,184.0,355,NOTRIAL
fixation,105135.26199996471,0.636685939346041,0.24570814136947905,2.8462275913783484,2.867766898018973,592.0,356,NOTRIAL
fixation,105885.27999997139,0.6467853419242366,0.23365617471356545,2.78564453125,2.816103043094758,509.0,357,NOTRIAL
fixation,106435.28600001335,0.5776018473235044,0.24596903337673706,2.7896464954723013,2.803614529696378,367.0,358,NOTRIAL
fixation,106835.29400002956,0.6383137762546539,0.2410526990890503,2.8236358642578123,2.81052001953125,417.0,359,NOTRIAL
fixation,107268.63399994373,0.6556249015471515,0.24722230215283,2.8057017606847428,2.815653183880974,283.0,360,NOTRIAL
fixation,107568.6360000372,0.6128251735741893,0.25219733788010973,2.772270838419596,2.808551629384359,1600.0,361,NOTRIAL
fixation,109218.67200005054,0.6394651366604699,0.3915068672762977,2.612033420138889,2.6617804633246527,150.0,362,NOTRIAL
fixation,109385.33799993992,0.6431455587347349,0.4452916818360488,2.658331553141276,2.6875216166178384,200.0,363,NOTRIAL
fixation,109602.00999999046,0.5748037397861481,0.45837230569329757,2.7906536233836206,2.8303822484509698,484.0,364,NOTRIAL
fixation,110118.68599998951,0.49042878299951553,0.44983714167028666,2.7684144973754883,2.7526636123657227,267.0,365,NOTRIAL
fixation,110402.02300000191,0.4276179386810823,0.4430898549881848,2.734957608309659,2.7282520640980112,184.0,366,NOTRIAL
fixation,110618.69400000572,0.4965676888823509,0.44043523669242857,2.775135803222656,2.768280029296875,167.0,367,NOTRIAL
fixation,110818.6970000267,0.42775817303096547,0.45465436402489157,2.8211867388556984,2.793325985179228,567.0,368,NOTRIAL
fixation,111435.37199997902,0.35338111996650695,0.7500912690162659,2.8210430908203126,2.878077392578125,416.0,369,NOTRIAL
fixation,111868.71500003338,0.371191284235786,0.7320542300448698,2.7908827837775734,2.8633050357594207,567.0,370,NOTRIAL
fixation,112468.72699999809,0.5127748638391495,0.814879196882248,2.7426788330078127,2.799729919433594,167.0,371,NOTRIAL
fixation,112668.72699999809,0.5754107875483376,0.8266414361340659,2.7424817766462053,2.7954515729631697,117.0,372,NOTRIAL
fixation,112835.40199995041,0.5130058954591337,0.2779038626214732,2.791988870371943,2.8164792268172554,383.0,373,NOTRIAL
fixation,113268.73800003529,0.36945241689682007,0.4129068572074175,2.735536575317383,2.709453582763672,133.0,374,NOTRIAL
fixation,113418.74199998379,0.3743517462696348,0.44041605293750763,2.6796875,2.654512677873884,117.0,375,NOTRIAL
fixation,113585.4129999876,0.6390159130096436,0.43560628965497017,2.7268733978271484,2.711345672607422,133.0,376,NOTRIAL
fixation,113752.07899999619,0.3760981688896815,0.45588162342707317,2.8312693277994794,2.781568400065104,250.0,377,NOTRIAL
fixation,114052.08500003815,0.6270636220773061,0.44958437979221344,2.946923573811849,2.9292678833007812,200.0,378,NOTRIAL
fixation,114302.08799993992,0.3640079996207865,0.453691724233511,2.9332632669588414,2.894399131216654,684.0,379,NOTRIAL
fixation,115035.43599998951,0.5052999578989469,0.7139594692450303,2.715428278996394,2.81314204289363,216.0,380,NOTRIAL
fixation,115285.43900001049,0.5715399622917176,0.7034821212291718,2.701446533203125,2.805908203125,83.0,381,NOTRIAL
fixation,115435.44299995899,0.5634040203359392,0.256224461313751,2.8739191691080728,2.9255794949001737,300.0,382,NOTRIAL
fixation,115768.77799999714,0.5055463835597038,0.44019290059804916,2.8668912251790366,2.916820526123047,200.0,383,NOTRIAL
fixation,115985.44799995422,0.5160621513019908,0.46111137623136694,2.889375166459517,2.926187688654119,183.0,384,6
fixation,116202.11599993706,0.5127114856243133,0.3424842828512192,2.877197265625,2.892203369140625,417.0,385,6
fixation,116635.45700001717,0.5246803238987923,0.5505755171179771,2.7781956990559897,2.8362579345703125,200.0,386,6
fixation,116852.12800002098,0.5355155736207962,0.5862241804599762,2.849409484863281,2.9153076171875,167.0,387,6
fixation,117035.46299993992,0.5433681284387907,0.6085768789052963,2.8800175984700522,2.969823201497396,200.0,388,6
fixation,117268.80200004578,0.41497842594981194,0.8626248501241207,2.7287464141845703,2.9771671295166016,133.0,389,6
fixation,117452.13499999046,0.3972519226372242,0.8523795157670975,2.6440086364746094,2.9433937072753906,67.0,390,6
fixation,117652.13800001144,0.40759352913924624,0.8577092843396323,2.6753670828683034,2.9119676862444197,117.0,391,6
fixation,117785.47300004959,0.4603835824463103,0.8747887346479628,2.719266891479492,2.8744913736979165,150.0,392,6
fixation,117952.14499998093,0.500888355076313,0.860112589597702,2.5743170844184027,2.845269775390625,167.0,393,6
fixation,118152.14600002766,0.554490476846695,0.8634872344823984,2.608731356534091,2.7960475041316104,217.0,394,6
fixation,118385.48800003529,0.5986364441258567,0.8660180866718292,2.642970493861607,2.788266863141741,116.0,395,6
fixation,118785.4889999628,0.5714380368590355,0.8614368364214897,2.591341291155134,2.7806129455566406,133.0,396,6
fixation,118935.49399995804,0.6027610190212727,0.8720700200647116,2.6564727783203126,2.7942075729370117,266.0,397,6
fixation,119218.83099997044,0.6287417411804199,0.868443706205913,2.682488577706473,2.797021048409598,117.0,398,6
fixation,119385.50100004673,0.4688377652479255,0.36054344863995264,2.6854851764181387,2.7555721117102583,383.0,399,6
fixation,119785.5110000372,0.42392048570844865,0.36111680997742546,2.5866275363498263,2.629881117078993,300.0,400,6
fixation,120118.84599995613,0.4515377596020699,0.29241574108600615,2.6243133544921875,2.6747283935546875,167.0,401,6
fixation,120302.18299996853,0.4085095620581082,0.2694289929100445,2.6958656311035156,2.762090410505022,467.0,402,6
fixation,120802.19200003147,0.3737690802230391,0.40966184333313344,2.718907910724019,2.7991073963254,717.0,403,6
fixation,121552.2009999752,0.5481454152613878,0.5249717868864536,2.812737464904785,2.8547677993774414,267.0,404,6
fixation,121852.20799994469,0.526601556274626,0.57870338526037,2.864686754014757,2.9595167371961804,300.0,405,6
fixation,122168.88199996948,0.5470427924936468,0.6461374976418235,2.8456351540305396,2.988838889382102,183.0,406,6
fixation,122368.88300001621,0.5542654879391193,0.6924959793686867,2.7637624740600586,2.897404670715332,267.0,407,6
fixation,122685.55900001526,0.44262097932790456,0.5942757161040055,2.7693850868626644,2.8387017501027962,316.0,408,6
fixation,123035.56099998951,0.428505825144904,0.3315927748169218,2.806341988699777,2.8021752493722096,233.0,409,6
fixation,123285.56599998474,0.4728828865289688,0.3018412905931473,2.67981689453125,2.6941656494140624,416.0,410,6
fixation,123802.24199998379,0.4797520511425458,0.7862052665306971,2.5344568888346353,2.7015920785757213,217.0,411,6
fixation,124068.91199994087,0.47814074277877805,0.3166309082508087,2.93916015625,2.9428594970703124,417.0,412,6
fixation,124518.92499995232,0.5094506957314231,0.45410475676709955,2.8863761208274146,2.9193683971058237,183.0,413,FIX_CROS
fixation,124785.59500002861,0.4872687053986085,0.2941016149826539,2.8391528007311697,2.8659339317908654,650.0,414,FIX_CROS
fixation,125485.61300003529,0.28053173422813416,0.373964923620224,2.813916015625,2.8050079345703125,83.0,415,6.1
fixation,125602.28299999237,0.21090942704015309,0.35966844360033673,2.8223334418402777,2.8130052354600696,150.0,416,6.1
fixation,125768.9509999752,0.19704691072305044,0.36642210309704143,2.8478418986002603,2.801671346028646,200.0,417,6.1
fixation,125985.62300002575,0.23378726426098081,0.3678724682993359,2.810574001736111,2.767823961046007,150.0,418,6.1
fixation,126152.29299998283,0.2689146331765435,0.3652100156654011,2.7601387717507104,2.7418684525923296,184.0,419,6.1
fixation,126352.2990000248,0.31043722331523893,0.36871460676193235,2.744950866699219,2.7329421997070313,167.0,420,6.1
fixation,126552.3029999733,0.35809968547387555,0.37227512354200537,2.754182295365767,2.6971921053799717,184.0,421,6.1
fixation,126752.30700004101,0.3998642753471028,0.3725361607291482,2.747965032404119,2.705811934037642,184.0,422,6.1
fixation,126952.31200003624,0.43978467177261005,0.36830697682770813,2.738949862393466,2.710966630415483,184.0,423,6.1
fixation,127168.98399996758,0.47887574562004637,0.3691082603874661,2.7160535539899553,2.703825451078869,350.0,424,6.1
fixation,127535.65999996662,0.524262977970971,0.36967964967091876,2.6877322726779513,2.654305352105035,150.0,425,6.1
fixation,127718.99699997902,0.5688876530953816,0.3606540933251381,2.6797354561941966,2.633070809500558,234.0,426,6.1
fixation,127969.00300002098,0.558948295811812,0.36368347456057865,2.687486012776693,2.661548614501953,200.0,427,6.1
fixation,128185.67700004578,0.5527610033750534,0.36603035032749176,2.6906305948893228,2.66156005859375,100.0,428,6.1
fixation,128302.3409999609,0.6134480958183607,0.3649863513807456,2.6834742228190103,2.681769053141276,200.0,429,6.1
fixation,128602.35099995136,0.6179482596261161,0.36461187047617777,2.6805616106305803,2.6909354073660716,116.0,430,6.1
fixation,128735.68599998951,0.6688183762810447,0.36457753723317926,2.721779563210227,2.7078136097301138,183.0,431,6.1
fixation,128935.69299995899,0.6560478433966637,0.36637626588344574,2.721769332885742,2.715452194213867,133.0,432,6.1
fixation,129102.36300003529,0.7227669556935629,0.36325073341528574,2.7044972737630206,2.706285603841146,250.0,433,6.1
fixation,129369.03499996662,0.745532921552658,0.36585122168064116,2.7083984375,2.74601318359375,417.0,434,6.1
fixation,129802.37399995327,0.7745168879628181,0.3676550475259622,2.7245203653971353,2.7703577677408853,200.0,435,6.1
fixation,130019.04400002956,0.8066027137366208,0.3631501157175411,2.711008245294744,2.7295670942826704,184.0,436,6.1
fixation,130219.04700005054,0.8294679284095764,0.3628756672143936,2.715374755859375,2.7364044189453125,84.0,437,6.1
fixation,130369.05200004578,0.2435492780059576,0.43819749914109707,2.712984085083008,2.7542171478271484,134.0,438,6.1
fixation,130535.72000002861,0.19117949028377948,0.4686534275179324,2.707619045091712,2.69386158818784,383.0,439,6.1
fixation,130935.72699999809,0.23579537597569553,0.4532246007160707,2.6258101029829546,2.5570012872869317,183.0,440,6.1
fixation,131152.39600002766,0.2801801006902348,0.4683262448419224,2.580230712890625,2.592837246981534,183.0,441,6.1
fixation,131352.4010000229,0.3350709430873394,0.4639045536518097,2.64652099609375,2.6067405700683595,333.0,442,6.1
fixation,131702.40699994564,0.3631754405796528,0.4618238564580679,2.670970916748047,2.663930892944336,133.0,443,6.1
fixation,131852.41199994087,0.3311211433675554,0.46955252024862504,2.674928453233507,2.653983222113715,150.0,444,6.1
fixation,132019.08099997044,0.3723907172679901,0.4713444362084071,2.6481441921657987,2.678102281358507,150.0,445,6.1
fixation,132202.41400003433,0.4270693723644529,0.4693165783371244,2.6875828334263394,2.687128339494978,233.0,446,6.1
fixation,132469.0870000124,0.4747879220680757,0.462927907705307,2.7113605846058237,2.6831845370205967,184.0,447,6.1
fixation,132685.75999999046,0.531363449494044,0.4678374707698822,2.728185017903646,2.7316935221354166,250.0,448,6.1
fixation,132969.0950000286,0.5803006724877791,0.4619249240918593,2.691336891867898,2.7122053666548296,184.0,449,6.1
fixation,133169.09700000286,0.6180301010608673,0.45923455655574796,2.6586700439453126,2.6830703735351564,167.0,450,6.1
fixation,133352.439999938,0.661915662613782,0.46325994621623645,2.6445770263671875,2.6452095725319604,183.0,451,6.1
fixation,133552.43799996376,0.7030648132165273,0.4606676588455836,2.6412953694661456,2.6348805745442707,250.0,452,6.1
fixation,133819.1130000353,0.7478862784125588,0.4611625942316922,2.6253218217329546,2.622000954367898,184.0,453,6.1
fixation,134019.11500000954,0.7932232916355133,0.45711167256037394,2.5999186197916666,2.605277506510417,250.0,454,6.1
fixation,134302.45299994946,0.8224863052368164,0.4524917840957642,2.6275039672851563,2.604414367675781,166.0,455,6.1
fixation,134535.78600001335,0.4928879759141377,0.5579309633799961,2.579857962472098,2.6289171491350447,117.0,456,6.1
fixation,134669.12399995327,0.45757715289409345,0.564075366808818,2.597204355093149,2.62649418757512,217.0,457,6.1
fixation,134919.12999999523,0.5113362539559603,0.5655749458819628,2.636521339416504,2.637289047241211,275.0,458,6.1
fixation,135402.47500002384,0.49582746760411694,0.5621584166180004,2.63043212890625,2.651529485529119,175.0,459,NOTRIAL
fixation,135635.80999994278,0.6376234896672077,0.24087129628811127,2.845921051807893,2.853102072691306,650.0,460,NOTRIAL
fixation,136302.49000000954,0.6145744572083155,0.3275841784973939,2.8921241760253906,2.930109659830729,200.0,461,NOTRIAL
fixation,136535.82700002193,0.580807676911354,0.45509557500481607,2.9415561676025392,2.990216827392578,667.0,462,NOTRIAL
fixation,137235.8409999609,0.6284636719660326,0.47034030136736954,2.891336614435369,2.932675448330966,367.0,463,NOTRIAL
fixation,137635.85000002384,0.5916454136371613,0.677904361486435,2.8712839762369793,2.97208251953125,250.0,464,NOTRIAL
fixation,137902.52100002766,0.6578883745453574,0.722334934906526,2.900034124200994,3.009957053444602,183.0,465,NOTRIAL
fixation,138135.85899996758,0.38892198836102204,0.7354990489342633,2.8673176484949447,3.0149123247931984,283.0,466,NOTRIAL
fixation,138435.86500000954,0.35076088044378495,0.7354320387045542,2.7858954535590277,2.912606133355035,150.0,467,NOTRIAL
fixation,138635.8669999838,0.6169591769576073,0.524508299306035,2.773214340209961,2.770071029663086,133.0,468,NOTRIAL
fixation,138802.53699994087,0.6462507380379571,0.4604923874139786,2.7411566840277777,2.7120191786024304,150.0,469,NOTRIAL
fixation,139002.53900003433,0.35378616777333344,0.7443498522043228,2.663480585271662,2.8125090165571733,366.0,470,NOTRIAL
fixation,139385.88100004196,0.3745325488202712,0.7353025464450612,2.669843785903033,2.7879701502182903,283.0,471,NOTRIAL
fixation,139685.88800001144,0.3555616614493457,0.7398291690783068,2.6260140158913354,2.7704842307350854,183.0,472,NOTRIAL
fixation,139919.2230000496,0.6371954989433288,0.44102529585361483,2.69138671875,2.6808660888671874,417.0,473,NOTRIAL
fixation,140535.90400004387,0.49279685132205486,0.8243491593748331,2.661395263671875,2.7714433670043945,267.0,474,NOTRIAL
fixation,140835.90600001812,0.5798239012559255,0.8149161487817764,2.7710444132486978,2.7432123819986978,100.0,475,NOTRIAL
fixation,141019.24800002575,0.6256665121763945,0.3260915018618107,2.781007766723633,2.7832117080688477,267.0,476,NOTRIAL
fixation,141302.58200001717,0.5106532424688339,0.4014714094144957,2.767816816057478,2.7676871163504466,233.0,477,FIX_CROS
fixation,141635.92299997807,0.38502377150831996,0.23160221548499288,2.7608667322107263,2.76742223791174,617.0,478,FIX_CROS
fixation,142302.60099995136,0.2736459046602249,0.35769398510456085,2.70765380859375,2.666693115234375,83.0,479,6.2
fixation,142419.2690000534,0.20177872131268185,0.3627841462691625,2.7237823486328123,2.707680257161458,250.0,480,6.2
fixation,142685.939999938,0.24671383649110795,0.366826543211937,2.727532958984375,2.6566864013671876,167.0,481,6.2
fixation,142869.2760000229,0.29651156600032536,0.3612429978592055,2.6981353759765625,2.6166229248046875,234.0,482,6.2
fixation,143119.28299999237,0.2633817568421364,0.36020972083012265,2.7130254109700522,2.6310577392578125,100.0,483,6.2
fixation,143252.6169999838,0.33286532014608383,0.37546952068805695,2.7323246002197266,2.7039337158203125,133.0,484,6.2
fixation,143419.2879999876,0.39530473326643306,0.37633608529965085,2.7291908264160156,2.7119115193684897,200.0,485,6.2
fixation,143652.62399995327,0.4531964264486147,0.37628977065501007,2.721621306046196,2.728939553965693,383.0,486,6.2
fixation,144052.63199996948,0.441735353320837,0.3779568951576948,2.7072086334228516,2.707304000854492,133.0,487,6.2
fixation,144202.63399994373,0.5162860775987307,0.36746476391951244,2.719438680013021,2.6667455037434897,500.0,488,6.2
fixation,144719.31200003624,0.5632348167044776,0.36175541473286493,2.7415564400809154,2.6882422310965404,234.0,489,6.2
fixation,144969.3140000105,0.6187507677823305,0.3599410029128194,2.7548866271972656,2.71921443939209,267.0,490,6.2
fixation,145252.6519999504,0.6606646227209192,0.3624388575553894,2.7184335809004936,2.711782355057566,316.0,491,6.2
fixation,145585.9919999838,0.6934288777410984,0.3595199938863516,2.690153121948242,2.6842880249023438,267.0,492,6.2
fixation,145869.3329999447,0.7189947590231895,0.3660201862454414,2.6629119873046876,2.656513977050781,334.0,493,6.2
fixation,146236.00600004196,0.7553664226281015,0.36700538820342016,2.656808150442023,2.63349753931949,317.0,494,6.2
fixation,146619.3450000286,0.7987621372396295,0.35223129798065533,2.677651145241477,2.6849476207386362,183.0,495,6.2
fixation,146819.35000002384,0.8197083324193954,0.3579928843038423,2.7576991489955356,2.8003267560686385,233.0,496,6.2
fixation,147102.68700003624,0.44197208540780203,0.4092588211808886,2.7946319580078125,2.8649466378348216,117.0,497,6.2
fixation,147269.35699999332,0.22186040878295898,0.46630128886964584,2.80979241265191,2.884892781575521,150.0,498,6.2
fixation,147436.02799999714,0.1995793018490076,0.4744966946542263,2.8126174926757814,2.8338356018066406,334.0,499,6.2
fixation,147802.7009999752,0.2584345205263658,0.46649285609071905,2.736948186700994,2.7508170387961646,183.0,500,6.2
fixation,148002.70399999619,0.23306187904543346,0.46698375874095494,2.7057613796657987,2.730804443359375,150.0,501,6.2
fixation,148169.37000000477,0.32951569098692673,0.46319047533548796,2.727580730731671,2.7136271550105167,433.0,502,6.2
fixation,148619.38199996948,0.44336122572422026,0.46368112206459045,2.78266845703125,2.7636328125,416.0,503,6.2
fixation,149052.7230000496,0.4497767798602581,0.4681180641055107,2.8078740437825522,2.816137949625651,200.0,504,6.2
fixation,149269.3940000534,0.49270693759123485,0.4627864350875219,2.776481119791667,2.779072062174479,250.0,505,6.2
fixation,149552.73399996758,0.5528173479768965,0.44739920232031083,2.72528076171875,2.697504679361979,150.0,506,6.2
fixation,149719.4049999714,0.5518524448076884,0.4570242042342822,2.7203776041666665,2.6681798299153647,100.0,507,6.2
fixation,149836.067999959,0.5373617443773482,0.451919361948967,2.6823187934027777,2.643890380859375,150.0,508,6.2
fixation,150002.73699998856,0.6055060991874108,0.45875852039227116,2.6852686955378604,2.6987821138822117,217.0,509,6.2
fixation,150252.7460000515,0.6530325285026005,0.452067243201392,2.701948983328683,2.665997096470424,233.0,510,6.2
fixation,150519.41499996185,0.6906610578298569,0.4605051353573799,2.6768035888671875,2.6913787841796877,166.0,511,6.2
fixation,150719.4240000248,0.6475974261760712,0.4571178913116455,2.6509246826171875,2.6397796630859376,83.0,512,6.2
fixation,150852.75699996948,0.7354018141825994,0.45472366362810135,2.6844813028971353,2.674210866292318,200.0,513,6.2
fixation,151069.42499995232,0.7890275329351425,0.4488053545355797,2.6943038940429687,2.6973175048828124,166.0,514,6.2
fixation,151252.76300001144,0.8138533698187934,0.45287010735935634,2.7250874837239585,2.736757066514757,150.0,515,6.2
fixation,151452.7649999857,0.470611862010426,0.5734514229827457,2.7520633273654513,2.7546505398220487,150.0,516,6.2
fixation,151619.43499994278,0.4293606107433637,0.5799382304151853,2.754461924235026,2.8164749145507812,200.0,517,6.2
fixation,151836.10500001907,0.4755543348464099,0.57099787755446,2.7775324041193183,2.7661701549183237,184.0,518,6.2
fixation,152036.1100000143,0.5311364322900772,0.5578965067863464,2.7450836181640623,2.7068450927734373,167.0,519,6.2
fixation,152219.44500005245,0.580174435377121,0.5595843005180359,2.784422607421875,2.779622802734375,416.0,520,6.2
fixation,152669.45399999619,0.6033126140634218,0.2362932413816452,2.8836669921875,2.856146494547526,200.0,521,NOTRIAL
fixation,152886.125,0.64049431681633,0.23547782003879547,2.857553818646599,2.839978386374081,284.0,522,NOTRIAL
fixation,153219.46500003338,0.6068295346839088,0.43551305681467056,2.8487745012555803,2.8319244384765625,233.0,523,NOTRIAL
fixation,153469.46800005436,0.5742469217096057,0.4637304097414017,2.9165333339146207,2.9180984497070312,233.0,524,NOTRIAL
fixation,153736.1399999857,0.6476018272695088,0.21553853828282582,2.9463718959263394,2.9265194847470237,350.0,525,NOTRIAL
fixation,154119.48000001907,0.6551950701645443,0.40466476338250296,2.905942644391741,2.8366219656808034,116.0,526,NOTRIAL
fixation,154252.81599998474,0.6546648671993842,0.48202088933724624,2.9011746920072117,2.8692603478064904,217.0,527,NOTRIAL
fixation,154486.14900004864,0.6306824882825216,0.4840979240834713,2.9273414611816406,2.9049720764160156,200.0,528,NOTRIAL
fixation,154719.4880000353,0.5753166880458593,0.4685308448970318,2.899542808532715,2.8920154571533203,266.0,529,NOTRIAL
fixation,155019.49500000477,0.3884359188377857,0.7228118181228638,2.887475331624349,2.8790067036946616,200.0,530,NOTRIAL
fixation,155236.15699994564,0.3597209250385111,0.7361473441123962,2.8634518710049717,2.8563287908380683,184.0,531,NOTRIAL
fixation,155436.16499996185,0.4229660390511803,0.7126511659311212,2.8182585343070654,2.758670309315557,384.0,532,NOTRIAL
fixation,155869.5039999485,0.5830516769335821,0.4413307939584439,2.763917189378005,2.7430396446814904,216.0,533,NOTRIAL
fixation,156102.84200000763,0.6109380722045898,0.49291550666093825,2.719190979003906,2.733234405517578,333.0,534,NOTRIAL
fixation,156469.51399993896,0.6243773961768431,0.272704104290289,2.795274622300092,2.783883487477022,283.0,535,NOTRIAL
fixation,156769.5190000534,0.636171138712338,0.39701202511787415,2.7345657348632812,2.707460675920759,233.0,536,NOTRIAL
fixation,157052.85699999332,0.3650634765625,0.4666109591722488,2.81754150390625,2.8109710693359373,83.0,537,NOTRIAL
fixation,157152.86099994183,0.36590259202889036,0.46850525800670895,2.865154811314174,2.857263837541853,241.0,538,NOTRIAL
fixation,157652.86899995804,0.36108577996492386,0.4443861905198831,2.839971689077524,2.787067706768329,433.0,539,NOTRIAL
fixation,158319.5529999733,0.36705236372194794,0.4709384190408807,2.774606805098684,2.7251265676398027,316.0,540,NOTRIAL
fixation,158836.22500002384,0.625113253792127,0.5324264715115229,2.634455362955729,2.6418380737304688,100.0,541,NOTRIAL
fixation,158952.90299999714,0.6563970726547819,0.4650791644146948,2.6857572613340435,2.694433963660038,550.0,542,NOTRIAL
fixation,159552.91600000858,0.5228844980398814,0.7144427274664243,2.7285308837890625,2.7432835896809897,200.0,543,NOTRIAL
fixation,159786.24300003052,0.45105442946607416,0.7313407388600436,2.768442327325994,2.7550090443004263,184.0,544,NOTRIAL
fixation,160019.5829999447,0.3615291572135428,0.46167800348737964,2.8103259542713994,2.761693539826766,383.0,545,NOTRIAL
fixation,160452.93099999428,0.6632476401956457,0.4371573274072848,2.754974365234375,2.7325511731599508,317.0,546,NOTRIAL
fixation,160819.59700000286,0.4951375172190044,0.7221115179683851,2.7514356530230977,2.744743015455163,383.0,547,NOTRIAL
fixation,161269.60399997234,0.6313466257170627,0.4705630117341092,2.7727034719366777,2.7816965203536186,316.0,548,NOTRIAL
fixation,161636.2760000229,0.47608641907572746,0.33682089671492577,2.7905349731445312,2.775803883870443,200.0,549,NOTRIAL
fixation,162086.28299999237,0.5147462437550226,0.44711707284053165,2.7592442830403647,2.705418904622396,192.0,550,16
fixation,162319.6330000162,0.5046762526035309,0.3342723927714608,2.7924693714488638,2.765565352006392,183.0,551,16
fixation,162519.6330000162,0.5662979727441614,0.33441098034381866,2.6159126975319604,2.5805553089488638,183.0,552,16
fixation,162719.6369999647,0.5022267482497476,0.38295528428121045,2.5648137872869317,2.5549885142933237,183.0,553,16
fixation,162936.30799996853,0.48286100327968595,0.38540309071540835,2.5841079711914063,2.566294860839844,167.0,554,16
fixation,163119.64499998093,0.521662209715162,0.38102456501552034,2.632789829799107,2.5865038190569196,583.0,555,16
fixation,163719.6549999714,0.5522911732013409,0.3707978152311765,2.6433868408203125,2.6047598031850963,216.0,556,16
fixation,163952.99000000954,0.5764260242382685,0.36844752232233685,2.6955464680989585,2.6725311279296875,200.0,557,16
fixation,164169.6629999876,0.5622565204446967,0.37947874583981256,2.7436953457919033,2.727908047762784,183.0,558,16
fixation,164369.66600000858,0.5918191559612751,0.3814298855140805,2.783702850341797,2.7530136108398438,267.0,559,16
fixation,164669.66999995708,0.48542119935154915,0.4066881611943245,2.789628346761068,2.7370173136393228,200.0,560,16
fixation,164886.3409999609,0.4676038824460086,0.4224156421773574,2.7436370849609375,2.7176675235523895,283.0,561,16
fixation,165186.34599995613,0.47859768718481066,0.4198273181915283,2.724775695800781,2.68787841796875,166.0,562,16
fixation,165369.682000041,0.5134756281971932,0.41023422554135325,2.7604095458984377,2.700750732421875,333.0,563,16
fixation,165719.6890000105,0.5395434583936419,0.40565306161131176,2.7428806849888394,2.7175423758370534,125.0,564,16
fixation,165969.69200003147,0.569840726753076,0.4069306378563245,2.738236745198568,2.719635009765625,200.0,565,16
fixation,166186.36199998856,0.5853457003831863,0.4072986568013827,2.7730534871419272,2.7738749186197915,100.0,566,16
fixation,166319.69799995422,0.4964180714808978,0.44130405898277575,2.7700265737680287,2.7067718505859375,217.0,567,16
fixation,166553.0340000391,0.5261081732236422,0.4389359102799342,2.691533015324519,2.6356658935546875,217.0,568,16
fixation,166786.36899995804,0.5468989879854264,0.4379819184541702,2.658565890404486,2.6436674056514615,516.0,569,16
fixation,167319.71299993992,0.5702618906895319,0.43327510232726735,2.6815567016601562,2.6539293924967446,200.0,570,16
fixation,167536.38399994373,0.5414703105177198,0.43541020154953003,2.670475551060268,2.626807076590402,116.0,571,16
fixation,167686.3869999647,0.5814390735966819,0.43016026275498526,2.6686837332589284,2.6118970598493303,116.0,572,16
fixation,167836.38800001144,0.5004147499799728,0.46914550264676413,2.6784342447916667,2.656907145182292,250.0,573,16
fixation,168119.7269999981,0.5469602431569781,0.45795338068689617,2.710566929408482,2.631535121372768,233.0,574,16
fixation,168369.72800004482,0.5774124432355165,0.45812741108238697,2.657522201538086,2.6175737380981445,267.0,575,16
fixation,168669.73699998856,0.5290149542001578,0.500131620810582,2.6414266733022838,2.5976891150841346,217.0,576,16
fixation,168903.07000005245,0.5540864884853363,0.4871137022972107,2.624505615234375,2.6241683959960938,167.0,577,16
fixation,169086.41100001335,0.5209497077898546,0.487531533295458,2.6356936368075283,2.584075927734375,183.0,578,16
fixation,169286.4129999876,0.5580917994181315,0.4855492197804981,2.60349358452691,2.563407050238715,150.0,579,16
fixation,169453.08000004292,0.5908793285489082,0.4887521577378114,2.6374829610188804,2.6385205586751304,200.0,580,16
fixation,169669.75100004673,0.5696796621825244,0.5268805437796825,2.7023657721442147,2.694987116633235,617.0,581,16
fixation,170303.0950000286,0.588056942820549,0.51796495616436,2.634423828125,2.6029129028320312,334.0,582,16
fixation,170686.43799996376,0.5100001454353332,0.3427470455567042,2.655462646484375,2.665718587239583,250.0,583,16
fixation,170953.10800004005,0.5630734695328606,0.338740747835901,2.65718756781684,2.6317647298177085,150.0,584,16
fixation,171169.7799999714,0.47222329413189607,0.5714157328886145,2.567566815544577,2.564962050494026,283.0,585,16
fixation,171486.4509999752,0.4131805032491684,0.8616898328065872,2.5452551590768913,2.5657081604003906,333.0,586,16
fixation,171836.46000003815,0.4724290553066466,0.849933534860611,2.6526641845703125,2.5136956108940973,150.0,587,16
fixation,172019.79400002956,0.5275141190398823,0.8666016649116169,2.6786734841086646,2.57684326171875,183.0,588,16
fixation,172219.79799997807,0.582082157333692,0.8660422340035439,2.6966565450032554,2.630570729573568,200.0,589,16
fixation,172436.46700000763,0.6076896091302236,0.8716348707675934,2.6774012247721353,2.6540018717447915,100.0,590,16
fixation,172553.1360000372,0.534177070314234,0.8697284812277014,2.7056732177734375,2.6239790482954546,184.0,591,16
fixation,172769.80799996853,0.5794673453677784,0.8679573400454088,2.7695798006924717,2.702851728959517,183.0,592,16
fixation,172969.80900001526,0.4934063255786896,0.8655713711466108,2.81884765625,2.7571018763950894,117.0,593,16
fixation,173136.47899997234,0.44570658914744854,0.8713019341230392,2.8330650329589844,2.856395721435547,133.0,594,16
fixation,173286.48399996758,0.4254703551530838,0.8639681379000346,2.823382568359375,2.793751017252604,250.0,595,16
fixation,173553.15400004387,0.4072094261646271,0.8589355424046516,2.7975006103515625,2.7624244689941406,134.0,596,16
fixation,173703.1549999714,0.4467124574714237,0.8634721835454305,2.782131618923611,2.7744327121310763,150.0,597,16
fixation,173869.82799994946,0.510735052327315,0.8552475447456042,2.8039677937825522,2.6293411254882812,200.0,598,16
fixation,174136.4960000515,0.5401484042406082,0.4172627814114094,2.8029754638671873,2.758776092529297,333.0,599,16
fixation,174503.17100000381,0.569357716374927,0.5598161088095771,2.737238566080729,2.7320404052734375,150.0,600,16
fixation,174669.8409999609,0.5745104749997457,0.5347836429164523,2.750645955403646,2.735602242606027,350.0,601,16
fixation,175036.5149999857,0.4739290896584006,0.5639107805841109,2.740726246553309,2.752611945657169,283.0,602,16
fixation,175369.8559999466,0.525161205480496,0.3526222550620635,2.7942587534586587,2.758922576904297,400.0,603,16
fixation,175803.20000004768,0.503548597296079,0.44068218519290286,2.7925389607747397,2.7875645955403647,100.0,604,FIX_CROS
fixation,176036.53900003433,0.4846492757399877,0.38967222223679227,2.8400065104166665,2.812189737955729,108.0,605,FIX_CROS
fixation,176319.87699997425,0.41324728665252525,0.33466122920314473,2.9171339670817056,2.8794422149658203,392.0,606,FIX_CROS
fixation,176753.21800005436,0.2606668240494198,0.4736108117633396,2.7679884168836804,2.693845960828993,150.0,607,16.1
fixation,176919.8869999647,0.23788458853960037,0.47371892418180195,2.701873779296875,2.663330078125,117.0,608,16.1
fixation,177053.2239999771,0.2871628478169441,0.4633651375770569,2.6716581072126115,2.6049652099609375,234.0,609,16.1
fixation,177319.89699995518,0.3718353857596715,0.4692818621794383,2.6910807291666665,2.6558405558268228,200.0,610,16.1
fixation,177536.56599998474,0.41427903554656287,0.4655904471874237,2.6919430819424717,2.6555591930042612,183.0,611,16.1
fixation,177736.57500004768,0.45795416086912155,0.46320902769054684,2.726190839494978,2.622190202985491,233.0,612,16.1
fixation,177986.57799994946,0.5056575561563174,0.4642612027625243,2.7140960693359375,2.6702969868977866,200.0,613,16.1
fixation,178203.24899995327,0.4928882469733556,0.4640868388944202,2.7101609971788196,2.6783888075086804,150.0,614,16.1
fixation,178369.92200005054,0.5553971330324808,0.4653951992591222,2.720711263020833,2.710912068684896,250.0,615,16.1
fixation,178636.59300005436,0.6007269442081451,0.4583401878674825,2.735296630859375,2.6863922119140624,250.0,616,16.1
fixation,178903.2649999857,0.6375610189778464,0.4604986065200397,2.725189208984375,2.7070399693080356,234.0,617,16.1
fixation,179169.9390000105,0.6814585487047832,0.46024126013120015,2.7229329427083333,2.7102427164713543,250.0,618,16.1
fixation,179436.6100000143,0.7454837533560666,0.45811627263372595,2.7498585094105112,2.7123371471058237,183.0,619,16.1
fixation,179636.61199998856,0.7108585599221682,0.46774297717370483,2.7521338211862663,2.7734784578022205,316.0,620,16.1
fixation,179969.95200002193,0.6912659704685211,0.460823155939579,2.7454261779785156,2.7795753479003906,67.0,621,16.1
fixation,180069.95200002193,0.7657219090244987,0.45347092097455804,2.773476340553977,2.776468450372869,183.0,622,16.1
fixation,180269.95700001717,0.7833022574583689,0.4536769936482112,2.7747319539388022,2.7638727823893228,100.0,623,16.1
fixation,180436.62699997425,0.31270901587876404,0.47413342649286444,2.820710615678267,2.7493549693714487,183.0,624,16.1
fixation,180636.63100004196,0.2582051008939743,0.4794031868378321,2.8070343017578123,2.751778157552083,250.0,625,16.1
fixation,180919.96899998188,0.30154511001374984,0.46779507729742265,2.696419609917535,2.604497273763021,150.0,626,16.1
fixation,181103.30499994755,0.339642733335495,0.47453908746441203,2.648749033610026,2.5621515909830728,200.0,627,16.1
fixation,181319.9769999981,0.3766657686547229,0.47027543265568583,2.6083695261101973,2.547128777754934,317.0,628,16.1
fixation,181686.64900004864,0.6051093101501465,0.2242251791059971,2.7399658203125,2.7076370239257814,166.0,629,NOTRIAL
fixation,181869.9850000143,0.6365604366435379,0.24693195680614377,2.7907959984951334,2.786684880491163,1017.0,630,NOTRIAL
fixation,182936.66900002956,0.5733368829602287,0.45319351092690513,2.7727443150111606,2.78245362781343,700.0,631,NOTRIAL
fixation,183786.6859999895,0.5766689266477313,0.4665431018386568,2.762202671595982,2.802520751953125,117.0,632,NOTRIAL
fixation,183920.0230000019,0.6492168796913964,0.46898830575602396,2.807988848005022,2.7914766584123885,234.0,633,NOTRIAL
fixation,184170.02900004387,0.6330232322216034,0.4717152863740921,2.7868245442708335,2.7954228719075522,100.0,634,NOTRIAL
fixation,184303.36199998856,0.5297549637881193,0.4703255309299989,2.778250954367898,2.799398248845881,183.0,635,NOTRIAL
fixation,184503.36500000954,0.5648475587368011,0.45706235120693844,2.7480367024739585,2.7518844604492188,100.0,636,NOTRIAL
fixation,184636.692999959,0.5106269717216492,0.4637588287393252,2.771778530544705,2.763644748263889,300.0,637,NOTRIAL
fixation,184970.0299999714,0.45870185146729153,0.7086793531974157,2.816258748372396,2.693129221598307,200.0,638,NOTRIAL
fixation,185203.3669999838,0.3598858772539625,0.7218510491006515,2.8420523849188113,2.809720506855086,850.0,639,NOTRIAL
fixation,186103.38199996948,0.5497074007987977,0.3725631763537725,2.8092722574869793,2.8472635904947916,500.0,640,NOTRIAL
fixation,186636.72800004482,0.5119338929653168,0.4274315099631037,2.775689261300223,2.7424610682896207,233.0,641,FIX_CROS
fixation,186920.06599998474,0.567066457710768,0.19804225842419423,2.8207983719675163,2.8213938662880347,634.0,642,FIX_CROS
fixation,187620.07500004768,0.3450189046561718,0.3993954733014107,2.7768287658691406,2.7233543395996094,67.0,643,16.2
fixation,187736.7419999838,0.2068856492638588,0.4122208704551061,2.7991678873697916,2.7488718668619794,250.0,644,16.2
fixation,188020.07899999619,0.2483297511935234,0.4197557287083732,2.73868645562066,2.7058308919270835,150.0,645,16.2
fixation,188186.74899995327,0.3460968643426895,0.4226463427146276,2.644910685221354,2.602496337890625,250.0,646,16.2
fixation,188470.08599996567,0.39270026485125226,0.42587336028615635,2.6326065063476562,2.5927581787109375,200.0,647,16.2
fixation,188686.75499999523,0.4413428588045968,0.42616092993153465,2.6521742078993054,2.6448516845703125,150.0,648,16.2
fixation,188886.7610000372,0.5787412077188492,0.413026612251997,2.6514053344726562,2.646038055419922,133.0,649,16.2
fixation,189103.4279999733,0.5435385167598724,0.4195057675242424,2.6809661865234373,2.685169982910156,166.0,650,16.2
fixation,189286.76399993896,0.602050069719553,0.41484609618782997,2.715057373046875,2.674600601196289,133.0,651,16.2
fixation,189453.43299996853,0.7213251315630399,0.4144090528671558,2.7212723952073317,2.722172663762019,216.0,652,16.2
fixation,189720.10300004482,0.7605347275733948,0.4132285684347153,2.7084747314453126,2.721746826171875,167.0,653,16.2
fixation,189903.44200003147,0.8037664771080018,0.41790574938058855,2.723558044433594,2.6866058349609374,166.0,654,16.2
fixation,190120.11099994183,0.7833210792806413,0.40790100395679474,2.676544189453125,2.6452263726128473,150.0,655,16.2
fixation,190286.78100001812,0.8087627217173576,0.4167577810585499,2.6937255859375,2.668426513671875,67.0,656,16.2
fixation,190436.7840000391,0.31154329515993595,0.5414080359041691,2.635061264038086,2.6552963256835938,133.0,657,16.2
fixation,190603.45500004292,0.2705922434727351,0.5338905076185863,2.681096394856771,2.6617696126302084,250.0,658,16.2
fixation,191086.79600000381,0.37703699842095373,0.5109430730342865,2.5920875549316404,2.502030944824219,333.0,659,16.2
fixation,191436.79999995232,0.414014449963967,0.513627789914608,2.6013399759928384,2.5441996256510415,200.0,660,16.2
fixation,191653.4739999771,0.392172987971987,0.5130702374236924,2.5492640904017856,2.485681806291853,233.0,661,16.2
fixation,191903.4769999981,0.4447812378406525,0.5141569375991821,2.562982177734375,2.5370864868164062,166.0,662,16.2
fixation,192086.80999994278,0.4320250630378723,0.5192249685525894,2.6186981201171875,2.5855224609375,167.0,663,16.2
fixation,192286.81700003147,0.47519809539828983,0.5252709197146552,2.6651578630719865,2.669246128627232,233.0,664,16.2
fixation,192553.4880000353,0.5348721345265707,0.5216578372887203,2.6882469540550593,2.6917928059895835,350.0,665,16.2
fixation,192920.16199994087,0.5157758543888727,0.5304190963506699,2.7033665974934897,2.7032674153645835,100.0,666,16.2
fixation,193053.49899995327,0.6241581027324383,0.5163338608466662,2.726335965670072,2.6781839224008412,216.0,667,16.2
fixation,193303.50300002098,0.6793437259537833,0.5214917936495372,2.7496397835867747,2.768054417201451,466.0,668,16.2
fixation,193803.5119999647,0.7204468741136438,0.5210447907447815,2.763814589556526,2.794124827665441,283.0,669,16.2
fixation,194103.5190000534,0.7374363373965025,0.5246427822858095,2.7562007904052734,2.7899999618530273,266.0,670,16.2
fixation,194420.1890000105,0.6485183387994766,0.4387878092626731,2.7069549560546875,2.732466379801432,200.0,671,NOTRIAL
fixation,194653.52400004864,0.5727473331822289,0.3373468154006534,2.784695095486111,2.8216010199652777,150.0,672,NOTRIAL
fixation,194836.8600000143,0.6499815043061972,0.2420680345967412,2.7829599380493164,2.8002214431762695,267.0,673,NOTRIAL
fixation,195120.1970000267,0.6334435995668173,0.24096520710736513,2.781343460083008,2.786121368408203,267.0,674,NOTRIAL
fixation,195420.20200002193,0.6242457131544749,0.40681849585639107,2.758332994249132,2.740059746636285,150.0,675,NOTRIAL
fixation,195586.87300002575,0.6444660611450672,0.4798726849257946,2.8183937072753906,2.81794802347819,400.0,676,NOTRIAL
fixation,196003.54499995708,0.5973313649495443,0.4674423386653264,2.8248053656684027,2.850041707356771,150.0,677,NOTRIAL
fixation,196170.21299993992,0.5808516070246696,0.46666643892725307,2.76484743754069,2.7822068532307944,400.0,678,NOTRIAL
fixation,196620.22099995613,0.383193307198011,0.7161211119248316,2.726098867563101,2.863642765925481,217.0,679,NOTRIAL
fixation,196853.557000041,0.36091045290231705,0.7341455668210983,2.674825331744026,2.807384067111545,300.0,680,NOTRIAL
fixation,197186.89600002766,0.3654714304467906,0.721343096183694,2.6563262939453125,2.760766734247622,383.0,681,NOTRIAL
fixation,197620.23699998856,0.3651386627129146,0.7138795001166207,2.6905430385044644,2.7906145368303568,117.0,682,NOTRIAL
fixation,197786.90400004387,0.6379214078187943,0.41583048924803734,2.806025187174479,2.8095830281575522,200.0,683,NOTRIAL
fixation,198003.57500004768,0.6285391622468045,0.2388162483510218,2.8009322317023027,2.8440230520148027,316.0,684,NOTRIAL
fixation,198353.58200001717,0.5436721841494242,0.1374189623941978,2.792394002278646,2.829204559326172,200.0,685,NOTRIAL
fixation,198603.58599996567,0.4123772382736206,0.23094923049211502,2.768034193250868,2.8213026258680554,150.0,686,NOTRIAL
fixation,198770.2539999485,0.3522900951405366,0.23022932124634585,2.810003916422526,2.8249295552571616,200.0,687,NOTRIAL
fixation,199003.5909999609,0.4690905883908272,0.21591876819729805,2.7914822896321616,2.791975657145182,200.0,688,NOTRIAL
fixation,199253.5950000286,0.6384158111535586,0.3955341944327721,2.7733248197115383,2.7931682880108175,216.0,689,NOTRIAL
fixation,199486.93400001526,0.6395411807663587,0.4519650549912939,2.908586463149713,2.926770580058195,817.0,690,NOTRIAL
fixation,200336.94500005245,0.5191365883630865,0.6748513667022481,2.796016917509191,2.7614162669462314,283.0,691,NOTRIAL
fixation,200670.28600001335,0.607586724890603,0.3260764628648758,2.8547481960720487,2.87087164984809,150.0,692,NOTRIAL
fixation,200853.62300002575,0.5122575680414836,0.4444333891073863,2.820098876953125,2.8056315104166667,250.0,693,NOTRIAL
fixation,201120.29400002956,0.5215982730899539,0.46005411233220783,2.8541881016322543,2.841130937848772,234.0,694,15
fixation,201370.29799997807,0.5010392080460276,0.37338919405426296,2.793914794921875,2.7436392647879466,234.0,695,15
fixation,201620.30499994755,0.5175376615741036,0.34992794827981427,2.659881591796875,2.63177490234375,184.0,696,15
fixation,201820.30400002003,0.49997887909412386,0.3795683026313782,2.5841720581054686,2.5759658813476562,167.0,697,15
fixation,202003.64100003242,0.45852348666924697,0.390366147343929,2.619537353515625,2.644415048452524,216.0,698,15
fixation,202253.64199995995,0.5551664504137906,0.38592255250974133,2.670602971857244,2.6528986150568183,183.0,699,15
fixation,202470.31599998474,0.4545839039178995,0.46419836580753326,2.6734724778395433,2.717889639047476,217.0,700,15
fixation,202720.31900000572,0.5389480363754999,0.4637052594196229,2.7729056222098216,2.789034888857887,350.0,701,15
fixation,203086.9919999838,0.5804499288400015,0.4618476827939351,2.7929916381835938,2.8365987141927085,100.0,702,15
fixation,203220.32799994946,0.42990536077155006,0.5226834631628461,2.7763137817382812,2.8684955173068576,301.0,703,15
fixation,203537.00100004673,0.4733406984143787,0.5224334001541138,2.873197767469618,2.942469278971354,150.0,704,15
fixation,203720.33799993992,0.5395124392075972,0.5106878497383811,2.8503986705433237,2.9154704700816763,183.0,705,15
fixation,203920.34000003338,0.5185761675238609,0.5140903182327747,2.8600330352783203,2.9095726013183594,141.0,706,15
fixation,204253.67999994755,0.5824057478457689,0.5107336277142167,2.890313148498535,2.9339828491210938,259.0,707,15
fixation,204587.02199995518,0.4726314157247543,0.6344689220190048,2.8753021240234373,2.891007995605469,167.0,708,15
fixation,204787.02400004864,0.5572934611277147,0.6262618953531439,2.79620361328125,2.828886552290483,184.0,709,15
fixation,205253.70599997044,0.41743095964193344,0.856097474694252,2.7552642822265625,2.846466064453125,67.0,710,15
fixation,205387.03600001335,0.4666330303464617,0.8456573443753379,2.8054412841796874,2.7484610421316966,117.0,711,15
fixation,205520.3710000515,0.5184048533439636,0.8645358562469483,2.840373229980469,2.8806427001953123,166.0,712,15
fixation,205720.375,0.5697295284933515,0.8658823635843065,2.9363335503472223,2.8845282660590277,300.0,713,15
fixation,206037.04799997807,0.5321823027398851,0.8675728605853187,2.8727789984809027,2.926695081922743,150.0,714,15
fixation,206203.71899998188,0.599732494354248,0.8657098770141601,2.9028244018554688,2.847021484375,167.0,715,15
fixation,206387.05599999428,0.5469977303787514,0.8708260235963045,2.8755035400390625,2.880385222258391,450.0,716,15
fixation,206853.73199999332,0.5808657073974609,0.8712014961242676,2.9264776611328127,2.9016448974609377,417.0,717,15
fixation,207287.07500004768,0.6197795569896698,0.8763137824005551,2.9306403266059027,2.8824395073784723,150.0,718,15
fixation,207587.07899999619,1.5691057497804815,0.25251317430626263,3.068513350053267,3.128970059481534,192.0,719,15
fixation,208020.4240000248,0.5556369870901108,0.41669951876004535,2.9266230265299478,2.9310709635416665,92.0,720,15
fixation,208137.0950000286,0.5110902637243271,0.3450882136821747,2.9606231689453124,2.924821472167969,334.0,721,15
fixation,208487.09700000286,0.45224588364362717,0.37481140221158665,2.8483784993489585,2.809820810953776,200.0,722,15
fixation,208703.7730000019,0.5539172313043049,0.3830675706267357,2.826666695731027,2.860661097935268,233.0,723,15
fixation,208970.44400000572,0.4640679396688938,0.4568700281282266,2.864013671875,2.8825607299804688,200.0,724,15
fixation,209203.78299999237,0.5311516064863938,0.461442306637764,2.956256573016827,3.004785391000601,217.0,725,15
fixation,209453.78699994087,0.43932942333428754,0.5124806062034939,2.9675166917883833,3.048505700152853,383.0,726,15
fixation,209870.4620000124,0.5277220904827118,0.5122893253962199,2.9016240437825522,2.9276822408040366,200.0,727,15
fixation,210103.80099999905,0.4338133744895458,0.5144099593162537,2.816300392150879,2.9131126403808594,267.0,728,15
fixation,210387.13499999046,0.47811106219887733,0.5146686434745789,2.8100013732910156,2.8402786254882812,134.0,729,15
fixation,210553.80599999428,0.5415833202692178,0.5128260140235608,2.8099599984975963,2.8057462252103367,217.0,730,15
fixation,210853.81200003624,0.5091683891686526,0.5210081718184731,2.7999766956676138,2.812164306640625,191.0,731,15
fixation,211220.48599994183,0.502381254519735,0.5159576918397631,2.8131811959402904,2.8146591186523438,225.0,732,15
fixation,211470.49099993706,0.5285052731633186,0.522421957924962,2.8554344177246094,2.9002246856689453,133.0,733,15
fixation,211637.1590000391,0.5735715925693512,0.5162592073281606,2.7977874755859373,2.8098103841145834,250.0,734,15
fixation,211920.49699997902,0.4619745910167694,0.637605756521225,2.7605521462180396,2.774078369140625,183.0,735,15
fixation,212137.16900002956,0.5386838806527001,0.6365691104105541,2.767118181501116,2.8013076782226562,234.0,736,15
fixation,212820.51399993896,0.5439096743410284,0.8468958220698617,2.748655531141493,2.728177157315341,183.0,737,15
fixation,213020.51699995995,0.5826348294230068,0.8633717999738806,2.803693883559283,2.776093426872702,283.0,738,15
fixation,213353.8559999466,0.5191086232662201,0.3245999729260802,2.8320627212524414,2.8299055099487305,267.0,739,15
fixation,213653.86199998856,0.45477962493896484,0.392908376455307,2.7875656127929687,2.8238739013671874,167.0,740,15
fixation,213853.86500000954,0.563012444972992,0.38939806520938874,2.7491363525390624,2.7391357421875,83.0,741,15
fixation,213970.5340000391,0.47362961823290045,0.47444036873904144,2.7402302135120737,2.785429521040483,183.0,742,15
fixation,214170.5379999876,0.5477402925491333,0.46631464958190916,2.8222702026367186,2.8555374145507812,166.0,743,15
fixation,214353.87199997902,0.44113659858703613,0.5171572836962613,2.8758586536754263,2.9776070334694604,183.0,744,15
fixation,214553.87699997425,0.42518612928688526,0.516142837703228,2.888294219970703,3.015077590942383,133.0,745,15
fixation,214720.54700005054,0.5070057541131974,0.5064660787582398,2.899186706542969,2.924699401855469,166.0,746,15
fixation,214920.54799997807,0.5838715970516205,0.5104465703169505,2.8424163818359376,2.892070515950521,250.0,747,15
fixation,215253.88800001144,0.5103070269028346,0.27443126489718755,2.9117502848307293,2.988367716471354,500.0,748,15
fixation,215770.55999994278,0.509960496177276,0.28623990155756474,2.9449984232584634,3.0094451904296875,800.0,749,FIX_CROS
fixation,216670.5759999752,0.5002538412809372,0.41486237073938054,2.9051691691080728,2.9639294942220054,200.0,750,15.2
fixation,216937.24399995804,0.2583050603667895,0.35789598276217777,2.9682515462239585,3.0115788777669272,100.0,751,15.2
fixation,217070.58000004292,0.20317675868670146,0.3247873852650324,2.8255340576171877,2.848902384440104,250.0,752,15.2
fixation,217370.58399999142,0.4140082535644372,0.3241642254094283,2.6623331705729165,2.6835810343424478,200.0,753,15.2
fixation,217587.2539999485,0.354425540024584,0.3249920362775976,2.656431718306108,2.652037187056108,184.0,754,15.2
fixation,217803.92200005054,0.4650932351748149,0.3256148360669613,2.721592585245768,2.714787165323893,400.0,755,15.2
fixation,218237.26399993896,0.5562895420524809,0.3153165802359581,2.7948404947916665,2.7595036824544272,300.0,756,15.2
fixation,218570.5989999771,0.6507271176034753,0.3172424069859765,2.8560638427734375,2.8735906427556817,183.0,757,15.2
fixation,218770.60300004482,0.6374827921390533,0.3150934957795673,2.837732950846354,2.888580322265625,150.0,758,15.2
fixation,218953.9390000105,0.6864273647467295,0.32252462084094685,2.8666165669759116,2.9192835489908853,200.0,759,15.2
fixation,219170.6059999466,0.7461007913717856,0.31733434819258177,2.827923114483173,2.8872158343975363,433.0,760,15.2
fixation,219653.94799995422,0.5611141423384348,0.32363291333119076,2.7617568969726562,2.795660654703776,200.0,761,15.2
fixation,219870.61899995804,0.5363729417324066,0.32075669765472414,2.738677978515625,2.7894683837890626,166.0,762,15.2
fixation,220053.95500004292,0.4766747536403792,0.33187069318124224,2.7353602818080356,2.815720694405692,233.0,763,15.2
fixation,220320.62600004673,0.5140308231115341,0.32462473809719083,2.7072784423828127,2.7518585205078123,166.0,764,15.2
fixation,220503.96299993992,0.5627130142280033,0.3192703809056963,2.729394095284598,2.722630092075893,117.0,765,15.2
fixation,220637.29700005054,0.6240307475839343,0.32586795730250223,2.7674636840820312,2.811181204659598,234.0,766,15.2
fixation,220887.3029999733,0.6519179807768928,0.3182090189721849,2.798148261176215,2.8438262939453125,150.0,767,15.2
fixation,221053.97200000286,0.701884600520134,0.31638820469379425,2.7749298095703123,2.82818603515625,167.0,768,15.2
fixation,221303.98000001907,0.7230401422296252,0.3317436682326453,2.750858851841518,2.81268310546875,117.0,769,15.2
fixation,221437.31299996376,0.6844083386309007,0.332682300139876,2.782391716452206,2.851959228515625,284.0,770,15.2
fixation,221737.317999959,0.7321638837456703,0.3194102942943573,2.7748641967773438,2.8382949829101562,75.0,771,15.2
fixation,222003.9889999628,0.8107284257809321,0.31482283646861714,2.775953928629557,2.8115056355794272,192.0,772,15.2
fixation,222287.32700002193,0.26151558943092823,0.41455589048564434,2.7562522888183594,2.815000534057617,134.0,773,15.2
fixation,222453.99699997902,0.18981433262427647,0.4209995210170746,2.666693115234375,2.7124593098958334,250.0,774,15.2
fixation,222720.66799998283,0.22975718768106568,0.4086834233668115,2.5505108303493924,2.547979566786024,300.0,775,15.2
fixation,223054.00600004196,0.2995583787560463,0.42057426273822784,2.5531747000558034,2.5412728445870534,234.0,776,15.2
fixation,223304.0110000372,0.3435099547108014,0.4180822819471359,2.5713526407877603,2.5273653666178384,200.0,777,15.2
fixation,223537.34599995613,0.3960536853833632,0.4198475033044815,2.579953280362216,2.547171852805398,183.0,778,15.2
fixation,223737.35300004482,0.4495868384838104,0.426273912191391,2.5897140502929688,2.5866241455078125,166.0,779,15.2
fixation,223937.3559999466,0.5045862358350021,0.4166560792005979,2.5965482271634617,2.538427499624399,216.0,780,15.2
fixation,224170.69400000572,0.5536560151312087,0.40989969505204094,2.58866204155816,2.5476260715060763,150.0,781,15.2
fixation,224337.36199998856,0.5348322714368502,0.41218919555346173,2.597747802734375,2.550470987955729,200.0,782,15.2
fixation,224554.03299999237,0.5759987503290176,0.4102701961994171,2.6443023681640625,2.6410568237304686,167.0,783,15.2
fixation,224737.36899995804,0.6188100809636323,0.4214098110147145,2.7034898840862773,2.700497834578804,383.0,784,15.2
fixation,225154.04400002956,0.6805616984000573,0.4220056407726728,2.6987163837139425,2.7142791748046875,217.0,785,15.2
fixation,225404.04499995708,0.7410869215215955,0.4113844462803432,2.685732160295759,2.6878444126674106,234.0,786,15.2
fixation,225670.71899998188,0.8052562707000308,0.4111110617717107,2.6963670518663196,2.6846110026041665,150.0,787,15.2
fixation,225837.38800001144,0.8369651854038238,0.40298849642276763,2.67713623046875,2.6690673828125,83.0,788,15.2
fixation,226004.05999994278,0.23743908426591329,0.4845616264002664,2.6493661063058034,2.6969713483537947,117.0,789,15.2
fixation,226154.0609999895,0.20011486345902085,0.5145273935049772,2.6090784072875977,2.689760208129883,267.0,790,15.2
fixation,226437.39999997616,0.2461347682401538,0.5051742894575,2.561469078063965,2.615571975708008,266.0,791,15.2
fixation,226737.40699994564,0.2970457204750606,0.5075465206589017,2.545099530901228,2.5717620849609375,233.0,792,15.2
fixation,226987.40999996662,0.33429428935050964,0.5081812643579074,2.5951385498046875,2.595099312918527,233.0,793,15.2
fixation,227237.41499996185,0.36858632746669984,0.515874821278784,2.66754150390625,2.667817857530382,300.0,794,15.2
fixation,227554.0870000124,0.40839898721738294,0.5096765661781485,2.6494806463068183,2.7040654962713067,184.0,795,15.2
fixation,227754.09200000763,0.4672972307755397,0.5137882267053311,2.6200948861929088,2.691601092998798,217.0,796,15.2
fixation,227987.42900002003,0.5066134916110472,0.5077208537947048,2.6169003573330967,2.674989180131392,183.0,797,15.2
fixation,228187.432000041,0.49599436223506926,0.5144200831651687,2.62255859375,2.660111999511719,166.0,798,15.2
fixation,228387.43400001526,0.5312758158234989,0.5116920173168182,2.5976409912109375,2.591593125287224,283.0,799,15.2
fixation,228704.10899996758,0.5837923222117953,0.5115145097176234,2.604215833875868,2.5529649522569446,150.0,800,15.2
fixation,228887.4470000267,0.6147751192251841,0.5089656720558803,2.5984954833984375,2.542072550455729,250.0,801,15.2
fixation,229254.1169999838,0.6696992489424619,0.505681419914419,2.570900656960227,2.5398087935014204,184.0,802,15.2
fixation,229454.1210000515,0.6574610769748688,0.5090895468990008,2.6223602294921875,2.5807952880859375,100.0,803,15.2
fixation,229587.45500004292,0.7086368586335864,0.5025113757167544,2.598626273018973,2.544891357421875,116.0,804,15.2
fixation,229720.7919999361,0.7080708175897599,0.5135615065693855,2.575970458984375,2.533660888671875,167.0,805,15.2
fixation,229904.13100004196,0.7646479699760675,0.5127184633165598,2.5927228927612305,2.5548973083496094,267.0,806,15.2
fixation,230204.13499999046,0.8122665137052536,0.5020507872104645,2.600788879394531,2.570892333984375,167.0,807,15.2
fixation,230437.47599995136,0.44111524522304535,0.6130072838730283,2.5321773952907987,2.658262464735243,150.0,808,15.2
fixation,230604.14199995995,0.39641809921998244,0.6243874820379111,2.60287358210637,2.64309575007512,217.0,809,15.2
fixation,230854.1480000019,0.4279457122087479,0.6200767368078232,2.554029846191406,2.6654678344726563,167.0,810,15.2
fixation,231037.48300004005,0.48288549753752624,0.6219924281943928,2.570473410866477,2.6467174183238638,183.0,811,15.2
fixation,231237.4889999628,0.5508042871952057,0.6144439876079559,2.58929443359375,2.6083106994628906,66.0,812,15.2
fixation,231320.8220000267,0.5525895357131958,0.6060185968875885,2.606062316894531,2.5873031616210938,167.0,813,15.2
fixation,231520.8259999752,0.5998673498630523,0.6065624594688416,2.62763671875,2.6423492431640625,167.0,814,15.2
fixation,231737.49699997902,0.5177749494711558,0.6239958504835764,2.600476582845052,2.6989008585611978,100.0,815,15.2
fixation,231854.1669999361,0.47940623660882314,0.6263477285703023,2.6173909505208335,2.705003865559896,250.0,816,15.2
fixation,232137.50499999523,0.5367547035217285,0.6177251487970352,2.6486465454101564,2.6835372924804686,166.0,817,15.2
fixation,232404.17499995232,0.5825832433560315,0.6095191047472113,2.681456621955423,2.690015905043658,284.0,818,15.2
fixation,232737.5119999647,0.6195227854392108,0.23324235616361394,2.7996503044577206,2.8133464140050553,283.0,819,NOTRIAL
fixation,233054.1859999895,0.5799035459756852,0.24004230946302413,2.775990295410156,2.750390625,167.0,820,NOTRIAL
fixation,233237.52199995518,0.6418347082756184,0.23089701351192263,2.784425523546007,2.8017792878327548,450.0,821,NOTRIAL
fixation,233704.1970000267,0.6059683515475347,0.23844827195772758,2.825352595402644,2.8360877403846154,217.0,822,NOTRIAL
fixation,233937.5340000391,0.6408087063220239,0.2316846785045439,2.811314736643145,2.8269185712260585,516.0,823,NOTRIAL
fixation,234520.87600004673,0.5765711963176727,0.2427268799613504,2.8107474831973804,2.8479546939625457,567.0,824,NOTRIAL
fixation,235120.8860000372,0.5942293677640997,0.4215068402497665,2.7480972953464673,2.748493360436481,383.0,825,NOTRIAL
fixation,235537.55799996853,0.5897476209534539,0.25223995248476666,2.86606682671441,2.8811577690972223,150.0,826,NOTRIAL
fixation,235720.8940000534,0.6420976312264152,0.23257425686587457,2.823886373768682,2.833713033924932,383.0,827,NOTRIAL
fixation,236137.56900000572,0.5795807620653739,0.4565944814911255,2.7371456439678488,2.756078866811899,433.0,828,NOTRIAL
fixation,236670.90699994564,0.6253366706700161,0.4824985753873299,2.7846058812634698,2.817058694773707,483.0,829,NOTRIAL
fixation,237204.24699997902,0.4158159166574478,0.7018275499343872,2.634613037109375,2.8078857421875,84.0,830,NOTRIAL
fixation,237370.9169999361,0.3701320290565491,0.7250028043985367,2.6326560974121094,2.7891265869140627,167.0,831,NOTRIAL
fixation,237754.25600004196,0.3722320843127466,0.7167576022686497,2.576360430036272,2.745728031281502,517.0,832,NOTRIAL
fixation,238370.92999994755,0.5307269295056661,0.7493320835961236,2.5792388916015625,2.601265801323785,150.0,833,NOTRIAL
fixation,238604.26699995995,0.5873426223794619,0.29696623235940933,2.7359231313069663,2.745449701944987,400.0,834,FIX_CROS
fixation,239054.2690000534,0.4599885128438473,0.25979347731918095,2.7478668212890627,2.779775619506836,667.0,835,FIX_CROS
fixation,239770.95000004768,0.34663313440978527,0.483579657971859,2.707162857055664,2.7838077545166016,133.0,836,15.1
fixation,239920.95200002193,0.30281565338373184,0.46607614184419316,2.709527333577474,2.820648193359375,200.0,837,15.1
fixation,240137.62300002575,0.35230695456266403,0.4600159227848053,2.7211074829101562,2.7817916870117188,133.0,838,15.1
fixation,240304.2919999361,0.449784018099308,0.46543186778823536,2.697154998779297,2.7338269551595054,200.0,839,15.1
fixation,240520.9620000124,0.5082241269675168,0.45768582685427234,2.683402321555398,2.7227908047762783,183.0,840,15.1
fixation,240737.63100004196,0.5569950997829437,0.4656622499227524,2.740167236328125,2.755265808105469,166.0,841,15.1
fixation,240937.6360000372,0.6139454477363162,0.4627338962422477,2.7937520345052085,2.8177337646484375,150.0,842,15.1
fixation,241120.97200000286,0.48103372305631636,0.4699023425579071,2.7500457763671875,2.8378005981445313,167.0,843,15.1
fixation,241320.97599995136,0.597262750972401,0.4578786248510534,2.774136629971591,2.7833210338245737,183.0,844,15.1
fixation,241537.64600002766,0.6356327885931189,0.4632991443980824,2.793282248757102,2.781802090731534,183.0,845,15.1
fixation,241737.64999997616,0.676011490325133,0.4608975524703662,2.751972198486328,2.7927525838216147,200.0,846,15.1
fixation,241970.99000000954,0.6483774304389953,0.4629374921321869,2.7383964538574217,2.7617431640625,333.0,847,15.1
fixation,242337.65999996662,0.588139648620899,0.4580854933995467,2.7085043100210338,2.7221750112680287,216.0,848,15.1
fixation,242570.9960000515,0.6366719777385393,0.462235430876414,2.784478505452474,2.8024075826009116,200.0,849,15.1
fixation,242787.66799998283,0.6796063142163413,0.46898799602474484,2.849581037248884,2.886498587472098,233.0,850,15.1
fixation,243037.67200005054,0.697788288195928,0.4667683028512531,2.857881334092882,2.87845696343316,150.0,851,15.1
fixation,243221.0080000162,0.5326847800841699,0.4618454587001067,2.767444317157452,2.8237445537860575,217.0,852,15.1
fixation,243471.01399993896,0.5859218537807465,0.4563274638993399,2.786779131208147,2.7906417846679688,234.0,853,15.1
fixation,243721.01699995995,0.6126445143119149,0.4567550906668539,2.7940826416015625,2.7823910920516304,384.0,854,15.1
fixation,244137.69099998474,0.4875997804826306,0.4629190842951498,2.7969552316973285,2.877720494424143,517.0,855,15.1
fixation,244687.69900000095,0.5418704688549042,0.46144587397575376,2.7629158020019533,2.7522872924804687,333.0,856,15.1
fixation,245037.70500004292,0.5247172060466948,0.4596021210863477,2.740873064313616,2.7373795282273066,350.0,857,15.1
fixation,245421.04999995232,0.349200759942715,0.4629070099729758,2.693605276254507,2.7413165752704325,434.0,858,15.1
fixation,245887.73000001907,0.5302376210689544,0.20282951667904853,2.7930984497070312,2.777301025390625,167.0,859,NOTRIAL
fixation,246087.7309999466,0.6392788522773318,0.22835573967960146,2.762454562717014,2.7927652994791665,150.0,860,NOTRIAL
fixation,246254.39999997616,0.5950693339109421,0.23421263073881468,2.832281748453776,2.8423245747884116,200.0,861,NOTRIAL
fixation,246471.07000005245,0.635057411591212,0.23067445506652196,2.917901611328125,2.930181884765625,250.0,862,NOTRIAL
fixation,246737.74500000477,0.5844210755016844,0.24240907710992685,2.8891311904131354,2.8871894448490467,983.0,863,NOTRIAL
fixation,247771.1019999981,0.5596800416707992,0.45237540900707246,2.870259094238281,2.9194671630859377,167.0,864,NOTRIAL
fixation,247954.4390000105,0.586386501789093,0.4588740661740303,2.8993270874023436,2.922474670410156,166.0,865,NOTRIAL
fixation,248171.11199998856,0.3762107163667679,0.5207350850105286,2.8311248779296876,2.9751983642578126,84.0,866,NOTRIAL
fixation,248354.45000004768,0.36990084995826084,0.6942655021945635,2.822750515407986,2.926762898763021,200.0,867,NOTRIAL
fixation,248671.12800002098,0.36732543792043415,0.7063620090484619,2.852727254231771,2.9602813720703125,117.0,868,NOTRIAL
fixation,248887.79600000381,0.355368934571743,0.7115818858146667,,2.9177780151367188,67.0,869,NOTRIAL
fixation,249171.13499999046,0.5408143848180771,0.7331200614571571,2.7350807189941406,2.6719741821289062,67.0,870,NOTRIAL
fixation,249354.4730000496,0.5754092841437368,0.2732261956641168,2.988216515743371,2.984846172910748,550.0,871,NOTRIAL
fixation,249954.48599994183,0.35693767418464023,0.4212615691746275,2.814311663309733,2.8801358540852866,800.0,872,NOTRIAL
fixation,250787.8329999447,0.5071942572082792,0.5776035019329616,2.77734375,2.863224574497768,117.0,873,NOTRIAL
fixation,250971.16999995708,0.5597470651070277,0.22796527420481047,2.8570772806803384,2.8867162068684897,200.0,874,NOTRIAL
fixation,251204.50699996948,0.49987783862484825,0.4207524442010456,2.807920667860243,2.875418768988715,150.0,875,NOTRIAL
fixation,251371.1740000248,0.5179208755493164,0.44439714550971987,2.818608601888021,2.8756998697916667,250.0,876,28
fixation,251637.85000002384,0.44356918036937715,0.3572493687272072,2.832383728027344,2.900682067871094,167.0,877,28
fixation,251837.8519999981,0.508650595943133,0.3494955599308014,2.7940487331814237,2.8104756673177085,150.0,878,28
fixation,252071.189999938,0.4879475807150205,0.358431172867616,2.7312291463216147,2.7495803833007812,100.0,879,28
fixation,252187.85800004005,0.5586550448622022,0.3454811977488654,2.744147164481027,2.7143336704799106,241.0,880,28
fixation,252671.19900000095,0.403702845176061,0.3944573178887367,2.764837900797526,2.7826410929361978,200.0,881,28
fixation,252887.86899995804,0.47413822602141986,0.40370842001654883,2.768034501509233,2.806374289772727,183.0,882,28
fixation,253104.5419999361,0.5112850112574441,0.40189861399786814,2.7047206333705356,2.7520751953125,116.0,883,28
fixation,253237.87600004673,0.5825586467981339,0.39468617737293243,2.696910095214844,2.681254577636719,167.0,884,28
fixation,253437.8789999485,0.4145421124994755,0.44404181838035583,2.6547826131184897,2.6947669982910156,200.0,885,28
fixation,253654.54999995232,0.4474441011746724,0.4577649012207985,2.624237060546875,2.6887791951497397,100.0,886,28
fixation,253821.2200000286,0.5063206907361746,0.4552924633026123,2.614248275756836,2.6826171875,134.0,887,28
fixation,253971.2230000496,0.5705325702826182,0.4462367482483387,2.6315841674804688,2.668076833089193,200.0,888,28
fixation,254187.89300000668,0.5973271802067757,0.4474911727011204,2.6518516540527344,2.6652450561523438,67.0,889,28
fixation,254287.89499998093,0.44220013645562256,0.5085107819600538,2.5746723521839487,2.6996307373046875,183.0,890,28
fixation,254504.56599998474,0.52609723508358,0.5050909876823425,2.628953552246094,2.698048400878906,166.0,891,28
fixation,254704.57000005245,0.5646418953935305,0.5024734313289324,2.6787401835123696,2.7168731689453125,200.0,892,28
fixation,254921.2380000353,0.5888926684856415,0.5035191588103771,2.6918792724609375,2.68804931640625,67.0,893,28
fixation,255021.24000000954,0.48669779002666474,0.58111825188001,2.6815460205078123,2.7798777262369794,250.0,894,28
fixation,255287.90999996662,0.5369704408305032,0.5738258787563869,2.7067042759486606,2.803010486421131,350.0,895,28
fixation,255754.58500003815,0.45993841290473936,0.6999471783638,2.56878662109375,2.6753997802734375,83.0,896,28
fixation,255954.58899998665,0.5356038123369217,0.7119594901800156,2.613323974609375,2.754791259765625,166.0,897,28
fixation,256171.25999999046,0.5162077844142914,0.7090387493371964,2.581235613141741,2.751737594604492,134.0,898,28
fixation,256371.26399993896,0.5053936913609505,0.7088881850242614,2.566925048828125,2.7166748046875,167.0,899,28
fixation,256554.60000002384,0.5418397128582001,0.7033675223588943,2.578271484375,2.693003845214844,166.0,900,28
fixation,256737.93499994278,0.565365596459462,0.6997682245878073,2.5561934251051683,2.707886915940505,217.0,901,28
fixation,257004.60800004005,0.42910419702529906,0.8693264126777649,,2.6928955078125,83.0,902,28
fixation,257254.6100000143,0.5633492271105448,0.8211373090744019,2.569366455078125,2.5910237630208335,100.0,903,28
fixation,257371.27900004387,0.5671544671058655,0.8241273105144501,2.509613037109375,2.522625732421875,84.0,904,28
fixation,257554.6169999838,0.46246383019856047,0.8253739561353411,,2.5324598039899553,116.0,905,28
fixation,257687.95299994946,0.43942947685718536,0.8332627192139626,,2.612344741821289,133.0,906,28
fixation,258437.96399998665,0.48804028980110004,0.31953186768552533,2.843311475670856,2.932633109714674,375.0,907,28
fixation,258837.97099995613,0.5174843498638698,0.4492007132087435,2.7379673549107144,2.830718994140625,125.0,908,FIX_CROS
fixation,259104.64199995995,0.48867238141023195,0.4326221060294371,2.680750920222356,2.7589862530048075,216.0,909,FIX_CROS
fixation,259487.98199999332,0.4877191965396588,0.39758021900287044,2.768871600811298,2.8029749943659854,209.0,910,28.2
fixation,259737.98699998856,0.29851891845464706,0.45534610748291016,2.7724838256835938,2.8205928802490234,133.0,911,28.2
fixation,259887.99000000954,0.22403975886603197,0.46505490814646083,2.7724825541178384,2.790593465169271,200.0,912,28.2
fixation,260187.99500000477,0.4005471542477608,0.4651674583554268,2.6425521850585936,2.66761474609375,167.0,913,28.2
fixation,260371.33099997044,0.3616754561662674,0.45696260035037994,2.5907007853190103,2.606781005859375,108.0,914,28.2
fixation,260588.0,0.3959333066429411,0.47523993040834156,2.6398816789899553,2.631136213030134,125.0,915,28.2
fixation,260871.3409999609,0.4202614542510774,0.4632866117689345,2.7049153645833335,2.688754611545139,142.0,916,28.2
fixation,261054.67599999905,0.45636578400929767,0.45904996825589073,2.729305691189236,2.76123046875,150.0,917,28.2
fixation,261221.34599995613,0.5227965891361237,0.46217916210492455,2.676910400390625,2.68367919921875,250.0,918,28.2
fixation,261488.0190000534,0.47752055525779724,0.45949355363845823,2.6054443359375,2.6251510620117187,167.0,919,28.2
fixation,261688.02199995518,0.45554121024906635,0.4672576542943716,2.604581832885742,2.636198043823242,134.0,920,28.2
fixation,261838.02499997616,0.5037282854318619,0.4637225291558674,2.6104300362723216,2.661858694893973,117.0,921,28.2
fixation,261988.02400004864,0.6163705199956894,0.4696642592549324,2.665185546875,2.650987243652344,167.0,922,28.2
fixation,262171.3639999628,0.6008346676826477,0.47271895302193506,2.689723423549107,2.732457842145647,233.0,923,28.2
fixation,262421.3680000305,0.5873914390802384,0.47030807435512545,2.720509338378906,2.72880859375,166.0,924,28.2
fixation,262604.70200002193,0.6289463753883655,0.46475683038051313,2.721471933218149,2.7136629544771633,217.0,925,28.2
fixation,262854.7079999447,0.671833123266697,0.4657357893884182,2.750141906738281,2.741033172607422,333.0,926,28.2
fixation,263221.3819999695,0.7048525051637129,0.46666474504904315,2.7474559437144888,2.7434331720525567,183.0,927,28.2
fixation,263438.0520000458,0.7800846890262936,0.46110566413920856,2.7690860914147417,2.753917528235394,384.0,928,28.2
fixation,263838.0599999428,0.8061352945291079,0.4551682426379277,2.7389373779296875,2.7586834247295675,217.0,929,28.2
fixation,264071.3949999809,0.7782804487007005,0.4619367527110236,2.786438533238002,2.804272787911551,466.0,930,28.2
fixation,264588.07099998,0.553136979158108,0.2920743605265251,2.834070058969351,2.8973658635066104,217.0,931,NOTRIAL
fixation,264838.0750000477,0.6419718758418009,0.23021845605510932,2.8272464458759012,2.8332895132211537,434.0,932,NOTRIAL
fixation,265288.0829999447,0.6081444670756658,0.24474160435299078,2.8617121378580728,2.8980585734049478,200.0,933,NOTRIAL
fixation,265588.08899998665,0.5807302892208099,0.4843198028770653,2.880211082664696,2.9696877969277873,617.0,934,NOTRIAL
fixation,266321.43400001526,0.3886051818728447,0.7166576087474823,2.6361541748046875,2.8935897827148436,166.0,935,NOTRIAL
fixation,266504.7680000067,0.36452085338532925,0.7084383070468903,2.673525129045759,2.90435791015625,133.0,936,NOTRIAL
fixation,266688.1050000191,0.5704477107202685,0.45663757622241974,2.781666523701436,2.8098812618771114,617.0,937,NOTRIAL
fixation,267354.78299999237,0.3703704848885536,0.7169364616274834,2.6553497314453125,2.8377227783203125,67.0,938,NOTRIAL
fixation,267488.1180000305,0.371953900371279,0.7077266829354423,2.5820693969726562,2.8084259033203125,117.0,939,NOTRIAL
fixation,267721.45599997044,0.36424660980701445,0.6966800928115845,2.5376383463541665,2.8315704345703123,83.0,940,NOTRIAL
fixation,267821.4579999447,0.3557618686131069,0.7360128164291382,2.614227294921875,2.818721226283482,116.0,941,NOTRIAL
fixation,268054.7960000038,0.5003971010446548,0.43267926573753357,2.7635955810546875,2.8224207560221353,200.0,942,NOTRIAL
fixation,268271.4650000334,0.5070135724179599,0.4570188473682014,2.7663720578563455,2.836259180185746,816.0,943,NOTRIAL
fixation,269638.1549999714,0.5196550478858333,0.3961426418635153,2.799070788967994,2.862122074250252,517.0,944,FIX_CROS
fixation,270204.83200001717,0.5427432871527142,0.27997736839784515,2.811803181966146,2.834236568874783,600.0,945,FIX_CROS
fixation,270854.84200000763,0.33552664518356323,0.32471859951814014,2.8485616048177085,2.8951034545898438,100.0,946,28.1
fixation,270988.1779999733,0.20250161737203598,0.32311498125394184,2.7603780110677083,2.797032674153646,250.0,947,28.1
fixation,271254.8489999771,0.2590397869547208,0.32409661014874774,2.684612274169922,2.7023849487304688,208.0,948,28.1
fixation,271638.189999938,0.21531439293175936,0.32766065932810307,2.6672306060791016,2.665273666381836,134.0,949,28.1
fixation,271788.19099998474,0.19739835038781167,0.3242588922381401,2.683848571777344,2.6863433837890627,167.0,950,28.1
fixation,271988.1970000267,0.24576276590426763,0.3266031414270401,2.722704060872396,2.7186482747395835,250.0,951,28.1
fixation,272254.8669999838,0.2584800372521083,0.32287031412124634,2.7079705132378473,2.71091545952691,150.0,952,28.1
fixation,272421.5369999409,0.24022825434803963,0.3284804418683052,2.6894485473632814,2.680561828613281,166.0,953,28.1
fixation,272604.8710000515,0.2776240607102712,0.32277411470810574,2.6458714803059897,2.6478284200032554,200.0,954,28.1
fixation,272838.21099996567,0.3218995988368988,0.31877132654190066,2.676646423339844,2.652998352050781,167.0,955,28.1
fixation,273021.54700005054,0.36732217127626593,0.3276836628263647,2.655335859818892,2.675790960138494,183.0,956,28.1
fixation,273238.2159999609,0.4118751165541736,0.33477499132806604,2.689493352716619,2.6775637539950283,184.0,957,28.1
fixation,273438.22200000286,0.4604112563224939,0.3295729492719357,2.618836622971755,2.6638042743389425,217.0,958,28.1
fixation,273671.5599999428,0.48405297845602036,0.32664113864302635,2.573436737060547,2.641571044921875,133.0,959,28.1
fixation,273821.5609999895,0.554409368832906,0.3252626657485962,2.5866963704427084,2.6172719319661457,250.0,960,28.1
fixation,274104.89999997616,0.6560784392058849,0.3231084141880274,2.6178112030029297,2.629589080810547,133.0,961,28.1
fixation,274271.567999959,0.5930741280317307,0.33173088410070967,2.623296465192522,2.631742204938616,233.0,962,28.1
fixation,274521.5729999542,0.6395789032632654,0.328712136908011,2.6753123890269888,2.7165402499112217,183.0,963,28.1
fixation,274721.57700002193,0.7114477320150896,0.32310090823607013,2.7489194003018467,2.8255060369318183,183.0,964,28.1
fixation,274921.5800000429,0.6904076006677415,0.3302020976940791,2.786349826388889,2.846954345703125,150.0,965,28.1
fixation,275104.91799998283,0.783612766049125,0.3081201985478401,2.7935576005415483,2.8713198575106533,367.0,966,28.1
fixation,275488.2569999695,0.8163003538336072,0.32289530762604307,2.842588152204241,2.845184326171875,117.0,967,28.1
fixation,275688.2619999647,0.26528649032115936,0.40903746150434017,2.6661624908447266,2.742269515991211,134.0,968,28.1
fixation,275854.932000041,0.19269125110336713,0.41558894727911266,2.686914716448103,2.734838213239397,233.0,969,28.1
fixation,276121.60399997234,0.23830248309033258,0.3944117831332343,2.5516019548688615,2.5917739868164062,233.0,970,28.1
fixation,276371.6109999418,0.29027590968392114,0.4069963490421122,2.533230868252841,2.5602957985617896,183.0,971,28.1
fixation,276688.2840000391,0.558615742623806,0.4866737850010395,2.619251251220703,2.6607330322265623,334.0,972,NOTRIAL
fixation,277054.95700001717,0.6209742645422618,0.25938637206951776,2.873465983072917,2.899944051106771,250.0,973,NOTRIAL
fixation,277338.2960000038,0.572725943156651,0.24647272484643118,2.857934134347098,2.8742784772600447,117.0,974,NOTRIAL
fixation,277504.96700000763,0.38131431151520123,0.25242107632485306,2.8960807106711646,2.904959938742898,183.0,975,NOTRIAL
fixation,277704.9700000286,0.484529717763265,0.23854898661375046,2.9027303059895835,2.910387166341146,250.0,976,NOTRIAL
fixation,277971.6430000067,0.5257364710172018,0.24089628292454612,2.9683091905381946,2.962064954969618,150.0,977,NOTRIAL
fixation,278138.3140000105,0.4910553612492301,0.2395049143921245,3.0051699551669033,3.022093339399858,184.0,978,NOTRIAL
fixation,278338.31599998474,0.4310489829097475,0.2525778148855482,2.9681671142578123,2.991204833984375,584.0,979,NOTRIAL
fixation,278954.99500000477,0.4040846526622772,0.4517395521203677,2.7861455281575522,2.828851487901476,300.0,980,NOTRIAL
fixation,279271.67200005054,0.3617312163114548,0.47161340340971947,2.7448348999023438,2.8175888061523438,67.0,981,NOTRIAL
fixation,279355.00600004196,0.36028339713811874,0.4788086451590061,2.7570953369140625,2.8100242614746094,67.0,982,NOTRIAL
fixation,279455.0069999695,0.40866076449553174,0.25819404588805306,2.8574371337890625,2.8779161241319446,150.0,983,NOTRIAL
fixation,279638.35000002384,0.365964586644069,0.256009671351184,2.8713577933933423,2.898156870966372,766.0,984,NOTRIAL
fixation,280421.6940000057,0.3855697825551033,0.23026655688881875,2.7759796142578126,2.7967071533203125,333.0,985,NOTRIAL
fixation,280805.0340000391,0.39209887385368347,0.2988406966129939,2.79400634765625,2.840398152669271,158.0,986,NOTRIAL
fixation,281155.03999996185,0.3652076463807713,0.4949305992234837,2.826895973899148,2.8608204234730112,184.0,987,NOTRIAL
fixation,281371.71000003815,0.3627774218718211,0.4723336778226353,2.7042705256764483,2.7205283755347844,708.0,988,NOTRIAL
fixation,282271.7269999981,0.378400190671285,0.46858520110448204,2.6824747721354165,2.627727254231771,250.0,989,NOTRIAL
fixation,282555.0640000105,0.4481423646211624,0.4571612843058326,2.7501345547762783,2.7424427379261362,184.0,990,NOTRIAL
fixation,282771.7339999676,0.521277230978012,0.45787779688835145,2.725358581542969,2.726141357421875,167.0,991,NOTRIAL
fixation,282955.07000005245,0.5036366954445839,0.46307563930749895,2.7163101196289063,2.7127944946289064,167.0,992,NOTRIAL
fixation,283138.40799999237,0.43012340939961946,0.4671914741778985,2.7578680576422276,2.750052036383213,650.0,993,NOTRIAL
fixation,283821.7539999485,0.36942298859357836,0.6593959987163543,2.648469712999132,2.750599670410156,167.0,994,NOTRIAL
fixation,284121.75999999046,0.366424339512984,0.6985315879185995,2.7317403157552085,2.7362950642903647,100.0,995,NOTRIAL
fixation,284238.42900002,0.39131719768047335,0.6948120176792145,2.7474884033203124,2.7589019775390624,83.0,996,NOTRIAL
fixation,284455.1019999981,0.3941230773925781,0.7103103622794151,2.719121297200521,2.784687042236328,67.0,997,NOTRIAL
fixation,284588.4359999895,0.3697184462632452,0.5729002846138818,2.701226370675223,2.8027169363839284,233.0,998,NOTRIAL
fixation,285088.4390000105,0.44901184654898113,0.2530696458286709,2.839313507080078,2.8541412353515625,600.0,999,NOTRIAL
fixation,285721.77900004387,0.35172716129657833,0.43312095833379166,2.756782709166061,2.8316682327625364,717.0,1000,NOTRIAL
fixation,286488.4500000477,0.49476322302451503,0.6790398909495428,2.8238419752854567,2.9229771540715146,216.0,1001,NOTRIAL
fixation,286755.11599993706,0.517329677939415,0.35474197287112474,2.9052248001098633,2.930548667907715,267.0,1002,NOTRIAL
fixation,287038.45200002193,0.512320061142628,0.45226502361205906,2.9009088369516225,2.928241436298077,433.0,1003,NOTRIAL
fixation,287505.12000000477,0.4667413167655468,0.4140997536480427,2.743120574951172,2.7355560302734374,334.0,1004,13
fixation,287921.78900003433,0.4409330487251282,0.7386021256446839,,2.3680572509765625,83.0,1005,13
fixation,288646.7910000086,0.5224891781806946,0.8133332848548889,2.58001708984375,2.506622314453125,83.0,1006,13
fixation,288830.125,0.6170057232181231,0.859258900086085,2.668506622314453,2.6434593200683594,200.0,1007,13
fixation,289046.7869999409,0.5818101912736893,0.8383458033204079,2.6636924743652344,2.5546188354492188,67.0,1008,13
fixation,289230.12399995327,0.5705048995358604,0.4385190169726099,2.696911403111049,2.7105810982840404,234.0,1009,13
fixation,289496.7919999361,0.5744856119155883,0.4811239113410314,2.629796346028646,2.598602294921875,250.0,1010,13
fixation,289763.4629999399,0.5865695820404933,0.5281402869866445,2.4983221200796275,2.440275338979868,433.0,1011,13
fixation,290230.1360000372,0.47672329246997835,0.44606488645076753,2.4391799926757813,2.422894287109375,175.0,1012,13
fixation,290563.47500002384,0.4661513434516059,0.43364541977643967,2.4215223524305554,2.423730638292101,292.0,1013,13
fixation,290896.81200003624,0.45612718164920807,0.47044141500285175,2.3769216826467803,2.360181866270123,550.0,1014,13
fixation,291496.8229999542,0.5615746919065714,0.43813042994588614,2.4102935791015625,2.3888139724731445,267.0,1015,13
fixation,291780.1619999409,0.5922143298846024,0.4584434846272835,2.4164816049429088,2.397007868840144,217.0,1016,13
fixation,292030.1660000086,0.5796406269073486,0.5729120624065399,2.398896484375,2.37453369140625,417.0,1017,13
fixation,292463.50600004196,0.5759668214754625,0.46922141449017957,2.444132024591619,2.3874969482421875,183.0,1018,13
fixation,292696.8450000286,0.4688263844560694,0.3856552767532843,2.4089513708043984,2.4042465775101274,450.0,1019,13
fixation,293463.5230000019,0.5857424835364023,0.834939032793045,,2.3753636678059897,100.0,1020,13
fixation,293580.189999938,0.6296468913555145,0.8308995366096497,2.525009155273437,2.44342041015625,84.0,1021,13
fixation,293913.5310000181,0.4971737696064843,0.4225580013460583,2.663948906792535,2.6706424289279513,142.0,1022,13
fixation,294080.2009999752,0.4691618439697084,0.4270559428703217,2.605283464704241,2.598975045340402,350.0,1023,13
fixation,294463.53999996185,0.5004494000564922,0.4465403434905139,2.6081760290897256,2.6134745279947915,550.0,1024,FIX_CROS
fixation,295046.88100004196,0.4568615339019082,0.331369318745353,2.739563681862571,2.7081069946289062,367.0,1025,FIX_CROS
fixation,295463.5559999943,0.22995426785200834,0.3025447614490986,2.7682247161865234,2.8163394927978516,133.0,1026,13.2
fixation,295630.22599995136,0.18723639162878195,0.28185323749979335,2.6739171346028647,2.745410919189453,200.0,1027,13.2
fixation,295846.8940000534,0.2361370325088501,0.28801003630672184,2.6023973737444197,2.6571993146623885,233.0,1028,13.2
fixation,296113.564999938,0.28379775434732435,0.28238632529973984,2.610585021972656,2.608197021484375,166.0,1029,13.2
fixation,296296.89999997616,0.329086498780684,0.282493992285295,2.6132507324218746,2.6207081187855112,183.0,1030,13.2
fixation,296496.9049999714,0.3722221739590168,0.2888648348550002,2.6497809092203775,2.6767590840657554,400.0,1031,13.2
fixation,296930.2460000515,0.4382198326862775,0.2817020118236542,2.662000215970553,2.6141286996694713,217.0,1032,13.2
fixation,297163.5789999962,0.42384532945496695,0.2849493793078831,2.6437574114118303,2.6284070696149553,116.0,1033,13.2
fixation,297313.58200001717,0.5038157972422513,0.2779952355406501,2.654690829190341,2.661825006658381,183.0,1034,13.2
fixation,297513.5879999399,0.48550570011138916,0.28001327564318973,2.67474365234375,2.7026392618815103,100.0,1035,13.2
fixation,297646.92200005054,0.5798535389559609,0.2678745213363852,2.7345079694475447,2.7203881399972096,233.0,1036,13.2
fixation,297896.9240000248,0.5538816541433335,0.27583987414836886,2.7417282104492187,2.763594055175781,167.0,1037,13.2
fixation,298080.26399993896,0.6093241810798645,0.2759822174906731,2.753131103515625,2.7389434814453124,167.0,1038,13.2
fixation,298280.26399993896,0.6700220108032227,0.27259864161411923,2.7340367635091147,2.778020222981771,200.0,1039,13.2
fixation,298496.9349999428,0.7172543948346918,0.27009986476464704,2.742166692560369,2.8124556107954546,183.0,1040,13.2
fixation,298696.93700003624,0.7660712401072184,0.26958755900462467,2.7489446004231772,2.8261744181315103,200.0,1041,13.2
fixation,298913.6089999676,0.8028021021322771,0.2700263668190349,2.742940729314631,2.794565374200994,183.0,1042,13.2
fixation,299230.27900004387,0.24056513441933525,0.3702808751000298,2.6695709228515625,2.7676798502604165,150.0,1043,13.2
fixation,299396.9500000477,0.19842642545700073,0.375649294257164,2.6367696126302085,2.783186340332031,167.0,1044,13.2
fixation,299580.2869999409,0.1840793065726757,0.3743188172578812,2.600270080566406,2.7137466430664063,167.0,1045,13.2
fixation,299763.62300002575,0.23984818160533905,0.36480409900347394,2.5738194783528647,2.6186650594075522,100.0,1046,13.2
fixation,299880.2910000086,0.28562934398651124,0.3705735817551613,2.56395263671875,2.5787200927734375,167.0,1047,13.2
fixation,300063.62699997425,0.267851827873124,0.37164692249563,2.570066663953993,2.5954047309027777,150.0,1048,13.2
fixation,300230.2960000038,0.24238549917936325,0.38177282972769305,2.6353399103338067,2.6437807950106533,184.0,1049,13.2
fixation,300430.30099999905,0.2863201065496965,0.37590628320520575,2.6391462846235796,2.637910322709517,184.0,1050,13.2
fixation,300646.9650000334,0.33215440064668655,0.3710722414155801,2.6148503621419272,2.6536407470703125,200.0,1051,13.2
fixation,300863.63800001144,0.3190727263689041,0.3726233601570129,2.6332977294921873,2.68509521484375,166.0,1052,13.2
fixation,301046.9769999981,0.3613805592060089,0.3727877110242844,2.6581451416015627,2.6887786865234373,167.0,1053,13.2
fixation,301230.31299996376,0.42476653431852657,0.3631893148024877,2.6746953328450522,2.6489041646321616,200.0,1054,13.2
fixation,301446.9819999933,0.4735416869322459,0.36940644929806393,2.7077344258626304,2.6791356404622397,200.0,1055,13.2
fixation,301663.6510000229,0.5256360389969565,0.3675972710956227,2.7133733575994317,2.701809969815341,183.0,1056,13.2
fixation,301880.32400000095,0.5804547786712646,0.3661765456199646,2.7332122802734373,2.6992523193359377,167.0,1057,13.2
fixation,302080.3250000477,0.639411727587382,0.359377932217386,2.7127532958984375,2.687928941514757,150.0,1058,13.2
fixation,302246.99500000477,0.6175859272480011,0.3653784626060062,2.692838880750868,2.663260565863715,150.0,1059,13.2
fixation,302430.33200001717,0.6630184412002563,0.3612451896071434,2.687998962402344,2.6675506591796876,167.0,1060,13.2
fixation,302613.6660000086,0.7218092111023989,0.360394460233775,2.665356722745028,2.6700314608487217,183.0,1061,13.2
fixation,302813.67200005054,0.771064293384552,0.3637807324528694,2.6617034912109374,2.6626007080078127,167.0,1062,13.2
fixation,302997.00899994373,0.8199819807822888,0.3617198776740294,2.64520263671875,2.642688457782452,217.0,1063,13.2
fixation,303230.3450000286,0.8348178029060364,0.36889404952526095,2.6921173095703126,2.6493804931640623,83.0,1064,13.2
fixation,303447.01300001144,0.24734882903950556,0.4870772191456386,2.5868312290736606,2.6829332624162947,117.0,1065,13.2
fixation,303580.3480000496,0.19642440229654312,0.4690920642831109,2.581644231622869,2.6727364280007104,366.0,1066,13.2
fixation,303963.69099998474,0.2995480706294378,0.45235108335812885,2.512476603190104,2.560926310221354,250.0,1067,13.2
fixation,304230.3609999418,0.3236208196197237,0.4589968557868685,2.5324859619140625,2.543393816266741,116.0,1068,13.2
fixation,304380.3630000353,0.3857546015864327,0.4565484310899462,2.5284917922247026,2.6050618489583335,350.0,1069,13.2
fixation,304747.0369999409,0.43188951909542084,0.46745758331738985,2.615910456730769,2.649335421048678,217.0,1070,13.2
fixation,304980.3710000515,0.47519556515746647,0.46575575901402366,2.6537645128038196,2.6030205620659723,150.0,1071,13.2
fixation,305147.0460000038,0.5122196203783939,0.46334117964694377,2.6431635806435034,2.631495425575658,317.0,1072,13.2
fixation,305497.0529999733,0.5860012193520864,0.4637801518042882,2.6542429606119793,2.6460774739583335,250.0,1073,13.2
fixation,305780.3980000019,0.6442066750356129,0.4581135926502092,2.6315100533621654,2.605675833565848,233.0,1074,13.2
fixation,306030.40400004387,0.6881751797415994,0.4562979001890529,2.625771262428977,2.6217762340198862,183.0,1075,13.2
fixation,306230.4129999876,0.7212729901075363,0.45786757618188856,2.623333740234375,2.614404296875,166.0,1076,13.2
fixation,306430.41400003433,0.779355588555336,0.44857360795140266,2.6330963134765626,2.654399108886719,333.0,1077,13.2
fixation,306780.4240000248,0.7419848715265592,0.4579882125059764,2.637054443359375,2.6563390096028647,200.0,1078,13.2
fixation,307013.76300001144,0.7981065720319748,0.46095768064260484,2.6523666381835938,2.6265625,167.0,1079,13.2
fixation,307780.4539999962,0.23629826679825783,0.527206664904952,2.3359909057617188,2.5636329650878906,133.0,1080,13.2
fixation,307997.12600004673,0.3174406463901202,0.5603056848049164,2.4737205505371094,2.4764124552408853,100.0,1081,13.2
fixation,308447.14199995995,0.3792283795773983,0.5692026987671852,2.552007039388021,2.5591354370117188,67.0,1082,13.2
fixation,308580.4800000191,0.3534788489341736,0.5689225196838379,,2.584484100341797,66.0,1083,13.2
fixation,308747.1519999504,0.44614557425181073,0.5525163378980424,2.5198800223214284,2.5949554443359375,150.0,1084,13.2
fixation,308930.49099993706,0.4173664629459381,0.5583395540714264,2.518243408203125,2.585174560546875,83.0,1085,13.2
fixation,309113.82799994946,0.47331478074193,0.5694457143545151,2.6083412170410156,2.6335830688476562,67.0,1086,13.2
fixation,309197.1619999409,0.47489520481654574,0.5613212670598712,2.5793587820870534,2.6183362688337053,117.0,1087,13.2
fixation,309463.8370000124,0.5306967369147709,0.5516281723976135,2.5854644775390625,2.5912301199776784,117.0,1088,13.2
fixation,309613.8439999819,0.5013250062863032,0.5644959939850701,2.611258612738715,2.6616702609592013,150.0,1089,13.2
fixation,309797.17999994755,0.5524428486824036,0.565172587122236,2.6103733607700894,2.618831089564732,117.0,1090,13.2
fixation,309997.18700003624,0.6094876390237075,0.5615502572976626,2.5850736177884617,2.5192976731520433,217.0,1091,13.2
fixation,310230.52400004864,0.6572802583376567,0.5591945995887121,2.580383809407552,2.5416219075520834,500.0,1092,13.2
fixation,310747.2000000477,0.6947734355926514,0.5603894103657115,2.576016512784091,2.5344723788174717,184.0,1093,13.2
fixation,310963.8710000515,0.6203908209617321,0.5630190899738898,2.5805934025691104,2.5628568209134617,217.0,1094,13.2
fixation,311213.87399995327,0.6529146780570348,0.5654604459802309,2.624048868815104,2.5809351603190103,200.0,1095,13.2
fixation,311430.54799997807,0.6948353131612142,0.5626742740472158,2.6265635172526043,2.5792236328125,250.0,1096,13.2
fixation,311697.21700000763,0.7439347028732299,0.5631234616041183,2.6401443481445312,2.614549255371094,167.0,1097,13.2
fixation,311897.2200000286,0.8040245256640695,0.5605399120937694,2.650909423828125,2.6087160977450283,184.0,1098,13.2
fixation,312097.2239999771,0.8258978053927422,0.5640145540237427,2.661174774169922,2.665325164794922,67.0,1099,13.2
fixation,312363.8969999552,0.49537329375743866,0.631748616695404,2.5329182942708335,2.588043212890625,67.0,1100,13.2
fixation,312797.23699998856,0.5123818218708038,0.6283224105834961,2.5364515516493054,2.5062820434570314,167.0,1101,13.2
fixation,313030.5750000477,0.5084442240851266,0.6482986211776733,2.584801810128348,2.522454398018973,116.0,1102,13.2
fixation,313263.91100001335,0.29122509913785116,0.26866635254451204,2.6229117257254466,2.688657488141741,117.0,1103,13.2
fixation,313413.91400003433,0.19511142041948107,0.29347503847546047,2.5867623223198786,2.6775131225585938,300.0,1104,13.2
fixation,313763.92200005054,0.45536375587636774,0.3244705836881291,2.5475727428089487,2.5233390114524146,183.0,1105,NOTRIAL
fixation,313980.59200000763,0.4645165188444985,0.1600217123826345,2.620946248372396,2.612277560763889,150.0,1106,NOTRIAL
fixation,314163.92900002,0.6352574835563528,0.23319202635822625,2.7639686321390085,2.778436594995959,483.0,1107,NOTRIAL
fixation,314713.93799996376,0.5519290458072316,0.458745769479058,2.8163576993075283,2.83135986328125,183.0,1108,NOTRIAL
fixation,314913.94099998474,0.5151168435811997,0.4565080538392067,2.8104568481445313,2.8325576782226562,167.0,1109,NOTRIAL
fixation,315097.2769999504,0.5804329227942687,0.46009670541836667,2.8391946645883412,2.8697773860051083,434.0,1110,NOTRIAL
fixation,315563.94900000095,0.3812587385376294,0.6819539914528528,2.771627252752131,2.7901089986165366,200.0,1111,NOTRIAL
fixation,315847.28600001335,0.36287752219608854,0.7109966235501426,2.7465340750558034,2.7854396275111606,117.0,1112,NOTRIAL
fixation,315980.6210000515,0.3501692935824394,0.7045042440295219,2.7443389892578125,2.8026084899902344,66.0,1113,NOTRIAL
fixation,316063.9539999962,0.362622432410717,0.6979920193552971,2.708141326904297,2.791461944580078,67.0,1114,NOTRIAL
fixation,316213.95700001717,0.371754053235054,0.6974377870559693,2.775482177734375,2.790679931640625,83.0,1115,NOTRIAL
fixation,316347.2910000086,0.37309380769729616,0.6932516366243362,2.7125396728515625,2.756211853027344,167.0,1116,NOTRIAL
fixation,316580.6289999485,0.5673166022581213,0.2864287837463267,2.818559534409467,2.831774543313419,283.0,1117,NOTRIAL
fixation,316897.29799997807,0.49732660750548047,0.4242767406006654,2.7818209330240884,2.800642649332682,200.0,1118,FIX_CROS
fixation,317197.3020000458,0.3565610811898583,0.22022510261127823,2.8623733520507812,2.839041458932977,634.0,1119,FIX_CROS
fixation,317880.6449999809,0.4767342474725511,0.45053937782843906,2.7333543565538196,2.752751668294271,300.0,1120,13.1
fixation,318197.3140000105,0.5336909790833791,0.46110448241233826,2.7377395629882812,2.7882283528645835,100.0,1121,13.1
fixation,318313.9839999676,0.5335221716335842,0.4756629041263035,2.8174896240234375,2.8256356375558034,117.0,1122,13.1
fixation,318447.31599998474,0.5131638986723763,0.47635343032223837,2.800774710518973,2.7740042550223216,117.0,1123,13.1
fixation,318597.3170000315,0.5613149773506891,0.4635410074676786,2.753480457124256,2.7678891136532737,350.0,1124,13.1
fixation,318963.9889999628,0.542326457798481,0.47657499214013416,2.8540356953938804,2.8811683654785156,200.0,1125,13.1
fixation,319197.32700002193,0.4901501704007387,0.4843349177390337,2.8901920318603516,2.9234237670898438,134.0,1126,13.1
fixation,319363.99399995804,0.49218422632951003,0.4707614519657233,2.814095521584535,2.852277315579928,650.0,1127,13.1
fixation,320047.3329999447,0.5064903532083218,0.2169141362492855,2.9293365478515625,2.9206930307241588,217.0,1128,NOTRIAL
fixation,320297.3379999399,0.3656670336539929,0.24787944440658277,2.8649374154897838,2.873138427734375,216.0,1129,NOTRIAL
fixation,320530.6749999523,0.344490318497022,0.24304264634847642,2.809944661458333,2.8320322672526044,250.0,1130,NOTRIAL
fixation,320797.34700000286,0.359719542786479,0.26210218388587236,2.7412967681884766,2.7641143798828125,133.0,1131,NOTRIAL
fixation,321047.35000002384,0.3558469905572779,0.4949407060356701,2.663979923023897,2.670065487132353,283.0,1132,NOTRIAL
fixation,321380.689999938,0.43088878989219664,0.2628729045391083,2.8138702392578123,2.864715576171875,91.0,1133,NOTRIAL
fixation,321630.6940000057,0.49070271187358433,0.22819750383496284,2.8489507039388022,2.872765858968099,592.0,1134,NOTRIAL
fixation,322264.0419999361,0.3972356253200107,0.5166126787662506,2.749723646375868,2.7830132378472223,150.0,1135,NOTRIAL
fixation,322430.70700001717,0.3612647285828224,0.48303943757827467,2.759651379707532,2.773205096905048,650.0,1136,NOTRIAL
fixation,323097.3860000372,0.42630516551434994,0.46363627538084984,2.727903366088867,2.751007080078125,141.0,1137,NOTRIAL
fixation,323430.72200000286,0.36425524737153736,0.6080506827150073,2.7253199986049106,2.8153512137276784,117.0,1138,NOTRIAL
fixation,323564.0599999428,0.3681231811642647,0.7206553220748901,2.7650909423828125,2.825840950012207,534.0,1139,NOTRIAL
fixation,324197.4060000181,0.38019062858074903,0.7232582271099091,2.608742268880208,2.706660270690918,266.0,1140,NOTRIAL
fixation,324530.7460000515,0.504011794924736,0.7648300349712371,2.66802978515625,2.632391357421875,83.0,1141,NOTRIAL
fixation,324680.74500000477,0.5003589382677367,0.25403594315955136,2.730154326467803,2.7822154651988638,550.0,1142,NOTRIAL
fixation,325264.08899998665,0.36003170993465644,0.4502926248197372,2.742260272686298,2.8283089857835035,867.0,1143,NOTRIAL
fixation,326164.0980000496,0.48549438606608997,0.6292415423826738,2.6110645640980112,2.776272860440341,184.0,1144,NOTRIAL
fixation,326397.4359999895,0.5428645312786102,0.32485544060667354,2.7320772806803384,2.7893028259277344,200.0,1145,NOTRIAL
fixation,326630.7719999552,0.5022150129079819,0.4224872807661692,2.7697733561197917,2.845656331380208,250.0,1146,NOTRIAL
fixation,326897.44500005245,0.5180314853787422,0.4491974664852023,2.8168563842773438,2.8741588592529297,266.0,1147,5
fixation,327230.77799999714,0.4241689954485212,0.8284599142415183,2.768280029296875,2.828859601702009,117.0,1148,5
fixation,327380.78199994564,0.3910927239217256,0.8887207225749367,,2.8311711361533716,317.0,1149,5
fixation,327730.7849999666,0.42386614850589205,0.8771654622895377,,2.9132494245256697,117.0,1150,5
fixation,327914.11599993706,0.4843657399926867,0.8603202870913914,,2.854710170200893,117.0,1151,5
fixation,328097.4550000429,0.4695132283064035,0.8533292412757874,,2.838903573843149,216.0,1152,5
fixation,328430.79400002956,0.5496564581990242,0.8133436739444733,,2.732135772705078,67.0,1153,5
fixation,328680.7949999571,0.6095806956291199,0.8561106994748116,2.8207473754882812,2.804332733154297,67.0,1154,5
fixation,328797.46099996567,0.5144675158792071,0.41888514823383755,2.877757602267795,2.933536105685764,300.0,1155,5
fixation,329114.1330000162,0.47150253572247247,0.44500914216041565,2.7899613813920454,2.819832541725852,184.0,1156,5
fixation,329314.13100004196,0.4139546450031431,0.5176742802325048,2.8055809422543176,2.8700677972090873,634.0,1157,5
fixation,329964.1449999809,0.43193116287390393,0.5836585660775503,2.7131271362304688,2.8166287740071616,200.0,1158,5
fixation,330197.47899997234,0.4224197268486023,0.6253535710275173,2.737604777018229,2.8823890686035156,266.0,1159,5
fixation,330547.4880000353,0.5347246328989664,0.362304902738995,2.858739217122396,2.996678670247396,150.0,1160,5
fixation,330714.15699994564,0.47748625961442787,0.3308436231066783,2.7875728607177734,2.876598358154297,400.0,1161,5
fixation,331147.496999979,0.5496444595711572,0.44011493240083965,2.621667044503348,2.710599626813616,233.0,1162,5
fixation,331464.1710000038,0.4971703290939331,0.6839095205068588,,2.748798370361328,67.0,1163,5
fixation,331664.17200005054,0.4878283962607384,0.6848379224538803,2.636494954427083,2.8626441955566406,67.0,1164,5
fixation,331747.5069999695,0.47744687646627426,0.6930955201387405,,2.8877410888671875,66.0,1165,5
fixation,331914.1770000458,0.4264221352835496,0.5577643389503161,2.6865755716959634,2.849909464518229,200.0,1166,5
fixation,332130.84700000286,0.43129347761472064,0.601273920138677,2.6385782877604167,2.8094472249348956,250.0,1167,5
fixation,332430.85099995136,0.6500476226210594,0.34272463868061703,2.769359588623047,2.824873606363932,200.0,1168,5
fixation,332664.1859999895,0.5482192589686468,0.2905691472383646,2.7323819673978367,2.7920872614933896,217.0,1169,5
fixation,332930.86199998856,0.39961492302625073,0.30843407628328906,2.589458299719769,2.649796859077785,383.0,1170,5
fixation,333347.5349999666,0.5333727300167084,0.36750781163573265,2.5280017852783203,2.5834827423095703,133.0,1171,5
fixation,333497.53600001335,0.5440142005681992,0.4093797095119953,2.49432373046875,2.528543472290039,133.0,1172,5
fixation,333647.53900003433,0.5414698038782392,0.4382282570004463,2.5703582763671875,2.6508167811802457,233.0,1173,5
fixation,333914.21099996567,0.4701588547064198,0.3205629951424069,2.7134780883789062,2.778771718343099,600.0,1174,5
fixation,334547.55400002,0.506685984986169,0.40591957739421297,2.6544603620256697,2.722113473074777,116.0,1175,FIX_CROS
fixation,334847.5599999428,0.495267181060253,0.42754531365174514,2.7904440072866588,2.827251727764423,650.0,1176,FIX_CROS
fixation,335547.5720000267,0.2576660407441003,0.3825842844588416,2.6870814732142856,2.7357046944754466,116.0,1177,5.2
fixation,335680.90799999237,0.21119249612092972,0.3727995211427862,2.6823175603693183,2.7060505260120737,183.0,1178,5.2
fixation,335897.5759999752,0.260922755707394,0.3711022694002498,2.657938176935369,2.5981819846413354,183.0,1179,5.2
fixation,336097.58200001717,0.3073654890060425,0.3749715477228165,2.6642333984375,2.6219558715820312,166.0,1180,5.2
fixation,336280.91900002956,0.3529742360115051,0.3812197521328926,2.6862996419270835,2.6550140380859375,100.0,1181,5.2
fixation,336414.253000021,0.3964582478458231,0.3764880746603012,2.7271589799360796,2.7384088689630683,184.0,1182,5.2
fixation,336614.2580000162,0.3744322413747961,0.3796522576700557,2.8051189075816763,2.7953602183948862,184.0,1183,5.2
fixation,336814.2610000372,0.41769620080788933,0.382622163494428,2.8743927001953127,2.848027547200521,250.0,1184,5.2
fixation,337097.59700000286,0.45371935330331326,0.37566274404525757,2.865100860595703,2.822122573852539,133.0,1185,5.2
fixation,337264.26699995995,0.37118665698696585,0.3819151099990396,2.8685455322265625,2.887791353113511,284.0,1186,5.2
fixation,337564.27499997616,0.421036746352911,0.37730975697437924,2.8849385579427085,2.876722971598307,200.0,1187,5.2
fixation,337780.94500005245,0.4610675573348999,0.3742871607343356,2.841894785563151,2.8331883748372397,200.0,1188,5.2
fixation,337997.61500000954,0.49729248652091396,0.3739740206645085,2.8212010310246396,2.8182455209585338,216.0,1189,5.2
fixation,338247.6180000305,0.5679641233550178,0.36925869683424634,2.7978888617621527,2.802066379123264,150.0,1190,5.2
fixation,338414.28999996185,0.5457039574782053,0.36800551414489746,2.7202580769856772,2.752732594807943,200.0,1191,5.2
fixation,338647.62600004673,0.5919240060306731,0.36568855458781835,2.749519711449033,2.7471778506324407,350.0,1192,5.2
fixation,339030.96800005436,0.6517696400483449,0.3637962967157364,2.8030670166015623,2.7886891682942707,250.0,1193,5.2
fixation,339297.63899993896,0.6337790414690971,0.37152244336903095,2.7874698638916016,2.8194923400878906,133.0,1194,5.2
fixation,339447.6399999857,0.7002186675866445,0.3588610970311695,2.7939605712890625,2.8136783175998263,150.0,1195,5.2
fixation,339614.3140000105,0.7569722966714338,0.36689125814221124,2.828987815163352,2.8417857776988638,184.0,1196,5.2
fixation,339814.314999938,0.7348779328167439,0.3633439503610134,2.7965927124023438,2.822509765625,134.0,1197,5.2
fixation,339964.3170000315,0.7745570968836546,0.3590870378538966,2.7712745666503906,2.7895994186401367,267.0,1198,5.2
fixation,340247.6560000181,0.7946636180082957,0.36251868928472203,2.7563374837239585,2.762101491292318,200.0,1199,5.2
fixation,340514.33099997044,0.24386857636272907,0.43875054456293583,2.6386184692382812,2.7543468475341797,134.0,1200,5.2
fixation,340664.33099997044,0.2098691426217556,0.4555739027758439,2.605263449928977,2.7055282592773438,200.0,1201,5.2
fixation,340880.99899995327,0.23975778530750955,0.4390524625778198,2.510242168719952,2.5816138131277904,234.0,1202,5.2
fixation,341131.0039999485,0.28738883950493554,0.44671769169243897,2.4168451482599433,2.5461994517933237,184.0,1203,5.2
fixation,341414.34300005436,0.34497967935525453,0.44749822524877697,2.491572453425481,2.5411822979266825,216.0,1204,5.2
fixation,341647.6779999733,0.31943105161190033,0.4498185447671197,2.4981522993607954,2.589539961381392,183.0,1205,5.2
fixation,341847.68400001526,0.3676261512769593,0.4569914895627234,2.5821829901801214,2.6497667100694446,300.0,1206,5.2
fixation,342164.35399997234,0.4105060229698817,0.461252948641777,2.63134765625,2.7029042561848957,258.0,1207,5.2
fixation,342781.03299999237,0.4891906511038542,0.46185481548309326,2.650480270385742,2.7118988037109375,134.0,1208,5.2
fixation,342931.0369999409,0.5415107682347298,0.46700677648186684,2.757562001546224,2.805365244547526,200.0,1209,5.2
fixation,343147.70599997044,0.5268231220543385,0.46435499750077724,2.6690616607666016,2.7185592651367188,133.0,1210,5.2
fixation,343297.7089999914,0.5834429065386454,0.46452730645736057,2.613574981689453,2.6117426554361978,200.0,1211,5.2
fixation,343531.0460000038,0.6298106502402913,0.4590225301005624,2.6036515669389204,2.5727358731356533,184.0,1212,5.2
fixation,343731.04799997807,0.6744905640097225,0.4563387229162104,2.618376787971048,2.6075906192555145,284.0,1213,5.2
fixation,344031.05499994755,0.7229316532611847,0.45693314481865277,2.678923173384233,2.6975458318536933,184.0,1214,5.2
fixation,344231.05900001526,0.7737616250912348,0.4545007844765981,2.7049166361490884,2.7203407287597656,200.0,1215,5.2
fixation,344447.72899997234,0.8068569931719038,0.4485014213456048,2.685022989908854,2.7147335476345487,150.0,1216,5.2
fixation,344614.39600002766,0.7761154510080814,0.46102780662477016,2.6982345581054688,2.724773406982422,133.0,1217,5.2
fixation,344797.7339999676,0.38965242273277706,0.572305483950509,2.614530563354492,2.761722140842014,150.0,1218,5.2
fixation,344964.4049999714,0.3718335736881603,0.5741481835191901,2.585540771484375,2.7917910489169033,183.0,1219,5.2
fixation,345181.0750000477,0.4150241667574102,0.570383914492347,2.637534401633523,2.7615925181995737,184.0,1220,5.2
fixation,345381.08099997044,0.47060486674308777,0.5513619652816227,2.5810961042131697,2.688023158482143,117.0,1221,5.2
fixation,345597.75100004673,0.5190224200487137,0.5624415321009499,2.623471941266741,2.725304739815848,233.0,1222,5.2
fixation,345847.7569999695,0.4890018403530121,0.5505063193184989,2.5621770222981772,2.6961757114955356,117.0,1223,5.2
fixation,345997.75999999046,0.5610878343383471,0.5563295955459276,2.628002166748047,2.6969833374023438,200.0,1224,5.2
fixation,346214.4309999943,0.6160721939343673,0.558527070742387,2.6819234994741588,2.6790489783653846,216.0,1225,5.2
fixation,346447.7719999552,0.6482823461294174,0.5605083256959915,2.710215759277344,2.688615417480469,167.0,1226,5.2
fixation,346631.1109999418,0.6219712667740308,0.5628123363623252,2.7057049091045675,2.7043509850135217,434.0,1227,5.2
fixation,347114.4550000429,0.5181910693645477,0.22955579151000297,2.8274307250976562,2.8542142595563615,233.0,1228,NOTRIAL
fixation,347381.1319999695,0.6324624877709609,0.23299544763106567,2.786889883188101,2.7682084303635817,217.0,1229,NOTRIAL
fixation,347614.47099995613,0.6542697165693555,0.23858493832605226,2.8110874720982144,2.819311959402902,233.0,1230,NOTRIAL
fixation,347881.1440000534,0.5800379460508173,0.25598098269917746,2.8738555908203125,2.9218916459517046,184.0,1231,NOTRIAL
fixation,348097.8140000105,0.5229196660220623,0.40192444684604806,2.80348269144694,2.8789984385172525,400.0,1232,NOTRIAL
fixation,348514.4919999838,0.5048020506898562,0.444977259884278,2.8100337982177734,2.8813603719075522,400.0,1233,NOTRIAL
fixation,348947.8400000334,0.562843746609158,0.4484356666604678,2.7802734375,2.7722905476888022,300.0,1234,NOTRIAL
fixation,349281.1809999943,0.4982517621031514,0.451585473285781,2.696507771809896,2.7412148934823497,450.0,1235,NOTRIAL
fixation,349764.52799999714,0.562437254190445,0.44404318928718567,2.71658935546875,2.7272659301757813,333.0,1236,NOTRIAL
fixation,350197.87399995327,0.3864095628261566,0.7246384978294372,2.59112548828125,2.789666748046875,83.0,1237,NOTRIAL
fixation,350297.8789999485,0.3476904459071882,0.7534696008219863,,2.8121370257753315,550.0,1238,NOTRIAL
fixation,350997.8899999857,0.35820952909333365,0.7420886840139117,2.560287475585937,2.7790658133370534,117.0,1239,NOTRIAL
fixation,351181.22500002384,0.6115750670433044,0.29236884564161303,2.7864410400390627,2.7679107666015623,167.0,1240,NOTRIAL
fixation,351381.2269999981,0.639567244797945,0.23917626403272152,2.7451648712158203,2.7612571716308594,134.0,1241,FIX_CROS
fixation,351547.8980000019,0.5069337460127744,0.42240715297785675,2.6528459028764204,2.7403814142400567,183.0,1242,FIX_CROS
fixation,351814.57000005245,0.381050135462712,0.22866630305846533,2.804900731795873,2.825601822290665,650.0,1243,FIX_CROS
fixation,352514.5800000429,0.23267288599163294,0.309105284512043,2.7092742919921875,2.7104320526123047,133.0,1244,5.1
fixation,352664.5839999914,0.19123207926750183,0.3200496077537537,2.674462890625,2.7207717895507812,166.0,1245,5.1
fixation,352847.92200005054,0.24993009037441677,0.3189404954512914,2.6533304850260415,2.6435919867621527,150.0,1246,5.1
fixation,353014.5900000334,0.30236243456602097,0.32220044136047366,2.63173828125,2.642434692382812,166.0,1247,5.1
fixation,353197.9270000458,0.2882821764796972,0.32415517792105675,2.623228073120117,2.6268558502197266,133.0,1248,5.1
fixation,353364.59700000286,0.34088646281849255,0.3274376785213297,2.629701094193892,2.644837812943892,183.0,1249,5.1
fixation,353564.60000002384,0.3786682901175126,0.33256715082603955,2.6183710512907608,2.6342076840608017,383.0,1250,5.1
fixation,354231.2769999504,0.44687408208847046,0.32329624332487583,2.626352310180664,2.6473236083984375,126.0,1251,5.1
fixation,354397.94599998,0.5067954003810883,0.3203334391117096,2.6533233642578127,2.6579864501953123,167.0,1252,5.1
fixation,354581.2840000391,0.4967859163880348,0.32359051952759427,2.6366500854492188,2.6403401692708335,100.0,1253,5.1
fixation,354697.95299994946,0.5505724350611368,0.32341207191348076,2.628637949625651,2.594989776611328,200.0,1254,5.1
fixation,354914.62399995327,0.5879252498800104,0.32541124522686005,2.6371612548828125,2.6231842041015625,183.0,1255,5.1
fixation,355131.29400002956,0.6469207290146086,0.3228167990843455,2.6228035820855036,2.6429629855685763,300.0,1256,5.1
fixation,355464.63499999046,0.6849608272314072,0.31701896091302234,2.623864491780599,2.6685574849446616,200.0,1257,5.1
fixation,355697.9730000496,0.7396037459373475,0.32972758611043296,2.69609375,,250.0,1258,5.1
fixation,355964.6480000019,0.7636732906103134,0.317818820476532,2.7051773071289062,2.739339828491211,133.0,1259,5.1
fixation,356131.32000005245,0.801857013077963,0.32586228989419486,2.736659458705357,2.749598911830357,350.0,1260,5.1
fixation,356631.33200001717,0.23121571820229292,0.4160072095692158,2.6214122772216797,2.7593231201171875,134.0,1261,5.1
fixation,356781.33599996567,0.1782869684199492,0.4142397302720282,2.67240227593316,2.8271297878689237,300.0,1262,5.1
fixation,357098.0080000162,0.21558389191826186,0.3981482895712058,2.578669230143229,2.6793340047200522,200.0,1263,5.1
fixation,357314.6849999428,0.2780826714108972,0.3996093150447397,2.5422129313151043,2.6258482091567097,283.0,1264,5.1
fixation,357614.69099998474,0.3128130648817335,0.4039387298481805,2.5904573713030135,2.6888700212751115,233.0,1265,5.1
fixation,357864.6979999542,0.3447916731238365,0.3946209525068601,2.604131062825521,2.7219696044921875,100.0,1266,5.1
fixation,357998.0340000391,0.29313547743691337,0.3984573119216495,2.63028801812066,2.743718465169271,150.0,1267,5.1
fixation,358164.7050000429,0.2765052860433405,0.4039898731491782,2.6453080610795454,2.770926735617898,183.0,1268,5.1
fixation,358364.7129999399,0.30727362497286365,0.41043043678457086,2.717373934659091,2.8039176247336646,183.0,1269,5.1
fixation,358564.7150000334,0.3368589093810634,0.40622434882741226,2.7039722643400492,2.746137920178865,317.0,1270,5.1
fixation,358914.7280000448,0.3900140740654685,0.41041614657098596,2.680582219904119,2.7147258411754263,183.0,1271,5.1
fixation,359131.3980000019,0.4372543940941493,0.41586023072401684,2.672275119357639,2.7064022488064237,150.0,1272,5.1
fixation,359298.07000005245,0.48716644446055096,0.4104512681563695,2.6814282735188804,2.6892738342285156,200.0,1273,5.1
fixation,359514.74399995804,0.5503149181604385,0.39978114068508147,2.66353759765625,2.639031982421875,167.0,1274,5.1
fixation,359698.08099997044,0.5306605673753299,0.4075170663686899,2.642640333909255,2.633087158203125,217.0,1275,5.1
fixation,359931.4210000038,0.5622789778492667,0.39583551341837103,2.627686934037642,2.6156116832386362,183.0,1276,5.1
fixation,360131.4249999523,0.60064347833395,0.4117174396912257,2.662609100341797,2.6545804341634116,200.0,1277,5.1
fixation,360364.7649999857,0.6412017616358671,0.4062821011651646,2.6473236083984375,2.700094049627131,183.0,1278,5.1
fixation,360564.7699999809,0.6913076440493265,0.4044474766900142,2.6263605753580728,2.666436513264974,400.0,1279,5.1
fixation,360981.442999959,0.7301537692546844,0.40857797140075314,2.636664113690776,2.678653347876764,516.0,1280,5.1
fixation,361514.78600001335,0.7726661771535873,0.40500250458717346,2.627580261230469,2.686907958984375,167.0,1281,5.1
fixation,361698.1210000515,0.8058626162154334,0.40539301718984333,2.647058759416853,2.687829153878348,234.0,1282,5.1
fixation,361964.79400002956,0.8327281236648559,0.39797243624925616,2.682257080078125,2.727001953125,167.0,1283,5.1
fixation,362214.7990000248,0.2388507905933592,0.47378190027342904,2.466053009033203,2.779596964518229,150.0,1284,5.1
fixation,362848.1440000534,0.22202667593955994,0.502055823802948,2.3441162109375,2.6409988403320312,100.0,1285,5.1
fixation,363114.81599998474,0.25122919380664827,0.500457164645195,2.4713338216145835,2.609751892089844,159.0,1286,5.1
fixation,363448.1560000181,0.29070402681827545,0.5096437335014343,2.643829345703125,2.8440208435058594,67.0,1287,5.1
fixation,363531.49000000954,0.2685078475624323,0.5058412863872945,2.5634386980975115,2.87424898147583,533.0,1288,5.1
fixation,364081.49800002575,0.29646378941833973,0.5046110227704048,2.6257667541503906,2.878385543823242,133.0,1289,5.1
fixation,364281.503000021,0.7477654044826826,0.41502232290804386,2.806574503580729,2.8029791514078775,400.0,1290,5.1
fixation,364698.17999994755,0.788916534611157,0.40287990655217853,2.8133675711495534,2.793593270438058,234.0,1291,5.1
fixation,364948.182000041,0.8322938653555784,0.40640617229721765,2.7556790438565337,2.7788321755149146,184.0,1292,5.1
fixation,365264.85399997234,0.3548003286123276,0.4829808821280797,2.6050313313802085,2.8008965386284723,150.0,1293,5.1
fixation,365448.189999938,0.25441261380910873,0.4965506333571214,2.5734125773111978,2.8525766225961537,217.0,1294,5.1
fixation,365681.5269999504,0.2959207952022552,0.4960127741098404,2.6391250610351564,2.802418518066406,166.0,1295,5.1
fixation,365864.8609999418,0.32337423264980314,0.49284679144620896,2.6056533813476563,2.753529357910156,167.0,1296,5.1
fixation,366048.1970000267,0.3623787926303016,0.49254928694831,2.6066182454427085,2.720484415690104,150.0,1297,5.1
fixation,366231.5299999714,0.306400765478611,0.5022436961531639,2.524486541748047,2.7702789306640625,166.0,1298,5.1
fixation,366448.2009999752,0.380046804745992,0.49604902499251896,2.599447250366211,2.712254842122396,150.0,1299,5.1
fixation,366631.53900003433,0.44943709213000077,0.48718317999289584,2.6227452204777646,2.730260995718149,216.0,1300,5.1
fixation,366881.53999996185,0.5178227325280508,0.5029613859951496,2.753082275390625,2.8120104471842446,200.0,1301,5.1
fixation,367098.21099996567,0.5065259441733361,0.4961281016469002,2.7408355712890624,2.843890380859375,167.0,1302,5.1
fixation,367281.5449999571,0.5625134679404172,0.5027461756359447,2.802835637872869,2.848908857865767,183.0,1303,5.1
fixation,367498.2129999399,0.6089689410649813,0.5100540587535272,2.885021503155048,2.9257284311147838,217.0,1304,5.1
fixation,367731.5490000248,0.6952296197414398,0.506057451168696,2.902423858642578,2.934864044189453,200.0,1305,5.1
fixation,367948.2239999771,0.6795643448829651,0.5142110675573349,2.8629196166992186,2.8962799072265626,334.0,1306,5.1
fixation,368298.2230000496,0.741631989295666,0.509307840695748,2.8031475360576925,2.8343881460336537,217.0,1307,5.1
fixation,368531.55900001526,0.7678697870837318,0.5170910722679563,2.784886678059896,2.79400634765625,150.0,1308,5.1
fixation,368714.89600002766,0.8183415805300077,0.5083264745771885,2.7361246744791665,2.7891578674316406,200.0,1309,5.1
fixation,368931.56299996376,0.8390515625476838,0.5172429203987121,2.7330841064453124,2.7843780517578125,83.0,1310,5.1
fixation,369098.23300004005,0.37713428906032015,0.626320617539542,2.414337158203125,2.773380824497768,117.0,1311,5.1
fixation,369231.567999959,0.32050267268310895,0.6457007527351379,2.3260269165039062,2.854482477361506,366.0,1312,5.1
fixation,369614.90699994564,0.3640347696267642,0.6242278585067162,,2.7670088547926683,217.0,1313,5.1
fixation,369864.90699994564,0.41141929030418395,0.6026471734046936,,2.7117218017578124,83.0,1314,5.1
fixation,370114.9129999876,0.48637353628873825,0.6010409481823444,2.6235504150390625,2.718587875366211,133.0,1315,5.1
fixation,370264.91400003433,0.4915073774755001,0.5674233064055443,2.5670394897460938,2.7308921813964844,67.0,1316,5.1
fixation,370414.91900002956,0.5648686289787292,0.2857682840390639,2.8346446644176138,2.849265358664773,183.0,1317,NOTRIAL
fixation,370614.9199999571,0.5671082314322976,0.2516724861720029,2.8958156810087314,2.9107127470128678,283.0,1318,NOTRIAL
fixation,370914.92299997807,0.5040439672768116,0.2450757060199976,2.8598678588867186,2.854376220703125,333.0,1319,NOTRIAL
fixation,371264.92900002,0.5695123275121053,0.23797249669830003,2.8550491333007812,2.8102010091145835,200.0,1320,NOTRIAL
fixation,371498.2690000534,0.5078384733448426,0.2523875903959076,2.809272130330404,2.8303419748942056,400.0,1321,NOTRIAL
fixation,371948.27499997616,0.39689126185008455,0.4624168447085789,2.748101370675223,2.89300537109375,117.0,1322,NOTRIAL
fixation,372148.2799999714,0.5004031007940118,0.43840737302194943,2.722935763272372,2.779105446555398,367.0,1323,NOTRIAL
fixation,372531.62000000477,0.50111935287714,0.4307814724743366,2.715320587158203,2.716400146484375,66.0,1324,NOTRIAL
fixation,372714.95700001717,0.3732985109090805,0.6680294945836067,2.6498260498046875,2.7113800048828125,67.0,1325,NOTRIAL
fixation,372798.29400002956,0.35044909587928225,0.7176743937390191,2.6414108276367188,2.7708467755998885,234.0,1326,NOTRIAL
fixation,373048.29700005054,0.3551493167877197,0.7122514426708222,,2.8623748779296876,167.0,1327,NOTRIAL
fixation,373264.9659999609,0.4982227487933068,0.43164774491673424,2.742820376441592,2.844294230143229,700.0,1328,NOTRIAL
fixation,374031.6469999552,0.3649855703115463,0.36691875755786896,2.787548065185547,2.9421215057373047,133.0,1329,NOTRIAL
fixation,374181.6510000229,0.36461985749857767,0.415733345917293,2.7490365164620534,2.897942679268973,116.0,1330,NOTRIAL
fixation,374314.9859999418,0.3677265660630332,0.4188652005460527,2.7987908257378473,2.9023013644748263,300.0,1331,NOTRIAL
fixation,374714.99099993706,0.4874393977224827,0.5552903339266777,2.6274261474609375,2.832765579223633,133.0,1332,NOTRIAL
fixation,374898.3300000429,0.5228865191340446,0.27336580902338026,2.8224693298339845,2.8969261169433596,334.0,1333,NOTRIAL
fixation,375265.00499999523,0.5087655107180278,0.4653195728858312,2.7517466227213543,2.862841796875,250.0,1334,NOTRIAL
fixation,375548.34300005436,0.4772073511893933,0.32234123463814074,2.866771991436298,2.9108182466947117,216.0,1335,23
fixation,375798.3480000496,0.4490684326738119,0.3130418658256531,2.7274112701416016,2.822355270385742,133.0,1336,23
fixation,375965.0190000534,0.5262272996561868,0.3191010504961014,2.7475073678152904,2.7317276000976562,234.0,1337,23
fixation,376231.69099998474,0.4566206492875752,0.319903018443208,2.6502444618626644,2.713179738898026,317.0,1338,23
fixation,376565.03299999237,0.5095551013946533,0.32227386940609326,2.6995100541548296,2.682515924627131,184.0,1339,23
fixation,376765.0369999409,0.531471026795251,0.32594197349888937,2.6953604561941966,2.667504446847098,117.0,1340,23
fixation,376915.03999996185,0.43647059549887973,0.33808473621805507,2.593785603841146,2.7049535115559897,200.0,1341,23
fixation,377131.7129999399,0.5007440559566021,0.34644542820751667,2.677877426147461,2.7170705795288086,267.0,1342,23
fixation,377431.7189999819,0.4371339753270149,0.3801454737782478,2.571003723144531,2.67686767578125,167.0,1343,23
fixation,377631.7239999771,0.49390901004274684,0.3782948317627112,2.608861287434896,2.678948720296224,200.0,1344,23
fixation,377848.39600002766,0.4477959970633189,0.38762881855169934,2.550201416015625,2.6691436767578125,100.0,1345,23
fixation,377965.064999938,0.4351499807089567,0.45214253664016724,2.5325953165690103,2.662921905517578,134.0,1346,23
fixation,378181.7380000353,0.42391631565988064,0.446881040930748,2.5599708557128906,2.7227916717529297,133.0,1347,23
fixation,378331.74099993706,0.4777304521378349,0.4469666822868235,2.5711445527918197,2.704493803136489,283.0,1348,23
fixation,378731.75,0.46925707161426544,0.5191129110753536,2.583221435546875,2.6517696380615234,133.0,1349,23
fixation,378898.41900002956,0.47256810665130616,0.5010894566774369,2.5016357421875,2.61363525390625,91.0,1350,23
fixation,379215.09599995613,0.4769363284111023,0.2674380950629711,2.5761642456054688,2.6360504150390627,167.0,1351,23
fixation,379398.4329999685,0.44186028838157654,0.2595167485150424,2.571565107865767,2.619283502752131,183.0,1352,23
fixation,379598.43799996376,0.480956356972456,0.26488233357667923,2.571923573811849,2.630565643310547,200.0,1353,23
fixation,379831.77900004387,0.5360957953062925,0.26561263745481317,2.582649924538352,2.5737498890269888,183.0,1354,23
fixation,380031.77799999714,0.5547641047409603,0.26375645824841093,2.591282435825893,2.5660858154296875,117.0,1355,23
fixation,380181.7869999409,0.42934676660941196,0.27880406150451076,2.5594576322115383,2.6188683143028846,217.0,1356,23
fixation,380431.78999996185,0.4798899322748184,0.27806011736392977,2.6106231689453123,2.6346893310546875,167.0,1357,23
fixation,380631.79700005054,0.5366810645375933,0.27363099583557676,2.636287144252232,2.6337247576032365,233.0,1358,23
fixation,380881.7999999523,0.5658776329623328,0.2731015698777305,2.6647711859809027,2.662874009874132,150.0,1359,23
fixation,381115.13800001144,0.4215796800220714,0.6623950775931863,,2.6685378130744484,284.0,1360,23
fixation,381448.47899997234,0.5962941087782383,0.6532635018229485,2.6622657775878906,2.725160598754883,133.0,1361,23
fixation,381665.1469999552,0.3525700084865093,0.8692749366164207,2.1958160400390625,2.6606063842773438,134.0,1362,23
fixation,382031.82099998,0.37693004310131073,0.8434053361415863,,2.535472869873047,67.0,1363,23
fixation,382315.1599999666,0.4754267558455467,0.7837741076946259,,2.4012603759765625,67.0,1364,23
fixation,382765.16900002956,0.6264743010203043,0.8186115291383531,,2.6391754150390625,150.0,1365,23
fixation,383381.84599995613,0.46659458180268604,0.3340192437171936,2.7800521850585938,2.874720255533854,92.0,1366,23
fixation,383515.1829999685,0.4222344739569558,0.31419627037313247,2.7588907877604165,2.85988532172309,150.0,1367,23
fixation,383698.5190000534,0.47519171833992,0.5164153277873993,2.5568511962890623,2.72208251953125,83.0,1368,23
fixation,383831.8550000191,0.47512001341039484,0.5205142904411663,2.5752532958984373,2.7365542325106533,183.0,1369,23
fixation,384031.8589999676,0.4755145639181137,0.5254859060049057,2.579423522949219,2.7474929809570314,167.0,1370,23
fixation,384331.8639999628,0.6115401238203049,0.8455700725317001,,2.650257110595703,67.0,1371,23
fixation,384448.53199994564,0.5650324344635009,0.8082664847373963,,2.5916290283203125,83.0,1372,23
fixation,384815.20700001717,0.4710849126180013,0.8204962114493052,,2.7372258504231772,100.0,1373,23
fixation,385240.21399998665,0.37330756336450577,0.838610495130221,,2.8434219360351562,200.0,1374,23
fixation,385573.5520000458,0.4279081106185913,0.8463698089122772,,2.8406829833984375,168.0,1375,23
fixation,385990.22200000286,0.5551385482152303,0.840607676241133,,2.9158121744791665,150.0,1376,23
fixation,386173.557000041,0.6660488893588384,0.8399871935447057,2.8143895467122397,3.0019429524739585,100.0,1377,23
fixation,386506.89999997616,0.45732040432366455,0.3881362635980953,2.9633553244850854,3.0337760231711646,183.0,1378,23
fixation,386740.2359999418,0.4380971997976303,0.33586117476224897,2.9666748046875,3.040904235839844,167.0,1379,23
fixation,386923.57099998,0.4393229732910792,0.3159622980488671,2.97316657172309,3.0653483072916665,150.0,1380,23
fixation,387090.2389999628,0.5157440726955732,0.3147580549120903,3.079736073811849,3.139293670654297,200.0,1381,23
fixation,387323.57799994946,0.4456691484559666,0.3166433884338899,3.141487815163352,3.2528547807173296,191.0,1382,23
fixation,387673.58099997044,0.5110651744263512,0.3151234505431993,3.2818472726004466,3.351749965122768,241.0,1383,23
fixation,388040.25100004673,0.4632450297474861,0.3194420665502548,3.254170227050781,3.3087249755859376,167.0,1384,23
fixation,388223.5879999399,0.49968945573676715,0.31702943417158996,3.1098383123224433,3.2047549161044033,183.0,1385,23
fixation,388423.59200000763,0.5326971369130271,0.3170181874717985,3.0428074428013394,3.102626255580357,116.0,1386,23
fixation,388556.92599999905,0.42863978339093073,0.3377632881913866,2.962374005998884,3.0413218906947543,233.0,1387,23
fixation,388823.5950000286,0.49706456661224363,0.34382992625236514,2.9919561767578124,3.096973876953125,416.0,1388,23
fixation,389256.9309999943,0.44625829967359704,0.3952922069778045,2.912050247192383,2.9666194915771484,400.0,1389,23
fixation,389690.2730000019,0.44221039265394213,0.32039510309696195,2.874603271484375,2.899981689453125,167.0,1390,23
fixation,389873.60800004005,0.507642395546039,0.3217884418865045,2.8647992451985678,2.932215372721354,1000.0,1391,23
fixation,390956.9579999447,0.48780525227387744,0.37594268719355267,2.7985432942708335,2.911748250325521,108.0,1392,FIX_CROS
fixation,391273.63399994373,0.4931328193894748,0.36190970344790097,2.874323351629849,2.9331033640894395,475.0,1393,FIX_CROS
fixation,391790.3099999428,0.3330514042505196,0.465353307181171,2.688441957746233,2.726728984287807,934.0,1394,23.2
fixation,392756.99099993706,0.43858229368925095,0.4628115054219961,2.670482635498047,2.69854736328125,133.0,1395,23.2
fixation,392906.99399995804,0.5167181889216105,0.4635012311240037,2.698462168375651,2.7480977376302085,200.0,1396,23.2
fixation,393123.6660000086,0.5074918191222584,0.4714907881091623,2.757466933306526,2.792575611787684,283.0,1397,23.2
fixation,393423.67299997807,0.5562155480895724,0.47269567421504427,2.7919627598353793,2.839801243373326,233.0,1398,23.2
fixation,393690.3439999819,0.6055932899316152,0.47298121750354766,2.7847941080729166,2.838775634765625,250.0,1399,23.2
fixation,393957.0119999647,0.663160988688469,0.466200964152813,2.7601974487304686,2.8157119750976562,167.0,1400,23.2
fixation,394157.0199999809,0.7135030776262283,0.4624015539884567,2.749786376953125,2.8017260233561196,200.0,1401,23.2
fixation,394473.68799996376,0.49991737873781295,0.47471890775930314,2.7125447591145835,2.800321306501116,350.0,1402,23.2
fixation,394857.02900004387,0.5323623284697533,0.46527579724788665,2.669733428955078,2.750225067138672,334.0,1403,23.2
fixation,395207.0369999409,0.5828390229832042,0.4586844349449331,2.6382390802556817,2.7062433416193183,184.0,1404,23.2
fixation,395423.70700001717,0.6382754478189681,0.4602528048886193,2.616856892903646,2.745691935221354,150.0,1405,23.2
fixation,395607.04400002956,0.7306240934592027,0.45947687786359054,2.653570321890024,2.7620567908653846,217.0,1406,23.2
fixation,395890.3789999485,0.28777797892689705,0.4720313424865405,2.6832249959309897,2.777083079020182,200.0,1407,23.2
fixation,396107.0499999523,0.2536602795124054,0.46910034318765004,2.6807627360026043,2.7175913492838544,250.0,1408,23.2
fixation,396407.0499999523,0.42412486175696057,0.23205681952337423,2.667316436767578,2.718438466389974,200.0,1409,NOTRIAL
fixation,396640.38499999046,0.5794349397931781,0.22972407191991806,2.679410661969866,2.7185843331473216,116.0,1410,NOTRIAL
fixation,396790.38899993896,0.4897681544224421,0.24324905773003896,2.7697184244791666,2.826313273111979,250.0,1411,NOTRIAL
fixation,397057.057000041,0.5088605400588777,0.24899156226052177,2.882765875922309,2.9453328450520835,300.0,1412,NOTRIAL
fixation,397390.3949999809,0.4634834323078394,0.26704562082886696,2.852924346923828,2.91937255859375,266.0,1413,NOTRIAL
fixation,397690.3980000019,0.37121388912200926,0.24682958523432413,2.8944468180338543,2.9285308837890627,250.0,1414,NOTRIAL
fixation,397973.7319999933,0.4352235470129096,0.24331954996223035,2.844560706097147,2.8688752547554346,383.0,1415,NOTRIAL
fixation,398423.73699998856,0.37265776097774506,0.47834268771111965,2.6962194442749023,2.7597179412841797,267.0,1416,NOTRIAL
fixation,398707.07400000095,0.3531919199007529,0.4752056411019078,2.677646213107639,2.7057811595775463,450.0,1417,NOTRIAL
fixation,399190.4119999409,0.36961199264777334,0.7077979900335011,2.645791304738898,2.7896399247018913,316.0,1418,NOTRIAL
fixation,399523.74800002575,0.3625885370450142,0.715580369417484,2.695477999173678,2.8711618276742787,650.0,1419,NOTRIAL
fixation,400223.75499999523,0.4788997396826744,0.8103890746831894,2.709100341796875,2.8510452270507813,167.0,1420,NOTRIAL
fixation,400423.7610000372,0.4767052084207535,0.7977099716663361,2.5735229492187495,2.814825439453125,83.0,1421,NOTRIAL
fixation,400640.4279999733,0.3818073847464153,0.725735970905849,2.7065037318638394,2.909271240234375,116.0,1422,NOTRIAL
fixation,400773.7660000324,0.37051495909690857,0.7318412780761718,2.7081234580592106,2.9461410522460936,333.0,1423,NOTRIAL
fixation,401140.43700003624,0.39675968343561346,0.7006952464580536,2.7418212890625,3.020355224609375,183.0,1424,NOTRIAL
fixation,401590.44500005245,0.37014157076676685,0.6925635238488516,2.79896240234375,3.0960159301757812,100.0,1425,NOTRIAL
fixation,401773.78299999237,0.36762491166591643,0.681571364402771,2.8833099365234376,3.1623809814453123,83.0,1426,NOTRIAL
fixation,401923.7840000391,0.6584505615755916,0.7404074212536216,3.1952290534973145,3.230684280395508,541.0,1427,NOTRIAL
fixation,403023.80499994755,0.6401055615681869,0.6978633931049933,3.2169518103966346,3.3074622521033654,225.0,1428,NOTRIAL
fixation,403390.48699998856,0.5244913697242737,0.8276752498414781,3.010191175672743,3.2264268663194446,142.0,1429,NOTRIAL
fixation,403573.81599998474,0.4561569094657898,0.8100835159420967,2.9176457722981772,3.1671727498372397,200.0,1430,NOTRIAL
fixation,403807.14900004864,0.5392148286104202,0.8016335815191269,2.8225521511501737,2.9711929321289063,175.0,1431,NOTRIAL
fixation,404173.8220000267,0.4826981397345662,0.2426644191145897,3.0070066452026367,3.10915470123291,259.0,1432,NOTRIAL
fixation,404490.49500000477,0.6480049980538232,0.22274016056741988,3.0607713971819197,3.119201115199498,466.0,1433,NOTRIAL
fixation,404990.5,0.541612692501234,0.12006387049737184,3.1779546323029892,3.222863902216372,383.0,1434,NOTRIAL
fixation,405407.1779999733,0.41860047976175946,0.16798372069994608,3.088863554454985,3.1328263055710566,350.0,1435,NOTRIAL
fixation,405790.5199999809,0.5104680801347151,0.4725652412842896,3.0832408323126326,3.203223535570048,983.0,1436,FIX_CROS
fixation,406823.878000021,0.25331711556230274,0.4018622360059193,3.124821254185268,3.262819562639509,117.0,1437,23.1
fixation,406957.21399998665,0.20271847744782764,0.37342522144317625,3.0736846923828125,3.1145731608072915,250.0,1438,23.1
fixation,407240.557000041,0.24249912984669209,0.35875667445361614,2.9016590118408203,2.9219703674316406,266.0,1439,23.1
fixation,407540.5640000105,0.21795658208429813,0.3725153331955274,2.9550870259602866,2.978825887044271,200.0,1440,23.1
fixation,407757.2339999676,0.2571697210272153,0.35831193005045253,3.0093371073404946,3.091266632080078,208.0,1441,23.1
fixation,408107.24500000477,0.2985715885957082,0.35733288327852886,3.0896565755208334,3.1945200602213544,250.0,1442,23.1
fixation,408390.58500003815,0.3597539732089409,0.35790403531147885,3.128277118389423,3.2269392747145433,216.0,1443,23.1
fixation,408623.9249999523,0.4078471470962871,0.3554046682336114,3.0409892689098013,3.104044133966619,183.0,1444,23.1
fixation,408823.9309999943,0.3734954675038656,0.3503633807102839,2.9458038330078127,3.064650472005208,250.0,1445,23.1
fixation,409107.2730000019,0.44445177705751526,0.3697890498571926,3.089109632703993,3.1953252156575522,600.0,1446,23.1
fixation,409723.95599997044,0.4916827380657196,0.37095535546541214,3.0739758809407554,3.150071461995443,200.0,1447,23.1
fixation,409940.62600004673,0.4722974792122841,0.37199429571628573,3.0357437133789062,3.1001571655273437,166.0,1448,23.1
fixation,410257.30099999905,0.5231528083483378,0.3652447524170081,3.00640869140625,3.0982017517089844,200.0,1449,23.1
fixation,410490.64199995995,0.5479298084974289,0.36661630123853683,3.048262023925781,3.1266845703125,166.0,1450,23.1
fixation,410673.9769999981,0.5889932103455067,0.36555707454681396,2.920771280924479,2.9887491861979165,400.0,1451,23.1
fixation,411090.65299999714,0.6406808074782876,0.3699604798765743,2.9374587115119484,3.0027618408203125,283.0,1452,23.1
fixation,411407.32400000095,0.6831494042506585,0.36646394775463986,3.0095285268930287,3.0940939096304088,217.0,1453,23.1
fixation,411640.6629999876,0.6627391546964645,0.37091043293476106,3.0482528686523436,3.1378097534179688,166.0,1454,23.1
fixation,411840.6669999361,0.7168112668124113,0.3564519665457986,3.066954179243608,3.1422465931285513,183.0,1455,23.1
fixation,412057.3370000124,0.7693221677433361,0.3516352691433646,3.068106911399148,3.139778830788352,183.0,1456,23.1
fixation,412257.3400000334,0.7320814261833827,0.35849185089270275,3.034373474121094,3.1148330688476564,500.0,1457,23.1
fixation,412790.6829999685,0.7981445014476776,0.35082707852125167,3.0121307373046875,3.095960998535156,167.0,1458,23.1
fixation,412974.0199999809,0.8261505663394928,0.35259539385636646,3.0008392333984375,3.091583251953125,100.0,1459,23.1
fixation,413157.35800004005,0.23747903853654861,0.38953032791614534,2.9151794433593747,3.0559371948242187,166.0,1460,23.1
fixation,413357.3609999418,0.20927281792347247,0.46060427794089687,2.8317765455979567,3.0008615347055287,216.0,1461,23.1
fixation,413590.69900000095,0.2632042313260691,0.4516871709908758,2.7294115339006697,2.9503184727260043,233.0,1462,23.1
fixation,413857.3710000515,0.3285111595283855,0.4403183406049555,2.6850960471413354,2.8140494606711646,183.0,1463,23.1
fixation,414057.37399995327,0.31440235538916156,0.44257003339854156,2.6702769886363638,2.8449235395951704,183.0,1464,23.1
fixation,414257.37699997425,0.38392043775982326,0.4427672260337406,2.7567681206597223,2.895017835828993,150.0,1465,23.1
fixation,414424.0460000038,0.3604034964854901,0.4458306087897374,2.8058084341195912,2.962641789362981,217.0,1466,23.1
fixation,414657.38499999046,0.409400025382638,0.453025683760643,2.8870773315429688,3.005067825317383,141.0,1467,23.1
fixation,414940.7239999771,0.46192265426119167,0.4512525436778863,2.867834726969401,3.0069859822591147,400.0,1468,23.1
fixation,415374.064999938,0.5061417356133461,0.4550543799996376,2.8287933349609373,2.932269287109375,167.0,1469,23.1
fixation,415557.39999997616,0.5404718138954856,0.4576058022000573,2.8217648592862217,2.8962027809836646,183.0,1470,23.1
fixation,415757.4049999714,0.5899901874363422,0.45967455953359604,2.8715782165527344,2.9114627838134766,266.0,1471,23.1
fixation,416040.7419999838,0.6399168925625938,0.45693175388234003,2.9017977033342635,2.9580459594726562,233.0,1472,23.1
fixation,416307.4129999876,0.702416056394577,0.4615291307369868,2.952418009440104,2.985712687174479,250.0,1473,23.1
fixation,416574.0829999447,0.7428794828328219,0.46813268011266534,2.9606392600319604,3.031839544122869,184.0,1474,23.1
fixation,416774.0829999447,0.7875410750508308,0.45766454115509986,2.897400665283203,3.0160285949707033,334.0,1475,23.1
fixation,417124.0909999609,0.8136995664009681,0.4526855395390437,2.839941171499399,2.9425389216496396,217.0,1476,23.1
fixation,417357.42999994755,0.8356248378753662,0.45987401008605955,2.825982666015625,2.9306121826171876,83.0,1477,23.1
fixation,417507.42999994755,0.5018639051251941,0.5478319426377615,2.7303890652126737,2.905427720811632,150.0,1478,23.1
fixation,417674.0950000286,0.44870677838722867,0.5632736111680666,2.777796427408854,2.9046974182128906,208.0,1479,23.1
fixation,418057.43799996376,0.506253085202641,0.5471776326497396,2.7501966688368054,2.8914998372395835,150.0,1480,23.1
fixation,418524.1130000353,0.5035422581892747,0.552384248146644,2.7944723275991588,2.9119544396033654,209.0,1481,23.1
fixation,418774.11500000954,0.5453279444149562,0.5497830552714211,2.8539603097098216,2.9324842180524553,117.0,1482,23.1
fixation,418957.45200002193,0.21271535158157348,0.3586242124438286,2.910813903808594,3.015789794921875,166.0,1483,23.1
fixation,419140.7869999409,0.19326537315334594,0.36784868261643816,2.9229398454938615,2.9795445033482144,233.0,1484,23.1
fixation,419407.4579999447,0.23712770125040641,0.3526286379649089,2.8015277569110575,2.872315626878005,216.0,1485,23.1
fixation,419640.79400002956,0.28578244149684906,0.3485668847958247,2.7525115966796876,2.805830891927083,250.0,1486,23.1
fixation,419907.4629999399,0.24219213210874133,0.35611306362681916,2.8401014539930554,2.87898932562934,750.0,1487,23.1
fixation,420674.14199995995,0.2760239419612018,0.3547516153617339,2.7752005837180396,2.8424862948330967,192.0,1488,23.1
fixation,420990.81599998474,0.30868997673193616,0.3648273017671373,2.804933336046007,2.824339124891493,150.0,1489,23.1
fixation,421257.4859999418,0.2812011446803808,0.37658435478806496,2.893939971923828,2.9843826293945312,133.0,1490,23.1
fixation,421474.15699994564,0.3382633291184902,0.3795720525085926,2.9849395751953125,3.028461456298828,75.0,1491,23.1
fixation,421757.496999979,0.3785306250347811,0.3626898781341665,2.9997100830078125,3.0975970099954044,275.0,1492,23.1
fixation,422074.16799998283,0.44137859225273135,0.36144058883190155,2.7913543701171877,2.854508056640625,417.0,1493,23.1
fixation,422507.50899994373,0.4641394180556138,0.3586348245541255,2.6866366068522134,2.756427764892578,200.0,1494,23.1
fixation,422724.17999994755,0.5038716779513792,0.3681429312987761,2.7222775545987217,2.8056890314275567,184.0,1495,23.1
fixation,422924.1829999685,0.541503295302391,0.3688267817099889,2.7185287475585938,2.790821075439453,200.0,1496,23.1
fixation,423140.8550000191,0.5791573705880538,0.36814833011316217,2.7291637918223506,2.776935743248981,383.0,1497,23.1
fixation,423557.52900004387,0.6152465993707831,0.3736627684398131,2.8087324662642046,2.8424072265625,916.0,1498,23.1
fixation,424490.87699997425,0.6431792452931404,0.37283927015960217,2.9355907440185547,2.9740219116210938,133.0,1499,23.1
fixation,424640.88100004196,0.6854734974248069,0.37017774262598585,2.9261856079101562,2.9531141008649553,233.0,1500,23.1
fixation,424890.88499999046,0.7373381094499067,0.35461638596924866,2.8627208362926138,2.918630426580256,183.0,1501,23.1
fixation,425090.8940000534,0.8050869305928549,0.348853490418858,2.8406558566623263,2.8678656684027777,150.0,1502,23.1
fixation,425324.2269999981,0.20036527122321882,0.35685873659033523,2.860269646895559,2.9279198897512337,317.0,1503,23.1
fixation,425657.5640000105,0.24284527351458868,0.3564382900794347,2.8212565104166667,2.8736287434895833,250.0,1504,23.1
fixation,425940.90299999714,0.2937562980435111,0.357674396850846,2.7582439075816763,2.757651589133523,183.0,1505,23.1
fixation,426140.9060000181,0.3535427634532635,0.3625897868321492,2.7300203763521633,2.7733365572415867,217.0,1506,23.1
fixation,426374.246999979,0.3396433264017105,0.3602721631526947,2.7326904296875,2.790411376953125,84.0,1507,23.1
fixation,426474.2460000515,0.38960802430907887,0.36173997571070987,2.7500877380371094,2.8095779418945312,200.0,1508,23.1
fixation,426690.91400003433,0.4430641618867715,0.35837698479493457,2.766148885091146,2.848155975341797,200.0,1509,23.1
fixation,426907.58500003815,0.47962560707872565,0.3638531836596402,2.817343971946023,2.868838223544034,183.0,1510,23.1
fixation,427107.5870000124,0.5217374811569849,0.36527518928050995,2.8111864725748696,2.8757108052571616,200.0,1511,23.1
fixation,427340.9249999523,0.5837745100259781,0.36823792159557345,2.8193389892578127,2.8542510986328127,167.0,1512,23.1
fixation,427524.25999999046,0.6452540365549234,0.3638123365548941,2.84762455866887,2.8267963115985575,217.0,1513,23.1
fixation,427757.59599995613,0.6988817155361176,0.3551978286769655,2.826692369249132,2.803314208984375,150.0,1514,23.1
fixation,427924.2649999857,0.6779889365037283,0.3603165133131875,2.8354627821180554,2.795225355360243,150.0,1515,23.1
fixation,428090.93799996376,0.7302832132891605,0.3585349674287595,2.83003074244449,2.840597855417352,317.0,1516,23.1
fixation,428440.9420000315,0.8234303668141365,0.3467504183451335,2.8598454793294272,2.8731842041015625,200.0,1517,23.1
fixation,428724.27900004387,0.2729830550295966,0.43050839219774517,2.8103223528180803,2.9366258893694197,117.0,1518,23.1
fixation,428857.61500000954,0.19837728788455328,0.4659141083558401,2.872636922200521,3.0330830891927083,250.0,1519,23.1
fixation,429124.28600001335,0.2431836649775505,0.45842006951570513,2.8212661743164062,2.936753845214844,167.0,1520,23.1
fixation,429307.628000021,0.2970436948996324,0.4470551243195167,2.7071744478665867,2.802088810847356,216.0,1521,23.1
fixation,429540.9550000429,0.3517639070749283,0.44974641799926757,2.7240036010742186,2.848675537109375,167.0,1522,23.1
fixation,429740.9620000124,0.40723366662859917,0.463562482347091,2.8077723185221353,2.8905677795410156,200.0,1523,23.1
fixation,429957.6319999695,0.4533400634924571,0.4692414787908395,2.8315912882486978,2.933386484781901,200.0,1524,23.1
fixation,430174.3020000458,0.49538404690591914,0.46467299524106476,2.831193622789885,2.9732296592310856,317.0,1525,23.1
fixation,430524.30499994755,0.5327384901046753,0.46852756023406983,2.8354071044921874,2.9213629150390625,417.0,1526,23.1
fixation,430974.314999938,0.5832002431154251,0.46575713604688646,2.8344635009765624,2.851251220703125,167.0,1527,23.1
fixation,431157.6519999504,0.6352736175060272,0.47080057164033257,2.836229451497396,2.85264892578125,250.0,1528,23.1
fixation,431440.9919999838,0.7059185233983126,0.46712934225797653,2.791623202237216,2.8381111838600854,367.0,1529,23.1
fixation,431824.3289999962,0.7673814378001473,0.45226960426027124,2.7728507302024146,2.807914040305398,184.0,1530,23.1
fixation,432041.0,0.798052575190862,0.4578745941321055,2.827076212565104,2.8753346761067706,250.0,1531,23.1
fixation,432324.3370000124,0.8288758158683777,0.4559705466032028,2.8576690673828127,2.9164306640625,83.0,1532,23.1
fixation,432474.3409999609,0.48995755799114704,0.55165084451437,2.7415218353271484,2.904895782470703,133.0,1533,23.1
fixation,432624.34599995613,0.44664006332556405,0.5551055431365967,2.748248291015625,2.8997121175130207,250.0,1534,23.1
fixation,432891.01699995995,0.5006407412389914,0.5645691603422165,2.7996559143066406,2.926466623942057,200.0,1535,23.1
fixation,433107.6849999428,0.5475938783751594,0.5635965863863627,2.8088785807291665,2.87589348687066,150.0,1536,23.1
fixation,433274.3569999933,0.49681186782462256,0.5736669621297291,2.744929722377232,2.875455583844866,233.0,1537,23.1
fixation,433524.3600000143,0.5188897297932551,0.5710638027924758,2.7511631892277646,2.849146916316106,216.0,1538,23.1
fixation,433757.6979999542,0.5546683030469077,0.5686239217008863,2.7662266322544644,2.8223702566964284,117.0,1539,23.1
fixation,433924.3639999628,0.24411899702889578,0.4330059928553445,2.7743072509765625,2.8255397251674106,116.0,1540,23.1
fixation,434074.3669999838,0.18010260164737701,0.3692478356616838,2.8195114135742188,2.866406032017299,233.0,1541,23.1
fixation,434324.37300002575,0.23555188732487814,0.3578349309308188,2.7580762590680803,2.766603742327009,124.0,1542,23.1
fixation,434574.37999999523,0.23310479273398718,0.3641473833057616,2.6999003092447915,2.670901828342014,142.0,1543,23.1
fixation,434741.04799997807,0.27426439949444364,0.37029758308615,2.726893833705357,2.726255144391741,117.0,1544,23.1
fixation,434974.3860000372,0.33529989793896675,0.3993779793381691,2.7711830139160156,2.781505584716797,74.0,1545,23.1
fixation,435207.7239999771,0.32932494793619427,0.38108650914260317,2.8051321847098216,2.865624564034598,109.0,1546,23.1
fixation,435341.0579999685,0.38795700804753736,0.36958870969035407,2.862374045632102,2.909464055841619,184.0,1547,23.1
fixation,435541.0609999895,0.36781123957850714,0.3694796697659926,2.862458662553267,2.912040016867898,184.0,1548,23.1
fixation,435757.7350000143,0.4493038132786751,0.371653251349926,2.868610382080078,2.8952534993489585,200.0,1549,23.1
fixation,435974.4019999504,0.40205480429259216,0.3749343007802963,2.852548772638494,2.8831024169921875,183.0,1550,23.1
fixation,436191.0720000267,0.4442943919982229,0.3748154097369739,2.904266357421875,2.8939895629882812,234.0,1551,23.1
fixation,436441.0750000477,0.489779324332873,0.37634221414724983,2.9559061686197916,2.9677703857421873,250.0,1552,23.1
fixation,436707.75100004673,0.46851186205943424,0.37914492562413216,2.9924189249674478,3.012334187825521,200.0,1553,23.1
fixation,436941.0839999914,0.5243243460471814,0.35966779406254107,2.9357933631310096,2.9314434344951925,217.0,1554,23.1
fixation,437174.4240000248,0.5785621285438538,0.36016490757465364,2.947100830078125,2.969282023111979,250.0,1555,23.1
fixation,437457.76300001144,0.634233483672142,0.35786648392677306,2.92337646484375,2.930775451660156,167.0,1556,23.1
fixation,437641.1019999981,0.6885834842920303,0.3585557982325554,2.901971435546875,2.8906326293945312,167.0,1557,23.1
fixation,437841.10399997234,0.7621812283992767,0.3545986399054527,2.871510314941406,2.878253173828125,167.0,1558,23.1
fixation,438024.439999938,0.8147754371166229,0.3549659579992294,2.900927734375,2.886358642578125,83.0,1559,23.1
fixation,438191.1069999933,0.2368196677416563,0.47216673381626606,2.918020248413086,2.9395503997802734,134.0,1560,23.1
fixation,438341.1109999418,0.20021742311390964,0.4837819541042501,2.9249031760475854,2.9573239413174717,184.0,1561,23.1
fixation,438541.1130000353,0.2512683448466388,0.4703711772506887,2.881783225319602,2.887900612571023,184.0,1562,23.1
fixation,438741.1180000305,0.3271238537771361,0.4576535927397864,2.8075343540736606,2.7904532296316966,234.0,1563,23.1
fixation,438991.125,0.31244176626205444,0.4644329647223155,2.784303453233507,2.7682037353515625,150.0,1564,23.1
fixation,439174.4589999914,0.44523294405503705,0.46073881604454736,2.782247369939631,2.754241943359375,183.0,1565,23.1
fixation,439374.4629999399,0.41401679001071234,0.4696618508208882,2.8348041881214487,2.8830982555042612,183.0,1566,23.1
fixation,439574.4659999609,0.47018522024154663,0.46693678200244904,2.8993179321289064,2.9028594970703123,166.0,1567,23.1
fixation,439757.80400002,0.5175858755265513,0.469480499625206,2.9203993274319555,2.9404730027721775,517.0,1568,23.1
fixation,440307.81299996376,0.5703246146440506,0.4618522435426712,2.896806335449219,2.9160980224609374,167.0,1569,23.1
fixation,440491.14999997616,0.6222352087497711,0.4615327328443527,2.8861129760742186,2.8709564208984375,167.0,1570,23.1
fixation,440691.15299999714,0.6809829656894391,0.45865962023918444,2.8645406869741588,2.8637120173527646,217.0,1571,23.1
fixation,440941.15699994564,0.7774951962324289,0.4537882082737409,2.8478933481069713,2.8479719895582933,217.0,1572,23.1
fixation,441174.4960000515,0.8093129204852241,0.4525885656476021,2.839330400739397,2.837770734514509,233.0,1573,23.1
fixation,441474.50100004673,0.49969593518310124,0.5687940882311927,2.818876478407118,2.836154513888889,150.0,1574,23.1
fixation,441641.1699999571,0.4573518834435023,0.5690902127669408,2.7672706017127404,2.7682677048903246,434.0,1575,23.1
fixation,442157.84599995613,0.5236655995249748,0.2991221807897091,2.794194539388021,2.8175646464029946,200.0,1576,NOTRIAL
fixation,442391.1829999685,0.6012021638453007,0.19415869377553463,2.9315109252929688,2.9813766479492188,134.0,1577,NOTRIAL
fixation,442557.8519999981,0.6449452588955561,0.22453175174693266,2.9288927714029946,2.9827893575032554,200.0,1578,NOTRIAL
fixation,442774.5230000019,0.6273918151855469,0.2370750938470547,2.939502422626202,3.016607431265024,216.0,1579,NOTRIAL
fixation,443007.8600000143,0.6577023383643892,0.23697920143604279,2.9718602498372397,3.028781467013889,308.0,1580,NOTRIAL
fixation,443474.5349999666,0.5790690396513257,0.24292473175695964,2.9872916085379466,3.0321480887276784,233.0,1581,NOTRIAL
fixation,443957.87699997425,0.5049199263254801,0.2633448814352353,2.892054239908854,2.920750935872396,92.0,1582,NOTRIAL
fixation,444091.2129999399,0.5779949890242683,0.2625793218612671,2.933293660481771,2.9692230224609375,150.0,1583,NOTRIAL
fixation,444274.54799997807,0.494113989174366,0.4772538480659326,2.7655156453450522,2.8067042032877603,200.0,1584,NOTRIAL
fixation,444491.2189999819,0.5341294308503469,0.4631470971637302,2.778474595811632,2.8297000461154513,150.0,1585,NOTRIAL
fixation,444674.55499994755,0.3693603028853734,0.4735578238964081,2.8278594970703126,2.8831573486328126,250.0,1586,NOTRIAL
fixation,444957.8949999809,0.49472097713838925,0.4557636475021189,2.881312283602628,2.869986794211648,367.0,1587,NOTRIAL
fixation,445341.23300004005,0.5036866720765829,0.4727163277566433,2.8658447265625,2.897310256958008,134.0,1588,NOTRIAL
fixation,445574.5729999542,0.3953635171055794,0.717503825823466,2.7730077107747397,2.8514633178710938,100.0,1589,NOTRIAL
fixation,445691.24000000954,0.3655758996804555,0.7179551879564922,2.8291585286458334,2.9030892508370534,250.0,1590,NOTRIAL
fixation,445957.91100001335,0.37509770856963265,0.7242365347014533,2.8537427462064304,2.931083396629051,450.0,1591,NOTRIAL
fixation,446457.9210000038,0.6518187432185464,0.7378517790980961,3.0698511980581973,3.096918741861979,1150.0,1592,NOTRIAL
fixation,447657.942999959,0.5755378268659115,0.31858398392796516,2.9682788848876953,2.995075225830078,133.0,1593,NOTRIAL
fixation,447807.94599998,0.5740640610456467,0.2348107775165276,2.8462711681019175,2.874325838955966,733.0,1594,NOTRIAL
fixation,448591.29400002956,0.3800843060016632,0.23729041777551174,2.8853988647460938,2.924203872680664,134.0,1595,NOTRIAL
fixation,448741.2960000038,0.3482280641794205,0.228704771399498,2.880230712890625,2.912184143066406,167.0,1596,NOTRIAL
fixation,448941.30099999905,0.4298479840159416,0.2116267688572407,2.892658996582031,2.894084167480469,167.0,1597,NOTRIAL
fixation,449157.9689999819,0.493142565091451,0.2103427689936426,2.9043460422092013,2.8953670925564237,150.0,1598,NOTRIAL
fixation,449341.3079999685,0.5675434271494547,0.21185066633754307,2.921113755967882,2.9300401475694446,150.0,1599,NOTRIAL
fixation,449524.6449999809,0.6536586933276233,0.20583060953546972,2.9189650591681984,2.926622278550092,283.0,1600,NOTRIAL
fixation,449841.317999959,0.6516642636722989,0.43366981877221,2.9452582465277777,2.9725553724500866,300.0,1601,NOTRIAL
fixation,450191.32400000095,0.37049347162246704,0.4702515261513846,2.949303763253348,3.070493425641741,125.0,1602,NOTRIAL
fixation,450491.3300000429,0.35115381194786593,0.45673501559279184,2.9109337546608667,2.91381177035245,734.0,1603,NOTRIAL
fixation,451241.34599995613,0.3526171650737524,0.45929257571697235,2.793850580851237,2.8348172505696616,400.0,1604,NOTRIAL
fixation,451674.6859999895,0.4940501643078668,0.6987551706177848,2.7565176827566966,2.7705492292131697,233.0,1605,NOTRIAL
fixation,451924.689999938,0.5640163570642471,0.6926987518866857,2.7723515828450522,2.76483154296875,100.0,1606,NOTRIAL
fixation,452091.3589999676,0.5338788330554962,0.2212048764857981,2.952406989203559,2.9636111789279513,300.0,1607,NOTRIAL
fixation,452424.6970000267,0.506572344086387,0.47446652772751724,2.971854469992898,2.9732485684481533,367.0,1608,NOTRIAL
fixation,452824.7039999962,0.5183684367399949,0.2935196115420415,3.0347313514122596,3.01904296875,217.0,1609,27
fixation,453091.37600004673,0.4800289813429117,0.7824665494263172,2.8743343353271484,2.9191417694091797,133.0,1610,27
fixation,453241.3789999485,0.4252460516161389,0.8756131562921736,2.867402818467882,2.969936794704861,150.0,1611,27
fixation,453408.0490000248,0.40918771798412007,0.8762285485863686,2.9205309549967446,3.102375030517578,200.0,1612,27
fixation,453624.7189999819,0.47288693352179095,0.8720134848898108,2.9792605313387783,3.1244007457386362,183.0,1613,27
fixation,453841.39199995995,0.5389912148316701,0.873865803082784,3.0515431722005206,3.011474609375,250.0,1614,27
fixation,454124.7300000191,0.45307544583366033,0.8509150573185512,2.960945492699033,2.9467584519159224,350.0,1615,27
fixation,454508.07099998,0.5161723047494888,0.8658878922462463,2.9787567138671873,3.009165954589844,167.0,1616,27
fixation,454691.40699994564,0.5628632442517714,0.8708597638390281,3.0231794877485796,2.9701704545454546,183.0,1617,27
fixation,454891.40699994564,0.6117613054811954,0.8686523698270321,3.020883560180664,2.933565139770508,141.0,1618,27
fixation,455191.41400003433,0.5115230064839125,0.3519534533843398,3.0476865768432617,2.9999942779541016,258.0,1619,27
fixation,455491.42200005054,0.5070772596767971,0.539270064660481,2.9056505475725447,2.8996436709449407,350.0,1620,27
fixation,455874.75899994373,0.4482010304927826,0.49964870741734135,2.820415790264423,2.8686382587139425,217.0,1621,27
fixation,456124.76399993896,0.4984665372081705,0.3151299441988404,2.8363861908783785,2.853732134844806,617.0,1622,27
fixation,456791.44099998474,0.4923487473279238,0.7058370001614094,2.7476844787597656,2.8474960327148438,133.0,1623,27
fixation,456958.11199998856,0.4442512793466449,0.572385385632515,2.838772773742676,2.9379167556762695,267.0,1624,27
fixation,457241.4500000477,0.5257005128595564,0.49363599055343205,2.891285366482205,2.928818596733941,300.0,1625,27
fixation,457558.12300002575,0.5234402924776077,0.5789945155382157,2.8118377685546876,2.8332855224609377,167.0,1626,27
fixation,457774.79299998283,0.5239274427294731,0.35922545442978543,2.8362299601236978,2.865258534749349,200.0,1627,27
fixation,457991.46399998665,0.4970819516217007,0.299889982184943,2.771763521082261,2.7761374080882355,566.0,1628,27
fixation,458591.47200000286,0.4492296290894349,0.3400585912168026,2.7372360229492188,2.7453180948893228,200.0,1629,27
fixation,458808.1469999552,0.4557309632117932,0.35641032571976,2.784717266376202,2.81063725398137,217.0,1630,27
fixation,459058.14999997616,0.5558060097694397,0.3118707251548767,2.81054443359375,2.8392633056640624,417.0,1631,27
fixation,459491.4919999838,0.5020498850128867,0.45812377536838705,2.854007374156605,2.9111744273792612,366.0,1632,FIX_CROS
fixation,459908.1669999361,0.5112966606111238,0.2808420477491437,2.856132738517992,2.8663168242483428,550.0,1633,FIX_CROS
fixation,460508.17900002,0.28624922409653664,0.38262471184134483,2.874814987182617,2.889148712158203,134.0,1634,27.1
fixation,460674.8450000286,0.19409165205433965,0.3748208461329341,2.8665904998779297,2.9095544815063477,267.0,1635,27.1
fixation,460958.1859999895,0.2504304478565852,0.3707330971956253,2.7934417724609375,2.799294026692708,250.0,1636,27.1
fixation,461224.8589999676,0.28755404867909173,0.3717075762423602,2.7646442760120737,2.7575184215198862,183.0,1637,27.1
fixation,461424.86199998856,0.32633979754014447,0.36509341949766333,2.7638785622336646,2.7654765735973013,183.0,1638,27.1
fixation,461624.8639999628,0.37068815393881366,0.36436338316310535,2.8062327991832388,2.8139773282137783,183.0,1639,27.1
fixation,461841.5369999409,0.41925624310970305,0.37298856526613233,2.831378173828125,2.85404052734375,166.0,1640,27.1
fixation,462024.87300002575,0.4022236317396164,0.38575666977299583,2.8550855848524304,2.874689737955729,158.0,1641,27.1
fixation,462374.8789999485,0.46911604837937787,0.36763064563274384,2.860472245649858,2.8510894775390625,175.0,1642,27.1
fixation,462574.8830000162,0.44788875844743514,0.37828099065356785,2.894109090169271,2.8901909722222223,150.0,1643,27.1
fixation,462741.5520000458,0.48407027249534923,0.3652408892909686,2.8226038614908853,2.749444325764974,200.0,1644,27.1
fixation,462958.2239999771,0.5037304636310128,0.364507241284146,2.742238661822151,2.6933369356043197,284.0,1645,27.1
fixation,463258.22899997234,0.5355563094982734,0.36312181330644167,2.7197054349459133,2.7112943209134617,217.0,1646,27.1
fixation,463491.56599998474,0.5216783910989762,0.3702876716852188,2.750868225097656,2.742326354980469,166.0,1647,27.1
fixation,463674.90299999714,0.5675247680573237,0.3685865707340695,2.8148309616815474,2.7875177292596724,350.0,1648,27.1
fixation,464058.2430000305,0.6219179467721418,0.36700595779852435,2.8269223299893467,2.831235018643466,184.0,1649,27.1
fixation,464258.246999979,0.6007394969463349,0.3605035662651062,2.8259185791015624,2.766259765625,84.0,1650,27.1
fixation,464374.91400003433,0.687229107726704,0.3632944172078913,2.8326471502130683,2.828427401455966,183.0,1651,27.1
fixation,464574.91799998283,0.6655737270008434,0.36644260449842975,2.8702448064630683,2.886566162109375,183.0,1652,27.1
fixation,464774.92200005054,0.7136412007468087,0.3638955791081701,2.907627650669643,2.9072036743164062,233.0,1653,27.1
fixation,465058.2610000372,0.3417100328952074,0.3654743367806077,2.8905086517333984,2.9077892303466797,267.0,1654,27.1
fixation,465358.2660000324,0.3987783893942833,0.36640299409627913,2.8119537353515627,2.81883544921875,167.0,1655,27.1
fixation,465541.60099995136,0.4431798186372308,0.3716406296281254,2.762621711282169,2.772382848403033,283.0,1656,27.1
fixation,465841.60800004005,0.40800822973251344,0.375622296333313,2.786395263671875,2.790692138671875,166.0,1657,27.1
fixation,466041.60800004005,0.468089480812733,0.36561439816768354,2.7920931302584133,2.7768272986778846,216.0,1658,27.1
fixation,466291.61199998856,0.5301851592957973,0.3572207372635603,2.8196144104003906,2.8106250762939453,133.0,1659,27.1
fixation,466491.6139999628,0.7706312055771167,0.36198627261015087,2.868280264047476,2.8954549936147838,216.0,1660,27.1
fixation,466724.9479999542,0.7567412753899893,0.36677266905705136,2.8777567545572915,2.9142862955729165,100.0,1661,27.1
fixation,466858.28299999237,0.8100731521844864,0.3527957896391551,2.8990300496419272,2.917067209879557,200.0,1662,27.1
fixation,467074.9550000429,0.827315628528595,0.35776416063308714,2.889703369140625,2.9134857177734377,83.0,1663,27.1
fixation,467241.6210000515,0.22304655835032464,0.4757061034440994,2.8101959228515625,2.897355651855469,166.0,1664,27.1
fixation,467424.95299994946,0.19038233562157705,0.4728410175213447,2.771894014798678,2.847070547250601,217.0,1665,27.1
fixation,467658.2919999361,0.23689313920644614,0.45633101004820603,2.7395970271183896,2.737804706280048,217.0,1666,27.1
fixation,467891.62399995327,0.27351483489785877,0.4586290003997939,2.6893724714006697,2.7234017508370534,233.0,1667,27.1
fixation,468158.2960000038,0.30490690011244553,0.4598899254432091,2.7428624079777646,2.7756723257211537,217.0,1668,27.1
fixation,468391.628000021,0.36234332621097565,0.4648733002444108,2.805548350016276,2.8434664408365884,200.0,1669,27.1
fixation,468608.2990000248,0.40683349315077066,0.46501100808382034,2.8389854431152344,2.857189178466797,267.0,1670,27.1
fixation,468891.6360000372,0.4583921988423054,0.46606765802089983,2.8145100520207333,2.860571054311899,433.0,1671,27.1
fixation,469341.63899993896,0.4876312559301203,0.45861728353933856,2.7840215509588067,2.8120838512073862,183.0,1672,27.1
fixation,469541.64199995995,0.5408879688807896,0.4575999549457005,2.7904957362583707,2.756575448172433,233.0,1673,27.1
fixation,469791.6440000534,0.5191040764684263,0.4743437974349312,2.775600930918818,2.821975044582201,383.0,1674,27.1
fixation,470208.3140000105,0.5602017551660537,0.4683902353048325,2.7558563232421873,2.750010681152344,167.0,1675,27.1
fixation,470391.6469999552,0.6060266367026738,0.4612103221671922,2.7435302734375,2.732954842703683,233.0,1676,27.1
fixation,470641.64900004864,0.6403896927833557,0.46552973985671997,2.750250244140625,2.7317474365234373,166.0,1677,27.1
fixation,470824.9859999418,0.6791173403079693,0.46176195259277636,2.7075030987079325,2.71481205866887,217.0,1678,27.1
fixation,471074.9880000353,0.7318226583302021,0.46118724532425404,2.691965103149414,2.6961517333984375,267.0,1679,27.1
fixation,471358.3289999962,0.7738350010835208,0.4612221591747724,2.6818988506610575,2.6802262526292067,217.0,1680,27.1
fixation,471591.6660000086,0.8055695484985005,0.452817212451588,2.67413330078125,2.6735063032670454,183.0,1681,27.1
fixation,471791.66900002956,0.8260358709555405,0.4552151056436392,2.685887263371394,2.6901209904597354,217.0,1682,27.1
fixation,472025.0069999695,0.8052934087239779,0.46398003284747785,2.732970017653245,2.752808790940505,217.0,1683,27.1
fixation,472258.3439999819,0.8260165452957153,0.4661687947809696,2.7735633850097656,2.807331085205078,133.0,1684,27.1
fixation,472458.3480000496,0.2363573107868433,0.5604206956923008,2.626279830932617,2.8839149475097656,133.0,1685,27.1
fixation,472625.0160000324,0.19285284541547298,0.5693683654069901,2.6773727416992186,2.857209014892578,334.0,1686,27.1
fixation,472991.689999938,0.24252983927726746,0.5491579055786133,2.5212142944335936,2.7286376953125,167.0,1687,27.1
fixation,473175.0269999504,0.2773795537650585,0.5601024379332861,2.5483805338541665,2.7081807454427085,200.0,1688,27.1
fixation,473391.6970000267,0.262597493827343,0.561515785753727,2.5641403198242188,2.746917724609375,67.0,1689,27.1
fixation,473475.0310000181,0.2633062481880188,0.5689835011959076,2.593450927734375,2.7869384765625,84.0,1690,27.1
fixation,473591.7000000477,0.3479714830716451,0.5603051086266836,2.657916259765625,2.813801066080729,250.0,1691,27.1
fixation,473858.3710000515,0.38535362780094146,0.5667054384946824,2.786299133300781,2.82933349609375,166.0,1692,27.1
fixation,474041.70599997044,0.43549440056085587,0.5486106899651614,2.6921866280691966,2.7417526245117188,367.0,1693,27.1
fixation,474425.04799997807,0.4840822693976489,0.5480952723459764,2.657977294921875,2.7001481489701704,184.0,1694,27.1
fixation,474625.0520000458,0.5437290966510773,0.5548908233642578,2.68831787109375,2.718927001953125,167.0,1695,27.1
fixation,474808.38800001144,0.5276036262512207,0.5540284557001931,2.6608494349888394,2.687595912388393,116.0,1696,27.1
fixation,474958.3899999857,0.5881476011127234,0.558746600523591,2.7244749069213867,2.652956962585449,266.0,1697,27.1
fixation,475241.7269999981,0.6290363437599606,0.5577429665459527,2.715760972764757,2.662348429361979,150.0,1698,27.1
fixation,475441.7300000191,0.7898889742791653,0.5640044944981734,2.77093505859375,2.771702448527018,400.0,1699,27.1
fixation,475858.4049999714,0.7136491561929384,0.571493943532308,2.768854777018229,2.768810272216797,200.0,1700,27.1
fixation,476075.0750000477,0.7641347825527192,0.5644128143787384,2.761579895019531,2.7716598510742188,167.0,1701,27.1
fixation,476408.41499996185,0.47786300629377365,0.28857276402413845,2.817328453063965,2.8640670776367188,266.0,1702,NOTRIAL
fixation,476708.4240000248,0.6158500711123148,0.22751600129736793,2.966552734375,2.941745334201389,150.0,1703,NOTRIAL
fixation,476875.0939999819,0.567785884141922,0.23724519222974777,2.847203369140625,2.8444891357421875,417.0,1704,NOTRIAL
fixation,477308.43799996376,0.6207758209535054,0.2811750013913427,2.8823928833007812,2.9054162161690846,233.0,1705,NOTRIAL
fixation,477558.4440000057,0.5379293362299601,0.39237406187587315,2.8657972547743054,2.9600897894965277,150.0,1706,NOTRIAL
fixation,477725.1130000353,0.504254222744041,0.45273971060911816,2.8815477159288196,2.9918424818250866,300.0,1707,NOTRIAL
fixation,478075.121999979,0.5556184649467468,0.6772919628355238,2.888727823893229,2.858854505750868,150.0,1708,NOTRIAL
fixation,478258.4579999447,0.6547377010186514,0.7400392095247904,2.9934015106736567,3.0330374199047423,950.0,1709,NOTRIAL
fixation,479258.4809999466,0.5837546214461327,0.2740308575332165,2.9958755493164064,2.994515228271484,333.0,1710,NOTRIAL
fixation,479625.15699994564,0.5018692898253599,0.40761954585711163,2.817704518636068,2.862929026285807,200.0,1711,FIX_CROS
fixation,479858.49399995804,0.4555680833402134,0.18963959653462684,2.8897189185732888,2.927556719098772,700.0,1712,FIX_CROS
fixation,480608.5119999647,0.26500423438847065,0.3335219155997038,2.7950439453125,2.8491268157958984,133.0,1713,27.2
fixation,480758.5180000067,0.2023627241452535,0.3235573410987854,2.778861490885417,2.837502034505208,250.0,1714,27.2
fixation,481025.1890000105,0.2567205767739903,0.3250103701244701,2.728238192471591,2.7646734064275567,184.0,1715,27.2
fixation,481225.19099998474,0.21127476170659065,0.3261837810277939,2.6829833984375,2.7203025817871094,142.0,1716,27.2
fixation,481541.8630000353,0.21519167721271515,0.32183940559625623,2.7760971069335936,2.788330078125,159.0,1717,27.2
fixation,481725.2009999752,0.2706725336611271,0.3240370377898216,2.8460960388183594,2.879566192626953,75.0,1718,27.2
fixation,481991.87300002575,0.3100339447458585,0.31545670827229816,2.8379618326822915,2.8152592976888022,92.0,1719,27.2
fixation,482125.21000003815,0.34825952909886837,0.31709923688322306,2.807964324951172,2.8244524002075195,267.0,1720,27.2
fixation,482408.54700005054,0.4028621871363033,0.3177178000861948,2.7332000732421875,2.725067138671875,183.0,1721,27.2
fixation,482625.21800005436,0.455134480045392,0.32179151016932267,2.6943734975961537,2.6998619666466346,217.0,1722,27.2
fixation,482858.55400002,0.43448319733142854,0.33380515575408937,2.739122009277344,2.7322967529296873,166.0,1723,27.2
fixation,483041.8910000324,0.46780703796280754,0.32999055749840206,2.744942559136285,2.7529703776041665,150.0,1724,27.2
fixation,483225.2269999981,0.5383550945450278,0.3180519114522373,2.734526690314798,2.751596787396599,284.0,1725,27.2
fixation,483541.9010000229,0.5931295210664923,0.3205825957384976,2.792043512517756,2.7867570356889204,183.0,1726,27.2
fixation,483741.90299999714,0.5711196715181525,0.32403503358364105,2.7769054066051138,2.793977217240767,183.0,1727,27.2
fixation,483941.90799999237,0.6121572355429331,0.3227681430677573,2.803288777669271,2.8127047220865884,200.0,1728,27.2
fixation,484158.57700002193,0.6027840737785611,0.3213704952171871,2.7850614275251115,2.8036095755440846,233.0,1729,27.2
fixation,484425.24899995327,0.6323126424103975,0.31617218535393476,2.784872055053711,2.841136932373047,267.0,1730,27.2
fixation,484708.58599996567,0.6729436760598962,0.3135759938846935,2.848795110529119,2.8817679665305396,183.0,1731,27.2
fixation,484925.2569999695,0.7278983354568481,0.3145135800043742,2.890581258138021,2.9152119954427085,250.0,1732,27.2
fixation,485208.59599995613,0.7814251316918267,0.30401665303442216,2.8758714463975696,2.921262953016493,150.0,1733,27.2
fixation,485375.2660000324,0.7534433030165159,0.31470954418182373,2.867314265324519,2.8952366755558896,217.0,1734,27.2
fixation,485608.6030000448,0.8009944912046194,0.3093994101509452,2.879702568054199,2.912022590637207,266.0,1735,27.2
fixation,485958.60800004005,0.28166466525622774,0.41183701370443615,2.830010550362723,2.9333278111049106,116.0,1736,27.2
fixation,486108.6100000143,0.18788292356159375,0.4108507406452428,2.8248682436735733,2.9377819558848506,383.0,1737,27.2
fixation,486525.28299999237,0.2465361196261186,0.3916861816094472,2.7199425330528846,2.760371281550481,217.0,1738,27.2
fixation,486758.61899995804,0.29020155817270277,0.3998772755265236,2.704792785644531,2.7501907348632812,166.0,1739,27.2
fixation,487008.62300002575,0.3366779759526253,0.39465704643064076,2.7147284613715277,2.7428436279296875,300.0,1740,27.2
fixation,487325.2960000038,0.3953625086475821,0.40040500637362986,2.752254710477941,2.791474286247702,284.0,1741,27.2
fixation,487625.29799997807,0.4514714794026481,0.4029290411207411,2.748011271158854,2.822597927517361,150.0,1742,27.2
fixation,487791.9650000334,0.43673355711830986,0.4088294555743535,2.742487589518229,2.7892625596788196,150.0,1743,27.2
fixation,487975.30499994755,0.5207461938261986,0.3943830877542496,2.670098622639974,2.7235806783040366,200.0,1744,27.2
fixation,488258.64199995995,0.5587870041529338,0.4046363631884257,2.692041015625,2.6605987548828125,250.0,1745,27.2
fixation,488525.31299996376,0.6012407976847428,0.4098670379473613,2.6756803072415867,2.6631305401141825,217.0,1746,27.2
fixation,488758.6519999504,0.6556815857237036,0.40653193674304267,2.6733342950994317,2.6805475408380683,183.0,1747,27.2
fixation,488958.6519999504,0.6357479890187582,0.41362951033645207,2.678800794813368,2.6905331081814237,150.0,1748,27.2
fixation,489141.98699998856,0.7303315917650859,0.40638844668865204,2.669208780924479,2.695473225911458,250.0,1749,27.2
fixation,489408.65799999237,0.773289144039154,0.4043730172243985,2.7024383544921875,2.7317366166548296,183.0,1750,27.2
fixation,489608.6599999666,0.8100260893503824,0.4062616514662902,2.7677459716796875,2.7546564737955728,200.0,1751,27.2
fixation,489891.99800002575,0.2513190797633595,0.5036002894242605,2.6390787760416665,2.8455386691623263,150.0,1752,27.2
fixation,490058.6660000086,0.19041592685075906,0.5080897842462246,2.5809504191080728,2.8356593205378604,217.0,1753,27.2
fixation,490292.003000021,0.18486090855939047,0.49109184529100147,2.5187574114118303,2.8027169363839284,117.0,1754,27.2
fixation,490425.33899998665,0.2305447578430176,0.4983187586069107,2.5580841064453126,2.7955841064453124,83.0,1755,27.2
fixation,490608.67299997807,0.28257348101872665,0.5034810900688171,2.639171893780048,2.7694479135366588,217.0,1756,27.2
fixation,490842.00999999046,0.3169605642557144,0.4878841906785965,2.6573226928710936,2.7761581420898436,334.0,1757,27.2
fixation,491192.01699995995,0.355349137024446,0.5037313388152556,2.714385986328125,2.7755473743785513,367.0,1758,27.2
fixation,491575.3600000143,0.4013761593536897,0.5041343772953207,2.7507088401100854,2.7979056618430396,183.0,1759,27.2
fixation,491775.3609999418,0.4411764700304378,0.49925840442830866,2.694376165216619,2.78759765625,183.0,1760,27.2
fixation,491975.36500000954,0.4292338788509369,0.5075975693762302,2.725064958844866,2.783052444458008,133.0,1761,27.2
fixation,492125.3639999628,0.4752908263887678,0.5051758502210889,2.702996390206473,2.7535226004464284,233.0,1762,27.2
fixation,492375.37000000477,0.5240473076701164,0.49361272777120274,2.727703094482422,2.698561350504557,200.0,1763,27.2
fixation,492592.0410000086,0.562357401305979,0.5039730058474974,2.7604175914417612,2.716796875,184.0,1764,27.2
fixation,492792.04400002956,0.5380248887972399,0.5018612796610052,2.7286529541015625,2.708344893022017,192.0,1765,27.2
fixation,493108.71700000763,0.5781178891658783,0.5365460455417633,2.7470245361328125,2.7398895263671874,83.0,1766,27.2
fixation,493358.72200000286,0.5742689073085785,0.5134739503264427,2.7721519470214844,2.7803993225097656,67.0,1767,27.2
fixation,493458.72200000286,0.5372972816228867,0.5086573153734207,2.7813400268554687,2.773692321777344,167.0,1768,27.2
fixation,493642.06200003624,0.5803259501331731,0.5149391858201278,2.7824578536184212,2.7842648154810856,317.0,1769,27.2
fixation,493992.0640000105,0.6262349954673222,0.5025889362607684,2.712505885532924,2.6979522705078125,234.0,1770,27.2
fixation,494258.73699998856,0.6972244415018294,0.5044472747378879,2.7450731065538196,2.7144368489583335,150.0,1771,27.2
fixation,494425.40699994564,0.6696168849101434,0.5113270821479651,2.7835728571965146,2.744128887469952,216.0,1772,27.2
fixation,494658.74399995804,0.7066698853786175,0.5118276075674937,2.7850611760066104,2.767359806941106,217.0,1773,27.2
fixation,494892.08099997044,0.7564614442261782,0.5098826397549022,2.7911640514026987,2.7774214311079546,184.0,1774,27.2
fixation,495108.75,0.7272253847784467,0.5102470037009981,2.8010465833875866,2.7997512817382812,300.0,1775,27.2
fixation,495425.42299997807,0.7575126945972442,0.5104928031563759,2.8331451416015625,2.811140441894531,166.0,1776,27.2
fixation,495608.76399993896,0.826306531826655,0.5054758116602898,2.807040744357639,2.814383612738715,300.0,1777,27.2
fixation,495992.10000002384,0.22331566512584686,0.6107804715633393,2.5902786254882812,2.9011138916015624,84.0,1778,27.2
fixation,496742.10800004005,0.30981595317522687,0.5783607810735703,2.37689208984375,2.6284815470377603,100.0,1779,27.2
fixation,497158.7810000181,0.3867044448852539,0.6035436441500982,2.624801635742187,2.7182439168294272,200.0,1780,27.2
fixation,497392.1139999628,0.47031862501587185,0.5925884374550411,2.634227752685547,2.619837079729353,234.0,1781,27.2
fixation,497642.1210000515,0.504336111924865,0.5852402529933236,2.634249600497159,2.613705721768466,184.0,1782,27.2
fixation,497842.121999979,0.5591720759868621,0.5984621644020081,2.677562459309896,2.6385091145833335,250.0,1783,27.2
fixation,498108.7910000086,0.5510534260954175,0.5926181418555123,2.6558445521763394,2.618166242327009,117.0,1784,27.2
fixation,498258.79299998283,0.6256165275206933,0.6024483740329742,2.7064185509314904,2.664585993840144,217.0,1785,27.2
fixation,498508.79700005054,0.7198637887835503,0.6106644317507743,2.7671493530273437,2.765397644042969,333.0,1786,27.2
fixation,498858.8020000458,0.7877376271145684,0.6226303513560977,2.791733877999442,2.8054820469447543,233.0,1787,27.2
fixation,499108.80499994755,0.7545179128646851,0.6276257889611381,2.752413068498884,2.786651611328125,117.0,1788,27.2
fixation,499308.8059999943,0.6744784360582178,0.2766161561012268,2.7909102006392046,2.81988525390625,183.0,1789,NOTRIAL
fixation,499508.80900001526,0.6479061668117841,0.24449972870449224,2.845007578531901,2.858257293701172,200.0,1790,NOTRIAL
fixation,499725.4780000448,0.631959984699885,0.24983262022336325,2.88089836968316,2.87223137749566,150.0,1791,NOTRIAL
fixation,499925.4819999933,0.5553598999977112,0.4637565854936838,2.835939407348633,2.808195114135742,133.0,1792,NOTRIAL
fixation,500075.4809999466,0.6404795291877928,0.466019895814714,2.905423118954613,2.906192597888765,350.0,1793,NOTRIAL
fixation,500508.82000005245,0.360242807202869,0.674256122774548,2.9102630615234375,2.797968546549479,150.0,1794,NOTRIAL
fixation,500775.49099993706,0.3707657977938652,0.6870431542396546,2.807708740234375,2.7959213256835938,166.0,1795,NOTRIAL
fixation,501042.1590000391,0.36304486223629545,0.6854102228369031,2.7959747314453125,2.743414742606027,117.0,1796,NOTRIAL
fixation,501292.16400003433,0.6565094362286961,0.7160307852660909,2.9179849063648895,2.8680752024931064,284.0,1797,NOTRIAL
fixation,501608.8339999914,0.6560926604270935,0.44645436882972717,3.0133203125,3.012744140625,417.0,1798,NOTRIAL
fixation,502042.17599999905,0.6470009254084693,0.32459447450108,2.9112921820746527,2.9136725531684027,300.0,1799,NOTRIAL
fixation,502375.5180000067,0.6406748524556557,0.2435356533775727,2.86383056640625,2.8767881393432617,800.0,1800,NOTRIAL
fixation,503192.19599998,0.593766217881983,0.26926400715654547,2.9384016557173296,2.956637295809659,184.0,1801,NOTRIAL
fixation,503408.8669999838,0.6514410382509231,0.4399744537472725,2.93618408203125,2.95957763671875,833.0,1802,NOTRIAL
fixation,504425.5490000248,0.607771709561348,0.22621150687336922,2.9630374908447266,2.9783143997192383,266.0,1803,NOTRIAL
fixation,504742.22099995613,0.5116494774818421,0.40915232747793195,2.8907257080078126,2.898060607910156,167.0,1804,NOTRIAL
fixation,504925.55900001526,0.5247115455567837,0.44444980565458536,2.787856101989746,2.811054229736328,266.0,1805,NOTRIAL
fixation,505208.8980000019,0.5055660232901573,0.3085132036358118,2.813894271850586,2.7983360290527344,133.0,1806,7
fixation,505375.56599998474,0.39861793185655886,0.3004746133318314,2.584808349609375,2.594361525315505,433.0,1807,7
fixation,505825.5729999542,0.4299295951019634,0.30703883550383826,2.4792355624112217,2.4717573686079546,183.0,1808,7
fixation,506025.57700002193,0.4492344558238983,0.3064066180677125,2.473878340287642,2.4542999267578125,550.0,1809,7
fixation,506592.25499999523,0.4756560528820211,0.3063748505982486,2.514889803799716,2.4744318181818183,184.0,1810,7
fixation,506792.2610000372,0.5122728794813156,0.30223728659061283,2.5552203838641825,2.484129098745493,434.0,1811,7
fixation,507242.2699999809,0.5355159682886941,0.3067582973412105,2.5756334577287947,2.512801034109933,234.0,1812,7
fixation,507492.27400004864,0.5730795860290527,0.3116147098216144,2.6286787553267046,2.568785233931108,184.0,1813,7
fixation,507692.2810000181,0.5122150821345193,0.3081061744264194,2.6266937255859375,2.5967745099748885,234.0,1814,7
fixation,507958.95299994946,0.574868761357807,0.3113683894986198,2.707432338169643,2.7116248721168157,350.0,1815,7
fixation,508325.62699997425,0.5959634674446923,0.3077539588723864,2.721167428152902,2.742352076939174,233.0,1816,7
fixation,508575.6330000162,0.5723998506863912,0.3046179940303167,2.680555216471354,2.6997029622395834,250.0,1817,7
fixation,508842.307000041,0.5980720559755961,0.30894193053245544,2.6784383138020833,2.689228312174479,250.0,1818,7
fixation,509108.97899997234,0.6165058712164561,0.3033244378036923,2.66745842827691,2.71140374077691,150.0,1819,7
fixation,509308.9819999933,0.3881288750895432,0.32619907547320637,2.5955118451799666,2.6676488603864397,467.0,1820,7
fixation,509792.32700002193,0.41401735072334606,0.32209292737146217,2.504449208577474,2.558383305867513,401.0,1821,7
fixation,510209.00199997425,0.45792166143655777,0.3248937912285328,2.562452697753906,2.5426925659179687,334.0,1822,7
fixation,510575.6779999733,0.4844533858390955,0.3206908290202801,2.5412691556490383,2.5144242506760817,217.0,1823,7
fixation,510809.0149999857,0.5117610692977905,0.32309521175920963,2.547616958618164,2.5594606399536133,267.0,1824,7
fixation,511092.3569999933,0.5487899432579676,0.3203655481338501,2.5870539347330728,2.6088968912760415,100.0,1825,7
fixation,511225.6920000315,0.476070674136281,0.32270363345742226,2.586841583251953,2.5804710388183594,133.0,1826,7
fixation,511392.36199998856,0.5389418383439382,0.3248819390932719,2.657862345377604,2.691200764973958,250.0,1827,7
fixation,511675.6979999542,0.5812528025020253,0.33141624250195245,2.763376409357244,2.7696075439453125,183.0,1828,7
fixation,511875.70299994946,0.603330647945404,0.33392762939135234,2.7568044026692706,2.7644927978515623,250.0,1829,7
fixation,512142.37399995327,0.6190547769268354,0.326197059204181,2.6830571492513022,2.7000160217285156,200.0,1830,7
fixation,512392.3789999485,0.38992182314395907,0.3491533935070038,2.6354698181152343,2.6800193786621094,333.0,1831,7
fixation,513075.7230000496,0.46187150867088983,0.34100721711697785,2.745874156122622,2.756861811098845,383.0,1832,7
fixation,513475.73300004005,0.5105270302813986,0.3359321336383405,2.6601443083389946,2.648218569548234,383.0,1833,7
fixation,513875.7380000353,0.5294775156413808,0.3398420898353352,2.706878662109375,2.6997914033777572,283.0,1834,7
fixation,514192.4090000391,0.5598170730200681,0.34731226617639716,2.7516951127485796,2.760048606178977,183.0,1835,7
fixation,514392.4129999876,0.5985512671799496,0.3436810328014966,2.746782500168373,2.7703594339304956,483.0,1836,7
fixation,514909.0900000334,0.619479238986969,0.3410794101655483,2.73028564453125,2.7448196411132812,134.0,1837,7
fixation,515092.4240000248,0.39117056219016805,0.35099850594997406,2.677866318646599,2.790937535903033,283.0,1838,7
fixation,515409.09700000286,0.42312154038385913,0.3575761033730073,2.7248798717151987,2.7632945667613638,184.0,1839,7
fixation,515609.0989999771,0.4044156283140182,0.3610196769237518,2.6514663696289062,2.702203369140625,167.0,1840,7
fixation,515809.1059999466,0.45186853847082925,0.3583867996931076,2.6631999296300553,2.6601750990923714,284.0,1841,7
fixation,516109.1069999933,0.4823804572224617,0.34976571301619214,2.6471188863118487,2.623205820719401,200.0,1842,7
fixation,516325.77799999714,0.5153500785430273,0.35356371973951656,2.666545867919922,2.634026845296224,200.0,1843,7
fixation,516542.4500000477,0.5538918809457258,0.35778162560679694,2.6891659823330967,2.685544100674716,183.0,1844,7
fixation,516742.4509999752,0.5400049729006631,0.35556100202458246,2.6803359985351562,2.683123997279576,233.0,1845,7
fixation,516992.4539999962,0.5677311215549707,0.36022469867020845,2.6706056594848633,2.654463768005371,266.0,1846,7
fixation,517275.7960000038,0.5885792798720874,0.36361814863406694,2.6499856802133412,2.6252576387845554,433.0,1847,7
fixation,517725.8020000458,0.6052770465612411,0.36040670921405155,2.6240997314453125,2.6081085205078125,100.0,1848,7
fixation,517859.1369999647,0.5011361189510511,0.40035966297854547,2.5787559177564536,2.561393406080163,384.0,1849,7
fixation,518259.1440000534,0.5153459668159485,0.4058884491523107,2.5298227945963543,2.5180369059244794,250.0,1850,7
fixation,518559.14900004864,0.6117240766684214,0.6985265552997589,2.488733927408854,2.4485870361328126,250.0,1851,7
fixation,518875.82099998,0.45855172723531723,0.7429715394973755,,2.1409530639648438,67.0,1852,7
fixation,519575.8289999962,0.41992151737213135,0.818632960319519,,2.3242584228515626,83.0,1853,7
fixation,519859.16799998283,0.40824808180332184,0.8196820616722107,,2.4207763671875,67.0,1854,7
fixation,520142.5069999695,0.5178364677862688,0.7974922873757102,,2.4413327303799717,183.0,1855,7
fixation,520342.5119999647,0.5736251047679356,0.820314462695803,2.6385955810546875,2.542173113141741,116.0,1856,7
fixation,520625.84700000286,0.6264828642209371,0.8228140870730082,2.644378662109375,2.5413716634114585,100.0,1857,7
fixation,520759.1849999428,0.6187916045839136,0.6928813105279749,2.710999922318892,2.675813154740767,184.0,1858,7
fixation,520992.5190000534,0.5116210364633136,0.4043419667416149,2.6733915540907116,2.61830563015408,300.0,1859,7
fixation,521309.1940000057,0.5035819010809064,0.40252412389963865,2.572916030883789,2.499325752258301,267.0,1860,7
fixation,521592.53199994564,0.520179848640393,0.402967448035876,2.568990462865585,2.5249187762920675,650.0,1861,7
fixation,522259.21000003815,0.5056285962010875,0.41072902805877454,2.7199924353397256,2.6901957194010415,550.0,1862,FIX_CROS
fixation,522859.22099995613,0.5038884948743018,0.4134826566043653,2.7355635793585527,2.72187644556949,317.0,1863,FIX_CROS
fixation,523225.8940000534,0.6414085560374789,0.4140547762314479,2.751188490125868,2.7399359809027777,150.0,1864,7.2
fixation,523442.5609999895,0.2167376751701037,0.3959195829100079,2.5342644585503473,2.722376505533854,150.0,1865,7.2
fixation,523609.2309999466,0.1868816027417779,0.40250151976943016,2.5531654357910156,2.7177162170410156,134.0,1866,7.2
fixation,523809.2359999418,0.22866175472736358,0.4008869379758835,2.500688171386719,2.6524383544921877,167.0,1867,7.2
fixation,524009.24000000954,0.28654864033063254,0.3970804164807002,2.5223734537760416,2.621318562825521,250.0,1868,7.2
fixation,524275.9119999409,0.2762477323412895,0.39889220520853996,2.5429306030273438,2.6603755950927734,133.0,1869,7.2
fixation,524425.9140000343,0.3254823852330446,0.39855141285806894,2.6060924530029297,2.653127670288086,267.0,1870,7.2
fixation,524709.2519999743,0.3712861253456636,0.4021314707669345,2.6899469549005683,2.7128115567294033,184.0,1871,7.2
fixation,524925.9210000038,0.42210288867354395,0.39153335988521576,2.6462387084960937,2.773882293701172,333.0,1872,7.2
fixation,525275.9279999733,0.4779389798641205,0.407149001955986,2.7434616088867188,2.7537307739257812,67.0,1873,7.2
fixation,525359.2630000114,0.4830353741462414,0.4097303587656755,2.7076955942007213,2.7187030498798075,217.0,1874,7.2
fixation,525609.2680000067,0.5329773187637329,0.4044420629739761,2.7091415405273436,2.6661972045898437,167.0,1875,7.2
fixation,525792.5980000496,0.5086742788553238,0.4079250345627467,2.6399854024251304,2.6285184224446616,200.0,1876,7.2
fixation,526009.2740000486,0.5340560291494642,0.4098769873380661,2.6460702078683034,2.634272984095982,117.0,1877,7.2
fixation,526159.2769999504,0.6088512450456619,0.4121051549911499,2.652923583984375,2.628306579589844,167.0,1878,7.2
fixation,526342.6130000353,0.6014242337809669,0.4191390656762653,2.6505194769965277,2.629942152235243,150.0,1879,7.2
fixation,526509.2849999666,0.6510128516417283,0.41127665226276106,2.6383584829477162,2.611444326547476,217.0,1880,7.2
fixation,526759.2890000343,0.7226511873304844,0.4080497454851866,2.6364173889160156,2.65887451171875,134.0,1881,7.2
fixation,526909.2949999571,0.6918033127273832,0.4160615684730666,2.6229400634765625,2.6495208740234375,234.0,1882,7.2
fixation,527159.2999999523,0.7327104285359383,0.40856518348058063,2.621922810872396,2.650012969970703,200.0,1883,7.2
fixation,527392.6369999647,0.7713117003440857,0.3932439833879471,2.577716827392578,2.667255401611328,66.0,1884,7.2
fixation,527475.9739999771,0.7715953528881073,0.4091076448559761,2.648020935058594,2.6885894775390624,167.0,1885,7.2
fixation,527659.3079999685,0.8016831468452107,0.41095871410586615,2.6854428378018467,2.6701299493963067,184.0,1886,7.2
fixation,527859.3159999847,0.8294818898042043,0.41330718249082565,2.705718994140625,2.6475423177083335,100.0,1887,7.2
fixation,528025.9869999886,0.2576132118701935,0.49488187953829765,2.4336204528808594,2.693592071533203,67.0,1888,7.2
fixation,528575.9989999533,0.23173866048455238,0.49604932591319084,2.374847412109375,2.6738929748535156,134.0,1889,7.2
fixation,528776.0039999485,0.2285047061741352,0.492703665047884,2.4340591430664062,2.6694717407226562,134.0,1890,7.2
fixation,529159.3450000286,0.45298113115131855,0.4010435324162245,2.719196319580078,2.669065475463867,133.0,1891,NOTRIAL
fixation,529342.6829999685,0.49920561350882053,0.21371140237897635,2.866659164428711,2.8762245178222656,133.0,1892,NOTRIAL
fixation,529509.3539999723,0.4078086508171899,0.21865119252886092,2.8700038364955356,2.902380807059152,116.0,1893,NOTRIAL
fixation,529642.6890000105,0.35812677153282696,0.24652735971742207,2.8566441006130643,2.921891530354818,600.0,1894,NOTRIAL
fixation,530276.0390000343,0.358567351102829,0.45051944851875303,2.6574300130208335,2.7972686767578123,84.0,1895,NOTRIAL
fixation,530376.0419999361,0.35954859256744387,0.458716607093811,2.6427215576171874,2.8361236572265627,84.0,1896,NOTRIAL
fixation,530526.0449999571,0.38009612835370576,0.4491978585720062,2.7323033259465146,2.8637601412259617,217.0,1897,NOTRIAL
fixation,530759.3839999437,0.36411231756210327,0.4434274919331074,2.6789042154947915,2.80841064453125,66.0,1898,NOTRIAL
fixation,530859.3869999647,0.36396414786577225,0.43730993072191876,2.588099161783854,2.7451451619466147,100.0,1899,NOTRIAL
fixation,531009.388999939,0.44099904431237114,0.4357677747805913,2.69876946343316,2.715760972764757,150.0,1900,NOTRIAL
fixation,531176.0599999428,0.37404523976147175,0.4718401413410902,2.6861019134521484,2.74407958984375,134.0,1901,NOTRIAL
fixation,531409.4019999504,0.37311465789874393,0.653093030055364,2.6958694458007812,2.7273966471354165,100.0,1902,NOTRIAL
fixation,531526.0690000057,0.3676364670197169,0.6727049052715302,2.58709716796875,2.7318038940429688,100.0,1903,NOTRIAL
fixation,531659.4029999971,0.369089749455452,0.6775410294532775,,2.77451171875,83.0,1904,NOTRIAL
fixation,531759.4049999714,0.3614913299679756,0.6872110739350319,,2.8000030517578125,133.0,1905,NOTRIAL
fixation,531909.4069999456,0.3623492643237114,0.676691323518753,,2.7456703186035156,66.0,1906,NOTRIAL
fixation,532026.0759999752,0.652071883069708,0.7154428134573266,2.914186842898105,2.882562515583444,784.0,1907,NOTRIAL
fixation,532876.0900000334,0.6148426110545794,0.26806390658020973,2.887354532877604,2.8964207967122397,200.0,1908,NOTRIAL
fixation,533092.7610000372,0.6343536160208962,0.24675368653102356,2.838248512961648,2.8630232377485796,183.0,1909,FIX_CROS
fixation,533309.4309999943,0.506410530457894,0.4380149890979131,2.7968114217122397,2.7754618326822915,200.0,1910,FIX_CROS
fixation,533559.4349999428,0.4631001803007993,0.23414936133406378,2.8295604359019886,2.8525504372336647,916.0,1911,FIX_CROS
fixation,534509.4539999962,0.4923744690604508,0.4605252961628139,2.7717971801757812,2.7993292808532715,533.0,1912,7.1
fixation,535059.4589999914,0.5185744379247937,0.4623212016054562,2.767258780343192,2.756915501185826,233.0,1913,7.1
fixation,535309.4659999609,0.49191426299512386,0.46615224251789705,2.7662852151053294,2.802692413330078,933.0,1914,7.1
fixation,536259.48300004,0.5249639710654384,0.45591966872629913,2.7988679305366846,2.845222804857337,391.0,1915,7.1
fixation,536842.8289999962,0.6369304196401075,0.243239779363979,2.878017541133996,2.9184699781013257,542.0,1916,NOTRIAL
fixation,537409.5119999647,0.6588585476080576,0.24530250661902958,2.839991251627604,2.883275349934896,150.0,1917,NOTRIAL
fixation,537609.51699996,0.6554016564041376,0.4847891516983509,2.8446531295776367,2.8758134841918945,266.0,1918,NOTRIAL
fixation,537892.8569999933,0.635542813539505,0.4890958160161972,2.904012451171875,2.9428729248046874,417.0,1919,NOTRIAL
fixation,538326.2029999495,0.5896354994990609,0.4731700623577291,2.828348333185369,2.8626750599254263,184.0,1920,NOTRIAL
fixation,538526.2100000381,0.5760872848331928,0.46252281591296196,2.8189163208007812,2.8214054107666016,134.0,1921,NOTRIAL
fixation,538692.8799999952,0.6519764382392168,0.45999488793313503,2.8372325897216797,2.8412628173828125,267.0,1922,NOTRIAL
fixation,538992.8880000114,0.5097128041088581,0.570833295583725,2.7734317779541016,2.698009490966797,133.0,1923,NOTRIAL
fixation,539159.5620000362,0.6476423680782318,0.6869951754808425,2.8144256591796877,2.78214111328125,166.0,1924,NOTRIAL
fixation,539342.8969999552,0.6564454346895218,0.7138616412878036,2.82734375,2.804920959472656,167.0,1925,NOTRIAL
fixation,539626.2380000353,0.3838494345545769,0.6596860066056252,2.6902923583984375,2.4914093017578125,134.0,1926,NOTRIAL
fixation,539892.9129999876,0.6462609258137251,0.7140924718819166,2.755961769505551,2.7712643271998356,633.0,1927,NOTRIAL
fixation,540609.5980000496,0.5846674596441204,0.2613988747370654,2.854529019059806,2.8495083512931036,483.0,1928,NOTRIAL
fixation,541126.2749999762,0.6485954159643592,0.460570975774672,2.9157160317025532,2.9172981076124236,684.0,1929,NOTRIAL
fixation,541859.6260000467,0.5419514395973899,0.6422676823355935,2.756675026633523,2.740540937943892,183.0,1930,NOTRIAL
fixation,542076.2979999781,0.526657196191641,0.354386364038174,2.811639639047476,2.8274160531850963,217.0,1931,NOTRIAL
fixation,542326.300999999,0.5062783999102456,0.4316349732024329,2.812990461077009,2.784912109375,117.0,1932,NOTRIAL
fixation,542459.6349999905,0.5114683397114277,0.46129137836396694,2.797395706176758,2.783538818359375,141.0,1933,2
fixation,542742.9650000334,0.565773273507754,0.44442517558733624,2.7948684692382812,2.7979634602864585,100.0,1934,2
fixation,542876.3090000153,0.5494928860664368,0.3106692749261856,2.7435711669921874,2.743878173828125,417.0,1935,2
fixation,543309.6519999504,0.5580817937850953,0.3643302857875824,2.6411972045898438,2.6395950317382812,166.0,1936,2
fixation,543492.9869999886,0.5539548776366494,0.39270933107896283,2.632150823419744,2.662046952681108,183.0,1937,2
fixation,543692.9930000305,0.587791037101012,0.3886645556642459,2.6784738393930287,2.743375924917368,433.0,1938,2
fixation,544159.6649999619,0.5737020373344421,0.4882057213357517,2.7040514264787947,2.7796641758510043,233.0,1939,2
fixation,544409.6699999571,0.5677797496318817,0.5320959228735703,2.7279076209435096,2.799999530498798,217.0,1940,2
fixation,544709.6740000248,0.5652831792831421,0.49935127581868854,2.759974161783854,2.850335257393973,358.0,1941,2
fixation,545359.6890000105,0.575042278766632,0.5282774162292481,2.8195526123046877,2.8818701171875,409.0,1942,2
fixation,545793.0290000439,0.5561589688062668,0.5490637987852096,2.8136566162109373,2.862628173828125,167.0,1943,2
fixation,545976.3639999628,0.5668377617994944,0.5300896982351939,2.7924123128255207,2.8656931559244794,250.0,1944,2
fixation,546243.0349999666,0.5556110948324203,0.5592599332332611,2.8522872924804688,2.9014495849609374,167.0,1945,2
fixation,546426.3700000048,0.5892320142851936,0.5640694366561042,2.8786722819010415,2.9342837863498263,150.0,1946,2
fixation,546609.7029999495,0.5455099418759346,0.6037233397364616,2.9460627237955728,3.0135320027669272,200.0,1947,2
fixation,546826.371999979,0.585421120343001,0.6091471560623335,2.993739252505095,3.0670464557150137,383.0,1948,2
fixation,547226.3739999533,0.5674012920686177,0.6669497213193348,2.9649222237723216,3.0020065307617188,233.0,1949,2
fixation,547493.0399999619,0.4871157606442769,0.5963151579101881,2.968102773030599,2.9944140116373696,200.0,1950,2
fixation,547909.7100000381,0.2450436532497406,0.8058679699897766,,2.8180419921875,83.0,1951,2
fixation,548193.0449999571,0.28044232726097107,0.8298459351062775,,2.7690505981445312,67.0,1952,2
fixation,548426.3760000467,0.29906492680311203,0.8330725133419037,,2.7536048889160156,66.0,1953,2
fixation,548676.3760000467,0.39750371873378754,0.7739412367343903,,2.5759811401367188,166.0,1954,2
fixation,548926.378000021,0.37225590894619626,0.7643497958779335,,2.555964152018229,200.0,1955,2
fixation,549259.7120000124,0.41903528571128845,0.7560884058475494,,2.6063385009765625,67.0,1956,2
fixation,549409.7100000381,0.47694502770900726,0.8063298642635346,2.790729522705078,2.7631317138671876,83.0,1957,2
fixation,549543.0449999571,0.4452724781903354,0.5849216490080862,2.9095412745620264,2.8645130504261362,550.0,1958,2
fixation,550143.0460000038,0.5902543826536699,0.5543282167478041,2.935391512784091,2.9151056463068183,184.0,1959,2
fixation,550376.381000042,0.5200113207101822,0.8264331718285879,2.753657023111979,2.7505391438802085,100.0,1960,2
fixation,550493.0470000505,0.49949747438614184,0.7947426507106194,2.7833392803485575,2.8088343693659854,217.0,1961,2
fixation,550726.3789999485,0.5435721467841755,0.810341168533672,2.863669655539773,2.9060252796519888,183.0,1962,2
fixation,550926.3819999695,0.49740155339241027,0.7963114231824875,2.7676071166992187,2.7886642456054687,166.0,1963,2
fixation,551109.7139999866,0.5399179079315879,0.8101105473258279,2.7636524547230112,2.789004239169034,183.0,1964,2
fixation,551326.3839999437,0.5849698111414909,0.8230398036539555,2.809131622314453,2.8172569274902344,133.0,1965,2
fixation,551476.3860000372,0.5398155012551475,0.8089792921262629,2.754465439740349,2.7648818072150734,283.0,1966,2
fixation,551776.3910000324,0.5910830994447073,0.8302832966049513,2.807623545328776,2.760950724283854,200.0,1967,2
fixation,552009.7269999981,0.6462085116654634,0.8563498947769403,2.8748998641967773,2.8499507904052734,267.0,1968,2
fixation,552309.73300004,0.6984488453183856,0.8586993281330381,2.864715576171875,2.8589330400739397,467.0,1969,2
fixation,552793.0759999752,0.721383531888326,0.8608080082469516,2.835149129231771,2.8213636610243054,150.0,1970,2
fixation,552959.743999958,0.7616115576691098,0.8646283315287696,2.8271416558159723,2.822658962673611,150.0,1971,2
fixation,553126.4160000086,0.7234175344308217,0.8597021758556366,2.839915974934896,2.801707967122396,250.0,1972,2
fixation,553393.0839999914,0.7564273286949504,0.8631219620054419,2.877066872336648,2.8504278009588067,184.0,1973,2
fixation,553593.0879999399,0.7159187376499176,0.8572204927603404,2.912640380859375,2.863600667317708,250.0,1974,2
fixation,553859.7610000372,0.7620120897889138,0.8597601890563965,2.949604797363281,2.9406692504882814,333.0,1975,2
fixation,554209.76699996,0.7872031728426615,0.8593858679135641,2.9824193318684897,2.9828592936197915,100.0,1976,2
fixation,554359.7699999809,0.5163913605113825,0.817135771115621,2.8533732096354165,2.6525255839029946,200.0,1977,2
fixation,554576.439999938,0.5407212177912394,0.8327750762303671,2.844782511393229,2.7366765340169272,100.0,1978,2
fixation,554743.1100000143,0.6278197666009268,0.38983968467939467,2.920806884765625,2.936981927780878,350.0,1979,2
fixation,555126.4500000477,0.4757040958194172,0.5723386932821835,2.8768867043887867,2.8421612907858456,283.0,1980,2
fixation,555443.1230000257,0.4018514236578575,0.5470906083400433,2.8662860576923075,2.8611414982722354,217.0,1981,2
fixation,555693.125,0.40256055593490603,0.43601999084154763,2.8055745442708333,2.8316060384114583,250.0,1982,2
fixation,555959.7970000505,0.3999957059110914,0.44323680656296865,2.7503574916294644,2.769101824079241,117.0,1983,2
fixation,556109.7990000248,0.418012060970068,0.3103232681751251,2.7625144958496093,2.7590301513671873,333.0,1984,2
fixation,556493.14199996,0.3991593860089779,0.5229043953120709,2.617695617675781,2.554743194580078,334.0,1985,2
fixation,556843.1529999971,0.3973108619451523,0.5205100178718567,2.678668212890625,2.639480590820312,84.0,1986,2
fixation,556976.490999937,0.3888576394981808,0.5343211657471127,2.6460452609592013,2.6487613254123263,150.0,1987,2
fixation,557293.1660000086,0.39014930171625956,0.33747038670948576,2.8265293666294644,2.8630665370396207,226.0,1988,2
fixation,557593.1770000458,0.5066783477862676,0.5849469179908434,2.8030471801757812,2.837458292643229,200.0,1989,2
fixation,557826.5160000324,0.4809497387281486,0.5662016144820622,2.7900183541434154,2.7867142813546315,466.0,1990,2
fixation,558309.8630000353,0.43575121015310286,0.5679864585399628,2.7774002075195314,2.7957717895507814,167.0,1991,2
fixation,558609.8760000467,0.5612471476197243,0.8192973136901855,2.7521934509277344,2.7760887145996094,67.0,1992,2
fixation,558726.5440000296,0.561767840385437,0.39712556699911755,2.9784576416015627,3.0355539957682294,250.0,1993,2
fixation,559009.8880000114,0.4541020116635731,0.35393538219588144,2.888190133231027,2.9766758510044644,241.0,1994,2
fixation,559359.8980000019,0.38786372244358064,0.36737538278102877,2.7477276611328123,2.799736328125,417.0,1995,2
fixation,559826.5829999447,0.4063126769932834,0.5896670628677715,2.7446053244850854,2.7485462535511362,183.0,1996,2
fixation,560026.5870000124,0.4020368543110396,0.5456609537726954,2.7785110473632812,2.770075747841283,324.0,1997,2
fixation,560693.2769999504,0.3886566081872353,0.43910935062628526,2.7586475719105112,2.807806161733774,209.0,1998,2
fixation,560926.615999937,0.4676376697089937,0.48872679637538063,2.802535163031684,2.803333706325955,300.0,1999,2
fixation,561243.2949999571,0.4852613249550695,0.548522905163143,2.832098255986753,2.8311163860818613,384.0,2000,2
fixation,561643.3029999733,0.5024948318799337,0.5692045092582703,2.881866455078125,2.9106903076171875,158.0,2001,2
fixation,562009.9750000238,0.5518302857875824,0.6820883691310883,2.87591552734375,2.920550537109375,75.0,2002,2
fixation,562159.9789999723,0.5780640517671903,0.6559255495667458,2.964380900065104,2.980052947998047,200.0,2003,2
fixation,562526.6469999552,0.3243584752082825,0.731344485282898,,2.552587890625,83.0,2004,2
fixation,562843.3220000267,0.5030790554980437,0.813154881199201,2.623673756917318,2.651611328125,200.0,2005,2
fixation,563260.0010000467,0.5279552042484283,0.8392122894525528,2.66697998046875,2.6499893188476564,167.0,2006,2
fixation,563493.3370000124,0.5078644165221382,0.28637749307295857,3.0214534086339615,3.0262222290039062,566.0,2007,2
fixation,564093.3459999561,0.5216464549303055,0.1670018474260966,3.052922566731771,3.056818644205729,500.0,2008,FIX_CROS
fixation,564643.3559999466,0.36835581064224243,0.2444278457098537,3.0621880425347223,3.1255917019314237,150.0,2009,2.1
fixation,564826.6950000525,0.24038049472229822,0.364030408007758,2.9178379603794644,3.0692291259765625,117.0,2010,2.1
fixation,564976.6950000525,0.20745929744508532,0.3981178320116467,2.849054972330729,3.09065924750434,150.0,2011,2.1
fixation,565160.0340000391,0.2580055452205918,0.3907818225297061,2.8420645973899146,2.9658452814275567,184.0,2012,2.1
fixation,565360.0379999876,0.2980964009960492,0.37437376876672107,2.7324066162109375,2.8512090047200522,100.0,2013,2.1
fixation,565476.7070000172,0.2956868921007429,0.39563792518207,2.7843126569475447,2.839508056640625,117.0,2014,2.1
fixation,565626.7120000124,0.3364828610792756,0.40413434989750385,2.788463592529297,2.8624753952026367,267.0,2015,2.1
fixation,565910.0479999781,0.37847145050764086,0.40135558545589445,2.8348541259765625,2.9083465576171874,167.0,2016,2.1
fixation,566110.0520000458,0.4320388585329056,0.4055522486567497,2.8542816162109377,2.927099609375,167.0,2017,2.1
fixation,566310.0549999475,0.47818879120879704,0.4113308787345886,2.869440714518229,2.870296902126736,150.0,2018,2.1
fixation,566476.7230000496,0.5357726290822029,0.4210723514358203,2.8817214965820312,2.8478050231933594,200.0,2019,2.1
fixation,566693.3940000534,0.5645686089992523,0.42782072722911835,2.83941650390625,2.82708740234375,66.0,2020,2.1
fixation,566843.3949999809,0.5925686359405518,0.42843340896070004,2.823230743408203,2.790487289428711,133.0,2021,2.1
fixation,567076.73300004,0.596415196855863,0.4228052571415901,2.8051223754882812,2.7691014607747397,100.0,2022,2.1
fixation,567210.067999959,0.6555180549621582,0.417161857852569,2.8426959698016825,2.799352792593149,217.0,2023,2.1
fixation,567460.0690000057,0.707977886001269,0.4208405626316865,2.8376363118489585,2.8062121073404946,200.0,2024,2.1
fixation,567676.7419999838,0.7570737654512579,0.42037369310855865,2.7962507768110796,2.7821780118075283,183.0,2025,2.1
fixation,567876.7430000305,0.7999350960765567,0.41312083495514734,2.7896575927734375,2.782299586704799,233.0,2026,2.1
fixation,568126.7480000257,0.7785380505598508,0.42231838634380925,2.795306865985577,2.8069986196664662,217.0,2027,2.1
fixation,568360.0839999914,0.8277583609927784,0.4057817892594771,2.7647816051136362,2.7881913618607954,184.0,2028,2.1
fixation,568610.0839999914,0.3771116988999503,0.5046248584985733,2.634857177734375,2.8185642787388394,117.0,2029,2.1
fixation,568743.4229999781,0.32389082129185015,0.5070454031229019,2.6708960899939904,2.8245767446664662,216.0,2030,2.1
fixation,568976.7589999437,0.3619439035654068,0.5137839376926422,2.69901123046875,2.784979248046875,83.0,2031,2.1
fixation,569076.7599999905,0.36343615129590034,0.5113963484764099,2.634246826171875,2.7436141967773438,67.0,2032,2.1
fixation,569176.7589999437,0.4256011191755533,0.5082569913938642,2.6645431518554688,2.618326187133789,267.0,2033,2.1
fixation,569476.76699996,0.48548713624477385,0.5203977331519127,2.7051071166992187,2.6932022094726564,167.0,2034,2.1
fixation,569676.7680000067,0.5438121123747393,0.5207558382641185,2.7522832697088067,2.7596255215731533,183.0,2035,2.1
fixation,569876.7719999552,0.5986294031143189,0.5171785593032837,2.773057556152344,2.7583999633789062,167.0,2036,2.1
fixation,570076.7740000486,0.6947088558226824,0.5222061090171337,2.7825307846069336,2.764946937561035,267.0,2037,2.1
fixation,570410.1109999418,0.5955701687119224,0.18234095519239252,2.8402973521839487,2.865875244140625,184.0,2038,NOTRIAL
fixation,570610.1130000353,0.6448751405665749,0.2391097726006257,2.8487661261307564,2.8739607961554277,317.0,2039,NOTRIAL
fixation,570960.121999979,0.6555776624452501,0.47494080166021985,2.9281194777715776,2.946406773158482,350.0,2040,NOTRIAL
fixation,571326.7919999361,0.5722280668360846,0.5430779197386333,2.926067211009838,2.9054591587611607,583.0,2041,NOTRIAL
fixation,572293.4780000448,0.3637623518705368,0.6593228578567505,2.7310028076171875,2.7123138427734377,83.0,2042,NOTRIAL
fixation,572410.1449999809,0.39917168766260147,0.642059788107872,,2.652965545654297,67.0,2043,NOTRIAL
fixation,572610.1480000019,0.664763845895466,0.7137908010106337,2.8563714278371712,2.834304006476151,317.0,2044,NOTRIAL
fixation,572960.1549999714,0.6556475007015726,0.4698005532440932,2.966649594514266,2.9345915421195654,384.0,2045,NOTRIAL
fixation,573393.4960000515,0.626364754004912,0.24779087440534073,2.939633456143466,2.9296805641867896,183.0,2046,FIX_CROS
fixation,573626.8329999447,0.5006236548607166,0.43212077709344715,2.86965825007512,2.8383413461538463,217.0,2047,FIX_CROS
fixation,573893.5049999952,0.5117727724405435,0.1984408553212117,2.9423976800380607,2.962219629532252,650.0,2048,FIX_CROS
fixation,574593.51699996,0.41323808474200113,0.40808969736099243,2.750089372907366,2.8916778564453125,116.0,2049,2.2
fixation,574743.5230000019,0.20174307410012593,0.3890030539848588,2.654020136052912,2.9336707375266333,366.0,2050,2.2
fixation,575126.8569999933,0.23915402789910634,0.39010789891084036,2.603741455078125,2.7720855712890624,250.0,2051,2.2
fixation,575426.865999937,0.23669137060642242,0.39452454696098965,2.5822219848632812,2.702234903971354,100.0,2052,2.2
fixation,575776.8710000515,0.3500332643588384,0.3935392290353775,2.633856201171875,2.731854248046875,250.0,2053,2.2
fixation,576076.8760000467,0.48569934628903866,0.4075464569032192,2.843233108520508,2.767578125,141.0,2054,2.2
fixation,576260.2159999609,0.48917193338274956,0.4114597886800766,2.8674278259277344,2.841149648030599,192.0,2055,2.2
fixation,576510.2180000544,0.5776114612817764,0.21922062124524797,2.911496843610491,2.942682538713728,234.0,2056,NOTRIAL
fixation,576776.888999939,0.4541601538658142,0.2359312524398168,2.9139226277669272,2.9289067586263022,100.0,2057,NOTRIAL
fixation,576910.2269999981,0.3471805453300476,0.2471266926990615,2.9170913696289062,3.00435299343533,300.0,2058,NOTRIAL
fixation,577276.9019999504,0.3627151530236006,0.45581423211842775,2.7964701652526855,2.913479804992676,533.0,2059,NOTRIAL
fixation,577960.246999979,0.6570731898148855,0.7050271616095588,2.930815923781622,2.9367917984250993,1050.0,2060,NOTRIAL
fixation,579060.2719999552,0.5503296915328864,0.31964242097103235,2.8700621633818657,2.910361550071023,550.0,2061,NOTRIAL
fixation,579626.949000001,0.5114612020552158,0.23235934134572744,2.820077896118164,2.8567428588867188,133.0,2062,NOTRIAL
fixation,579810.2829999924,0.39674709364771843,0.30214710906147957,2.7212276458740234,2.7840843200683594,134.0,2063,NOTRIAL
fixation,579960.2879999876,0.3644410967826843,0.23027639044448733,2.800145149230957,2.827569007873535,267.0,2064,NOTRIAL
fixation,580276.9629999399,0.6438290112548404,0.46550385653972626,2.8131196763780384,2.8164054022894964,300.0,2065,NOTRIAL
fixation,580643.6380000114,0.3591660410165787,0.41330320281641825,2.771695818219866,2.9773755754743303,124.0,2066,NOTRIAL
fixation,580843.6399999857,0.358264546841383,0.41225027789672214,2.8617871602376304,3.046259562174479,192.0,2067,NOTRIAL
fixation,581060.3129999638,0.36137688532471657,0.41023843036964536,2.7951873779296874,2.969508647918701,534.0,2068,NOTRIAL
fixation,581660.324000001,0.5262429664532343,0.6046727995077769,2.8744990030924478,2.724706013997396,100.0,2069,NOTRIAL
fixation,581976.9960000515,0.5518664196133614,0.6596567556262016,2.903352737426758,2.800997052873884,133.0,2070,NOTRIAL
fixation,582227.0019999743,0.5337365165352821,0.22118670344352723,3.092571258544922,3.1135543823242187,334.0,2071,NOTRIAL
fixation,582593.675999999,0.5179931275222612,0.4288298980049465,3.004431019658628,3.0316785729449727,383.0,2072,NOTRIAL
fixation,583010.3500000238,0.5470195536812147,0.32189935569961864,3.043280283610026,3.07196044921875,200.0,2073,18
fixation,583310.3530000448,0.4505114605029424,0.7687574625015259,2.6615066528320312,2.4517425537109374,100.0,2074,18
fixation,583477.0240000486,0.3902333080768585,0.8401939272880554,2.61956787109375,,67.0,2075,18
fixation,583927.0319999456,0.49814715129988535,0.8327308637755257,2.6836090087890625,,117.0,2076,18
fixation,584060.365999937,0.4537197394030435,0.8267161420413426,2.6334708077566966,,116.0,2077,18
fixation,584827.0490000248,0.6123766518301434,0.8280376146237055,2.925379435221354,2.7428054809570312,300.0,2078,18
fixation,585160.388999939,0.6612134873867035,0.8280812601248423,2.9181543986002603,2.6999359130859375,100.0,2079,18
fixation,585310.3910000324,0.4934871279531055,0.5318760974539651,2.682509019639757,2.6079094780815972,2250.0,2080,18
fixation,587710.4340000153,0.6075784206390381,0.8363945126533509,2.5627166748046877,2.4567535400390623,83.0,2081,18
fixation,587877.1059999466,0.6572398319840431,0.8450932229558626,2.706658681233724,2.5572942097981772,200.0,2082,18
fixation,588810.4559999704,0.4891848564147949,0.816886568069458,2.551025390625,,83.0,2083,18
fixation,588993.7899999619,0.5548552844835364,0.5891283638235452,2.7682408871858017,2.76994384765625,1150.0,2084,18
fixation,590177.1460000277,0.44147891977003645,0.371852666671787,2.700354984828404,2.6576320103236606,467.0,2085,18
fixation,590677.1560000181,0.497292248532176,0.5116182435303926,2.693852424621582,2.572141647338867,275.0,2086,18
fixation,591077.1619999409,0.514151683780882,0.34477227528889975,2.8125956217447916,2.824740261501736,742.0,2087,18
fixation,591843.8439999819,0.5145914316177368,0.4090100258588791,2.7249542236328126,2.7293243408203125,91.0,2088,FIX_CROS
fixation,592193.8519999981,0.4876885175704956,0.39163789004087446,2.8927322387695313,2.84476318359375,167.0,2089,FIX_CROS
fixation,592410.5199999809,0.31709206104278564,0.2707752086795293,2.7853328998272238,2.8382351215069113,433.0,2090,FIX_CROS
fixation,592893.8639999628,0.43531298637390137,0.4407861143350601,2.664080810546875,2.67646484375,91.0,2091,18.1
fixation,593060.5319999456,0.40208552591502666,0.4482726100832224,2.633687973022461,2.686908721923828,125.0,2092,18.1
fixation,593210.5349999666,0.4444917277856307,0.45668797059492633,2.7601776123046875,2.742277665571733,183.0,2093,18.1
fixation,593427.2059999704,0.4981138166040182,0.44957949221134186,2.775705337524414,2.6950111389160156,134.0,2094,18.1
fixation,593577.2070000172,0.5886321745135568,0.45112568004564807,2.761720137162642,2.7402399236505683,184.0,2095,18.1
fixation,593777.2139999866,0.6138552291826769,0.4606197598305615,2.8104705810546875,2.7732738148082388,184.0,2096,18.1
fixation,593977.2159999609,0.5578490403982309,0.4587046435246101,2.8279559795673075,2.8332496056189904,217.0,2097,18.1
fixation,594210.5559999943,0.602924770116806,0.46206959982713064,2.853690592447917,2.8464640299479167,250.0,2098,18.1
fixation,594477.2259999514,0.5180113183127509,0.45721475448873306,2.8280707465277777,2.8600421481662326,300.0,2099,18.1
fixation,594793.8949999809,0.4645938509040409,0.44284651014539933,2.7766282823350696,2.8709852430555554,150.0,2100,18.1
fixation,595093.9040000439,0.44230278049196514,0.1975470217210906,2.8664746965680803,2.956109183175223,117.0,2101,NOTRIAL
fixation,595260.57099998,0.6452578549031858,0.24581015137610612,2.9172029848451966,2.9220343695746527,450.0,2102,NOTRIAL
fixation,595743.9160000086,0.6560352189200265,0.48486499169043135,2.947423662458147,2.9498726981026784,233.0,2103,NOTRIAL
fixation,595993.9210000038,0.6422375698884328,0.4738210469484329,2.927934773763021,2.948508707682292,250.0,2104,NOTRIAL
fixation,597468.94599998,0.6607498058250972,0.7029579324381692,2.7996106828962053,,233.0,2105,NOTRIAL
fixation,597818.9579999447,0.5108962953090668,0.7859992384910583,2.7698287963867188,,67.0,2106,NOTRIAL
fixation,598068.9600000381,0.5837863981723785,0.7989179193973541,2.897838592529297,,67.0,2107,NOTRIAL
fixation,598152.2949999571,0.5872415985379901,0.8057111161095756,2.908628191266741,,117.0,2108,NOTRIAL
fixation,598285.631000042,0.5864352136850357,0.815306156873703,2.915630340576172,,66.0,2109,NOTRIAL
fixation,598385.6360000372,0.47050081491470336,0.8166544318199158,2.815087890625,,83.0,2110,NOTRIAL
fixation,598602.307000041,0.59883130554642,0.44420985664640156,2.9322237287248885,2.9034149169921877,467.0,2111,NOTRIAL
fixation,599235.6590000391,0.48905933121355566,0.21008208593944225,2.8624442495950837,2.8282195300590702,675.0,2112,FIX_CROS
fixation,600035.6809999943,0.47262582927942276,0.4151281416416168,2.5379486083984375,2.705673217773437,67.0,2113,18.2
fixation,600152.3489999771,0.475237238407135,0.4136603891849518,2.5503143310546874,,83.0,2114,18.2
fixation,600785.69599998,0.5939428925514221,0.45967265367507937,2.71302490234375,,83.0,2115,18.2
fixation,600885.699000001,0.5948206965739911,0.4477516790995231,2.734509981595553,2.738507784329928,217.0,2116,18.2
fixation,601152.3730000257,0.4659103999535243,0.432258980969588,2.5875701904296875,2.7151107788085938,100.0,2117,18.2
fixation,601269.0429999828,0.46331468650272917,0.4257442568029676,2.625087193080357,2.7502855573381697,117.0,2118,18.2
fixation,601419.0460000038,0.5935235867897669,0.4543742562333743,2.8407168918185763,2.8254513210720487,300.0,2119,18.2
fixation,601769.0559999943,0.5728259914451175,0.2361932264433967,2.93290032280816,2.954250759548611,150.0,2120,NOTRIAL
fixation,601969.0549999475,0.36279670894145966,0.23187782344493,2.7872758345170454,2.9342998157848013,184.0,2121,NOTRIAL
fixation,602169.0609999895,0.35704270692972034,0.21274383194171465,2.7775338979867787,2.9153066781850963,217.0,2122,NOTRIAL
fixation,602402.3969999552,0.3732988068035671,0.23165274411439896,2.697416033063616,2.86614990234375,116.0,2123,NOTRIAL
fixation,603994.0950000286,0.6819137434164683,0.6854850153128306,2.7825469970703125,,100.0,2124,NOTRIAL
fixation,604144.0989999771,0.6663475496428354,0.7102202909333365,2.787903267996652,2.737828572591146,584.0,2125,NOTRIAL
fixation,604777.4450000525,0.5524336014475141,0.6388510550771441,2.6271471296037947,,116.0,2126,NOTRIAL
fixation,605044.1150000095,0.546486522840417,0.2621562351351199,2.868373041567595,2.8454881751019023,384.0,2127,NOTRIAL
fixation,605460.7879999876,0.3839757525258594,0.23132047802209854,2.7077823215060763,2.784269544813368,150.0,2128,NOTRIAL
fixation,605644.121999979,0.3572472516033385,0.211688498655955,2.637113783094618,2.733127170138889,150.0,2129,NOTRIAL
fixation,605827.4620000124,0.4586259242561128,0.20491800788376066,2.729587131076389,2.696477254231771,150.0,2130,NOTRIAL
fixation,605994.131000042,0.530643068253994,0.21672147822876772,2.754004160563151,2.684795379638672,200.0,2131,NOTRIAL
fixation,606227.4689999819,0.6491655826568603,0.21416714489459993,2.7632415771484373,2.7082672119140625,83.0,2132,NOTRIAL
fixation,607110.8170000315,0.5056977782930646,0.5759268317903791,2.7136404854910716,,117.0,2133,NOTRIAL
fixation,607277.4839999676,0.6171012791720304,0.34557853639125824,2.856109619140625,2.859763405539773,183.0,2134,NOTRIAL
fixation,607494.1549999714,0.5227182043923272,0.3878501697822853,2.8404473198784723,2.8769762957537615,450.0,2135,NOTRIAL
fixation,607960.8309999704,0.5005185627020322,0.3076009326256238,2.822155292217548,2.829595712515024,217.0,2136,12
fixation,608194.1710000038,0.5327893712303855,0.3389872109348124,2.7298389781605112,2.6888566450639204,184.0,2137,12
fixation,609885.8650000095,0.5369999289512635,0.361793240904808,2.8368865966796877,2.8442047119140623,83.0,2138,12
fixation,610152.5360000134,0.5230760276317596,0.4566284716129303,2.744232177734375,2.623031616210937,133.0,2139,12
fixation,610319.2059999704,0.5149244368076324,0.4512505978345871,2.7480621337890625,,67.0,2140,12
fixation,610402.5419999361,0.523307204246521,0.4325232282280922,2.7153701782226562,2.6255340576171875,66.0,2141,12
fixation,610485.8760000467,0.5259475588798523,0.4371368557214737,2.6972198486328125,2.5381317138671875,83.0,2142,12
fixation,610635.8769999743,0.5562616348266601,0.4119870513677597,2.6439666748046875,2.5626373291015625,83.0,2143,12
fixation,610802.5470000505,0.5438387303248696,0.2918855554383734,2.8278881570567256,2.8363992442255435,383.0,2144,12
fixation,611219.2250000238,0.5167032659053803,0.46258682310581206,2.7761550903320313,,167.0,2145,12
fixation,611469.2269999981,1.2176945743889644,0.7679638533756651,3.063029848296067,3.1026453478582976,484.0,2146,12
fixation,611985.9029999971,1.1677807450294495,0.7644513636827469,3.0907974243164062,3.1266387939453124,167.0,2147,12
fixation,612302.5750000477,0.5416821166872978,0.39948444068431854,2.8805770874023438,2.9205703735351562,66.0,2148,12
fixation,612469.243999958,0.5265896916389465,0.44269817471504214,2.8236358642578123,2.673736572265625,84.0,2149,12
fixation,612635.9149999619,0.5456768890221914,0.43994396726290386,2.857037353515625,2.8225006103515624,250.0,2150,12
fixation,613019.2549999952,0.5301963090896606,0.36016017837183817,2.8458328247070312,2.9276559012276784,234.0,2151,12
fixation,613269.2589999437,0.5286711064668802,0.41441618364590865,2.8112088716947117,2.832227266751803,217.0,2152,12
fixation,613585.92900002,0.5390380155295134,0.41672998759895563,2.828366279602051,2.8544586181640623,267.0,2153,12
fixation,613935.939999938,0.5416620572408041,0.40344251857863533,2.8397530449761286,2.8405354817708335,300.0,2154,12
fixation,614285.9450000525,0.5478039251433479,0.40235576530297595,2.842927720811632,2.8174811469184027,150.0,2155,FIX_CROS
fixation,614519.2829999924,0.5378040850162507,0.39133755266666415,2.840460205078125,2.8649749755859375,84.0,2156,FIX_CROS
fixation,614719.2869999409,0.5154936611652374,0.4091909730976278,2.758870905095881,2.845619895241477,184.0,2157,FIX_CROS
fixation,615002.6239999533,0.5123054484526316,0.4112774488471803,2.7063446044921875,2.807673136393229,350.0,2158,FIX_CROS
fixation,615369.2979999781,0.4628695866891316,0.3695567399263382,2.608762468610491,2.759157453264509,117.0,2159,12.2
fixation,615569.300999999,0.21400019420044764,0.3246664617742811,2.572357177734375,2.8137730189732144,117.0,2160,12.2
fixation,615702.6360000372,0.19370907545089722,0.3029932305216789,2.6281840006510415,2.832763671875,66.0,2161,12.2
fixation,615902.64199996,0.240545392036438,0.2890990376472473,2.3788719177246094,2.638365003797743,150.0,2162,12.2
fixation,616469.3190000057,0.32271574189265567,0.3055284842848778,2.568756103515625,2.6967239379882812,100.0,2163,12.2
fixation,616685.9900000095,0.38534823225604165,0.3048650920391083,2.615414089626736,2.69309319390191,142.0,2164,12.2
fixation,616869.324000001,0.43942670192983413,0.3052093701230155,2.5850728352864585,2.637325710720486,150.0,2165,12.2
fixation,617035.9960000515,0.405558317899704,0.31853268171350163,2.5925191243489585,2.660963694254557,200.0,2166,12.2
fixation,617335.9980000257,0.4498015522956848,0.311354273557663,2.609320068359375,2.692071533203125,75.0,2167,12.2
fixation,617452.6669999361,0.4809793972450754,0.31186987589234894,2.64660180133322,2.7181131114130435,383.0,2168,12.2
fixation,617852.6720000505,0.5135242541631063,0.3191991955041885,2.730202229817708,2.7409434000651043,250.0,2169,12.2
fixation,618119.3420000076,0.5494946156229291,0.3182115448372705,2.7502637590680803,2.6991424560546875,233.0,2170,12.2
fixation,618386.013999939,0.6323170095682145,0.3210777327418327,2.78248291015625,2.7514068603515627,167.0,2171,12.2
fixation,618586.0160000324,0.5472762501239776,0.314485382437706,2.786689453125,2.735333251953125,417.0,2172,12.2
fixation,619036.0219999552,0.6006002255848476,0.3195932081767491,2.780816214425223,2.7557830810546875,117.0,2173,12.2
fixation,619169.3569999933,0.6917589824450644,0.3245462971298318,2.7646404065583883,2.734566939504523,316.0,2174,12.2
fixation,619502.69599998,0.7408052558700243,0.3187500238418579,2.7390645345052085,2.7283248901367188,200.0,2175,12.2
fixation,619719.3669999838,0.7705253830977848,0.31617663162095205,2.7162889753069197,2.7124720982142856,116.0,2176,12.2
fixation,619869.3680000305,0.7467129627863566,0.31789610783259076,2.7080230712890625,2.6847737630208335,100.0,2177,12.2
fixation,619986.0360000134,0.8084723403056463,0.31785253807902336,2.7271041870117188,2.687218983968099,200.0,2178,12.2
fixation,620436.0410000086,0.17544549455245337,0.42176969597736996,,2.7345657348632812,200.0,2179,12.2
fixation,620652.7129999399,0.19738000333309175,0.4018126368522644,,2.6400390625,83.0,2180,12.2
fixation,620786.0470000505,0.189804630620139,0.40586481775556293,,2.5862295968191966,117.0,2181,12.2
fixation,620919.3830000162,0.1944792941212654,0.39723598460356396,2.3041229248046875,2.5435663859049478,100.0,2182,12.2
fixation,621036.0470000505,0.22845177683565351,0.39838284585211015,,2.5369144015842013,150.0,2183,12.2
fixation,621269.3860000372,0.2943834289908409,0.39428090676665306,2.3928298950195312,2.579662322998047,141.0,2184,12.2
fixation,621569.39199996,0.33213987449804944,0.3830527663230896,2.5209537082248263,2.6825731065538196,142.0,2185,12.2
fixation,621802.7300000191,0.3729220051318407,0.38670652359724045,2.557081095377604,2.7071638107299805,267.0,2186,12.2
fixation,622086.0690000057,0.41552392741044364,0.3821716537078222,2.4877853393554688,2.6526153564453123,250.0,2187,12.2
fixation,622352.7389999628,0.47675006623779026,0.3986670917698315,2.5964181082589284,2.655114310128348,233.0,2188,12.2
fixation,622619.4119999409,0.5038536757230758,0.39491031914949415,2.637922668457031,2.6045501708984373,166.0,2189,12.2
fixation,622819.4129999876,0.5499928112213428,0.3990498483181,2.660382784329928,2.60708500788762,216.0,2190,12.2
fixation,623069.4179999828,0.5966192998669364,0.41440098123116925,2.683523004705256,2.683687383478338,366.0,2191,12.2
fixation,623452.7610000372,0.5757636030515035,0.4118281627694766,2.691150665283203,2.6574630737304688,200.0,2192,12.2
fixation,623686.0959999561,0.6377258019314872,0.4055526703596115,2.700383504231771,2.6709026760525174,300.0,2193,12.2
fixation,624019.4349999428,0.6946960458388696,0.4071739992270103,2.7196279672475963,2.7088787372295675,216.0,2194,12.2
fixation,624252.7710000277,0.7428044587373733,0.40960112363100054,2.7582183837890626,2.7452713012695313,167.0,2195,12.2
fixation,624436.1109999418,0.7896681567033131,0.41073944568634035,2.7643157958984377,2.7521128336588543,250.0,2196,12.2
fixation,624702.7819999456,0.7649044820240566,0.41329183748790194,2.7325613839285716,2.7402736118861606,117.0,2197,12.2
fixation,624836.1169999838,0.8318176946856759,0.4120181704109365,2.742555098100142,2.710171786221591,184.0,2198,12.2
fixation,625302.7919999361,0.18320980419715246,0.49945733447869617,2.50177001953125,2.7466812133789062,100.0,2199,12.2
fixation,625602.7979999781,0.23258639194748618,0.48605001785538415,2.233184814453125,2.6033991033380683,183.0,2200,12.2
fixation,625802.8020000458,0.2774844666322072,0.46551134520106846,2.311345418294271,2.5481160481770835,150.0,2201,12.2
fixation,626036.1410000324,0.3129735589027405,0.46869117660181864,2.4279632568359375,2.5617871965680803,234.0,2202,12.2
fixation,626286.1430000067,0.35078490773836773,0.49443642795085907,,2.623926798502604,100.0,2203,12.2
fixation,626686.1510000229,0.343459814786911,0.4883712470531464,2.3075714111328125,2.65633544921875,84.0,2204,12.2
fixation,626819.4839999676,0.34554391354322433,0.49791238208611804,,2.683577219645182,200.0,2205,12.2
fixation,627052.8220000267,0.3452434539794922,0.5126896798610687,,2.6929588317871094,67.0,2206,12.2
fixation,627944.5,0.5031648501753807,0.5013035610318184,2.6179122924804688,2.46728515625,66.0,2207,12.2
fixation,628027.8350000381,0.484153613448143,0.5218181312084198,2.6251373291015625,,67.0,2208,12.2
fixation,628244.5049999952,0.5847081065177917,0.4892936726411184,2.6579081217447915,2.5433502197265625,250.0,2209,12.2
fixation,628511.1729999781,0.6172686110843312,0.4979823109778491,2.6905697909268467,2.587209528142756,184.0,2210,12.2
fixation,628711.1770000458,0.6600619958979743,0.5126214442508561,2.715956551688058,2.656186785016741,234.0,2211,12.2
fixation,628961.1809999943,0.7022813955942789,0.5076484001345105,2.7225172254774304,2.6592881944444446,150.0,2212,12.2
fixation,629144.5149999857,0.7480201959609986,0.5069240619738896,2.7099934895833333,2.684698486328125,250.0,2213,12.2
fixation,629411.1870000362,0.773357385680789,0.511898948323159,2.7465442475818453,2.7344549269903276,350.0,2214,12.2
fixation,629777.8569999933,0.7408053427934647,0.5126314293593168,2.733919143676758,2.693147659301758,133.0,2215,12.2
fixation,629944.5249999762,0.8243612001339594,0.4988618108133475,2.7069918314615884,2.6927833557128906,200.0,2216,12.2
fixation,630661.2029999495,0.4538099219401677,0.28415321608384453,2.668376668294271,2.6506622314453123,250.0,2217,NOTRIAL
fixation,630944.5399999619,0.3841585340824994,0.22900228202342987,2.7332028475674717,2.8163590864701704,183.0,2218,NOTRIAL
fixation,631177.878000021,0.6389761546562458,0.24102026352594638,2.8077718800511855,2.8125441978717673,483.0,2219,NOTRIAL
fixation,631694.5479999781,0.6572371035814285,0.4901419013738632,2.831492614746094,2.79652099609375,166.0,2220,NOTRIAL
fixation,631877.8869999647,0.6430793420264596,0.4781789301257384,2.844904849403783,2.839853387129934,325.0,2221,NOTRIAL
fixation,632361.2319999933,0.568074901898702,0.5621983110904694,2.7804734971788196,2.69028557671441,142.0,2222,NOTRIAL
fixation,633327.9110000134,0.67488514482975,0.7009758517146111,2.8405082702636717,2.710053253173828,333.0,2223,NOTRIAL
fixation,633677.9199999571,0.6449052481090322,0.570606999537524,2.8932881074793197,2.7968866684857536,283.0,2224,NOTRIAL
fixation,634077.9160000086,0.631004489130444,0.25963693401879734,2.9359571668836804,2.904311286078559,300.0,2225,NOTRIAL
fixation,634411.2580000162,0.4824729412794113,0.3646730218942349,2.9149310772235575,2.861358642578125,217.0,2226,FIX_CROS
fixation,634711.2630000114,1.1602150753692344,0.7050153270915702,2.942396941008391,2.9226305926287615,450.0,2227,FIX_CROS
fixation,635177.9479999542,1.1705137729644775,0.7415279358625412,2.9399642944335938,2.9674453735351562,167.0,2228,12.1
fixation,635361.2840000391,1.1682394862174987,0.7614574611186982,2.8801025390625,2.916888427734375,84.0,2229,12.1
fixation,635527.942999959,0.49624377276216236,0.42389148260865894,2.75872802734375,2.7338383992513022,117.0,2230,12.1
fixation,636377.9680000544,0.4181834012269974,0.4615721454222997,2.6226933797200522,2.510955810546875,100.0,2231,12.1
fixation,636511.30400002,0.4572076587116017,0.43375252625521493,2.708665735581342,2.619930491727941,284.0,2232,12.1
fixation,636827.9759999514,0.506038296681184,0.44989435030863834,2.791797344501202,2.7138472336989183,217.0,2233,12.1
fixation,637111.3140000105,0.48140424489974976,0.43212914041110445,2.764256068638393,2.6775730678013394,117.0,2234,12.1
fixation,637261.317999959,0.5794477850198746,0.45609132647514344,2.841358947753906,2.77359619140625,167.0,2235,12.1
fixation,637444.6540000439,0.5577628910541534,0.4580504149198532,2.8720499674479165,2.7716776529947915,100.0,2236,12.1
fixation,637577.9919999838,0.6405034378955239,0.45528799452279745,2.9065680252878288,2.8583341899671053,317.0,2237,12.1
fixation,637911.3300000429,0.6847232959487222,0.462267705662684,2.909401633522727,2.879995172674006,367.0,2238,12.1
fixation,638294.6699999571,0.6570737411578497,0.4649849409858386,2.8763631184895835,2.840632120768229,200.0,2239,12.1
fixation,638528.0089999437,0.6973006671125238,0.4613439427180724,2.8661013516512783,2.83709716796875,184.0,2240,12.1
fixation,638828.013999939,0.6559217534959316,0.13372537540271878,2.9264183044433594,2.914708137512207,267.0,2241,NOTRIAL
fixation,639111.3459999561,0.6008750668593815,0.13425308093428612,2.9504612513950894,2.949744088309152,116.0,2242,NOTRIAL
fixation,639261.3569999933,0.5718202665448189,0.2539927652105689,2.9293460845947266,2.942516326904297,141.0,2243,NOTRIAL
fixation,639544.69599998,0.5632939359971455,0.24878147297671863,2.959295000348772,2.925811767578125,233.0,2244,NOTRIAL
fixation,639811.3669999838,0.5045570194721222,0.25263078659772875,2.966290283203125,2.96361083984375,83.0,2245,NOTRIAL
fixation,639928.0349999666,0.6391355525702238,0.24072708236053586,2.8713722229003906,2.853391647338867,267.0,2246,NOTRIAL
fixation,640228.0349999666,0.5616210043430329,0.23710330054163933,2.8463058471679688,2.8311767578125,167.0,2247,NOTRIAL
fixation,640411.3769999743,0.5812827455997467,0.2422589322924614,2.8904803466796873,2.898134765625,416.0,2248,NOTRIAL
fixation,640861.3849999905,0.5108020122234638,0.24514609689895922,2.898651123046875,2.954547588641827,216.0,2249,NOTRIAL
fixation,641094.7230000496,0.5717144221067428,0.24071084447205066,2.9392242431640625,2.9716537475585936,333.0,2250,NOTRIAL
fixation,641494.7339999676,0.5546459928154945,0.4450274743139744,2.9053001403808594,2.9627952575683594,133.0,2251,NOTRIAL
fixation,641644.7359999418,0.5797157148520152,0.46315972904364267,2.874383544921875,2.9817474365234373,250.0,2252,NOTRIAL
fixation,641944.7339999676,0.5921799726784229,0.6582068912684917,2.8649234771728516,2.969186782836914,133.0,2253,NOTRIAL
fixation,642111.4060000181,0.653220492399345,0.7306678032470961,2.9431064411745234,3.0077548269498147,983.0,2254,NOTRIAL
fixation,643144.763999939,0.5934205492337544,0.31880032618840537,2.936578369140625,2.982372029622396,250.0,2255,NOTRIAL
fixation,643411.4349999428,0.5764031198716932,0.2397609658298954,2.9246919693485385,2.93639890609249,516.0,2256,NOTRIAL
fixation,643961.4470000267,0.6530970017115275,0.44053316712379453,2.857444254557292,2.896148681640625,250.0,2257,NOTRIAL
fixation,644261.4479999542,0.3780526718632741,0.4571041258221323,2.879555442116477,2.9414600025523794,733.0,2258,NOTRIAL
fixation,645044.7999999523,0.5244218856096268,0.6006132997572422,2.722440719604492,2.6356143951416016,133.0,2259,NOTRIAL
fixation,645244.7929999828,0.5880648456513882,0.3896290212869644,2.755268096923828,2.7429866790771484,133.0,2260,NOTRIAL
fixation,645411.4609999657,0.5094620345727258,0.4494816570178322,2.779260386591372,2.812091993248981,383.0,2261,NOTRIAL
fixation,645811.4739999771,0.5000694851790156,0.31175460666418076,2.808138166155134,2.830804007393973,233.0,2262,19
fixation,646094.8099999428,0.4723190367221832,0.596418272703886,2.518848419189453,2.5500221252441406,133.0,2263,19
fixation,646294.8129999638,0.41218655556440353,0.8561487346887589,,2.5429153442382812,67.0,2264,19
fixation,646511.4839999676,0.40276435762643814,0.8398570418357849,,2.583282470703125,66.0,2265,19
fixation,647494.8350000381,0.49863572232425213,0.3272474566474557,2.7310428619384766,2.7851600646972656,266.0,2266,19
fixation,647778.1660000086,0.4574665833603252,0.331163535063917,2.6224524758078833,2.680023193359375,367.0,2267,19
fixation,648161.5019999743,0.4746617597752604,0.3551519312735262,2.524280942719558,2.5900710533405173,483.0,2268,19
fixation,648861.506000042,0.47796395421028137,0.5770493745803833,2.4476531982421874,,83.0,2269,19
fixation,649411.5110000372,0.5142132677137852,0.33593390695750713,2.629026412963867,2.708494186401367,266.0,2270,19
fixation,649694.8480000496,0.4573732813199361,0.3335971673329671,2.5807403564453124,2.697590128580729,258.0,2271,19
fixation,651269.865999937,0.4965910825591821,0.34160676770485365,2.756712693434495,2.7952505258413463,433.0,2272,19
fixation,651736.5269999504,0.5077095578114191,0.4249953975280126,2.6837825775146484,2.745708465576172,400.0,2273,FIX_CROS
fixation,652186.5369999409,0.4585943132638931,0.21602676336963972,2.831562805175781,2.8510208129882812,500.0,2274,FIX_CROS
fixation,652769.8799999952,0.20571883767843246,0.28151427606741586,2.810715738932292,2.84454345703125,250.0,2275,19.1
fixation,653036.550999999,0.2524974974138396,0.288099433694567,2.763250078473772,2.7865753173828125,233.0,2276,19.1
fixation,653286.5549999475,0.29475561653574306,0.2856455408036709,2.6998278299967446,2.7393035888671875,200.0,2277,19.1
fixation,653503.2250000238,0.35427433481583226,0.2766185723818265,2.6803436279296875,2.6971459021935096,217.0,2278,19.1
fixation,653736.5629999638,0.3332699789450719,0.27890148758888245,2.688396747295673,2.726073044996995,216.0,2279,19.1
fixation,653969.8999999762,0.38177480147435117,0.27230870379851413,2.7275496262770433,2.7418541541466346,217.0,2280,19.1
fixation,654203.2389999628,0.42306143045425415,0.2757391408085823,2.752471923828125,2.7736949920654297,134.0,2281,19.1
fixation,654353.2400000095,0.3745505469185965,0.2810356861778668,2.7414637974330356,2.8007332938058034,234.0,2282,19.1
fixation,654603.2450000048,0.4168419924221541,0.2837468879787545,2.744144640470806,2.7709976999383223,317.0,2283,19.1
fixation,654936.5839999914,0.44757486102373706,0.27963725250700244,2.7160153596297554,2.745355357294497,383.0,2284,19.1
fixation,655336.5900000334,0.41876134276390076,0.2781937824828284,2.7086094447544644,2.706622532435826,233.0,2285,19.1
fixation,655586.5939999819,0.4514152823310149,0.28478954810845225,2.7352680407072367,2.7317914460834705,316.0,2286,19.1
fixation,655919.9359999895,0.4702901989221573,0.2853714615106583,2.7640121459960936,2.7703628540039062,167.0,2287,19.1
fixation,656103.2690000534,0.4960004976019263,0.2872178079560399,2.7434816360473633,2.7659873962402344,267.0,2288,19.1
fixation,656386.6059999466,0.5286366255195053,0.28785839180151623,2.7198655870225696,2.7620024504484952,450.0,2289,19.1
fixation,656886.6169999838,0.5787482605530665,0.2899351165844844,2.731165959284856,2.76065180851863,216.0,2290,19.1
fixation,657203.2869999409,0.5810369662940502,0.29325300827622414,2.770601272583008,2.780254364013672,134.0,2291,19.1
fixation,657353.2910000086,0.6091350087752709,0.28548151082717454,2.792843745304988,2.795339144193209,434.0,2292,19.1
fixation,657819.9589999914,0.6332182519965701,0.28348129159874386,2.754664103190104,2.740286933051215,150.0,2293,19.1
fixation,658003.2960000038,0.675534983476003,0.28184713754389024,2.761164347330729,2.7556864420572915,150.0,2294,19.1
fixation,658169.9670000076,0.649445425581049,0.28850760448862006,2.7991649486400463,2.8125107376663774,450.0,2295,19.1
fixation,658636.6369999647,0.7054195165634155,0.27224452048540115,2.7889007568359374,2.781341552734375,166.0,2296,19.1
fixation,658819.9780000448,0.7318820492787794,0.27988569980317896,2.7973161177201704,2.8025082674893467,183.0,2297,19.1
fixation,659019.9780000448,0.7216540984809399,0.27381253987550735,2.8121910095214844,2.8093433380126953,133.0,2298,19.1
fixation,659169.9809999466,0.6506871223449707,0.28631077483296397,2.7990768432617186,2.8021392822265625,333.0,2299,19.1
fixation,659519.9850000143,0.6761652598014245,0.2790937675879552,2.807233370267428,2.843318058894231,217.0,2300,19.1
fixation,659753.32099998,0.6511627038319906,0.28255099554856616,2.789250691731771,2.8032158745659723,150.0,2301,19.1
fixation,659936.6579999924,0.7147053455313047,0.27721334124604863,2.7848281860351562,2.7923380533854165,200.0,2302,19.1
fixation,660169.9930000305,0.7485312203566233,0.2761871228615443,2.78665771484375,2.8237701416015626,250.0,2303,19.1
fixation,660436.6640000343,0.7787151709198952,0.2750829979777336,2.7783966064453125,2.8087215423583984,133.0,2304,19.1
fixation,660586.6649999619,0.8136341787046857,0.27523038370741737,2.7749252319335938,2.7675849066840277,308.0,2305,19.1
fixation,661020.006000042,0.826167242867606,0.2763369729121526,2.774904523577009,2.786582583472842,350.0,2306,19.1
fixation,661453.3439999819,0.21419824808835983,0.3706088413794835,2.676926676432292,2.8004831949869793,250.0,2307,19.1
fixation,661720.0160000324,0.2344539150595665,0.3590587109327316,2.6599639892578124,2.73631591796875,84.0,2308,19.1
fixation,661836.6870000362,0.294382626360113,0.34725994819944556,2.568045876242898,2.608827070756392,183.0,2309,19.1
fixation,662036.6879999638,0.2770879678428173,0.3493520747870207,2.50860595703125,2.5514144897460938,133.0,2310,19.1
fixation,662203.35800004,0.32676596262238244,0.3505003330382434,2.4790469082919033,2.537076083096591,183.0,2311,19.1
fixation,662403.3589999676,0.3676351495087147,0.36109036083022755,2.5435663859049478,2.5568313598632812,200.0,2312,19.1
fixation,662786.7000000477,0.4184464017550151,0.3625428266823292,2.6077957153320312,2.611358642578125,200.0,2313,19.1
fixation,663003.3710000515,0.45893147960305214,0.36153899878263474,2.6119867960611978,2.6620915730794272,200.0,2314,19.1
fixation,663220.0440000296,0.48868349256614846,0.36781151841084164,2.5537230173746743,2.5703309377034507,400.0,2315,19.1
fixation,663636.7150000334,0.528090562671423,0.37217249907553196,2.616741180419922,2.6012954711914062,133.0,2316,19.1
fixation,663786.7170000076,0.5832486322947911,0.3597981578537396,2.6507175990513394,2.6170174734933034,233.0,2317,19.1
fixation,664036.7209999561,0.5695504993200302,0.3651732827226321,2.674072265625,2.6458765665690103,100.0,2318,19.1
fixation,664170.057000041,0.669717705498139,0.36788378407557804,2.7509498596191406,2.7020416259765625,400.0,2319,19.1
fixation,664603.3969999552,0.718047269516521,0.36808155808183884,2.7967732747395835,2.802315606011285,300.0,2320,19.1
fixation,664920.0700000525,0.741638950326226,0.3667263849215074,2.819853349165483,2.807779485529119,184.0,2321,19.1
fixation,665120.074000001,0.7787723668984005,0.3616544973282587,2.789786929175967,2.7925574893043157,350.0,2322,19.1
fixation,665520.0779999495,0.4928507196742135,0.3587617926500939,2.763363400021115,2.8321920858847127,617.0,2323,19.1
fixation,666170.0900000334,0.533981454372406,0.35701847871144615,2.7619222005208335,2.8142822265625,250.0,2324,19.1
fixation,666436.7619999647,0.570274178470884,0.36126517823764254,2.8038766043526784,2.811981201171875,117.0,2325,19.1
fixation,666570.0970000029,0.5422203215685758,0.3540029634128917,2.7932073419744317,2.82147216796875,184.0,2326,19.1
fixation,666803.4329999685,0.7597985327243805,0.35170705020427706,2.8286102294921873,2.8659591674804688,166.0,2327,19.1
fixation,666986.7680000067,0.8096339404582977,0.3607572615146637,2.8730804443359377,2.885877990722656,167.0,2328,19.1
fixation,667236.7680000067,0.1998893400797477,0.46806763685666597,2.5082244873046875,2.855223435621995,217.0,2329,19.1
fixation,667486.7749999762,0.1867141555994749,0.42933516204357147,2.508626302083333,2.8164405822753906,67.0,2330,19.1
fixation,667570.1089999676,0.2450313363224268,0.4227283615618944,2.5632858276367188,2.674856185913086,134.0,2331,19.1
fixation,667870.1089999676,0.27991349101066587,0.4259586736559868,2.3826004028320313,2.52891845703125,167.0,2332,19.1
fixation,668236.7790000439,0.23841239884495735,0.42349983751773834,2.4327392578125,2.520183563232422,67.0,2333,19.1
fixation,668436.7799999714,0.3604332748800516,0.42668326385319233,2.457897186279297,2.5001296997070312,133.0,2334,19.1
fixation,668670.1139999628,0.3387751004525593,0.43525554878371103,2.4384384155273438,2.5282156808035716,117.0,2335,19.1
fixation,668803.4509999752,0.3945365892006801,0.4290545594233733,2.4807410606971154,2.516596867487981,216.0,2336,19.1
fixation,669053.4520000219,0.4686654582619667,0.43605327904224395,2.533868408203125,2.5633941650390626,166.0,2337,19.1
fixation,669236.7879999876,0.5122589369614919,0.4353860368331273,2.5553215874565973,2.580574883355035,150.0,2338,19.1
fixation,669470.1210000515,0.5668659016489983,0.4429102689027786,2.6124176025390624,2.480304718017578,334.0,2339,19.1
fixation,669820.1239999533,0.6135486754087301,0.4454229772090912,2.575298602764423,2.455565232496995,217.0,2340,19.1
fixation,670053.4579999447,0.6507045456341335,0.451973876782826,2.5828759329659596,2.4949024745396207,233.0,2341,19.1
fixation,670320.128000021,0.6892305877473619,0.4562126265631782,2.5828382703993054,2.515079074435764,150.0,2342,19.1
fixation,670503.4650000334,0.7238898979766029,0.45765392269407,2.594549996512277,2.5216173444475447,233.0,2343,19.1
fixation,670770.131000042,0.7616867745916048,0.4614207906027635,2.6489639282226562,2.5689519246419272,200.0,2344,19.1
fixation,670986.7999999523,0.8076127675863413,0.46094326904186833,2.669673039362981,2.5905785193810096,217.0,2345,19.1
fixation,671220.1360000372,0.7828596085309982,0.46286678314208984,2.6768417358398438,2.5954513549804688,100.0,2346,19.1
fixation,671336.8020000458,0.8293948292732238,0.46292138397693633,2.6928802490234376,2.6328033447265624,83.0,2347,19.1
fixation,671670.1380000114,0.1738883318269954,0.5470155161969802,,2.677266737994026,284.0,2348,19.1
fixation,672036.8099999428,0.20841079453627268,0.5302429464128282,,2.55438232421875,150.0,2349,19.1
fixation,672203.4780000448,0.20365968942642212,0.522799277305603,,2.4958404541015624,83.0,2350,19.1
fixation,673020.1560000181,0.4066091941462623,0.5331674681769477,2.619081285264757,,150.0,2351,19.1
fixation,674278.5119999647,0.5217612832784653,0.5547714680433273,2.6147689819335938,,66.0,2352,19.1
fixation,674445.1809999943,0.5647842933734258,0.5576062997182211,2.6866734822591147,,200.0,2353,19.1
fixation,674678.5180000067,0.603628957271576,0.5537853837013245,2.7124359130859377,,166.0,2354,19.1
fixation,674861.8539999723,0.653283566236496,0.5586924403905869,2.7250823974609375,,68.0,2355,19.1
fixation,675045.1909999847,0.638992965221405,0.5665719211101532,2.7206268310546875,,99.0,2356,19.1
fixation,675161.8609999418,0.7010347313351102,0.5686188141504923,2.750584920247396,,150.0,2357,19.1
fixation,675328.5299999714,0.698143906891346,0.5763721019029617,2.7719249725341797,2.642791748046875,133.0,2358,19.1
fixation,675478.5310000181,0.7021619975566864,0.5502759764591852,2.7850774129231772,2.6796035766601562,100.0,2359,19.1
fixation,675595.2000000477,0.7316483472074781,0.5525880775281361,2.7985262189592635,2.710596357073103,234.0,2360,19.1
fixation,675845.2050000429,0.7616004923979441,0.5575981716314952,2.8248016357421877,2.7690155029296877,250.0,2361,19.1
fixation,676111.875,0.7946675270795822,0.5577660501003265,2.837144470214844,2.8013824462890624,167.0,2362,19.1
fixation,676295.2100000381,0.7802343852818012,0.5557979010045528,2.840412139892578,2.766124725341797,134.0,2363,19.1
fixation,676461.8799999952,0.8093169586999076,0.5661648554461343,2.885413033621652,2.8469859531947543,233.0,2364,19.1
fixation,676711.8830000162,0.8357559527669635,0.5663809648581913,2.882204328264509,2.869258335658482,117.0,2365,19.1
fixation,679436.9249999523,0.6053405337863498,0.6456619633568658,2.780268351236979,,150.0,2366,19.1
fixation,679936.9379999638,0.5383467495441436,0.611026930809021,2.680517578125,,167.0,2367,19.1
fixation,680136.9409999847,0.5877714395523072,0.6294674038887024,2.7604888916015624,,83.0,2368,19.1
fixation,680336.9440000057,0.6426230370998383,0.6387499570846558,2.7706871032714844,,69.0,2369,19.1
fixation,680503.6089999676,0.6428416252136231,0.6360020995140075,2.7698455810546876,,82.0,2370,19.1
fixation,680620.2799999714,0.697064587703118,0.6511514782905579,2.795863224909856,,217.0,2371,19.1
fixation,680870.2779999971,0.7664241343736649,0.6517575904726982,2.774465560913086,,138.0,2372,19.1
fixation,681170.2829999924,0.8295390099287033,0.557300153374672,2.790751647949219,2.7843063354492186,334.0,2373,19.1
fixation,683878.6560000181,0.5026843436062336,0.24358022212982178,2.8788280487060547,2.893735885620117,125.0,2374,NOTRIAL
fixation,684045.3250000477,0.6358567791826585,0.2369388065793935,2.9090989056755516,2.859578749712776,284.0,2375,NOTRIAL
fixation,684345.3309999704,0.5786109653211409,0.24496269874995755,2.8774561728200605,2.85863765593498,517.0,2376,NOTRIAL
fixation,684912.0180000067,0.5549050569534302,0.4158488024364818,2.7196856412020596,2.819279757412997,367.0,2377,NOTRIAL
fixation,685362.0219999552,0.3663668834737369,0.4339408980948584,2.603442600795201,2.854009355817522,234.0,2378,NOTRIAL
fixation,685628.6859999895,0.5981071770191193,0.4466054975986481,2.8497344970703127,2.766429138183594,167.0,2379,NOTRIAL
fixation,685812.0240000486,0.663091955276636,0.46010682445306045,2.8275357759915867,2.7551656869741588,217.0,2380,NOTRIAL
fixation,686462.0319999456,0.5646907359361648,0.44082134813070295,2.8507919311523438,2.877879333496094,167.0,2381,NOTRIAL
fixation,686645.3680000305,0.5171554274857044,0.4263029284775257,2.7792720794677734,2.8594627380371094,133.0,2382,NOTRIAL
fixation,687653.7239999771,0.65808790591028,0.7066944307751126,2.7678824530707464,,302.0,2383,NOTRIAL
fixation,688303.7519999743,1.2104349931081135,0.7523069461186727,,2.976822916666667,250.0,2384,NOTRIAL
fixation,688570.4179999828,1.2187971671422322,0.7440993351240953,2.8325878779093423,2.8953898747762046,800.0,2385,NOTRIAL
fixation,689453.7749999762,0.5035508750006557,0.44070481322705746,2.694917678833008,2.8300704956054688,267.0,2386,FIX_CROS
fixation,689737.115999937,0.5070297122001648,0.4243128476664424,2.725069046020508,2.8248186111450195,267.0,2387,19.2
fixation,690037.125,0.2999351555886476,0.41350867372492084,2.541264620694247,2.8324465544327446,384.0,2388,19.2
fixation,690437.1360000372,0.3397711455821991,0.41030741631984713,2.5687286376953127,2.7226837158203123,84.0,2389,19.2
fixation,690753.8129999638,0.34376114181109835,0.4227482059172222,2.612025669642857,2.7129037039620534,117.0,2390,19.2
fixation,691087.1569999456,0.3197744446141379,0.4151162952184677,2.629279000418527,2.789945329938616,109.0,2391,19.2
fixation,691220.4930000305,0.3621123350328869,0.43792327576213413,2.6871134440104165,2.8011646270751953,150.0,2392,19.2
fixation,691420.496999979,0.40532791508095606,0.4349454662629536,2.640810285295759,2.7055751255580356,233.0,2393,19.2
fixation,691670.5099999905,0.4016905538737774,0.42357148230075836,2.5895843505859375,2.6425704956054688,66.0,2394,19.2
fixation,691753.8439999819,0.43912467933618105,0.43286538926454693,2.6574331430288463,2.7001507098858175,217.0,2395,19.2
fixation,691987.1809999943,0.40659939373532933,0.42757590239246684,2.645277659098307,2.706445058186849,208.0,2396,19.2
fixation,692337.1870000362,0.4129203086098035,0.43628038962682086,2.7015406290690103,2.7394256591796875,92.0,2397,19.2
fixation,692470.5230000019,0.46502795567115146,0.45456019043922424,2.792327880859375,2.808135986328125,100.0,2398,19.2
fixation,692587.189999938,0.47062090997185024,0.4326995760202408,2.754784720284598,2.789874485560826,234.0,2399,19.2
fixation,692853.8589999676,0.4976297305388884,0.44609358364885504,2.7112468372691763,2.7063043767755683,183.0,2400,19.2
fixation,693070.5310000181,0.5481789857149124,0.4571893475949764,2.7390263875325522,2.6655298868815103,200.0,2401,19.2
fixation,693287.2009999752,0.5311233666208055,0.4541331926981608,2.7133585611979165,2.6700575086805554,150.0,2402,19.2
fixation,693453.8700000048,0.5142566426233812,0.4521453488956798,2.6940668279474433,2.7112565474076704,183.0,2403,19.2
fixation,693653.8739999533,0.5728310671719637,0.4447475644675168,2.791921442205256,2.6609968705610796,183.0,2404,19.2
fixation,693853.878000021,0.6118706623713176,0.46148411333560946,2.8221649169921874,2.7430409749348956,250.0,2405,19.2
fixation,694120.5479999781,0.6501370012760163,0.46016961385806404,2.848224894205729,2.776502990722656,500.0,2406,19.2
fixation,694637.2319999933,0.6997375163165006,0.4605295007879084,2.8243241743607954,2.7733958851207388,184.0,2407,19.2
fixation,694837.2280000448,0.6860728884736697,0.46205265323321026,2.815352121988932,2.7653516133626304,200.0,2408,19.2
fixation,695053.8960000277,0.7195754100879034,0.4606349269549052,2.826923370361328,2.8133341471354165,200.0,2409,19.2
fixation,695287.2339999676,0.678260762244463,0.4593600705265999,2.8210010528564453,2.7953739166259766,134.0,2410,19.2
fixation,695453.9019999504,0.7249307369484621,0.4562643678749309,2.850708905388327,2.815373140222886,283.0,2411,19.2
fixation,695770.5859999657,0.7007472455501557,0.45289427737394966,2.901964314778646,2.84288330078125,250.0,2412,19.2
fixation,696070.5889999866,0.6197180151939392,0.2216444412867228,2.988620334201389,2.9774966769748263,150.0,2413,NOTRIAL
fixation,696237.2580000162,0.6410075003902117,0.2489473025004069,2.9296913146972656,2.91070556640625,200.0,2414,NOTRIAL
fixation,696453.9270000458,0.5772011699154973,0.24499528110027313,2.8963637351989746,2.906252384185791,533.0,2415,NOTRIAL
fixation,697003.9349999428,0.5073376557101374,0.24359877148400183,2.913556969684103,2.961307028065557,383.0,2416,NOTRIAL
fixation,697437.2769999504,0.4915564089052139,0.42385030609946095,2.8848384734122985,2.936425978137601,517.0,2417,NOTRIAL
fixation,697987.2910000086,0.5659260319338905,0.4393363793690999,2.939907497829861,2.9478691948784723,150.0,2418,NOTRIAL
fixation,698170.6260000467,0.5938857106062082,0.256634010718419,2.9848045935997596,3.025628896859976,216.0,2419,NOTRIAL
fixation,698420.6319999695,0.6537779019429133,0.23928618259154832,3.005565936748798,3.0210172213040867,216.0,2420,NOTRIAL
fixation,698653.9709999561,0.6339461326599121,0.24684884001811344,2.9887674967447917,3.001506551106771,250.0,2421,NOTRIAL
fixation,698937.3099999428,0.5001209716905247,0.43815685537728394,2.913543701171875,2.924966985529119,184.0,2422,NOTRIAL
fixation,699137.3129999638,0.5100768953561783,0.44963312707841396,2.8826465606689453,2.9239654541015625,134.0,2423,NOTRIAL
fixation,699320.6529999971,0.35468950619300205,0.470720247262054,2.8855819702148438,2.98073493109809,300.0,2424,NOTRIAL
fixation,699670.6579999924,0.364389568567276,0.7151870791401181,2.8404740553635817,2.927645002092634,233.0,2425,NOTRIAL
fixation,699937.3329999447,0.3703409234682719,0.7112179166740842,2.819467544555664,2.916800604926215,151.0,2426,NOTRIAL
fixation,700137.3359999657,0.6625435650348663,0.7226770497285403,2.875165499173678,2.8735022911658654,216.0,2427,NOTRIAL
fixation,700370.6740000248,0.6485192065055554,0.7331861532651461,2.8301767202524037,2.8306779127854567,217.0,2428,NOTRIAL
fixation,700620.67900002,0.6234136462211609,0.6239437937736512,2.8281204223632814,2.866461181640625,167.0,2429,NOTRIAL
fixation,700837.3519999981,0.5741205627427381,0.2437530026278075,2.9118724149816178,2.9371117984547332,566.0,2430,NOTRIAL
fixation,701454.0290000439,0.3659325925967632,0.43323800846552235,2.87960932804988,2.9585250463241186,650.0,2431,NOTRIAL
fixation,702337.381000042,0.5931306825234339,0.2506694965637647,2.8761397141676683,2.8923433743990383,216.0,2432,NOTRIAL
fixation,702604.050999999,0.50654336810112,0.43173815097127644,2.8801988874162947,2.906038556780134,234.0,2433,NOTRIAL
fixation,702920.7230000496,1.1857255147053645,0.7383957023804004,3.012208205003005,3.0587615966796875,217.0,2434,24
fixation,703154.0599999428,1.1880178583992853,0.771394325627221,3.0207078721788196,3.0839046902126737,150.0,2435,24
fixation,703387.3980000019,0.480911879947311,0.4882907702734596,2.925088179738898,2.9411693372224508,316.0,2436,24
fixation,703754.07099998,0.48221795686653685,0.8105603158473969,2.8323389689127603,2.8026559012276784,117.0,2437,24
fixation,704170.7510000467,0.4610004872083664,0.8033074364066124,2.919658660888672,2.8266220092773438,67.0,2438,24
fixation,704270.7450000048,0.4885812171480872,0.8243417875333265,2.960601806640625,2.9412189830433237,183.0,2439,24
fixation,704737.4190000296,0.4723275750875473,0.8138891994953156,2.824298858642578,2.82421875,83.0,2440,24
fixation,704937.4240000248,0.469863835722208,0.816155169159174,2.8524263822115383,2.8320608139038086,266.0,2441,24
fixation,705670.7660000324,0.5851720230919975,0.8491868547030857,3.0085474650065103,2.9090162004743303,117.0,2442,24
fixation,705854.1050000191,0.4934828228184155,0.4039282479456493,3.0021634783063615,3.0419213431222096,234.0,2443,24
fixation,706104.1100000143,0.5241868653718162,0.43651899344780865,2.9278313131893383,2.9202458998736214,284.0,2444,24
fixation,706420.7819999456,0.5552573511677403,0.5026707120480076,2.9303805443548385,2.9270787392893145,517.0,2445,24
fixation,707020.7919999361,0.5345633625984192,0.4642455130815506,2.982332017686632,3.014651828342014,150.0,2446,24
fixation,707187.4629999399,0.5281266030811128,0.41798999444359825,2.927221025739397,2.9320911225818453,700.0,2447,24
fixation,707904.1440000534,0.5282425028937203,0.4193859483514513,2.8410960606166293,2.852306910923549,234.0,2448,24
fixation,708154.1499999762,0.544689018475382,0.4868641856469606,2.8720454165810034,2.9097466719777962,317.0,2449,24
fixation,708487.4900000095,0.5602947974205017,0.4993619912862778,2.9031671142578124,2.931124267578125,416.0,2450,24
fixation,708937.5010000467,0.5297035064962176,0.43211600316895377,2.8684994167751734,2.8948157416449654,750.0,2451,24
fixation,709704.1849999428,0.5622027946843041,0.5017897102868918,2.905676022924558,2.9430475716639046,1650.0,2452,24
fixation,711387.5579999685,0.5254335814998263,0.4238963723182678,2.874901907784598,2.929320562453497,700.0,2453,24
fixation,712120.9099999666,0.6148508671257231,0.568855333659384,2.7715784708658853,2.735854254828559,300.0,2454,24
fixation,712470.9149999619,0.4577449003855387,0.3301522513230642,2.830492146809896,2.8704925537109376,250.0,2455,24
fixation,712737.5859999657,0.4715801721269434,0.3455718213861639,2.814848466352983,2.8159498734907666,183.0,2456,24
fixation,712954.2589999437,0.39504525012203623,0.36121445149183273,2.574982234409877,2.582378387451172,467.0,2457,24
fixation,713454.26699996,0.4134606599807739,0.5752746820449829,2.458423614501953,2.4379486083984374,84.0,2458,24
fixation,713654.2649999857,0.40834811673714566,0.5514800846576691,2.451263427734375,2.486932607797476,217.0,2459,24
fixation,713920.9390000105,0.5341128636808956,0.4183722138404846,2.6433796602136947,2.619764440199908,283.0,2460,24
fixation,714287.6150000095,0.5629642572667863,0.8192837304539151,2.7342732747395835,2.671751234266493,150.0,2461,24
fixation,714487.6169999838,0.5865063548088074,0.838752019405365,2.8161956787109377,2.80167236328125,83.0,2462,24
fixation,714620.9529999495,0.49184598624706266,0.34490528285503386,2.9739739990234373,2.9800030517578127,417.0,2463,24
fixation,715054.2929999828,0.5107526137278631,0.410514045220155,2.9047710712139425,2.8861976036658654,217.0,2464,FIX_CROS
fixation,715320.9650000334,0.44239149801433086,0.2476966617628932,2.874605178833008,2.8889881134033204,667.0,2465,FIX_CROS
fixation,716037.6440000534,0.2472324605498995,0.2940418060336794,2.853735787527902,2.925665719168527,116.0,2466,24.2
fixation,716187.6440000534,0.2001930239299933,0.2868124569455783,2.7988103230794272,2.8912022908528647,200.0,2467,24.2
fixation,716404.3170000315,0.23567601293325424,0.2881438086430232,2.726154581705729,2.76175537109375,250.0,2468,24.2
fixation,716670.9889999628,0.2763107518355052,0.28683502972126007,2.6756083170572915,2.6865437825520835,100.0,2469,24.2
fixation,716804.3259999752,0.19888250902295113,0.2903183475136757,2.6358642578125,2.7000656127929688,200.0,2470,24.2
fixation,717037.6610000134,0.22646555975079535,0.2916723728179932,2.6993896484375,2.7310256958007812,166.0,2471,24.2
fixation,717221.0010000467,0.2681875882240442,0.2901922452908296,2.696252676156851,2.7343350923978367,217.0,2472,24.2
fixation,717454.3370000124,0.3052322193980217,0.2836372884256499,2.688769749232701,2.7122650146484375,233.0,2473,24.2
fixation,717721.0099999905,0.34589811135083437,0.2914754208177328,2.7116775512695312,2.717471122741699,267.0,2474,24.2
fixation,718004.3519999981,0.39140138775110245,0.283734817057848,2.740910847981771,2.7259140014648438,200.0,2475,24.2
fixation,718221.0219999552,0.42964765181144077,0.2850189668436845,2.772038777669271,2.7422396341959634,200.0,2476,24.2
fixation,718437.692999959,0.4145306162536144,0.2928235959261656,2.7904434204101562,2.7777061462402344,133.0,2477,24.2
fixation,718604.3639999628,0.4796681243639726,0.28650379524781155,2.7792816162109375,2.8002777099609375,216.0,2478,24.2
fixation,718837.7009999752,0.46679182236011213,0.2918259191971559,2.8042825552133412,2.798841036283053,217.0,2479,24.2
fixation,719087.7079999447,0.5092445124279369,0.29520771584727545,2.8261829723011362,2.824514215642756,183.0,2480,24.2
fixation,719287.7120000124,0.5507837561043826,0.2825094163417816,2.818978049538352,2.810598200017756,183.0,2481,24.2
fixation,719487.7159999609,0.592123340476643,0.28298932178453967,2.821137861772017,2.834683504971591,183.0,2482,24.2
fixation,719687.7200000286,0.5731336116790772,0.2839756429195404,2.800189208984375,2.808726501464844,167.0,2483,24.2
fixation,719871.0579999685,0.610149335861206,0.2824945360422134,2.789231872558594,2.820359802246094,167.0,2484,24.2
fixation,720054.3949999809,0.6617106080055237,0.28245614767074584,2.80322265625,2.8448150634765623,166.0,2485,24.2
fixation,720237.73300004,0.638981411854426,0.28809017108546364,2.813298543294271,2.8644782172309027,150.0,2486,24.2
fixation,720404.4049999714,0.6934343897379361,0.28122885869099545,2.809754591721755,2.861528836763822,216.0,2487,24.2
fixation,720654.4099999666,0.7314759604632854,0.2805593740195036,2.8107452392578125,2.8571090698242188,133.0,2488,24.2
fixation,720804.4140000343,0.6922822230392032,0.2842145131693946,2.817018296983507,2.858608669704861,150.0,2489,24.2
fixation,721004.4160000086,0.7804561067711223,0.27670530568469653,2.859413840553977,2.8787800181995737,183.0,2490,24.2
fixation,721204.4220000505,0.802899878133427,0.2711663544178009,2.9180173006924717,2.9242179177024146,183.0,2491,24.2
fixation,721404.425999999,0.8335151672363281,0.271264610812068,2.9251861572265625,2.958026885986328,74.0,2492,24.2
fixation,721604.432000041,0.2608636498451233,0.3448885172605515,2.730853271484375,2.91732177734375,75.0,2493,24.2
fixation,721704.4340000153,0.1972722773750623,0.35136503477891284,2.729656982421875,2.848152669270833,250.0,2494,24.2
fixation,721987.7730000019,0.24060222837660047,0.3486188103755315,2.664830525716146,2.7545098198784723,150.0,2495,24.2
fixation,722171.1119999886,0.3085876716808839,0.3512387126684189,2.644471602006392,2.689027266068892,184.0,2496,24.2
fixation,722371.1119999886,0.3753466932103038,0.3520867507904768,2.682736396789551,2.686626434326172,267.0,2497,24.2
fixation,722671.118999958,0.24194220347063883,0.27529696907315937,2.6998683384486606,2.807096208844866,234.0,2498,24.2
fixation,722921.1239999533,0.2090321747320039,0.2777452745607921,2.700709751674107,2.7774505615234375,125.0,2499,24.2
fixation,723954.4739999771,0.47588527482002974,0.29168722312897444,2.733880043029785,2.7516040802001953,266.0,2500,24.2
fixation,724254.4809999466,0.42071797272988726,0.35809774164642605,2.691986083984375,2.6962312970842635,233.0,2501,24.2
fixation,724504.4869999886,0.4615022490421931,0.3670172144969304,2.6999070909288196,2.7350955539279513,150.0,2502,24.2
fixation,724687.824000001,0.5059884624047712,0.3666279966180975,2.732846346768466,2.7249894575639204,183.0,2503,24.2
fixation,724887.8270000219,0.5598740859164132,0.36336319976382786,2.726750691731771,2.710216098361545,300.0,2504,24.2
fixation,725204.4980000257,0.6316076423972845,0.3537575136870146,2.755002975463867,2.7785511016845703,266.0,2505,24.2
fixation,725487.8420000076,0.6767434626817703,0.36734182946383953,2.8373597462972007,2.8578313191731772,400.0,2506,24.2
fixation,725921.1779999733,0.7158102326922946,0.35994546943240696,2.8128560384114585,2.8430938720703125,150.0,2507,24.2
fixation,726087.8509999514,0.7567552740757282,0.3562771288248209,2.813146737905649,2.828551072340745,217.0,2508,24.2
fixation,726337.8519999981,0.801505758003755,0.3591271286660975,2.810519131747159,2.815365878018466,183.0,2509,24.2
fixation,726537.8559999466,0.8298093862831593,0.3596783485263586,2.8219833374023438,2.7834510803222656,133.0,2510,24.2
fixation,726704.5269999504,0.774560021502631,0.3613036147185734,2.824213300432478,2.8396737234933034,233.0,2511,24.2
fixation,726971.19599998,0.835703979981573,0.3645147398898476,2.908420763517681,2.901087710731908,317.0,2512,24.2
fixation,727371.2089999914,0.26595353707671165,0.4345587193965912,2.699827194213867,2.915180206298828,134.0,2513,24.2
fixation,727521.2079999447,0.2004433184862137,0.4538665513197581,2.698016357421875,2.891487630208333,250.0,2514,24.2
fixation,727787.8799999952,0.2394824986656507,0.42832010289033257,2.5548990885416667,2.7081512451171874,250.0,2515,24.2
fixation,728071.2189999819,0.3153298993905385,0.41839775691429776,2.495396931966146,2.6972223917643228,108.0,2516,24.2
fixation,728587.8969999552,0.37809855384486063,0.4634443755660738,2.737186976841518,2.745847429547991,117.0,2517,24.2
fixation,728737.8999999762,0.4347921338948337,0.4599634896625172,2.719504616477273,2.676552512428977,183.0,2518,24.2
fixation,728954.5729999542,0.50162501846041,0.47215583068983896,2.7248055594308034,2.673132760184152,116.0,2519,24.2
fixation,729087.9090000391,0.4505935311317444,0.4779471427202225,2.658747355143229,2.598949178059896,250.0,2520,24.2
fixation,729354.5809999704,0.5100291898617377,0.46921498958881086,2.663482666015625,2.5439558762770433,216.0,2521,24.2
fixation,729604.5870000124,0.5582761276852001,0.46017340502955695,2.6750349564985796,2.6019023548473013,183.0,2522,24.2
fixation,729804.5930000544,0.5071405687115409,0.465599769895727,2.729185624556108,2.6373970725319604,183.0,2523,24.2
fixation,730004.5950000286,0.5573359102010726,0.4615825593471527,2.7600433349609377,2.671986389160156,166.0,2524,24.2
fixation,730187.932000041,0.6157892391085624,0.46091789826750756,2.77662353515625,2.743243408203125,333.0,2525,24.2
fixation,730537.9390000105,0.605934664607048,0.46418950259685515,2.775559997558594,2.726983642578125,167.0,2526,24.2
fixation,730737.9470000267,0.6811798731486003,0.465444885691007,2.780936686197917,2.7412119547526044,250.0,2527,24.2
fixation,731004.618999958,0.7089102991989681,0.45849428538765225,2.802187238420759,2.7753513881138394,233.0,2528,24.2
fixation,731254.6269999743,0.7379961574778837,0.459245420554105,2.8390969669117645,2.823469274184283,283.0,2529,24.2
fixation,731554.631000042,0.7823624738625118,0.4613557042820113,2.880211966378348,2.8968396868024553,233.0,2530,24.2
fixation,731804.6380000114,0.7696854546666145,0.4658211190253496,2.932292938232422,2.9140701293945312,133.0,2531,24.2
fixation,731954.6399999857,0.8095021131965849,0.46919112073050606,2.9380950927734375,2.9579459296332464,300.0,2532,24.2
fixation,732337.9850000143,0.24125826079398394,0.48084619268774986,2.569568634033203,2.976808547973633,133.0,2533,24.2
fixation,732554.6549999714,0.1974065288901329,0.505819521844387,2.4694576263427734,2.928813171386719,166.0,2534,24.2
fixation,732737.990999937,0.1996284625851191,0.5002026225511844,2.402454376220703,2.8279876708984375,217.0,2535,24.2
fixation,733104.6640000343,0.2458056298394998,0.5226478452483813,2.437162399291992,2.7292188008626304,200.0,2536,24.2
fixation,733321.3339999914,0.28852181881666183,0.5189735442399979,2.5722320556640623,2.692718505859375,108.0,2537,24.2
fixation,733521.3379999399,0.30014368891716003,0.5183395470182101,2.61129150390625,2.7505925496419272,108.0,2538,24.2
fixation,733688.0069999695,0.3309928819537163,0.5231885612010956,2.6959579467773436,2.720716857910156,167.0,2539,24.2
fixation,734104.6809999943,0.4131565419110385,0.522748426957564,2.734315352006392,2.704010009765625,183.0,2540,24.2
fixation,734321.3519999981,0.4604500470062097,0.5369950607419014,2.7730064392089844,2.7136573791503906,200.0,2541,24.2
fixation,734538.0230000019,0.5067245960235596,0.5439407885074615,2.800645446777344,2.6829208374023437,167.0,2542,24.2
fixation,734771.3600000143,0.5569627240300179,0.5483598470687866,2.7683448791503906,2.6879241943359373,333.0,2543,24.2
fixation,735121.3669999838,0.6060992702841759,0.5522597804665565,2.751718521118164,2.710447311401367,133.0,2544,24.2
fixation,735288.0379999876,0.6581574362867019,0.5539017267086926,2.761662202722886,2.7211285759420956,284.0,2545,24.2
fixation,735604.7089999914,0.7039026780561968,0.5587988983501088,2.7797893177379263,2.7615841952237217,183.0,2546,24.2
fixation,735804.7120000124,0.7421714395284653,0.5646020084619522,2.7683563232421875,2.756536865234375,167.0,2547,24.2
fixation,735988.0470000505,0.728014275431633,0.568377951780955,2.7708536783854165,2.7537078857421875,100.0,2548,24.2
fixation,736121.3860000372,0.7715393964733396,0.5651481811489377,2.776128496442522,2.8098743983677457,233.0,2549,24.2
fixation,736371.3899999857,0.8090457362788064,0.5675618847211202,2.813759213402158,2.8686116536458335,350.0,2550,24.2
fixation,736738.064999938,0.8397525273836576,0.5716570203120892,2.834271944486178,2.8682110126201925,217.0,2551,24.2
fixation,737021.4029999971,0.4590110608509609,0.6269628277846745,2.6903773716517856,2.636629377092634,116.0,2552,24.2
fixation,737221.4049999714,0.3993041608482599,0.6331103071570396,,2.709178924560547,133.0,2553,24.2
fixation,737438.0759999752,0.4013233184814453,0.6340345814824104,2.725982666015625,2.6885108947753906,67.0,2554,24.2
fixation,737538.0779999495,0.3936442658305168,0.6363574862480164,,2.694255828857422,67.0,2555,24.2
fixation,737671.4160000086,0.4348619822412729,0.6249402537941933,2.7148513793945312,2.655588150024414,133.0,2556,24.2
fixation,738071.4249999523,0.45990531519055367,0.6335208639502525,2.6891746520996094,2.687854766845703,66.0,2557,24.2
fixation,738288.0939999819,0.45904911682009697,0.629390150308609,2.734378814697265,2.7397537231445312,67.0,2558,24.2
fixation,738371.42900002,0.4616062957793474,0.6119498535990715,2.824587140764509,2.757680892944336,133.0,2559,24.2
fixation,738638.1009999514,0.4726086676120758,0.6191153705120087,2.804263644748264,2.746012878417969,167.0,2560,24.2
fixation,738821.4370000362,0.5000197559595108,0.6349734663963318,2.788501739501953,2.6677337646484376,83.0,2561,24.2
fixation,738971.4409999847,0.5003496642623629,0.638858654669353,2.7186767578125,2.6708156040736606,116.0,2562,24.2
fixation,739104.7769999504,0.5639054545989404,0.6294240997387812,2.7411945049579325,2.6977163461538463,217.0,2563,24.2
fixation,739338.1130000353,0.6181775952378908,0.6398960004250208,2.818467458089193,2.7476514180501304,200.0,2564,24.2
fixation,739571.4559999704,0.5602307021617889,0.6449489146471024,2.812001037597656,2.784429931640625,166.0,2565,24.2
fixation,739788.1239999533,0.6030849537679127,0.6449890498604093,2.8087615966796875,2.7529285975864957,234.0,2566,24.2
fixation,740038.1289999485,0.6298682076089522,0.6477502549395842,2.8299327177159928,2.763218599207261,284.0,2567,24.2
fixation,740371.4720000029,0.6026835462876728,0.2209208139351436,2.950000217982701,2.970700945172991,233.0,2568,NOTRIAL
fixation,740621.4769999981,0.5849193272491297,0.24667994088182846,2.909205118815104,2.9081573486328125,400.0,2569,NOTRIAL
fixation,741054.8190000057,0.5091361648896161,0.44995053375468536,2.88623046875,2.8764621510225186,283.0,2570,NOTRIAL
fixation,741371.4919999838,0.3672072470188141,0.4628773480653763,2.8601089477539063,2.9625900268554686,166.0,2571,NOTRIAL
fixation,741571.4980000257,0.43289150959915584,0.462022077706125,2.8796013726128473,2.9137030707465277,150.0,2572,NOTRIAL
fixation,741738.1669999361,0.5127509385347366,0.45135911960493436,2.8864274458451704,2.881924715909091,367.0,2573,NOTRIAL
fixation,742171.5069999695,0.5800566598773003,0.4420483000576496,2.9250831604003906,2.9371058146158853,200.0,2574,NOTRIAL
fixation,742388.1799999475,0.5083651691675186,0.4605735018849373,2.9544029235839844,2.97265625,67.0,2575,NOTRIAL
fixation,742471.513999939,0.5105163641273975,0.454311590641737,2.9467716217041016,2.927774429321289,133.0,2576,NOTRIAL
fixation,742654.8500000238,0.41339491804440814,0.6835847960578071,2.8600582546657987,2.929780748155382,150.0,2577,NOTRIAL
fixation,742821.5219999552,0.36926273504892987,0.7016718373412177,2.9102289109002974,2.910835629417783,350.0,2578,NOTRIAL
fixation,743221.5310000181,0.669415774444739,0.7316495378812155,2.952772776285807,2.9572436014811196,200.0,2579,NOTRIAL
fixation,743438.2009999752,0.6542343385517597,0.7343794368207455,2.8983802795410156,2.918111801147461,134.0,2580,NOTRIAL
fixation,743621.5369999409,0.5521766791741053,0.4443911674122016,2.9120496114095054,2.953258514404297,200.0,2581,NOTRIAL
fixation,743854.875,0.5905750308718,0.24543701396101997,2.886458260672433,2.907499767485119,700.0,2582,NOTRIAL
fixation,744571.55400002,0.5273516935961587,0.24711208875690188,2.9553152901785715,2.9661080496651784,583.0,2583,FIX_CROS
fixation,745204.8960000277,0.29867266757147654,0.2861894262688501,2.9391653878348216,3.021296909877232,117.0,2584,24.1
fixation,745354.9019999504,0.1943377462717203,0.2941452975456531,2.8574054424579325,2.9488372802734375,217.0,2585,24.1
fixation,745588.2380000353,0.22861037486129338,0.28548059860865277,2.8413238525390625,2.8502671983506946,150.0,2586,24.1
fixation,745754.9090000391,0.2757377518961827,0.2843968700617552,2.7927773793538413,2.7730725606282554,400.0,2587,24.1
fixation,746188.253000021,0.3478384042779605,0.2868848443031311,2.7749417622884116,2.776383717854818,200.0,2588,24.1
fixation,746404.9220000505,0.3927041601676207,0.28203812814675844,2.8060936560997596,2.8196446345402646,217.0,2589,24.1
fixation,746638.2580000162,0.34705816954374313,0.2873587751617798,2.8130704439603367,2.8476333618164062,434.0,2590,24.1
fixation,747104.9340000153,0.38519231017146793,0.2811335889356477,2.830165318080357,2.842388698032924,233.0,2591,24.1
fixation,747371.6069999933,0.4455263844945214,0.27843774584206665,2.8610701127485796,2.8522907603870737,183.0,2592,24.1
fixation,747588.2740000486,0.4846874154531039,0.28305032963936144,2.9043367826021633,2.90829585148738,217.0,2593,24.1
fixation,747821.6169999838,0.4597401512520654,0.27357894820826395,2.889495849609375,2.9268886021205356,116.0,2594,24.1
fixation,747971.6200000048,0.5173782974481582,0.2830439880490303,2.9063690185546873,2.9421646118164064,166.0,2595,24.1
fixation,748171.625,0.5998742447959052,0.27003783484299976,2.855524698893229,2.879913330078125,150.0,2596,24.1
fixation,748338.2910000086,0.5594301773951604,0.2805041613487097,2.8197549673227162,2.8587446946364183,217.0,2597,24.1
fixation,748588.2999999523,0.615759864449501,0.2769131474196911,2.811992645263672,2.8102989196777344,134.0,2598,24.1
fixation,748754.9670000076,0.6778937849131498,0.2731525505130941,2.778542258522727,2.829440030184659,183.0,2599,24.1
fixation,748954.9720000029,0.6566024670998255,0.28031247357527417,2.7813084920247397,2.8333396911621094,200.0,2600,24.1
fixation,749171.64199996,0.6811408817768096,0.27958511412143705,2.78828125,2.8115158081054688,166.0,2601,24.1
fixation,749354.9819999933,0.7417656406760216,0.27352888882160187,2.775634765625,2.803471883138021,200.0,2602,24.1
fixation,749571.6540000439,0.7874158412218094,0.2772788479924202,2.8053619384765627,2.8478744506835936,166.0,2603,24.1
fixation,749754.9880000353,0.7725317100683848,0.278033376733462,2.834428914388021,2.8946197509765623,250.0,2604,24.1
fixation,750021.6590000391,0.7527062644561132,0.2788884975016117,2.8236796061197915,2.8693453470865884,200.0,2605,24.1
fixation,750254.9989999533,0.7849967901905378,0.2753296134372552,2.8483619689941406,2.8990135192871094,200.0,2606,24.1
fixation,750521.6749999523,0.41877995017502045,0.2843239779273669,2.879012213812934,2.9014358520507812,300.0,2607,24.1
fixation,750855.013999939,0.4605545550584793,0.29023510714372,2.8693634033203126,2.853803507486979,250.0,2608,24.1
fixation,751138.3559999466,0.28834693133831024,0.2921076864004135,2.7950337727864585,2.824003431532118,300.0,2609,24.1
fixation,751455.0249999762,0.2799866506829858,0.2920211926102638,2.7632064819335938,2.7723326683044434,534.0,2610,24.1
fixation,752005.0390000343,0.25546136731281877,0.2941659986972809,2.761219024658203,2.793893814086914,267.0,2611,24.1
fixation,752338.3789999485,0.7423874300259811,0.26838862552092624,2.8178300123948317,2.8302342341496396,216.0,2612,24.1
fixation,752571.7170000076,0.7612758495590903,0.2739071859554811,2.8747905384410513,2.893185702237216,183.0,2613,24.1
fixation,752771.7220000029,0.7996205419301987,0.2729558765888214,2.8953506469726564,2.906663513183594,167.0,2614,24.1
fixation,753021.7289999723,0.24138414434024266,0.3635346165725163,2.7658822195870534,2.8518567766462053,117.0,2615,24.1
fixation,753171.7269999981,0.19479510270886952,0.3694844072063764,2.7508358425564237,2.8420011732313366,300.0,2616,24.1
fixation,753505.067999959,0.28445329815149306,0.3662679046392441,2.727947998046875,2.7526321411132812,167.0,2617,24.1
fixation,753705.0729999542,0.3368251191245185,0.35810380511813694,2.675571017795139,2.67559814453125,150.0,2618,24.1
fixation,753871.740999937,0.30999873131513594,0.36546860039234164,2.7003875732421876,2.7311920166015624,167.0,2619,24.1
fixation,754055.0809999704,0.3552781671285629,0.3698872238397598,2.756663513183594,2.735760498046875,167.0,2620,24.1
fixation,754255.0839999914,0.3954283330175612,0.3610677835014131,2.7334764268663196,2.7292616102430554,150.0,2621,24.1
fixation,754421.753000021,0.45407873888810474,0.36832308024168015,2.775681813557943,2.7882677714029946,200.0,2622,24.1
fixation,754638.4229999781,0.5138982017834981,0.3724536140759786,2.8093607584635416,2.756988525390625,250.0,2623,24.1
fixation,754905.0959999561,0.5526325076818466,0.36240586787462237,2.751576232910156,2.739239501953125,167.0,2624,24.1
fixation,755088.4340000153,0.5359383687376976,0.3718300171196461,2.750505065917969,2.72623291015625,333.0,2625,24.1
fixation,755438.4390000105,0.5746275863864205,0.3644947409629822,2.747616854580966,2.760215065696023,183.0,2626,24.1
fixation,755638.4440000057,0.624469131231308,0.36930302778879803,2.802294921875,2.8200225830078125,250.0,2627,24.1
fixation,755905.1150000095,0.6767046868801116,0.3683019439379374,2.883442179361979,2.893504842122396,250.0,2628,24.1
fixation,756171.7849999666,0.7174104966900565,0.37175118110396643,2.876559170809659,2.9090215509588067,183.0,2629,24.1
fixation,756371.7879999876,0.6818317025899887,0.3669884502887726,2.8889102935791016,2.915771484375,133.0,2630,24.1
fixation,756521.7940000296,0.7333447560667992,0.355006771783034,2.8781967163085938,2.9169184366861978,200.0,2631,24.1
fixation,756738.4639999866,0.7916410613059998,0.3576856482028961,2.9239593505859376,2.9151953125,416.0,2632,24.1
fixation,757188.4730000496,0.8238255620002747,0.3599488039811452,2.8926676432291667,2.896673583984375,250.0,2633,24.1
fixation,757521.8109999895,0.2426208049058914,0.4332545280456543,2.750750732421875,2.9540084838867187,167.0,2634,24.1
fixation,757705.1449999809,0.19227482130130133,0.4549747672345903,2.7442728678385415,3.0663045247395835,150.0,2635,24.1
fixation,758021.8190000057,0.5333106900964465,0.30809144356421064,2.9302771432059154,2.9841079711914062,233.0,2636,NOTRIAL
fixation,758288.490999937,0.5579491787486606,0.23960052678982416,3.065183851453993,3.1088714599609375,150.0,2637,NOTRIAL
fixation,758471.8279999495,0.6425815739414908,0.24023988097906113,3.0301055908203125,3.0353518399325283,183.0,2638,NOTRIAL
fixation,758705.1619999409,0.396073581142859,0.24677122722972522,2.982595270330256,2.983559348366477,184.0,2639,NOTRIAL
fixation,758905.1649999619,0.3490149113867018,0.24951784892214668,2.9666115089699074,2.9898466887297452,450.0,2640,NOTRIAL
fixation,759388.5049999952,0.36572071254253385,0.4712846279144287,2.896710205078125,2.961280517578125,416.0,2641,NOTRIAL
fixation,759821.8459999561,0.36230685836390447,0.47390849104053095,2.8889963250411186,2.948477494089227,317.0,2642,NOTRIAL
fixation,760188.51699996,0.3724894550713626,0.7067380533976988,2.8405706232244317,2.8614876487038354,366.0,2643,NOTRIAL
fixation,760605.1890000105,0.6709285920316522,0.7292906533588063,2.9823982932350854,2.98675537109375,184.0,2644,NOTRIAL
fixation,760805.192999959,0.6570243835449219,0.7312512074907621,2.9358317057291665,2.9561449686686196,600.0,2645,NOTRIAL
fixation,761471.868999958,0.6047221611846577,0.24188014323061163,2.9069777979995264,2.972052371863163,550.0,2646,NOTRIAL
fixation,762055.2089999914,0.5007034037262201,0.33054083958268166,2.987630844116211,3.025510787963867,134.0,2647,NOTRIAL
fixation,762238.5470000505,0.3694515419312013,0.4419099726738074,2.9495916122045274,3.0270467904897838,650.0,2648,NOTRIAL
fixation,762921.8940000534,0.4873632907867432,0.5680391281843186,2.809674072265625,2.8314895629882812,167.0,2649,NOTRIAL
fixation,763138.5659999847,0.5285971420151847,0.2694749991808619,2.8708223615373885,2.883711678641183,233.0,2650,NOTRIAL
fixation,763421.9029999971,0.5160221333305041,0.4692157047490279,2.8359222412109375,2.8445027669270835,200.0,2651,NOTRIAL
fixation,763638.574000001,0.5157861345344119,0.47029149863455033,2.8512437608506946,2.8806881374782987,150.0,2652,26
fixation,763838.5759999752,0.45396621690856087,0.26072001457214355,2.8524542914496527,2.855660332573785,150.0,2653,26
fixation,764005.2460000515,0.42699543945491314,0.26309439819306135,2.716188430786133,2.732426643371582,267.0,2654,26
fixation,764305.253000021,0.485770045356317,0.25690234384753485,2.6078948974609375,2.6282528963955967,184.0,2655,26
fixation,764505.253000021,0.5289227896266513,0.26152364826864666,2.5839165581597223,2.608432345920139,150.0,2656,26
fixation,764688.5920000076,0.5683379173278809,0.2616458497941494,2.575383186340332,2.599252700805664,266.0,2657,26
fixation,764988.5970000029,0.3959857282730249,0.3001883362348263,2.63296391413762,2.6404512845552883,216.0,2658,26
fixation,765221.9349999428,0.38394392891363666,0.29881319268183276,2.6453677090731533,2.629640059037642,183.0,2659,26
fixation,765421.9379999638,0.4274676859378815,0.2918353617191315,2.6556442260742186,2.6373641967773436,167.0,2660,26
fixation,765621.9450000525,0.46757339482957666,0.288226380944252,2.6526655717329546,2.6473041881214487,183.0,2661,26
fixation,765821.94599998,0.5058357914288839,0.28324426379468703,2.667753431532118,2.68259514702691,150.0,2662,26
fixation,766005.2829999924,0.4552016928792,0.2884482219815254,2.7018890380859375,2.6768646240234375,134.0,2663,26
fixation,766155.2879999876,0.5210942566394806,0.28424838483333587,2.7136581420898436,2.7071136474609374,167.0,2664,26
fixation,766355.2869999409,0.5925693660974503,0.28331414823021206,2.743788582938058,2.766545976911272,234.0,2665,26
fixation,766621.9600000381,0.5191446403662364,0.5170187493165334,2.7088297526041667,2.745475260416667,250.0,2666,26
fixation,766888.631000042,0.5382118026415507,0.5420478959878285,2.693863932291667,2.745774332682292,250.0,2667,26
fixation,767171.9709999561,0.6127736958173605,0.3721057933110457,2.646788377028245,2.676464374248798,225.0,2668,26
fixation,767721.9800000191,0.3377711623907089,0.879604289929072,,2.7405217488606772,100.0,2669,26
fixation,767888.6490000486,0.3772590570151806,0.8486637696623802,2.71417236328125,2.7716217041015625,66.0,2670,26
fixation,768271.9889999628,0.5334241092205048,0.835149735212326,,2.7424697875976562,67.0,2671,26
fixation,768371.9889999628,0.5371577640374502,0.8595382571220398,2.8105499267578127,2.7634709676106772,100.0,2672,26
fixation,768488.6610000134,0.5155351119382041,0.8406410025698798,2.80084228515625,2.734043666294643,233.0,2673,26
fixation,768738.6640000343,0.5466030190388361,0.8522254129250845,2.811284383138021,2.7864710489908853,100.0,2674,26
fixation,768855.3320000172,0.6209205463528633,0.8650635679562887,2.8610928853352866,2.859990437825521,201.0,2675,26
fixation,769072.003000021,0.6674885551134745,0.8678290620446205,2.878737131754557,2.9107538859049478,200.0,2676,26
fixation,769422.0089999437,0.49518209424885834,0.2716842368245125,2.9499650435014204,2.9542361172762783,184.0,2677,26
fixation,769638.6779999733,0.4012108307618361,0.29012002165500933,2.8760094275841346,2.9120694673978367,217.0,2678,26
fixation,769872.013999939,0.38821879029273987,0.2899710051715374,2.7519454956054688,2.7871475219726562,67.0,2679,26
fixation,769972.01699996,0.44910834895239937,0.2861185669898987,2.726781209309896,2.703177558051215,150.0,2680,26
fixation,770138.6859999895,0.49265337114532787,0.28317370638251305,2.6997350056966147,2.731165568033854,200.0,2681,26
fixation,770355.3569999933,0.5389250790079435,0.28590749700864154,2.738175710042318,2.7910118103027344,200.0,2682,26
fixation,770588.6950000525,0.5832794552499597,0.28119943223216315,2.7515189430930396,2.8164104114879263,183.0,2683,26
fixation,770805.3619999886,0.5224806264690731,0.2923453851886418,2.783246911090353,2.8487648341966714,383.0,2684,26
fixation,771205.3700000048,0.5896060773820588,0.2862952667655367,2.7587617816347065,2.8480178370620264,550.0,2685,26
fixation,771772.0479999781,0.6104925535619259,0.2852597599849105,2.739530563354492,2.8265247344970703,275.0,2686,26
fixation,772288.7220000029,0.5318768067019326,0.5894818412406104,2.752117701939174,2.8143931797572543,233.0,2687,26
fixation,772538.7280000448,0.5385614714839242,0.5550876584920016,2.831358476118608,2.899637395685369,183.0,2688,26
fixation,772772.0629999638,0.514103495157682,0.718430716257829,2.7157217172475963,2.720066950871394,217.0,2689,26
fixation,773005.4010000229,0.4857492332949358,0.712264374775045,2.7369016759535847,2.6995185403262867,283.0,2690,26
fixation,773305.4079999924,0.5189050644636154,0.7185705184936524,2.78577880859375,2.8202590942382812,166.0,2691,26
fixation,773522.0779999495,0.5738432717820009,0.39167883060872555,2.867141087849935,2.9012012481689453,400.0,2692,26
fixation,773955.4190000296,0.48218713571196015,0.34169340781543567,2.919355309527853,2.9454524828040083,383.0,2693,FIX_CROS
fixation,774388.7610000372,0.4326927584409714,0.21316642552614212,2.935396728515625,2.98534423828125,417.0,2694,FIX_CROS
fixation,774855.4349999428,0.2589339926838875,0.2834013491868973,2.969804382324219,2.9957305908203127,166.0,2695,26.2
fixation,775038.7719999552,0.19554699874586529,0.3264453179306454,2.984434339735243,3.01507568359375,150.0,2696,26.2
fixation,775222.10800004,0.2415452218717999,0.32615382803810966,2.964940388997396,2.9805433485243054,150.0,2697,26.2
fixation,775388.7810000181,0.28899352873365086,0.33003195623556775,2.8579527537027993,2.8636156717936196,400.0,2698,26.2
fixation,775805.4520000219,0.3275363191962242,0.3333952024579048,2.7934783935546874,2.78853759765625,166.0,2699,26.2
fixation,775988.7899999619,0.36389302665537054,0.33253795585849066,2.780844948508523,2.790434403852983,183.0,2700,26.2
fixation,776188.7929999828,0.3905772566795349,0.33573163194315775,2.7727770124162947,2.8029632568359375,117.0,2701,26.2
fixation,776338.7970000505,0.4348027082160115,0.3329670587554574,2.7685976028442383,2.7792510986328125,267.0,2702,26.2
fixation,776622.1349999905,0.48670205817772794,0.3236627785059122,2.7453331580528846,2.7462803767277646,217.0,2703,26.2
fixation,776872.1399999857,0.5548054814338684,0.3194128707051277,2.7248001098632812,2.7760391235351562,167.0,2704,26.2
fixation,777072.1440000534,0.5319076511594985,0.32944931586583454,2.7623104519314237,2.782316419813368,150.0,2705,26.2
fixation,777238.8120000362,0.6250419790546099,0.3188048092027505,2.783911387125651,2.8156140645345054,200.0,2706,26.2
fixation,777455.4809999466,0.6007935064179557,0.32230536001069204,2.8274383544921875,2.8705357142857144,116.0,2707,26.2
fixation,777605.4809999466,0.6856991559267044,0.32298492193222045,2.8548507690429688,2.901702880859375,166.0,2708,26.2
fixation,777788.8190000057,0.726664811372757,0.322680560251077,2.867633819580078,2.9322001139322915,200.0,2709,26.2
fixation,778022.1540000439,0.7673380772272745,0.3215134118994077,2.861445109049479,2.9201443990071616,200.0,2710,26.2
fixation,778255.4919999838,0.7983226946422032,0.31869020206587656,2.8428312029157365,2.894202096121652,233.0,2711,26.2
fixation,778505.4930000305,0.8265111386775971,0.31079026162624357,2.828570556640625,2.88382568359375,83.0,2712,26.2
fixation,778672.1610000134,0.2736781473670687,0.400696867278644,2.8357086181640625,2.9132886614118303,117.0,2713,26.2
fixation,778805.4960000515,0.21378348022699356,0.4192377142608166,2.8062507629394533,2.89678955078125,333.0,2714,26.2
fixation,779155.503000021,0.24930783112843832,0.41976883709430696,2.772003173828125,2.753703816731771,250.0,2715,26.2
fixation,779422.1699999571,0.3020961910486221,0.41698611378669737,2.7106536865234374,2.714886474609375,92.0,2716,26.2
fixation,779722.1729999781,0.2850312054157257,0.4163389325141907,2.765118408203125,2.724493408203125,76.0,2717,26.2
fixation,779822.1729999781,0.3452358039525839,0.41978494020608753,2.836694570688101,2.827587421123798,217.0,2718,26.2
fixation,780055.5110000372,0.38974328637123107,0.407401742041111,2.8230682373046876,2.8987442016601563,166.0,2719,26.2
fixation,780255.5110000372,0.42858375723545367,0.41402408136771274,2.8287283090444713,2.8664151705228367,216.0,2720,26.2
fixation,780488.8470000029,0.4088673461228609,0.4186294786632061,2.8251705169677734,2.895183563232422,133.0,2721,26.2
fixation,780655.513999939,0.48551718761091645,0.4166288777537968,2.8467911430027173,2.838300622027853,383.0,2722,26.2
fixation,781055.5230000019,0.5408652321650431,0.4167445789162929,2.824330843411959,2.849455026479868,433.0,2723,26.2
fixation,781588.85800004,0.5928127811505244,0.41398263092224413,2.8016639122596154,2.7969442514272838,217.0,2724,26.2
fixation,781838.8619999886,0.636140417594176,0.40877280785487247,2.822252713716947,2.862060546875,217.0,2725,26.2
fixation,782072.19599998,0.6692890737737928,0.41399074132953373,2.8638501848493303,2.8794849940708707,234.0,2726,26.2
fixation,782338.8650000095,0.7021601349115372,0.4112255722284317,2.8340225219726562,2.855588912963867,133.0,2727,26.2
fixation,782488.8680000305,0.747204874243055,0.41403538840157644,2.820446559361049,2.87646484375,233.0,2728,26.2
fixation,782738.8730000257,0.7869084179401398,0.4072725636263688,2.8480046590169272,2.883122762044271,200.0,2729,26.2
fixation,783005.5440000296,0.24453354047404396,0.5134848571485944,2.7475992838541665,2.915895250108507,150.0,2730,26.2
fixation,783188.881000042,0.20512126460671426,0.5189538806676864,2.7160003662109373,2.879400634765625,167.0,2731,26.2
fixation,783388.8839999437,0.2630070803257135,0.5189273449090811,2.7379256028395433,2.7980076716496396,217.0,2732,26.2
fixation,783622.2220000029,0.30871038263042766,0.5175309106707573,2.7307116190592446,2.7527694702148438,200.0,2733,26.2
fixation,783838.8930000067,0.3485575124621391,0.5132521331310272,2.7110198974609374,2.7163543701171875,167.0,2734,26.2
fixation,784072.2319999933,0.3316891759634018,0.5200013816356659,2.746636962890625,2.7606109619140624,84.0,2735,26.2
fixation,784188.8990000486,0.410336647182703,0.511187145859003,2.7209396362304688,2.738128662109375,333.0,2736,26.2
fixation,784538.9060000181,0.46861413568258287,0.518143355846405,2.7362396240234377,2.7511947631835936,167.0,2737,26.2
fixation,784722.2430000305,0.5129545092582702,0.522801148891449,2.745587158203125,2.7840911865234377,167.0,2738,26.2
fixation,784905.5779999495,0.5845382341316768,0.5166428280728204,2.7427684238978793,2.7437428065708707,233.0,2739,26.2
fixation,785155.5820000172,0.5671272675196329,0.525817945599556,2.7486139933268228,2.7432403564453125,100.0,2740,26.2
fixation,785288.9199999571,0.6518371517841632,0.5181178794457362,2.7632411076472354,2.807569063626803,217.0,2741,26.2
fixation,785522.2569999695,0.6935006720679147,0.5214789580731165,2.8163829985119047,2.858766828264509,350.0,2742,26.2
fixation,785888.9279999733,0.7363236288229624,0.5129758417606354,2.839869181315104,2.8489980061848956,250.0,2743,26.2
fixation,786155.5980000496,0.7709274291992188,0.5097250312566757,2.822825622558594,2.843455505371094,166.0,2744,26.2
fixation,786338.9370000362,0.7984755039215088,0.5192529067949012,2.8437556514033564,2.863167091652199,450.0,2745,26.2
fixation,786855.6130000353,0.2590021751821041,0.598020650446415,2.7690906524658203,2.899778366088867,133.0,2746,26.2
fixation,787022.2829999924,0.20768030881881713,0.6018191297849019,2.7081400553385415,2.8590708414713544,250.0,2747,26.2
fixation,787288.9539999962,0.24399134889245033,0.6110246069729328,2.681436538696289,2.787321090698242,133.0,2748,26.2
fixation,787438.9559999704,0.24984584552677055,0.6148554902327689,2.647866500051398,2.77226417943051,317.0,2749,26.2
fixation,787772.2960000038,0.28630054493745166,0.60744991650184,2.6752726236979165,2.7693074544270835,200.0,2750,26.2
fixation,787988.9650000334,0.3336960623661677,0.6098642076055208,2.6623153686523438,2.7954317728678384,200.0,2751,26.2
fixation,788205.6380000114,0.31690837256610394,0.6179147288203239,2.746074676513672,2.84991455078125,133.0,2752,26.2
fixation,788372.3059999943,0.36788152387508977,0.6026512384414673,2.701416015625,2.800501896784856,217.0,2753,26.2
fixation,788605.6449999809,0.39863717183470726,0.6095911376178265,2.725465774536133,2.8081588745117188,133.0,2754,26.2
fixation,788788.9819999933,0.4522482468323274,0.614953563971953,2.763710715553977,2.8458140980113638,183.0,2755,26.2
fixation,788988.9850000143,0.5021918956190348,0.621948329731822,2.830784797668457,2.8680219650268555,267.0,2756,26.2
fixation,789288.9919999838,0.5493402540683746,0.6238498091697693,2.8556610107421876,2.8809051513671875,167.0,2757,26.2
fixation,789488.993999958,0.5958259891379963,0.6179243895140561,2.8400809548117896,2.8661055131392046,183.0,2758,26.2
fixation,789705.6660000086,0.6663703653547499,0.6168807910548316,2.803292168511285,2.838506910536024,300.0,2759,26.2
fixation,790039.006000042,0.7589089409871534,0.621155318888751,2.8130728981711646,2.861045143821023,184.0,2760,26.2
fixation,790239.0110000372,0.7379518662180219,0.6200979607445853,2.792748587472098,2.834110804966518,117.0,2761,26.2
fixation,790389.0119999647,0.8144402347112957,0.6235083043575287,2.834216469212582,2.868037173622533,317.0,2762,26.2
fixation,790839.0210000277,0.506760545398878,0.3314612572607787,2.8600006103515625,2.87060082477072,384.0,2763,26.2
fixation,791255.69599998,0.519861941987818,0.18916207213293423,2.866574374112216,2.8612213134765625,183.0,2764,NOTRIAL
fixation,791455.7000000477,0.5047992219527563,0.23946023504767153,2.8877635531955295,2.8966581556532116,600.0,2765,NOTRIAL
fixation,792105.7120000124,0.46646715700626373,0.4637676626443863,2.934211095174154,2.996551513671875,400.0,2766,NOTRIAL
fixation,792555.7220000029,0.36444521234149024,0.7020266893364134,2.9098394484747026,3.0047098795572915,350.0,2767,NOTRIAL
fixation,792939.0609999895,0.6536546879344516,0.7422980980740653,3.038753933376736,3.0905575222439237,300.0,2768,NOTRIAL
fixation,793289.07099998,0.5213169306516647,0.4127775604526202,3.0417442321777344,3.0813585917154946,200.0,2769,NOTRIAL
fixation,793505.740999937,0.511221302782788,0.2431127177003552,2.9650266310747933,2.930291344137753,1133.0,2770,NOTRIAL
fixation,794689.0950000286,0.339180255929629,0.3103385832574632,3.0010748969184027,3.02396477593316,150.0,2771,26.1
fixation,794889.0970000029,0.22163296341896058,0.4692251980304718,2.900177001953125,3.044091796875,84.0,2772,26.1
fixation,795005.7660000324,0.2222477694352468,0.4679037754734357,2.9172337849934897,3.0283304850260415,100.0,2773,26.1
fixation,795122.4340000153,0.27462249000867206,0.4689724879960219,2.8986778259277344,2.963698069254557,200.0,2774,26.1
fixation,795339.1059999466,0.32066165723583917,0.466205739162185,2.835357666015625,2.8529496626420454,184.0,2775,26.1
fixation,795555.7790000439,0.3775787249207497,0.4609135419130325,2.7785110473632812,2.813873291015625,167.0,2776,26.1
fixation,795755.7799999714,0.43342858823862945,0.46235362779010425,2.7970692027698862,2.800620339133523,183.0,2777,26.1
fixation,795955.7829999924,0.4796015987029442,0.4590427944293389,2.821717482346755,2.7672400841346154,217.0,2778,26.1
fixation,796205.7869999409,0.39032902419567106,0.46218239863713584,2.8205301920572916,2.8562245686848957,250.0,2779,26.1
fixation,796472.4579999447,0.3762458215157191,0.4666265348593394,2.825291951497396,2.8406168619791665,100.0,2780,26.1
fixation,796589.1289999485,0.42210813611745834,0.45611898104349774,2.7954610188802085,2.8000971476236978,100.0,2781,26.1
fixation,796772.4620000124,0.4804394675625695,0.46127720591094756,2.796270582411024,2.7314944797092013,300.0,2782,26.1
fixation,797089.1360000372,0.4698671936988831,0.46681873202323915,2.7948577880859373,2.7564483642578126,84.0,2783,26.1
fixation,797222.4720000029,0.4462873637676239,0.4708148017525673,2.755772908528646,2.7685317993164062,100.0,2784,26.1
fixation,797339.1410000324,0.4898992505940524,0.47369958189400757,2.776375510475852,2.730977838689631,184.0,2785,26.1
fixation,797539.1440000534,0.5356767638163134,0.4678348790515553,2.7598627263849433,2.764738603071733,184.0,2786,26.1
fixation,797755.8140000105,0.5869501725487087,0.4619331690280334,2.736385843028193,2.7742077371348506,383.0,2787,26.1
fixation,798155.8220000267,0.6311473761286054,0.4656480540122305,2.732287815638951,2.786802019391741,233.0,2788,26.1
fixation,798405.8270000219,0.6695704584320387,0.46661708131432533,2.742651621500651,2.794560750325521,200.0,2789,26.1
fixation,798622.496999979,0.7197870338956515,0.47057778512438136,2.789215087890625,2.8129908243815103,200.0,2790,26.1
fixation,798839.1669999361,0.76242815554142,0.4699688106775284,2.818858337402344,2.8373779296875,167.0,2791,26.1
fixation,799022.503000021,0.8021220445632935,0.4650695751110713,2.8128957112630206,2.8143046061197916,250.0,2792,26.1
fixation,799372.5099999905,0.6137967540158166,0.43274937404526603,2.7710401746961804,2.8393622504340277,150.0,2793,NOTRIAL
fixation,799539.1799999475,0.5969927422702312,0.29030673764646053,2.837930679321289,2.9027156829833984,134.0,2794,NOTRIAL
fixation,799689.1859999895,0.6161505823785608,0.2320212491533973,2.917694091796875,2.957339200106534,184.0,2795,NOTRIAL
fixation,799889.1859999895,0.6442221999168396,0.2462332844734192,2.8829320271809897,2.931201934814453,200.0,2796,NOTRIAL
fixation,800105.8609999418,0.6305112633854151,0.24553558742627501,2.904423713684082,2.9603872299194336,267.0,2797,NOTRIAL
fixation,800605.8680000305,0.594012914519561,0.2526461878105214,2.9460698177939966,3.001325908460115,317.0,2798,NOTRIAL
fixation,800939.2070000172,0.6537463779632862,0.24231345894245002,2.949846707857572,2.9560100848858175,217.0,2799,NOTRIAL
fixation,801189.2100000381,0.6072323262691498,0.4866430014371872,2.8009963989257813,2.838945007324219,167.0,2800,NOTRIAL
fixation,801372.5479999781,0.6369593515992165,0.48415157198905945,2.8363494873046875,2.849090576171875,66.0,2801,NOTRIAL
fixation,801455.8819999695,0.6428355164825916,0.4814289668574929,2.877847671508789,2.8790483474731445,267.0,2802,NOTRIAL
fixation,801755.8860000372,0.569573082707145,0.4666146974671971,2.835042780095881,2.8671750155362217,183.0,2803,NOTRIAL
fixation,801955.8910000324,0.6529597789049149,0.4673243301610152,2.830500284830729,2.845592498779297,200.0,2804,NOTRIAL
fixation,802222.5609999895,0.48749327117746527,0.4656661383130334,2.836148348721591,2.840542879971591,183.0,2805,NOTRIAL
fixation,802439.2319999933,0.3578050297995408,0.4712174342324336,2.8162733713785806,2.905559539794922,400.0,2806,NOTRIAL
fixation,802905.9079999924,0.56452895142138,0.46192759834229946,2.7527589797973633,2.712596893310547,267.0,2807,NOTRIAL
fixation,803189.246999979,0.5951032704777188,0.4558936771419313,2.7288411458333335,2.72232903374566,150.0,2808,NOTRIAL
fixation,803372.5829999447,0.6545919477939606,0.47360169887542725,2.7960535685221353,2.8000259399414062,200.0,2809,NOTRIAL
fixation,803589.2539999485,0.6395886391401291,0.4688119441270828,2.768829345703125,2.786468505859375,134.0,2810,NOTRIAL
fixation,803772.5920000076,0.4710329050819079,0.6942185387015343,2.7043469746907554,2.7486241658528647,200.0,2811,NOTRIAL
fixation,804005.9270000458,0.5720363169908523,0.6954133689403534,2.791096496582031,2.795939636230469,167.0,2812,NOTRIAL
fixation,804205.9340000153,0.4274035580456257,0.6875282824039459,2.7417500813802085,2.8117713928222656,67.0,2813,NOTRIAL
fixation,804305.9370000362,0.6300325962630186,0.7244914688847282,2.878549749200994,2.9155814430930396,183.0,2814,NOTRIAL
fixation,804505.9359999895,0.6579501200467348,0.733776057139039,2.942859649658203,2.979825019836426,267.0,2815,NOTRIAL
fixation,804789.2760000229,0.6482231944799424,0.7140649616718292,2.94127197265625,2.9896636962890626,167.0,2816,NOTRIAL
fixation,805005.9470000267,0.6437254786491394,0.23391013890504836,2.962543487548828,3.0163856506347657,333.0,2817,NOTRIAL
fixation,805389.2860000134,0.5538913749513172,0.3774126299789974,3.0141201927548362,3.0146644228980657,350.0,2818,NOTRIAL
fixation,805772.6269999743,0.6512277054064202,0.4498090346654256,3.003028638435133,3.0451983827533144,550.0,2819,NOTRIAL
fixation,806355.9709999561,0.5353350341320038,0.6332274427016577,2.8532791137695312,2.8396212259928384,200.0,2820,NOTRIAL
fixation,806589.3079999685,0.5348341001404656,0.37191447615623474,2.8469407823350696,2.8550008138020835,150.0,2821,NOTRIAL
fixation,806755.9800000191,0.5025946842996698,0.4507100299785012,2.8748972039473686,2.861044632761102,317.0,2822,NOTRIAL
fixation,807105.98300004,0.4827031311061647,0.3291619535949495,2.9127570258246527,2.91908942328559,150.0,2823,1
fixation,807272.6540000439,0.4374109074473381,0.3375813364982605,2.8598876953125,2.873582458496094,166.0,2824,1
fixation,807489.3229999542,0.5722364167372386,0.3261964112520218,2.786412556966146,2.7863230387369793,250.0,2825,1
fixation,807772.6610000134,0.4478785373270512,0.3305360846221447,2.7747543334960936,2.8046615600585936,333.0,2826,1
fixation,808122.6679999828,0.43571872015794116,0.33737435936927795,2.8056776258680554,2.7972513834635415,150.0,2827,1
fixation,808306.0019999743,0.5568068388261294,0.32173825643564524,2.7709053441097864,2.7453838147615133,317.0,2828,1
fixation,808672.67900002,0.4495738425425121,0.5323648261172431,2.7154333932059154,2.7794265747070312,233.0,2829,1
fixation,808922.6799999475,0.42586936155954996,0.5210363805294037,2.739251708984375,2.7894622802734377,250.0,2830,1
fixation,809206.0210000277,0.5307395932349291,0.42608636956323276,2.8147957541725854,2.8628089211203833,367.0,2831,1
fixation,809606.0260000229,0.4695118334558275,0.4133842388788859,2.7812567816840277,2.833006117078993,150.0,2832,1
fixation,809806.0279999971,0.5763882920145988,0.4925856448709965,2.7351402282714843,2.7220298767089846,334.0,2833,1
fixation,810222.7029999495,0.42117437223593396,0.7773063480854034,2.6629638671875,2.6489588419596353,100.0,2834,1
fixation,810689.3799999952,0.41379037002722424,0.8336228430271149,,2.660822550455729,100.0,2835,1
fixation,810822.7129999399,0.46627961099147797,0.8029543823666043,2.63507080078125,2.6202189127604165,150.0,2836,1
fixation,810989.3839999437,0.5372276306152344,0.8264500796794891,2.7135772705078125,2.681835174560547,133.0,2837,1
fixation,811189.3860000372,0.5134967640042305,0.822801798582077,,2.7178192138671875,66.0,2838,1
fixation,811306.0549999475,0.5178683354304388,0.8167370099287766,,2.7502206655649037,217.0,2839,1
fixation,811789.3949999809,0.6656085513532162,0.8505068831145763,2.814300537109375,2.8123931884765625,133.0,2840,1
fixation,811989.4029999971,0.5035125876848514,0.31560961443644303,2.846997774564303,2.8803910475510817,216.0,2841,1
fixation,812239.4060000181,0.44878663750071274,0.33181501140719966,2.8257952238384045,2.820723684210526,316.0,2842,1
fixation,812589.4119999409,0.5673076430956523,0.3483965535958608,2.8201833089192707,2.8133168538411457,250.0,2843,1
fixation,812872.7480000257,0.4932538211345673,0.411921326816082,2.7669082641601563,2.7585205078125,167.0,2844,1
fixation,813056.0859999657,0.4720529433753755,0.4077317753323802,2.747110437463831,2.764955308702257,450.0,2845,1
fixation,813539.4279999733,0.4361976763376823,0.5243900509981009,2.6797943115234375,2.7250894399789662,433.0,2846,1
fixation,813989.4370000362,0.4573306530714035,0.510951583981514,2.726959228515625,2.716397705078125,416.0,2847,1
fixation,814439.4440000057,0.5877884971468073,0.5139405609745729,2.819168893914474,2.7647761294716284,316.0,2848,1
fixation,814772.7840000391,0.5777843828712191,0.48300438267844065,2.8675635201590404,2.858461652483259,233.0,2849,1
fixation,815056.1230000257,0.5973275966114469,0.6284921798441145,2.8059234619140625,2.7394527859157987,150.0,2850,1
fixation,815222.7899999619,0.6092435538768768,0.6452548623085022,2.7929351806640623,2.750444030761719,167.0,2851,1
fixation,815572.7979999781,0.4062325432896614,0.6123041808605194,2.7298622131347656,2.7348556518554688,67.0,2852,1
fixation,815789.4700000286,0.41749137214251925,0.7833293165479388,,2.5105176653180803,116.0,2853,1
fixation,815956.1380000114,0.5337168574333191,0.7641012281179428,2.607545640733507,2.507005310058594,167.0,2854,1
fixation,816389.4809999466,0.6442571553316984,0.8394003998149525,2.782290371981534,2.7967945445667612,183.0,2855,1
fixation,816589.4819999933,0.6757349252700806,0.8489417850971221,2.81346435546875,2.83919677734375,83.0,2856,1
fixation,816739.4859999418,0.540937050183614,0.33909945388635,2.85953369140625,2.869731648763021,250.0,2857,1
fixation,817006.1569999456,0.5866151111466544,0.32891242631844114,2.820951189313616,2.800199236188616,117.0,2858,1
fixation,817156.1590000391,0.45426380363377655,0.33112633296034555,2.6812924471768467,2.68082011829723,367.0,2859,1
fixation,817539.4989999533,0.43481942557770276,0.33323442482430005,2.690845655358356,2.6645706840183423,383.0,2860,1
fixation,817989.506000042,0.547664691101421,0.34812950410626153,2.7697296142578125,2.761148626154119,183.0,2861,1
fixation,818206.1770000458,0.4826820821597658,0.4036052730576745,2.7710723876953125,2.812321630017511,484.0,2862,1
fixation,818706.1849999428,0.541484309868379,0.40012528611855075,2.715454795143821,2.734071211381392,367.0,2863,1
fixation,819106.1909999847,0.5325784358713362,0.3372489273548126,2.7695614284939234,2.8159935845269097,750.0,2864,1
fixation,819906.2079999447,0.3483307748227506,0.24347808876553098,2.855780936576225,2.8870317613756336,617.0,2865,FIX_CROS
fixation,820572.881000042,0.22504616848060063,0.42483705069337574,2.880007062639509,2.9705352783203125,117.0,2866,1.2
fixation,820706.2220000029,0.19668525138071605,0.43336181342601776,2.8863351004464284,2.9772469656808034,117.0,2867,1.2
fixation,820856.2200000286,0.39228348309795064,0.418126763155063,2.8806139628092446,2.8787218729654946,200.0,2868,1.2
fixation,821072.8910000324,0.36659352268491474,0.42328252111162457,2.86627197265625,2.8578992571149553,117.0,2869,1.2
fixation,821206.2269999981,0.34753645128673977,0.4239069124062856,2.862882826063368,2.883456759982639,150.0,2870,1.2
fixation,821389.5620000362,0.4170161553404548,0.4266818937930194,2.8783943869850854,2.8950347900390625,183.0,2871,1.2
fixation,821589.57099998,0.4629778005182743,0.43088505417108536,2.8956260681152344,2.915393829345703,74.0,2872,1.2
fixation,821856.2380000353,0.4596656747162342,0.4126360137015581,2.9039344787597656,2.8535633087158203,142.0,2873,1.2
fixation,822156.2359999418,0.49648475771149,0.42200510079662007,2.8810946146647134,2.8642654418945312,200.0,2874,1.2
fixation,822372.9160000086,0.48264831033619965,0.4241461157798767,2.8820370760830967,2.869046297940341,183.0,2875,1.2
fixation,822572.9190000296,0.5161003804206848,0.4260581362247467,2.804237060546875,2.795728759765625,417.0,2876,1.2
fixation,823006.2589999437,0.5468873679637909,0.42205710602658136,2.780745370047433,2.7242050170898438,234.0,2877,1.2
fixation,823256.2630000114,0.5789092694010053,0.4155191857190359,2.799678984142485,2.7664082845052085,350.0,2878,1.2
fixation,823639.6050000191,0.6266794155041376,0.4209846618274848,2.8449935913085938,2.863703409830729,200.0,2879,1.2
fixation,823856.2730000019,0.7067061960697174,0.4049603924155235,2.888299560546875,2.8714324951171877,167.0,2880,1.2
fixation,824039.6089999676,0.689643719792366,0.41479863226413727,2.9093292236328123,2.9054229736328123,166.0,2881,1.2
fixation,824239.6130000353,0.7752614792655496,0.4103579275748309,2.8676066679113053,2.892168830422794,283.0,2882,1.2
fixation,824539.6200000048,0.8144912735411995,0.40768747894387497,2.8294099506578947,2.8636844032689144,316.0,2883,1.2
fixation,824939.6239999533,0.27982446178793907,0.5111536234617233,2.803997039794922,2.9031982421875,66.0,2884,1.2
fixation,825072.9609999657,0.23299415844182172,0.5264274477958679,2.7995694478352866,2.9268417358398438,200.0,2885,1.2
fixation,825306.2910000086,0.3060619905591011,0.5311248034238816,2.8158294677734377,2.8397003173828126,167.0,2886,1.2
fixation,825489.6299999952,0.3847111844354206,0.5197824405299293,2.7172970241970487,2.721403333875868,150.0,2887,1.2
fixation,825672.9650000334,0.4706833854317665,0.5122350633144379,2.711383056640625,2.7337982177734377,167.0,2888,1.2
fixation,825856.2979999781,0.4479511931538582,0.5085384130477906,2.7373016357421873,2.726847839355469,167.0,2889,1.2
fixation,826039.6380000114,0.5076086056232453,0.5222940695285797,2.7844927978515623,2.817064208984375,416.0,2890,1.2
fixation,826472.9780000448,0.4941869612251009,0.5153983703681401,2.8019627162388394,2.7841884068080356,117.0,2891,1.2
fixation,826622.9800000191,0.5817139069239299,0.5184146702289582,2.79595947265625,2.8294667561848956,250.0,2892,1.2
fixation,826889.6629999876,0.6612105688878468,0.5101999789476395,2.8289380754743303,2.84442138671875,233.0,2893,1.2
fixation,827139.6640000343,0.6357907851537069,0.5150817483663559,2.8285929361979165,2.866119384765625,100.0,2894,1.2
fixation,827273.0,0.719767784078916,0.5113122873008251,2.8231074015299478,2.846899668375651,200.0,2895,1.2
fixation,827489.6729999781,0.771079418334094,0.5102721452713013,2.8135029185901987,2.846944635564631,183.0,2896,1.2
fixation,827789.6660000086,0.23058156768480936,0.4064008335272471,2.815943400065104,2.872361246744792,250.0,2897,1.2
fixation,828089.6699999571,0.5922346644931369,0.34164460168944466,2.835779825846354,2.8613179524739585,150.0,2898,NOTRIAL
fixation,828289.6740000248,0.643218951092826,0.22258298678530586,2.894597371419271,2.9222005208333335,150.0,2899,NOTRIAL
fixation,828473.0130000114,0.5836110209163866,0.2434941283182094,2.9380260266755758,2.964516890676398,317.0,2900,NOTRIAL
fixation,828806.3489999771,0.5096453738709291,0.24559097364544868,2.996530532836914,3.059983571370443,400.0,2901,NOTRIAL
fixation,829239.6909999847,0.5043972455538236,0.4338150631922942,2.9630842942457933,2.99221684382512,217.0,2902,NOTRIAL
fixation,829489.6920000315,0.36872103104465886,0.472029762832742,2.995456896330181,3.0122303209806742,317.0,2903,NOTRIAL
fixation,829839.699000001,0.34921593301826054,0.6677520175774893,2.944574991861979,2.8954959445529513,150.0,2904,NOTRIAL
fixation,830023.0360000134,0.36900489980524237,0.6908110515637831,2.9293476451526987,2.8842523748224433,184.0,2905,NOTRIAL
fixation,830223.0379999876,0.36266760248690844,0.7007012851536274,2.943124771118164,2.9301576614379883,267.0,2906,NOTRIAL
fixation,830539.7070000172,0.6585356528344362,0.723960667848587,2.930747654127038,2.934423032014266,383.0,2907,NOTRIAL
fixation,830939.7129999399,0.658047080039978,0.7075997491677603,2.917217000325521,2.942548624674479,250.0,2908,NOTRIAL
fixation,831239.7180000544,0.5381644513548874,0.2348750180950979,2.9434524163967226,2.9585917403058306,683.0,2909,NOTRIAL
fixation,832006.3969999552,0.41034588833218033,0.2398812286555767,2.9736925208050273,2.9489649897036343,766.0,2910,FIX_CROS
fixation,832956.4119999409,0.3789998069405556,0.47484974190592766,2.9327640533447266,2.9932193756103516,133.0,2911,1.1
fixation,833123.0829999447,0.43176382780075073,0.46212664459432873,2.9273245675223216,2.9827357700892856,117.0,2912,1.1
fixation,833273.0850000381,0.5430448442697525,0.4665845990180969,2.945567321777344,2.982666015625,167.0,2913,1.1
fixation,833473.0870000124,0.6185868574040276,0.45357789205653326,2.9016026088169644,2.881664821079799,234.0,2914,1.1
fixation,833723.0920000076,0.647114505370458,0.4618077725172043,2.8796284993489585,2.8932088216145835,200.0,2915,1.1
fixation,833939.7630000114,0.6146949807802836,0.462467293938001,2.881059773763021,2.890833536783854,250.0,2916,1.1
fixation,834256.4340000153,0.6027882367372512,0.272994427382946,2.9618179321289064,2.9806900024414062,166.0,2917,NOTRIAL
fixation,834456.4359999895,0.6473027418057123,0.24459177441895008,3.0320828755696616,3.0782318115234375,200.0,2918,NOTRIAL
fixation,834673.1119999886,0.6340844995445676,0.24819990578624937,3.0670403374565973,3.119961208767361,150.0,2919,NOTRIAL
fixation,834873.1109999418,0.6418550819158554,0.49038847734530766,2.9796101888020834,3.033501688639323,500.0,2920,NOTRIAL
fixation,835406.4550000429,0.6648735475540161,0.482629736661911,2.876412353515625,2.9025286865234374,416.0,2921,NOTRIAL
fixation,835856.4629999399,0.5765358026211078,0.46561074830018556,2.8988983936798878,2.916074703901242,650.0,2922,NOTRIAL
fixation,836556.4859999418,0.4759189763239452,0.6457519744123731,2.9354357038225447,3.003056117466518,116.0,2923,NOTRIAL
fixation,836706.4859999418,0.5399289164278243,0.47308606074915993,2.908604939778646,2.915437486436632,150.0,2924,NOTRIAL
fixation,836873.14199996,0.504118349817064,0.47946113016870284,2.8655853271484375,2.8905504014756946,150.0,2925,NOTRIAL
fixation,837073.1499999762,0.43354671001434325,0.7183124452829361,2.8916091918945312,2.9535125732421874,167.0,2926,NOTRIAL
fixation,837273.1529999971,0.3593371257185936,0.7395773142576217,2.9480911254882813,3.0125686645507814,167.0,2927,NOTRIAL
fixation,837489.8220000267,0.6530506261463823,0.7478677270741299,2.9659460659684806,3.010033443056304,483.0,2928,NOTRIAL
fixation,838023.1649999619,0.6534650524457296,0.2727841903765996,2.951277669270833,2.9656982421875,250.0,2929,NOTRIAL
fixation,838289.8339999914,0.6437841542065144,0.2344582613557577,2.922465515136719,2.8951297760009767,667.0,2930,NOTRIAL
fixation,838989.8450000286,0.6562206658877825,0.4624026492238045,2.9553106207596627,3.0136546084755347,633.0,2931,NOTRIAL
fixation,839756.5180000067,0.5917427079244093,0.3047510101036592,2.898162841796875,2.8839610706676138,183.0,2932,NOTRIAL
fixation,839973.1879999638,0.5141171046665737,0.452018854873521,2.9093453543526784,2.925797598702567,467.0,2933,NOTRIAL
fixation,840456.5290000439,0.5108917832374573,0.361260387301445,2.90694580078125,2.869404602050781,166.0,2934,30
fixation,840656.5290000439,0.4083570081454057,0.3467153379550347,2.770440908578726,2.7634664682241588,216.0,2935,30
fixation,840889.875,0.45580258071422575,0.3574611648917198,2.675856018066406,2.6427215576171874,167.0,2936,30
fixation,841089.8769999743,0.49542665481567383,0.3471204516562549,2.6120106090198862,2.6124212091619317,183.0,2937,30
fixation,841289.8769999743,0.539074718952179,0.34463153516545014,2.6219293930951286,2.546347225413603,283.0,2938,30
fixation,841606.5419999361,0.41503628400655895,0.37280903641994184,2.571293757512019,2.5812143179086537,216.0,2939,30
fixation,841856.5429999828,0.48360359262336383,0.3681929246945815,2.5784787264737217,2.577545166015625,183.0,2940,30
fixation,842056.5440000296,0.529118812084198,0.36093786358833313,2.6139292399088543,2.5658772786458335,250.0,2941,30
fixation,842339.8799999952,0.4468547918579795,0.3733411580324173,2.7040141712535513,2.7266970547762783,183.0,2942,30
fixation,842539.8940000534,0.49931289370243365,0.3674433861787503,2.8056241548978367,2.7929100623497596,217.0,2943,30
fixation,842789.8910000324,0.5504296457066256,0.3589734987300985,2.8420787138097428,2.838962330537684,283.0,2944,30
fixation,843089.8949999809,0.5753807893821171,0.35751029210431234,2.8631177629743303,2.9087633405412947,117.0,2945,30
fixation,843239.9060000181,0.4178190362804076,0.3849417251699111,2.880680757410386,2.9506333295036766,283.0,2946,30
fixation,843539.8999999762,0.4713978752493858,0.387683242559433,2.9318756103515624,2.954176330566406,167.0,2947,30
fixation,843739.9049999714,0.5295659395364615,0.37648206376112425,2.921619121844952,2.8793358435997596,217.0,2948,30
fixation,843973.243999958,0.5492218335469564,0.3656345009803772,2.9291559855143228,2.893793741861979,100.0,2949,30
fixation,844106.5879999399,0.4905389056486242,0.38177316679674034,2.968989652745864,2.977854111615349,283.0,2950,30
fixation,844623.2539999485,0.35264439029353006,0.8371901086398533,2.7404894147600447,2.837681361607143,117.0,2951,30
fixation,844939.9270000458,0.3819339796900749,0.8158024400472641,2.704254150390625,2.736225128173828,67.0,2952,30
fixation,845073.2630000114,0.3512147480950636,0.8361215942046222,2.827239990234375,2.7830532298368564,284.0,2953,30
fixation,845606.6139999628,0.4583197832107544,0.7971971854567528,2.8251113891601562,2.7259788513183594,66.0,2954,30
fixation,845706.6139999628,0.46515863282339914,0.7939348902021136,2.8421910603841147,2.6929822649274553,116.0,2955,30
fixation,845939.942999959,0.5500328719615937,0.8526243567466736,3.0242279052734373,2.9601959228515624,83.0,2956,30
fixation,846039.9440000057,0.5142748979004946,0.8381142101504586,2.9467024369673296,2.921017733487216,183.0,2957,30
fixation,846239.9479999542,0.5544052600860596,0.852138215303421,2.9852813720703124,2.9482086181640623,91.0,2958,30
fixation,846489.9620000124,0.6329484544694424,0.8552562519907951,3.048187255859375,2.937204360961914,125.0,2959,30
fixation,846639.9639999866,0.6738673607508342,0.8605215926965077,3.0966807047526044,2.9748545328776044,250.0,2960,30
fixation,847423.3109999895,0.5180376536316342,0.7987945311599307,2.761781964983259,2.585501776801215,150.0,2961,30
fixation,847656.6510000229,0.5678954720497131,0.8541444718837738,2.8990997314453124,2.78138427734375,83.0,2962,30
fixation,847789.9819999933,0.4469312605532733,0.3536636219783263,2.968414306640625,2.9486944025213067,183.0,2963,30
fixation,847989.9759999514,0.42081375867128373,0.35230930596590043,2.9115554809570314,2.9207717895507814,167.0,2964,30
fixation,848189.9919999838,0.4769185334444046,0.34930069372057915,2.839468002319336,2.788410186767578,133.0,2965,30
fixation,848339.9850000143,0.5323103155408587,0.3489787003823689,2.7560882568359375,2.717606680733817,233.0,2966,30
fixation,848606.6669999361,0.4208168158164391,0.36578995333268094,2.730799748347356,2.727533193734976,217.0,2967,30
fixation,848856.6710000038,0.4963231533765793,0.3645459732839039,2.756323678152902,2.705163138253348,117.0,2968,30
fixation,848990.0069999695,0.5553838666528463,0.3654608344659209,2.783496856689453,2.772493362426758,267.0,2969,30
fixation,849273.3450000286,0.5815530632223401,0.3674904980829784,2.824608939034598,2.819492885044643,116.0,2970,30
fixation,849423.3470000029,0.42338504110063824,0.3811862830604826,2.813706534249442,2.8459690638950894,233.0,2971,30
fixation,849690.0199999809,0.4836239298948875,0.3778404432993669,2.8587493896484375,2.819421621469351,217.0,2972,30
fixation,849940.01699996,0.5297127746873431,0.37205854886107975,2.8303807576497397,2.811165703667535,300.0,2973,30
fixation,850290.0240000486,0.42481764033436775,0.6098509058356285,2.7329515729631697,2.74285888671875,134.0,2974,30
fixation,850440.0260000229,0.4044033857062459,0.5866367723792791,2.712469482421875,2.7309608459472656,267.0,2975,30
fixation,850740.0329999924,0.4344019636511803,0.581387123465538,2.687062072753906,2.67808837890625,167.0,2976,30
fixation,850923.3710000515,0.4692176361878713,0.5796037375926971,2.6509521484375,2.5916595458984375,250.0,2977,30
fixation,851190.0490000248,0.49590304990609485,0.5753674838278029,2.667505900065104,2.560958014594184,300.0,2978,30
fixation,851506.7220000029,0.5230400345542214,0.5851098732514814,2.7086375843394888,2.609116987748579,183.0,2979,30
fixation,851706.7269999981,0.5444778827103701,0.587518651377071,2.6839974143288354,2.5993791060014204,183.0,2980,30
fixation,851923.3969999552,0.41705159054082985,0.6090789349640117,2.6602392196655273,2.585554235121783,283.0,2981,30
fixation,852240.07099998,0.46472027401129407,0.5863259057203929,2.649480183919271,2.527146402994792,250.0,2982,30
fixation,852523.4099999666,0.5007030963897705,0.5876494027101077,2.647862361027644,2.5514866755558896,216.0,2983,30
fixation,852756.746999979,0.5267031614979109,0.5959957341353098,2.6844698588053384,2.587718963623047,200.0,2984,30
fixation,852973.4179999828,0.5563336208462715,0.6117398187518119,2.7119728088378907,2.599628448486328,333.0,2985,30
fixation,853323.4240000248,0.5853378213942051,0.6179274767637253,2.687835693359375,2.5896644592285156,133.0,2986,30
fixation,853473.4270000458,0.6066128760576248,0.6610258854925632,2.7033843994140625,2.6123733520507812,133.0,2987,30
fixation,853656.756000042,0.43674269649717545,0.3549668623341454,2.745027330186632,2.7342631022135415,150.0,2988,30
fixation,853823.4249999523,0.411935169249773,0.34648959152400494,2.6817359924316406,2.720560073852539,133.0,2989,30
fixation,853990.0939999819,0.5005029417001284,0.3427894734419309,2.677616999699519,2.5949202317457933,217.0,2990,30
fixation,854223.439999938,0.5436479801481421,0.34219932691617444,2.6683210893110796,2.6140566739169033,183.0,2991,30
fixation,854440.1009999514,0.41018592069546383,0.3631935579081376,2.6610183715820312,2.6743977864583335,200.0,2992,30
fixation,854673.4390000105,0.49041666388511657,0.3642709791660309,2.721730041503906,2.666365051269531,166.0,2993,30
fixation,854856.7779999971,0.5355840648214022,0.3585398718714714,2.7353477478027344,2.6993891398111978,200.0,2994,30
fixation,855073.44599998,0.5653656284014384,0.359637576341629,2.7727335611979167,2.752946980794271,250.0,2995,30
fixation,855356.7919999361,0.4237248244193884,0.3865103469445155,2.7745126577524037,2.7725196251502404,217.0,2996,30
fixation,855606.7960000038,0.49113401770591736,0.37706312239170076,2.774857584635417,2.693018595377604,250.0,2997,30
fixation,855873.4689999819,0.5392977992693583,0.38717377309997875,2.733586629231771,2.6702092488606772,200.0,2998,30
fixation,856540.1490000486,0.4300170966557094,0.8036682094846453,,2.4365103585379466,117.0,2999,30
fixation,857506.82099998,0.5922745168209076,0.7822295278310776,,2.5094070434570312,67.0,3000,30
fixation,857840.1569999456,0.6145191523763869,0.837204141749276,2.7468223571777344,2.5706685384114585,150.0,3001,30
fixation,858006.8289999962,0.6668937721035697,0.8543819920583204,2.7845264781605112,2.702271894975142,183.0,3002,30
fixation,858206.8289999962,0.6838489845395088,0.8483863733708858,2.815967559814453,2.7377357482910156,133.0,3003,30
fixation,858423.4950000048,0.4992240576280488,0.3450968149635527,2.8436762491861978,2.8220867580837674,300.0,3004,30
fixation,858756.8379999399,0.4204417699947953,0.3468427946791053,2.7704057693481445,2.763239860534668,267.0,3005,30
fixation,859040.1690000296,0.4747136841217677,0.35765570600827534,2.7616505940755207,2.706904093424479,250.0,3006,30
fixation,859423.5039999485,0.5338615068367549,0.37436440629618506,2.833138166155134,2.7443359375,583.0,3007,30
fixation,860056.8420000076,0.45504842698574066,0.36753929033875465,2.774674733479818,2.7292772928873696,200.0,3008,30
fixation,860290.1779999733,0.41488702098528546,0.36213747411966324,2.8011322021484375,2.8242111206054688,200.0,3009,30
fixation,860506.8439999819,0.4248372571808951,0.3612774078335081,2.833156040736607,2.8776637486049106,233.0,3010,30
fixation,860756.8470000029,0.45237914988627803,0.3408496035979344,2.87320063664363,2.8701254037710338,217.0,3011,30
fixation,861006.8470000029,0.5040375718048641,0.3506824331624167,2.901440211704799,2.8856473650251115,233.0,3012,30
fixation,861256.8489999771,0.5525109790838681,0.35141381506736463,2.919298612154447,2.9269244854266825,217.0,3013,30
fixation,861506.8509999514,0.45579239840690905,0.35880918342333573,2.8763756385216346,2.913700984074519,217.0,3014,30
fixation,861740.1859999895,0.42513524554669857,0.3666614480316639,2.8643550872802734,2.9249801635742188,134.0,3015,30
fixation,861906.8530000448,0.5033572942018509,0.3614693179726601,2.8941635131835937,2.8431015014648438,167.0,3016,30
fixation,862106.8559999466,0.5520055244366328,0.3524225242435932,2.8632049560546875,2.840620676676432,200.0,3017,30
fixation,862323.5230000019,0.5733550131320954,0.365614640712738,2.904400634765625,2.8555328369140627,83.0,3018,30
fixation,862440.189999938,0.42628760760029155,0.3843627634147803,2.8709729512532554,2.8814595540364585,200.0,3019,30
fixation,862673.5279999971,0.5041866029302279,0.37872904241085054,2.895074462890625,2.844346618652344,500.0,3020,30
fixation,863240.2109999657,0.5085491687059402,0.440897839764754,2.865392049153646,2.8719507853190103,100.0,3021,FIX_CROS
fixation,863456.8799999952,0.3529617159682162,0.2175386144834406,2.9199968225815716,2.934526331284467,567.0,3022,FIX_CROS
fixation,864056.8839999437,0.27844834327697754,0.3768411185592413,2.8592586517333984,2.872121810913086,133.0,3023,30.2
fixation,864223.5520000458,0.20975406308259284,0.41251169570854734,2.8923023768833707,2.9150390625,233.0,3024,30.2
fixation,864473.5549999475,0.24449354139241306,0.40523969856175507,2.867677168412642,2.8581293279474433,183.0,3025,30.2
fixation,864673.567999959,0.26648174226284027,0.4110711617395282,2.7921953201293945,2.7814531326293945,266.0,3026,30.2
fixation,864973.5700000525,0.31373056092045526,0.40089555220170453,2.695222334428267,2.7151738947088067,183.0,3027,30.2
fixation,865173.5659999847,0.35737261474132537,0.4120190367102623,2.7458587646484376,2.7183853149414063,166.0,3028,30.2
fixation,865356.9019999504,0.4024961253007253,0.411678284406662,2.7304931640625,2.6968780517578126,250.0,3029,30.2
fixation,865623.5829999447,0.3936807033088472,0.4048973404698902,2.688571506076389,2.7014295789930554,150.0,3030,30.2
fixation,865823.5839999914,0.47598352283239365,0.41136247105896473,2.710102081298828,2.6794281005859375,133.0,3031,30.2
fixation,865973.5850000381,0.4398736965197783,0.41280710238676804,2.691388643704928,2.7070699838491588,216.0,3032,30.2
fixation,866223.5909999609,0.4930461577393792,0.411425610834902,2.7641559947620737,2.7743696732954546,183.0,3033,30.2
fixation,866423.5950000286,0.5463303538660208,0.4106141484032075,2.830468495686849,2.815425237019857,400.0,3034,30.2
fixation,866840.2690000534,0.5925903463363648,0.4165907716751099,2.82962890625,2.822716064453125,417.0,3035,30.2
fixation,867273.6000000238,0.6290150433778763,0.41715418770909307,2.813587188720703,2.8235023498535154,333.0,3036,30.2
fixation,867623.60800004,0.6912858430296183,0.40295581333339214,2.812230110168457,2.8071279525756836,266.0,3037,30.2
fixation,867906.9550000429,0.6704773932695389,0.40423352271318436,2.8156890869140625,2.834033203125,167.0,3038,30.2
fixation,868090.2910000086,0.7262882861224088,0.40242462672970514,2.8089044744318183,2.822907881303267,184.0,3039,30.2
fixation,868306.9529999495,0.7773285865783691,0.4104411870241165,2.8143234252929688,2.83482666015625,167.0,3040,30.2
fixation,868490.2929999828,0.8263579905033112,0.4092079605907202,2.8678531646728516,2.884309768676758,134.0,3041,30.2
fixation,868706.9650000334,0.3868520451443536,0.49366019879068646,2.7722560337611606,2.882208687918527,125.0,3042,30.2
fixation,869023.64199996,0.3352683534224828,0.48556297355228,2.722257826063368,2.819522433810764,142.0,3043,30.2
fixation,869256.9780000448,0.5492036806212531,0.24108829763200548,2.8262786865234375,2.828496297200521,150.0,3044,NOTRIAL
fixation,869440.314999938,0.5576682090759277,0.1808135775583131,2.8427276611328125,2.862548828125,117.0,3045,NOTRIAL
fixation,869590.3170000315,0.6422253929906421,0.2323899128370815,2.904372321234809,2.9347330729166665,300.0,3046,NOTRIAL
fixation,869956.996999979,0.33329149583975476,0.2540831249207258,2.9425926208496094,3.021233876546224,200.0,3047,NOTRIAL
fixation,870173.6660000086,0.36243333170811337,0.2507304133226474,2.951585133870443,2.982898712158203,200.0,3048,NOTRIAL
fixation,870423.6729999781,0.36323690307991846,0.43598945225988117,2.815606253487723,2.8732223510742188,233.0,3049,NOTRIAL
fixation,870673.6779999733,0.36221448361873626,0.4669547039270401,2.904539794921875,3.0118743896484377,417.0,3050,NOTRIAL
fixation,871223.689999938,0.6558159976674799,0.7214376121236566,2.936901427151864,2.880723919784814,950.0,3051,NOTRIAL
fixation,872257.0520000458,0.5440639199605629,0.23430101284340246,2.9277070458255596,2.93045385559993,1117.0,3052,NOTRIAL
fixation,873423.7419999838,0.41539221363408224,0.306711203285626,2.964723859514509,3.063105991908482,117.0,3053,30.1
fixation,873573.7430000305,0.23923639580607414,0.3570146765559912,2.946605682373047,3.1175079345703125,133.0,3054,30.1
fixation,873723.75,0.20451662167906762,0.37147812694311144,2.9408309936523436,3.084112548828125,167.0,3055,30.1
fixation,873923.75,0.2530265806449784,0.3598837736580107,2.83058844672309,2.89060295952691,150.0,3056,30.1
fixation,874107.0930000544,0.30861526396539474,0.36111807657612693,2.7474297417534723,2.741907755533854,150.0,3057,30.1
fixation,874290.4229999781,0.4432806931436062,0.36240291347106296,2.7108548482259116,2.7101453145345054,200.0,3058,30.1
fixation,874507.0930000544,0.4943071210926229,0.363616100766442,2.7628652399236504,2.7244526256214487,367.0,3059,30.1
fixation,874907.1009999514,0.5495119946343558,0.36297762606825146,2.775171552385603,2.778536115373884,234.0,3060,30.1
fixation,875173.7719999552,0.6071160601245033,0.36230603522724575,2.80548095703125,2.8584764268663196,150.0,3061,30.1
fixation,875357.115999937,0.6793346852064133,0.3617684572935104,2.854901123046875,2.844903564453125,167.0,3062,30.1
fixation,875540.442999959,0.6403278410434723,0.3700759895145893,2.8492457071940103,2.880634307861328,200.0,3063,30.1
fixation,875757.1139999628,0.7105876153165643,0.36504552039233124,2.834503173828125,2.867276278409091,184.0,3064,30.1
fixation,875957.1180000305,0.7647064954042435,0.36372651606798173,2.7987655639648437,2.8739990234375,167.0,3065,30.1
fixation,876140.4639999866,0.7456364519894123,0.36457802169024944,2.801407814025879,2.862063407897949,266.0,3066,30.1
fixation,876440.4670000076,0.7936483787165748,0.36264461941189235,2.7725067138671875,2.818174574110243,150.0,3067,30.1
fixation,876623.80400002,0.8370082437992096,0.3621148616075516,2.7615875244140624,2.7792938232421873,83.0,3068,30.1
fixation,876790.4650000334,0.2666739693709782,0.4436627818005426,2.7307848249162947,2.7703988211495534,116.0,3069,30.1
fixation,876923.7999999523,0.19095700340611593,0.46944062127953484,2.6925484793526784,2.840399605887277,350.0,3070,30.1
fixation,877307.138999939,0.2527985339984298,0.4593847934156656,2.661287307739258,2.674091339111328,134.0,3071,30.1
fixation,877457.1430000067,0.22209400217980146,0.45428792014718056,2.593160629272461,2.6430530548095703,134.0,3072,30.1
fixation,877607.1469999552,0.2756067429270063,0.45716991807733265,2.626683916364397,2.6372473580496654,234.0,3073,30.1
fixation,877873.817999959,0.302814294397831,0.4622909530997276,2.6633880615234373,2.6793899536132812,167.0,3074,30.1
fixation,878057.1540000439,0.35467015113681555,0.4657129403203726,2.677762985229492,2.6929025650024414,267.0,3075,30.1
fixation,878340.4919999838,0.41517708518288354,0.4539273354140195,2.6610370982776987,2.6755204634232954,183.0,3076,30.1
fixation,878540.4950000048,0.4650951524575551,0.4529683031141758,2.6778246561686196,2.6208585103352866,200.0,3077,30.1
fixation,878757.1710000038,0.503810601575034,0.4503331759146282,2.6784798758370534,2.625256129673549,234.0,3078,30.1
fixation,879023.8379999399,0.5692650838331743,0.4536084830760956,2.6731983531605112,2.6374095569957388,183.0,3079,30.1
fixation,879240.5069999695,0.6113563345538245,0.45887069072988296,2.65468512641059,2.6267513699001737,150.0,3080,30.1
fixation,879407.17900002,0.6614134283292861,0.4603267851329985,2.646637689499628,2.6249505905877974,350.0,3081,30.1
fixation,879790.5190000534,0.7230826109647751,0.454206882417202,2.6277679443359374,2.6274459838867186,166.0,3082,30.1
fixation,879990.5219999552,0.7860272654465267,0.4622103614466531,2.6585181100027904,2.648686000279018,233.0,3083,30.1
fixation,880240.5340000391,0.8202096849679947,0.44894472509622574,2.6505615234375,2.6766876220703124,166.0,3084,30.1
fixation,880473.8730000257,0.40923110768198967,0.5601743683218956,2.617992401123047,2.6992530822753906,133.0,3085,30.1
fixation,880623.875,0.37445863485336306,0.5791465938091278,2.615252685546875,2.7302154541015624,83.0,3086,30.1
fixation,880723.8680000305,0.3778787776827812,0.5756153662999471,2.6309331258138022,2.723058064778646,100.0,3087,30.1
fixation,880857.2050000429,0.4391623479979379,0.5638720031295504,2.683666774204799,2.6593551635742188,234.0,3088,30.1
fixation,881107.2089999914,0.502746270461516,0.5544137155467813,2.6576704545454546,2.610106034712358,367.0,3089,30.1
fixation,881540.5590000153,0.5967517644166946,0.25710990528265637,2.7640304565429688,2.813060760498047,200.0,3090,NOTRIAL
fixation,881773.8880000114,0.6385694819947948,0.2501375944070194,2.859644350798234,2.9125605044157608,383.0,3091,NOTRIAL
fixation,882207.2280000448,0.5881802856922149,0.4301119610667229,2.8294708251953127,2.8710693359375,167.0,3092,NOTRIAL
fixation,882390.5750000477,0.5755378498185065,0.46225334271307916,2.9043106571320565,2.9553360477570565,516.0,3093,NOTRIAL
fixation,882940.5770000219,0.41321062710550094,0.6857665545410581,2.7885674370659723,2.9058939615885415,150.0,3094,NOTRIAL
fixation,883107.2460000515,0.3746159039437771,0.7110700358947118,2.801438649495443,2.9113566080729165,200.0,3095,NOTRIAL
fixation,883373.9160000086,0.6657666067282358,0.7406993955373764,2.959197998046875,2.9417635599772134,200.0,3096,NOTRIAL
fixation,883590.5959999561,0.654242554679513,0.739363931119442,2.9239988327026367,2.8797121047973633,266.0,3097,NOTRIAL
fixation,883890.5950000286,0.6491006644148576,0.4580782949924469,2.8798699629934212,2.8648127505653784,316.0,3098,NOTRIAL
fixation,884257.2660000324,0.6569179942210516,0.7489364956106458,2.9050231206984747,2.851759047735305,700.0,3099,NOTRIAL
fixation,885057.2799999714,0.5827735835000089,0.2157847344091064,2.85171870181435,2.8668048256321956,634.0,3100,NOTRIAL
fixation,885740.621999979,0.40925752371549606,0.22533836774528027,2.814075469970703,2.8994903564453125,133.0,3101,NOTRIAL
fixation,885890.625,0.3619616166466758,0.2267132749160131,2.820015316917783,2.858517601376488,350.0,3102,NOTRIAL
fixation,886273.9659999609,0.43140897817081875,0.2175541263487604,2.768220689561632,2.8304629855685763,150.0,3103,NOTRIAL
fixation,886457.2990000248,0.5596257537603379,0.23041197657585144,2.773481750488281,2.787127685546875,167.0,3104,NOTRIAL
fixation,886657.3120000362,0.6445354552979164,0.4476226584074345,2.9597752347905586,3.0310383248836437,784.0,3105,NOTRIAL
fixation,887490.6529999971,0.6423656115165124,0.2157481828561196,2.9770895150991588,3.0161156287560096,216.0,3106,NOTRIAL
fixation,887740.6590000391,0.5110639667510987,0.4515318787097931,2.9121722412109374,2.8790850830078125,416.0,3107,NOTRIAL
fixation,888173.996999979,0.45203387195413763,0.3332249251278964,2.918649846857244,2.9481575705788354,184.0,3108,21
fixation,888624.0130000114,0.34763733148574827,0.8512651324272156,,2.638299560546875,84.0,3109,21
fixation,888757.3420000076,0.33781357682668245,0.8530281369502728,,2.6799398568960338,216.0,3110,21
fixation,889124.0240000486,0.3336658999323845,0.8566425293684006,2.613311767578125,2.6704254150390625,67.0,3111,21
fixation,889224.0249999762,0.39335922524333,0.8504338338971138,2.6639302571614585,2.6735496520996094,67.0,3112,21
fixation,889357.3600000143,0.4003151612622397,0.85911625623703,2.721736363002232,2.6879119873046875,116.0,3113,21
fixation,889940.7029999495,0.4505227982997894,0.8847830295562744,2.82969970703125,2.865386962890625,75.0,3114,21
fixation,890040.7050000429,0.4867579285055399,0.8706611730158329,2.8787689208984375,2.8294410705566406,141.0,3115,21
fixation,890340.7139999866,0.5077184271067381,0.8605836108326912,2.798198699951172,2.7637462615966797,133.0,3116,21
fixation,890507.3819999695,0.5577972070737318,0.8551573536612771,2.8603682084517046,2.7560494162819604,183.0,3117,21
fixation,890724.050999999,0.5442725922912359,0.8585420362651348,2.788005828857422,2.6881942749023438,267.0,3118,21
fixation,891024.057000041,0.597214939919385,0.8670312653888356,2.7482161088423296,2.655545321377841,184.0,3119,21
fixation,891224.0609999895,0.6427104707275119,0.8655664324760437,2.8049229213169644,2.7489144461495534,234.0,3120,21
fixation,891474.0629999638,0.671352207660675,0.8756086570875985,2.801842825753348,2.784515380859375,117.0,3121,21
fixation,891640.73300004,0.4496143941174854,0.5347261469472538,2.7551200173117896,2.715174588290128,367.0,3122,21
fixation,892057.4069999456,0.6066207667191823,0.5847201844056448,2.62730712890625,2.5427866617838544,250.0,3123,21
fixation,892324.0779999495,0.5850960701704025,0.5613001853227615,2.5952117919921873,2.5359481811523437,167.0,3124,21
fixation,892524.0800000429,0.45202052406966686,0.31313026572267216,2.631687800089518,2.603825887044271,400.0,3125,21
fixation,892940.7569999695,0.4533763527870178,0.35379137098789215,2.7023468017578125,2.677110559800092,283.0,3126,21
fixation,893240.7630000114,0.4869114434526813,0.4878048651641415,2.7072355208858365,2.6813132993636595,517.0,3127,21
fixation,893774.1050000191,0.5058319052060445,0.4681685705979665,2.8061065673828125,2.785930379231771,250.0,3128,FIX_CROS
fixation,894124.1089999676,0.4993608172597556,0.28339278903500786,2.8341464338631464,2.8191265237742456,484.0,3129,FIX_CROS
fixation,894657.4529999495,0.28449619975354934,0.33259422911538017,2.8339470757378473,2.8770819769965277,150.0,3130,21.2
fixation,894840.7869999409,0.18272296339273453,0.3187969426314036,2.84393310546875,2.9631373087565103,100.0,3131,21.2
fixation,894957.4589999914,0.18898530265218333,0.26040324882457133,2.8551555432771383,2.9367964895148027,316.0,3132,21.2
fixation,895290.7960000038,0.2220529079437256,0.2513183645904064,2.789869689941406,2.80526123046875,167.0,3133,21.2
fixation,895474.1319999695,0.25474782861196077,0.2501309559895442,2.7861234224759617,2.78384516789363,217.0,3134,21.2
fixation,895707.4700000286,0.2950064845775303,0.2472990029736569,2.814105385228207,2.812835693359375,316.0,3135,21.2
fixation,896040.8090000153,0.36116549248496693,0.24494233292837939,2.8576342264811196,2.851395924886068,200.0,3136,21.2
fixation,896257.4769999981,0.40706907312075297,0.2443140635887782,2.859522501627604,2.8943115234375,250.0,3137,21.2
fixation,896524.1490000486,0.3948245371381442,0.24724793682495752,2.8540560404459634,2.8657201131184897,200.0,3138,21.2
fixation,896740.82099998,0.4323207264145215,0.24653816347320875,2.8334121704101562,2.83087158203125,100.0,3139,21.2
fixation,896857.4889999628,0.39081759865467364,0.24815026212197083,2.8214580829326925,2.797527606670673,216.0,3140,21.2
fixation,897107.4930000305,0.43099879175424577,0.24678840935230256,2.831243896484375,2.8172927856445313,166.0,3141,21.2
fixation,897290.8300000429,0.46710903611448074,0.2441594439248244,2.8052885267469616,2.8181635538736978,300.0,3142,21.2
fixation,897607.5019999743,0.5194451014200846,0.24408586819966635,2.793646494547526,2.786060333251953,200.0,3143,21.2
fixation,897824.1720000505,0.5657211591800054,0.24434723829229674,2.7857869466145835,2.7514050801595054,200.0,3144,21.2
fixation,898057.5110000372,0.6001942293210463,0.23853164708072488,2.7830990878018467,2.786020452325994,183.0,3145,21.2
fixation,898257.51699996,0.6318658168117205,0.2409609059492747,2.8050931294759116,2.8045679728190103,200.0,3146,21.2
fixation,898490.8569999933,0.6940776076581743,0.23520788467592663,2.82491217719184,2.8130967881944446,150.0,3147,21.2
fixation,898657.5299999714,0.6708431460640647,0.24185243993997574,2.8243893710049717,2.832985617897727,183.0,3148,21.2
fixation,898874.199000001,0.7278650025526683,0.2359226604302724,2.85224609375,2.862677001953125,250.0,3149,21.2
fixation,899140.8760000467,0.7109872967004776,0.23992250710725785,2.871266174316406,2.874786376953125,167.0,3150,21.2
fixation,899324.2170000076,0.7692981868982315,0.23590900823473931,2.882917785644531,2.8862930297851563,167.0,3151,21.2
fixation,899507.5549999475,0.7512113451957703,0.23934887442737818,2.8861618041992188,2.893220901489258,133.0,3152,21.2
fixation,899657.5599999428,0.7815449421222394,0.24034970884139722,2.899072500375601,2.9036278357872596,216.0,3153,21.2
fixation,899890.8990000486,0.8202817953295178,0.23128140717744827,2.8903672960069446,2.887060377332899,308.0,3154,21.2
fixation,900340.9169999361,0.20435163900256156,0.3499537408351898,2.8085372924804686,2.89893798828125,167.0,3155,21.2
fixation,900524.253000021,0.1848338550577561,0.34215688208738965,2.7901878356933594,2.8623530069986978,200.0,3156,21.2
fixation,900740.9270000458,0.23095538715521494,0.3308880458275477,2.6695627848307293,2.7003814697265627,250.0,3157,21.2
fixation,901007.6019999981,0.2670829539949244,0.32769258320331573,2.597159645774148,2.5891362970525567,183.0,3158,21.2
fixation,901224.2730000019,0.31379295513033867,0.3250993900001049,2.5955305099487305,2.558535575866699,267.0,3159,21.2
fixation,901507.618999958,0.35738199949264526,0.33387271111661737,2.6409065940163354,2.6326224587180396,183.0,3160,21.2
fixation,901707.621999979,0.3922373056411743,0.3394944545897571,2.707882967862216,2.698576493696733,183.0,3161,21.2
fixation,901907.6269999743,0.34007299691438675,0.32913514226675034,2.758287048339844,2.7471084594726562,166.0,3162,21.2
fixation,902090.9689999819,0.32603965140879154,0.32915014401078224,2.7419471740722656,2.792837142944336,133.0,3163,21.2
fixation,902257.64199996,0.36955192536115644,0.32706439942121507,2.774456787109375,2.8379058837890625,166.0,3164,21.2
fixation,902440.9800000191,0.4235881039729485,0.33216355855648333,2.846863966721755,2.851710392878606,217.0,3165,21.2
fixation,902674.3190000057,0.45766574957154016,0.32600282674485986,2.8302875865589487,2.8009504838423296,184.0,3166,21.2
fixation,902874.3259999752,0.4927478516474366,0.32464924920350313,2.778308868408203,2.738640785217285,267.0,3167,21.2
fixation,903157.6660000086,0.5227337211370469,0.327714204788208,2.7605361938476562,2.7463836669921875,167.0,3168,21.2
fixation,903357.6699999571,0.5678710476918654,0.32165596566417,2.7303882945667612,2.7286321466619317,183.0,3169,21.2
fixation,903574.3359999657,0.6166121423244476,0.3227434376875559,2.7204610188802083,2.7069193522135415,250.0,3170,21.2
fixation,903857.6770000458,0.6719562292099,0.3151062414050102,2.701161193847656,2.710252380371094,167.0,3171,21.2
fixation,904041.0149999857,0.6592338919639588,0.3195050686597824,2.7127288818359374,2.7013336181640626,84.0,3172,21.2
fixation,904141.01699996,0.7062399501983936,0.31874220875593334,2.7428060678335338,2.746342585637019,217.0,3173,21.2
fixation,904374.3539999723,0.7437344640493393,0.31485526139537495,2.7577107747395835,2.7822189331054688,200.0,3174,21.2
fixation,904607.692999959,0.70809348991939,0.32055258963789257,2.760380336216518,2.789154052734375,117.0,3175,21.2
fixation,904757.6950000525,0.792226346830527,0.3167294127245744,2.7743301391601562,2.797154744466146,200.0,3176,21.2
fixation,904974.3650000095,0.7729914387067159,0.31419716940985787,2.7738460964626737,2.8343082004123263,150.0,3177,21.2
fixation,905141.0340000391,0.8027728923729488,0.31517419644764494,2.815028599330357,2.8547755650111606,117.0,3178,21.2
fixation,905341.0399999619,0.2715800830296108,0.368093341588974,2.767087663922991,2.8283277239118303,117.0,3179,21.2
fixation,905491.0410000086,0.18999775778502226,0.4065797422081232,2.732372283935547,2.852792739868164,267.0,3180,21.2
fixation,905774.3799999952,0.2497496916912496,0.3987270947545767,2.6909847259521484,2.7477827072143555,266.0,3181,21.2
fixation,906057.7189999819,0.28888559465607005,0.39900225152571994,2.6643651326497397,2.6753336588541665,200.0,3182,21.2
fixation,906274.388999939,0.3443188992413608,0.40779518810185517,2.6688038219105112,2.6921941583806817,183.0,3183,21.2
fixation,906474.3910000324,0.34417522326111794,0.3987174704670906,2.5930328369140625,2.6796302795410156,66.0,3184,21.2
fixation,906574.39199996,0.3996026299216531,0.3972173577005213,2.6226543079723013,2.6302947998046875,183.0,3185,21.2
fixation,906774.3980000019,0.4413385284798486,0.4084226680653436,2.640167236328125,2.594018118722098,116.0,3186,21.2
fixation,906907.7300000191,0.49765873154004414,0.41386543214321136,2.679168701171875,2.633641560872396,250.0,3187,21.2
fixation,907174.4069999456,0.5632270872592926,0.40448521077632904,2.674616495768229,2.628922780354818,200.0,3188,21.2
fixation,907391.074000001,0.6149861839684573,0.3944029320370067,2.687917535955256,2.661130038174716,184.0,3189,21.2
fixation,907607.7460000515,0.6547143722281736,0.40810342834276314,2.6984845329733456,2.7064442354090072,283.0,3190,21.2
fixation,907907.7430000305,0.7006648101589896,0.4103600884025747,2.7131195068359375,2.7200664173473013,183.0,3191,21.2
fixation,908107.75,0.6818212084472179,0.4110652655363083,2.694164276123047,2.704347610473633,133.0,3192,21.2
fixation,908257.7489999533,0.7390919367472331,0.41011063754558563,2.7233601888020833,2.7373362223307294,250.0,3193,21.2
fixation,908541.0870000124,0.8049653371175131,0.40839361896117526,2.752049763997396,2.7574869791666665,200.0,3194,21.2
fixation,908757.756000042,0.7862111181020737,0.4130021147429943,2.756509780883789,2.755460739135742,133.0,3195,21.2
fixation,908974.4220000505,0.24910897575318813,0.4634706396609545,2.569568634033203,2.757844924926758,133.0,3196,21.2
fixation,909124.42900002,0.19548073783516884,0.4743126090615988,2.4725799560546875,2.7222232818603516,266.0,3197,21.2
fixation,909457.7649999857,0.2533567728740828,0.47721838099615915,2.466644287109375,2.6398141043526784,117.0,3198,21.2
fixation,909624.4340000153,0.5310304794046614,0.675486124224133,2.589570999145508,2.423221164279514,150.0,3199,21.2
fixation,909824.4359999895,0.4855358935892582,0.6638239100575447,2.6441980997721353,2.412647247314453,133.0,3200,21.2
fixation,909991.10800004,0.48515584915876386,0.6580936193466187,2.6929275512695314,2.498487854003906,167.0,3201,21.2
fixation,910191.1089999676,0.4766672432422638,0.5059426322579383,2.7388595581054687,2.694563293457031,334.0,3202,21.2
fixation,910541.1139999628,0.53913907520473,0.5148835647851229,2.7805519104003906,2.7436466217041016,267.0,3203,21.2
fixation,910824.4520000219,0.5222636494371626,0.5172656145360734,2.784367879231771,2.731292724609375,150.0,3204,21.2
fixation,911024.4550000429,0.6598284000700171,0.5026850348169153,2.8368890935724433,2.7775213068181817,183.0,3205,21.2
fixation,911257.7910000086,0.8289686311036348,0.5037647113204002,2.8867273330688477,2.875905990600586,267.0,3206,21.2
fixation,912157.8029999733,0.31108855456113815,0.5971249938011169,2.6878662109375,2.6420440673828125,67.0,3207,21.2
fixation,912324.4739999771,0.3026364892721176,0.533077210187912,,2.6244430541992188,66.0,3208,21.2
fixation,912507.807000041,0.36795972453223336,0.5610944761170281,2.638238089425223,2.6655750274658203,150.0,3209,21.2
fixation,915924.5349999666,0.665393001046674,0.709243459948178,2.898015515557651,2.8284522747171335,483.0,3210,NOTRIAL
fixation,916474.5440000296,0.5097728371620178,0.29911727011203765,2.9196879069010415,2.9767415364583334,250.0,3211,NOTRIAL
fixation,916757.8839999437,0.5102832734584808,0.2117158517241478,2.9696807861328125,3.0184112548828126,91.0,3212,NOTRIAL
fixation,916941.2200000286,0.5112024062388653,0.22195664430792267,2.9413612984322213,2.904324505780194,609.0,3213,NOTRIAL
fixation,917607.9060000181,0.33705609965892064,0.21724030056170054,2.9482211158389138,2.987973167782738,350.0,3214,FIX_CROS
fixation,917991.2359999418,0.22287196096251993,0.19866064979749568,2.9743203555836395,3.0348663330078125,284.0,3215,FIX_CROS
fixation,918307.9160000086,0.19578635527027977,0.32535280618402695,2.882778591579861,2.9854566786024304,150.0,3216,21.1
fixation,918474.5829999447,0.21546039283275603,0.35104448944330213,2.852949523925781,2.948564147949219,166.0,3217,21.1
fixation,918657.9199999571,0.24759442891393388,0.35461628437042236,2.8501717703683034,2.9658028738839284,117.0,3218,21.1
fixation,918791.2539999485,0.2127425198753675,0.3578813324371974,2.8281428019205728,2.9351832071940103,100.0,3219,21.1
fixation,918907.9210000038,0.2696037724614143,0.358150877058506,2.8103363037109377,2.91470947265625,167.0,3220,21.1
fixation,919091.2580000162,0.3133780434727669,0.35892194385329884,2.8109842936197915,2.8713035583496094,200.0,3221,21.1
fixation,919307.9279999733,0.36919102519750596,0.3555165767669678,2.805622863769531,2.8982254028320313,167.0,3222,21.1
fixation,919491.2619999647,0.414140235632658,0.35950378328561783,2.8202171325683594,2.886415481567383,134.0,3223,21.1
fixation,919657.9309999943,0.469331231713295,0.35955785512924193,2.8483673095703126,2.7984329223632813,167.0,3224,21.1
fixation,919857.9340000153,0.5235481560230255,0.3620358813892711,2.831235018643466,2.8131824840198862,183.0,3225,21.1
fixation,920074.6030000448,0.5717475712299347,0.3665926344692707,2.840108871459961,2.857440948486328,133.0,3226,21.1
fixation,920224.6069999933,0.5556250140070915,0.3703124187886715,2.850170135498047,2.866413116455078,66.0,3227,21.1
fixation,920324.6039999723,0.6030045772592226,0.3669844853381316,2.8463948567708335,2.8732172648111978,200.0,3228,21.1
fixation,920541.2760000229,0.5944021220008532,0.3645522929728031,2.8422559102376304,2.8661321004231772,200.0,3229,21.1
fixation,920757.9450000525,0.634478098154068,0.3621512293815613,2.839369201660156,2.8216323852539062,167.0,3230,21.1
fixation,920941.2790000439,0.6724739819765091,0.3599514824648698,2.8591791788736978,2.8706372578938804,200.0,3231,21.1
fixation,921174.6169999838,0.7431541085243225,0.355823969299143,2.9372114701704546,2.9624467329545454,183.0,3232,21.1
fixation,921374.615999937,0.7956501162714429,0.3588753797941738,2.92600589328342,2.937749226888021,300.0,3233,21.1
fixation,921807.9539999962,0.5916438500086466,0.26616200705369314,2.9533233642578125,2.973821004231771,250.0,3234,NOTRIAL
fixation,922074.6230000257,0.6550851139155301,0.23663062940944324,3.014373779296875,3.0091608220880683,183.0,3235,NOTRIAL
fixation,922274.6269999743,0.6352364393797788,0.2396091656251387,2.9854361794211646,2.972409335049716,183.0,3236,NOTRIAL
fixation,922507.9550000429,0.6450414945681889,0.4755889490246773,2.9650644938151043,2.966053263346354,500.0,3237,NOTRIAL
fixation,923041.2940000296,0.6630016456950795,0.6976217817176472,2.956999345259233,2.926817460493608,184.0,3238,NOTRIAL
fixation,923241.3059999943,0.6574891954660416,0.7313317689630721,3.0011249118381076,3.0046056111653647,300.0,3239,NOTRIAL
fixation,923574.6360000372,0.6565795242786407,0.46849652429421745,2.99764404296875,2.9919779459635416,250.0,3240,NOTRIAL
fixation,923841.3090000153,0.6404360701208529,0.4651873565238455,2.8487137504245923,2.81964111328125,384.0,3241,NOTRIAL
fixation,924324.6519999504,0.5326861381530762,0.808396315574646,2.599920654296875,,83.0,3242,NOTRIAL
fixation,924424.6519999504,0.5290557146072388,0.762723445892334,2.6436767578125,,66.0,3243,NOTRIAL
fixation,924507.9900000095,0.5244852542877197,0.7614409327507019,2.7056793212890624,,83.0,3244,NOTRIAL
fixation,924707.990999937,0.5798753879287026,0.2771117497574199,3.015896883877841,3.001498135653409,183.0,3245,NOTRIAL
fixation,924924.6619999409,0.5239085026762702,0.13329796425320886,3.0268207896839487,3.0465753728693183,366.0,3246,NOTRIAL
fixation,925308.0010000467,0.4674356523901224,0.2108985660597682,2.9635372161865234,2.960966110229492,134.0,3247,NOTRIAL
fixation,925458.003000021,0.37193488888442516,0.2177938069216907,2.916902542114258,2.940774917602539,267.0,3248,NOTRIAL
fixation,925774.6840000153,0.6568009952704111,0.215330362940828,2.9411392211914062,2.9318618774414062,200.0,3249,NOTRIAL
fixation,926024.6890000105,0.6504570547191576,0.463448502037717,3.002722729211566,2.9801060468301004,1450.0,3250,NOTRIAL
fixation,927708.0440000296,0.6514931104399941,0.392477729103782,2.892830588600852,2.9050029407848013,184.0,3251,NOTRIAL
fixation,927941.381000042,0.47233067046512256,0.35296993228522217,2.917165582830256,2.9030609130859375,183.0,3252,NOTRIAL
fixation,928174.7180000544,0.5205672144889831,0.4273011068503062,2.889390055338542,2.8467315673828124,250.0,3253,NOTRIAL
fixation,928458.064999938,0.5122339454564181,0.3228048790584911,2.881064675071023,2.8402834805575283,184.0,3254,25
fixation,928658.067999959,0.5175350680947304,0.36363812163472176,2.7171802520751953,2.6539669036865234,134.0,3255,25
fixation,928824.7400000095,0.5186402797698975,0.5146399910251299,2.535242716471354,2.5114161173502603,100.0,3256,25
fixation,931483.1289999485,0.5222186048825582,0.38636966745058693,2.7968210856119793,2.7526041666666665,250.0,3257,25
fixation,931766.4680000544,0.5191217735409737,0.2874056547880173,2.704784393310547,2.68685245513916,266.0,3258,25
fixation,932066.4759999514,0.5080261627833048,0.4180847571955787,2.6172010633680554,2.582978990342882,300.0,3259,25
fixation,932383.1449999809,0.5032410143237365,0.5117768347263336,2.6710783305921053,2.634731091951069,317.0,3260,25
fixation,932716.4889999628,0.5359788745641708,0.5296129986643792,2.573053741455078,2.5156021118164062,333.0,3261,25
fixation,933999.8450000286,0.5403445031907823,0.5479488439030118,2.376310076032366,2.215852525499132,150.0,3262,25
fixation,934316.5190000534,0.4592199722925822,0.3606090784072876,2.42406005859375,2.354538981119792,250.0,3263,25
fixation,934966.5310000181,0.535332038122065,0.38768765856237974,2.4628268971162686,2.387106502757353,283.0,3264,25
fixation,935266.5360000134,0.5588528712590536,0.39589544758200645,2.459904988606771,2.382706960042318,200.0,3265,25
fixation,935483.2059999704,0.5670112992326418,0.44280864546696347,2.5199127197265625,2.4424425760904946,200.0,3266,25
fixation,935699.8769999743,0.4855193885103349,0.4097229492279791,2.5404161022555445,2.4939777005103325,517.0,3267,25
fixation,936266.55400002,0.5535365853990827,0.4544636085629463,2.4984239850725447,2.4130652291434154,233.0,3268,25
fixation,936533.2250000238,0.5214793235063553,0.32388085424900054,2.569468688964844,2.5169448852539062,167.0,3269,25
fixation,936716.5609999895,0.5276269289580259,0.3649853467941284,2.6015971790660513,2.5561162775213067,183.0,3270,25
fixation,936916.5659999847,0.5191304385662079,0.285386023670435,2.702875518798828,2.662152099609375,333.0,3271,25
fixation,937283.2369999886,0.5221273990777823,0.432057737157895,2.5871488131009617,2.4931570199819713,217.0,3272,25
fixation,937616.5789999962,0.4905990883708,0.5062926011160016,2.549933433532715,2.4848289489746094,266.0,3273,25
fixation,937933.2489999533,0.5229761123657226,0.32602798342704775,2.616402180989583,2.5887349446614585,250.0,3274,FIX_CROS
fixation,938249.9229999781,0.5079390539063348,0.3638392322593265,2.644705878363715,2.6137152777777777,308.0,3275,FIX_CROS
fixation,938649.9329999685,0.38087579276826644,0.2642673792110549,2.699217054578993,2.748569064670139,150.0,3276,FIX_CROS
fixation,938883.2699999809,0.37915387749671936,0.2571580447256565,2.699834187825521,2.7344131469726562,92.0,3277,25.2
fixation,939033.2740000486,0.21953098848462105,0.28512824326753616,2.6920293172200522,2.7863845825195312,100.0,3278,25.2
fixation,939149.942999959,0.19026925563812255,0.2832096964120865,2.6693374633789064,2.753590393066406,167.0,3279,25.2
fixation,939333.2790000439,0.23494293342034023,0.2843643764654795,2.6799611409505206,2.71142578125,250.0,3280,25.2
fixation,939599.9509999752,0.280586217045784,0.2922270178794861,2.741546630859375,2.7521917724609377,417.0,3281,25.2
fixation,940049.9600000381,0.32283483693997067,0.28782112151384354,2.8120994567871094,2.8098971048990884,200.0,3282,25.2
fixation,940283.2979999781,0.3708769927422206,0.27282043918967247,2.8156229654947915,2.796758015950521,200.0,3283,25.2
fixation,940516.6399999857,0.40022854804992675,0.2751534450799227,2.778894805908203,2.78682861328125,333.0,3284,25.2
fixation,940866.6449999809,0.43247312849218195,0.27531857178969815,2.779725508256392,2.7896853360262783,183.0,3285,25.2
fixation,941066.6510000229,0.47292069976146406,0.27592627474894893,2.788421630859375,2.7759610689603367,216.0,3286,25.2
fixation,941316.6540000439,0.5248344311347375,0.277356424010717,2.811627901517428,2.7690934401292067,216.0,3287,25.2
fixation,941566.6599999666,0.5751932561397552,0.28323173408324903,2.8174638014573317,2.773754413311298,216.0,3288,25.2
fixation,941816.6649999619,0.640055082061074,0.28095712986859406,2.797549161044034,2.7660466974431817,183.0,3289,25.2
fixation,942016.6710000038,0.6193431496620179,0.27963870465755464,2.793415832519531,2.780812072753906,167.0,3290,25.2
fixation,942200.0069999695,0.6441390713055929,0.27785576693713665,2.79692014058431,2.791889190673828,400.0,3291,25.2
fixation,942616.682000041,0.6652654980619749,0.276259267081817,2.8209749857584634,2.818309783935547,200.0,3292,25.2
fixation,942850.0199999809,0.7163163075844446,0.2715286985039711,2.8395589192708335,2.8606897989908853,200.0,3293,25.2
fixation,943066.692999959,0.7463195671637853,0.2801015389462312,2.8434130350748696,2.8736534118652344,200.0,3294,25.2
fixation,943300.0279999971,0.7861683815717697,0.27516005784273145,2.8395614624023438,2.844407653808594,167.0,3295,25.2
fixation,943483.3650000095,0.8147011511027813,0.2793037313967943,2.8160743713378906,2.8211288452148438,133.0,3296,25.2
fixation,943700.0369999409,0.2555269535098757,0.3422946355172566,2.648156302315848,2.7849949428013394,117.0,3297,25.2
fixation,943850.0429999828,0.18760300210366646,0.3468523578097423,2.574061711629232,2.771304448445638,400.0,3298,25.2
fixation,944266.7150000334,0.22935775464231317,0.3461573598059741,2.547189885919744,2.6900398947975854,183.0,3299,25.2
fixation,944466.7170000076,0.21672389588572763,0.3444827984679829,2.4962699196555396,2.6842595880681817,183.0,3300,25.2
fixation,944666.7220000029,0.25998129752966076,0.3376796990633011,2.5530125544621396,2.6680884728064904,217.0,3301,25.2
fixation,944900.0590000153,0.2990334965288639,0.34106106497347355,2.565431594848633,2.6573429107666016,134.0,3302,25.2
fixation,945050.0629999638,0.2781152779405767,0.3492392491210591,2.5640147816051138,2.678738680752841,184.0,3303,25.2
fixation,945266.73300004,0.3187812765439351,0.34965162724256516,2.604536692301432,2.6981836954752603,200.0,3304,25.2
fixation,945550.07099998,0.37247260473668575,0.34857482090592384,2.61053466796875,2.7037506103515625,126.0,3305,25.2
fixation,945700.074000001,0.4235045351088047,0.35332586367925006,2.6733309427897134,2.7011095682779946,200.0,3306,25.2
fixation,945916.7430000305,0.46646719024731564,0.34272439090105206,2.6167332575871396,2.664759709284856,217.0,3307,25.2
fixation,946150.0809999704,0.5220736687382063,0.35414253175258636,2.6999486287434897,2.691974639892578,200.0,3308,25.2
fixation,946366.7519999743,0.5099842548370361,0.36010303944349287,2.698780822753906,2.713714599609375,167.0,3309,25.2
fixation,946583.4160000086,0.554040646978787,0.35859860479831696,2.7352218627929688,2.7351891653878346,233.0,3310,25.2
fixation,946833.425999999,0.5848533974753486,0.3601578060123656,2.775487263997396,2.7552931043836804,150.0,3311,25.2
fixation,947000.0959999561,0.5556268692016602,0.3677072035414832,2.7582550048828125,2.7370387486049106,117.0,3312,25.2
fixation,947133.4329999685,0.6035915344953537,0.36494912654161454,2.782147216796875,2.7759429931640627,166.0,3313,25.2
fixation,947333.4379999638,0.6534646993333643,0.3650099729949778,2.7756597345525567,2.7478790283203125,183.0,3314,25.2
fixation,947533.4409999847,0.7037137647469839,0.3604960838953654,2.7589009602864585,2.7596299913194446,150.0,3315,25.2
fixation,947700.1089999676,0.6744766301578946,0.35453657805919647,2.751064724392361,2.7606065538194446,150.0,3316,25.2
fixation,947883.4450000525,0.7222400578585538,0.35953420265154407,2.765846946022727,2.76666259765625,183.0,3317,25.2
fixation,948083.4500000477,0.7620546562331063,0.3690921387502125,2.764440264020647,2.768256051199777,233.0,3318,25.2
fixation,948333.4529999495,0.7945681495798959,0.36707864370610976,2.7485868665907116,2.7440533108181424,300.0,3319,25.2
fixation,948650.1269999743,0.8167759728431702,0.3624190902709961,2.7602392578125,2.7684649658203124,417.0,3320,25.2
fixation,949083.4670000076,0.8224439769983292,0.3681527264416218,2.8031883239746094,2.811939239501953,66.0,3321,25.2
fixation,949233.4720000029,0.2796722874045372,0.4058999915917714,2.5727005004882812,2.7905680338541665,100.0,3322,25.2
fixation,949400.14199996,0.19472289830446243,0.4361077040433884,2.5328440946691178,2.8365997314453124,334.0,3323,25.2
fixation,949783.48300004,0.22927451878786087,0.4238681218453816,2.467620849609375,2.663724626813616,233.0,3324,25.2
fixation,950083.4889999628,0.27983034007689533,0.41788313406355243,2.4949137369791665,2.618625416475184,283.0,3325,25.2
fixation,950400.1640000343,0.3471136925851597,0.42325745172360363,2.5543096205767464,2.6698554543887867,284.0,3326,25.2
fixation,950716.8350000381,0.3911345422267914,0.41464491486549376,2.5318817138671874,2.646966552734375,83.0,3327,25.2
fixation,950816.8370000124,0.3962204537608407,0.41367061842571606,2.519170125325521,2.6342704079367896,183.0,3328,25.2
fixation,951016.8379999399,0.44628861397504804,0.41672165542840955,2.601115417480469,2.6107223510742186,167.0,3329,25.2
fixation,951250.1779999733,0.4914545457471501,0.41944601996378467,2.6340748180042612,2.6179740212180396,184.0,3330,25.2
fixation,951466.8509999514,0.5271330699324608,0.43916899189352987,2.7162574768066405,2.6515533447265627,333.0,3331,25.2
fixation,951850.1920000315,0.5878754258155823,0.4473203147451083,2.719579060872396,2.6926867167154946,200.0,3332,25.2
fixation,952066.8609999418,0.5668227970600128,0.45093470190962154,2.755451202392578,2.7151578267415366,200.0,3333,25.2
fixation,952283.5340000391,0.6130102510963168,0.44727265728371485,2.797725132533482,2.7219085693359375,233.0,3334,25.2
fixation,952550.2070000172,0.6654647317799655,0.44069612297144806,2.7687322443181817,2.7251711758700283,184.0,3335,25.2
fixation,952750.2070000172,0.7071533636613325,0.45204276659271936,2.7900765158913354,2.7768083052201704,184.0,3336,25.2
fixation,952950.2150000334,0.7589120055947985,0.44475458562374115,2.8009469168526784,2.818304879324777,117.0,3337,25.2
fixation,953083.5479999781,0.7514531274636587,0.454078608751297,2.816228230794271,2.8074798583984375,250.0,3338,25.2
fixation,953366.8869999647,0.7984263747930527,0.4471023306250572,2.7856966654459634,2.7767550150553384,200.0,3339,25.2
fixation,953583.5590000153,0.822268479748776,0.4581098038899271,2.8029769094366777,2.8112295050370064,316.0,3340,25.2
fixation,954283.5720000267,0.23882199674844742,0.4975355327129364,2.11993408203125,2.61585693359375,83.0,3341,25.2
fixation,955191.9210000038,0.3884642645716667,0.5539255887269974,2.476409912109375,2.5463790893554688,75.0,3342,25.2
fixation,955425.2610000372,0.3800487995147705,0.5383718848228455,2.59521484375,2.64063720703125,76.0,3343,25.2
fixation,955908.6039999723,0.4920255124568939,0.4977106273174286,2.589447021484375,2.5604705810546875,83.0,3344,25.2
fixation,956091.9370000362,0.5308331007307227,0.5219433781775561,2.6659469604492188,2.5993582985617896,183.0,3345,25.2
fixation,956308.6109999418,0.5683787817304785,0.5447371222756126,2.7598419189453125,2.701356367631392,183.0,3346,25.2
fixation,956558.6139999628,0.607749554514885,0.5370448887348175,2.779278564453125,2.691911315917969,166.0,3347,25.2
fixation,956775.2840000391,0.6787479519844055,0.5490793206474998,2.8411698774857954,2.805329756303267,184.0,3348,25.2
fixation,956991.9550000429,0.6506546666988959,0.5497853457927704,2.923168475811298,2.866241455078125,217.0,3349,25.2
fixation,957241.9570000172,0.7311430901288987,0.5656875044107437,2.938731384277344,2.9830963134765627,167.0,3350,25.2
fixation,957425.2970000505,0.8002267489830653,0.5687158564726512,2.9190327962239584,2.950483194986979,500.0,3351,25.2
fixation,958508.6460000277,0.5754530018284207,0.2576125700558935,2.900626772925967,2.9125228155226934,350.0,3352,NOTRIAL
fixation,958891.9859999418,0.5723067432641983,0.25363306477665903,2.9384613037109375,2.9500442504882813,167.0,3353,NOTRIAL
fixation,959075.314999938,0.5036337418215615,0.25107320132000105,2.9801864624023438,3.010278974260603,234.0,3354,NOTRIAL
fixation,959325.3159999847,0.5235728257232242,0.2593233933051427,3.051669650607639,3.0568084716796875,150.0,3355,NOTRIAL
fixation,959491.9930000305,0.5041690737009048,0.2703896589577198,3.0812728881835936,3.0742721557617188,167.0,3356,NOTRIAL
fixation,959691.9950000048,0.5126611072084178,0.436700028569802,2.9825625212296196,3.009218962296196,384.0,3357,NOTRIAL
fixation,960125.3350000381,0.659467164427042,0.7181625459343195,3.0218825340270996,3.0000782012939453,533.0,3358,NOTRIAL
fixation,960675.3409999609,0.6572001000245412,0.7045866052309672,2.979888916015625,2.9412190755208334,250.0,3359,NOTRIAL
fixation,961008.6770000458,0.5300901142450479,0.19711003165978652,3.0225501427283654,3.0179971548227162,217.0,3360,NOTRIAL
fixation,961275.3459999561,0.6745176650583744,0.7255141362547874,2.985958735148112,2.9444096883138022,400.0,3361,NOTRIAL
fixation,961792.0190000534,0.5917409327295091,0.22743141113056076,3.008001539442274,3.017942640516493,300.0,3362,FIX_CROS
fixation,962125.35800004,0.5179842909177145,0.3808015113075574,2.9370142618815103,2.8881263732910156,200.0,3363,FIX_CROS
fixation,962358.6940000057,0.47106908410787585,0.22742972429841757,3.0090641021728515,2.9917938232421877,667.0,3364,FIX_CROS
fixation,963092.0349999666,0.25044409558176994,0.23425365053117275,2.9067840576171875,3.001708984375,134.0,3365,25.1
fixation,963258.7050000429,0.19228220296402773,0.23128643383582434,2.832513173421224,2.9242655436197915,200.0,3366,25.1
fixation,963475.375,0.2340431198477745,0.23967944383621215,2.7964431762695314,2.8250808715820312,166.0,3367,25.1
fixation,963658.7139999866,0.2888281356405329,0.24076237474326734,2.785880759910301,2.8068870261863426,450.0,3368,25.1
fixation,964142.0529999733,0.34126270810763043,0.24272183660003874,2.8180406358506946,2.851894802517361,150.0,3369,25.1
fixation,964308.7239999771,0.3993185002888952,0.24414024502038956,2.834672110421317,2.841060093470982,233.0,3370,25.1
fixation,964575.3949999809,0.452690751070068,0.24113607725926808,2.803860618954613,2.8170965285528276,350.0,3371,25.1
fixation,964958.7350000143,0.4977630017434849,0.24011564386241577,2.765864652745864,2.742016960592831,283.0,3372,25.1
fixation,965275.4040000439,0.5427629485726356,0.2415296882390976,2.779013824462891,2.7548248291015627,333.0,3373,25.1
fixation,965625.4169999361,0.5886586335572329,0.23906116323037582,2.7386335893110796,2.7278608842329546,183.0,3374,25.1
fixation,965825.4149999619,0.6233418732881546,0.2417282024398446,2.7590084075927734,2.738102912902832,266.0,3375,25.1
fixation,966108.7539999485,0.6682134622877295,0.23860780217430808,2.7509876598011362,2.767324274236506,183.0,3376,25.1
fixation,966308.756000042,0.6548207461833954,0.23978389650583268,2.745198059082031,2.7646438598632814,167.0,3377,25.1
fixation,966508.7599999905,0.7028612593809763,0.23629589627186456,2.7681986490885415,2.796022203233507,150.0,3378,25.1
fixation,966692.0980000496,0.7429123347004255,0.2415687715013822,2.7880630493164062,2.825120290120443,200.0,3379,25.1
fixation,966908.7680000067,0.7802918374538421,0.24006169587373732,2.8523590087890627,2.8694580078125,167.0,3380,25.1
fixation,967092.1050000191,0.815538614988327,0.23844276581491744,2.85662841796875,2.877253941127232,117.0,3381,25.1
fixation,967292.10800004,0.2613484775647521,0.31983895413577557,2.780437469482422,2.8844661712646484,134.0,3382,25.1
fixation,967458.7810000181,0.19810299149581365,0.32096950709819794,2.7376207624162947,2.879258292061942,233.0,3383,25.1
fixation,967708.7840000391,0.22295986115932465,0.3118319883942604,2.6732652452256946,2.7625579833984375,300.0,3384,25.1
fixation,968042.121999979,0.27544371357985903,0.31990431036267963,2.614782060895647,2.646958487374442,234.0,3385,25.1
fixation,968292.1239999533,0.3245259631763805,0.3261808590455489,2.6387703635475854,2.6745411265980112,192.0,3386,25.1
fixation,968592.1289999485,0.35474735498428345,0.3256994052366777,2.6717903830788354,2.6387176513671875,176.0,3387,25.1
fixation,968808.7949999571,0.3999622694470666,0.3228662041100589,2.7166401256214487,2.662925026633523,183.0,3388,25.1
fixation,969025.4639999866,0.44585583731532097,0.31360747044285137,2.679398854573568,2.6483256022135415,200.0,3389,25.1
fixation,969242.131000042,0.4247473254799843,0.3221746583779653,2.669794718424479,2.6389592488606772,200.0,3390,25.1
fixation,969458.8029999733,0.45660689551579325,0.3209088201585569,2.686349166067023,2.6724917763157894,317.0,3391,25.1
fixation,969808.8029999733,0.5013906045092477,0.32943755636612576,2.727572970920139,2.688121371799045,300.0,3392,25.1
fixation,970225.4730000496,0.5418647320374198,0.3220995191646659,2.7751478112262227,2.7240381655485733,383.0,3393,25.1
fixation,970642.14199996,0.5873709664894984,0.327325056378658,2.7510446401742787,2.6879918025090146,217.0,3394,25.1
fixation,970875.4759999514,0.623222491145134,0.32719854116439817,2.7183792114257814,2.692979431152344,166.0,3395,25.1
fixation,971075.4759999514,0.6581451105219978,0.31952292046376635,2.7169505528041293,2.697420392717634,233.0,3396,25.1
fixation,971325.4780000448,0.6214637994766236,0.32202097177505495,2.69188232421875,2.687669372558594,166.0,3397,25.1
fixation,971508.8140000105,0.6609651717272672,0.32290606607090344,2.695220947265625,2.6902105158025567,183.0,3398,25.1
fixation,971708.8129999638,0.7146791655283707,0.32568992788975054,2.7062225341796875,2.7079068697415867,217.0,3399,25.1
fixation,971958.814999938,0.756928023966876,0.3242520026185296,2.7383187033913354,2.7560605135830967,183.0,3400,25.1
fixation,972158.8190000057,0.7453346153100332,0.3250943703783883,2.733698527018229,2.753384060329861,150.0,3401,25.1
fixation,972342.1519999504,0.783457912504673,0.3244653381407261,2.7352167765299478,2.747783660888672,200.0,3402,25.1
fixation,972558.8190000057,0.8133030235767365,0.3254370813568433,2.7449544270833335,2.7591349283854165,100.0,3403,25.1
fixation,972742.1529999971,0.24456042237579823,0.380728667601943,2.5778846740722656,2.793638229370117,134.0,3404,25.1
fixation,972892.1529999971,0.18938807249069214,0.385860013961792,2.5533518473307293,2.837810262044271,250.0,3405,25.1
fixation,973208.8220000267,0.23239089362323284,0.3860608749091625,2.513375022194602,2.7055257161458335,200.0,3406,25.1
fixation,973425.4919999838,0.26953390141328176,0.38270519077777865,2.4896647135416665,2.658294677734375,250.0,3407,25.1
fixation,973692.1629999876,0.25585750738779706,0.381916889299949,2.482396443684896,2.684459686279297,200.0,3408,25.1
fixation,973908.8339999914,0.2948380687407085,0.3821727878281048,2.541996882512019,2.7336218697684154,233.0,3409,25.1
fixation,974158.8379999399,0.3282735612657335,0.38189419110616046,2.5707872178819446,2.73323737250434,158.0,3410,25.1
fixation,974358.8409999609,0.3305020307501157,0.3750544215242068,2.5443700154622397,2.708897908528646,92.0,3411,25.1
fixation,974475.5089999437,0.36260374974120746,0.37914441932331433,2.639434814453125,2.6936603892933237,183.0,3412,25.1
fixation,974675.513999939,0.31609483891063267,0.37782349851396346,2.5941229926215277,2.724187215169271,150.0,3413,25.1
fixation,974908.8509999514,0.3594973459839821,0.381237106397748,2.629079818725586,2.669919967651367,133.0,3414,25.1
fixation,975075.5119999647,0.43097152962134433,0.3889709642300239,2.6317408635066104,2.6739302415114183,216.0,3415,25.1
fixation,975308.8489999771,0.4141893684864044,0.40552089860041934,2.6973190307617188,2.6968892415364585,108.0,3416,25.1
fixation,975542.1909999847,0.4707402970109667,0.4085262247494289,2.721960885184152,2.676722935267857,117.0,3417,25.1
fixation,975692.19599998,0.5178188197314739,0.40555066242814064,2.7090988159179688,2.636137008666992,134.0,3418,25.1
fixation,975858.8669999838,0.5600463179024783,0.4082926342433149,2.73062480579723,2.6509593616832388,367.0,3419,25.1
fixation,976258.8730000257,0.5990697708394792,0.4158221259713173,2.7266921997070312,2.658316718207465,300.0,3420,25.1
fixation,976575.5460000038,0.6319560694694519,0.40700564563274383,2.6560601806640625,2.6440020751953126,416.0,3421,25.1
fixation,977025.550999999,0.667267677684625,0.40581508229176205,2.6838150024414062,2.6752306620279946,200.0,3422,25.1
fixation,977242.2230000496,0.7134267222136259,0.4049897938966751,2.7718725204467773,2.752345085144043,267.0,3423,25.1
fixation,977525.5599999428,0.7410030901432038,0.4077719877163569,2.793842569986979,2.8183390299479165,250.0,3424,25.1
fixation,977792.23300004,0.7702598305124986,0.4057582797188508,2.771441811009457,2.8142949154502466,317.0,3425,25.1
fixation,978142.2380000353,0.8206250920891762,0.40768647342920306,2.8098167419433593,2.8347267150878905,334.0,3426,25.1
fixation,978708.9179999828,0.17513049145539603,0.4956921339035034,2.2886962890625,2.8330230712890625,100.0,3427,25.1
fixation,978992.2569999695,0.2130101046391896,0.4592222401074001,2.33929443359375,2.7226409912109375,117.0,3428,25.1
fixation,979492.2649999857,0.3285867750644684,0.4665662109851837,2.459490966796875,2.675103759765625,84.0,3429,25.1
fixation,980042.2840000391,0.41488972306251526,0.46509793773293495,2.588062286376953,2.562274932861328,67.0,3430,25.1
fixation,980175.6169999838,0.41599875390529634,0.487791109085083,2.59344482421875,2.6609405517578124,83.0,3431,25.1
fixation,980292.2860000134,0.39852813482284544,0.4798841893672943,2.4910430908203125,2.6454742431640623,84.0,3432,25.1
fixation,980725.6299999952,0.48327334225177765,0.4991926774382591,2.632526397705078,,66.0,3433,25.1
fixation,980808.9659999609,0.4905935302376747,0.4663161225616932,2.6059646606445312,2.4946823120117188,67.0,3434,25.1
fixation,980892.2999999523,0.4685612767934799,0.49574433639645576,2.595155715942383,2.4795074462890625,134.0,3435,25.1
fixation,981058.9700000286,0.4896120212294839,0.5128640207377347,2.628477616743608,2.453231811523437,183.0,3436,25.1
fixation,981292.300999999,0.5486419859031836,0.49439937869707745,2.6843382517496743,2.5818042755126953,400.0,3437,25.1
fixation,981725.6549999714,0.6103050433672391,0.49222471851568955,2.7428682767427883,2.6694441575270433,216.0,3438,25.1
fixation,981958.9919999838,0.654314358319555,0.5002602572951999,2.804071698869978,2.7635934012276784,233.0,3439,25.1
fixation,982208.9980000257,0.705917011607777,0.5114176368171518,2.833465576171875,2.787783536044034,184.0,3440,25.1
fixation,982409.003000021,0.7490078888156197,0.5150462497364391,2.7823347611860796,2.781516335227273,184.0,3441,25.1
fixation,982609.0080000162,0.7961355975041022,0.49937334885964024,2.6913287823016825,2.7198087252103367,217.0,3442,25.1
fixation,982842.3470000029,0.8153225338459015,0.5079796999692917,2.6833209228515624,2.6597601318359376,416.0,3443,25.1
fixation,983275.6879999638,0.8337147757411003,0.5009869486093521,2.654266357421875,2.673736572265625,67.0,3444,25.1
fixation,984600.7079999447,0.5666688361338207,0.24429351836442947,2.8847623552594865,2.866837637765067,232.0,3445,NOTRIAL
fixation,984850.7159999609,0.587674488623937,0.17780690060721505,2.932133992513021,2.9484388563368054,150.0,3446,NOTRIAL
fixation,985017.3880000114,0.6480721181089227,0.23117932237007402,2.856964804909446,2.857385115189986,366.0,3447,NOTRIAL
fixation,985417.3960000277,0.5798054293674582,0.24485019397209673,2.9360638786764706,2.921656889073989,566.0,3448,NOTRIAL
fixation,986017.4040000439,0.5731061369180679,0.45876952409744265,2.8503570556640625,2.8093215942382814,166.0,3449,NOTRIAL
fixation,986200.740999937,0.5835371149910821,0.44854228640044175,2.901286937572338,2.8854087547019676,450.0,3450,NOTRIAL
fixation,986700.7400000095,0.5899247593349881,0.622058543894026,2.8380974663628473,2.6939926147460938,150.0,3451,NOTRIAL
fixation,986884.0789999962,0.6673297196626663,0.6794650018215179,2.8566879272460937,2.7689193725585937,167.0,3452,NOTRIAL
fixation,987117.4229999781,0.6022606293360392,0.43093888130452895,2.9894510904947915,2.9833204481336804,150.0,3453,NOTRIAL
fixation,987284.0829999447,0.648999506776983,0.46714390136978845,2.9817393909801138,2.988626653497869,184.0,3454,NOTRIAL
fixation,987534.0889999866,0.6783038161017678,0.7089018740437247,2.903841885653409,2.8382512872869317,184.0,3455,NOTRIAL
fixation,987734.0989999771,0.6588970976216453,0.7211469355083647,2.9333067394438244,2.8917047409784224,350.0,3456,NOTRIAL
fixation,988167.4340000153,0.6304385917527335,0.2851254620722362,2.9516503470284596,2.9748611450195312,233.0,3457,NOTRIAL
fixation,988434.1050000191,0.535229864327804,0.18653345820696457,2.963788903277853,2.9573855192764946,384.0,3458,NOTRIAL
fixation,988850.7869999409,0.5264775509184058,0.3511296117847616,2.963936545632102,2.962950272993608,183.0,3459,NOTRIAL
fixation,989067.4579999447,0.6499413210484717,0.4653332026468383,3.0148832533094616,3.0452084011501737,600.0,3460,NOTRIAL
fixation,989717.4650000334,0.5357063800096512,0.6733638286590576,2.8007278442382812,2.74375,166.0,3461,NOTRIAL
fixation,990000.807000041,0.6350362707268108,0.44840381904081866,2.909636064009233,2.9445343017578125,183.0,3462,NOTRIAL
fixation,990217.4789999723,0.5064522750102557,0.4390159031519523,2.9243387075570912,2.918878408578726,216.0,3463,NOTRIAL
fixation,990450.8159999847,0.5237725881429819,0.4433279805458509,2.896205021784856,2.8721700815054088,217.0,3464,NOTRIAL
fixation,990700.8200000525,0.5107477704683939,0.3296524898873435,2.9084591335720487,2.866419474283854,150.0,3465,4
fixation,990884.1560000181,0.45630469421545666,0.49711411197980243,2.650083753797743,2.6526065402560763,150.0,3466,4
fixation,991050.8279999495,0.44365978240966797,0.5017961025238037,2.5191802978515625,2.5496978759765625,83.0,3467,4
fixation,991534.1660000086,0.5977510011196137,0.46498639523983004,2.606419677734375,2.4918792724609373,417.0,3468,4
fixation,992384.1859999895,0.4439980983734131,0.544735424220562,,2.539846420288086,134.0,3469,4
fixation,992750.8569999933,0.581786029718139,0.5307218795924475,2.662713187081473,2.655209011501736,2400.0,3470,4
fixation,995575.9029999971,0.5363114476203918,0.4720979928970337,2.647181193033854,2.4480361938476562,100.0,3471,4
fixation,995759.243999958,0.5725478189332145,0.5129195025988987,2.6241455078125,,117.0,3472,4
fixation,995892.5800000429,0.5666704922914505,0.524341844022274,2.6129798889160156,,133.0,3473,4
fixation,996109.2480000257,0.6402525901794434,0.5088547319173813,2.6726856231689453,,134.0,3474,4
fixation,999275.9839999676,0.45616561360657215,0.28788187354803085,2.6044845581054688,2.7026100158691406,133.0,3475,4
fixation,999992.6729999781,0.46446524125834304,0.22905769230177006,2.8254127502441406,2.872278849283854,400.0,3476,4
fixation,1000442.6859999895,0.5068471431732178,0.427624386548996,2.7287689208984376,2.83917236328125,91.0,3477,FIX_CROS
fixation,1000726.0260000229,0.3418455898761749,0.3078503876924515,2.892256164550781,2.9203422546386717,334.0,3478,FIX_CROS
fixation,1001109.378000021,0.204826677011119,0.3088039772378074,2.7959493001302085,2.841951158311632,150.0,3479,4.1
fixation,1001276.0499999523,0.1927253045141697,0.3294968232512474,2.7239507039388022,2.7883199055989585,100.0,3480,4.1
fixation,1001409.3860000372,0.25279942341148853,0.33253683025638264,2.698766072591146,2.7218805948893228,200.0,3481,4.1
fixation,1001642.7280000448,0.31261123987761413,0.32468056814237073,2.69488525390625,2.7095600474964487,183.0,3482,4.1
fixation,1001842.7369999886,0.35126359661420187,0.32663533786932625,2.6820037841796873,2.7490519205729167,250.0,3483,4.1
fixation,1002109.4119999409,0.3301765862852335,0.3315122704952955,2.702035903930664,2.771738052368164,133.0,3484,4.1
fixation,1002259.4190000296,0.4109360140562057,0.3200045883655548,2.7140142822265627,2.79627197265625,416.0,3485,4.1
fixation,1002692.7660000324,0.39458650164306164,0.3280027322471142,2.7926864624023438,2.880756378173828,133.0,3486,4.1
fixation,1002859.4379999638,0.45239410549402237,0.315629692748189,2.774822235107422,2.807130813598633,133.0,3487,4.1
fixation,1003009.4420000315,0.5027813211083412,0.3173058912158012,2.7586624145507814,2.821234130859375,166.0,3488,4.1
fixation,1003192.7790000439,0.48657813109457493,0.3226929437369108,2.745126724243164,2.803630828857422,133.0,3489,4.1
fixation,1003342.7879999876,0.5383707558115324,0.31799312432607013,2.753016153971354,2.8188489278157554,200.0,3490,4.1
fixation,1003559.4600000381,0.5859331000934948,0.3176440379836343,2.7634832208806817,2.770668723366477,183.0,3491,4.1
fixation,1003759.4650000334,0.6375519355138143,0.324476166566213,2.7599110921223957,2.7900299072265624,250.0,3492,4.1
fixation,1004042.800999999,0.7082715332508087,0.3225095009102541,2.762922399184283,2.796583287856158,283.0,3493,4.1
fixation,1004342.8049999475,0.7369215157296922,0.323294010427263,2.74257575141059,2.791471693250868,150.0,3494,4.1
fixation,1004526.1410000324,0.7856435726086298,0.3192214369773865,2.753492991129557,2.7841262817382812,200.0,3495,4.1
fixation,1004742.8129999638,0.819817537611181,0.32335625047033484,2.7583160400390625,2.7849245938387783,183.0,3496,4.1
fixation,1004942.8170000315,0.8088645703262753,0.32284899883800083,2.750059339735243,2.7863226996527777,150.0,3497,4.1
fixation,1005176.1540000439,0.25343732815235853,0.3940304256975651,2.6589584350585938,2.7710647583007812,134.0,3498,4.1
fixation,1005326.1579999924,0.19056071899831295,0.41645922884345055,2.7128829956054688,2.8072376251220703,134.0,3499,4.1
fixation,1005559.4950000048,0.22696271538734436,0.4231022944053014,2.6989364624023438,2.7435938517252603,100.0,3500,4.1
fixation,1005742.8339999914,0.27561354637145996,0.39246223494410515,2.704986572265625,2.675769805908203,67.0,3501,4.1
fixation,1006159.506000042,0.3681981638073921,0.3821924924850464,2.530658721923828,2.7279930114746094,66.0,3502,4.1
fixation,1006409.5119999647,0.4166460394859314,0.38750858008861544,2.546600341796875,2.6991546630859373,91.0,3503,4.1
fixation,1006659.5190000534,0.44295891374349594,0.3962528258562088,2.593145751953125,2.6885589599609374,158.0,3504,4.1
fixation,1006842.8530000448,0.4843355007469654,0.3907575036088626,2.6048316955566406,2.721642812093099,200.0,3505,4.1
fixation,1007076.1909999847,0.5267067129413286,0.40123207742969197,2.628401438395182,2.6564407348632812,200.0,3506,4.1
fixation,1007292.8619999886,0.5572494748565886,0.3925541432367431,2.57759518093533,2.6324598524305554,300.0,3507,4.1
fixation,1007626.2020000219,0.6040015319983164,0.4106700188583798,2.64817386203342,2.7076348198784723,300.0,3508,4.1
fixation,1007942.8760000467,0.6399245297207552,0.3995492353158839,2.6766213809742645,2.7524773092830883,283.0,3509,4.1
fixation,1008242.8819999695,0.6754777352015178,0.4038533995548884,2.749190266927083,2.766370646158854,250.0,3510,4.1
fixation,1008509.5529999733,0.6427733439665574,0.40421900153160095,2.73525883601262,2.7967024583082933,216.0,3511,4.1
fixation,1008742.89199996,0.6805964509646097,0.407873950070805,2.7687276204427085,2.813205295138889,150.0,3512,4.1
fixation,1008926.2289999723,0.7350632479557624,0.40710895909712863,2.8082052377554088,2.810425978440505,217.0,3513,4.1
fixation,1009159.564999938,0.7832414746284485,0.40863271057605743,2.8345684814453125,2.83912353515625,416.0,3514,4.1
fixation,1009659.5759999752,0.2527010142803192,0.5150739848613739,,2.8862342834472656,133.0,3515,4.1
fixation,1009809.5800000429,0.18377107725693628,0.5237708871181195,,2.82962153508113,216.0,3516,4.1
fixation,1010076.253000021,0.24726903438568115,0.5106378078460694,,2.7388671875,84.0,3517,4.1
fixation,1010259.5909999609,0.3006242646111382,0.4844165047009786,,2.5897115071614585,150.0,3518,4.1
fixation,1010442.9309999943,0.35503553716759934,0.4883477248643574,,2.6131045692845394,317.0,3519,4.1
fixation,1010867.9370000362,0.4033334595816476,0.4993602846349989,,2.667302812848772,232.0,3520,4.1
fixation,1011201.2740000486,0.43518349528312683,0.4844038635492325,2.3979644775390625,2.6721903483072915,100.0,3521,4.1
fixation,1011484.618999958,0.46640502555029734,0.4759066700935364,2.518890380859375,2.6397225516183034,116.0,3522,4.1
fixation,1011651.2879999876,0.4521803617477417,0.48277594447135924,,2.65770263671875,84.0,3523,4.1
fixation,1011834.625,0.5157319042417738,0.4791932702064514,2.540924072265625,2.643497043185764,150.0,3524,4.1
fixation,1012101.2970000505,0.5736904424779555,0.48803239797844605,2.6101954533503604,2.706913667566636,284.0,3525,4.1
fixation,1012401.307000041,0.632330471649766,0.4865664653480053,2.689408302307129,2.6970701217651367,267.0,3526,4.1
fixation,1012817.9859999418,0.7007011820872625,0.5039644377926985,2.7331136067708335,2.719130198160807,200.0,3527,4.1
fixation,1013034.6510000229,0.6911264777183532,0.48398093581199647,2.6954071044921877,2.69541015625,166.0,3528,4.1
fixation,1013234.6569999456,0.7832134432262845,0.4795299420754115,2.7478451199001737,2.655095418294271,150.0,3529,4.1
fixation,1013401.3270000219,0.8222890252416785,0.4941660775379701,2.7174571644176138,2.669281005859375,184.0,3530,4.1
fixation,1013634.6660000086,0.3911102754729135,0.5727195569447109,,2.6780853271484375,116.0,3531,4.1
fixation,1013801.3270000219,0.32747122645378113,0.6097492873668671,,2.729052734375,167.0,3532,4.1
fixation,1013984.6720000505,0.3812635276052687,0.5759286549356248,,2.570242987738715,150.0,3533,4.1
fixation,1014893.0249999762,0.5796691104769707,0.5708510801196098,,2.635589599609375,67.0,3534,4.1
fixation,1015059.692999959,0.6613790582526814,0.14614568989385257,2.864046963778409,2.907114202325994,183.0,3535,NOTRIAL
fixation,1015276.3619999886,0.6447981510843549,0.20725277279104506,2.881676810128348,2.8968658447265625,116.0,3536,NOTRIAL
fixation,1015409.7000000477,0.6325900331139565,0.23454977199435234,2.9324417114257812,2.950929641723633,133.0,3537,NOTRIAL
fixation,1015559.7039999962,0.583649428991171,0.2513191568163725,2.9946089524489183,2.9910360483022838,217.0,3538,NOTRIAL
fixation,1015793.0410000086,0.6530220934322902,0.24600922529186522,2.973087855747768,3.017735072544643,234.0,3539,NOTRIAL
fixation,1016059.7129999399,0.5858703616418337,0.2512856180730619,2.946364553351151,2.9684367932771383,317.0,3540,NOTRIAL
fixation,1016409.7189999819,0.5902672985504414,0.4178198241981967,2.8851839262863685,2.907244452114763,483.0,3541,NOTRIAL
fixation,1016926.3949999809,0.6541721642017364,0.45257683992385866,2.883154296875,2.8781356811523438,166.0,3542,NOTRIAL
fixation,1017109.7300000191,0.5972841552325657,0.464274100959301,2.8554371425083707,2.861834934779576,233.0,3543,NOTRIAL
fixation,1017376.4040000439,0.595210725069046,0.664416852593422,2.8306198120117188,2.7559417724609374,166.0,3544,NOTRIAL
fixation,1017576.4069999456,0.6680320762097836,0.7068573658665022,2.894667307535807,2.843848546346029,400.0,3545,NOTRIAL
fixation,1018043.0850000381,0.6104005300081693,0.4127872185065196,2.902586716871995,2.877507136418269,217.0,3546,NOTRIAL
fixation,1018293.0879999399,0.5940265845168721,0.24157139015468684,2.8777271617542612,2.8577825372869317,367.0,3547,NOTRIAL
fixation,1018709.7630000114,0.4979498952627182,0.3278314173221588,2.74857177734375,2.7014495849609377,83.0,3548,FIX_CROS
fixation,1018943.0959999561,0.3105641355117162,0.23211843165613355,2.7476058233351934,2.7955874488467263,700.0,3549,FIX_CROS
fixation,1019693.10800004,0.21891565195151738,0.28704369706766947,2.639068603515625,2.7495509556361606,117.0,3550,4.2
fixation,1019826.4420000315,0.20211057364940643,0.2880584616214037,2.626638412475586,2.7330684661865234,133.0,3551,4.2
fixation,1019976.4420000315,0.2551562453691776,0.28115128668454975,2.648138192983774,2.691082294170673,216.0,3552,4.2
fixation,1020209.7799999714,0.3064057737588882,0.27799890339374544,2.656938171386719,2.6633941650390627,167.0,3553,4.2
fixation,1020409.7829999924,0.2677430212497711,0.2879488219817479,2.6516957600911457,2.7036122639973956,258.0,3554,4.2
fixation,1020776.4550000429,0.29128842055797577,0.2836447685956955,2.7161102294921875,2.7615203857421875,166.0,3555,4.2
fixation,1020959.7879999876,0.3337121484801173,0.2728242352604866,2.6814422607421875,2.727511405944824,267.0,3556,4.2
fixation,1021243.1260000467,0.3739447794854641,0.2702470920979977,2.6756248474121094,2.7482208251953124,334.0,3557,4.2
fixation,1021609.7999999523,0.422704262768521,0.277749165892601,2.8010846306295956,2.901052138384651,283.0,3558,4.2
fixation,1021909.7999999523,0.47336518222635443,0.28581825305115094,2.8532062877308237,2.9283086603338067,183.0,3559,4.2
fixation,1022126.4709999561,0.5405026215773362,0.2830064365497002,2.829639141376202,2.8679973895733175,216.0,3560,4.2
fixation,1022393.138999939,0.6844205930829048,0.2809076430276036,2.8010921478271484,2.8705873489379883,267.0,3561,4.2
fixation,1022693.1430000067,0.7567625284194947,0.2752721801400185,2.8080078125,2.874420166015625,167.0,3562,4.2
fixation,1022893.1469999552,0.808617336054643,0.2801896532376607,2.8651135762532554,2.9143892923990884,200.0,3563,4.2
fixation,1023226.4809999466,0.5977254945498246,0.32222474538362944,2.94775390625,2.9724813608022838,216.0,3564,NOTRIAL
fixation,1023459.8200000525,0.6202300001274456,0.2579800622029738,3.032259854403409,3.060129339044744,183.0,3565,NOTRIAL
fixation,1023659.824000001,0.6352184593677521,0.2607789859175682,2.997314453125,3.027410888671875,83.0,3566,NOTRIAL
fixation,1023776.490999937,0.5619355525289264,0.26230369082518984,2.944317408970424,2.972651890345982,233.0,3567,NOTRIAL
fixation,1024026.4960000515,0.5090541038019903,0.26911066087155505,3.016241139379041,3.0252517174030173,483.0,3568,NOTRIAL
fixation,1024559.8379999399,0.5433718519551414,0.39518179638045176,2.9887542724609375,2.9843314034598216,117.0,3569,NOTRIAL
fixation,1024693.1740000248,0.5166817605495453,0.42193495087763844,2.950566011316636,2.9593092974494484,292.0,3570,NOTRIAL
fixation,1025143.182000041,0.41429246713717777,0.4524366830786069,2.8508427937825522,2.9104690551757812,100.0,3571,NOTRIAL
fixation,1025259.8500000238,0.36057921033352613,0.4413142055273056,2.7743587493896484,2.9031906127929688,267.0,3572,NOTRIAL
fixation,1025576.5240000486,0.49337688088417053,0.43670182128747304,2.7788106282552083,2.7678548177083333,250.0,3573,NOTRIAL
fixation,1025876.5279999971,0.5737933137200095,0.6661102148619565,2.7407642711292612,2.7128850763494317,183.0,3574,NOTRIAL
fixation,1026093.1979999542,0.6671975553035736,0.7115304524248297,2.9056202281605112,2.8353202126242896,184.0,3575,NOTRIAL
fixation,1026326.5390000343,0.38421352952718735,0.6432408764958382,2.814208984375,2.9222030639648438,66.0,3576,NOTRIAL
fixation,1026759.8769999743,0.34928096681833265,0.4461089387536049,2.7966583251953123,2.9024063110351563,159.0,3577,NOTRIAL
fixation,1026959.8839999437,0.3763780751162105,0.43153473569287193,2.7700186835394964,2.8598463270399304,300.0,3578,NOTRIAL
fixation,1027276.5549999475,0.4292894055445989,0.42175790667533875,2.7770105997721353,2.8268152872721353,100.0,3579,NOTRIAL
fixation,1027426.5559999943,0.66189726293087,0.2659088224172592,2.9183807373046875,2.89486083984375,166.0,3580,NOTRIAL
fixation,1027643.2259999514,0.5227868394418196,0.4295354038476944,2.7898060191761362,2.839791037819602,184.0,3581,NOTRIAL
fixation,1027843.2309999466,0.5105269911388556,0.43056656792759895,2.807600657145182,2.8799031575520835,200.0,3582,NOTRIAL
fixation,1028076.5690000057,0.45612501973907155,0.22931642395754656,2.9275614420572915,2.9571533203125,200.0,3583,NOTRIAL
fixation,1028293.240999937,0.4307767832890535,0.23693099446021593,2.8379266200921474,2.872130565154247,650.0,3584,NOTRIAL
fixation,1028976.5859999657,0.49321453273296356,0.2491237579873114,2.7984318588719224,2.820280595259233,550.0,3585,NOTRIAL
fixation,1029626.5980000496,0.4949803799390793,0.630083417892456,2.546001434326172,2.6931793212890627,83.0,3586,NOTRIAL
fixation,1029826.6030000448,0.4710704144090414,0.26010187342762947,2.837533950805664,2.9119491577148438,133.0,3587,NOTRIAL
fixation,1029976.6050000191,0.43075772871573764,0.24042512990889095,2.847260248093378,2.9240853445870534,700.0,3588,NOTRIAL
fixation,1031143.2929999828,0.6740608453750611,0.6754027724266052,2.783245086669922,2.775737762451172,84.0,3589,NOTRIAL
fixation,1031276.631000042,0.6646459698677063,0.7000565975904465,2.8004989624023438,,66.0,3590,NOTRIAL
fixation,1031476.631000042,0.6492013096809387,0.6845305323600769,2.755303955078125,,83.0,3591,NOTRIAL
fixation,1031576.6330000162,0.6460548554147992,0.685142023222787,2.764349801199777,,116.0,3592,NOTRIAL
fixation,1031743.30400002,0.4964733975736991,0.26950381064544554,2.9133181364639946,2.9709757929262905,767.0,3593,NOTRIAL
fixation,1032543.3190000057,0.3680136046239308,0.4037819159882409,2.749943324497768,3.0236197335379464,584.0,3594,NOTRIAL
fixation,1033226.6629999876,0.5028952757517496,0.6054863333702087,,2.6737772623697915,100.0,3595,NOTRIAL
fixation,1033510.0049999952,0.519280219078064,0.40964511707425116,2.725457763671875,2.857135772705078,334.0,3596,NOTRIAL
fixation,1033860.0110000372,0.5339509323239326,0.4256183445453644,2.6710128784179688,2.8034988403320313,334.0,3597,20
fixation,1035785.0449999571,1.2575648261441126,1.0407147407531738,2.802586873372396,3.2307976616753473,150.0,3598,20
fixation,1036035.0520000458,1.2003123342990876,1.08421471118927,2.8096923828125,3.350799560546875,84.0,3599,20
fixation,1036485.0579999685,1.13931929692626,1.0936123877763748,2.756244659423828,3.2700653076171875,67.0,3600,20
fixation,1036801.7309999466,1.146610552072525,1.098222005367279,2.7271331787109374,3.2618133544921877,83.0,3601,20
fixation,1036985.0609999895,0.605918285521594,0.6203281743959947,2.8839111328125,2.92584228515625,192.0,3602,20
fixation,1037301.7400000095,0.5397996211593802,0.40835784104737366,2.955232100053267,3.0198239413174717,367.0,3603,20
fixation,1037685.0800000429,0.5329364958931418,0.42352544384844165,2.8171772676355697,2.8315681008731617,284.0,3604,20
fixation,1038018.4240000248,0.40893048445383706,0.3712029019991557,2.6400126139322917,2.774677530924479,250.0,3605,20
fixation,1038301.756000042,0.5117259931564331,0.3857252699136734,2.7521392822265627,2.823265380859375,417.0,3606,20
fixation,1038735.0950000286,0.5574976451256696,0.4252830217866337,2.8081943287568936,2.795949599322151,284.0,3607,20
fixation,1039051.7699999809,0.6465547915015902,0.40676223380225046,2.894561767578125,2.8690719604492188,233.0,3608,20
fixation,1039318.4409999847,0.5972780548036098,0.4192603100091219,2.9290571212768555,2.839716911315918,266.0,3609,20
fixation,1039601.7769999504,0.6410909805979047,0.39553104766777586,2.926972888764881,2.8936070033482144,350.0,3610,20
fixation,1040001.7879999876,0.38776549994945525,0.38418521285057067,2.73714599609375,2.8868194580078126,83.0,3611,20
fixation,1040101.7869999409,0.38787974665562314,0.37215114302105373,2.672671847873264,2.8248392740885415,300.0,3612,20
fixation,1040418.4620000124,0.39279085784046736,0.29846769240167403,2.7747231942635997,2.8293129249855324,450.0,3613,20
fixation,1040918.4659999609,0.6730927174741571,0.43266865746541455,2.8092096502130683,2.7380315607244317,183.0,3614,20
fixation,1041151.80400002,0.5684275597333908,0.4792305216193199,2.7686477661132813,2.7406524658203124,167.0,3615,20
fixation,1042193.4900000095,0.4972000902189928,0.3386925739400527,2.940090403837316,2.9923759909237133,291.0,3616,20
fixation,1042676.8300000429,0.33603109331691966,0.3202091020111944,2.803135591394761,2.827921250287224,842.0,3617,FIX_CROS
fixation,1043560.1779999733,0.23102331285675368,0.40876345584789914,2.8194046020507812,2.8452911376953125,100.0,3618,20.2
fixation,1043676.8459999561,0.19365344941616058,0.4196857747932275,2.7954126993815103,2.8779589335123696,200.0,3619,20.2
fixation,1043910.1870000362,0.24812982827425004,0.40376864969730375,2.760748291015625,2.808367919921875,84.0,3620,20.2
fixation,1044010.1859999895,0.30289320754153387,0.39538303656237467,2.6551034109933034,2.7554942539760043,234.0,3621,20.2
fixation,1044260.1920000315,0.35033562643961474,0.40077371895313263,2.638021295720881,2.740416093306108,184.0,3622,20.2
fixation,1044460.1940000057,0.31091440386242336,0.39971638056966996,2.614501953125,2.762240939670139,150.0,3623,20.2
fixation,1044643.5290000439,0.3546992478271325,0.401117168366909,2.677239735921224,2.7847010294596353,200.0,3624,20.2
fixation,1044860.2029999495,0.41177386896950857,0.3927214081798281,2.7081505911690846,2.780664716448103,234.0,3625,20.2
fixation,1045110.2059999704,0.39199526607990265,0.4022750949317759,2.7416451194069604,2.8404998779296875,184.0,3626,20.2
fixation,1045310.2109999657,0.4650673195719719,0.40476059168577194,2.779864501953125,2.853265380859375,167.0,3627,20.2
fixation,1045510.2129999399,0.5124291208657351,0.4048685512759469,2.7996881658380683,2.880919022993608,184.0,3628,20.2
fixation,1045710.2180000544,0.5457390752331964,0.406871820832121,2.8132471544989226,2.8920193376212286,484.0,3629,20.2
fixation,1046226.8960000277,0.625607369911103,0.4133080534991764,2.8143397739955356,2.8629259381975447,350.0,3630,20.2
fixation,1046593.5670000315,0.6614172914448906,0.4089827747905956,2.8111159380744484,2.848837459788603,283.0,3631,20.2
fixation,1046910.240999937,0.7092984204108899,0.4029024782089087,2.7731229341947117,2.8268150916466346,217.0,3632,20.2
fixation,1047160.243999958,0.752989801493558,0.4100664813410152,2.7636219371448862,2.802125410600142,184.0,3633,20.2
fixation,1047393.5850000381,0.6500466195019808,0.41528490863063117,2.782613580877131,2.7888488769531246,183.0,3634,20.2
fixation,1047593.5859999657,0.6290040214856466,0.41019125034411746,2.8251724243164062,2.851710001627604,200.0,3635,20.2
fixation,1047810.2539999485,0.6656155983606974,0.4094945366183917,2.834936777750651,2.8623924255371094,200.0,3636,20.2
fixation,1048026.925999999,0.7441933567707355,0.4067555253322308,2.8611238919771633,2.8842444786658654,217.0,3637,20.2
fixation,1048276.932000041,0.7936958578916696,0.4096803367137909,2.917377178485577,2.9115389310396633,217.0,3638,20.2
fixation,1048510.26699996,0.8367673527626764,0.4138405862308684,2.913206554594494,2.943878173828125,350.0,3639,20.2
fixation,1049026.942999959,0.5226787626743317,0.5077689528465271,2.6543986002604165,2.8783447265625,83.0,3640,NOTRIAL
fixation,1049193.6139999628,0.5564767826687206,0.356638946316459,2.833577936345881,2.8730413263494317,183.0,3641,NOTRIAL
fixation,1049410.2810000181,0.6335836340641153,0.24543770068678364,2.9013293036099137,2.9117594751818427,484.0,3642,NOTRIAL
fixation,1049910.2860000134,0.5781818113543771,0.2607859339226376,2.9275332364169033,2.9550642533735796,184.0,3643,NOTRIAL
fixation,1050110.2879999876,0.49585616526504356,0.2482258646438519,2.9134597778320312,2.987501780192057,400.0,3644,NOTRIAL
fixation,1050526.9589999914,0.43557389908366734,0.24450049549341202,2.918668958875868,3.0073699951171875,150.0,3645,NOTRIAL
fixation,1050693.6269999743,0.49165676669640973,0.24713888628916306,2.9005279541015625,2.9498221657492896,183.0,3646,NOTRIAL
fixation,1050926.9639999866,0.5303237617015839,0.3979655891656876,2.737225341796875,2.87742919921875,83.0,3647,NOTRIAL
fixation,1051026.9650000334,0.5261511951684952,0.4085538685321808,2.8012962341308594,2.8826904296875,67.0,3648,NOTRIAL
fixation,1051126.9670000076,0.47263433784246445,0.2211607426404953,2.973675537109375,3.0353347778320314,167.0,3649,NOTRIAL
fixation,1051310.3029999733,0.4350164640280936,0.23215188251601326,2.94606696234809,3.0297775268554688,300.0,3650,NOTRIAL
fixation,1051676.9750000238,0.5921378263405391,0.4037824273109436,2.8029654366629466,2.8787427629743303,117.0,3651,NOTRIAL
fixation,1051826.973999977,0.36232624135234137,0.24616874009370804,2.802825927734375,2.9039265025745737,183.0,3652,NOTRIAL
fixation,1052076.9780000448,0.639707109102836,0.4396344686929996,2.826934814453125,2.839580535888672,217.0,3653,NOTRIAL
fixation,1052426.9850000143,0.505618691444397,0.4006746053695679,2.7104339599609375,,83.0,3654,NOTRIAL
fixation,1052660.3200000525,0.3553218322771567,0.21704242792394426,2.8390226010923034,2.937616984049479,450.0,3655,NOTRIAL
fixation,1053126.990999937,0.3748116056124369,0.2270721231897672,2.773023478190104,2.8818044026692706,250.0,3656,NOTRIAL
fixation,1053393.6610000134,0.4297614797949791,0.23422008082270623,2.750743103027344,2.819837951660156,166.0,3657,NOTRIAL
fixation,1053710.3320000172,0.4701869338750839,0.4199356585741043,2.58060302734375,2.6780517578125,84.0,3658,NOTRIAL
fixation,1053810.3329999447,0.4413757456673516,0.42551029556327397,2.5778978135850696,2.723873562282986,151.0,3659,NOTRIAL
fixation,1053993.672999978,0.5137754099236594,0.42561135027143693,2.650883992513021,2.765957302517361,158.0,3660,NOTRIAL
fixation,1054293.6749999523,0.36619070385183605,0.4121792848621096,2.4468460083007812,2.7339063371930803,109.0,3661,NOTRIAL
fixation,1054577.0149999857,0.414002079855312,0.41140363297679206,2.6208607066761362,2.7903081720525567,184.0,3662,NOTRIAL
fixation,1055310.35800004,0.6791056513786315,0.6848807692527771,2.7533477783203124,,83.0,3663,NOTRIAL
fixation,1055743.6970000267,0.6544669389724731,0.6745035529136658,2.760931396484375,,83.0,3664,NOTRIAL
fixation,1055893.7059999704,0.5017479833215475,0.27914830707013605,2.867770767211914,2.9273448944091798,667.0,3665,NOTRIAL
fixation,1056610.3839999437,0.24386940326760798,0.25742055782500434,2.854335111730239,2.918791827033548,566.0,3666,FIX_CROS
fixation,1057210.39199996,0.21329244545527867,0.33534746297768186,2.900323050362723,2.9618944440569197,116.0,3667,20.1
fixation,1057343.7309999466,0.1883791974849171,0.33040688435236615,2.9018181694878473,2.935762193467882,150.0,3668,20.1
fixation,1057510.401000023,0.2628421772803579,0.3259321174451283,2.879366193498884,2.871246337890625,233.0,3669,20.1
fixation,1057777.0729999542,0.31533047929406166,0.3278370797634125,2.8282445271809897,2.8315048217773438,200.0,3670,20.1
fixation,1057993.7419999838,0.29855075975259143,0.32797295848528546,2.8052266438802085,2.818856133355035,150.0,3671,20.1
fixation,1058160.4119999409,0.34365932941436766,0.31932232826948165,2.8127471923828127,2.834608459472656,166.0,3672,20.1
fixation,1058360.4160000086,0.3974043600834333,0.31920332518907696,2.83352778508113,2.8680865948016825,216.0,3673,20.1
fixation,1058610.4179999828,0.4452576518058777,0.3232737436890602,2.853657531738281,2.883502197265625,166.0,3674,20.1
fixation,1058793.7510000467,0.4867409477631251,0.3211677630742391,2.8424082438151044,2.86607666015625,250.0,3675,20.1
fixation,1059060.4270000458,0.5198297888040543,0.3261140912771225,2.8449188232421876,2.8718505859375,166.0,3676,20.1
fixation,1059260.4270000458,0.5683772303164005,0.32526417821645737,2.8458242416381836,2.863554000854492,266.0,3677,20.1
fixation,1059543.7649999857,0.5415451712906361,0.3315095938742161,2.8408145904541016,2.856630325317383,133.0,3678,20.1
fixation,1059710.4340000153,0.6419146588215461,0.3239841564343526,2.8155071551983175,2.820233858548678,216.0,3679,20.1
fixation,1059960.4370000362,0.6840902003977034,0.322819333937433,2.796664767795139,2.829154120551215,150.0,3680,20.1
fixation,1060127.105000019,0.7208746048537168,0.31726001609455456,2.8125873912464487,2.8367046009410513,184.0,3681,20.1
fixation,1060327.1089999676,0.7056583166122437,0.31798719614744186,2.801380157470703,2.839996337890625,67.0,3682,20.1
fixation,1060410.4440000057,0.7735352456569672,0.3144360512495041,2.837177276611328,2.8830276489257813,333.0,3683,20.1
fixation,1060760.4470000267,0.8087375849485398,0.31163527220487597,2.8847427368164062,2.9047027587890626,166.0,3684,20.1
fixation,1060943.7819999456,0.8353544523318609,0.3109061121940613,2.8892059326171875,2.9044952392578125,100.0,3685,20.1
fixation,1061127.1200000048,0.2363938421010971,0.3937470823526382,2.8055572509765625,2.9247039794921874,84.0,3686,20.1
fixation,1061277.1210000515,0.19873745265332135,0.41867779330773786,2.850003329190341,2.940768155184659,184.0,3687,20.1
fixation,1061477.1239999533,0.24038296396082098,0.40213330631906335,2.7563892711292612,2.837697809392756,184.0,3688,20.1
fixation,1061677.125,0.299459960598212,0.40066416561603546,2.68618891789363,2.7691450852614183,217.0,3689,20.1
fixation,1061927.1289999485,0.34018230782105374,0.39887840358110577,2.663280780498798,2.7462850717397838,217.0,3690,20.1
fixation,1062177.131000042,0.37518883439210743,0.3958090990781784,2.684605525090144,2.718042226938101,217.0,3691,20.1
fixation,1062427.1349999905,0.43389540041486424,0.3974301467339198,2.7045809427897134,2.725482940673828,200.0,3692,20.1
fixation,1062660.4720000029,0.4844704848878524,0.3996938221594867,2.707707124597886,2.7941526525160847,283.0,3693,20.1
fixation,1062960.4730000496,0.5279302949255164,0.4031655869700692,2.730843283913352,2.8378254283558237,183.0,3694,20.1
fixation,1063160.476999998,0.5887240891655287,0.40141890818874043,2.7535807291666665,2.806959788004557,200.0,3695,20.1
fixation,1063393.8159999847,0.6232277819743524,0.4044788686128763,2.7691849928635817,2.8294137807992787,217.0,3696,20.1
fixation,1063627.1499999762,0.6757366448640824,0.4114617511630058,2.798846435546875,2.8292510986328123,167.0,3697,20.1
fixation,1063827.1529999971,0.7370058993498484,0.4087313392332622,2.7865513392857144,2.815545218331473,350.0,3698,20.1
fixation,1064193.827000022,0.7826070263981819,0.4082912082473437,2.800431569417318,2.8159764607747397,200.0,3699,20.1
fixation,1064410.4980000257,0.8082508941491445,0.41126559178034466,2.8133570353190103,2.7918802897135415,208.0,3700,20.1
fixation,1064860.5069999695,0.19159464431660517,0.531835172857557,,2.8652354649135043,233.0,3701,20.1
fixation,1065177.1779999733,0.2426683571603563,0.5201939741770426,,2.730136447482639,150.0,3702,20.1
fixation,1065577.1870000362,0.31859948933124543,0.488985201716423,2.5255355834960938,2.71387939453125,84.0,3703,20.1
fixation,1065693.8539999723,0.38521928272464057,0.48290194977413525,2.538524627685547,2.6280059814453125,183.0,3704,20.1
fixation,1065893.8600000143,0.39072670340538024,0.4629406869411469,2.56951904296875,2.60032958984375,83.0,3705,20.1
fixation,1066043.8619999886,0.4980613241593043,0.4864535116487079,2.550811767578125,2.6542527940538196,150.0,3706,20.1
fixation,1066410.5349999666,0.6043702239791552,0.49427052463094395,2.681615193684896,2.692712148030599,200.0,3707,20.1
fixation,1066643.8710000515,0.6467341423034668,0.49730982556939124,2.7199447631835936,2.6674781799316407,333.0,3708,20.1
fixation,1066993.878000021,0.6958116590976715,0.5020216897130012,2.7147750854492188,2.6508743286132814,167.0,3709,20.1
fixation,1067177.2170000076,0.7335155497897755,0.49818543818863953,2.702217795632102,2.666709206321023,184.0,3710,20.1
fixation,1067377.2180000544,0.7745262771844864,0.49563381969928744,2.7011688232421873,2.6868072509765626,167.0,3711,20.1
fixation,1067560.55400002,0.8194741547107697,0.4942358464002609,2.6844192504882813,2.6997726440429686,166.0,3712,20.1
fixation,1067860.5590000153,0.30040016025304794,0.598604291677475,,2.713420867919922,66.0,3713,20.1
fixation,1067960.5590000153,0.2535211071372032,0.6182823479175568,,2.7435741424560547,133.0,3714,20.1
fixation,1068110.5629999638,0.3172433202465375,0.6008299241463343,,2.638250986735026,200.0,3715,20.1
fixation,1068477.2369999886,0.37044552465279895,0.6001327633857727,,2.5959574381510415,100.0,3716,20.1
fixation,1068593.9060000181,0.45471780214990887,0.6017341869218009,,2.6414925711495534,117.0,3717,20.1
fixation,1068727.2400000095,0.4692305475473404,0.5948553383350372,2.435078938802083,2.648509979248047,67.0,3718,20.1
fixation,1068877.2419999838,0.4260438084602356,0.6015018423398336,,2.6890665690104165,100.0,3719,20.1
fixation,1069093.9110000134,0.5592101216316223,0.6041069726149241,2.644712175641741,2.76729498969184,150.0,3720,NOTRIAL
fixation,1069293.9140000343,0.5938288900587294,0.23441658665736517,2.9001702202690973,2.947324964735243,150.0,3721,NOTRIAL
fixation,1069460.5809999704,0.6413138434290886,0.24201351776719093,2.84466552734375,2.902069091796875,200.0,3722,NOTRIAL
fixation,1069677.25,0.6156563195917342,0.2470221511191792,2.8186747233072915,2.8718634711371527,150.0,3723,NOTRIAL
fixation,1069843.9160000086,0.5805258828660717,0.2551337976170623,2.867456850798234,2.8884648862092392,383.0,3724,NOTRIAL
fixation,1070260.5870000124,0.568886841336886,0.46038385294377804,2.8120530446370444,2.8162320454915366,400.0,3725,NOTRIAL
fixation,1070677.2569999695,0.5079693105071783,0.43667107447981834,2.820026397705078,2.8800411224365234,134.0,3726,NOTRIAL
fixation,1070843.9240000248,0.585459264425131,0.26184559154968995,2.958971463716947,2.957116933969351,217.0,3727,NOTRIAL
fixation,1071077.2580000162,0.6442365603787559,0.24682229189645677,2.8795027959914434,2.898920694986979,350.0,3728,NOTRIAL
fixation,1071510.5959999561,0.5231301456689834,0.43456701189279556,2.697712707519531,2.8094024658203125,166.0,3729,NOTRIAL
fixation,1071693.932000041,0.5116421603842786,0.4405838949115653,2.749194496556332,2.846115915398849,633.0,3730,NOTRIAL
fixation,1072427.2660000324,0.5483944594860077,0.6487708628177643,2.6200218200683594,2.695623779296875,84.0,3731,NOTRIAL
fixation,1072543.9329999685,0.6604642912745475,0.696215545386076,2.775833511352539,2.7717411041259767,667.0,3732,NOTRIAL
fixation,1073260.6059999466,0.6228754858175913,0.23338343997796376,2.922063191731771,2.954795328776042,250.0,3733,NOTRIAL
fixation,1073543.9409999847,0.5030660604437193,0.28910012791554135,2.8861605326334634,2.9835535685221353,200.0,3734,NOTRIAL
fixation,1073777.2769999504,0.6195946117242177,0.29774428804715475,2.9972880045572916,3.033402506510417,250.0,3735,NOTRIAL
fixation,1074060.6139999628,0.6707702679712264,0.443375366877337,2.938301711785989,2.904356409291752,1016.0,3736,NOTRIAL
fixation,1075427.300999999,0.5191017497669567,0.3493306122042916,2.825765436345881,2.865773981267756,184.0,3737,NOTRIAL
fixation,1075643.9750000238,0.5194227732717991,0.41852501779794693,2.702150344848633,2.834178924560547,133.0,3738,NOTRIAL
fixation,1075793.9780000448,0.5298639871180058,0.43545606173574924,2.729333060128348,2.8540916442871094,133.0,3739,14
fixation,1075960.6440000534,0.5098762086459568,0.2837897539138794,2.8533107212611606,2.941229684012277,116.0,3740,14
fixation,1076110.6490000486,0.42288923476423534,0.2712003524814333,2.780597141810826,2.887544904436384,233.0,3741,14
fixation,1076360.6540000439,0.4459951650351286,0.2768540121614933,2.7044525146484375,2.775991439819336,133.0,3742,14
fixation,1076527.3220000267,0.5030358648962445,0.28002699878480697,2.7110087076822915,2.7795952690972223,150.0,3743,14
fixation,1076693.990999937,0.5528645548555586,0.28152478900220657,2.7632887098524304,2.7808430989583335,150.0,3744,14
fixation,1076860.6599999666,0.5953736868169572,0.2832534561554591,2.8465711805555554,2.8636915418836804,150.0,3745,14
fixation,1077027.3320000172,0.5655844463751867,0.28366342645425063,2.86630131648137,2.9667464036207933,217.0,3746,14
fixation,1077277.3359999657,0.5038992883982482,0.37822786194306834,2.7656012641059027,2.9155137803819446,450.0,3747,14
fixation,1077744.0099999905,0.48087700953086215,0.369722409794728,2.6031214396158853,2.7606074015299478,200.0,3748,14
fixation,1077960.67900002,0.45888759394486744,0.3981354186932246,2.533089192708333,2.7038472493489585,250.0,3749,14
fixation,1078460.6870000362,0.5048336150015101,0.31708233672029834,2.6865036908318016,2.7794521556181064,283.0,3750,14
fixation,1078777.3589999676,0.4742453272144,0.29424720754226047,2.6091028849283853,2.7181879679361978,100.0,3751,14
fixation,1081044.074000001,0.49034648802545333,0.36732952959007686,2.5858402252197266,2.7192314995659723,150.0,3752,14
fixation,1082285.763999939,0.525600937279788,0.3815939588980241,2.6965422196821733,2.810911698774858,367.0,3753,14
fixation,1082685.773000002,0.5949511229991913,0.3001444660700284,2.6931680532602162,2.6820843036358175,217.0,3754,14
fixation,1082935.7779999971,0.5520607656554172,0.2871465988849339,2.62801120155736,2.662068015650699,633.0,3755,14
fixation,1083635.7929999828,0.5135704403122267,0.395614439000686,2.601857965642756,2.793731689453125,200.0,3756,FIX_CROS
fixation,1083985.7999999523,0.3814003832381347,0.21358619013736987,2.833140932280442,2.904277406889817,475.0,3757,FIX_CROS
fixation,1084502.4759999514,0.2444783691316843,0.22286951821297407,2.733243942260742,2.8421669006347656,133.0,3758,14.1
fixation,1084652.4780000448,0.19780316534969541,0.23555353863371742,2.7141248914930554,2.8420291476779513,150.0,3759,14.1
fixation,1084835.8109999895,0.2465632344995226,0.23731902986764908,2.6922520228794644,2.8335702078683034,117.0,3760,14.1
fixation,1084985.814999938,0.35018141161311755,0.23128797926686026,2.6836201060901987,2.7374739213423296,183.0,3761,14.1
fixation,1085185.817999959,0.40037243387528826,0.2373552748135158,2.7194856916155135,2.7829927716936385,233.0,3762,14.1
fixation,1085435.824000001,0.4664206251502037,0.23644902408123017,2.739483642578125,2.793742370605469,167.0,3763,14.1
fixation,1085619.159000039,0.5216524411331523,0.23701567880131982,2.7837579900568183,2.834164706143466,184.0,3764,14.1
fixation,1085819.1640000343,0.5657720863819122,0.24354922398924828,2.820850372314453,2.8187313079833984,134.0,3765,14.1
fixation,1085969.1649999619,0.6202332203586897,0.24640024763842425,2.8125025431315103,2.825506846110026,200.0,3766,14.1
fixation,1086185.8359999657,0.6727932678616565,0.23985289393559747,2.7908013385275137,2.793543940005095,383.0,3767,14.1
fixation,1086602.5089999437,0.7165466517210006,0.23588106259703637,2.770335388183594,2.8008026123046874,166.0,3768,14.1
fixation,1086802.5130000114,0.7629147526763734,0.23525799349659965,2.809168497721354,2.8462379092261907,350.0,3769,14.1
fixation,1087169.1870000362,0.7981207306895938,0.24014171745095933,2.862738473074777,2.8933933803013394,234.0,3770,14.1
fixation,1087485.8569999933,0.23293496455465043,0.29714066215923857,2.7492196219308034,2.9116319928850447,117.0,3771,14.1
fixation,1087619.1859999895,0.1875822561291548,0.3143871667293402,2.7257620004507213,2.887286846454327,217.0,3772,14.1
fixation,1087852.5299999714,0.23833343546305383,0.3109632709196636,2.6207046508789062,2.7925589425223216,233.0,3773,14.1
fixation,1088135.8680000305,0.29367319281612125,0.29324532619544436,2.5610754830496654,2.7088797433035716,233.0,3774,14.1
fixation,1088535.8739999533,0.2631347179412842,0.2962751214702924,2.5476786295572915,2.7528889973958335,100.0,3775,14.1
fixation,1088652.5429999828,0.33034969369570416,0.3019521397848924,2.5986099243164062,2.716658274332682,200.0,3776,14.1
fixation,1088885.881000042,0.3812382242509297,0.3089259724531855,2.649602617536272,2.8020477294921875,233.0,3777,14.1
fixation,1089135.8869999647,0.43200512528419494,0.3041739359498024,2.693342590332031,2.809040832519531,167.0,3778,14.1
fixation,1089335.8930000067,0.49460742266281793,0.31111421014951623,2.6634839928668477,2.758589371390965,383.0,3779,14.1
fixation,1089735.9029999971,0.5385894392217908,0.3123538728271212,2.6399972098214284,2.679583958217076,233.0,3780,14.1
fixation,1089985.9049999714,0.522703699090264,0.3129473220218312,2.6117428866299717,2.6593156294389204,183.0,3781,14.1
fixation,1090202.577000022,0.564897362481464,0.32070019096136093,2.6827205311168325,2.7047625454989346,366.0,3782,14.1
fixation,1090585.919999957,0.4974096596240997,0.31762819811701776,2.7200172424316404,2.816803741455078,341.0,3783,14.1
fixation,1091052.5980000496,0.569397434592247,0.331550029416879,2.799219767252604,2.855804443359375,100.0,3784,14.1
fixation,1091302.6039999723,0.6151955085141319,0.3268190004995891,2.867374965122768,2.9244537353515625,116.0,3785,14.1
fixation,1091435.939999938,0.653648154437542,0.3240428201854229,2.934362030029297,2.962288665771484,333.0,3786,14.1
fixation,1091785.9479999542,0.6878062976258141,0.32757109510047094,2.788122994559152,2.7952651977539062,233.0,3787,14.1
fixation,1092035.9509999752,0.7345178978783744,0.32192225541387287,2.766759599958147,2.784259251185826,233.0,3788,14.1
fixation,1092285.9579999447,0.700371672709783,0.3217468112707138,2.7662378946940103,2.814692179361979,100.0,3789,14.1
fixation,1092419.2960000038,0.8070337409558503,0.3263364511987437,2.883775793987772,2.9047234576681387,384.0,3790,14.1
fixation,1092819.30400002,0.82591562718153,0.33189408853650093,2.9689483642578125,2.945964813232422,67.0,3791,14.1
fixation,1093035.976999998,0.2509939055889845,0.3494882397353649,2.6396522521972656,2.9603500366210938,67.0,3792,14.1
fixation,1093119.3109999895,0.1795707792043686,0.4155240058898926,,2.9872970581054688,67.0,3793,14.1
fixation,1093269.3159999847,0.17686412930488588,0.40512887835502626,,2.9077850341796876,84.0,3794,14.1
fixation,1093469.3200000525,0.21558685494320734,0.3680367576224463,2.5544865926106772,2.7464447021484375,117.0,3795,14.1
fixation,1093652.6569999456,0.2711831753452619,0.37528201565146446,2.432203928629557,2.6293843587239585,200.0,3796,14.1
fixation,1093885.9960000515,0.31468613632023335,0.38812560960650444,2.529796600341797,2.598787307739258,133.0,3797,14.1
fixation,1094069.3350000381,0.2894023035963376,0.3863736093044281,2.5671412150065103,2.7095616658528647,101.0,3798,14.1
fixation,1094186.003000021,0.26569149270653725,0.3874547965824604,2.5398712158203125,2.778636932373047,67.0,3799,14.1
fixation,1094319.3370000124,0.30953111605984823,0.38534796770129887,2.636622837611607,2.752437046595982,233.0,3800,14.1
fixation,1094569.340999961,0.35840922788433405,0.39171710027300793,2.6572046694548233,2.836919369904891,383.0,3801,14.1
fixation,1094969.3470000029,0.42583535611629486,0.385832566767931,2.6424484252929688,2.780160903930664,133.0,3802,14.1
fixation,1095119.3500000238,0.3785536338885625,0.3969450079732471,2.666319105360243,2.7754753960503473,150.0,3803,14.1
fixation,1095286.0160000324,0.3622407830423779,0.3903114034069909,2.591239081488715,2.788874308268229,150.0,3804,14.1
fixation,1095452.6890000105,0.40977327339351177,0.3910261932760477,2.6244373321533203,2.7906665802001953,133.0,3805,14.1
fixation,1095719.3600000143,0.47459426191118026,0.3807809551556905,2.6332465277777777,2.817440456814236,142.0,3806,14.1
fixation,1095902.6970000267,0.5342036154535081,0.39664602776368457,2.723030938042535,2.8051079644097223,150.0,3807,14.1
fixation,1096069.3680000305,0.509546153820478,0.39967918395996094,2.6848109318659854,2.7757638784555287,216.0,3808,14.1
fixation,1096369.3710000515,0.558030690997839,0.41563244722783566,2.7331295013427734,2.7695465087890625,133.0,3809,14.1
fixation,1096602.7089999914,0.5986420437693596,0.4358743876218796,2.7360687255859375,2.7317771911621094,67.0,3810,14.1
fixation,1096802.7120000124,0.6022107965416379,0.42670341001616585,2.7986636691623263,2.8144938151041665,150.0,3811,14.1
fixation,1096986.0490000248,0.6517976110889798,0.41056794282935916,2.8294525146484375,2.8049817766462053,350.0,3812,14.1
fixation,1097369.3880000114,0.7113724946975708,0.41078201681375504,2.709757995605469,2.702558898925781,166.0,3813,14.1
fixation,1097552.726999998,0.7560013647262867,0.4131670491053508,2.717908419095553,2.7104633037860575,217.0,3814,14.1
fixation,1097802.7289999723,0.8200799253853884,0.40208411758596246,2.7223746559836646,2.7233650901100854,183.0,3815,14.1
fixation,1098069.3999999762,0.21898813462919658,0.5073726938830482,2.55450439453125,2.7881893581814237,150.0,3816,14.1
fixation,1098236.067999959,0.18940086662769318,0.5225738627570016,2.528045654296875,2.8025610787527904,234.0,3817,14.1
fixation,1098702.743999958,0.30621086404873776,0.4682628374833327,2.3356864235617896,2.6153646615835338,217.0,3818,14.1
fixation,1099102.7519999743,0.35308376252651213,0.46463599503040315,2.3834228515625,2.63115234375,83.0,3819,14.1
fixation,1099569.4340000153,0.4469852234636034,0.47582357483250753,2.5328892299107144,2.6533682686941966,116.0,3820,14.1
fixation,1099769.4359999895,0.4698706120252609,0.4817107048901645,2.5903350830078127,2.704367897727273,183.0,3821,14.1
fixation,1099969.4440000057,0.524465893705686,0.4862389328579108,2.562952677408854,2.6277872721354165,200.0,3822,14.1
fixation,1100186.1150000095,0.5728121956189474,0.47509792546431223,2.6185597737630206,2.551397705078125,250.0,3823,14.1
fixation,1100469.4579999447,0.6371314972639084,0.49631923288106916,2.6509429931640627,2.6068466186523436,166.0,3824,14.1
fixation,1100652.7970000505,0.6186101734638214,0.4990164488554001,2.662029266357422,2.602942148844401,200.0,3825,14.1
fixation,1100869.4700000286,0.6666378147072263,0.5074937409824796,2.694100273980035,2.6470167371961804,150.0,3826,14.1
fixation,1101052.8079999685,0.7157472570737203,0.50326993688941,2.709486643473307,2.6711514790852866,200.0,3827,14.1
fixation,1101286.1499999762,0.780056668953462,0.5075757842172276,2.7441475608132104,2.7048506303267046,184.0,3828,14.1
fixation,1101486.1540000439,0.817683552702268,0.516465867559115,2.7428461710611978,2.7485224405924478,100.0,3829,14.1
fixation,1101669.493999958,0.21232002042233944,0.6112628355622292,,2.737995147705078,133.0,3830,14.1
fixation,1101819.4989999533,0.19098916764442736,0.6265252003302941,,2.7531515268179088,216.0,3831,14.1
fixation,1102052.83799994,0.25011800344173724,0.5986409462415255,,2.658002413236178,217.0,3832,14.1
fixation,1102286.1779999733,0.23999574449327257,0.6120977335506015,,2.6392686631944446,150.0,3833,14.1
fixation,1102452.851999998,0.3001269911016737,0.5978352470057351,,2.626314435686384,233.0,3834,14.1
fixation,1102802.8600000143,0.34186207396643503,0.6030893836702619,,2.6642957414899553,117.0,3835,14.1
fixation,1103002.8650000095,0.33871205647786456,0.5976791911655002,,2.66213141547309,150.0,3836,14.1
fixation,1103202.871999979,0.31937833768980844,0.5734339697020394,2.1904449462890625,2.6358838762555803,117.0,3837,14.1
fixation,1103419.544999957,0.5188213090101877,0.6014719903469086,,2.5299962361653647,100.0,3838,14.1
fixation,1103652.8839999437,0.46052705428817053,0.6253740570761941,,2.658437555486506,183.0,3839,14.1
fixation,1104036.2289999723,0.5202354416251183,0.5604615956544876,,2.5433349609375,67.0,3840,14.1
fixation,1104186.2309999466,0.4493275334437688,0.6139070292313894,,2.6685892740885415,100.0,3841,14.1
fixation,1104302.8990000486,0.5392920672893524,0.5623141378164291,,2.5522232055664062,67.0,3842,14.1
fixation,1104502.8999999762,0.5868246555328369,0.5628240779042244,2.6622314453125,2.590688705444336,133.0,3843,14.1
fixation,1104702.9069999456,0.649444195357236,0.599387607791207,2.721488259055398,2.715696855024858,183.0,3844,14.1
fixation,1104919.5759999752,0.7107117380946875,0.5918417628854513,2.73537540435791,2.710049629211426,266.0,3845,14.1
fixation,1105219.5839999914,0.76784129275216,0.6029498941368527,2.772952609592014,2.778810289171007,150.0,3846,14.1
fixation,1105386.253000021,0.8387771465561606,0.608697539026087,2.8182497891512783,2.8549402410333804,184.0,3847,14.1
fixation,1105719.5930000544,0.513425387442112,0.6423741802573204,,2.6223888397216797,133.0,3848,14.1
fixation,1105902.9279999733,0.49075327068567276,0.6453342139720917,,2.6027488708496094,67.0,3849,14.1
fixation,1106152.932000041,0.47927765796581906,0.2243550606071949,2.802361806233724,2.806293487548828,200.0,3850,NOTRIAL
fixation,1106486.2710000277,0.3852433040738106,0.2293148199096322,2.7524471282958984,2.8165760040283203,126.0,3851,NOTRIAL
fixation,1106752.9440000057,0.635315390303731,0.24165735859423876,2.8174705505371094,2.816600799560547,267.0,3852,NOTRIAL
fixation,1107036.2819999456,0.5770058318972587,0.24880833588540555,2.9116607666015626,2.898516082763672,334.0,3853,NOTRIAL
fixation,1107402.9539999962,0.5792541285355886,0.3969705174366633,2.8571126302083334,2.8621144612630207,250.0,3854,NOTRIAL
fixation,1107669.628000021,0.5783572689346645,0.43430294226045196,2.8825477931810464,2.8587739363960596,383.0,3855,NOTRIAL
fixation,1108069.6380000114,0.634805909611962,0.46384268457239325,2.8798384232954546,2.8820675936612217,183.0,3856,NOTRIAL
fixation,1108286.3059999943,0.5055245930949847,0.4665197833544678,2.863716973198785,2.8599828084309897,600.0,3857,NOTRIAL
fixation,1108902.9759999514,0.4824603514538871,0.6370642516348097,2.8686116536458335,2.848849826388889,150.0,3858,NOTRIAL
fixation,1109086.3129999638,0.6520556550134312,0.7170525328679518,2.9364471435546875,2.9938500144264917,367.0,3859,NOTRIAL
fixation,1109502.9980000257,0.5672486208636185,0.2509749359611807,2.9681664828596444,3.003257488382274,484.0,3860,NOTRIAL
fixation,1110019.675999999,0.6389179338108409,0.23020879856564783,2.832341280850497,2.868071122602983,367.0,3861,NOTRIAL
fixation,1110436.3420000076,0.4994564367966218,0.37703923745588824,2.877553766424006,2.9221760142933237,183.0,3862,FIX_CROS
fixation,1110669.6829999685,0.3423646677817617,0.23778633400797844,2.862892514183408,2.8914871215820312,700.0,3863,FIX_CROS
fixation,1111419.702000022,0.23277869820594788,0.28323574662208556,2.7402099609375,2.771697998046875,83.0,3864,14.2
fixation,1111519.7100000381,0.20374596520112112,0.2923400608392862,2.708179180438702,2.758905264047476,217.0,3865,14.2
fixation,1111753.0490000248,0.25075086748058145,0.2842277938669378,2.6843497536399146,2.732054276899858,184.0,3866,14.2
fixation,1111969.7200000286,0.30576607088247937,0.2847991995513439,2.6548550923665366,2.6641159057617188,200.0,3867,14.2
fixation,1112186.3930000067,0.3424927837082318,0.2803690220628466,2.649705069405692,2.6496985299246654,233.0,3868,14.2
fixation,1112436.3999999762,0.37426842914687264,0.2825118684106403,2.6610904269748263,2.6862996419270835,150.0,3869,14.2
fixation,1112619.7369999886,0.4231155216693878,0.2836132036014037,2.681173151189631,2.727938565340909,183.0,3870,14.2
fixation,1112836.409000039,0.49537083162711215,0.28107100381301,2.7035017747145433,2.718126737154447,216.0,3871,14.2
fixation,1113069.7489999533,0.4404451440681111,0.2910074862566861,2.6768035888671875,2.72198486328125,183.0,3872,14.2
fixation,1113269.7519999743,0.5010774706800779,0.289238137503465,2.6941909790039062,2.686335245768229,100.0,3873,14.2
fixation,1113386.4220000505,0.5780265132586161,0.2876524006326993,2.6881866455078125,2.7325401306152344,200.0,3874,14.2
fixation,1113603.0939999819,0.5597989037632942,0.2825768254697323,2.6946468353271484,2.735666275024414,134.0,3875,14.2
fixation,1113753.0980000496,0.6443282996906954,0.2797228851739098,2.7004232967601105,2.7342529296875,284.0,3876,14.2
fixation,1114069.769999981,0.6885703274836907,0.2793248559419925,2.679075974684495,2.69790532038762,217.0,3877,14.2
fixation,1114303.1089999676,0.7390564646985796,0.27873729914426804,2.669343736436632,2.7020704481336804,300.0,3878,14.2
fixation,1114619.7799999714,0.7738306456142001,0.28107095261414844,2.699981689453125,2.7544623480902777,150.0,3879,14.2
fixation,1114786.4509999752,0.8229832475384077,0.27543044338623685,2.7171351114908853,2.7594579060872397,200.0,3880,14.2
fixation,1115069.7890000343,0.24759652891329356,0.3754987908261163,2.7394627162388394,2.822259085518973,117.0,3881,14.2
fixation,1115219.7910000086,0.20079812904198965,0.3824907958507538,2.765572102864583,2.8078399658203126,250.0,3882,14.2
fixation,1115486.46299994,0.25487440824508667,0.3731425533692042,2.6941131591796874,2.699995930989583,250.0,3883,14.2
fixation,1115753.1380000114,0.29166320179189953,0.37297278571696507,2.6336226690383184,2.6579451788039434,350.0,3884,14.2
fixation,1116119.8079999685,0.3410553891550411,0.36738057840954175,2.599519209428267,2.6511077880859375,183.0,3885,14.2
fixation,1116319.8109999895,0.37496568262577057,0.3692674279212952,2.611592102050781,2.656201171875,167.0,3886,14.2
fixation,1116503.148000002,0.41386281947294873,0.3609127576152484,2.5862693786621094,2.6506678263346353,200.0,3887,14.2
fixation,1116719.8159999847,0.458762193719546,0.3681168792148431,2.6189549763997397,2.6277542114257812,200.0,3888,14.2
fixation,1116936.4880000353,0.5097546726465225,0.3685055651835033,2.6362642560686385,2.6454696655273438,233.0,3889,14.2
fixation,1117186.493999958,0.5498969443142414,0.37546985782682896,2.6751136779785156,2.70352840423584,266.0,3890,14.2
fixation,1117486.5,0.6118058616464789,0.36784389344128693,2.701662930575284,2.728658502752131,183.0,3891,14.2
fixation,1117686.5049999952,0.5845824827750524,0.376987266043822,2.7358004252115884,2.745408376057943,200.0,3892,14.2
fixation,1117919.8430000544,0.6754429658253988,0.37150110403696696,2.7812906901041665,2.810846964518229,250.0,3893,14.2
fixation,1118203.1829999685,0.7263941275221961,0.364487461745739,2.7625318254743303,2.8218776157924106,234.0,3894,14.2
fixation,1118453.1870000362,0.7690885215997696,0.36342585552483797,2.750535011291504,2.7837133407592773,267.0,3895,14.2
fixation,1118736.5240000486,0.7596132814884186,0.35704748034477235,2.7165618896484376,2.750616455078125,83.0,3896,14.2
fixation,1118853.192999959,0.8149962164461613,0.3480996936559677,2.711578369140625,2.728403091430664,134.0,3897,14.2
fixation,1119219.865999937,0.20993171570201716,0.4591495196024577,2.651952107747396,2.799602508544922,200.0,3898,14.2
fixation,1119436.5379999876,0.2624166499484669,0.44036858867515216,2.570118713378906,2.640175559303977,183.0,3899,14.2
fixation,1119719.878000021,0.317367947101593,0.43122010231018065,2.4023468017578127,2.5580322265625,83.0,3900,14.2
fixation,1119853.21299994,0.3831239603459835,0.43385674618184566,2.470208304268973,2.59033203125,134.0,3901,14.2
fixation,1120019.8830000162,0.36017754425605136,0.43736611555020016,2.4761199951171875,2.6312459309895835,200.0,3902,14.2
fixation,1120253.2230000496,0.39839470088481904,0.43931121528148653,2.4591751098632812,2.6144332885742188,167.0,3903,14.2
fixation,1120436.5609999895,0.45342303564151126,0.4435715265572071,2.5109163920084634,2.5508384704589844,200.0,3904,14.2
fixation,1120669.9029999971,0.49041294019955856,0.44771428406238556,2.5218059833233175,2.596644474909856,217.0,3905,14.2
fixation,1120919.8999999762,0.5441284080346426,0.4410056248307228,2.5312894185384116,2.6017252604166665,200.0,3906,14.2
fixation,1121153.2400000095,0.6016050256215609,0.4400700858006111,2.556500948392428,2.5861006516676683,217.0,3907,14.2
fixation,1121403.2489999533,0.645609743320025,0.4544671636361342,2.656895564152644,2.6526712270883412,217.0,3908,14.2
fixation,1121636.5900000334,0.6996557116508484,0.45523758232593536,2.6803855895996094,2.675969441731771,200.0,3909,14.2
fixation,1121853.2599999905,0.7493148520588875,0.45717803612351415,2.6885032653808594,2.664641571044922,334.0,3910,14.2
fixation,1122203.2680000067,0.7890374700228373,0.45142342845598854,2.6867218017578125,2.676444498697917,250.0,3911,14.2
fixation,1122536.60800004,0.24375741370022297,0.5705093964934349,,2.7617225646972656,133.0,3912,14.2
fixation,1122703.2799999714,0.20571756769310345,0.5696149360049855,,2.7405867143110796,184.0,3913,14.2
fixation,1122919.9500000477,0.26467342860996723,0.5706498064100742,2.027618408203125,2.65567684173584,267.0,3914,14.2
fixation,1123203.2890000343,0.31189265350500744,0.5493952433268229,2.025665283203125,2.609125773111979,100.0,3915,14.2
fixation,1123403.291999936,0.3592347726225853,0.5403987814982733,2.258895874023437,2.567185719807943,200.0,3916,14.2
fixation,1123936.6399999857,0.46072114791188923,0.5353463206972394,,2.5717686244419644,116.0,3917,14.2
fixation,1124069.9750000238,0.5182866454124451,0.5416219333807627,2.4820953369140626,2.5745519002278647,100.0,3918,14.2
fixation,1124336.6490000486,0.5600057569417086,0.5523952706293627,2.549150085449219,2.559377496892756,183.0,3919,14.2
fixation,1124536.6519999504,0.609177976846695,0.5417518556118012,2.5902328491210938,2.5426422119140626,83.0,3920,14.2
fixation,1124653.3190000057,0.6153608113527298,0.5294016301631927,2.5696182250976562,2.499919891357422,67.0,3921,14.2
fixation,1124803.324000001,0.5897584557533264,0.5474402047693729,2.5911167689732144,2.545186996459961,134.0,3922,14.2
fixation,1124986.659000039,0.6300057470798492,0.5535100102424622,2.617667304144965,2.5436737060546877,166.0,3923,14.2
fixation,1125186.6629999876,0.6920740096008077,0.5531745517955107,2.6541415943818936,2.5631992115693936,283.0,3924,14.2
fixation,1125486.6679999828,0.7463261999867179,0.5544769736853513,2.7132929021661933,2.60491943359375,183.0,3925,14.2
fixation,1125686.6720000505,0.8097078651189804,0.5604728385806084,2.7361669540405273,2.674409866333008,267.0,3926,14.2
fixation,1126020.0130000114,0.3178397536277771,0.664658792813619,,2.72113037109375,250.0,3927,14.2
fixation,1126420.019999981,0.6200512111186981,0.6397725820541382,2.6248870849609376,2.5665191650390624,167.0,3928,14.2
fixation,1126620.026000023,0.7036690451204777,0.6560175232589245,2.6388378143310547,2.633687973022461,134.0,3929,14.2
fixation,1126853.3630000353,0.6832784553368886,0.2863653024037679,2.8205220540364584,2.872889200846354,250.0,3930,NOTRIAL
fixation,1127120.0360000134,0.6529743563045155,0.25594015284018085,2.918978604403409,2.9779621471058237,184.0,3931,NOTRIAL
fixation,1127320.0379999876,0.6381989900882428,0.2558577593702536,2.9160297100360575,2.9069307767427883,217.0,3932,NOTRIAL
fixation,1127570.0410000086,0.6323329291560433,0.4592615596272729,2.8229481090198862,2.7819366455078125,184.0,3933,NOTRIAL
fixation,1127770.0460000038,0.5859669074416161,0.4416707992553711,2.812272644042969,2.832225799560547,334.0,3934,NOTRIAL
fixation,1128120.050999999,0.6449989403997148,0.45594024913651604,2.8024915422712056,2.819192940848214,584.0,3935,NOTRIAL
fixation,1128786.73300004,0.6231671035289764,0.592659854888916,2.75181884765625,2.777655029296875,83.0,3936,NOTRIAL
fixation,1128903.4019999504,0.583917886018753,0.4798847198486328,2.808116149902344,2.8653350830078126,166.0,3937,NOTRIAL
fixation,1129086.7369999886,0.5797551472981771,0.450231628285514,2.8566691080729165,2.919158935546875,150.0,3938,NOTRIAL
fixation,1129270.0750000477,0.6573778482583853,0.4526076110509726,2.866283710186298,2.8584019587590146,217.0,3939,NOTRIAL
fixation,1129753.4179999828,0.635708726114697,0.6926819682121277,2.7760755750868054,2.764316134982639,150.0,3940,NOTRIAL
fixation,1129920.0870000124,0.6610981250802676,0.7082671125729879,2.816198984781901,2.7493019104003906,400.0,3941,NOTRIAL
fixation,1130336.7619999647,0.664311558008194,0.7005307376384735,2.7483639187282987,2.6981201171875,167.0,3942,NOTRIAL
fixation,1130570.1000000238,0.6441336167710168,0.36740140510456903,2.804691859654018,2.8179212297712053,234.0,3943,NOTRIAL
fixation,1130820.1059999466,0.6342762311299642,0.2377240389585495,2.829698689778646,2.873377482096354,250.0,3944,NOTRIAL
fixation,1131103.442999959,0.5119260644370859,0.3194863091815602,2.8238677978515625,2.911126570268111,366.0,3945,NOTRIAL
fixation,1131503.4500000477,0.6469567186302609,0.4249548373950852,2.845353020562066,2.852521684434679,600.0,3946,NOTRIAL
fixation,1132203.4639999866,0.5627868175506592,0.6268226683139801,2.6547393798828125,2.7854949951171877,83.0,3947,NOTRIAL
fixation,1132436.797999978,0.5144812352955341,0.3870388511568308,2.7586612701416016,2.8712997436523438,133.0,3948,NOTRIAL
fixation,1132586.8029999733,0.5157202333211899,0.43039066791534425,2.770216369628906,2.8663421630859376,167.0,3949,NOTRIAL
fixation,1132770.1430000067,0.5306758973747492,0.43976164795458317,2.743257522583008,2.848586082458496,267.0,3950,9
fixation,1133103.476999998,0.2800678052008152,0.804054506123066,,2.6931400299072266,133.0,3951,9
fixation,1133253.48300004,0.2538912147283554,0.8239375501871109,,2.7637176513671875,66.0,3952,9
fixation,1133336.817999959,0.2537185177206993,0.8087958544492722,,2.7653274536132812,67.0,3953,9
fixation,1133503.4869999886,0.31485118468602497,0.8027431865533193,,2.7669550577799478,100.0,3954,9
fixation,1134703.5099999905,0.7016205489635468,0.8352105170488358,2.8535499572753906,,66.0,3955,9
fixation,1134853.5119999647,0.7499797567725182,0.8188826590776443,2.8727283477783203,2.8443734305245534,133.0,3956,9
fixation,1135053.5160000324,0.4789878197691657,0.38448210060596466,2.9324521151455967,3.017727938565341,183.0,3957,9
fixation,1135253.5210000277,0.45323379933834074,0.40980040803551676,2.866629791259766,2.934758758544922,333.0,3958,9
fixation,1135620.19599998,0.5398054994069613,0.3781867611866731,2.8735891488882213,2.9414097712590146,217.0,3959,9
fixation,1135870.2000000477,0.5037493072450161,0.5219833962619305,2.7609825134277344,2.873722076416015,67.0,3960,9
fixation,1135970.2000000477,0.4986111596226692,0.5511626973748207,2.7194747924804688,2.868915557861328,67.0,3961,9
fixation,1136070.205000043,0.5024721205234528,0.5538418710231781,2.7111328125,2.883929443359375,84.0,3962,9
fixation,1136203.5399999619,0.621590112384997,0.44885557889938354,2.823276720548931,2.811596519068668,316.0,3963,9
fixation,1136553.5470000505,0.5816115387108015,0.29397371670474176,2.798070492951766,2.851293812627378,383.0,3964,9
fixation,1136953.5549999475,0.5297711450945247,0.30876256931911816,2.756143743341619,2.8343637639825996,366.0,3965,9
fixation,1137353.5609999895,0.4563980987843345,0.4099108191097484,2.6455185834099266,2.7410421932444855,283.0,3966,9
fixation,1137653.5659999847,0.44552627612244,0.42416566745801404,2.6233631480823862,2.7231681130149146,183.0,3967,9
fixation,1137870.2430000305,0.39402617514133453,0.5611365437507629,,2.603771209716797,67.0,3968,9
fixation,1137953.5750000477,0.39384623765945437,0.5854629278182983,,2.6672027587890623,83.0,3969,9
fixation,1138053.5759999752,0.3934486359357834,0.5928293615579605,,2.7339706420898438,66.0,3970,9
fixation,1138153.5750000477,0.39000395791871206,0.6032337035451617,,2.756591796875,116.0,3971,9
fixation,1138336.9140000343,0.3942148834466934,0.6164775639772415,,2.7099761962890625,69.0,3972,9
fixation,1138520.25,0.4596509411931038,0.4314907006919384,2.616851806640625,2.748279571533203,66.0,3973,9
fixation,1138620.256000042,0.4587131217122078,0.4253552034497261,2.6167704264322915,2.7355194091796875,100.0,3974,9
fixation,1138736.922999978,0.4052651971578598,0.4118131722013156,2.566864013671875,2.7206598917643228,300.0,3975,9
fixation,1139070.2630000114,0.5316343650221824,0.3711579367518425,2.71370849609375,2.818792724609375,334.0,3976,9
fixation,1139436.9309999943,0.5172104127705097,0.49175290018320084,2.5126285552978516,2.591876983642578,133.0,3977,9
fixation,1139586.932000041,0.47813626875480014,0.6008818546930949,,2.506011962890625,200.0,3978,9
fixation,1140070.2690000534,0.7679514288902283,0.8248397558927536,2.6072120666503906,2.5641117095947266,134.0,3979,9
fixation,1140386.9379999638,0.5441186758024352,0.4024374314716884,2.810178484235491,2.892414093017578,467.0,3980,9
fixation,1140870.2749999762,0.5084697263581412,0.4171448690550668,2.6750902448381697,2.7720533098493303,117.0,3981,FIX_CROS
fixation,1141003.6089999676,0.5069548700537,0.4226022682019642,2.597039358956473,2.712223597935268,124.0,3982,FIX_CROS
fixation,1141370.276000023,0.28722009473833543,0.2230182359444684,2.676867254849138,2.7522193645608835,476.0,3983,FIX_CROS
fixation,1141886.949000001,0.21798834390938282,0.31274283304810524,2.6002674102783203,2.6727542877197266,133.0,3984,9.1
fixation,1142036.949000001,0.19830936565995216,0.31648273952305317,2.5859241485595703,2.669832229614258,133.0,3985,9.1
fixation,1142186.9509999752,0.2521074414253235,0.32454923826914567,2.5625328650841346,2.6590975247896633,217.0,3986,9.1
fixation,1142420.2829999924,0.3012002607186635,0.31478517750899,2.5464197794596353,2.6586697896321616,200.0,3987,9.1
fixation,1142636.9529999495,0.2832574397325516,0.32736101498206455,2.572209676106771,2.659327189127604,100.0,3988,9.1
fixation,1142770.284000039,0.3234135240316391,0.3253867387771606,2.594915771484375,2.6791900634765624,84.0,3989,9.1
fixation,1143003.618999958,0.36321053263686953,0.3161726877802894,2.6966065906343006,2.779782249813988,350.0,3990,9.1
fixation,1143370.2890000343,0.40948632088574494,0.3127045997164466,2.702585393732244,2.752555153586648,184.0,3991,9.1
fixation,1143586.955000043,0.4610046169587544,0.3178269203220095,2.659271240234375,2.7141200474330356,125.0,3992,9.1
fixation,1143820.2910000086,0.46382251630226773,0.31977889438470203,2.6734135945638022,2.7294286092122397,92.0,3993,9.1
fixation,1143936.9589999914,0.42624811828136444,0.3176141877969106,2.650154961480035,2.737862481011285,150.0,3994,9.1
fixation,1144120.2940000296,0.514866156237466,0.32533414555447443,2.6732090541294644,2.758935110909598,234.0,3995,9.1
fixation,1144370.300999999,0.5578720314162118,0.3290997637169702,2.715592520577567,2.794299534388951,234.0,3996,9.1
fixation,1144620.3049999475,0.593333175778389,0.32937287986278535,2.7036819458007812,2.7492446899414062,167.0,3997,9.1
fixation,1144903.64199996,0.5952842500474718,0.3196549481815762,2.723112318250868,2.7679273817274304,150.0,3998,9.1
fixation,1145070.3109999895,0.6399705593402569,0.32737620576069903,2.7753988412710338,2.8115234375,434.0,3999,9.1
fixation,1145520.3220000267,0.6169079740842184,0.3253987655043602,2.7257410685221353,2.7241414388020835,100.0,4000,9.1
fixation,1145653.6579999924,0.6557385817170143,0.3309556573629379,2.7613861083984377,2.7697593688964846,333.0,4001,9.1
fixation,1146020.3320000172,0.6886761486530304,0.3290236994624138,2.8023452758789062,2.8134078979492188,167.0,4002,9.1
fixation,1146203.669999957,0.732205328616229,0.32245180010795593,2.833865079012784,2.872955322265625,183.0,4003,9.1
fixation,1146403.672999978,0.7830143305990431,0.32186126708984375,2.8617367214626737,2.891450670030382,150.0,4004,9.1
fixation,1146587.0080000162,0.7436697060863177,0.3186483730872472,2.849353790283203,2.8972384134928384,200.0,4005,9.1
fixation,1146803.6770000458,0.7804866284132004,0.3250803904873984,2.8720855712890625,2.907568795340402,233.0,4006,9.1
fixation,1147053.6829999685,0.753665934006373,0.32608609199523925,2.848859659830729,2.895580037434896,250.0,4007,9.1
fixation,1147320.3559999466,0.7901378909746806,0.3259705896178881,2.8388397216796877,2.862806193033854,500.0,4008,9.1
fixation,1147837.0319999456,0.813998364350375,0.3258044640807545,2.8172490737017464,2.8214793485753678,284.0,4009,9.1
fixation,1148137.0369999409,0.8321850061416626,0.32406781911849974,2.8200714111328127,2.819378662109375,84.0,4010,9.1
fixation,1148287.041999936,0.25439600007874624,0.41183685830661226,,2.8165087018694197,117.0,4011,9.1
fixation,1148437.041999936,0.18949530565220377,0.42941623537436774,,2.799831887950068,386.0,4012,9.1
fixation,1148920.3849999905,0.21148543138253062,0.41869501377406876,,2.6979667262027136,315.0,4013,9.1
fixation,1149253.723999977,0.234514020383358,0.40802517235279084,,2.702772521972656,169.0,4014,9.1
fixation,1149520.3969999552,0.23748409996430078,0.4070366322994232,,2.697046915690104,99.0,4015,9.1
fixation,1149637.0670000315,0.27786704897880554,0.4004995822906494,2.24359130859375,2.6891326904296875,67.0,4016,9.1
fixation,1149803.7339999676,0.2477342528956277,0.4101822738136564,,2.679854256766183,233.0,4017,9.1
fixation,1150203.7450000048,0.3593658426633248,0.39064278510900646,2.4656266432542067,2.6370145357572117,217.0,4018,9.1
fixation,1150453.7480000257,0.40243473947048186,0.38590279817581175,2.4874053955078126,2.634710693359375,167.0,4019,9.1
fixation,1150637.0859999657,0.4473928969639998,0.39606948311512286,2.5592005803034854,2.6754232553335338,217.0,4020,9.1
fixation,1150870.4210000038,0.49417453889663404,0.39410828856321484,2.563471476236979,2.6614661583533654,216.0,4021,9.1
fixation,1151103.7630000114,0.5368656861154657,0.39603662490844727,2.597515708521793,2.6962553325452303,317.0,4022,9.1
fixation,1151437.1009999514,0.5871331187394949,0.4091011629654811,2.6568274864783654,2.6900188739483175,217.0,4023,9.1
fixation,1151687.1069999933,0.6179801836609841,0.40497584342956544,2.691051483154297,2.6894989013671875,334.0,4024,9.1
fixation,1152070.4500000477,0.6573069959878921,0.4052807614207268,2.7270858764648436,2.7332122802734373,166.0,4025,9.1
fixation,1152253.7829999924,0.6852786292632421,0.4026690684258938,2.740912119547526,2.767419179280599,200.0,4026,9.1
fixation,1152470.4570000172,0.7158145586649577,0.40138578216234844,2.7889088948567706,2.7696634928385415,250.0,4027,9.1
fixation,1152737.131000042,0.7552609420739688,0.40423718897195965,2.8031228872445912,2.801762507512019,217.0,4028,9.1
fixation,1152970.4680000544,0.8061877161264419,0.407797559350729,2.8484878540039062,2.837602996826172,333.0,4029,9.1
fixation,1153420.4759999514,0.8131323789849001,0.40800809597267823,2.841609281652114,2.816937614889706,283.0,4030,9.1
fixation,1153787.1490000486,0.22654269821941853,0.4662713222205639,,2.7824668884277344,134.0,4031,9.1
fixation,1153937.1549999714,0.18412119043724878,0.5256617622716087,,2.8365696498325894,234.0,4032,9.1
fixation,1154203.8259999752,0.2336080726236105,0.49519047141075134,,2.718576431274414,133.0,4033,9.1
fixation,1154353.830000043,0.231910590082407,0.48330143839120865,,2.636137008666992,133.0,4034,9.1
fixation,1154587.169999957,0.273402638733387,0.47254353016614914,,2.587169647216797,67.0,4035,9.1
fixation,1154670.5039999485,0.24560760892927647,0.4684971682727337,,2.583324432373047,133.0,4036,9.1
fixation,1154837.1710000038,0.3407072782516479,0.4539737910032272,1.363800048828125,2.4959976196289064,167.0,4037,9.1
fixation,1155103.8430000544,0.38262119293212893,0.4524523138999939,1.6190948486328125,2.4907562255859377,83.0,4038,9.1
fixation,1155303.8480000496,0.4404606946877071,0.4716342283146722,,2.5676051548549106,233.0,4039,9.1
fixation,1155620.5180000067,0.48116203397512436,0.45835328847169876,,2.558319091796875,66.0,4040,9.1
fixation,1155770.519999981,0.538007550769382,0.4978346526622772,,2.6382853190104165,150.0,4041,9.1
fixation,1156003.8609999418,0.5963626503944397,0.4901328931252162,,2.616572062174479,100.0,4042,9.1
fixation,1156120.5279999971,0.5984775424003601,0.4830292612314224,1.726226806640625,2.6208152770996094,66.0,4043,9.1
fixation,1156220.5310000181,0.6597334295511246,0.47965798527002335,1.7073516845703125,2.6395530700683594,66.0,4044,9.1
fixation,1156337.2009999752,0.6597851259367806,0.48374093430382864,1.70440673828125,2.6565355573381697,117.0,4045,9.1
fixation,1156503.868999958,0.7111154347658157,0.4692948907613754,,2.632476806640625,67.0,4046,9.1
fixation,1156587.205000043,0.7107728958129883,0.4898297548294067,,2.6979736328125,84.0,4047,9.1
fixation,1156820.5390000343,0.7643985748291016,0.4582391331593196,1.997650146484375,2.6867802937825522,100.0,4048,9.1
fixation,1156953.8760000467,0.8132453709840775,0.471103772521019,,2.721729278564453,67.0,4049,9.1
fixation,1157120.5460000038,0.7885046899318695,0.48653681874275206,,2.7185409545898436,166.0,4050,9.1
fixation,1157303.8819999695,0.8341220170259476,0.49245020002126694,1.89501953125,2.7312774658203125,133.0,4051,9.1
fixation,1158137.23300004,0.6173765475933368,0.11005751502055389,2.84963871882512,2.8354386549729567,217.0,4052,NOTRIAL
fixation,1158387.2389999628,0.5841485361258189,0.14774461214741072,2.8645146687825522,2.871668497721354,100.0,4053,NOTRIAL
fixation,1158503.9060000181,0.5644508987665177,0.21646078526973725,2.8838897705078126,2.8852249145507813,167.0,4054,NOTRIAL
fixation,1158687.2450000048,0.5763606760236952,0.25644901312059826,2.898318820529514,2.8872188991970487,159.0,4055,NOTRIAL
fixation,1158878.9049999714,0.5746720121665434,0.4403041147372939,2.8756172873757104,2.8278656005859375,367.0,4056,NOTRIAL
fixation,1159262.2549999952,0.5170260180126537,0.4415283440188928,2.8250267722389917,2.8726022893732246,367.0,4057,NOTRIAL
fixation,1159728.92900002,0.5798456877470016,0.4405733563005924,2.843070220947266,2.8159584045410155,333.0,4058,NOTRIAL
fixation,1160145.6000000238,0.5132565760612487,0.43298143982887266,2.8005645751953123,2.8140234375,416.0,4059,NOTRIAL
fixation,1160762.269999981,0.6705398112535477,0.7060647010803223,2.7802963256835938,2.763880411783854,67.0,4060,NOTRIAL
fixation,1160845.6119999886,0.6692913115024567,0.7216280221939086,2.798712158203125,,166.0,4061,NOTRIAL
fixation,1161028.9479999542,0.6751866489648819,0.7000226378440857,2.7907333374023438,2.698211669921875,100.0,4062,NOTRIAL
fixation,1161178.9529999495,0.5357285638650259,0.4425499124659432,2.774959988064236,2.6977352566189237,150.0,4063,NOTRIAL
fixation,1161345.6200000048,0.5799716464404402,0.45139511751717537,2.763225160796067,2.7208536082300645,483.0,4064,NOTRIAL
fixation,1161878.9620000124,0.6832595765590668,0.719565324485302,2.699967702229818,2.704681396484375,200.0,4065,NOTRIAL
fixation,1162095.6349999905,0.6563674940003289,0.710440887345208,2.757410685221354,,150.0,4066,NOTRIAL
fixation,1162262.3029999733,0.6599691286683083,0.6923135071992874,2.8033370971679688,2.7503458658854165,67.0,4067,NOTRIAL
fixation,1162378.9620000124,0.6256956004578135,0.45920671587405,2.8619477645210596,2.777023978855299,383.0,4068,NOTRIAL
fixation,1162812.3020000458,0.5978088067336516,0.22060403701933948,2.8798626986416904,2.8670418479225854,367.0,4069,NOTRIAL
fixation,1163212.3079999685,0.5132781341671944,0.39035636372864246,2.803455352783203,2.711857795715332,275.0,4070,FIX_CROS
fixation,1163595.648000002,0.41607881954738074,0.3052659162453243,2.752165004185268,2.785512433733259,575.0,4071,FIX_CROS
fixation,1164228.9989999533,0.24675365537405014,0.3607462286949158,2.7054931640625,2.761505126953125,84.0,4072,9.2
fixation,1164329.0010000467,0.19359533962878314,0.3751418035138737,2.7374503395774146,2.773745450106534,184.0,4073,9.2
fixation,1164545.6710000038,0.23995543736964464,0.3797301985323429,2.7568531036376953,2.7330856323242188,133.0,4074,9.2
fixation,1164712.340999961,0.2893740553408861,0.3815269414335489,2.6930675506591797,2.661907196044922,133.0,4075,9.2
fixation,1164995.6799999475,0.3359614231369712,0.36686709929596295,2.694083473899148,2.6221507679332388,175.0,4076,9.2
fixation,1165195.6840000153,0.36595137417316437,0.36466921493411064,2.7349700927734375,2.6726150512695312,75.0,4077,9.2
fixation,1165395.6879999638,0.41381440394454533,0.3728663706117206,2.7299024793836804,2.678654988606771,150.0,4078,9.2
fixation,1165729.026000023,0.45818112542231876,0.37204650541146594,2.7350056966145835,2.7080459594726562,92.0,4079,9.2
fixation,1165845.6970000267,0.5067140832543373,0.36808071583509444,2.7585479736328127,2.7686752319335937,167.0,4080,9.2
fixation,1166029.0319999456,0.5511663481593132,0.3714670091867447,2.7664159138997397,2.8036880493164062,200.0,4081,9.2
fixation,1166245.7000000477,0.5914229949315389,0.37788788974285126,2.7815933227539062,2.8137130737304688,108.0,4082,9.2
fixation,1166512.375,0.6224391704255884,0.360124644908038,2.780985051935369,2.7909351695667612,175.0,4083,9.2
fixation,1166729.041999936,0.6717617788485118,0.3686101298247065,2.8468617030552457,2.877704075404576,234.0,4084,9.2
fixation,1166979.0470000505,0.7102405627568563,0.37085688014825186,2.815596516927083,2.863938395182292,250.0,4085,9.2
fixation,1167245.7200000286,0.6921225041151047,0.3766121342778206,2.8252360026041665,2.8522923787434897,100.0,4086,9.2
fixation,1167362.3860000372,0.74027019739151,0.3761595208197832,2.833314895629883,2.871244430541992,133.0,4087,9.2
fixation,1167529.0590000153,0.7920108620937054,0.373157147031564,2.8730233999399037,2.9003366323617787,217.0,4088,9.2
fixation,1167779.0609999895,0.8182471963492307,0.3691619770093398,2.9105293967507104,2.9236034046519888,184.0,4089,9.2
fixation,1167979.0670000315,0.8317654952406883,0.3735460713505745,2.929241180419922,2.9273834228515625,67.0,4090,9.2
fixation,1168129.0659999847,0.2537816060440881,0.4440767935344151,2.7650974818638394,2.948575701032366,117.0,4091,9.2
fixation,1168262.4049999714,0.1837856974452734,0.4593420848250389,2.770705223083496,2.9549636840820312,266.0,4092,9.2
fixation,1168545.7430000305,0.180401074886322,0.459540531039238,2.6835174560546875,2.8441986083984374,83.0,4093,9.2
fixation,1168645.7450000048,0.2187987541158994,0.4585275481144587,2.6199879964192707,2.7154164632161457,250.0,4094,9.2
fixation,1168912.4179999828,0.26107635881219593,0.4534183070063591,2.5867015293666293,2.6373116629464284,233.0,4095,9.2
fixation,1169179.0870000124,0.22498879134654998,0.4574283272027969,2.5560272216796873,2.6794769287109377,84.0,4096,9.2
fixation,1169379.090999961,0.272466010668061,0.4501003528183157,2.6017830588600854,2.6729486638849433,184.0,4097,9.2
fixation,1169579.0970000029,0.3131295580130357,0.45284452461279356,2.6462472768930287,2.7091710017277646,217.0,4098,9.2
fixation,1169812.4299999475,0.3534799449973636,0.4488322726554341,2.600797865125868,2.68634033203125,300.0,4099,9.2
fixation,1170145.7740000486,0.39144047647714614,0.44733298271894456,2.579450988769531,2.612445068359375,167.0,4100,9.2
fixation,1170395.7790000439,0.3652750514447689,0.447867676615715,2.561725616455078,2.598785400390625,67.0,4101,9.2
fixation,1170529.1150000095,0.3668542355298996,0.4382757842540741,2.523609161376953,2.608427047729492,134.0,4102,9.2
fixation,1170679.1169999838,0.35183287660280865,0.4458945194880168,2.549814224243164,2.629874335394965,158.0,4103,9.2
fixation,1170912.4559999704,0.4038433683545966,0.4397830280818437,2.5776070042660364,2.6518546656558386,308.0,4104,9.2
fixation,1171312.4639999866,0.43793960554259165,0.46005805475371225,2.6783905029296875,2.635439191545759,116.0,4105,9.2
fixation,1171462.4670000076,0.39452644288539884,0.4490008920431137,2.5906417846679686,2.6031036376953125,166.0,4106,9.2
fixation,1171695.80400002,0.4301446798172864,0.4437644156542691,2.6204792369495737,2.6201920942826704,183.0,4107,9.2
fixation,1171895.8099999428,0.4699219882488251,0.45181532502174376,2.676427205403646,2.6763346354166666,250.0,4108,9.2
fixation,1172179.1469999552,0.5188522011041641,0.4540376588702202,2.7025192260742186,2.6741378784179686,167.0,4109,9.2
fixation,1172362.4839999676,0.5799051523208618,0.4572652314717953,2.728809063251202,2.6275165264423075,216.0,4110,9.2
fixation,1172612.4889999628,0.6265637964010239,0.4485293224453926,2.7211181640625,2.640727233886719,166.0,4111,9.2
fixation,1172795.8259999752,0.6593942439014261,0.46655382961034775,2.6991452303799717,2.6512895063920454,367.0,4112,9.2
fixation,1173195.8329999447,0.7357311348120371,0.45641949276129407,2.672537909613715,2.651275634765625,150.0,4113,9.2
fixation,1173379.1679999828,0.7779035329818725,0.4558286383748055,2.6888427734375,2.6854019165039062,167.0,4114,9.2
fixation,1173562.5089999437,0.8217289937394006,0.4568919688463211,2.7177320207868303,2.726153782435826,233.0,4115,9.2
fixation,1174129.1840000153,0.37122488021850586,0.5559713840484619,2.5796356201171875,2.6610336303710938,67.0,4116,9.2
fixation,1174262.5210000277,0.4351061165332794,0.5532893419265748,2.5867095947265626,2.6634002685546876,83.0,4117,9.2
fixation,1174445.85800004,0.4830048633739352,0.5463763885200024,2.6531890869140624,2.644904136657715,267.0,4118,9.2
fixation,1174745.8630000353,0.5441731943024529,0.5498949074082904,2.7294769287109375,2.7419052124023438,300.0,4119,9.2
fixation,1175079.1979999542,0.6073143680890402,0.538279339671135,2.795415242513021,2.7036145528157554,200.0,4120,9.2
fixation,1175295.8739999533,0.579851474080767,0.5454443778310504,2.747652326311384,2.7048775809151784,117.0,4121,9.2
fixation,1175479.2089999914,0.6374859647317366,0.54892852360552,2.757039850408381,2.6674929532137783,184.0,4122,9.2
fixation,1175679.2109999657,0.5897809118032455,0.5536545097827912,2.7309173583984374,2.6395278930664063,167.0,4123,9.2
fixation,1175862.550999999,0.6297580139203505,0.5515787344087254,2.7404341264204546,2.663420937278054,366.0,4124,9.2
fixation,1176412.5559999943,0.5949879705905914,0.24298632889986038,2.8953847249348956,2.9000844319661456,250.0,4125,NOTRIAL
fixation,1176679.2319999933,0.5807954911142588,0.2550397510640323,2.9402408599853516,2.938486099243164,267.0,4126,NOTRIAL
fixation,1177012.567999959,0.5726610485996518,0.42372960277966093,2.7960052490234375,2.771764482770647,233.0,4127,NOTRIAL
fixation,1177262.5750000477,0.5780939956506094,0.4379708059132099,2.8734143575032554,2.8501192728678384,200.0,4128,NOTRIAL
fixation,1177529.2450000048,0.6574849009513855,0.6715053528547287,2.9411041259765627,2.886860656738281,167.0,4129,NOTRIAL
fixation,1177712.5829999447,0.661250304717284,0.7067103764185538,2.9696185772235575,2.9359048696664662,433.0,4130,NOTRIAL
fixation,1178195.9240000248,0.6199843555688858,0.35225065648555753,2.9749786376953127,3.0043685913085936,167.0,4131,NOTRIAL
fixation,1178395.9279999733,0.630517824490865,0.2572739279932446,2.9686309814453127,2.997300211588542,750.0,4132,NOTRIAL
fixation,1179162.6009999514,0.5951263705889384,0.258270022769769,2.9726715087890625,3.0164693196614585,100.0,4133,NOTRIAL
fixation,1179295.9370000362,0.6548062331146665,0.4745547908047835,2.927473704020182,2.9434657626681857,600.0,4134,NOTRIAL
fixation,1179945.955000043,0.536137216620975,0.5984449684619904,2.7541300455729165,2.691869099934896,150.0,4135,NOTRIAL
fixation,1180145.9570000172,0.5588163509964943,0.24260873285432658,2.8518346150716147,2.858595530192057,200.0,4136,NOTRIAL
fixation,1180379.2940000296,0.5230753969761633,0.44403767537686134,2.845493931924143,2.7987547843686995,517.0,4137,NOTRIAL
fixation,1180929.2999999523,0.4513845599832989,0.33153415222962695,2.7312157040550593,2.798640659877232,350.0,4138,22
fixation,1181329.30400002,0.47093726694583893,0.4643421878417333,2.533172607421875,2.689775594075521,250.0,4139,22
fixation,1181645.9759999514,0.4588752863082019,0.4301843575455926,2.6309689608487217,2.7680539217862217,183.0,4140,22
fixation,1181845.9789999723,0.4993928372859955,0.41063768044114113,2.6856307983398438,2.7903060913085938,67.0,4141,22
fixation,1181929.3129999638,0.4969393238425255,0.4013973642140627,2.616527557373047,2.7669448852539062,134.0,4142,22
fixation,1182079.3170000315,0.46783247131567735,0.4215259884412472,2.5282974243164062,2.6883521446814904,217.0,4143,22
fixation,1182479.3220000267,0.4069782587198111,0.6466615245892451,,2.606836172250601,217.0,4144,22
fixation,1182712.6560000181,0.41017458339532215,0.6535782615343729,,2.6692988077799478,100.0,4145,22
fixation,1184437.6840000153,0.4656090864113399,0.6340928077697754,,2.7383313860212053,117.0,4146,22
fixation,1184704.3539999723,0.4124625665800912,0.623380822794778,,2.7082366943359375,116.0,4147,22
fixation,1184987.6950000525,0.4076530983050664,0.6439839005470276,2.584335327148437,2.5574925740559897,100.0,4148,22
fixation,1185204.3639999628,0.4204626530408859,0.6234559863805771,,2.4831390380859375,66.0,4149,22
fixation,1187721.0759999752,0.5561397671699524,0.5275445654988289,2.652294158935547,2.657337188720703,67.0,4150,22
fixation,1187804.4110000134,0.5498979449272156,0.5337627843022347,2.617422664866728,2.6910171508789062,333.0,4151,22
fixation,1188521.0889999866,0.5716192550384082,0.3328048391984059,2.7196878286508412,2.7432245107797475,434.0,4152,22
fixation,1188987.7649999857,0.4843325208533894,0.34743596613407135,2.5445598255504263,2.6524685946377837,183.0,4153,FIX_CROS
fixation,1189187.7690000534,0.48276112973690033,0.34750260412693024,2.5267074584960936,2.6580490112304687,167.0,4154,FIX_CROS
fixation,1189404.4379999638,0.40533475271042657,0.25605744627468724,2.6203227323644303,2.7253705193014706,566.0,4155,FIX_CROS
fixation,1190037.7860000134,0.2461978852748871,0.391390985250473,,2.6367828369140627,83.0,4156,22.1
fixation,1190137.7890000343,0.20045131986791437,0.4013327035036954,,2.6773750998757104,183.0,4157,22.1
fixation,1190371.1260000467,0.3721032127737999,0.3860656633973122,2.4386698404947915,2.6401138305664062,167.0,4158,22.1
fixation,1190587.7970000505,0.40587472170591354,0.385417103767395,2.4061241149902344,2.6037635803222656,67.0,4159,22.1
fixation,1190737.8020000458,0.23987259715795517,0.4011721909046173,2.3417205810546875,2.6669044494628906,67.0,4160,22.1
fixation,1190887.80400002,0.2372731626033783,0.3983875632286072,,2.7072052001953124,83.0,4161,22.1
fixation,1190987.807000041,0.2810200974345207,0.3919547498226166,,2.724529266357422,67.0,4162,22.1
fixation,1191171.144999981,0.33799967847087165,0.3841027847745202,2.5303070068359377,2.7654654762961646,184.0,4163,22.1
fixation,1191371.1490000486,0.36171635870750135,0.38950910705786485,2.5374239408052883,2.7976473294771633,217.0,4164,22.1
fixation,1191637.8220000267,0.4104292932897806,0.3955449368804693,2.611147199358259,2.7604198455810547,133.0,4165,22.1
fixation,1191787.8259999752,0.4633632685456957,0.3916120103427342,2.604158673967634,2.7462256295340404,233.0,4166,22.1
fixation,1192037.8320000172,0.5143592791123823,0.392880842089653,2.6062808566623263,2.7485531893643467,183.0,4167,22.1
fixation,1192237.8370000124,0.5623693992109859,0.39656255613355074,2.679486443014706,2.723867977366728,283.0,4168,22.1
fixation,1192537.8450000286,0.5326372247475845,0.3935806109355046,2.5657419057992787,2.7204859806941104,217.0,4169,22.1
fixation,1192787.8500000238,0.5998542209466299,0.40099002917607623,2.687345716688368,2.692933824327257,150.0,4170,22.1
fixation,1192954.5210000277,0.6372273042798042,0.40596804209053516,2.7410449981689453,2.7572011947631836,266.0,4171,22.1
fixation,1193237.8589999676,0.684278259674708,0.41603976860642433,2.8116124471028647,2.8099644978841147,200.0,4172,22.1
fixation,1193471.1950000525,0.7446414505441984,0.4138000061114629,2.8017005920410156,2.8088417053222656,200.0,4173,22.1
fixation,1193687.868999958,0.7857399862259626,0.4088080730289221,2.8131723403930664,2.8215980529785156,267.0,4174,22.1
fixation,1193971.2109999657,0.8092332035303116,0.4054319681599736,2.784160614013672,2.805365562438965,267.0,4175,22.1
fixation,1194304.550999999,0.27146244049072266,0.468283224850893,2.513092041015625,2.794301986694336,133.0,4176,22.1
fixation,1194454.5549999475,0.23143904620692843,0.5015252048061007,,2.7507447742280506,350.0,4177,22.1
fixation,1194837.8930000067,0.2689058618112044,0.4908673438158902,,2.656802090731534,183.0,4178,22.1
fixation,1195087.9029999971,0.32304310202598574,0.47374401092529295,1.492919921875,2.59281005859375,83.0,4179,22.1
fixation,1195187.9019999504,0.32068631798028946,0.47912823408842087,,2.64044189453125,67.0,4180,22.1
fixation,1195404.5750000477,0.3629205971956253,0.466875821352005,,2.653888702392578,66.0,4181,22.1
fixation,1195487.909000039,0.40817882865667343,0.46536413331826526,,2.66436767578125,200.0,4182,22.1
fixation,1195937.916999936,0.4395813246568044,0.5287818312644958,1.83148193359375,2.7648289998372397,100.0,4183,22.1
fixation,1196154.5779999495,0.4900652766227722,0.5245786190032959,1.8269195556640625,2.7596832275390626,83.0,4184,22.1
fixation,1196321.2489999533,0.5478369444608688,0.4736701101064682,1.8842315673828125,2.6745834350585938,67.0,4185,22.1
fixation,1196537.9210000038,0.7352758049964905,0.4760453626513481,,2.687877655029297,67.0,4186,22.1
fixation,1196837.9349999428,0.7735039492448171,0.48395536343256634,,2.7610041300455728,100.0,4187,22.1
fixation,1197037.932000041,0.4144302308559418,0.31165893375873566,,2.852741241455078,133.0,4188,NOTRIAL
fixation,1197337.9370000362,0.6240152359008789,0.2362722173333168,,2.8804901123046873,167.0,4189,NOTRIAL
fixation,1197537.9420000315,0.473489385843277,0.2410976082086563,,2.9519088745117186,167.0,4190,NOTRIAL
fixation,1197721.2779999971,0.4278642800119188,0.24015012880166373,,3.009455362955729,150.0,4191,NOTRIAL
fixation,1197921.2829999924,0.5005046327908834,0.23193163673082987,,2.9843377007378473,150.0,4192,NOTRIAL
fixation,1198087.9509999752,0.4271583095192909,0.24418513253331184,,2.9842872619628906,333.0,4193,NOTRIAL
fixation,1198579.6289999485,0.49827293838773457,0.2584631219506264,2.9269300188337053,2.9485277448381697,233.0,4194,NOTRIAL
fixation,1198846.300999999,0.4530420707804816,0.4106555048908506,2.6713943481445312,2.8064117431640625,117.0,4195,NOTRIAL
fixation,1199129.6399999857,0.43865232914686203,0.4583174102008343,2.6979827880859375,2.8913345336914062,66.0,4196,NOTRIAL
fixation,1199546.3129999638,0.6739370482308524,0.459943488240242,2.862137930733817,2.8009251185825894,234.0,4197,NOTRIAL
fixation,1199796.3170000315,0.643424996307918,0.4637082431997572,2.855658394949777,2.827486310686384,117.0,4198,NOTRIAL
fixation,1199996.32099998,0.3546491235494614,0.442012631893158,2.6064656575520835,2.9272918701171875,84.0,4199,NOTRIAL
fixation,1200179.659000039,0.4438656250635783,0.43372751772403717,2.6801953996930803,2.8765238444010417,250.0,4200,NOTRIAL
fixation,1201738.0149999857,0.4658704133083423,0.24388559690366188,2.7768166859944663,2.858839670817057,400.0,4201,NOTRIAL
fixation,1202321.3639999628,0.45196792781352996,0.2193597768743833,2.7813934326171874,2.8104258219401044,750.0,4202,FIX_CROS
fixation,1203271.3830000162,0.37062709778547287,0.429750457406044,,2.6925125122070312,66.0,4203,22.2
fixation,1203354.7170000076,0.44319646805524826,0.42230575159192085,2.566009521484375,2.6894760131835938,67.0,4204,22.2
fixation,1203438.050999999,0.43362925946712494,0.41741102933883667,2.5536346435546875,2.735424041748047,67.0,4205,22.2
fixation,1203704.723999977,0.5626926677567619,0.4388523708496775,2.7170519147600447,2.6902683803013394,233.0,4206,22.2
fixation,1203954.726999998,0.604453834620389,0.44763178717006336,2.7745430686257104,2.7663393887606533,183.0,4207,22.2
fixation,1204171.3990000486,0.654874610049384,0.4500278947608812,2.835576738630022,2.8423876081194197,233.0,4208,22.2
fixation,1204571.4069999456,0.5495940419760618,0.21050620553168384,2.9338836669921875,2.967580621892756,183.0,4209,NOTRIAL
fixation,1204771.4129999876,0.6483447012447175,0.2470858661191804,2.978547595796131,3.008301507859003,350.0,4210,NOTRIAL
fixation,1205154.7489999533,0.6722803600132465,0.4842322859913111,2.9239845275878906,2.9203052520751953,133.0,4211,NOTRIAL
fixation,1205304.7519999743,0.6628903329372406,0.4614445611834526,2.958905029296875,2.951953125,167.0,4212,NOTRIAL
fixation,1205488.090999961,0.6470471252413357,0.4578377771026948,2.937783633961397,2.903987211339614,284.0,4213,NOTRIAL
fixation,1205788.0930000544,0.6705253620942434,0.4556819876035055,2.8665618896484375,2.8245137532552085,250.0,4214,NOTRIAL
fixation,1206071.4349999428,0.592063108459115,0.4414872555062175,2.8073978424072266,2.8191375732421875,266.0,4215,NOTRIAL
fixation,1206504.773000002,0.6621783822774887,0.6760182976722717,2.76080322265625,2.7618560791015625,67.0,4216,NOTRIAL
fixation,1206588.1100000143,0.6645803065211685,0.7051544653044807,2.8330954092520253,2.8282368977864585,450.0,4217,NOTRIAL
fixation,1207104.7879999876,0.6508456454390571,0.44212830989133745,2.842201596214658,2.826499575660342,350.0,4218,NOTRIAL
fixation,1207488.1260000467,0.6260388034085432,0.24239140003919601,2.8352394104003906,2.8117332458496094,400.0,4219,NOTRIAL
fixation,1207921.4689999819,0.5166226607911727,0.29258671578238993,2.7879136029411766,2.786031386431526,283.0,4220,NOTRIAL
fixation,1208238.14199996,0.6421835634269213,0.43854246366965144,2.87366405286287,2.8629066065738074,634.0,4221,NOTRIAL
fixation,1208938.1540000439,0.5621135118934844,0.2374301561050945,2.8546100192599826,2.864974127875434,300.0,4222,NOTRIAL
fixation,1209321.4950000048,0.5316309705376625,0.40188152715563774,2.7466812133789062,2.6570231119791665,66.0,4223,NOTRIAL
fixation,1209438.1640000343,0.5338979959487915,0.44691306352615356,2.7149058750697543,,234.0,4224,NOTRIAL
fixation,1209704.8359999657,0.5325634024645153,0.29401031999211563,2.778244821648849,2.7623531943873356,317.0,4225,29
fixation,1210388.1859999895,0.5285467267036438,0.5452994644641876,2.4351898193359376,,167.0,4226,29
fixation,1211921.5440000296,0.5963630974292755,0.5746333599090576,2.464916229248047,,66.0,4227,29
fixation,1212038.215999961,0.6268890261650085,0.5845399975776673,2.4806793212890623,,84.0,4228,29
fixation,1215071.6139999628,0.6950586636861166,0.8440785308678945,2.6575215657552085,,100.0,4229,29
fixation,1215588.2960000038,0.5147812008857727,0.5264745831489563,2.5316070556640624,,84.0,4230,29
fixation,1216663.3140000105,0.5183919072151184,0.5636551260948182,2.456402587890625,,84.0,4231,29
fixation,1217063.3159999847,0.5766926050186157,0.5694769620895386,2.5201873779296875,,84.0,4232,29
fixation,1217196.6569999456,0.6211769431829453,0.5883956998586655,2.599945068359375,,66.0,4233,29
fixation,1218046.6690000296,0.5512109994888306,0.576976305908627,2.5146857367621527,,150.0,4234,29
fixation,1218346.6809999943,0.5421988070011139,0.3315371535718441,2.7275829315185547,,133.0,4235,29
fixation,1219630.041999936,0.493700728751719,0.21962711168453097,2.8181934356689453,2.790102481842041,534.0,4236,FIX_CROS
fixation,1221130.0659999847,0.40126409629980725,0.45080407460530597,2.720809936523437,2.821690877278646,100.0,4237,29.2
fixation,1221596.7430000305,0.5337029173970222,0.4145597405731678,2.8342666625976562,2.7638626098632812,67.0,4238,29.2
fixation,1221680.0779999495,0.534798376262188,0.45708097890019417,2.8067493438720703,2.68719482421875,134.0,4239,29.2
fixation,1221830.0789999962,0.5985519647598266,0.42487688064575196,2.8527984619140625,2.79393310546875,84.0,4240,29.2
fixation,1221930.0829999447,0.6269379317760467,0.44169377982616426,2.826094055175781,2.765206076882102,334.0,4241,29.2
fixation,1222280.0900000334,0.6410463386111789,0.4580458270178901,2.8216383192274304,,150.0,4242,29.2
fixation,1222446.7589999437,0.6800119169056416,0.46501414477825165,2.822713851928711,2.7999420166015625,133.0,4243,29.2
fixation,1222596.763999939,0.7365396366669581,0.44515960720869213,2.8327401968149037,2.801104032076322,217.0,4244,29.2
fixation,1224855.1399999857,0.45755735039711,0.21305064260959625,,2.8847015380859373,84.0,4245,NOTRIAL
fixation,1224971.807000041,0.4665326007774898,0.22010639309883118,2.784722464425223,2.825443812779018,117.0,4246,NOTRIAL
fixation,1225121.8099999428,0.6310337143284934,0.23777363928300993,2.792156764439174,2.7833121163504466,233.0,4247,NOTRIAL
fixation,1225371.8159999847,0.6549359725581275,0.24492414047320685,2.8631710476345487,2.870973375108507,150.0,4248,NOTRIAL
fixation,1225555.1529999971,0.6530414359136061,0.43488668943896436,2.8600565592447915,2.878263068921638,550.0,4249,NOTRIAL
fixation,1226121.8279999495,0.6414360582828522,0.45453538596630094,2.8334014892578123,2.8838844299316406,83.0,4250,NOTRIAL
fixation,1226238.4980000257,0.6409889310598373,0.44564217515289783,2.840272903442383,2.8488826751708984,133.0,4251,NOTRIAL
fixation,1226388.5,0.5961256682872772,0.42775585055351256,2.7874420166015623,2.805316162109375,166.0,4252,NOTRIAL
fixation,1226571.8359999657,0.5913103322188059,0.4430247018734614,2.7728118896484375,2.8227773030598957,250.0,4253,NOTRIAL
fixation,1226855.1770000458,0.6669127893447876,0.6968433690071106,2.7585601806640625,2.7360610961914062,417.0,4254,NOTRIAL
fixation,1227321.848999977,0.662674089272817,0.7112894058227539,2.7690963745117188,2.675140380859375,100.0,4255,NOTRIAL
fixation,1227438.519999981,0.661048880645207,0.7099145565714154,2.7474779401506697,,116.0,4256,NOTRIAL
fixation,1227605.1879999638,0.63044673204422,0.4164266524945988,2.826655668370864,2.8012013154871322,284.0,4257,NOTRIAL
fixation,1227905.1970000267,0.6426505148410797,0.2778025195002556,2.9099082946777344,2.864471435546875,67.0,4258,NOTRIAL
fixation,1227988.5310000181,0.6341587874022397,0.2437644966624,2.901028719815341,2.847495339133523,183.0,4259,FIX_CROS
fixation,1228255.2029999495,0.5059515535831451,0.38094837963581085,2.6882095336914062,2.797515869140625,67.0,4260,FIX_CROS
fixation,1228371.8730000257,0.5076547972857952,0.38670626282691956,2.6917037963867188,2.8484725952148438,67.0,4261,FIX_CROS
fixation,1228471.8730000257,0.4098236449062824,0.24202578499292335,2.7055943806966147,2.809747060139974,800.0,4262,FIX_CROS
fixation,1229721.8990000486,0.5347800850868225,0.427515372633934,2.7312583923339844,2.76739501953125,67.0,4263,29.1
fixation,1229855.23300004,0.5116769108507369,0.4229104883140988,2.620574951171875,2.77065192328559,150.0,4264,29.1
fixation,1230071.898000002,0.49391262020383564,0.4223880554948534,2.592498779296875,2.794043404715402,117.0,4265,29.1
fixation,1230338.5720000267,0.5279679081656716,0.4251268736340783,2.664154052734375,2.7749481201171875,183.0,4266,29.1
fixation,1230555.243999958,0.5316838873060126,0.43031089792126104,2.7217391164679277,2.8325115003083883,317.0,4267,29.1
fixation,1230955.2510000467,0.6038222213586172,0.3164108494917552,2.932861328125,2.946236504448785,150.0,4268,NOTRIAL
fixation,1231138.5850000381,0.643636561357058,0.25512822488179576,3.0146895188551683,3.032312246469351,216.0,4269,NOTRIAL
fixation,1231388.5930000544,0.5717825958771365,0.25850846831287655,2.932184491838728,2.9212022508893694,933.0,4270,NOTRIAL
fixation,1232371.942999959,0.52855509147048,0.39324551820755005,2.810415267944336,2.814016342163086,133.0,4271,NOTRIAL
fixation,1232521.9440000057,0.5176388838074424,0.426948682828383,2.8711970936168325,2.8903461803089487,367.0,4272,NOTRIAL
fixation,1232921.9529999495,0.41723204404115677,0.41416157968342304,2.7767086029052734,2.942544937133789,133.0,4273,NOTRIAL
fixation,1233088.6180000305,0.517765861004591,0.4343827851116657,2.8623170852661133,2.829496383666992,266.0,4274,NOTRIAL
fixation,1233471.9579999447,0.6863051610333579,0.7005682034151894,2.871579851422991,2.839697701590402,117.0,4275,NOTRIAL
fixation,1233621.9589999914,0.6639111936092377,0.6918003880060636,2.8622894287109375,2.8141948993389425,217.0,4276,NOTRIAL
fixation,1233888.6319999695,0.6749275960028172,0.6916316896677017,2.88189697265625,2.848236083984375,133.0,4277,NOTRIAL
fixation,1234071.9709999561,0.5810915023088455,0.264542181417346,2.9754707336425783,2.986946868896484,333.0,4278,NOTRIAL
fixation,1234571.98300004,0.47396773525646757,0.3316719489438193,2.8807710920061385,2.905889238630022,233.0,4279,NOTRIAL
fixation,1234821.98300004,0.44218164150203976,0.38481883172477993,2.834228515625,2.95263671875,233.0,4280,NOTRIAL
fixation,1235088.6549999714,0.4345768876373768,0.2805510461330414,2.922710418701172,2.96343994140625,66.0,4281,NOTRIAL
fixation,1235221.9889999628,0.3731361548690235,0.4412637554547366,2.648550033569336,2.8964009004480697,283.0,4282,NOTRIAL
fixation,1235521.9989999533,0.3736528049815785,0.44309490512717853,2.6360198974609377,2.847624345259233,184.0,4283,NOTRIAL
fixation,1236072.0069999695,0.5177987813949585,0.3967538509103987,2.6906975640190973,2.616934882269965,150.0,4284,NOTRIAL
fixation,1236238.6770000458,0.5319606221240499,0.4232795491166737,2.7221878715183423,2.659706447435462,383.0,4285,NOTRIAL
fixation,1236672.0180000067,0.5357012562453747,0.4669910538941622,2.6740455627441406,2.603422164916992,134.0,4286,8
fixation,1238155.378000021,0.5150671079754829,0.4615112505853176,2.7153377532958984,2.8169937133789062,133.0,4287,8
fixation,1238438.7189999819,0.4228462808661991,0.3721862683693568,2.6161632537841797,2.711939493815104,150.0,4288,8
fixation,1239522.064999938,0.6162668863932291,0.3992178969913059,,2.603937784830729,149.0,4289,8
fixation,1239705.4069999456,0.6151356846094131,0.27158650507529575,,2.648779551188151,200.0,4290,8
fixation,1239922.0750000477,0.6306818068027497,0.2527715593576431,2.614974975585937,2.589447021484375,84.0,4291,8
fixation,1240022.0759999752,0.6325220664342245,0.2634095673759778,2.565495808919271,2.5174713134765625,100.0,4292,8
fixation,1240172.0759999752,0.6136301547288895,0.4699644595384598,2.4126541137695314,2.3314544677734377,167.0,4293,8
fixation,1240638.7489999533,0.5342240184545517,0.4651903510093689,,2.4254150390625,67.0,4294,8
fixation,1240922.0839999914,0.5639541248480479,0.4380030060807864,2.603457496279762,2.5556531633649553,700.0,4295,8
fixation,1241655.4210000038,0.4787958314021428,0.3591860954960187,2.5864906311035156,2.6737874348958335,200.0,4296,8
fixation,1241872.090999961,0.47894030064344406,0.35954082012176514,2.5819625854492188,2.677867889404297,67.0,4297,8
fixation,1241955.425999999,0.4695363526835161,0.3272836357355118,2.563877778894761,2.6239570168887867,283.0,4298,8
fixation,1242288.7619999647,0.5749721662564711,0.33622658997774124,2.505124872381037,2.4747529463334517,367.0,4299,8
fixation,1242722.0950000286,0.3949430672561421,0.42034341307247386,2.32232666015625,2.4478840547449447,284.0,4300,8
fixation,1243038.76699996,0.5256074089556932,0.3722594119608402,2.6643295288085938,2.647003173828125,267.0,4301,FIX_CROS
fixation,1243388.7710000277,0.25230279623677854,0.23742839105819402,2.6582834344161186,2.859523572419819,633.0,4302,FIX_CROS
fixation,1244072.10800004,0.34448739886283875,0.4010638028383255,2.547225952148437,2.7831390380859373,84.0,4303,8.2
fixation,1244188.7740000486,0.3276395930184258,0.39885572923554313,2.3265724182128906,2.8437737358940973,150.0,4304,8.2
fixation,1244522.1100000143,0.3728390336036682,0.4240914061665535,2.613957722981771,2.81951904296875,67.0,4305,8.2
fixation,1244688.7829999924,0.4251185208559036,0.430224746465683,2.547663370768229,2.748035430908203,67.0,4306,8.2
fixation,1244838.784000039,0.48623208039336735,0.42142926653226215,2.581571578979492,2.7031063503689237,150.0,4307,8.2
fixation,1245005.4529999495,0.5298883957522256,0.4263233244419098,2.6769485473632812,2.646979195731027,233.0,4308,8.2
fixation,1245255.4609999657,0.5734748945516699,0.44193002230980816,2.7252888399011947,2.7020721435546875,283.0,4309,8.2
fixation,1245722.1349999905,0.5693154614418745,0.4532686537131667,2.7463159561157227,2.7642431259155273,267.0,4310,8.2
fixation,1246022.1369999647,0.617891002446413,0.45814312994480133,2.7824172973632812,2.7822036743164062,134.0,4311,8.2
fixation,1246172.14199996,0.6786987622578938,0.45748763581116997,2.7735331217447916,2.7865610758463544,250.0,4312,8.2
fixation,1246438.8099999428,0.7030339997548324,0.459808533008282,2.79305912898137,2.8052825927734375,217.0,4313,8.2
fixation,1246672.151000023,0.6821018606424332,0.46076552756130695,2.782520294189453,2.766683578491211,134.0,4314,8.2
fixation,1246822.1529999971,0.602164663374424,0.4520103658239047,2.733997344970703,2.728231430053711,400.0,4315,8.2
fixation,1247238.827000022,0.6378524353106817,0.4449521799882253,2.7632878621419272,2.7313079833984375,100.0,4316,8.2
fixation,1247355.4960000515,0.6930828175761483,0.45217058198018506,2.7583514126864346,2.7440976229580967,366.0,4317,8.2
fixation,1247755.503000021,0.7164518237113953,0.4636771065347335,2.778555477366728,2.804738661822151,283.0,4318,8.2
fixation,1248072.1749999523,0.5851134657859802,0.41830961033701897,2.775655746459961,2.7949066162109375,134.0,4319,NOTRIAL
fixation,1248255.5119999647,0.5846704774432712,0.22946439352300432,2.8723551432291665,2.9073113335503473,150.0,4320,NOTRIAL
fixation,1248422.1809999943,0.5720886492729187,0.24890145480632783,2.8566241455078125,2.871573486328125,417.0,4321,NOTRIAL
fixation,1248938.8559999466,0.5269026507933935,0.40434368948141736,2.7363993326822915,2.8504308064778647,92.0,4322,NOTRIAL
fixation,1249055.5249999762,0.5047668882391669,0.4388202273032882,2.7647850730202417,2.8752878362482246,366.0,4323,NOTRIAL
fixation,1249455.5329999924,0.5701844628368106,0.27886067188921426,2.87162599109468,2.8757531302315846,700.0,4324,NOTRIAL
fixation,1250338.875,0.5075155117295005,0.5029372450980273,2.7452933571555396,2.852945501154119,183.0,4325,NOTRIAL
fixation,1250555.5440000296,0.644778220969088,0.7510739354526296,2.853502161362592,2.925836450913373,566.0,4326,NOTRIAL
fixation,1251138.8910000324,0.6485874826709429,0.7294267664353052,2.837916056315104,2.9052823384602866,200.0,4327,NOTRIAL
fixation,1251405.5599999428,0.5815961360931396,0.2467741072177887,2.8597758900035513,2.8656754927201704,183.0,4328,NOTRIAL
fixation,1251638.894999981,0.6408445801999834,0.7133459680610232,2.7744683159722223,2.842680189344618,150.0,4329,NOTRIAL
fixation,1251838.8960000277,0.580074931598372,0.23961936703158748,2.889250225490994,2.8766657511393228,1200.0,4330,FIX_CROS
fixation,1253088.9149999619,0.4414026252925396,0.4115380570292473,2.8751068115234375,2.9315834045410156,67.0,4331,8.1
fixation,1253205.5829999447,0.24557092785835266,0.39908057637512684,2.8612918853759766,2.9614086151123047,133.0,4332,8.1
fixation,1253355.5859999657,0.18960079206870153,0.41066497564315796,2.789067195012019,2.9592519906850963,216.0,4333,8.1
fixation,1253588.9210000038,0.24231151416897773,0.4067986622452736,2.7070083618164062,2.7961380004882814,167.0,4334,8.1
fixation,1253788.9240000248,0.3028555456548929,0.418440880253911,2.697904586791992,2.708515167236328,133.0,4335,8.1
fixation,1254072.2619999647,0.38600713685154914,0.4182527713477612,2.716932678222656,2.753327178955078,334.0,4336,8.1
fixation,1254422.26699996,0.4350912823126866,0.4173281891987874,2.7409937931941104,2.762567373422476,217.0,4337,8.1
fixation,1254938.942999959,0.5288198292255402,0.414983474782535,2.761272975376674,2.7601536342075894,233.0,4338,8.1
fixation,1255188.94599998,0.5713032146294912,0.4181108266115189,2.828017171223958,2.8047393798828124,250.0,4339,8.1
fixation,1255472.284000039,0.6451773775948418,0.42421408163176644,2.6897684733072915,2.6912061903211804,150.0,4340,8.1
fixation,1255638.9529999495,0.6079839657653462,0.42412598024715076,2.6349556662819604,2.6580255681818183,183.0,4341,8.1
fixation,1255855.6230000257,0.6549186908773014,0.4236640967428684,2.644749232700893,2.6783779689243863,466.0,4342,8.1
fixation,1256338.9650000334,0.6874036951498552,0.425256223841147,2.667605313387784,2.71722412109375,183.0,4343,8.1
fixation,1256538.9680000544,0.7232764171702522,0.4181050072823252,2.716526576450893,2.7723911830357144,233.0,4344,8.1
fixation,1256788.9730000496,0.7560743418606845,0.4170764535665512,2.787325772372159,2.8333559903231533,183.0,4345,8.1
fixation,1256988.9780000448,0.7898769117891788,0.41644398123025894,2.81512451171875,2.8393077850341797,133.0,4346,8.1
fixation,1257138.9789999723,0.8193066775798797,0.41171484589576723,2.8008766174316406,2.8084953308105467,333.0,4347,8.1
fixation,1257538.9869999886,0.5077501609921455,0.5027598291635513,2.713747024536133,2.7455101013183594,133.0,4348,8.1
fixation,1257688.9900000095,0.48358901937802634,0.5054513563712438,2.7232757568359376,2.724406941731771,250.0,4349,8.1
fixation,1257955.659000039,0.5321866182180551,0.5120587096764491,2.7430760310246396,2.7434164193960338,216.0,4350,8.1
fixation,1258205.6629999876,0.5200977298346433,0.41399610990827734,2.744728781960227,2.7280106977982954,183.0,4351,8.1
fixation,1258405.666999936,0.5632256215268915,0.41709003123370086,2.77099609375,2.7569760409268467,183.0,4352,8.1
fixation,1258605.672999978,0.60168009357793,0.41098483971187044,2.7710113525390625,2.803318568638393,233.0,4353,8.1
fixation,1258855.6770000458,0.634117142720656,0.41787551275708457,2.79989277232777,2.8316809914328833,367.0,4354,8.1
fixation,1259239.0180000067,0.6821627294023832,0.4047759498159091,2.8229700724283853,2.821862538655599,200.0,4355,8.1
fixation,1259455.6849999428,0.7282130557757157,0.4014553725719452,2.833744929387019,2.88674809382512,217.0,4356,8.1
fixation,1259689.023000002,0.7601260304450989,0.4031430333852768,2.8566680908203126,2.906452941894531,167.0,4357,8.1
fixation,1259872.3589999676,0.7880005748183639,0.4100126292970445,2.828134607385706,2.8566131591796875,450.0,4358,8.1
fixation,1260339.0319999456,0.7551438137888908,0.4156662840396166,2.7702693939208984,2.817201614379883,134.0,4359,8.1
fixation,1260505.699000001,0.8114086091518402,0.4039822777112325,2.7859781901041667,2.794744873046875,250.0,4360,8.1
fixation,1260772.3669999838,0.7828804877671328,0.41348918866027484,2.818478670987216,2.8193123557350854,183.0,4361,8.1
fixation,1260972.3680000305,0.8180209587920796,0.40759206360036676,2.8241452303799717,2.8420229825106533,183.0,4362,8.1
fixation,1261205.7059999704,0.5155257470905781,0.48277539387345314,2.7858104705810547,2.7974605560302734,133.0,4363,8.1
fixation,1261355.7070000172,0.4861957037023136,0.4935109902705465,2.7685535975864957,2.7656173706054688,233.0,4364,8.1
fixation,1261622.3769999743,0.5215866996182336,0.4966168569193946,2.740871853298611,2.7153472900390625,150.0,4365,8.1
fixation,1261822.381000042,0.2815227508544922,0.4049256903429826,2.6329523722330728,2.766676584879557,200.0,4366,8.1
fixation,1262039.047999978,0.245743652805686,0.397541760156552,2.5900955200195312,2.7614008585611978,200.0,4367,8.1
fixation,1262522.3819999695,0.29446346395545536,0.39764706956015694,2.551152547200521,2.703133477105035,150.0,4368,8.1
fixation,1262705.7220000029,0.346894896030426,0.39510921388864517,2.5774169921875,2.6886001586914063,167.0,4369,8.1
fixation,1262905.7250000238,0.416598254814744,0.371564032509923,2.481475830078125,2.7164249420166016,133.0,4370,8.1
fixation,1263055.7259999514,0.3730090488990148,0.39310597280661264,2.59278564453125,2.745710245768229,250.0,4371,8.1
fixation,1263322.394999981,0.3611106872558594,0.4011545151472092,2.6608001708984377,2.76651611328125,83.0,4372,8.1
fixation,1263439.0609999895,0.42031403802908385,0.3940103535468762,2.6098468487079325,2.7794658954326925,217.0,4373,8.1
fixation,1263789.0659999847,0.4598871875892986,0.40176580439914356,2.6769145618785513,2.8083079944957388,176.0,4374,8.1
fixation,1263989.0690000057,0.46050115674734116,0.4043256677687168,2.6588287353515625,2.8054428100585938,67.0,4375,8.1
fixation,1264089.0700000525,0.5686160732399334,0.38208324258977716,2.7811154452237217,2.789756081321023,184.0,4376,NOTRIAL
fixation,1264305.7380000353,0.5601941479576958,0.1959303840994835,2.880057440863715,2.93601311577691,150.0,4377,NOTRIAL
fixation,1264472.4069999456,0.6466165640774895,0.23874060415169773,2.9148837818818936,2.974130967084099,283.0,4378,NOTRIAL
fixation,1264772.4110000134,0.6357798874378204,0.2476992985854546,2.977278391520182,3.0508575439453125,200.0,4379,NOTRIAL
fixation,1265005.7489999533,0.6084966907898585,0.4389265353480975,2.9247970581054688,2.9617182413736978,200.0,4380,NOTRIAL
fixation,1265222.4179999828,0.5808658637106419,0.44926955504342914,2.900336742401123,2.8931140899658203,533.0,4381,NOTRIAL
fixation,1265822.42900002,0.6194661781191826,0.6853035315871239,2.7866783142089844,2.7611026763916016,133.0,4382,NOTRIAL
fixation,1265972.4329999685,0.6627664190271626,0.7072674943053204,2.85094750445822,2.8189299210258154,383.0,4383,NOTRIAL
fixation,1266389.1030000448,0.6298973285234891,0.4588267264457849,2.9404637263371396,2.9609879713792067,217.0,4384,NOTRIAL
fixation,1266639.10800004,0.6551669619300149,0.25212081284685567,2.9360580444335938,2.965684023770419,734.0,4385,NOTRIAL
fixation,1267405.7879999876,0.6174110344478062,0.241283190037523,2.9907030378069197,2.9871826171875,117.0,4386,NOTRIAL
fixation,1267555.791999936,0.651516335705916,0.4587829429656267,2.9856554667154946,2.9633070627848306,800.0,4387,NOTRIAL
fixation,1268422.4730000496,0.5345019779422067,0.22915756025097586,2.9517350630326704,2.919618086381392,183.0,4388,NOTRIAL
fixation,1268655.8079999685,0.6625395152303908,0.2196334045794275,2.905093722873264,2.868374294704861,150.0,4389,NOTRIAL
fixation,1268855.814999938,0.5202102735638618,0.44060660898685455,2.7530504862467446,2.7259623209635415,200.0,4390,NOTRIAL
fixation,1269072.48300004,0.5364120656793768,0.45047127252275293,2.8627569025213067,2.834714022549716,183.0,4391,17
fixation,1269289.1519999504,0.42589651346206664,0.34826684892177584,2.796221923828125,2.9275863647460936,167.0,4392,17
fixation,1269539.159000039,0.44504235982894896,0.5164919257164001,,2.705877685546875,84.0,4393,17
fixation,1269672.4919999838,0.4930454691251119,0.540971631805102,2.684223175048828,2.7168604532877603,100.0,4394,17
fixation,1269872.4980000257,0.5395813246568044,0.5361279288927714,2.764002482096354,2.6937266031901044,250.0,4395,17
fixation,1270139.1690000296,0.5702123511582613,0.5440632048994303,2.785101890563965,2.7103424072265625,267.0,4396,17
fixation,1270722.5149999857,0.5070791766047478,0.5830733850598335,2.6254196166992188,2.6722640991210938,66.0,4397,17
fixation,1271022.5219999552,0.5527441501617432,0.5992449323336283,2.610956827799479,2.598230997721354,100.0,4398,17
fixation,1271172.5240000486,0.5849257111549377,0.5845135152339935,,2.5665245056152344,66.0,4399,17
fixation,1271272.5269999504,0.42417811534621497,0.6670431928201155,,2.677029696377841,183.0,4400,17
fixation,1272089.2100000381,0.5401256531476974,0.6283910274505615,2.5615437825520835,2.540485382080078,67.0,4401,17
fixation,1272255.8799999952,0.5820464293162028,0.6338179558515549,2.62435302734375,2.5828323364257812,100.0,4402,17
fixation,1272372.5529999733,0.5798777401447296,0.632250326871872,2.652938842773437,2.5958251953125,83.0,4403,17
fixation,1272472.5520000458,0.5639425933361053,0.6316239297389984,2.5887069702148438,2.61224365234375,83.0,4404,17
fixation,1274130.9190000296,0.6886911392211914,0.8193822860717773,2.6344390869140626,2.6010162353515627,83.0,4405,17
fixation,1274230.9220000505,0.6880352050065994,0.8210127303997675,2.6712443033854165,2.5920562744140625,100.0,4406,17
fixation,1274397.5920000076,0.5367718525230885,0.5179347973316908,2.7265548706054688,2.659635543823242,133.0,4407,17
fixation,1274580.9299999475,0.49374207328347597,0.5400027247036204,2.6388834635416667,2.6791749842026653,283.0,4408,17
fixation,1274897.605000019,0.5536435761234977,0.5529364482922987,2.6782878528941763,2.6546769575639204,183.0,4409,17
fixation,1275097.6089999676,0.5404568873345852,0.5541275925934315,2.662263870239258,2.6347713470458984,133.0,4410,17
fixation,1275247.6089999676,0.5793780982494354,0.5543855494923062,2.6860775417751737,2.6884969075520835,150.0,4411,17
fixation,1275430.9450000525,0.40507991038835967,0.5967264771461487,,2.7473003680889425,217.0,4412,17
fixation,1275680.952000022,0.46378861367702484,0.6047679334878922,,2.759588623046875,167.0,4413,17
fixation,1275880.9529999495,0.5645653381943703,0.5863584876060486,2.707768758138021,2.6699790954589844,67.0,4414,17
fixation,1276297.625,0.4455764412879944,0.6053444027900696,,2.708837890625,83.0,4415,17
fixation,1276397.6289999485,0.4076311244414403,0.6199523210525513,,2.7579486553485575,216.0,4416,17
fixation,1276647.6349999905,0.47851672437455917,0.6194459034336938,2.6476593017578125,2.70017327202691,150.0,4417,17
fixation,1276864.3049999475,0.5542254022189549,0.5799329536301749,,2.571404593331473,117.0,4418,17
fixation,1277030.9709999561,0.593928876248273,0.5988997708667408,2.7284587513316763,2.6301435990767046,183.0,4419,17
fixation,1277264.3099999428,0.5127472653985023,0.5233571231365204,2.6821492513020835,2.6783714294433594,67.0,4420,17
fixation,1277397.644999981,0.5127927243709565,0.5322939892609914,2.705924479166667,2.743586222330729,250.0,4421,17
fixation,1277664.3159999847,0.5415826104581356,0.5349335633218288,2.771451950073242,2.7742671966552734,134.0,4422,17
fixation,1277830.9869999886,0.5875914305448532,0.5584628850221633,2.8157623291015623,2.8352935791015623,167.0,4423,FIX_CROS
fixation,1278047.6540000439,0.47537509223510477,0.3334421597678086,2.8735988222319504,2.9558821053340516,483.0,4424,FIX_CROS
fixation,1278564.3309999704,0.40071284936534035,0.2869116945399178,2.8217219599971064,2.9283724184389466,451.0,4425,FIX_CROS
fixation,1279047.675999999,0.3404311512907346,0.37795394907395047,2.7838872273763022,3.0087305704752603,200.0,4426,17.2
fixation,1279264.3450000286,0.3864433132112026,0.38585351780056953,2.776963551839193,2.9669164021809897,200.0,4427,17.2
fixation,1279481.013999939,0.42662953957915306,0.3787628300487995,2.7366561889648438,2.957477569580078,134.0,4428,17.2
fixation,1279647.6849999428,0.37651057355105877,0.39097494818270206,2.706920623779297,2.909520149230957,267.0,4429,17.2
fixation,1279931.023000002,0.41618704253976996,0.3921103761954741,2.6564095237038354,2.8838736794211646,184.0,4430,17.2
fixation,1280131.026000023,0.4496526325290853,0.3893650878559459,2.659647161310369,2.8713850541548296,184.0,4431,17.2
fixation,1280347.6950000525,0.49750049660603207,0.40138204768300056,2.7397079467773438,2.840709686279297,200.0,4432,17.2
fixation,1280564.3639999628,0.5626150342551145,0.40563508055426856,2.8207952325994317,2.8066877885298296,183.0,4433,17.2
fixation,1280797.7000000477,0.729745876044035,0.4079701630398631,2.8358964920043945,2.876187324523926,267.0,4434,17.2
fixation,1281231.041999936,0.35581783577799797,0.45284854620695114,2.445653279622396,2.86065673828125,67.0,4435,17.2
fixation,1281314.3760000467,0.384622963766257,0.47497836252053577,2.5710792541503906,2.8484929402669272,100.0,4436,17.2
fixation,1281514.3789999485,0.4043149292469025,0.46608617901802063,2.6031417846679688,2.8110595703125,83.0,4437,17.2
fixation,1281631.0460000038,0.39700945615768435,0.4663772821426392,2.5123825073242188,2.8260498046875,84.0,4438,17.2
fixation,1281764.3839999437,0.350437472263972,0.46702488760153454,2.5238316853841147,2.8123982747395835,100.0,4439,17.2
fixation,1281997.7200000286,0.40829553827643394,0.48819124698638916,2.6373697916666665,2.7776718139648438,67.0,4440,17.2
fixation,1282097.7200000286,0.4078591465950012,0.4750165522098541,2.6805572509765625,2.7948333740234377,83.0,4441,17.2
fixation,1282314.3899999857,0.4748251587152481,0.48719736486673354,2.6666327582465277,2.78663330078125,166.0,4442,17.2
fixation,1282497.7259999514,0.542321346022866,0.4799532348459417,2.7450186989524146,2.7314092462713067,183.0,4443,17.2
fixation,1282714.3960000277,0.6235695914788679,0.49450045146725397,2.7926996404474433,2.768056696111506,183.0,4444,17.2
fixation,1282931.0659999847,0.7351388004091051,0.49543771810001797,2.78934563530816,2.7724745008680554,150.0,4445,17.2
fixation,1283264.4029999971,0.25279303826391697,0.385181687772274,2.6219749450683594,2.8579444885253906,66.0,4446,17.2
fixation,1283381.0750000477,0.22808451503515242,0.38702490329742434,2.5590606689453126,2.8399871826171874,167.0,4447,17.2
fixation,1283597.7419999838,0.5541506499052048,0.35010497123003004,2.7636795043945312,2.700115966796875,167.0,4448,NOTRIAL
fixation,1283797.7450000048,0.5707888262612479,0.25656130856701304,2.835045950753348,2.816339765276228,233.0,4449,NOTRIAL
fixation,1284047.7480000257,0.6263474353722164,0.24120933349643434,2.8870457240513394,2.8800811767578125,117.0,4450,NOTRIAL
fixation,1284197.753000021,0.5067033569018046,0.24239681263764698,2.894635009765625,2.886610921223958,250.0,4451,NOTRIAL
fixation,1284497.7549999952,0.40260479506105185,0.2270732750184834,2.869691848754883,2.9819374084472656,267.0,4452,NOTRIAL
fixation,1284781.0939999819,0.35098441938559216,0.22373506613075733,2.8498547871907554,2.991321563720703,208.0,4453,NOTRIAL
fixation,1285064.432000041,0.40001832880079746,0.37848508544266224,2.6736602783203125,2.883798599243164,133.0,4454,NOTRIAL
fixation,1285214.4340000153,0.3673731971245546,0.41938086771048033,2.667059091421274,2.939672616811899,216.0,4455,NOTRIAL
fixation,1285581.1089999676,0.36022674664855003,0.4545559100806713,2.7842915852864585,3.045299530029297,67.0,4456,NOTRIAL
fixation,1285714.4420000315,0.6307550006442599,0.5307756331231859,2.9247623019748263,2.914298163519965,150.0,4457,NOTRIAL
fixation,1285947.7810000181,0.6652388313542241,0.6936481206313424,2.868968797766644,2.908477783203125,383.0,4458,NOTRIAL
fixation,1286397.7869999409,0.6672105147288396,0.7054660320281982,2.8933985783503604,,217.0,4459,NOTRIAL
fixation,1286697.791999936,0.5505567093690237,0.23917947709560394,2.9240036010742188,2.926153818766276,400.0,4460,NOTRIAL
fixation,1287131.131000042,0.5252158370884982,0.360194666819139,2.742288762872869,2.723501032049006,184.0,4461,FIX_CROS
fixation,1287431.1369999647,0.38086001897180405,0.25581988148592616,2.813004777238176,2.9425580823743664,617.0,4462,FIX_CROS
fixation,1288097.814999938,0.46731456741690636,0.401379844173789,2.784952163696289,2.9673728942871094,133.0,4463,17.1
fixation,1288247.817999959,0.4954445600509644,0.4266359582543373,2.80736083984375,2.9540725708007813,167.0,4464,17.1
fixation,1288431.1540000439,0.4917778894305229,0.4471392296254635,2.843883514404297,3.0358924865722656,67.0,4465,17.1
fixation,1288514.4889999628,0.5241332907568325,0.43767164647579193,2.8555242365056817,2.9333617470481177,733.0,4466,17.1
fixation,1289297.8370000124,0.5901516489684582,0.3555050790309906,2.9050636291503906,2.8836727142333984,133.0,4467,NOTRIAL
fixation,1289464.5039999485,0.6041455732451545,0.24363515194919375,2.936399671766493,2.9706285264756946,150.0,4468,NOTRIAL
fixation,1289631.1770000458,0.583991486292619,0.2510177825505917,2.95684814453125,2.985101553109976,217.0,4469,NOTRIAL
fixation,1289881.1779999733,0.5620781749486923,0.4340204894542694,2.8912307739257814,2.8610137939453124,167.0,4470,NOTRIAL
fixation,1290064.5130000114,0.5156184769037998,0.426419045437466,2.896817294034091,2.943826386422822,550.0,4471,NOTRIAL
fixation,1290664.5210000277,0.5279192190903884,0.45869339544039506,2.8686194786658654,2.8446021446814904,216.0,4472,NOTRIAL
fixation,1290897.85800004,0.5525363186995188,0.45984197159608203,2.8966954549153647,2.868769327799479,100.0,4473,NOTRIAL
fixation,1291097.8600000143,0.5523983985185623,0.588574156165123,,2.7402267456054688,67.0,4474,NOTRIAL
fixation,1291214.5279999971,0.6230875805896872,0.24212977662682533,2.9671635347254135,2.9943546968347885,566.0,4475,NOTRIAL
fixation,1291797.8680000305,0.6532996080138467,0.24175178801471536,2.8833423961292612,2.8885858709161933,183.0,4476,NOTRIAL
fixation,1292164.541999936,0.6249123215675354,0.6391791477799416,2.735260009765625,2.79827880859375,66.0,4477,NOTRIAL
fixation,1292431.2089999914,0.6672456562519073,0.7087513506412506,2.8678766886393228,,100.0,4478,NOTRIAL
fixation,1292797.8819999695,0.6737534999847412,0.6770084997018179,2.879542032877604,,100.0,4479,NOTRIAL
fixation,1292914.5490000248,0.6804628968238831,0.6629791676998138,2.835012817382812,2.7702972412109377,83.0,4480,NOTRIAL
fixation,1293014.5490000248,0.6564658880233765,0.6773559331893921,2.80762939453125,,83.0,4481,NOTRIAL
fixation,1293264.550999999,0.5755305849015713,0.2258849727610747,2.969968795776367,3.0231749216715493,400.0,4482,NOTRIAL
fixation,1293714.5599999428,0.5484933578051053,0.330487290254006,2.9760812612680287,2.9997758131760817,433.0,4483,NOTRIAL
fixation,1294181.2309999466,0.6567729531150115,0.4341396011020008,2.959130136590255,2.92668312474301,634.0,4484,NOTRIAL
fixation,1294847.9049999714,0.6350510815779368,0.2252985512216886,2.9078038533528647,2.9101549784342446,200.0,4485,NOTRIAL
fixation,1295131.2480000257,0.5339904559983147,0.42089206477006275,2.76363288031684,2.7802361382378473,150.0,4486,NOTRIAL
fixation,1295297.9140000343,0.5378055655293994,0.43615669508775073,2.879887898763021,2.888887193467882,300.0,4487,3
fixation,1295631.2539999485,0.41486689150333406,0.24884071052074433,2.8348709106445313,2.9483383178710936,167.0,4488,3
fixation,1295814.5900000334,0.39587018532412394,0.24543873539992742,2.7739759172712053,2.8454862322126115,233.0,4489,3
fixation,1296064.5950000286,0.4257827653833058,0.2553634151168492,2.70091380243716,2.7200244405995244,383.0,4490,3
fixation,1296514.605000019,0.4615493532684114,0.26278670297728646,2.7266608344184027,2.6708238389756946,150.0,4491,3
fixation,1296747.9390000105,0.44679049402475357,0.28302021448810893,2.686640421549479,2.6841506958007812,100.0,4492,3
fixation,1297031.276000023,0.49058270156383516,0.2527009561657906,2.8198577880859377,2.7937744140625,84.0,4493,3
fixation,1297131.2779999971,0.5317777842283249,0.259099162183702,2.8912811279296875,2.8360118865966797,267.0,4494,3
fixation,1297414.615999937,0.5580569863319397,0.2696887068450451,2.8480133056640624,2.790660095214844,166.0,4495,3
fixation,1297597.952000022,0.5964049167103238,0.2666708835297161,2.80279541015625,2.7654605441623263,150.0,4496,3
fixation,1297764.6200000048,0.5788206271827221,0.2703767903149128,2.812124252319336,2.793855667114258,133.0,4497,3
fixation,1297914.625,0.6215419726712363,0.26746042924267904,2.8321358816964284,2.8484039306640625,116.0,4498,3
fixation,1298081.2940000296,0.40413959622383117,0.27688306495547294,2.7756690979003906,2.8984138488769533,334.0,4499,3
fixation,1298431.300999999,0.45354180463722776,0.27515250125101637,2.8000477382114957,2.850508553641183,234.0,4500,3
fixation,1298697.9709999561,0.5016948133707047,0.283731867869695,2.8190121120876737,2.8184661865234375,150.0,4501,3
fixation,1298881.307000041,0.5323706921190023,0.2939739152789116,2.8509979248046875,2.8688650131225586,267.0,4502,3
fixation,1299164.644999981,0.5656863782140944,0.2965257366498311,2.87673102484809,2.893649631076389,150.0,4503,3
fixation,1299331.314999938,0.6051078001658122,0.28871683577696483,2.881391398111979,2.882440185546875,250.0,4504,3
fixation,1299597.9859999418,0.6404544889926911,0.28486528992652893,2.8804412841796876,2.9047775268554688,167.0,4505,3
fixation,1299797.9880000353,0.48204967081546785,0.29187470227479934,2.7981353759765626,2.8544906616210937,167.0,4506,3
fixation,1299981.327000022,0.4630305270353953,0.2993559030195077,2.804510752360026,2.879261016845703,200.0,4507,3
fixation,1300214.6629999876,0.5115218294991387,0.2984133760134379,2.8710174560546875,2.870759752061632,150.0,4508,3
fixation,1300381.3350000381,0.5406060814857483,0.3019877661551748,2.875624520438058,2.8466698782784596,233.0,4509,3
fixation,1300631.3400000334,0.5538244446118673,0.30564157913128537,2.8550999959309897,2.8248774210611978,100.0,4510,3
fixation,1300764.6779999733,0.4668574401965508,0.3260443714948801,2.7093740609975963,2.787456805889423,225.0,4511,3
fixation,1301048.01699996,0.49744400701352526,0.33243356325796675,2.766160147530692,2.7680140904017856,234.0,4512,3
fixation,1301298.023000002,0.5374424349177968,0.34456646713343536,2.7949093905362212,2.7849606600674717,184.0,4513,3
fixation,1301498.026000023,0.55772705078125,0.35002476572990415,2.79498291015625,2.782562255859375,84.0,4514,3
fixation,1301614.69599998,0.5201285348126763,0.4024185951341662,2.755855999161712,2.7608980249475548,3592.0,4515,3
fixation,1305239.776000023,0.4734452489808381,0.25516715654766703,2.8094862053193244,2.855549088443618,2767.0,4516,3
fixation,1308023.1540000439,0.43178608856703105,0.27128331127919647,2.789485730622944,2.871687236585115,317.0,4517,3
fixation,1308373.159000039,0.501414825518926,0.2764461115002632,2.802536858452691,2.804875691731771,300.0,4518,3
fixation,1308689.830000043,0.5418586410008944,0.28441497454276454,2.845593965970553,2.8872140737680287,217.0,4519,3
fixation,1308923.1710000038,0.5694790590893138,0.2883246662941846,2.8996762362393467,2.9370838512073862,184.0,4520,3
fixation,1309123.172999978,0.5964212620800192,0.2873721888119524,2.914430098100142,2.9442020763050425,367.0,4521,3
fixation,1309523.1809999943,0.6307931461117484,0.28115044940601697,2.917970137162642,2.964591286399148,184.0,4522,3
fixation,1309739.8500000238,0.47745704515413806,0.28965288536115125,2.8656075217507104,2.968558571555398,183.0,4523,3
fixation,1309939.855000019,0.46532024145126344,0.29203292429447175,2.8663299560546873,2.967570495605469,167.0,4524,3
fixation,1310139.8600000143,0.5062119230628014,0.2867559030652046,2.8427474975585936,2.915960693359375,167.0,4525,3
fixation,1310323.1979999542,0.536643701164346,0.28984292557365016,2.855853432103207,2.8894717567845394,317.0,4526,3
fixation,1310673.2079999447,0.46051868113378686,0.32520054404934245,2.7870712280273438,2.931133270263672,400.0,4527,3
fixation,1311089.8839999437,0.5082166738369885,0.33069585877306323,2.788835413315717,2.816579482134651,283.0,4528,3
fixation,1311406.5629999638,0.563302144790307,0.33946783191118485,2.7677283653846154,2.743599133613782,650.0,4529,3
fixation,1312089.9149999619,0.50879992172122,0.40649628080427647,2.6937713623046875,2.7569847106933594,133.0,4530,FIX_CROS
fixation,1312339.9220000505,0.41192311870640724,0.2618889621105687,2.716083921235183,2.7957774195177802,483.0,4531,FIX_CROS
fixation,1312856.6030000448,0.3022537448189475,0.2684018896384673,2.6860809326171875,2.7788044322620737,183.0,4532,3.2
fixation,1313073.273000002,0.2201202673216661,0.379524623354276,2.4899200439453124,2.7526830037434897,100.0,4533,3.2
fixation,1313189.9450000525,0.20459778010845184,0.4050546526908875,,2.773583984375,83.0,4534,3.2
fixation,1313323.2810000181,0.25826535870631534,0.38981037338574726,2.5698479546440973,2.786929660373264,150.0,4535,3.2
fixation,1313489.955000043,0.3113165944814682,0.38636059165000913,2.511835734049479,2.7228179931640626,167.0,4536,3.2
fixation,1313673.291999936,0.34698244743049145,0.3970951698720455,2.5826187133789062,2.6775341033935547,142.0,4537,3.2
fixation,1313873.2999999523,0.3752015878756841,0.3832103692822986,2.5426567925347223,2.6789703369140625,150.0,4538,3.2
fixation,1314106.6380000114,0.4255620837211609,0.4052637567122777,2.6147289276123047,2.7188262939453125,150.0,4539,3.2
fixation,1314356.644999981,0.46489760279655457,0.39199382811784744,2.6337493896484374,2.7244583129882813,166.0,4540,3.2
fixation,1314556.6529999971,0.5096883028745651,0.39754052460193634,2.694960021972656,2.6921417236328127,166.0,4541,3.2
fixation,1314739.9880000353,0.5535290051590313,0.4058831591497768,2.756895585493608,2.703033447265625,183.0,4542,3.2
fixation,1314956.6629999876,0.5854852663146125,0.41330394479963517,2.762240939670139,2.729061550564236,150.0,4543,3.2
fixation,1315123.3309999704,0.6251849965615706,0.4144784334031018,2.7518241188742896,2.7490497935901987,184.0,4544,3.2
fixation,1315323.3370000124,0.6063671708106995,0.4173135778733662,2.7524021693638394,2.7279488699776784,116.0,4545,3.2
fixation,1315456.672999978,0.6684416171751524,0.4134097695350647,2.749228226511102,2.7450015419407894,317.0,4546,3.2
fixation,1315790.0130000114,0.7203787846697701,0.41535258375936085,2.7564400566948786,2.760381062825521,300.0,4547,3.2
fixation,1316106.682000041,0.759381502866745,0.4086475060744719,2.749083085493608,2.7478374134410513,183.0,4548,3.2
fixation,1316323.3539999723,0.7227523658010695,0.4145684126350615,2.7192823621961804,2.746151394314236,150.0,4549,3.2
fixation,1316506.6909999847,0.773873507976532,0.41404224932193756,2.718003845214844,2.7180526733398436,167.0,4550,3.2
fixation,1316690.0269999504,0.7972707152366638,0.41038683908326284,2.7116851806640625,2.7317701067243303,117.0,4551,3.2
fixation,1316823.365999937,0.7551318233211836,0.41404305025935173,2.705084482828776,2.7281570434570312,200.0,4552,3.2
fixation,1317040.0329999924,0.8132090797791114,0.40952425392774433,2.7263899583082933,2.711487990159255,217.0,4553,3.2
fixation,1317490.0429999828,0.2531831480562687,0.5112740516662597,2.4500579833984375,2.767142486572266,334.0,4554,3.2
fixation,1317856.7139999866,0.29023129492998123,0.4895023703575134,2.2513885498046875,2.6296539306640625,67.0,4555,3.2
fixation,1318040.0499999523,0.2869930639863014,0.4970457851886749,,2.6361465454101562,67.0,4556,3.2
fixation,1318140.05400002,0.35824480381878937,0.49066762219775806,2.4958526611328127,2.5819826993075283,184.0,4557,3.2
fixation,1318406.7220000029,0.41202007979154587,0.47565165162086487,2.5171241760253906,2.578449249267578,67.0,4558,3.2
fixation,1318490.0590000153,0.40979694575071335,0.4939545914530754,2.5824178059895835,2.5987777709960938,67.0,4559,3.2
fixation,1318573.3930000067,0.458354161431392,0.4925158967574437,2.5634129842122397,2.6317545572916665,200.0,4560,3.2
fixation,1318790.0640000105,0.49757081405682996,0.5033581189133904,2.603089766068892,2.6559032093394888,184.0,4561,3.2
fixation,1318990.0690000057,0.5626831263303756,0.512434683740139,2.6815109252929688,2.6173751831054686,167.0,4562,3.2
fixation,1319173.4040000439,0.5365122631192207,0.5141956955194473,2.6330623626708984,2.622028350830078,133.0,4563,3.2
fixation,1319340.0729999542,0.5953703194856643,0.5207966133952141,2.7291290283203127,2.6796218872070314,167.0,4564,3.2
fixation,1319556.7450000048,0.6666880526712963,0.5215719118714333,2.7246486118861606,2.7444447108677457,233.0,4565,3.2
fixation,1319823.416999936,0.7474007331407987,0.5265286266803741,2.7383328951322117,2.7735830453725963,216.0,4566,3.2
fixation,1320156.7549999952,0.7340852290391922,0.23888741955161094,2.829461669921875,2.8632461547851564,167.0,4567,NOTRIAL
fixation,1320356.7599999905,0.6378533565081083,0.2420924214216379,2.8702392578125,2.90377924992488,217.0,4568,NOTRIAL
fixation,1320606.7630000114,0.5039621310101615,0.2528136728538407,2.8728340996636286,2.870011647542318,600.0,4569,NOTRIAL
fixation,1321240.1059999466,0.4993422558265073,0.4505383824663503,2.8608905247279575,2.8848304748535156,467.0,4570,NOTRIAL
fixation,1321740.115999937,0.6426859961615669,0.7245534227954017,2.9257354736328125,3.0143636067708335,150.0,4571,NOTRIAL
fixation,1321906.7879999876,0.6606331673952249,0.7575402443225567,2.8719705434945912,2.9967416616586537,217.0,4572,NOTRIAL
fixation,1322140.1239999533,0.6514120663587863,0.7377562144627938,2.9115365835336537,2.9715922429011417,434.0,4573,NOTRIAL
fixation,1322623.4680000544,0.530368729361466,0.23725476328815734,2.922060285295759,2.9197709219796315,474.0,4574,NOTRIAL
fixation,1323373.4819999933,0.4214618941148122,0.24918066412210466,2.891595458984375,2.887684631347656,500.0,4575,FIX_CROS
fixation,1323923.4900000095,0.2951648160815239,0.2973642523090045,2.8350296020507812,2.8488133748372397,100.0,4576,3.1
fixation,1324056.8279999495,0.2063610643932694,0.29477955557798086,2.8093277780633223,2.8512420654296875,317.0,4577,3.1
fixation,1324390.1679999828,0.23978176712989807,0.28855817682213253,2.7834896511501737,2.7831844753689237,158.0,4578,3.1
fixation,1324673.5069999695,0.2838875390589237,0.28735014609992504,2.7449283599853516,2.670654296875,125.0,4579,3.1
fixation,1324840.1740000248,0.3428588002920151,0.2853062659502029,2.8112091064453124,2.76513671875,167.0,4580,3.1
fixation,1325023.513999939,0.3785316910256039,0.28644704683260486,2.81118427623402,2.782041376287287,366.0,4581,3.1
fixation,1325406.8559999466,0.4131705557758158,0.28356003625826404,2.7952922474254263,2.774017333984375,183.0,4582,3.1
fixation,1325606.855000019,0.46254150693615276,0.2839312143623829,2.8221219380696616,2.799180348714193,200.0,4583,3.1
fixation,1325823.5269999504,0.5027293910582861,0.2906590973337491,2.8375676472981772,2.8422622680664062,100.0,4584,3.1
fixation,1325956.8639999628,0.5295251960104163,0.2880632660605691,2.838349775834517,2.858395663174716,183.0,4585,3.1
fixation,1326173.5329999924,0.5879272737286307,0.29051143201914703,2.851328069513494,2.8485842618075283,366.0,4586,3.1
fixation,1326556.8730000257,0.6268285483121872,0.2834981560707092,2.8051788330078127,2.8198013305664062,167.0,4587,3.1
fixation,1326740.2100000381,0.6740767909930303,0.28260162472724915,2.77444575383113,2.817011906550481,217.0,4588,3.1
fixation,1326990.215999961,0.730347229884221,0.2837984355596396,2.8025677020733175,2.8570580115685096,217.0,4589,3.1
fixation,1327223.550999999,0.7772676080465317,0.283067923784256,2.7905502319335938,2.859326171875,166.0,4590,3.1
fixation,1327423.5549999475,0.8167587085203691,0.2829943583770232,2.8194233287464487,2.8555131392045454,183.0,4591,3.1
fixation,1327690.226999998,0.24548172671347857,0.3766673877835274,2.775348663330078,2.825216293334961,134.0,4592,3.1
fixation,1327856.8960000277,0.20332534735401472,0.37824031586448353,2.8112462361653647,2.8423144022623696,200.0,4593,3.1
fixation,1328090.2359999418,0.2597828942995805,0.37018581422475666,2.760563777043269,2.7668245755709133,217.0,4594,3.1
fixation,1328323.5729999542,0.30223604291677475,0.37189628556370735,2.7005945841471353,2.707871754964193,200.0,4595,3.1
fixation,1328540.2389999628,0.35138971482714015,0.3753099838892619,2.6821441650390625,2.7242940266927085,200.0,4596,3.1
fixation,1328756.9129999876,0.40073497134905595,0.3734479947732045,2.699207012469952,2.724391056941106,217.0,4597,3.1
fixation,1328990.246999979,0.4529231246560812,0.37166245840489864,2.713918685913086,2.7288589477539062,134.0,4598,3.1
fixation,1329140.253000021,0.523808595012216,0.36663751654765186,2.7074997845818016,2.7387946633731617,284.0,4599,3.1
fixation,1329440.2599999905,0.5672343547145525,0.37058208510279655,2.7355219523111978,2.7529093424479165,200.0,4600,3.1
fixation,1329673.5970000029,0.619932547211647,0.3627217710018158,2.6774826049804688,2.689600626627604,108.0,4601,3.1
fixation,1329923.6009999514,0.6414245764414469,0.3625390996535619,2.7071746826171874,2.695512898763021,250.0,4602,3.1
fixation,1330390.2790000439,0.6687011539936065,0.3591255843639374,2.723370361328125,2.7298919677734377,76.0,4603,3.1
fixation,1330506.9470000267,0.6997746716846119,0.36781602149659937,2.7070478959517046,2.77587890625,183.0,4604,3.1
fixation,1330723.6180000305,0.7404780470662646,0.36686290469434524,2.7193883260091147,2.7904976738823786,300.0,4605,3.1
fixation,1331040.291999936,0.7676648703905252,0.3723707084472363,2.728899442232572,2.7703387920673075,217.0,4606,3.1
fixation,1331273.631000042,0.7957324435313543,0.3700474301973979,2.710810343424479,2.751013437906901,200.0,4607,3.1
fixation,1331556.9680000544,0.2517661554738879,0.46881148405373096,2.6395797729492188,2.778066635131836,133.0,4608,3.1
fixation,1331723.6399999857,0.20789336142214862,0.4773822941563346,2.7095170454545454,2.8523365367542612,183.0,4609,3.1
fixation,1331923.6410000324,0.2552824504673481,0.4620908399422963,2.6571744283040366,2.742445627848307,200.0,4610,3.1
fixation,1332156.9850000143,0.3067923386891683,0.46161078413327533,2.592219034830729,2.652155558268229,150.0,4611,3.1
fixation,1332340.32099998,0.35733985671630275,0.46537276529348814,2.607812734750601,2.68011474609375,217.0,4612,3.1
fixation,1332573.6579999924,0.3474571630358696,0.4653883520513773,2.608966827392578,2.703420639038086,133.0,4613,3.1
fixation,1332740.3279999495,0.4046479493379593,0.46468746960163115,2.647563171386719,2.7176132202148438,167.0,4614,3.1
fixation,1332923.6649999619,0.44875146313147113,0.46003638072447345,2.6318706165660513,2.708365700461648,183.0,4615,3.1
fixation,1333123.666999936,0.49668663101536886,0.47072736280305044,2.690624782017299,2.7672457013811385,233.0,4616,3.1
fixation,1333373.6740000248,0.5371193357489326,0.47750076380642975,2.7168717817826704,2.771458712491122,367.0,4617,3.1
fixation,1333757.0180000067,0.5764393895864487,0.47576253190636636,2.705891418457031,2.7717498779296874,334.0,4618,3.1
fixation,1334107.026000023,0.6169441913565,0.4648693924148877,2.7466303507486978,2.795129140218099,200.0,4619,3.1
fixation,1334323.6979999542,0.6522639145453771,0.46982325116793316,2.7725830078125,2.8231226603190103,200.0,4620,3.1
fixation,1334557.0369999409,0.7024152744561434,0.4615579675883055,2.7619800567626953,2.824352264404297,267.0,4621,3.1
fixation,1334840.3760000467,0.741462767124176,0.4619908253351847,2.7389790852864584,2.7929423014322916,250.0,4622,3.1
fixation,1335107.0499999523,0.7869677520715274,0.4647923639187446,2.744685246394231,2.770086435171274,217.0,4623,3.1
fixation,1335407.05400002,0.2345515973865986,0.5596624352037907,2.617738723754883,2.8708953857421875,134.0,4624,3.1
fixation,1335623.723999977,0.19629684173398548,0.5669256481859419,2.6594679090711804,2.826748318142361,150.0,4625,3.1
fixation,1335790.3940000534,0.2699907928705215,0.5568918615579606,2.5254135131835938,2.735089111328125,166.0,4626,3.1
fixation,1335990.398000002,0.2725755050778389,0.5539994612336159,2.43115234375,2.713531494140625,66.0,4627,3.1
fixation,1336073.7319999933,0.30943014415410847,0.5685643805907323,2.560364943284255,2.735706035907452,217.0,4628,3.1
fixation,1336307.0700000525,0.31127563544682096,0.5727210938930511,2.6175144740513394,2.7761383056640625,117.0,4629,3.1
fixation,1336457.0700000525,0.3544255473784038,0.5599513926676342,2.609594072614397,2.7694222586495534,234.0,4630,3.1
fixation,1336723.743999958,0.4023320885996024,0.5636724283297857,2.683424631754557,2.754491170247396,200.0,4631,3.1
fixation,1336957.0820000172,0.4618573364886371,0.5536828312006864,2.672395185990767,2.773293235085227,184.0,4632,3.1
fixation,1337173.7539999485,0.5392646160390642,0.5550797747241126,2.7133602566189237,2.769353230794271,150.0,4633,3.1
fixation,1337357.0900000334,0.49636322539299726,0.5549597591161728,2.6482667922973633,2.760011672973633,267.0,4634,3.1
fixation,1337640.4270000458,0.5439899563789368,0.5612535886466503,2.6871414184570312,2.7535533905029297,266.0,4635,3.1
fixation,1337923.7660000324,0.5792377997528423,0.5630818090655587,2.7316103848544033,2.761807528409091,183.0,4636,3.1
fixation,1338123.769999981,0.6071775989098982,0.5626842704686251,2.717446067116477,2.7034759521484375,183.0,4637,3.1
fixation,1338323.773000002,0.5788042965260419,0.5715786652131514,2.6731109619140625,2.6990488225763496,367.0,4638,3.1
fixation,1338707.1130000353,0.5980141371488571,0.564691224694252,2.644915771484375,2.6269561767578127,167.0,4639,3.1
fixation,1338907.1180000305,0.6414159192488744,0.5582132087304041,2.6290189302884617,2.598217303936298,217.0,4640,3.1
fixation,1339140.455000043,0.6975425390096811,0.5655290094705728,2.6614450307992787,2.6381307748647838,216.0,4641,3.1
fixation,1339373.7910000086,0.7602106414057992,0.5615194873376326,2.6827586780894888,2.6667646928267046,183.0,4642,3.1
fixation,1339573.794999957,0.7467291839420795,0.5690887272357941,2.7054443359375,2.677194595336914,133.0,4643,3.1
fixation,1339740.4639999866,0.7969020083546638,0.5580803900957108,2.7170448303222656,2.690519332885742,133.0,4644,3.1
fixation,1339890.4689999819,0.8255018691221873,0.5691586881875992,2.7354253133138022,2.712890625,100.0,4645,3.1
fixation,1340090.473999977,0.3241516873240471,0.6817824244499207,2.4431610107421875,2.8044815063476562,66.0,4646,3.1
fixation,1340307.144999981,0.3008802483479182,0.6510929514964422,2.632421875,2.8330459594726562,100.0,4647,3.1
fixation,1340473.8140000105,0.3472169116139412,0.6363416016101837,2.4746063232421873,2.820154825846354,100.0,4648,3.1
fixation,1340690.4869999886,0.36859307438135147,0.624883197247982,2.474040985107422,2.746356964111328,66.0,4649,3.1
fixation,1340890.490999937,0.4132348410785198,0.6372369527816772,2.611598423549107,2.6411304473876953,133.0,4650,3.1
fixation,1341090.4950000048,0.46308977050440653,0.6370907894202641,2.632938929966518,2.630059378487723,116.0,4651,3.1
fixation,1341323.8359999657,0.4538249187171459,0.6309046298265457,2.547515869140625,2.625133514404297,67.0,4652,3.1
fixation,1341740.5099999905,0.45610544251071083,0.6413469215234121,2.6643199920654297,2.695102267795139,150.0,4653,3.1
fixation,1341907.1829999685,0.4989298313856125,0.6350093424320221,2.7182655334472656,2.681390380859375,84.0,4654,3.1
fixation,1342123.8530000448,0.5857567623257637,0.634004145860672,2.759682464599609,2.711455535888672,333.0,4655,3.1
fixation,1342473.8600000143,0.6369328334927559,0.6583329871296882,2.8401893615722655,2.8252189636230467,333.0,4656,3.1
fixation,1342840.5390000343,0.6807018369436264,0.6691592550939984,2.7808939615885415,2.8118633694118924,300.0,4657,3.1
fixation,1343173.8760000467,0.7309278964996337,0.6686785876750946,2.771942138671875,2.8027069091796877,83.0,4658,3.1
fixation,1343373.8830000162,0.5782051453223596,0.19521431281016424,2.856959416316106,2.913232656625601,217.0,4659,NOTRIAL
fixation,1343607.2220000029,0.5704948008060455,0.24027704278176482,2.902650312943892,2.91522216796875,367.0,4660,NOTRIAL
fixation,1344057.23300004,0.5004602249326378,0.45072384281405087,2.8404067466998923,2.90948538944639,484.0,4661,NOTRIAL
fixation,1344590.5789999962,0.6420225679874421,0.6920427680015564,2.862923516167535,2.862348937988281,166.0,4662,NOTRIAL
fixation,1344773.916999936,0.6577301543009909,0.7191197338857149,2.91042086952611,2.9206864206414473,633.0,4663,NOTRIAL
fixation,1345473.932000041,0.5744897557629479,0.28853128519323135,2.9335445827907987,2.9583909776475696,150.0,4664,NOTRIAL
fixation,1345657.2660000324,0.5657092883036687,0.2519498662306712,2.9618870661808896,2.978999211237981,217.0,4665,NOTRIAL
fixation,1345907.2740000486,0.5465319002496785,0.30042470426395024,2.938574429216056,2.9376983642578125,484.0,4666,NOTRIAL
fixation,1346440.6169999838,0.37320758752963124,0.38890669363386493,2.8489487591911766,2.9955471263212314,283.0,4667,NOTRIAL
fixation,1346773.9570000172,0.5603552162647247,0.23293474614620208,3.0429361979166667,3.0612152099609373,250.0,4668,NOTRIAL
fixation,1347040.6269999743,0.6530242579824784,0.22428054800804922,2.989810719209559,2.971218333524816,283.0,4669,NOTRIAL
fixation,1347340.6330000162,0.5774773142554543,0.22707221995700488,2.970156582919034,2.963165283203125,183.33599996566772,4670,NOTRIAL
