classified_movement,recording_timestamp,x,y,pupil_l,pupil_r,duration,ID,USER
fixation,624.7970000505447,0.1952395647764206,0.22113342583179474,2.7123321533203124,,83.0,1,Starttimelines
fixation,724.8300000429153,0.1938610076904297,0.17430336111121708,2.634950425889757,,150.0,2,Starttimelines
fixation,891.5510001182556,0.2606276571750641,0.15404507021109262,2.6224517822265625,,100.0,3,Starttimelines
fixation,1008.2320001125336,0.2623850536697051,0.17635327095494552,2.6403216193704044,2.5775694005629597,284.0,4,Starttimelines
fixation,1341.6650000810623,0.18214687518775463,0.20832067169249058,2.7078323364257812,2.6743392944335938,75.0,5,Starttimelines
fixation,1575.0080000162125,0.18204695545136929,0.21590572719772658,2.7632369995117188,2.666934331258138,392.0,6,Starttimelines
fixation,2024.9540001153946,0.4675433924421668,0.3592248521745205,2.7464046478271484,2.656924247741699,267.0,7,Starttimelines
fixation,2324.9660000801086,0.6177779952685039,0.40392820139726004,2.833570353190104,2.718550618489583,258.0,8,Starttimelines
fixation,2891.684000015259,0.46960244937376544,0.7028780362822793,2.8719732111150567,2.778044267134233,183.0,9,Starttimelines
fixation,3125.041000008583,0.6014907151460648,0.687466847896576,2.964532470703125,2.7684066772460936,167.0,10,Starttimelines
fixation,3475.0630000829697,0.3174167834222317,0.7745268633589149,2.8313393592834473,2.707731246948242,534.0,11,Starttimelines
fixation,4025.088000059128,0.2836567584206076,0.7374963777906755,2.7430348115808822,2.645856969496783,284.0,12,Starttimelines
fixation,4391.762000083923,0.6291894235394218,0.66169119423086,2.734384710138494,2.6320994984019888,183.0,13,Starttimelines
fixation,4641.7590000629425,1.0606633074143355,0.7788724776576547,2.8817605411305145,2.7563584271599266,283.0,14,Starttimelines
fixation,5375.092000007629,0.5107405446469784,1.0031280647963285,2.9764575958251953,2.811124801635742,275.0,15,Starttimelines
fixation,5941.776000022888,0.16880870450820243,0.9607046438114983,2.984403337751116,2.9065235682896207,233.0,16,Starttimelines
fixation,6225.120000004768,0.08332159319384531,0.6086116162213412,3.0629771839488638,2.9430985884232954,184.0,17,Starttimelines
fixation,6441.797000050545,-0.10132329279763831,0.5993360810809665,2.9820370144314237,2.866444057888455,300.0,18,Starttimelines
fixation,6808.477000117302,0.24356761528895451,0.27740845049803076,2.8695965106670673,2.7692291259765627,1083.0,19,Starttimelines
fixation,7991.819000005722,0.27834607859452565,0.5414213697115581,2.850110880533854,2.833290608723958,250.0,20,Starttimelines
fixation,8325.151000022888,-0.21170874054615313,0.6861059872003702,2.8639455942007213,2.790813739483173,225.0,21,Starttimelines
fixation,9091.803000092506,0.36441449935619646,0.5113157171469468,2.8851247934194713,2.8278432992788463,217.0,22,Starttimelines
fixation,9325.12900006771,0.2799966693405182,0.5607999467080639,2.768191429876512,2.7270027898973033,1034.0,23,Starttimelines
fixation,10458.434000015259,0.014737510312856599,-0.26721322401003406,2.9298858642578125,2.7267046841708096,374.0,24,Starttimelines
fixation,10991.777000069618,0.3225807451776096,0.40076519336019245,2.8713607788085938,2.7933458600725447,225.0,25,Starttimelines
fixation,11291.786000013351,0.5459897274320776,0.4593695496970957,2.8765120072798296,2.779653375799006,183.0,26,Starttimelines
fixation,11575.120000004768,0.027371703065693424,-0.14569630349675813,2.7229192824590776,2.7038784935360862,350.0,27,Starttimelines
fixation,12191.798000097275,0.22110752719971868,0.265202834788296,2.826443142361111,2.7412185668945312,292.0,28,Starttimelines
fixation,12591.806000113487,0.21191586071954055,0.19156482070684433,2.8281842400045956,2.725110222311581,283.0,29,Starttimelines
fixation,12908.477000117302,0.27514822656909627,0.17668421380221844,2.7988192240397134,2.6974639892578125,200.0,30,Starttimelines
fixation,13175.150000095367,0.7067694365978241,0.48219368954499564,2.7754221598307294,2.6807851155598956,250.0,31,Starttimelines
fixation,13491.823000073433,1.1051915708710165,0.7454139695448034,2.8486965403837314,2.7324245677274814,291.0,32,Starttimelines
fixation,13975.168000102043,0.2434534387929099,0.45173474081924986,2.7892913818359375,2.832800728934152,109.0,33,Starttimelines
fixation,14141.839000105858,0.21383041112373272,0.22572835379590592,2.860478083292643,2.728573481241862,400.0,34,Starttimelines
fixation,14608.517000079155,0.3938168376684189,0.31372473388910294,2.846296691894531,2.7264312744140624,166.0,35,Starttimelines
fixation,14825.19100010395,0.6204775273799896,0.32199522025055355,2.8317667643229165,2.7048136393229165,150.0,36,Starttimelines
fixation,15025.195000052452,0.3314851040349287,0.547587489380556,2.752017750459559,2.772015739889706,284.0,37,Starttimelines
fixation,15375.203000068665,0.24046473737273896,0.17123937606811523,2.7863856724330356,2.7362540108816966,117.0,38,Starttimelines
fixation,15525.206000089645,0.19818234602187543,0.1814575326886583,2.6924431983460773,2.610513890043218,784.0,39,Starttimelines
fixation,16341.893000006676,0.2679481086405841,0.19424673440781506,2.743874289772727,2.65643310546875,183.0,40,Starttimelines
fixation,16575.232000112534,0.25760376879147123,0.832893003310476,2.6431307111467635,2.5677403041294644,234.0,41,Starttimelines
fixation,16841.90700006485,0.188746829472837,0.7682031180177417,2.7564915248325894,2.65359133765811,350.0,42,Starttimelines
fixation,17241.914000034332,0.23092442683198236,0.22341649031097238,2.8471721302379263,2.7376833829012783,183.0,43,Starttimelines
fixation,17441.921000003815,0.19934426857666535,0.18374796279452063,2.796049638227983,2.6982061212713067,191.0,44,Starttimelines
fixation,17841.93500006199,0.6653811292988914,0.8356617944581168,2.661043439592634,2.539801461356027,117.0,45,Starttimelines
fixation,18041.93800008297,1.2533998489379883,0.8805695410285678,2.8731558663504466,2.779259817940848,241.0,46,Starttimelines
fixation,18475.28300011158,0.20582124820122352,0.20117900692499602,2.7822852501502404,2.7486724853515625,209.0,47,Starttimelines
fixation,18708.6210000515,0.21775526851415633,0.18757840618491173,2.750749206542969,2.714385986328125,166.0,48,Starttimelines
fixation,18891.960000038147,0.26804570108652115,0.1803956057199023,2.6662979125976562,2.664388483220881,733.0,49,Starttimelines
fixation,19641.976000070572,0.1956795226959955,0.193073723642599,2.732658022925967,2.731136503673735,358.0,50,Starttimelines
fixation,20075.31600010395,0.19486587774008512,0.19948431570082903,2.755556106567383,2.6989364624023438,126.0,51,Starttimelines
fixation,20241.986000061035,0.2575839161872864,0.1781967133283615,2.745693630642361,2.6983879937065973,158.0,52,Starttimelines
fixation,20541.993000030518,0.9426728755235672,0.6765452861785889,2.7847579956054687,2.671676635742187,159.0,53,Starttimelines
fixation,20741.99700009823,1.137331614891688,0.7299772116045157,2.7982565561930337,2.6877365112304688,400.0,54,Starttimelines
fixation,21192.00600004196,0.9037417948246003,0.8043401718139649,2.7581146240234373,2.6556121826171877,84.0,55,Starttimelines
fixation,21708.681000113487,0.611977773408095,0.9186479474107424,2.6757469177246094,2.5546340942382812,200.0,56,Starttimelines
fixation,21992.023000001907,1.1879524152453353,0.8818315899953609,2.9131652087700077,2.764089816954078,684.0,57,Starttimelines
fixation,22708.708000063896,1.1527883312918923,0.633951706236059,2.8753229185592297,2.7474245938387782,917.0,58,Starttimelines
fixation,23675.388000011444,1.1271271109580994,0.30088996328413486,2.8815180460611978,2.832775115966797,200.0,59,Starttimelines
fixation,23925.388000011444,1.1278411818713676,-0.0387707407154688,2.9431993437976374,,683.0,60,Starttimelines
fixation,24625.37600004673,1.1125306501275016,0.0059665140122108695,2.953025636218843,,1400.0,61,Starttimelines
fixation,26042.023000001907,1.1103474915027618,0.0309969543479383,2.9854812622070312,,667.0,62,Starttimelines
fixation,26942.00300002098,0.765559165014161,0.9726035429371728,3.025032891167535,2.560178968641493,150.0,63,Starttimelines
fixation,27108.671000003815,1.167523048140786,0.7036270661787554,2.987966364080256,2.899564569646662,366.0,64,Starttimelines
fixation,27541.992000102997,1.1236586362123488,0.29219048097729683,2.875588226318359,2.773809051513672,675.0,65,Starttimelines
fixation,28358.643000006676,1.1310481939996992,0.37423413566180636,2.890561785016741,2.8045643397739957,225.0,66,Starttimelines
fixation,28625.306000113487,1.0982543230056763,0.1828402876853943,3.0023895263671876,,167.0,67,Starttimelines
fixation,28958.638000011444,1.0515538069509691,-0.09025042431969796,3.0305589245211695,3.2801513671875,516.0,68,Starttimelines
fixation,29508.649000048637,0.9830005991458893,-0.023746329843997955,3.06959716796875,2.7810931396484375,424.0,69,Starttimelines
fixation,30508.66200006008,0.8725731298327446,0.3773067072033882,3.0827980041503906,2.988544464111328,66.0,70,Starttimelines
fixation,30625.329000115395,1.1715546986635994,0.6371360736734727,3.178554759306066,3.030178294462316,292.0,71,Starttimelines
fixation,31142.0,1.1075024604797363,0.2077835981141437,2.9897960316051138,2.8396967107599433,176.0,72,Starttimelines
fixation,31358.671000003815,1.211966077486674,-0.013356444529361196,3.0156368679470487,,150.0,73,Starttimelines
fixation,31592.008000016212,1.0253478342836553,-0.17743956771763889,2.8538603349165483,,367.0,74,Starttimelines
fixation,31992.013000011444,0.975994884967804,-0.2510487660765648,2.861974080403646,,108.0,75,Starttimelines
fixation,35117.049000024796,0.9764137438365391,0.009820006455161743,,2.547971452985491,125.0,76,Starttimelines
fixation,35317.05500006676,0.9650340097792008,-0.10184448646545849,2.8475341796875,2.5897504021139706,575.0,77,Starttimelines
fixation,36150.39900004864,0.9674641581682059,-0.06765907573012206,2.8408355712890625,2.870545607346755,216.0,78,Starttimelines
fixation,36383.735000014305,0.9364289820194245,-0.09582856575119271,2.8737808227539063,2.597728474934896,500.0,79,Starttimelines
fixation,36917.075000047684,1.0176368899205153,-0.1960740810369744,2.8861528284409466,,1142.0,80,Starttimelines
fixation,38267.09600007534,1.194291591644287,0.9565700980333182,2.9222318209134617,,217.0,81,Starttimelines
fixation,39383.77600002289,1.177502921649388,0.7252602194036756,,2.72003173828125,233.0,82,Starttimelines
fixation,39733.78100001812,1.1549203937703914,-0.11033944853327492,2.855836348100142,,367.0,83,Starttimelines
fixation,41458.799000024796,0.7421334162354469,0.23427733965218067,2.7218971252441406,2.6037216186523438,74.0,84,Starttimelines
fixation,41692.144000053406,0.18147790890473586,0.21725261440643898,2.7131934532752404,2.709997323843149,209.0,85,Starttimelines
fixation,41925.47300004959,0.1842272559350187,0.18744363500313324,2.718661221590909,2.694052956321023,183.0,86,Starttimelines
fixation,42142.144000053406,0.26160943508148193,0.16847339845620668,2.5845301701472354,2.585283719576322,217.0,87,Starttimelines
fixation,42375.48000001907,0.19938706159591674,0.1815093293786049,2.5792236328125,2.590218098958333,250.0,88,Starttimelines
fixation,42658.8180000782,0.247357581431667,0.18243453341225782,2.6430753072102866,2.642462412516276,200.0,89,Starttimelines
fixation,42875.483000040054,0.27713337540626526,0.18764670246413775,2.6501268659319197,2.6709060668945312,233.0,90,Starttimelines
fixation,43142.15800011158,0.18055531134208044,0.24445860187212626,2.6994954427083333,2.7026682535807294,250.0,91,Starttimelines
fixation,43408.826000094414,0.2079385289301475,0.23182714730501175,2.6812515258789062,2.6852213541666665,208.0,92,Starttimelines
fixation,43825.5,0.2251446811216218,0.23025781129087722,2.6325792585100447,2.6693700154622397,108.0,93,Starttimelines
fixation,43975.50700008869,0.2860662631690502,0.23382512293756008,2.7261497497558596,2.7014701843261717,333.0,94,Starttimelines
fixation,44342.18600010872,0.31942129135131836,0.24144199738899866,2.6245049370659723,2.583982679578993,150.0,95,Starttimelines
fixation,44508.85700011253,0.36568298616579603,0.25087988695928026,2.608210972377232,2.5580335344587053,233.0,96,Starttimelines
fixation,44758.86500000954,0.4192779928445816,0.2387988746166229,2.56898193359375,2.5423019409179686,167.0,97,Starttimelines
fixation,44958.875,0.4626628071069717,0.23987588435411453,2.5350738525390626,2.5073333740234376,167.0,98,Starttimelines
fixation,45158.88000011444,0.5109126203589969,0.23873638527260888,2.5339287651909723,2.499567667643229,150.0,99,Starttimelines
fixation,45358.888000011444,0.5679062306880951,0.24206993505358695,2.5450698852539064,2.509165954589844,167.0,100,Starttimelines
fixation,45558.893000006676,0.6532154563400481,0.24684401560160849,2.5609232584635415,2.503111097547743,300.0,101,Starttimelines
fixation,45892.238000035286,0.7119740724563599,0.2486027553677559,2.5930816650390627,2.503790283203125,92.0,102,Starttimelines
fixation,46175.583000063896,0.7524358306242072,0.236630969721338,2.6260893448539404,2.5239264446756113,375.0,103,Starttimelines
fixation,46575.59900009632,0.6804537177085876,0.24000051245093346,2.6394683837890627,2.5517013549804686,166.0,104,Starttimelines
fixation,46758.93600010872,0.7515836860004225,0.23919204230371274,2.6132684004934212,2.5052482203433386,325.0,105,Starttimelines
fixation,47275.62200009823,0.18554095261626774,0.2608745876285765,2.706300523546007,2.624841478135851,292.0,106,Starttimelines
fixation,47592.30200004578,0.21805849061770874,0.26240853423422034,2.6889204545454546,2.5756086869673296,184.0,107,Starttimelines
fixation,47792.30800008774,0.26129425317049026,0.26386076062917707,2.6213836669921875,2.528997802734375,167.0,108,Starttimelines
fixation,47975.65300011635,0.32886988726946026,0.26909587016472447,2.623021052433894,2.535771296574519,216.0,109,Starttimelines
fixation,48225.65800011158,0.40702641755342484,0.2634089831262827,2.6024856567382812,2.5157690048217773,267.0,110,Starttimelines
fixation,48525.672000050545,0.4565838804611793,0.27164693635243636,2.563745351938101,2.48928950383113,217.0,111,Starttimelines
fixation,48775.68000006676,0.5079217553138733,0.2674300881723563,2.5841662089029946,2.501603444417318,200.0,112,Starttimelines
fixation,49009.016000032425,0.5824815067980025,0.2666511833667755,2.5922682020399304,2.5081990559895835,150.0,113,Starttimelines
fixation,49192.35000002384,0.6516903539498647,0.2767227076821857,2.6032647026909723,2.512975056966146,150.0,114,Starttimelines
fixation,49375.68600010872,0.6985952981880733,0.2752727781023298,2.6048692975725447,2.511173793247768,117.0,115,Starttimelines
fixation,49525.69000005722,0.7660600952804089,0.27347945235669613,2.619722366333008,2.5116348266601562,141.0,116,Starttimelines
fixation,49842.363000035286,0.19308393276654756,0.30867655116778153,2.66256596491887,2.6135899470402646,208.0,117,Starttimelines
fixation,50092.367000103,0.2706222102046013,0.29798093885183335,2.6863800048828126,2.59371337890625,166.0,118,Starttimelines
fixation,50359.03700006008,0.17437069456685672,0.3638163208961487,2.5573661110617896,2.5237593217329546,184.0,119,Starttimelines
fixation,50559.03900003433,0.20338792271084255,0.3675989376174079,2.5793897840711804,2.55531989203559,150.0,120,Starttimelines
fixation,50742.37400007248,0.25964388251304626,0.36795936193731094,2.5755615234375,2.535425821940104,150.0,121,Starttimelines
fixation,50925.71100008488,0.30613625877433354,0.36936664746867287,2.56111823187934,2.5280049641927085,150.0,122,Starttimelines
fixation,51109.047000050545,0.3860387778840959,0.369470773730427,2.5502305030822754,2.505615711212158,534.0,123,Starttimelines
fixation,51675.72600007057,0.46865351498126984,0.36169268041849134,2.5710525512695312,2.5053665161132814,167.0,124,Starttimelines
fixation,51875.72900009155,0.5258374243974686,0.364052914083004,2.597711181640625,2.523823547363281,167.0,125,Starttimelines
fixation,52059.06500005722,0.5759397447109222,0.3598024050394694,2.6269200642903647,2.5494728088378906,200.0,126,Starttimelines
fixation,52275.734000086784,0.6170601504189628,0.355571129492351,2.6462227957589284,2.558774675641741,117.0,127,Starttimelines
fixation,52425.735000014305,0.5351168896470752,0.3670085881437574,2.654494149344308,2.563633510044643,233.0,128,Starttimelines
fixation,52692.4090000391,0.6489603842298189,0.35872096195816994,2.724903106689453,2.6070582071940103,200.0,129,Starttimelines
fixation,52925.74500000477,0.6917180554433302,0.36024916849353095,2.7776738947088067,2.6421952681107954,183.0,130,Starttimelines
fixation,53142.41600000858,0.7396282298224313,0.35433941228049143,2.753717694963728,2.617802211216518,233.0,131,Starttimelines
fixation,53409.08500003815,0.7898301018608941,0.35896389848656124,2.72560797797309,2.58127678765191,158.0,132,Starttimelines
fixation,53725.75900006294,0.20136006070034845,0.4045791242803846,2.7239183698381697,2.690434047154018,117.0,133,Starttimelines
fixation,53859.09400010109,0.16976318508386612,0.40291349093119305,2.7489217122395835,2.679207695855035,150.0,134,Starttimelines
fixation,54042.43100011349,0.24483872726559638,0.40324142277240754,2.70482177734375,2.6270370483398438,166.0,135,Starttimelines
fixation,54225.77100002766,0.28393728906909627,0.40047434096535045,2.620580037434896,2.557037353515625,200.0,136,Starttimelines
fixation,54442.44400000572,0.307715333170361,0.3963572598165936,2.6428019205729165,2.5637139214409723,150.0,137,Starttimelines
fixation,54625.78200006485,0.1965305432677269,0.4602211505174637,2.6410980224609375,2.580078125,83.0,138,Starttimelines
fixation,54725.78500008583,0.19476066472438666,0.4591347792973885,2.664605947641226,2.5742774376502404,217.0,139,Starttimelines
fixation,54959.125,0.24887957274913788,0.46242365390062334,2.6760482788085938,2.56568603515625,167.0,140,Starttimelines
fixation,55142.459000110626,0.2939120950177312,0.46596663910895586,2.7004241943359375,2.572756767272949,266.0,141,Starttimelines
fixation,55425.80500006676,0.27665237834056217,0.47004684309164685,2.7237955729166665,2.613928476969401,208.0,142,Starttimelines
fixation,55842.48200011253,0.22853067600064808,0.4708641320466995,2.7461615668402777,2.5981072319878473,142.0,143,Starttimelines
fixation,56009.15100002289,0.19552681595087051,0.46120742801576853,2.7543039321899414,2.6108999252319336,267.0,144,Starttimelines
fixation,56309.16000008583,0.3016043018411707,0.4586839057781078,2.6328243679470487,2.515331127025463,450.0,145,Starttimelines
fixation,56792.50800001621,0.22201353404670954,0.46302875876426697,2.588296890258789,2.503765106201172,266.0,146,Starttimelines
fixation,57109.18300008774,0.3085532662543384,0.5720786641944539,2.5612376819957388,2.5059037642045454,184.0,147,Starttimelines
fixation,57325.8560000658,0.19400384525458017,0.4907546602189541,2.584458669026693,2.529719034830729,200.0,148,Starttimelines
fixation,57542.53100001812,0.2348293877310223,0.46120041277673507,2.5874481201171875,2.5254109700520835,150.0,149,Starttimelines
fixation,57709.201000094414,0.2805634422434701,0.4566791703303655,2.5782657199435763,2.513483683268229,150.0,150,Starttimelines
fixation,57875.8710000515,0.1920490562915802,0.4625168922874663,2.5514051649305554,2.4979451497395835,150.0,151,Starttimelines
fixation,58059.21100008488,0.186615320853889,0.29006190598011017,2.5740489959716797,2.504362106323242,134.0,152,Starttimelines
fixation,58209.21400010586,0.19674717228521,0.21021508425474167,2.5896870006214487,2.4913441051136362,184.0,153,Starttimelines
fixation,58409.21800005436,0.20782720670104027,0.19107889384031296,2.587627410888672,2.4818267822265625,67.0,154,Starttimelines
fixation,58492.55800008774,0.2689195399483045,0.1747826517870029,2.6042912801106772,2.498338063557943,208.0,155,Starttimelines
fixation,58775.89700007439,0.1915181688964367,0.226886797696352,2.5885257720947266,2.5092830657958984,125.0,156,Starttimelines
fixation,58959.235000014305,0.3305971950292587,0.24055913388729094,2.6408035278320314,2.51776123046875,167.0,157,Starttimelines
fixation,59142.57300007343,0.376512656157667,0.2364133210344748,2.6287800181995737,2.5224137739701704,183.0,158,Starttimelines
fixation,59342.574000000954,0.45555443233913845,0.24048130379782784,,2.543704562717014,150.0,159,Starttimelines
fixation,59542.579000115395,0.4959023281931877,0.23591645285487176,2.6618301391601564,2.5679611206054687,166.0,160,Starttimelines
fixation,59742.581000089645,0.5953476689755917,0.23067077063024044,2.6848831176757812,2.5624542236328125,141.0,161,Starttimelines
fixation,60109.25300002098,0.6462758268628802,0.23316078686288425,2.6677518572126115,2.556380135672433,234.0,162,Starttimelines
fixation,60375.924000024796,0.7411770064097184,0.23562487730613121,2.6567300649789662,2.5336338923527646,225.0,163,Starttimelines
fixation,60809.263000011444,0.19333919286727905,0.2717211939394474,2.597059631347656,2.5543281555175783,334.0,164,Starttimelines
fixation,61159.270000100136,0.2539608314633369,0.2589806646108627,2.5985977172851564,2.518426513671875,167.0,165,Starttimelines
fixation,61359.27500009537,0.1737506261302365,0.25915488931867814,2.525467766655816,2.4905098809136286,300.0,166,Starttimelines
fixation,61675.94500005245,0.20952672262986502,0.25823517764608067,2.597209930419922,2.5488204956054688,200.0,167,Starttimelines
fixation,61892.61500000954,0.2505281778673331,0.26257915919025737,2.6242523193359375,2.5599594116210938,200.0,168,Starttimelines
fixation,62125.953000068665,0.32624391093850136,0.2745253577828407,2.6460502624511717,2.566689300537109,333.0,169,Starttimelines
fixation,62492.62600004673,0.4092862606048584,0.26764383912086487,2.6182120186941966,2.5336172921316966,124.0,170,Starttimelines
fixation,62859.294000029564,0.47803855190674466,0.276697501540184,2.6063385009765625,2.5228246053059897,92.0,171,Starttimelines
fixation,62992.63500010967,0.5189355053007603,0.26770894322544336,2.6595935821533203,2.566547393798828,266.0,172,Starttimelines
fixation,63309.30700004101,0.6258172957520736,0.2711010269428554,2.551340203536184,2.479548404091283,317.0,173,Starttimelines
fixation,63642.643000006676,0.6698756630604084,0.26778678309458953,2.5418055607722354,2.4912038949819713,216.0,174,Starttimelines
fixation,63875.98000001907,0.7196240685880184,0.2664437089115381,2.53607177734375,2.482135772705078,133.0,175,Starttimelines
fixation,64042.64900004864,0.7626064643263817,0.273420849442482,2.5395042419433596,2.464921569824219,341.0,176,Starttimelines
fixation,64559.3220000267,0.18120635186250394,0.31542935967445374,2.594403780423678,2.561994112454928,209.0,177,Starttimelines
fixation,64792.65800011158,0.22234917296604675,0.29889879849824036,2.6194624467329546,2.5378251509232954,183.0,178,Starttimelines
fixation,64992.66200006008,0.2726086271660669,0.29882108526570456,2.5363660539899553,2.465195792061942,233.0,179,Starttimelines
fixation,65259.332000017166,0.18120222259312868,0.3466359144076705,2.5519962310791016,2.49143123626709,267.0,180,Starttimelines
fixation,65559.33400011063,0.22277513767282167,0.3473929452399413,2.5314979553222656,2.4568748474121094,200.0,181,Starttimelines
fixation,65776.00700008869,0.26463388854807074,0.36343391781503503,2.536995627663352,2.472414883700284,184.0,182,Starttimelines
fixation,65976.00600004196,0.3187279336982303,0.358207826813062,2.5549519856770835,2.5026380750868054,150.0,183,Starttimelines
fixation,66159.34000003338,0.3591820379862419,0.36303556653169483,2.5504537729116588,2.5072549673227162,216.0,184,Starttimelines
fixation,66409.34400010109,0.40730840265750884,0.36295105516910553,2.5547821044921877,2.495262451171875,416.0,185,Starttimelines
fixation,66859.35300004482,0.4960105290467089,0.3563505919142203,2.5817940451882104,2.491912841796875,366.0,186,Starttimelines
fixation,67242.68800008297,0.5420514941215515,0.3599387725194295,2.549443562825521,2.478288777669271,250.0,187,Starttimelines
fixation,67509.3560000658,0.5951217681169509,0.35105654448270796,2.5519729614257813,2.4697723388671875,166.0,188,Starttimelines
fixation,67709.35800004005,0.643396261063489,0.3480283252217553,2.534647161310369,2.4551960338245737,183.0,189,Starttimelines
fixation,67909.36300003529,0.6937908427789807,0.35288451239466667,2.5199546813964844,2.448427677154541,533.0,190,Starttimelines
fixation,68476.03300011158,0.7510683292692358,0.3554322909225117,2.5230477072975854,2.4297221790660513,184.0,191,Starttimelines
fixation,68676.03800010681,0.7940602050377772,0.35256920525660884,2.527685312124399,2.44537353515625,217.0,192,Starttimelines
fixation,68992.70900011063,0.22663818765431643,0.39631532691419125,2.531007766723633,2.565279006958008,133.0,193,Starttimelines
fixation,69142.7120000124,0.1698311519893733,0.396457467566837,2.550069635564631,2.5118865966796875,183.0,194,Starttimelines
fixation,69359.38100004196,0.23471673442558807,0.40412540462884033,2.517548994584517,2.454659201882102,183.0,195,Starttimelines
fixation,69576.0530000925,0.2708660983122312,0.3935053027593173,2.462140596829928,2.4339200533353367,217.0,196,Starttimelines
fixation,69826.05700004101,0.3518400387838483,0.46557413414120674,2.47458553314209,2.4548521041870117,267.0,197,Starttimelines
fixation,70126.06200003624,0.21042250565908574,0.4661699848042594,2.4408303719979747,2.442996554904514,450.0,198,Starttimelines
fixation,70609.40100002289,0.28996121436357497,0.46186287701129913,2.488262176513672,2.4572120666503907,333.0,199,Starttimelines
fixation,70976.07400000095,0.34579857100139966,0.4536180487184813,2.5022749467329546,2.478004224372633,558.0,200,Starttimelines
fixation,71742.75600004196,0.373892846206824,0.46389126032590866,2.5558446248372397,2.5378189086914062,92.0,201,Starttimelines
fixation,71859.42300009727,0.357622130215168,0.46617291420698165,2.6105560302734374,2.5821914672851562,166.0,202,Starttimelines
fixation,72059.42300009727,0.4305546005566915,0.4679870257774989,2.5830312093098957,2.5468953450520835,250.0,203,Starttimelines
fixation,72342.76300001144,0.4890243063370387,0.45735982226000893,2.5173136393229165,2.4656439887152777,150.0,204,Starttimelines
fixation,72509.43600010872,0.544630785783132,0.4573725213607152,2.5379562377929688,2.457930246988932,200.0,205,Starttimelines
fixation,72726.10700011253,0.6113699105652896,0.4531082714145834,2.5410003662109375,2.493490045720881,184.0,206,Starttimelines
fixation,72942.77700006962,0.6861180011183023,0.4559090593829751,2.578336715698242,2.508798599243164,267.0,207,Starttimelines
fixation,73242.77900004387,0.7495669741183519,0.45623860228806734,2.615558624267578,2.524446487426758,267.0,208,Starttimelines
fixation,73609.45500004292,0.16180641068653626,0.5136585831642151,2.6419511274857954,2.6519927978515625,183.0,209,Starttimelines
fixation,73809.45500004292,0.23112845592773879,0.4993996001206912,2.6461076002854567,2.6299814077524037,224.0,210,Starttimelines
fixation,74226.12900006771,0.27846311777830124,0.49888756684958935,2.557657241821289,2.5570812225341797,126.0,211,Starttimelines
fixation,74376.13300001621,0.33670695275068285,0.5017086520791054,2.6208831787109377,2.601057434082031,167.0,212,Starttimelines
fixation,74559.47100007534,0.3779632896184921,0.5059748242298762,2.5646209716796875,2.5642496744791665,150.0,213,Starttimelines
fixation,74742.80900001526,0.46677406557968687,0.49303566025836126,2.5075901576450894,2.4997874668666293,233.0,214,Starttimelines
fixation,75009.48200011253,0.3765627585351467,0.5015859015285968,2.5127525329589844,2.557622528076172,333.0,215,Starttimelines
fixation,75376.15300011635,0.30075092548909393,0.49956660944482556,2.5278220798658286,2.5558093527088994,384.0,216,Starttimelines
fixation,75776.16200006008,0.3548250005525701,0.5029004750882878,2.5511761833639706,2.5346518123851105,284.0,217,Starttimelines
fixation,76076.16400003433,0.3922362435947765,0.4979053478349339,2.5454892245205967,2.537911155007102,184.0,218,Starttimelines
fixation,76276.17100000381,0.4621911650666824,0.4987810466151971,2.5513892540564904,2.518010066105769,434.0,219,Starttimelines
fixation,76759.51000010967,0.19815648897834445,0.5506727760252745,2.507157698921535,2.5244731073794155,383.0,220,Starttimelines
fixation,77159.5150001049,0.24145004046814783,0.5586788952350616,2.4643358503069197,2.46942138671875,116.0,221,Starttimelines
fixation,77292.85400009155,0.2904211961560779,0.5671398705906339,2.426335652669271,2.453060574001736,150.0,222,Starttimelines
fixation,77476.1930000782,0.3536914148264461,0.5647021548615562,2.446544223361545,2.48183356391059,300.0,223,Starttimelines
fixation,77792.86400008202,0.3984766572713852,0.5721401631832123,2.4789352416992188,2.488665771484375,167.0,224,Starttimelines
fixation,77976.20100009441,0.45319604575634004,0.5694916337728501,2.46544189453125,2.4538543701171873,167.0,225,Starttimelines
fixation,78176.20300006866,0.496990105509758,0.5619012773036957,2.4486480712890626,2.4334503173828126,167.0,226,Starttimelines
fixation,78376.20900011063,0.5582770572768317,0.5574005477958255,2.442930433485243,2.4246927897135415,150.0,227,Starttimelines
fixation,78542.87700009346,0.6114101409912109,0.5584978352893483,2.434321316805753,2.412546331232244,367.0,228,Starttimelines
fixation,78926.22200000286,0.6412186963217599,0.5584395229816437,2.429703848702567,2.4058140345982144,234.0,229,Starttimelines
fixation,79176.22400009632,0.69162800659736,0.5550490965445837,2.449975331624349,2.427323659261068,200.0,230,Starttimelines
fixation,79392.89200007915,0.7532824250784788,0.5647952475331046,2.486268477006392,2.4553347500887783,191.0,231,Starttimelines
fixation,79792.90000009537,0.19060774271686873,0.6177865316470464,2.515967051188151,2.533355712890625,192.0,232,Starttimelines
fixation,80026.2350000143,0.2412384174325887,0.6014238823862637,2.489510928883272,2.483807732077206,284.0,233,Starttimelines
fixation,80392.91100001335,0.32527743705681395,0.6070897047008786,2.4128505161830356,2.4618050711495534,233.0,234,Starttimelines
fixation,80659.58200001717,0.4113944186405702,0.599454787644473,2.374490911310369,2.4274735884232954,183.0,235,Starttimelines
fixation,80859.58500003815,0.46615535269180935,0.6005235264698664,2.4124272664388022,2.420649210611979,100.0,236,Starttimelines
fixation,81009.58800005913,0.19594502279704268,0.6719439056786624,2.4479834816672583,2.4760041670365767,366.0,237,Starttimelines
fixation,81409.59700000286,0.2716967076063156,0.6612839639186859,2.3776285807291666,2.4214213053385416,250.0,238,Starttimelines
fixation,81692.93500006199,0.3379938950141271,0.6678681895136833,2.3677940368652344,2.3968772888183594,200.0,239,Starttimelines
fixation,81909.60400009155,0.4000860344279896,0.6772194477644834,2.3748737681995737,2.443817138671875,183.0,240,Starttimelines
fixation,82109.60300004482,0.3422324061393738,0.6696585416793823,2.3658519071691178,2.422930549172794,283.0,241,Starttimelines
fixation,82426.27600002289,0.40836258679628373,0.672666022181511,2.3489913940429688,2.3872116088867186,167.0,242,Starttimelines
fixation,82626.28100001812,0.4944786372093054,0.6569379040828118,2.317256047175481,2.3533430833082933,217.0,243,Starttimelines
fixation,82876.2840000391,0.5553155030523028,0.6544637360743114,2.367694309779576,2.3476758684430803,234.0,244,Starttimelines
fixation,83142.9580000639,0.6205551028251648,0.6488472640514373,2.3612823486328125,2.35216064453125,83.0,245,Starttimelines
fixation,83242.95900011063,0.6878545652417576,0.657555985100129,2.4329807057100186,2.3913080552045036,283.0,246,Starttimelines
fixation,83542.96400010586,0.7446030726035436,0.6528395066658655,2.4953740437825522,2.4296773274739585,108.0,247,Starttimelines
fixation,83792.96900010109,0.20940764546394347,0.7319691121578217,2.4952728271484377,2.4969390869140624,159.0,248,Starttimelines
fixation,83976.30500006676,0.18966515436768533,0.7872440636157989,2.5653060913085937,2.4908706665039064,167.0,249,Starttimelines
fixation,84159.64300000668,0.29638432264328,0.7760638028383255,2.5184921264648437,2.4758041381835936,174.0,250,Starttimelines
fixation,84859.65600001812,0.3245145745575428,0.3875676907598972,2.8070610046386717,2.7349403381347654,333.0,251,Starttimelines
fixation,85243.0,0.21724815453801835,0.38258656433650423,2.7539890834263394,2.688116891043527,117.0,252,Starttimelines
fixation,85393.00100004673,0.1884138378150323,0.3714999127037385,2.7378001493566178,2.6624558392693016,284.0,253,Starttimelines
fixation,85693.00700008869,0.2274818018078804,0.37512809634208677,2.7934295654296877,2.720880126953125,92.0,254,Starttimelines
fixation,86026.34500002861,0.3005746006965637,0.38588960468769073,2.845955742730035,2.8068449232313366,292.0,255,Starttimelines
fixation,86343.01600003242,0.36638763546943665,0.38301771581172944,2.783555603027344,2.76395263671875,167.0,256,Starttimelines
fixation,86576.35900008678,0.399727609540735,0.38443274583135334,2.704327174595424,2.6898084368024553,233.0,257,Starttimelines
fixation,86826.36300003529,0.4503436183387583,0.36971353129907086,2.6557048450816763,2.632600264115767,183.0,258,Starttimelines
fixation,87043.03500008583,0.4954607918858528,0.37687658667564394,2.6562515258789063,2.6219711303710938,167.0,259,Starttimelines
fixation,87243.03800010681,0.5606205082601972,0.3730218708515167,2.6421084933810763,2.597570631239149,300.0,260,Starttimelines
fixation,87559.71300005913,0.6107568889856339,0.37155174038239885,2.603243146623884,2.534073965890067,233.0,261,Starttimelines
fixation,87809.71600008011,0.6468508119384447,0.3786991896728675,2.600721995035807,2.5476455688476562,200.0,262,Starttimelines
fixation,88026.38800001144,0.6916416393172357,0.37887771043085283,2.601833220451109,2.5431646531628025,516.0,263,Starttimelines
fixation,88559.73400008678,0.7414570599794388,0.3859521597623825,2.604046412876674,2.511995588030134,233.0,264,Starttimelines
fixation,88826.40100002289,0.7967834353446961,0.3879876762628555,2.613690185546875,2.501776123046875,91.0,265,Starttimelines
fixation,89276.41300010681,0.17524748109281063,0.43322916080554325,2.6468734741210938,2.631305694580078,192.0,266,Starttimelines
fixation,89493.08400011063,0.22748779567579427,0.4219280829032262,2.6290283203125,2.5796597798665366,200.0,267,Starttimelines
fixation,89709.75400006771,0.2775569341399453,0.4142037020488219,2.54052734375,2.4977860884232954,183.0,268,Starttimelines
fixation,89926.42500007153,0.3339591344197591,0.4195657461881638,2.5205657958984373,2.523565673828125,250.0,269,Starttimelines
fixation,90209.76300001144,0.3971914036406411,0.42328038977252114,2.5172882080078125,2.4866951836480036,300.0,270,Starttimelines
fixation,90526.43500006199,0.4565117965141932,0.4220037450393041,2.548537190755208,2.5029622395833333,250.0,271,Starttimelines
fixation,90809.77400004864,0.5182319760322571,0.4235556244850159,2.552784729003906,2.5112289428710937,167.0,272,Starttimelines
fixation,91009.77800011635,0.5645736293359236,0.42188174480741675,2.565346457741477,2.5212443958629263,183.0,273,Starttimelines
fixation,91209.77900004387,0.6455576221148173,0.41630232168568504,2.5460058141637734,2.4958128752531827,458.0,274,Starttimelines
fixation,91826.4580000639,0.18995123654603957,0.5153951148192087,2.5502548217773438,2.5614827473958335,242.0,275,Starttimelines
fixation,92093.12800002098,0.23415364054116336,0.51955892552029,2.5448247736150567,2.533297452059659,184.0,276,Starttimelines
fixation,92309.80000007153,0.2798861593008041,0.5122538606325785,2.445390828450521,2.4745686848958335,250.0,277,Starttimelines
fixation,92593.13700008392,0.3443602919578552,0.5295036503901849,2.4655620868389425,2.4787456805889425,217.0,278,Starttimelines
fixation,92826.47400009632,0.42664093607001835,0.5234993629985385,2.4627787272135415,2.4770711263020835,150.0,279,Starttimelines
fixation,93009.81300008297,0.3653856764237086,0.37388505869441563,2.534371270073785,2.5192498101128473,150.0,280,Starttimelines
fixation,93209.81400001049,0.19462212802548157,0.3644322909806904,2.604022377415707,2.570269936009457,317.0,281,Starttimelines
fixation,93609.81900000572,0.4579605642292235,0.3872985806730058,2.615815904405382,2.5133548312717013,150.0,282,Starttimelines
fixation,93776.48800003529,0.43919984698295594,0.39766556620597837,2.5888946533203123,2.52655029296875,83.0,283,Starttimelines
fixation,93909.82600009441,0.18981118872761726,0.37653883712159264,2.5797941419813366,2.574552747938368,300.0,284,Starttimelines
fixation,94243.16500008106,0.24357987112469143,0.3858477903736962,2.591552734375,2.560946994357639,150.0,285,Starttimelines
fixation,94426.5,0.3111398186948564,0.38563797374566394,2.572912428114149,2.5429339938693576,300.0,286,Starttimelines
fixation,94759.83800005913,0.38135518772261484,0.3803792915173939,2.5411464146205356,2.540158952985491,117.0,287,Starttimelines
fixation,94893.17300009727,0.41496260464191437,0.3814000924428304,2.53795166015625,2.5314839680989585,250.0,288,Starttimelines
fixation,95176.50900006294,0.4918592820564906,0.37195264051357907,,2.5481135050455728,100.0,289,Starttimelines
fixation,95359.84400010109,0.5637788093752332,0.37470828493436176,2.5868148803710938,2.528559366861979,300.0,290,Starttimelines
fixation,95676.51600003242,0.6112345294518904,0.37483907558701257,2.5800919966264204,2.5299862948330967,183.0,291,Starttimelines
fixation,95876.52100002766,0.6508077626878565,0.3663723983547904,2.542938232421875,2.4932361949573862,183.0,292,Starttimelines
fixation,96093.19100010395,0.6941050350666046,0.3646906681358814,2.5483055114746094,2.5099151611328123,334.0,293,Starttimelines
fixation,96459.86200010777,0.7299014627933502,0.36712926377852756,2.5872421264648438,2.543310801188151,200.0,294,Starttimelines
fixation,96676.53100001812,0.7607911893954644,0.3711365553048941,2.56683349609375,2.5357337364783654,216.0,295,Starttimelines
fixation,96909.86600005627,0.8245523486818586,0.35936395823955536,2.556910923549107,2.5103977748325894,125.0,296,Starttimelines
fixation,97243.2080000639,0.809721420208613,0.3682258104284604,2.6070454915364585,2.5396143595377603,92.0,297,Starttimelines
fixation,97443.21000003815,0.20758386924862862,0.4077714055776596,2.6965057373046877,2.677850341796875,167.0,298,Starttimelines
fixation,97626.54600000381,0.1739396250673703,0.4084211917860167,2.6267994471958707,2.585699898856027,233.0,299,Starttimelines
fixation,97893.21600008011,0.2506595683448455,0.4132162446484846,2.5614067526424633,2.5172675637637867,284.0,300,Starttimelines
fixation,98193.21900010109,0.3239952828735113,0.4188760984688997,2.540874481201172,2.5164318084716797,267.0,301,Starttimelines
fixation,98476.55800008774,0.3642004330952962,0.42074502259492874,2.548650105794271,2.5095291137695312,100.0,302,Starttimelines
fixation,98593.22600007057,0.40612759987513225,0.4191740483045578,2.5605804443359377,2.4866241455078124,250.0,303,Starttimelines
fixation,98859.89700007439,0.45996952286133397,0.4107287973165512,2.5716388408954325,2.484070997971755,217.0,304,Starttimelines
fixation,99093.2350000143,0.5099542276425795,0.4190268489447507,2.575445556640625,2.486948186700994,184.0,305,Starttimelines
fixation,99293.23700010777,0.5670500451868231,0.41139551590789447,2.5669500177556817,2.487172907049006,184.0,306,Starttimelines
fixation,99509.90700006485,0.6360700726509094,0.4043438480450557,2.5374415471003604,,225.0,307,Starttimelines
fixation,99909.91400003433,0.25574286707809996,0.494476033108575,2.4860621861049106,2.5303213936941966,109.0,308,Starttimelines
fixation,100043.25,0.1818098857998848,0.5136986275513967,2.5651885986328127,2.5468597412109375,250.0,309,Starttimelines
fixation,100309.92100000381,0.2270564716309309,0.5068513415753841,2.481032053629557,2.4699083964029946,200.0,310,Starttimelines
fixation,100526.59100008011,0.2575695123523474,0.5053742080926895,2.4367237091064453,2.443937301635742,133.0,311,Starttimelines
fixation,100693.2610000372,0.3423370082270015,0.5165485902266069,2.458870627663352,2.4504658092151987,184.0,312,Starttimelines
fixation,100893.26400005817,0.348197673757871,0.5145944853623708,,2.4671351114908853,100.0,313,Starttimelines
fixation,101009.93200004101,0.39561267097791036,0.5187978903452556,,2.4588287353515623,250.0,314,Starttimelines
fixation,101293.27100002766,0.4399780084689458,0.5170538485050201,2.481949869791667,2.4446136474609377,250.0,315,Starttimelines
fixation,101593.27800011635,0.21083351059092414,0.36944856743017834,2.558563232421875,2.5553436279296875,150.0,316,Starttimelines
fixation,101759.94600009918,0.17628758400678635,0.37210794538259506,2.587390899658203,2.540533701578776,200.0,317,Starttimelines
fixation,101993.28600001335,0.2319788597524166,0.37040784023702145,2.6009483337402344,2.5427989959716797,134.0,318,Starttimelines
fixation,102159.9540001154,0.3196679738660653,0.37645113468170166,2.554937998453776,2.512953440348307,200.0,319,Starttimelines
fixation,102376.62400007248,0.35906123427244335,0.3739858189454445,2.542554415189303,2.510899470402644,216.0,320,Starttimelines
fixation,102626.62900006771,0.4002770284811656,0.3744958450396856,2.6082468668619794,2.551774088541667,250.0,321,Starttimelines
fixation,102909.96700000763,0.43782734183164745,0.37942314606446487,2.64126704289363,2.5614659236027646,217.0,322,Starttimelines
fixation,103143.30400002003,0.6938849823384345,0.4013874882572814,2.623417045496687,2.544586959158539,2817.0,323,Starttimelines
fixation,106010.01600003242,0.828355385498567,0.4102586006576365,2.7168690074573862,2.6114751642400567,184.0,324,Starttimelines
fixation,106210.02000010014,0.7971549885613578,0.39287345111370087,2.676456996372768,2.5665435791015625,117.0,325,Starttimelines
fixation,106543.35700011253,0.2436133490668403,0.4070015019840664,2.75516594780816,2.7411939832899304,142.0,326,Starttimelines
fixation,106776.69000005722,0.7681702435016632,0.39724649985631305,2.8253743489583334,2.6794453938802083,258.0,327,Starttimelines
fixation,107176.69900000095,0.5580418507258097,0.4608625008000268,2.846857706705729,2.7690005832248263,142.0,328,Starttimelines
fixation,107410.03300011158,1.143552581469218,0.6924631769458452,3.0341758728027344,2.8430137634277344,200.0,329,Starttimelines
fixation,107693.3710000515,0.7941461056470871,0.4106256514787674,2.9708175659179688,2.8081588745117188,166.0,330,Starttimelines
fixation,107876.7120000124,0.8079222807517419,0.38598350836680484,2.9723792442908654,2.8074610783503604,225.0,331,Starttimelines
fixation,108210.04400002956,0.18691588286310434,0.4292628336697817,3.038327217102051,3.0152816772460938,259.0,332,Starttimelines
fixation,108493.38500010967,0.254668269927303,0.4208959639072418,3.070465087890625,2.9900601704915366,200.0,333,Starttimelines
fixation,108726.72300004959,0.3342729007655924,0.4137118418108333,2.9972478693181817,2.927590110085227,183.0,334,Starttimelines
fixation,108943.39600002766,0.4148291309674581,0.422331902384758,2.9193929036458335,2.878276570638021,250.0,335,Starttimelines
fixation,109226.73300004005,0.4619216576218605,0.41250758767127993,2.8901931762695314,2.828901672363281,167.0,336,Starttimelines
fixation,109426.73700010777,0.5132924795150757,0.4191413164138794,2.8520233154296877,2.82174072265625,167.0,337,Starttimelines
fixation,109610.07500004768,0.5473529646794001,0.42029694219430286,2.843897501627604,2.814835866292318,200.0,338,Starttimelines
fixation,109843.41200006008,0.6353754748900732,0.4146222919225693,2.8207015991210938,2.7874476114908853,208.0,339,Starttimelines
fixation,110260.0870000124,0.22290495410561562,0.5253733769059181,2.7841529846191406,2.822986602783203,67.0,340,Starttimelines
fixation,110343.4200000763,0.19011675701899963,0.5267123850909147,2.8272233442826704,2.788961237127131,183.0,341,Starttimelines
fixation,110543.42300009727,0.24058587700128556,0.5156182289123535,2.748094177246094,2.712507629394531,166.0,342,Starttimelines
fixation,110743.43000006676,0.29504910788752814,0.5202476219697432,2.6645868474786933,2.6353926225142046,183.0,343,Starttimelines
fixation,110943.42600011826,0.3289426950116952,0.5260283822814623,2.703027089436849,2.653802235921224,200.0,344,Starttimelines
fixation,111160.10000002384,0.3862596284598112,0.5304732769727707,2.7227792739868164,2.6933116912841797,267.0,345,Starttimelines
fixation,111443.43700003624,0.43703942533050266,0.5268142308507647,2.6900100708007812,2.645556858607701,233.0,346,Starttimelines
fixation,111693.44200003147,0.45385847333818674,0.5256159789860249,2.681516647338867,2.6590328216552734,266.0,347,Starttimelines
fixation,112010.11400008202,0.19522602217538015,0.39321927406958174,2.6999904087611606,2.7133102416992188,234.0,348,Starttimelines
fixation,112260.12000000477,0.21518605574965477,0.3809220761060715,2.690602111816406,2.673828125,167.0,349,Starttimelines
fixation,112460.12400007248,0.35103452099221094,0.39730785148484365,2.6795316423688615,2.6331263950892856,234.0,350,Starttimelines
fixation,112710.12600004673,0.396576604422401,0.38624273065258474,2.6876364315257355,2.6325710521024814,284.0,351,Starttimelines
fixation,113010.13300001621,0.4509458690881729,0.37511443565873537,2.6950746424057903,2.6274566650390625,284.0,352,Starttimelines
fixation,113310.13500010967,0.4885360403702809,0.3745412092942458,2.7037189190204325,2.6341517521784854,217.0,353,Starttimelines
fixation,113543.47000002861,0.5377395770379475,0.3666390414748873,2.7195303780691966,2.6455628531319753,466.0,354,Starttimelines
fixation,114043.48200011253,0.4741161259321066,0.38791287403840286,2.718463604266827,2.6615835336538463,216.0,355,Starttimelines
fixation,114276.82000005245,0.49883717112243176,0.3741675578057766,2.7297439575195312,2.646078109741211,133.0,356,Starttimelines
fixation,114443.48900008202,0.5463773554021661,0.38154591619968414,2.7130376642400567,2.624239834872159,183.0,357,Starttimelines
fixation,114676.8290001154,0.6113498901779001,0.3723046291958202,2.671624319893973,2.5972359397194604,367.0,358,Starttimelines
fixation,115110.1700000763,0.6607329760278974,0.38137042948177885,,2.581883021763393,117.0,359,Starttimelines
fixation,115260.17100000381,0.7040954902768135,0.38034903444349766,2.6521692276000977,2.5865306854248047,267.0,360,Starttimelines
fixation,115560.18000006676,0.7618134419123331,0.38557228942712146,2.6393008761935763,2.569578382703993,158.0,361,Starttimelines
fixation,115876.85500001907,0.81743199005723,0.3834104984998703,2.6320743560791016,2.5867958068847656,133.0,362,Starttimelines
fixation,116260.1970000267,0.18390032202005385,0.4129694124062856,2.6941487630208334,2.6931447347005206,242.0,363,Starttimelines
fixation,116526.867000103,0.18502795123136961,0.3685697259811255,2.640437199519231,2.6064065786508412,217.0,364,Starttimelines
fixation,116760.20600008965,0.285892862540025,0.3836870308105762,2.565540020282452,2.5471778282752404,217.0,365,Starttimelines
fixation,116993.5450000763,0.35348845459520817,0.38405767548829317,2.583401679992676,2.5515871047973633,266.0,366,Starttimelines
fixation,117276.88300001621,0.30501552384633285,0.3919986050862532,2.5803422194260817,2.570629413311298,217.0,367,Starttimelines
fixation,117526.8900001049,0.4152089399950845,0.38485742786100935,2.5993456159319197,2.5730361938476562,233.0,368,Starttimelines
fixation,117793.56300008297,0.4798806607723236,0.3854545459151268,2.649371337890625,2.6034454345703124,166.0,369,Starttimelines
fixation,117993.56700003147,0.5495877837141355,0.3809642791748047,2.6647656758626304,2.592945098876953,200.0,370,Starttimelines
fixation,118210.23600006104,0.6064782202243805,0.37709403932094576,2.6046793619791666,2.5643310546875,250.0,371,Starttimelines
fixation,118493.5790001154,0.6568324132399126,0.3676313216036016,2.6054326837713067,2.5490070689808237,183.0,372,Starttimelines
fixation,118693.58200001717,0.715870201587677,0.37729739844799043,2.6069076538085936,2.545745849609375,166.0,373,Starttimelines
fixation,118893.5870000124,0.7762097902595997,0.380551990121603,2.648813247680664,2.545804977416992,141.0,374,Starttimelines
fixation,119176.9280000925,0.19672984778881072,0.3974512388308843,2.6520731608072916,2.6678741455078123,242.0,375,Starttimelines
fixation,119443.59900009632,0.25334008250917706,0.41350540093013216,2.6722499302455356,2.652887616838728,233.0,376,Starttimelines
fixation,119710.27100002766,0.3279575914144516,0.4149593159556389,2.5972076416015626,2.5949554443359375,167.0,377,Starttimelines
fixation,119893.60400009155,0.39008814220627147,0.42326432714859646,2.6015841166178384,2.5881970723470054,200.0,378,Starttimelines
fixation,120126.94100010395,0.447327291736236,0.41990384000998277,2.6252887432391825,2.593591543344351,217.0,379,Starttimelines
fixation,120376.94800007343,0.5259117616547478,0.4165516015556123,2.6142713758680554,2.596713595920139,150.0,380,Starttimelines
fixation,120560.28500008583,0.5749763727188111,0.4214883714914322,2.60015869140625,2.583026123046875,84.0,381,Starttimelines
fixation,120676.95200002193,0.6257440537214279,0.4059035152196884,2.601080322265625,2.5770889282226563,175.0,382,Starttimelines
fixation,121026.9580000639,0.19357484206557274,0.5328487247228623,2.5975921630859373,2.6749588012695313,159.0,383,Starttimelines
fixation,121210.29600000381,0.27388081655782814,0.5155707176993874,2.553414737477022,2.628858678481158,284.0,384,Starttimelines
fixation,121510.30200004578,0.19079333047072092,0.5275019357601801,2.5221023559570312,2.600123087565104,200.0,385,Starttimelines
fixation,121760.30500006676,0.4079116238997533,0.5331220787305099,2.554412841796875,2.570738572340745,217.0,386,Starttimelines
fixation,121993.64200007915,0.48122308403253555,0.48096443133221733,2.6180089314778647,2.587587144639757,300.0,387,Starttimelines
fixation,122310.31700003147,0.4960819884222381,0.4635826230657344,2.6550760074537627,2.618397615393814,817.0,388,Starttimelines
fixation,123143.66200006008,0.4291634872555733,0.37921638041734695,2.7236480712890625,2.6869049072265625,166.0,389,30
fixation,123327.0,0.39729571661778856,0.35329641721078325,2.5999581473214284,2.567357744489397,234.0,390,30
fixation,123577.00400006771,0.4558616292973359,0.3524049495657285,2.6639366149902344,2.5928662618001304,200.0,391,30
fixation,123810.34000003338,0.4973856671289964,0.350865667516535,2.7162031693892046,2.654654762961648,183.0,392,30
fixation,124043.68000006676,0.6039232696805682,0.7624823706490653,2.5888148716517856,2.558567592075893,117.0,393,30
fixation,124210.34600007534,0.34854804575443266,0.860570240020752,2.6487335205078124,2.6836471557617188,166.0,394,30
fixation,124410.34500002861,0.3166094899177551,0.8728779594103495,2.7126678466796874,2.689958699544271,250.0,395,30
fixation,124677.01200008392,0.37437035962939264,0.8460643529891968,2.586963653564453,2.6108489990234376,334.0,396,30
fixation,125027.0110000372,0.3249089028686285,0.8651029672473669,2.6396045684814453,2.629227638244629,267.0,397,30
fixation,125310.34900009632,0.3771716451103037,0.8703308403491974,2.5985218394886362,2.586202448064631,183.0,398,30
fixation,125510.34500002861,0.4150090490778287,0.870453718635771,2.5792744954427085,2.559581332736545,300.0,399,30
fixation,125843.67900002003,0.46326463917891186,0.8555282238456938,2.5507159762912326,2.5469640096028647,300.0,400,30
fixation,126160.34800004959,0.4859780505299568,0.8583522498607635,2.6495101928710936,2.5969894409179686,166.0,401,30
fixation,126377.01200008392,0.665317890048027,0.864308574795723,2.7224472045898436,2.5758132934570312,167.0,402,30
fixation,126560.34300005436,0.6313610718800471,0.85127025613418,2.6941152719350963,2.5973675067608175,216.0,403,30
fixation,126793.68200004101,0.5666259981337047,0.7645302074296134,2.6566990443638394,2.591980707077753,350.0,404,30
fixation,127193.68100011349,0.42425005544315686,0.33349453048272565,2.8085202303799717,2.7257204922762783,183.0,405,30
fixation,127393.67900002003,0.4115150206618839,0.34533729321426815,2.846528795030382,2.7404649522569446,150.0,406,30
fixation,127560.34400010109,0.47845420241355896,0.3523956409522465,2.857240949358259,2.7355946132114957,233.0,407,30
fixation,127860.34500002861,0.3516897276043892,0.8877708733081817,2.6140213012695312,2.6471588134765627,166.0,408,30
fixation,128043.68100011349,0.4124192527749322,0.8754337131977081,2.674155495383523,2.6474234841086646,183.0,409,30
fixation,128243.6780000925,0.4517188087105751,0.8640646457672119,2.6501510620117186,2.6356552124023436,167.0,410,30
fixation,128427.01200008392,0.3518422436383035,0.8667498777310053,2.6604461669921875,2.648696051703559,300.0,411,30
fixation,128760.34400010109,0.4341426321438381,0.8586400193827493,2.620447431291853,2.6603382655552457,233.0,412,30
fixation,129010.34400010109,0.4841124667571141,0.8578694600325364,2.6326634333683896,2.66156005859375,216.0,413,30
fixation,129260.34800004959,0.5389291671189395,0.8551847365769473,2.6056948575106533,2.6292669122869317,183.0,414,30
fixation,129460.35000002384,0.577004754117557,0.8486509280545371,2.560304914202009,2.5951341901506697,233.0,415,30
fixation,129710.35300004482,0.6231004844109217,0.8471221029758453,2.6144587198893228,2.5814170837402344,200.0,416,30
fixation,129927.02400004864,0.6478343258301417,0.8496223191420237,2.602544148763021,2.5803324381510415,200.0,417,30
fixation,130143.6930000782,0.5988487862050533,0.8470277339220047,2.5117225646972656,2.5641517639160156,133.0,418,30
fixation,130343.6970000267,0.39682121127843856,0.46708124279975893,2.7211074829101562,2.7431930541992187,167.0,419,30
fixation,130543.70200002193,0.4092917487025261,0.3660227909684181,2.7603790283203127,2.7288665771484375,175.0,420,30
fixation,130893.70500004292,0.31311237009672016,0.8515029778847327,2.6444666935847354,2.646055955153245,209.0,421,30
fixation,131143.71300005913,0.34972784072160723,0.8754243642091751,2.6647003173828123,2.675978088378906,167.0,422,30
fixation,131327.0450000763,0.38920452296733854,0.8749025404453278,2.5576446533203123,2.6281158447265627,167.0,423,30
fixation,131527.04800009727,0.43319740444421767,0.8710318833589554,2.5698471069335938,2.6213424682617186,167.0,424,30
fixation,131727.05200004578,0.4800853454149686,0.8567761457883395,2.4666830209585338,2.645660400390625,217.0,425,30
fixation,131960.38400006294,0.5262910979134696,0.8523873857089451,2.5432837350027904,2.6293607439313615,233.0,426,30
fixation,132227.060000062,0.582431578210422,0.8539424943072456,2.564244951520647,2.5590972900390625,234.0,427,30
fixation,132477.06200003624,0.6381288667519888,0.8573406755924224,2.623634847005208,2.562630208333333,250.0,428,30
fixation,132743.73300004005,0.6734481950600942,0.8577083183659447,2.6363389756944446,2.567538791232639,150.0,429,30
fixation,132927.0720000267,0.5842667281627655,0.6867555399735769,2.6112965901692706,2.605780029296875,250.0,430,30
fixation,133193.74100005627,0.47729853838682174,0.6190681368112564,2.7082061767578125,2.7218582153320314,167.0,431,30
fixation,133377.07700002193,0.39532941102981567,0.6161589896678925,2.7172357177734376,2.71779541015625,417.0,432,30
fixation,133843.75200009346,0.3993683040142059,0.3795425722996394,2.8675389607747395,2.811945597330729,500.0,433,30
fixation,134377.0950000286,0.44838464153664453,0.36757536019597736,2.9102074759347096,2.841170174734933,234.0,434,30
fixation,134627.0980000496,0.4821111581155232,0.3584922307303974,2.857194083077567,2.8089425223214284,234.0,435,30
fixation,134893.7690000534,0.5318073891103268,0.3562464592978358,2.844538688659668,2.7842330932617188,267.0,436,30
fixation,135193.77500009537,0.41362559378147123,0.38350075006484985,2.825765380859375,2.7889111328125,417.0,437,30
fixation,135627.11500000954,0.4007074650790956,0.342345686422454,2.8020392523871527,2.7822977701822915,150.0,438,30
fixation,135827.12300002575,0.599398709833622,0.6701245307922363,2.65369873046875,2.648992919921875,334.0,439,30
fixation,136210.46300005913,0.3627751860767603,0.859208382666111,2.6423587799072266,2.6720428466796875,133.0,440,30
fixation,136360.4660000801,0.32180122286081314,0.8723769970238209,2.584249496459961,2.6279144287109375,133.0,441,30
fixation,136527.13500010967,0.4166357136434979,0.8762701451778412,2.4996337890625,2.6292351616753473,150.0,442,30
fixation,136910.4770001173,0.504251492023468,0.858734592795372,2.5131454467773438,2.5830673217773437,166.0,443,30
fixation,137093.81300008297,0.550436195731163,0.8610967934131623,2.507887268066406,2.5658798217773438,167.0,444,30
fixation,137277.14900004864,0.5902022297183672,0.8555251533786455,2.5005722045898438,2.562342325846354,200.0,445,30
fixation,137510.48700010777,0.6355944603681565,0.8587408542633057,2.5750457763671877,2.562396240234375,166.0,446,30
fixation,137693.8220000267,0.6735177934169769,0.8647768726715674,2.5981973501352162,2.5670318603515625,225.0,447,30
fixation,138093.82800006866,0.4616669011967523,0.8456278315612248,2.3055834089006697,2.6035548618861606,109.0,448,30
fixation,138260.49900007248,0.4041670282681783,0.8637715697288513,2.5736012776692707,2.6197804768880206,250.0,449,30
fixation,138593.8370000124,0.4589414969086647,0.4949615016579628,2.7009246826171873,2.665130615234375,167.0,450,30
fixation,138793.84300005436,0.4390260372310877,0.3623326886445284,2.7279396057128906,2.6962814331054688,133.0,451,30
fixation,138943.8450000286,0.40196033673627035,0.35711865233523504,2.7608304704938615,2.7331412179129466,233.0,452,30
fixation,139210.51800000668,0.45077438838779926,0.3513143081218004,2.758075714111328,2.719043731689453,133.0,453,30
fixation,139377.185000062,0.4038384732874957,0.3262704895301299,2.799442175662879,2.771993926077178,550.0,454,30
fixation,139943.86100006104,0.39403023487991756,0.3539101713233524,2.82997809516059,2.7955729166666665,150.0,455,30
fixation,140127.19900000095,0.4621875687287404,0.36081811556449306,2.8303598257211537,2.795716505784255,217.0,456,30
fixation,140393.87000000477,0.6388452703302557,0.8671627911654386,2.703804709694602,2.643159346147017,183.0,457,30
fixation,140593.87200009823,0.6626302174159459,0.8703206905296871,2.7456795828683034,2.6656668526785716,117.0,458,30
fixation,140727.21000003815,0.5717010349035263,0.872943137373243,2.649042401994978,2.625868661063058,234.0,459,30
fixation,140977.21300005913,0.5118780434131622,0.8560309665543693,2.6034066336495534,2.636223929268973,117.0,460,30
fixation,141143.88500010967,0.33368580256189617,0.8801885545253754,2.680395943777902,2.6948416573660716,233.0,461,30
fixation,141393.8860000372,0.4070265680551529,0.8742715299129487,2.6583282470703127,2.6819061279296874,167.0,462,30
fixation,141593.8900001049,0.4664794558828527,0.866179184480147,2.610465309836648,2.709444912997159,183.0,463,30
fixation,141810.560000062,0.4051689989864826,0.872281551361084,2.6592788696289062,2.733905792236328,66.0,464,30
fixation,141893.89300000668,0.5056714181389127,0.8600679955312184,2.5897914341517856,2.694006783621652,233.0,465,30
fixation,142143.8980000019,0.5370675126711527,0.8615331252415975,2.603754679361979,2.6654637654622397,200.0,466,30
fixation,142377.2350000143,0.577658037928974,0.865313519449795,2.613203160903033,2.619943057789522,284.0,467,30
fixation,142693.90600001812,0.6237504482269287,0.8733128330537251,2.5993074689592635,2.6097521100725447,233.0,468,30
fixation,142960.5760000944,0.6625054609030485,0.8605529945343733,2.6050901412963867,2.611172676086426,274.0,469,30
fixation,143377.25,0.5019257260220391,0.6528478605406625,2.608941214425223,2.6870291573660716,109.0,470,30
fixation,143527.2540000677,0.5954472145863942,0.650769550885473,2.6456505911690846,2.651249476841518,234.0,471,30
fixation,143793.9240000248,0.4969081819057465,0.618568108479182,2.6198333740234374,2.660322062174479,250.0,472,30
fixation,144077.2610000372,0.3977144584059715,0.6070378869771957,2.605926513671875,2.6592178344726562,134.0,473,30
fixation,144260.59600007534,0.32918533235788344,0.8541626691818237,2.4526657104492187,2.5353302001953124,166.0,474,30
fixation,144443.93600010872,0.38407960906624794,0.8659970983862877,2.381114959716797,2.5102901458740234,133.0,475,30
fixation,145327.28500008583,0.5282150890145983,0.8594340852328709,2.43194580078125,2.522864205496652,117.0,476,30
fixation,145460.6210000515,0.5713342804657785,0.8596189931819314,2.5498368112664473,2.553542287726151,316.0,477,30
fixation,145810.6290000677,0.5388529984390035,0.8543807075304144,2.3731313069661457,2.4598110423368564,283.0,478,30
fixation,146110.63400006294,0.5877019627527758,0.8564545295455239,2.464082197709517,2.493753606622869,183.0,479,30
fixation,146327.3060001135,0.6352386176586151,0.8556984771381725,2.554435036399148,2.486844149502841,184.0,480,30
fixation,146527.31100010872,0.6790268984105852,0.8522629770967696,2.543340047200521,2.482364230685764,158.0,481,30
fixation,147010.6550000906,0.4410632997751236,0.38639294169843197,2.6881980895996094,2.6451969146728516,133.0,482,30
fixation,147243.992000103,0.4057854935526848,0.36156794677178067,2.6536127726236978,2.595759073893229,100.0,483,30
fixation,147360.6590000391,0.3919277516278354,0.3337976584831874,2.6503457734079072,2.605723525538589,550.0,484,30
fixation,147944.0040000677,0.4709996630748113,0.3448979817330837,2.696356455485026,2.612351735432943,200.0,485,30
fixation,148177.34200000763,0.5125661517182986,0.3502476265033086,2.7165603637695312,2.6313514709472656,200.0,486,30
fixation,148427.35100007057,0.6078664238254229,0.6877099176247915,2.5740280151367188,2.552387237548828,200.0,487,30
fixation,148660.68800008297,0.4794832542538643,0.613851723074913,2.6367919921875,2.665008544921875,167.0,488,30
fixation,148860.6890000105,0.39536368623375895,0.6133994117379189,2.695381927490234,2.708612060546875,333.0,489,30
fixation,149344.03600001335,0.47171050906181333,0.9916061609983444,2.6354156494140626,2.53990478515625,167.0,490,30
fixation,149544.03900003433,0.5652581561695446,0.8722960759292949,2.731934980912642,2.6992076526988638,184.0,491,30
fixation,149777.375,0.435750925849224,0.5492971303134129,2.993992772595636,2.9200165847252153,483.0,492,30
fixation,150277.38400006294,0.4853757669528325,0.4893658285339673,3.083878835042318,3.0051422119140625,208.0,493,FIX_CROS
fixation,150644.0530000925,0.49674784855262655,0.46147144807351603,3.0341707865397134,2.948318069045608,617.0,494,FIX_CROS
fixation,151310.73600006104,0.3250567652285099,0.3974045179784298,2.9366912841796875,2.9455490112304688,67.0,495,30.2
fixation,151410.73600006104,0.21690255217254162,0.3911685422062874,2.8593006134033203,2.9076061248779297,133.0,496,30.2
fixation,151560.7380000353,0.2004313661771662,0.3757949190981248,2.828495698816636,2.8650665283203125,283.0,497,30.2
fixation,151877.41100001335,0.24089825401703516,0.36730265617370605,2.813083224826389,2.8222486707899304,150.0,498,30.2
fixation,152044.07700002193,0.1921104073524475,0.36539647579193113,2.8475799560546875,2.8570236206054687,334.0,499,30.2
fixation,152410.75300002098,0.19800809288726134,0.4518570803544101,2.8873362821691178,2.870709587545956,283.0,500,30.2
fixation,152794.0910000801,0.6472288625580924,0.3916161358356476,2.9607064383370534,2.8527723039899553,117.0,501,30.2
fixation,152960.76200008392,0.4968162809426968,0.586300430389551,2.8667156512920675,2.828565157376803,217.0,502,30.2
fixation,153194.09700000286,0.49371689226892257,0.5645017524560293,2.8832550048828125,2.8361392550998263,150.0,503,30.2
fixation,153410.76600003242,0.2156044535081962,0.3555154862075016,2.881804893756735,2.831933383283944,483.0,504,30.2
fixation,153910.7760000229,0.20661736776431402,0.3584924009111192,2.9249199761284723,2.8578626844618054,150.0,505,30.2
fixation,154077.44500005245,0.18435113690793514,0.3712822621067365,2.927720387776693,2.8683153788248696,200.0,506,30.2
fixation,154294.11400008202,0.2477479808860355,0.37836403730842805,2.9025395711263022,2.8241780598958335,300.0,507,30.2
fixation,154610.7880001068,0.269685335457325,0.36903293430805206,2.8849143981933594,2.818571090698242,133.0,508,30.2
fixation,154794.1290000677,0.4873244879501207,0.5698609266962323,2.8297206333705356,2.7411586216517856,234.0,509,30.2
fixation,155077.46800005436,0.3187295099099477,0.3802999662501471,2.8792971656436013,2.803891863141741,350.0,510,30.2
fixation,155444.1470000744,0.34556206315755844,0.3904719576239586,2.8904991149902344,2.7909584045410156,67.0,511,30.2
fixation,155544.1470000744,0.27520757200925244,0.3783245358778083,2.834692250127378,2.760239310886549,384.0,512,30.2
fixation,155960.82800006866,0.20524684392980166,0.3693480779017721,2.8136520385742188,2.735632760184152,233.0,513,30.2
fixation,156227.50100004673,0.25093664452433584,0.37592198252677916,2.82646484375,2.721296691894531,166.0,514,30.2
fixation,156427.50500011444,0.29302729815244677,0.3820798099040985,2.798931884765625,2.6988037109375,166.0,515,30.2
fixation,156627.5110000372,0.3373637447754542,0.38361452147364616,2.7835121154785156,2.692546844482422,200.0,516,30.2
fixation,156860.85100007057,0.37883277394269643,0.37911914367424815,2.7901378430818258,2.7131974069695723,317.0,517,30.2
fixation,157210.86100006104,0.44625087454915047,0.3759567020460963,2.7674570083618164,2.7059497833251953,267.0,518,30.2
fixation,157527.5380001068,0.22051189604558444,0.4615706393593236,2.7668569464432564,2.746112221165707,316.0,519,30.2
fixation,157894.20900011063,0.4798347459685418,0.46961293922316644,2.7874947824785785,2.692115045362903,517.0,520,30.2
fixation,158444.22800004482,0.5702780663967133,0.45684381822745007,2.779438273111979,2.7132578531901044,250.0,521,30.2
fixation,158727.56700003147,0.62998474186117,0.45825365863063117,2.7387570467862217,2.703592473810369,183.0,522,30.2
fixation,158927.57400000095,0.6792576834559441,0.46134385615587237,2.712971496582031,2.6928436279296877,333.0,523,30.2
fixation,159344.25100004673,0.1971571161126604,0.3719377718409713,2.715074500259088,2.694177432936065,817.0,524,30.2
fixation,160177.59700000286,0.24560222625732422,0.37517357965310416,2.7259114583333335,2.6697265625,250.0,525,30.2
fixation,160444.27100002766,0.296003384809745,0.3777604761876558,2.6950402510793587,2.652840865285773,317.0,526,30.2
fixation,160777.60900008678,0.33059845291651213,0.36959246488717884,2.6985708383413463,2.655041034405048,216.0,527,30.2
fixation,161010.9470000267,0.3775592870437182,0.37538179755210876,2.710101787860577,2.6684734637920675,217.0,528,30.2
fixation,161260.95200002193,0.4425134539604187,0.38322084248065946,2.7071990966796875,2.6579071044921876,91.0,529,30.2
fixation,161544.28900003433,0.49651965126395226,0.3823906388133764,2.679020472935268,2.6368637084960938,126.0,530,30.2
fixation,161694.2920000553,0.5923130710919698,0.374773475031058,2.7316881815592446,2.6585871378580728,200.0,531,30.2
fixation,161910.96300005913,0.6412176327271895,0.37587548927827313,2.702883633700284,2.640654130415483,183.0,532,30.2
fixation,162127.63400006294,0.7429126853292639,0.37238277223977173,2.6904671408913354,2.6241579922762783,183.0,533,30.2
fixation,162327.63500010967,0.72803108766675,0.37390528433024883,2.7126502990722656,2.641796112060547,133.0,534,30.2
fixation,162477.63700008392,0.7750589959323406,0.36415637470781803,2.7277355194091797,2.640782356262207,266.0,535,30.2
fixation,162760.97600007057,0.81182761490345,0.3724474497139454,2.730274200439453,2.657154083251953,133.0,536,30.2
fixation,162994.31200003624,0.19304629611341576,0.4622534113494973,2.7172369706003288,2.742941605417352,317.0,537,30.2
fixation,163360.98700010777,0.3920636091913496,0.4752131253480911,2.713803972516741,2.668060302734375,117.0,538,30.2
fixation,163510.99100005627,0.25465693061842637,0.4705542325973511,2.6396466423483456,2.657105389763327,283.0,539,30.2
fixation,163810.99500000477,0.2879480001601306,0.471368979323994,2.6664192893288354,2.661203557794744,183.0,540,30.2
fixation,164027.66500008106,0.3143665807114707,0.4680306398206287,2.621822781032986,2.6197323269314237,150.0,541,30.2
fixation,164194.33400011063,0.3520742288002601,0.47148312857517827,2.6545175405649037,2.637719961313101,216.0,542,30.2
fixation,164427.67100000381,0.4156059116125107,0.4714741110801697,2.687696838378906,2.656874084472656,167.0,543,30.2
fixation,164627.6740000248,0.49161931398240005,0.4779376685619354,2.688907276500355,2.640692277388139,367.0,544,30.2
fixation,165027.68000006676,0.3928458821028471,0.4751200219616294,2.7348928451538086,2.7029848098754883,267.0,545,30.2
fixation,165311.02100002766,0.42517193853855134,0.4713943749666214,2.7622589111328124,2.710772705078125,84.0,546,30.2
fixation,165411.0230000019,0.46966636045412585,0.4722211997617375,2.749725341796875,2.686226584694602,184.0,547,30.2
fixation,165611.0260000229,0.5194539427757263,0.46827633306384087,2.7748146057128906,2.697357177734375,67.0,548,30.2
fixation,165694.35700011253,0.5811596568673849,0.46895879600197077,2.7811574935913086,2.7175827026367188,266.0,549,30.2
fixation,165994.36600005627,0.6473455645821311,0.4675752276724035,2.7908491654829546,2.7192757346413354,183.0,550,30.2
fixation,166194.3710000515,0.6808296918869019,0.4636405756076177,2.7528676350911456,2.697820027669271,250.0,551,30.2
fixation,166461.0420000553,0.7114261112042836,0.4725337230733463,2.752741132463728,2.7043075561523438,234.0,552,30.2
fixation,166711.04600000381,0.7640838245550792,0.46946252683798473,2.7455902099609375,2.6945515950520833,250.0,553,30.2
fixation,167094.38700008392,0.8029839439051492,0.46623044993196217,2.719935825892857,2.666357857840402,108.0,554,30.2
fixation,167261.057000041,0.49543744440262133,0.5541784488237821,2.663641122671274,2.6674640362079325,217.0,555,30.2
fixation,167544.39600002766,0.196700900438286,0.37212408298537847,2.706514630998884,2.6793663388206843,350.0,556,30.2
fixation,167911.0720000267,0.24282327791055044,0.3782661994298299,2.6995137532552085,2.651836140950521,250.0,557,30.2
fixation,168177.742000103,0.21920510016857309,0.3706942267240362,2.715129597981771,2.6721944606050534,783.0,558,30.2
fixation,168977.75600004196,0.22083699852228164,0.3716514840722084,2.7411209106445313,2.6825942993164062,167.0,559,30.2
fixation,169161.09300005436,0.25065720743603176,0.37797633310159046,,2.7120802137586804,150.0,560,30.2
fixation,169344.4310001135,0.28960329592227935,0.38835895657539365,2.780426025390625,2.73287353515625,166.0,561,30.2
fixation,169544.43300008774,0.3315036694208781,0.3766545740266641,2.7519353230794272,2.6981328328450522,200.0,562,30.2
fixation,169761.1060000658,0.40676999254071194,0.3820196846904962,2.740394923997962,2.7001687754755435,767.0,563,30.2
fixation,170544.45300006866,0.4929045557975769,0.37991440494855244,2.768157958984375,2.6976298014322917,250.0,564,30.2
fixation,170811.125,0.5290672216150496,0.3813675840695699,2.7366180419921875,2.6797892252604165,150.0,565,30.2
fixation,170994.46100008488,0.5780662723949977,0.3773178585938045,2.7102791922433034,2.663752964564732,233.0,566,30.2
fixation,171261.13100004196,0.6278425893362831,0.3789271387983771,2.678815953871783,2.6413430606617645,284.0,567,30.2
fixation,171577.80500006676,0.6819648484388987,0.374606458346049,2.682294718424479,2.6482340494791665,250.0,568,30.2
fixation,171861.1440000534,0.7241304889321327,0.38425984730323154,2.720930735270182,2.6756159464518228,200.0,569,30.2
fixation,172094.4810000658,0.7611949294805527,0.37638383607069653,2.7132441202799478,2.648675706651476,300.0,570,30.2
fixation,172494.48900008202,0.19381111953407526,0.3686277763918042,2.6740589141845703,2.6920080184936523,266.0,571,30.2
fixation,172794.492000103,0.25029758900403976,0.3812359321117401,2.649429931640625,2.605479736328125,416.0,572,30.2
fixation,173227.83100008965,0.29362990376022124,0.38779203593730927,2.6282806396484375,2.5974706013997397,300.0,573,30.2
fixation,173561.17200005054,0.33193133245496187,0.37710238028975096,2.654253791360294,2.6308818143956803,284.0,574,30.2
fixation,173861.17500007153,0.37228740006685257,0.37805261835455894,2.684986114501953,2.667992909749349,200.0,575,30.2
fixation,174077.8450000286,0.3972083941102028,0.37329852432012556,2.7254898071289064,2.6945480346679687,167.0,576,30.2
fixation,174261.1810001135,0.4432715391740203,0.3798035103827715,2.7472047805786133,2.718477249145508,267.0,577,30.2
fixation,174544.52000010014,0.49700139090418816,0.39067716524004936,2.7258119583129883,2.7125749588012695,266.0,578,30.2
fixation,174844.52500009537,0.5792261411746343,0.3604539483785629,2.7486724853515625,2.685136159261068,200.0,579,30.2
fixation,175061.19800007343,0.6404525518417359,0.368497771024704,2.743927001953125,2.71517333984375,84.0,580,30.2
fixation,175161.19800007343,0.7131503414024006,0.37387983230027283,2.7234136408025567,2.7006281072443183,184.0,581,30.2
fixation,175361.20500004292,0.7513883180088468,0.37064924670590293,2.74196539984809,2.7018975151909723,150.0,582,30.2
fixation,175544.5420000553,0.632842250845649,0.3819011544639414,2.7202592329545454,2.7153694846413354,183.0,583,30.2
fixation,175761.21300005913,0.5533166413123791,0.3747142782578102,2.7235506497896633,2.7098236083984375,217.0,584,30.2
fixation,175994.54800009727,0.5208813575181094,0.3761527782136744,2.7152820933948862,2.7008472789417612,183.0,585,30.2
fixation,176211.2190001011,0.6683644503355026,0.3750102234383424,2.699754079182943,2.6766510009765625,200.0,586,30.2
fixation,176427.89100003242,0.6381759494543076,0.3763984516263008,2.7067947387695312,2.6952184041341147,200.0,587,30.2
fixation,176661.22800004482,0.7262683425630841,0.37664020167929785,2.7097680228097096,2.6866607666015625,234.0,588,30.2
fixation,176911.23200011253,0.7636348282297453,0.37449145689606667,2.7272720336914062,2.687732696533203,200.0,589,30.2
fixation,177144.57000005245,0.802453750744462,0.37097396422177553,2.7153501510620117,2.683047294616699,266.0,590,30.2
fixation,177544.57800006866,0.19547258723865857,0.47261135483329947,2.7127491344105112,2.757680719549006,366.0,591,30.2
fixation,177927.91900002956,0.25225439108908176,0.4614603416994214,2.588418960571289,2.627584457397461,267.0,592,30.2
fixation,178211.2570000887,0.31215923925240835,0.4641140545407931,2.599051920572917,2.6282933553059897,508.0,593,30.2
fixation,178877.93800008297,0.32320541685277765,0.46923256462270563,2.6555300625887783,2.658547141335227,175.0,594,30.2
fixation,179094.6100000143,0.3526679165661335,0.46947838738560677,2.697967529296875,2.6890830993652344,133.0,595,30.2
fixation,179244.6130000353,0.3887364204440798,0.4703078546694347,2.631587437220982,2.615736825125558,233.0,596,30.2
fixation,179494.61900007725,0.4377564454362506,0.4616158370460783,2.5699281238374256,2.5628444126674106,350.0,597,30.2
fixation,179944.625,0.5774109363555908,-0.07168800166497628,2.6006028917100696,2.5461595323350696,300.0,598,30.2
fixation,180277.96500003338,0.5197955383495851,-0.024958410807647106,2.8185483759099785,2.7129079645330254,741.0,599,30.2
fixation,181227.98200011253,0.42068859934806824,0.4868462532758713,2.978509085518973,2.934728349958147,225.0,600,30.2
fixation,181494.65200006962,0.47909203320741656,0.47356403470039365,2.8499359130859374,2.795762634277344,166.0,601,30.2
fixation,181677.99000000954,0.5393339782953263,0.46791000217199324,2.6991363525390626,2.6641525268554687,167.0,602,30.2
fixation,181861.33000004292,0.5864821076393127,0.46089831420353483,2.6431187220982144,2.6243111746651784,234.0,603,30.2
fixation,182111.3290001154,0.6493329495191574,0.4600271001458168,2.6279022216796877,2.6125564575195312,167.0,604,30.2
fixation,182311.33400011063,0.7079294096021091,0.4567150403471554,2.627864164464614,2.6175734576056984,283.0,605,30.2
fixation,182628.00200009346,0.7975675572048534,0.4576899043538354,2.6748587868430396,2.647372159090909,184.0,606,30.2
fixation,182828.00900006294,0.7827711589634418,0.4574667625129223,2.6877174377441406,2.6507301330566406,134.0,607,30.2
fixation,183011.34700000286,0.49338778582486237,0.5737703388387506,2.674471768465909,2.6993144642223013,191.0,608,30.2
fixation,183644.69100010395,0.4800316226301771,0.5714091306382959,2.87745712742661,2.8150981556285513,542.0,609,30.2
fixation,184244.70000004768,0.4224244710057974,0.2020319039002061,2.926424026489258,2.9016666412353516,133.0,610,NOTRIAL
fixation,184411.37200009823,0.39426980250411564,0.1332198969191975,2.913662380642361,2.906497531467014,150.0,611,NOTRIAL
fixation,184594.7080000639,0.350115734441527,0.2535248005698467,3.040275310647899,2.9803550983297415,483.0,612,NOTRIAL
fixation,185128.05000007153,0.6073174704523647,0.2540256424861796,2.9856675091911766,2.9187370749080883,284.0,613,NOTRIAL
fixation,185444.72500002384,0.5645521248088163,0.2531074390691869,2.9222780115464153,2.9043291877297794,291.0,614,NOTRIAL
fixation,185894.73400008678,0.5352896551291147,0.4728553717335065,2.8770751953125,2.8846232096354165,92.0,615,NOTRIAL
fixation,186044.73700010777,0.4614768905772103,0.14883077641328177,2.9160970052083335,2.892301771375868,150.0,616,NOTRIAL
fixation,186211.40800011158,0.39857780797915027,0.13473377647725018,2.8928278142755683,2.8681682239879263,183.0,617,NOTRIAL
fixation,186428.0790001154,0.46057498569671923,0.1352080490726691,2.837469247671274,2.767059326171875,217.0,618,NOTRIAL
fixation,186661.41800010204,0.5133296772837639,0.13443725556135178,2.799053192138672,2.730602264404297,66.0,619,NOTRIAL
fixation,186761.4200000763,0.5681857060302388,0.13310756026343865,2.7918520840731533,2.7160103537819604,183.0,620,NOTRIAL
fixation,187094.76300001144,0.3709254264831543,0.24730175946440017,2.831780569893973,2.797509329659598,109.0,621,NOTRIAL
fixation,187228.0980000496,0.349154238589108,0.2575040983501822,2.803396224975586,2.7377023696899414,534.0,622,NOTRIAL
fixation,187811.44100010395,0.6217168495059013,0.25912670232355595,2.7596954345703124,2.62867431640625,333.0,623,NOTRIAL
fixation,188211.45300006866,0.35549952127994633,0.26103191459790254,2.8392795660556893,2.759612254607372,650.0,624,NOTRIAL
fixation,188878.13000011444,0.3693103591601054,0.2548357720176379,2.833995819091797,2.761852264404297,200.0,625,NOTRIAL
fixation,189111.4690001011,0.3328174257820303,0.2440836551514539,2.849691217595881,2.790824196555398,191.0,626,NOTRIAL
fixation,191053.17100000381,0.35915693098848517,0.29371864145452325,2.9171783447265627,2.768594915216619,184.0,627,NOTRIAL
fixation,191253.17700004578,0.36115172067109275,0.24719554054386475,2.9308803782743564,2.8330437155330883,284.0,628,NOTRIAL
fixation,191603.18300008774,0.42079372331500053,0.27888934314250946,,2.813863754272461,134.0,629,NOTRIAL
fixation,191769.85100007057,0.5793336778879166,0.240211837614576,2.841144561767578,2.7907994588216147,200.0,630,NOTRIAL
fixation,191986.5230000019,0.6220025926828384,0.24041376933455466,2.885026550292969,2.8279205322265626,166.0,631,NOTRIAL
fixation,192203.19500005245,0.4661272880103853,0.2869504607386059,2.919286092122396,2.9283379448784723,150.0,632,NOTRIAL
fixation,192386.53200006485,0.3520176199575265,0.3125155021746953,2.9435437520345054,2.9621594746907554,200.0,633,NOTRIAL
fixation,192636.53500008583,0.34344967868593,0.4460696213775211,2.9454583062065973,2.9601287841796875,150.0,634,NOTRIAL
fixation,192803.20600008965,0.3510672330856323,0.4795104004442692,2.911620330810547,2.923228454589844,334.0,635,NOTRIAL
fixation,193186.54000008106,0.6218837480391225,0.4832850641781284,2.8193536573840725,2.7747694446194555,516.0,636,NOTRIAL
fixation,193719.88800001144,0.6421544775366783,0.47726105029384297,2.788745880126953,2.780595143636068,200.0,637,NOTRIAL
fixation,193986.55900001526,0.37200438529253005,0.4745979905128479,2.771440124511719,2.8179046630859377,166.0,638,NOTRIAL
fixation,194169.8940000534,0.34743900541906003,0.4843732935410959,2.7792041919849537,2.7986212836371527,450.0,639,NOTRIAL
fixation,194653.2380000353,0.39004566692388976,0.4872274181017509,2.848352285531851,2.853368905874399,217.0,640,NOTRIAL
fixation,194903.2460000515,0.4234232408925891,0.25001240940764546,2.98311710357666,2.922238349914551,267.0,641,NOTRIAL
fixation,195203.25200009346,0.35039495262834763,0.24721864693694645,3.0284305148654513,2.967281765407986,150.0,642,NOTRIAL
fixation,196069.9390000105,0.717403484242303,0.4335868465048926,3.0666656494140625,2.9817047119140625,109.0,643,NOTRIAL
fixation,196236.6100000143,1.2467550493422008,0.8554474924291883,3.167383829752604,3.1148623511904763,350.0,644,NOTRIAL
fixation,196686.62200009823,0.8459326364099979,1.0829298198223114,3.028881072998047,2.961977005004883,133.0,645,NOTRIAL
fixation,196919.9620000124,0.5089510764394488,0.3852784974234445,3.125525338309152,3.0819178989955356,117.0,646,NOTRIAL
fixation,197069.9660000801,0.37242679723671507,0.24589301539318903,3.172696794782366,3.132037571498326,233.0,647,NOTRIAL
fixation,197319.9690001011,0.4154921755194664,0.2387411452829838,3.131672668457031,3.084283447265625,167.0,648,NOTRIAL
fixation,197519.97200000286,0.35821452601389453,0.230379715223204,3.088289434259588,3.045816594904119,367.0,649,NOTRIAL
fixation,197919.9810000658,0.32673838415316175,0.5348173284104892,3.068523406982422,3.030250004359654,467.0,650,NOTRIAL
fixation,198436.66100001335,0.3559616059064865,0.277300138771534,3.035699462890625,2.9654876708984377,166.0,651,NOTRIAL
fixation,198619.99800002575,0.3577412554850945,0.24287165965025242,3.0274437537560095,2.976983407827524,1092.0,652,NOTRIAL
fixation,199886.70200002193,0.3599852578980582,0.24252775719478017,2.92088136218843,2.887596675327846,1392.0,653,NOTRIAL
fixation,201320.06100010872,0.351506365572705,0.47246627071324515,2.9300079345703125,2.944231818704044,284.0,654,NOTRIAL
fixation,201620.06100010872,0.4460309963626198,0.541705728023044,2.687323114337877,2.669138926046866,15259.0,655,NOTRIAL
fixation,217920.3710000515,0.2148896668638502,0.34362543906484333,3.071352277483259,,116.0,656,30.1
fixation,218320.38000011444,0.2531857118010521,0.32549377530813217,2.9144859313964844,2.849903106689453,66.0,657,30.1
fixation,218403.71800005436,0.2869110689921813,0.3256070207465779,2.87713623046875,2.8147721724076704,183.0,658,30.1
fixation,218603.72100007534,0.33159536123275757,0.32773583829402925,2.8672271728515626,2.798570251464844,167.0,659,30.1
fixation,218803.7200000286,0.3807713497768749,0.333909121426669,2.869200272993608,2.8081235018643467,183.0,660,30.1
fixation,219020.39300000668,0.4577114124383245,0.34052668298993793,2.8480562482561385,2.7812096732003346,233.0,661,30.1
fixation,219270.39600002766,0.49501004483964706,0.3373648722966512,2.827090793185764,2.7690904405381946,150.0,662,30.1
fixation,219453.7350000143,0.5418393428509052,0.340395891895661,2.804444533128005,2.7619863656850963,217.0,663,30.1
fixation,219687.07300007343,0.5976646076078,0.33466282551703247,2.757154381793478,2.7092630137567935,384.0,664,30.1
fixation,220103.74800002575,0.5367068399985632,0.3399145392080148,2.7535120646158853,2.6940790812174478,200.0,665,30.1
fixation,220320.42100000381,0.4922850901881854,0.3380960077047348,2.799859364827474,2.7299791971842446,200.0,666,30.1
fixation,220587.0910000801,0.6957624927163124,0.33395979056755704,2.8625755310058594,2.7145563761393228,200.0,667,30.1
fixation,220820.42500007153,0.5727475211024284,0.33014295001824695,2.8557421366373696,2.7818781534830728,200.0,668,30.1
fixation,221037.09700000286,0.6066399642399379,0.32660718475069317,2.8549019949776784,2.749934605189732,234.0,669,30.1
fixation,221287.10300004482,0.6552651141371045,0.3275465539523533,2.808162144252232,2.7155838012695312,234.0,670,30.1
fixation,221570.44000005722,0.7395636158830979,0.3294657652868944,2.7886989817899814,2.7152180391199447,283.0,671,30.1
fixation,221870.44600009918,0.7786789476871491,0.3317345857620239,2.771128845214844,2.701643371582031,166.0,672,30.1
fixation,222137.11800003052,0.20456621457229962,0.4228260097178546,2.7576155229048296,2.7771439985795454,184.0,673,30.1
fixation,222353.79000008106,0.34193617006142935,0.4195116490125656,2.799433390299479,2.7848388671875,250.0,674,30.1
fixation,222720.46300005913,0.41596464677290484,0.4275516935370185,2.743252840909091,2.724183516068892,183.0,675,30.1
fixation,222937.1330000162,0.4806030973792076,0.425729875266552,2.7283538818359374,2.716661071777344,167.0,676,30.1
fixation,223120.4690001011,0.5360202320984432,0.4271961450576782,2.7151173182896207,2.701430184500558,233.0,677,30.1
fixation,223370.47600007057,0.5788202835963323,0.421283578643432,2.6884836050180287,2.672815176156851,216.0,678,30.1
fixation,223603.81300008297,0.6510010570287704,0.4063968971371651,2.6623809814453123,2.6544570922851562,167.0,679,30.1
fixation,223803.81500005722,0.7202861815690994,0.4089193642139435,2.6619476318359374,2.63753662109375,167.0,680,30.1
fixation,223987.1550000906,0.7518118073542913,0.411631574233373,2.6482518513997397,2.6351776123046875,200.0,681,30.1
fixation,224270.49300003052,0.21861036934635855,0.5153810625726526,2.7102314342151987,2.7431890314275567,183.0,682,30.1
fixation,224503.83000004292,0.4991947359272412,0.6005808455603463,2.7083282470703125,2.6885157993861606,233.0,683,30.1
fixation,224770.49800002575,0.4281594627178632,0.5080164097822629,2.7073892446664662,2.7183016263521633,216.0,684,30.1
fixation,225020.49300003052,0.48928575962781906,0.5151129812002182,2.8003021240234376,2.750898742675781,166.0,685,30.1
fixation,225203.82500004768,0.5408950120210647,0.5163848996162415,2.7907058715820314,2.740911865234375,167.0,686,30.1
fixation,225403.82300007343,0.5943568348884583,0.5087035834789276,2.7654998779296873,2.697900390625,167.0,687,30.1
fixation,225603.8220000267,0.6404716432094574,0.5031571139891943,2.729273478190104,2.650867716471354,250.0,688,30.1
fixation,225887.1550000906,0.7303607687354088,0.4979434385895729,2.6744747161865234,2.6095733642578125,134.0,689,30.1
fixation,226070.4880000353,0.48344628716057,0.6085909943689,2.7105594981800425,2.711205915971236,366.0,690,30.1
fixation,226453.81900000572,0.46520190557529184,0.6148625766408855,2.6700176370554956,2.6874421218345903,483.0,691,30.1
fixation,226987.14900004864,0.38590362171332043,0.21569587414463362,2.717280069986979,2.712102254231771,100.0,692,NOTRIAL
fixation,227187.1470000744,0.3519206285476685,0.2221408396959305,2.75595703125,2.7551422119140625,167.0,693,NOTRIAL
fixation,227370.47600007057,0.3889014224211375,0.14247303176671267,2.8129755655924478,2.7660128275553384,200.0,694,NOTRIAL
fixation,227603.810000062,0.49419156461954117,0.13486576499417424,2.8263015747070312,2.7425880432128906,133.0,695,NOTRIAL
fixation,227770.47400009632,0.3539237760835224,0.23682077187630865,2.864015367296007,2.8123372395833335,300.0,696,NOTRIAL
fixation,228087.13800001144,0.3417569315060973,0.24143134662881494,2.948040008544922,2.873805046081543,267.0,697,NOTRIAL
fixation,228370.46800005436,0.3890248164534569,0.2519914197425048,2.9504318237304688,2.8805135091145835,100.0,698,NOTRIAL
fixation,228553.80000007153,0.6169040893966501,0.25155318291349843,2.920535000887784,2.826416015625,367.0,699,NOTRIAL
fixation,228937.12800002098,0.63755817304958,0.2476617842912674,2.9278828014026987,2.846567327325994,184.0,700,NOTRIAL
fixation,229170.46100008488,0.6228047092755635,0.4551509032646815,2.909825642903646,2.839641316731771,250.0,701,NOTRIAL
fixation,229437.12200009823,0.636481374502182,0.4674598624308904,2.9163920084635415,2.833982679578993,150.0,702,NOTRIAL
fixation,229653.79400002956,0.3633032292127609,0.27967737886038696,2.910939996892756,2.8893987482244317,183.0,703,NOTRIAL
fixation,229853.7950000763,0.3541973045338755,0.25506999991510226,2.9106325895889946,2.867576267408288,383.0,704,NOTRIAL
fixation,230287.13400006294,0.6330002333436694,0.24483840433614595,2.851322719029018,2.7709884643554688,234.0,705,NOTRIAL
fixation,230537.1400001049,0.6099623521169026,0.24136693874994913,2.8548268636067706,2.7935282389322915,250.0,706,NOTRIAL
fixation,230820.47800004482,0.6349421590566635,0.2431653020903468,2.8579273223876953,2.788471221923828,133.0,707,NOTRIAL
fixation,230970.48000001907,0.5593608848073266,0.24782037734985352,2.830992265181108,2.8100357055664062,366.0,708,NOTRIAL
fixation,231370.48600006104,0.6170715924940611,0.23490650520512932,2.8718269749691614,2.812699167351974,316.0,709,NOTRIAL
fixation,231703.82500004768,0.5854106924750588,0.2403913289308548,2.832827481356534,2.7928841330788354,183.0,710,NOTRIAL
fixation,231903.82500004768,0.5652455110102892,0.2500522220507264,2.8263397216796875,2.788205146789551,267.0,711,NOTRIAL
fixation,232187.16600000858,0.6287000005443891,0.24357551025847593,2.8231163024902344,2.7639872233072915,200.0,712,NOTRIAL
fixation,232403.8370000124,0.6110590010881424,0.24663638994097709,2.83359375,2.7745895385742188,167.0,713,NOTRIAL
fixation,232637.17500007153,0.3578498475253582,0.43632837384939194,2.8153915405273438,2.827272415161133,134.0,714,NOTRIAL
fixation,232787.1780000925,0.3492430810417448,0.48299321106501986,2.8052444458007812,2.7850428989955356,234.0,715,NOTRIAL
fixation,233070.5150001049,0.6131048640784096,0.46390464288346905,2.7771283318014706,2.7152332979090072,283.0,716,NOTRIAL
fixation,233370.5190000534,0.6281547784805298,0.47284991294145584,2.7498550415039062,2.7174026489257814,166.0,717,NOTRIAL
fixation,233553.8560000658,0.581979147025517,0.46573365373270853,2.7629917689732144,2.754988534109933,233.0,718,NOTRIAL
fixation,233820.52900004387,0.6131786363465446,0.2554018699697086,,2.7239287240164622,466.0,719,NOTRIAL
fixation,234337.20300006866,0.6215052038431168,0.49793711602687835,2.7483306884765626,2.72418212890625,167.0,720,NOTRIAL
fixation,234570.53900003433,0.3416660630868541,0.7170897324879965,2.7563319736056857,2.719457838270399,600.0,721,NOTRIAL
fixation,235187.22100007534,0.36449854501656126,0.7146162816456386,2.7070159912109375,2.657350812639509,234.0,722,NOTRIAL
fixation,235437.22800004482,0.33382267008225125,0.705221047004064,2.7050145467122397,2.6637776692708335,108.0,723,NOTRIAL
fixation,235670.56700003147,0.6231879449408987,0.46167519105517346,2.7219006082286006,2.6646436608355977,375.0,724,NOTRIAL
fixation,236087.24400007725,0.46259498596191406,0.7148316949605942,2.7954940795898438,2.780261993408203,67.0,725,NOTRIAL
fixation,236253.91200006008,0.33782876977476023,0.719400769573147,2.7187993970967956,2.664176035735567,983.0,726,NOTRIAL
fixation,237253.94100010395,0.35812263868071814,0.7037563540718772,2.6851071444424717,2.614370172674006,183.0,727,NOTRIAL
fixation,237470.6130000353,0.3262971669435501,0.7073545277118682,2.707411193847656,2.6601486206054688,174.0,728,NOTRIAL
fixation,237853.95700001717,0.35485866367816926,0.7109648555517196,2.740520731608073,2.709094746907552,492.0,729,NOTRIAL
fixation,238370.63700008392,0.4589398843901498,0.8345611010278974,2.7232022966657365,2.6851937430245534,233.0,730,NOTRIAL
fixation,239153.99300003052,0.4675251000067767,0.46658841038451476,2.927006441004136,2.864575554342831,275.0,731,NOTRIAL
fixation,239470.66500008106,0.4025189559906721,0.2175700208172202,2.9387645721435547,2.8725833892822266,133.0,732,NOTRIAL
fixation,239620.67200005054,0.3567891958213988,0.2257320150023415,2.821528843470982,2.784238542829241,350.0,733,NOTRIAL
fixation,240004.01200008392,0.44977611750364305,0.22797533124685287,2.8205184936523438,2.7575027465820314,167.0,734,NOTRIAL
fixation,240204.01300001144,0.5479297613104185,0.22934956848621368,2.8370819091796875,2.789758046468099,200.0,735,NOTRIAL
fixation,240437.35100007057,0.6200288857022921,0.22511260149379572,2.839019775390625,2.793226877848307,200.0,736,NOTRIAL
fixation,240654.02400004864,0.6039128984723773,0.22977622598409653,2.8434361049107144,2.793725149972098,117.0,737,NOTRIAL
fixation,240820.69100010395,0.6306539394638755,0.4716128639199517,2.825039950284091,2.793373801491477,183.0,738,NOTRIAL
fixation,241020.6930000782,0.616949774324894,0.4528975337743759,2.8540782928466797,2.7992515563964844,141.0,739,NOTRIAL
fixation,241320.70000004768,0.5689955018460751,0.46395754627883434,2.89178466796875,2.8330421447753906,125.0,740,NOTRIAL
fixation,241520.70300006866,0.3419270632522447,0.4589282731924738,2.9770601712740383,2.9129420689174106,233.0,741,NOTRIAL
fixation,241820.70700001717,0.6134241348591404,0.4729702477005945,2.8278359675752944,2.7824620785920517,1150.0,742,NOTRIAL
fixation,242987.39600002766,0.6322837936323743,0.4710293342900831,2.8656665890715844,2.862736546716025,724.0,743,NOTRIAL
fixation,243887.41000008583,0.5077045410871506,0.7311328599850336,2.8267491658528647,2.8212788899739585,92.0,744,NOTRIAL
fixation,244004.0760000944,0.44841326597858877,0.7221923312720131,2.817979700425092,2.809588264016544,284.0,745,NOTRIAL
fixation,244354.08500003815,0.4883119494964679,0.2947331548978885,2.8198585510253906,2.8355420430501304,400.0,746,NOTRIAL
fixation,244770.75600004196,0.4752984277904034,0.47146358489990237,2.8868789672851562,2.9263847351074217,333.0,747,NOTRIAL
fixation,245120.76600003242,0.5003276137369019,0.47712341057402746,2.8981846400669644,2.89263916015625,233.0,748,22
fixation,245387.43700003624,0.4276096969842911,0.4036572413011031,2.8333559903231533,2.858693903142756,183.0,749,22
fixation,245604.10500001907,0.5292991780572467,0.5864511132240295,2.8567097981770835,2.866273668077257,300.0,750,22
fixation,245937.44100010395,0.42127515375614166,0.6966701447963715,2.9164055718315973,2.9261305067274304,150.0,751,22
fixation,246104.10900008678,0.3787895292043686,0.8750004867712656,2.938617706298828,2.929346720377604,200.0,752,22
fixation,246337.44500005245,0.4472093162211505,0.8611811887134205,3.0180719549005683,2.9551752263849433,183.0,753,22
fixation,246554.11400008202,0.5096118487417698,0.8603863455355167,2.890313148498535,2.8794174194335938,267.0,754,22
fixation,246837.4510000944,0.5747852623462677,0.8533684425055981,2.747988700866699,2.8157501220703125,266.0,755,22
fixation,247120.7880001068,0.5489581127961477,0.8629293590784073,2.7022577921549478,2.7899881998697915,100.0,756,22
fixation,247270.79100000858,0.47536221146583557,0.8708684792121252,2.8520075480143228,2.7949803670247397,100.0,757,22
fixation,247404.12800002098,0.3718121073075703,0.8715857884713581,2.8406590053013394,2.773962838309152,234.0,758,22
fixation,247654.12600004673,0.4146860076321496,0.8682062791453468,2.864798651801215,2.7947150336371527,150.0,759,22
fixation,247837.4660000801,0.452603613336881,0.8637462655703226,2.8145840962727866,2.774113972981771,200.0,760,22
fixation,248054.1360000372,0.4924373787183028,0.8561135324148031,2.7606236384465146,2.758222139798678,217.0,761,22
fixation,248287.47100007534,0.5504303336143493,0.8719408810138702,2.6597900390625,2.7202880859375,83.0,762,22
fixation,248387.47500002384,0.6056573341290156,0.8538254573941231,2.5030339558919272,2.693528493245443,208.0,763,22
fixation,248704.1440000534,0.5455625504255295,0.5370265156030655,2.7655014038085937,2.791180419921875,159.0,764,22
fixation,248887.48000001907,0.48010708950459957,0.5576467141509056,2.763021469116211,2.802734375,133.0,765,22
fixation,249054.15000009537,0.4405048645355485,0.40625899217345496,2.8128093372691763,2.81766093860973,367.0,766,22
fixation,249470.82100009918,0.45623301963011426,0.7221450308958689,2.8083428276909723,2.7602403428819446,150.0,767,22
fixation,249654.15800011158,0.40891078469299136,0.6816719742048354,2.7581997825985862,2.73013668968564,350.0,768,22
fixation,250037.4960000515,0.4488725606352091,0.5343475416302681,2.718264897664388,2.718113581339518,400.0,769,22
fixation,250470.8370000124,0.45272335274653003,0.6887729167938232,2.7862202037464487,2.749510331587358,183.0,770,22
fixation,250687.50900006294,0.3841926947236061,0.8805314034223557,2.8013153076171875,2.724627685546875,166.0,771,22
fixation,250870.84700000286,0.44080165525277454,0.8787229085961977,2.788435618082682,2.696955362955729,200.0,772,22
fixation,251104.18000006676,0.502760933978217,0.8760001957416534,2.6633104596819197,2.644292558942522,234.0,773,22
fixation,251354.18800008297,0.5697258234024047,0.8807787537574768,2.6483001708984375,2.600347900390625,84.0,774,22
fixation,251537.5220000744,0.6180623684610639,0.849218372787748,2.472102573939732,2.5504368373325894,116.0,775,22
fixation,251687.5230000019,0.5670668892562389,0.5798942372202873,2.7243194580078125,2.7117271423339844,133.0,776,22
fixation,251870.8600000143,0.4351112801920284,0.4798252582550049,2.759092851118608,2.7493397105823862,183.0,777,22
fixation,252087.53100001812,0.41212560310959817,0.6810764446854591,2.8110328674316407,2.773049163818359,333.0,778,22
fixation,252437.54000008106,0.45046532806009054,0.6726142838597298,2.7629804611206055,2.719109535217285,266.0,779,22
fixation,252720.875,0.49003413915634153,0.6725928753614425,2.710302734375,2.706170654296875,167.0,780,22
fixation,252920.87800002098,0.44366337252514704,0.47464437037706375,2.766017368861607,2.7757960728236606,233.0,781,22
fixation,253187.54700005054,0.4320630763585751,0.3797489611002115,2.840654813326322,2.8361476017878604,216.0,782,22
fixation,253437.55400002003,0.47073674499988555,0.44246971756219866,2.8583602905273438,2.861322021484375,166.0,783,22
fixation,253654.22600007057,0.41376064469416934,0.698933944106102,2.8406982421875,2.8397852579752603,100.0,784,22
fixation,253804.22900009155,0.4701386659095685,0.4232608440021674,2.857879638671875,2.8792552947998047,400.0,785,22
fixation,254220.90000009537,0.436488817135493,0.5080218116442362,2.8718159993489585,2.894489288330078,200.0,786,22
fixation,254454.2380000353,0.4037725110848745,0.6824966788291931,2.8388773600260415,2.8518086751302083,250.0,787,22
fixation,254720.90800011158,0.42503228783607483,0.6708470665746264,2.7930035061306424,2.8163799709743924,300.0,788,22
fixation,255054.24900007248,0.4517815640339485,0.6721677207029783,2.7175668569711537,2.7596834622896633,217.0,789,22
fixation,255304.25200009346,0.47288950756192205,0.6798128336668015,2.728380584716797,2.764710235595703,334.0,790,22
fixation,255654.25600004196,0.497549063780091,0.6796323250640522,2.7184406627308237,2.754087968306108,184.0,791,22
fixation,255887.59300005436,0.41321389783512463,0.8683244179595601,2.786417180841619,2.769797585227273,183.0,792,22
fixation,256087.59600007534,0.4647331502702501,0.8793378869692484,2.87215338812934,2.822457207573785,150.0,793,22
fixation,256270.93400001526,0.5097178518772125,0.8787135098661695,2.808377947126116,2.7998177664620534,125.0,794,22
fixation,256570.93700003624,0.48503197368347284,0.4355975412058108,2.9512615781841856,2.9231613621567236,550.0,795,22
fixation,257320.95000004768,0.4874724471255353,0.46506430208683014,2.8815155029296875,2.9039073743318258,317.0,796,FIX_CROS
fixation,257670.9580000639,0.4149159381786982,0.3461940278609594,2.828017171223958,2.894390869140625,250.0,797,FIX_CROS
fixation,257970.95900011063,0.26522948145866393,0.3605391770601273,2.789923095703125,2.8796630859375,83.0,798,22.1
fixation,258070.96300005913,0.23133105841966775,0.36907946261075825,2.791321974534255,2.8460599459134617,217.0,799,22.1
fixation,258320.96500003338,0.30277128653092816,0.367656719955531,2.7795548872514204,2.809012673117898,183.0,800,22.1
fixation,258537.63500010967,0.36697928979992867,0.37601219303905964,2.7780189514160156,2.821523666381836,133.0,801,22.1
fixation,258704.307000041,0.4080587608946694,0.38334354427125716,2.7814466688368054,2.816982693142361,150.0,802,22.1
fixation,258870.97500002384,0.46582296376044935,0.3846213611272665,2.788543701171875,2.806121826171875,217.0,803,22.1
fixation,259120.97900009155,0.5239411254723867,0.3897439440091451,2.828143310546875,2.8113250732421875,250.0,804,22.1
fixation,259404.31500005722,0.6019775933689542,0.38205113179153866,2.818812052408854,2.7704230414496527,150.0,805,22.1
fixation,259587.65400004387,0.6407422304153443,0.37735521495342256,2.778666687011719,2.73551025390625,166.0,806,22.1
fixation,259770.9880000353,0.6832124501466751,0.37438230514526366,2.7592697143554688,2.699201965332031,167.0,807,22.1
fixation,259987.6590000391,0.5920803336536183,0.3748204629210865,2.7465147130629597,2.7273236443014706,283.0,808,22.1
fixation,260287.6630001068,0.6347889877282656,0.37176102514450365,2.744066678560697,2.7221210186298075,217.0,809,22.1
fixation,260537.66800010204,0.6782165467739105,0.37067653238773346,2.726605224609375,2.71710205078125,91.0,810,22.1
fixation,260804.34000003338,0.7134019271893934,0.3741855824535543,2.6840584494850854,2.675209738991477,175.0,811,22.1
fixation,261004.34700000286,0.7446195036172867,0.3669114589691162,2.743609619140625,2.725347900390625,166.0,812,22.1
fixation,261187.6810001135,0.7714680552482605,0.3723966389894485,2.7079508463541666,2.677268473307292,250.0,813,22.1
fixation,261521.02100002766,0.20578254759311676,0.4533286806609895,2.755498250325521,2.77803717719184,150.0,814,22.1
fixation,261687.68600010872,0.18054109578952193,0.4682914661243558,2.765665054321289,2.7463111877441406,267.0,815,22.1
fixation,261987.6930000782,0.24901683926582335,0.46004782915115355,2.7339218139648436,2.710540771484375,167.0,816,22.1
fixation,262171.0310000181,0.31187887117266655,0.46005983371287584,2.7518739700317383,2.7423534393310547,267.0,817,22.1
fixation,262487.7000000477,0.512819746365914,0.47828930387130153,2.760759793795072,2.7435067983774037,217.0,818,22.1
fixation,262804.37600004673,0.42821571230888367,0.4682617141650273,2.725396963266226,2.7902057354266825,216.0,819,22.1
fixation,263054.38000011444,0.37888295522757937,0.46708720709596363,2.732028052920387,2.791039603097098,350.0,820,22.1
fixation,263421.05100011826,0.32385810854889097,0.4575422228801818,2.735718500046503,2.7958751860119047,350.0,821,22.1
fixation,263787.7260000706,0.3912299561003844,0.4702809390922387,2.7498130798339844,2.7916297912597656,200.0,822,22.1
fixation,264021.060000062,0.45091991658721653,0.4688108446342604,2.7400436401367188,2.8120335170200894,234.0,823,22.1
fixation,264271.06600010395,0.4870865059395631,0.475510872900486,2.7567291259765625,2.798304239908854,200.0,824,22.1
fixation,264504.40300011635,0.5259498682889071,0.47486238994381647,2.756723577325994,2.7876392711292612,183.0,825,22.1
fixation,264704.4060000181,0.5614282380450856,0.4732425023208965,2.7637897838245737,2.7683355158025567,183.0,826,22.1
fixation,264904.4090000391,0.6053685575723649,0.46946719139814375,2.7267807006835936,2.7454437255859374,166.0,827,22.1
fixation,265104.41000008583,0.6948478519916534,0.46807104100783664,2.6817105611165366,2.7170003255208335,200.0,828,22.1
fixation,265321.0830000639,0.6798624843358994,0.4704247087240219,2.67880859375,2.7204376220703126,167.0,829,22.1
fixation,265504.4160000086,0.7140629775822163,0.4558131340891123,2.666902542114258,2.6994247436523438,133.0,830,22.1
fixation,265654.41900002956,0.7602825302344102,0.4603703858760687,2.691614004281851,2.7254180908203125,216.0,831,22.1
fixation,265887.7580000162,0.8043969848326274,0.45766962532486233,2.7338104248046875,2.7586702619280135,241.0,832,22.1
fixation,266271.09700000286,0.41149318814277647,0.5680343866348266,2.7877288818359376,2.8207351684570314,159.0,833,22.1
fixation,266454.435000062,0.4442973944048087,0.5757925361394882,2.809040069580078,2.802607218424479,200.0,834,22.1
fixation,266671.1050000191,0.3916022124198767,0.575137395125169,2.7309229924128604,2.7665851299579325,217.0,835,22.1
fixation,266921.10800004005,0.4830040774847332,0.5757024021525132,2.7123541581003288,2.7071428800884045,317.0,836,22.1
fixation,267271.11600005627,0.5325055619080862,0.5784580541981591,2.6837632921006946,2.672392103407118,150.0,837,22.1
fixation,267454.44800007343,0.3823495838377211,0.5586071444882287,2.672185262044271,2.6711027357313366,300.0,838,22.1
fixation,267771.1240000725,0.4192783907055855,0.5605123788118362,2.6531661987304687,2.660443115234375,167.0,839,22.1
fixation,267971.12600004673,0.45895188369534234,0.5681536089290272,2.6638752330433237,2.682862715287642,184.0,840,22.1
fixation,268187.7980000973,0.5092363158861796,0.5752241214116415,2.6748792860243054,2.709843953450521,150.0,841,22.1
fixation,268371.1330000162,0.5700440580646197,0.5755622113744417,2.653697967529297,2.7034200032552085,200.0,842,22.1
fixation,268587.8030000925,0.5944360833743523,0.5718222722924989,2.6335664946457435,2.6753161200161637,483.0,843,22.1
fixation,269121.14600002766,0.8077563941478729,0.46927070803940296,2.654611587524414,2.6410903930664062,142.0,844,22.1
fixation,270037.82700002193,0.47956120914646555,0.6840526780911854,2.803196498325893,2.7750184195382253,483.0,845,22.1
fixation,270571.17200005054,0.46513820787270865,0.47826313277085625,2.809056599934896,2.7706288655598956,250.0,846,NOTRIAL
fixation,270854.50900006294,0.41173658706247807,0.20021954271942377,2.838724136352539,2.7844104766845703,133.0,847,NOTRIAL
fixation,271021.1770000458,0.3456802982091904,0.2559399116039276,2.9268902587890624,2.9007421875,417.0,848,NOTRIAL
fixation,271454.5160000324,0.3693507745862007,0.2476452324539423,2.9589637756347655,2.932982635498047,333.0,849,NOTRIAL
fixation,271804.5230000019,0.3408743215458734,0.25708299790109906,2.9680908203125,2.9705130440848215,583.0,850,NOTRIAL
fixation,272404.53500008583,0.3755284963469756,0.2513967344635411,2.9343494616056742,2.901808889288651,316.0,851,NOTRIAL
fixation,272754.5420000553,0.4201127663254738,0.26047812923789027,2.9308349609375,2.87486572265625,174.0,852,NOTRIAL
fixation,273087.88000011444,0.36940759321053823,0.26396846572558086,2.906715901692708,2.844427490234375,242.0,853,NOTRIAL
fixation,273354.5490000248,0.3448434970949007,0.26805323297562805,2.8708695121433423,2.8442595108695654,383.0,854,NOTRIAL
fixation,273754.5560001135,0.356503476947546,0.25445141829550266,2.8433250427246093,2.8288223266601564,341.0,855,NOTRIAL
fixation,274187.8980000019,0.34903025813400745,0.47118306035796803,2.8629207611083984,2.864201227823893,400.0,856,NOTRIAL
fixation,274754.57400000095,0.3606084699814136,0.23345169539634997,2.7664384108323317,2.7917022705078125,208.0,857,NOTRIAL
fixation,275004.5790001154,0.4222384378794701,0.2587846618506216,2.8280423072076615,2.822720435357863,516.0,858,NOTRIAL
fixation,275537.9240000248,0.357418555021286,0.25186610221862793,2.8188069661458335,2.8076161702473956,250.0,859,NOTRIAL
fixation,275821.2610000372,0.4078388661146164,0.26148097962141037,2.827398512098524,2.8072068956163196,300.0,860,NOTRIAL
fixation,276137.93400001526,0.3555608501036962,0.2554100801547368,2.8531768798828123,2.834339396158854,250.0,861,NOTRIAL
fixation,276404.60700011253,0.42431308721241195,0.2570344609649558,2.89680320338199,2.8583341899671053,316.0,862,NOTRIAL
fixation,276754.61500000954,0.36133678779006007,0.4779361248016357,2.836656188964844,2.8498886108398436,333.0,863,NOTRIAL
fixation,277137.9540001154,0.4121381085027348,0.261517503044822,2.8112668124112217,2.7645527232776987,183.0,864,NOTRIAL
fixation,277371.2960000038,0.6235318289083593,0.4896610282799777,2.7458388384650734,2.6900921989889706,284.0,865,NOTRIAL
fixation,277671.3000000715,0.6341878092951245,0.4801330400837792,2.7378607855902777,2.7115656534830728,300.0,866,NOTRIAL
fixation,277987.9740000963,0.6151023089885712,0.47788235545158386,2.7096542358398437,2.6783447265625,167.0,867,NOTRIAL
fixation,278204.6470000744,0.37706638737158343,0.47189121625640174,2.690673828125,2.729402021928267,183.0,868,NOTRIAL
fixation,278404.65000009537,0.4145005140453577,0.4561824407428503,2.6994361877441406,2.7291698455810547,133.0,869,NOTRIAL
fixation,278571.3210000992,0.35126407113340163,0.46990632803903687,2.661474439832899,2.6990780300564237,600.0,870,NOTRIAL
fixation,279238.0,0.34206258601103073,0.69875397055577,2.6759502704326925,2.671804966070713,650.0,871,NOTRIAL
fixation,279921.34600007534,0.4219337495473715,0.702657190652994,2.6685955341045675,2.6542733999399037,216.0,872,NOTRIAL
fixation,280171.3510000706,0.3356607132836392,0.6982194844045138,2.6762888055098686,2.6877553839432564,316.0,873,NOTRIAL
fixation,280504.6900000572,0.3527618530723784,0.7137966520256467,2.68558586968316,2.68605719672309,300.0,874,NOTRIAL
fixation,280838.02800011635,0.4081073726216952,0.6993233760197958,2.6812871297200522,2.680572509765625,100.0,875,NOTRIAL
fixation,280971.3630000353,0.35891232582239,0.6992012010170863,2.6316293569711537,2.646862323467548,216.0,876,NOTRIAL
fixation,281204.70200002193,0.3424042080839475,0.7022521903117498,2.6731252034505206,2.6755645751953123,508.0,877,NOTRIAL
fixation,281888.0480000973,0.4464949435657925,0.8193550705909729,2.6472930908203125,2.65659417046441,150.0,878,NOTRIAL
fixation,282238.0530000925,0.4109290957450867,0.7454770088195801,2.719818115234375,2.6880401611328124,76.0,879,NOTRIAL
fixation,282371.3870000839,0.4438127036447878,0.40291098643232276,2.8205962004484952,2.7795065420645253,450.0,880,NOTRIAL
fixation,282838.0640000105,0.48557708336382494,0.4479135731045081,2.828675250617825,2.820764969806282,817.0,881,FIX_CROS
fixation,283671.4120000601,0.4535532494386037,0.4154611999789874,2.8332036336263022,2.892420450846354,100.0,882,22.2
fixation,283821.41400003433,0.3559328690171242,0.48369427025318146,2.8270721435546875,2.8899917602539062,133.0,883,22.2
fixation,283971.4160000086,0.3416605807012982,0.48418717914157444,2.7979532877604165,2.8687625461154513,150.0,884,22.2
fixation,284138.08200001717,0.4178732908689059,0.4781455271519147,2.7786700908954325,2.816736074594351,217.0,885,22.2
fixation,284371.4230000973,0.46290966702832115,0.47496556573443943,2.7671610514322915,2.81124030219184,150.0,886,22.2
fixation,284554.7600001097,0.5303527116775513,0.47468029459317523,2.790318806966146,2.8205718994140625,150.0,887,22.2
fixation,284738.0980000496,0.5926490958247866,0.47196097671985626,2.7823878696986606,2.805692400251116,234.0,888,22.2
fixation,285004.7690000534,0.6333401128649712,0.46636544292171794,2.792424519856771,2.7799275716145835,200.0,889,22.2
fixation,285221.4390000105,0.6624760429064432,0.47099293520053226,2.7808252970377603,2.7485198974609375,108.0,890,22.2
fixation,285821.4510000944,0.46643899215592277,0.5493108530839285,2.860570271809896,2.806876288519965,142.0,891,22.2
fixation,286004.79000008106,0.4872642857953906,0.4790276978164911,2.9182987213134766,2.84322452545166,267.0,892,NOTRIAL
fixation,286388.13100004196,0.39577909665448324,0.2763110622763634,2.865503583635603,2.8078340802873885,234.0,893,NOTRIAL
fixation,286654.8020000458,0.5905151009559632,0.23994119912385942,2.91944580078125,2.8074310302734373,83.0,894,NOTRIAL
fixation,286754.8020000458,0.6036620885133743,0.23645685985684395,2.9328880310058594,,67.0,895,NOTRIAL
fixation,286854.8030000925,0.6249229816290048,0.25837197727881944,2.9452315110426683,2.8830848106971154,217.0,896,NOTRIAL
fixation,287154.8110001087,0.6168176680803299,0.2465524561703205,2.9838218688964844,,67.0,897,NOTRIAL
fixation,287238.14500010014,0.6103573083877564,0.25391576091448465,2.9505961100260416,2.928871663411458,250.0,898,NOTRIAL
fixation,287521.4850000143,0.6396056239803632,0.25036575955649215,2.9230626424153647,2.911243438720703,200.0,899,NOTRIAL
fixation,287754.8260000944,0.5717511812845866,0.2561827187736829,2.916709391276042,2.9377009073893228,500.0,900,NOTRIAL
fixation,288288.1710000038,0.6342913773324754,0.26745276980929905,2.919553968641493,2.926322089301215,150.0,901,NOTRIAL
fixation,288471.5070000887,0.6341242710749309,0.49756855368614195,2.866327921549479,2.897560628255208,250.0,902,NOTRIAL
fixation,288771.5110000372,0.5822134137153625,0.27972193658351896,2.8734527587890626,2.8909042358398436,166.0,903,NOTRIAL
fixation,288954.85400009155,0.6182064240177473,0.2545292545109987,2.8576138814290366,2.849257151285807,200.0,904,NOTRIAL
fixation,289171.52400004864,0.643676180105943,0.25359290924209815,2.8596619826096754,2.8391659076397238,433.0,905,NOTRIAL
fixation,289654.867000103,0.3465565089826231,0.2471771248512798,2.93134844744647,2.9369574652777777,450.0,906,NOTRIAL
fixation,290121.5410000086,0.37965529624904903,0.2531915780689035,2.9572056361607144,2.932671683175223,233.0,907,NOTRIAL
fixation,290388.2130000591,0.5344445586204529,0.2590220183134079,2.908148193359375,2.887162780761719,167.0,908,NOTRIAL
fixation,290571.5500000715,0.5544573993518435,0.26102852564433526,2.9194667421538254,2.911534802667026,483.0,909,NOTRIAL
fixation,291088.22500002384,0.6318432400623958,0.4789266914129257,2.832970682779948,2.8282750447591147,500.0,910,NOTRIAL
fixation,291621.56600010395,0.5578766429424286,0.47387794315814974,2.7915252685546874,2.7887823486328127,416.0,911,NOTRIAL
fixation,292088.24100005627,0.3675014360083474,0.7346339954270257,2.80904303656684,2.7839236789279513,150.0,912,NOTRIAL
fixation,292271.57800006866,0.3337646709247069,0.7329330254684795,2.8031852028586646,2.7641171542080967,183.0,913,NOTRIAL
fixation,292471.5840001106,0.35960501929124195,0.7119768162568411,2.7701890733506946,2.7074788411458335,150.0,914,NOTRIAL
fixation,292671.5860000849,0.54285415155547,0.4996051383869989,2.7548653738839284,2.7012481689453125,116.0,915,NOTRIAL
fixation,292838.25500011444,0.3321504943072796,0.7197232604026794,2.7271438598632813,2.6847076416015625,334.0,916,NOTRIAL
fixation,293188.2580000162,0.3551299124956131,0.7208406902276553,2.7653585580679088,2.6855562650240383,217.0,917,NOTRIAL
fixation,293421.5980000496,0.32148815014145593,0.7163321267474781,2.697085293856534,2.640199141068892,183.0,918,NOTRIAL
fixation,293621.6010000706,0.3522354273692421,0.7151658884857012,2.7216836680536685,2.688430122707201,383.0,919,NOTRIAL
fixation,294071.6090000868,0.6332607754639217,0.7225357498441424,2.7833199637276786,2.7985591343470984,583.0,920,NOTRIAL
fixation,294704.95300006866,0.591915637254715,0.4529282134026289,2.9363632202148438,2.9103031158447266,133.0,921,NOTRIAL
fixation,294871.6220000982,0.6339144910636701,0.4849758328575837,2.9313579358552633,2.9070490786903784,316.0,922,NOTRIAL
fixation,295238.2960000038,0.6451710373163223,0.724386140704155,2.8092559814453124,2.855291748046875,167.0,923,NOTRIAL
fixation,295471.6350001097,0.3446907637019952,0.7527590294679006,2.974717458089193,2.972967783610026,200.0,924,NOTRIAL
fixation,295688.30900001526,0.32984790205955505,0.7234945297241211,2.9784185236150567,2.949308915571733,184.0,925,NOTRIAL
fixation,295888.3110001087,0.3554548936394545,0.7226682981619468,2.91824223445012,2.896571232722356,434.0,926,NOTRIAL
fixation,296371.65400004387,0.6384485627923693,0.7157766112259456,2.81226065499442,2.838921683175223,583.0,927,NOTRIAL
fixation,297021.66900002956,0.35903297265370687,0.7257515331109364,2.9308380126953124,2.9268727620442707,250.0,928,NOTRIAL
fixation,297305.00900006294,0.3485673815011978,0.6085513412952424,2.95037841796875,2.9370025634765624,92.0,929,NOTRIAL
fixation,297538.34600007534,0.6033688113093376,0.7240243144333363,2.8214808872767856,2.7944469451904297,125.0,930,NOTRIAL
fixation,297755.02100002766,0.6300122141838074,0.715802358256446,2.7368045383029513,2.8134290907118054,150.0,931,NOTRIAL
fixation,297971.6930000782,0.34774496108293534,0.7271563619375229,2.9131568908691405,2.9162925720214843,333.0,932,NOTRIAL
fixation,298321.69900000095,0.3684439182281494,0.7256112019220988,2.8572998046875,2.8571980794270835,250.0,933,NOTRIAL
fixation,298605.03900003433,0.3378553581237793,0.7328175210952759,2.8327008056640626,2.834273681640625,425.0,934,NOTRIAL
fixation,299238.3890000582,0.6249660650889078,0.7028472771247228,2.7912750244140625,2.775604248046875,92.0,935,NOTRIAL
fixation,299388.3900001049,0.5619616955518723,0.6015679623399462,2.8873519897460938,2.871392386300223,233.0,936,NOTRIAL
fixation,299671.7310000658,0.6400683988695559,0.705498042313949,2.745744788128397,2.768917581309443,383.0,937,NOTRIAL
fixation,300071.74000000954,0.6195891473604285,0.573767373095388,2.8148896590523096,2.812139759893003,383.0,938,NOTRIAL
fixation,300471.7460000515,0.6311875517879214,0.487504098032202,2.870519365583147,2.8512976510184154,233.0,939,NOTRIAL
fixation,300721.75,0.6138177663087845,0.4737340398132801,2.8693389892578125,2.867952346801758,133.0,940,NOTRIAL
fixation,300905.0880000591,0.5979187965393067,0.21014821007847787,2.9206451416015624,2.893113708496094,167.0,941,NOTRIAL
fixation,301088.4250000715,0.5841795016418804,0.1480005942285061,2.9660228382457388,2.925315163352273,183.0,942,NOTRIAL
fixation,301338.42900002,0.598016980290413,0.7061271071434021,2.925897216796875,2.94874267578125,166.0,943,NOTRIAL
fixation,301521.7650001049,0.6358563732355833,0.7072032038122416,2.955185890197754,2.957646369934082,267.0,944,NOTRIAL
fixation,301821.76700007915,0.5694638595861548,0.7141815196065342,2.9165398092830883,2.944200403550092,283.0,945,NOTRIAL
fixation,302138.4440000057,0.6389057437578837,0.7201940185493894,2.900638156467014,2.9114006890190973,150.0,946,NOTRIAL
fixation,302321.77900004387,0.575833226953234,0.7161589151337033,2.9406280517578125,2.9516187395368303,350.0,947,NOTRIAL
fixation,302705.11900007725,0.5130722671747208,0.8127836227416992,2.8813873291015626,2.9112197875976564,167.0,948,NOTRIAL
fixation,302921.7910000086,0.5840313786810095,0.6414808089082892,2.8499825217507104,2.841581864790483,183.0,949,NOTRIAL
fixation,303138.4620000124,0.6336258262395859,0.7029198557138443,2.7822830200195314,2.782667541503906,166.0,950,NOTRIAL
fixation,303371.7980000973,0.6211976366383689,0.5254387514931815,2.885125296456473,2.8840855189732144,117.0,951,NOTRIAL
fixation,303505.1350001097,0.6301220715045929,0.47718270619710285,2.9232248942057293,2.9205047607421877,250.0,952,NOTRIAL
fixation,303771.80500006676,0.6156114339828491,0.47829423730189985,2.91387939453125,2.9268517127403846,217.0,953,NOTRIAL
fixation,304055.1430000067,0.6228980018812067,0.7082669419400832,2.8508973963120403,2.8822488223805145,284.0,954,NOTRIAL
fixation,304388.48300004005,0.3563379550522024,0.6917083886536685,2.8884221857244317,2.923929387872869,183.0,955,NOTRIAL
fixation,304588.48700010777,0.3310759280409132,0.7122623750141689,2.8712310791015625,2.892397199358259,116.0,956,NOTRIAL
fixation,304755.1560000181,0.3492097378424976,0.4830386871876924,2.7993081134298574,2.8433771548063858,767.0,957,NOTRIAL
fixation,305571.8400000334,0.34115866097536957,0.7335998849435286,2.7470966685901987,2.7530656294389204,183.0,958,NOTRIAL
fixation,305771.84600007534,0.3623775901163326,0.7112898809068343,2.7519585104549633,2.7139739990234375,283.0,959,NOTRIAL
fixation,306071.8520001173,0.3438672572374344,0.7099329233169556,2.7457000732421877,2.7296722412109373,83.0,960,NOTRIAL
fixation,306205.18800008297,0.35531994369294906,0.42507253256109023,2.754141913519965,2.7593570285373263,150.0,961,NOTRIAL
fixation,306388.5260000229,0.36757355742156506,0.33048401959240437,2.759807586669922,2.752012252807617,133.0,962,NOTRIAL
fixation,306555.1960000992,0.37314376808129823,0.22159591374488977,2.8016286996694713,2.751684335561899,217.0,963,NOTRIAL
fixation,306805.20200002193,0.44560669362545013,0.24011010453104972,2.873973083496094,2.798628234863281,167.0,964,NOTRIAL
fixation,306988.5410000086,0.5045526309145821,0.2458299787508117,2.850736829969618,2.7983025444878473,150.0,965,NOTRIAL
fixation,307171.8790000677,0.5568751156330108,0.24295953661203384,2.8291854858398438,2.77799072265625,167.0,966,NOTRIAL
fixation,307355.21700000763,0.6151183491403406,0.2362731932239099,2.8019048517400567,2.7446843927556817,184.0,967,NOTRIAL
fixation,307555.22100007534,0.6363198794424534,0.2349916324019432,2.779886245727539,2.730764389038086,142.0,968,NOTRIAL
fixation,307888.5650000572,0.6341766672474998,0.44389062587703976,2.7552490234375,2.7229385375976562,233.0,969,NOTRIAL
fixation,308188.5710000992,0.3837043560213513,0.23867699172761705,2.7534077962239585,2.7645467122395835,150.0,970,NOTRIAL
fixation,308355.239000082,0.3515086486935616,0.232895178347826,2.717640686035156,2.7064163208007814,167.0,971,NOTRIAL
fixation,308555.24500000477,0.45438431203365326,0.22870407727631656,2.7699335271661933,2.6922038685191763,192.0,972,NOTRIAL
fixation,308971.91900002956,0.5957872761147363,0.42685300431081225,2.8007234845842635,2.7487803867885043,225.0,973,NOTRIAL
fixation,309221.92600011826,0.625372921095954,0.4826472943027814,2.841810268825955,2.832350158691406,1500.0,974,NOTRIAL
fixation,310771.9580000639,0.5024960823357105,0.7457767985761166,2.791584014892578,2.8414859771728516,133.0,975,NOTRIAL
fixation,310921.96000003815,0.45307384580373766,0.719549509882927,2.7872940063476563,2.8340438842773437,167.0,976,NOTRIAL
fixation,311555.307000041,0.5262489095330238,0.58551175147295,2.9148683547973633,2.8748769760131836,259.0,977,NOTRIAL
fixation,311855.310000062,0.48595732301473615,0.4676145722468694,2.848693339029948,2.8298655192057294,500.0,978,NOTRIAL
fixation,312388.6560000181,0.4470184713602066,0.37973873913288114,2.78109130859375,2.7927764892578124,83.0,979,24
fixation,312505.3250000477,0.5051045706495643,0.46619041776284575,2.8296475410461426,2.848273277282715,534.0,980,24
fixation,313088.6670000553,0.40918132414420444,0.8838255703449249,2.9057591756184897,2.8440526326497397,200.0,981,24
fixation,313305.34200000763,0.4511170621429171,0.8721008428505489,2.8789193289620534,2.8226449148995534,116.0,982,24
fixation,313455.3440001011,0.5174717277288436,0.8700064718723297,2.6967041015625,2.7057525634765627,166.0,983,24
fixation,313638.68400001526,0.5604587097962698,0.8674855993853675,2.5824449327256946,2.688424004448785,150.0,984,24
fixation,313838.685000062,0.5085299611091614,0.4915974898771806,2.7879749644886362,2.8044502951882104,183.0,985,24
fixation,314038.6890000105,0.5075943084324107,0.44381748753435474,2.852721270392923,2.8266718247357536,283.0,986,24
fixation,314355.36200010777,0.5404828538497289,0.512516907726725,2.864795684814453,2.8393898010253906,400.0,987,24
fixation,314772.03500008583,0.516977217690698,0.4441094475573507,2.852117604222791,2.846577085297683,484.0,988,24
fixation,315272.04400002956,0.5017586881699769,0.4264310889917871,2.881330407184103,2.8576766304347827,384.0,989,24
fixation,315688.7200000286,0.5387208450299042,0.5158254039975313,2.8659750131460338,2.856090252216046,433.0,990,24
fixation,316172.0610001087,0.43137088583575356,0.8560727205541399,2.90218268500434,2.8286268446180554,150.0,991,24
fixation,316355.39600002766,0.5161898963981204,0.8667453693019019,2.7786407470703125,2.803805881076389,150.0,992,24
fixation,316538.7350000143,0.5653270423412323,0.8431752264499665,2.7137603759765625,2.75594482421875,83.0,993,24
fixation,316672.07000005245,0.5223122566938401,0.5354663848876953,2.84217529296875,2.8255325317382813,167.0,994,24
fixation,316872.07300007343,0.5099329978227616,0.43542122691869733,2.8877593994140627,2.841864013671875,167.0,995,24
fixation,317072.0790001154,0.5473442216714223,0.5183040767908096,2.960236104329427,2.933024597167969,500.0,996,24
fixation,317588.75200009346,0.5358481407165527,0.49407492329676944,2.9766082763671875,2.960627237955729,200.0,997,24
fixation,317822.0880000591,0.5192969789107641,0.44074622727930546,3.0208861033121743,2.987951914469401,400.0,998,24
fixation,318238.76300001144,0.5453158670511001,0.5168129671842624,2.9606288029597354,2.9885109143379407,650.0,999,24
fixation,318905.4460000992,0.5340044150749842,0.46973851985401577,2.927209642198351,3.0025100708007812,300.0,1000,24
fixation,319222.114000082,0.5227465452626348,0.44634636119008064,2.953947067260742,2.998551368713379,534.0,1001,24
fixation,319772.125,0.5142831371890174,0.4387528391347991,2.9859788682725696,3.01411861843533,300.0,1002,24
fixation,320122.13400006294,0.42561113089323044,0.6007544228008815,2.9807771955217635,3.023799351283482,234.0,1003,24
fixation,320405.47100007534,0.420601498749521,0.8846218519740634,3.0168914794921875,2.9859720865885415,150.0,1004,24
fixation,320572.1400001049,0.4962978303432465,0.8768570125102997,2.9795242309570313,2.9566726684570312,175.0,1005,24
fixation,320905.4800000191,0.48242417190756115,0.44778792560100555,2.903924124581473,2.899041312081473,108.0,1006,24
fixation,321038.81300008297,0.4439260552326838,0.3537831495205561,2.97529296875,2.9527882893880206,250.0,1007,24
fixation,321305.48600006104,0.424993060529232,0.38119059056043625,3.0342619154188366,3.0066986083984375,300.0,1008,24
fixation,321622.1580001116,0.4047977377971013,0.3521990602215131,2.904876708984375,2.8664754231770835,100.0,1009,24
fixation,321772.1630001068,0.5502308850938623,0.39761033383282746,2.8621049360795454,2.7738203568892046,184.0,1010,24
fixation,321988.83100008965,0.5670865962902705,0.370649820069472,2.9359227498372396,2.8763722737630206,500.0,1011,24
fixation,322555.5080000162,0.5446259038788932,0.8552248222487313,2.847076416015625,2.856481279645647,241.0,1012,24
fixation,322955.5180000067,0.5817084405571222,0.5746419951319695,2.8882808685302734,2.862057685852051,258.0,1013,24
fixation,323238.85700011253,0.5678695579369862,0.5098685185114543,2.950667317708333,2.953167724609375,250.0,1014,24
fixation,323505.5270000696,0.5662540256977081,0.4360231149196625,2.9868255615234376,2.94728271484375,416.0,1015,24
fixation,323938.8680000305,0.5734708160161972,0.4581976806124051,3.0046984354654946,2.9646199544270835,200.0,1016,24
fixation,324155.54000008106,0.5413565215739337,0.4869041856039654,2.9872970581054688,2.9534391923384233,366.0,1017,24
fixation,324555.54700005054,0.4982124498840106,0.4878316880282709,2.8400806491657837,2.8488816083487816,983.0,1018,FIX_CROS
fixation,325588.8890000582,0.29809462651610374,0.328603096306324,2.879413604736328,2.93475341796875,67.0,1019,24.2
fixation,325672.22100007534,0.24153769575059414,0.27047194354236126,2.797985076904297,2.8338756561279297,134.0,1020,24.2
fixation,325822.22100007534,0.21129672802411592,0.2685352632632622,2.778948270357572,2.7994314340444713,217.0,1021,24.2
fixation,326072.22100007534,0.2648725137114525,0.26154446974396706,2.802165985107422,2.7982234954833984,134.0,1022,24.2
fixation,326238.8900001049,0.3133926302194595,0.25223656073212625,2.78958740234375,2.7835418701171877,167.0,1023,24.2
fixation,326438.8890000582,0.36318934129344094,0.24751399374670452,2.797763400607639,2.7906375461154513,150.0,1024,24.2
fixation,326622.2260000706,0.40983778569433427,0.25390904231203926,2.78804694281684,2.7947014702690973,150.0,1025,24.2
fixation,326805.557000041,0.4631918463855982,0.2533089919015765,2.8000144958496094,2.7986621856689453,133.0,1026,24.2
fixation,326972.2230000496,0.5203787576068531,0.2530958876013756,2.8122086958451704,2.7878487326882104,184.0,1027,24.2
fixation,327172.22500002384,0.5748038087040186,0.24837087467312813,2.774660110473633,2.756834030151367,267.0,1028,24.2
fixation,327472.22500002384,0.6527808010578156,0.24655523300170898,2.77283935546875,2.7241668701171875,250.0,1029,24.2
fixation,327755.55900001526,0.7006668994824091,0.24366544435421625,2.7736485799153647,2.722295125325521,100.0,1030,24.2
fixation,327888.8910000324,0.7467752893765768,0.24486026366551716,2.77615966796875,2.7233286539713544,250.0,1031,24.2
fixation,328172.22500002384,0.7837321609258652,0.23842420677344003,2.7658665974934897,2.697657267252604,108.0,1032,24.2
fixation,328338.8910000324,0.7850045164426168,0.24345815305908522,2.753331502278646,2.7000300089518228,92.0,1033,24.2
fixation,328455.557000041,0.8073390668088739,0.2426050745628097,2.7684797807173296,2.710073297674006,183.0,1034,24.2
fixation,328655.55800008774,0.7605251694718996,0.2469240998228391,2.782093048095703,2.728404998779297,200.0,1035,24.2
fixation,328872.22500002384,0.7401089833842384,0.24884774618678623,2.775578816731771,2.7291378445095487,150.0,1036,24.2
fixation,329038.89200007915,0.7968392317945306,0.2393132813952186,2.7257343639026987,2.6904116543856533,183.0,1037,24.2
fixation,329322.2260000706,0.204156084280265,0.3236273550673535,2.7246896844161186,2.7414237574527136,317.0,1038,24.2
fixation,329672.22500002384,0.2607124596834183,0.32255113937638025,2.6898332075639204,2.6658477783203125,184.0,1039,24.2
fixation,329872.2240000963,0.33143408461050555,0.3243267129768025,2.6591131036931817,2.6399591619318183,184.0,1040,24.2
fixation,330088.8970000744,0.3782556851704915,0.32697250445683795,2.634574042426215,2.6320614284939237,150.0,1041,24.2
fixation,330255.55900001526,0.4615647895978047,0.3265163703606679,2.6543719951923075,2.6314192551832933,216.0,1042,24.2
fixation,330505.5670000315,0.5151931270956993,0.32452809158712626,2.654494285583496,2.635605812072754,266.0,1043,24.2
fixation,330805.5720000267,0.5821107774972916,0.320168511942029,2.6527023315429688,2.6316699981689453,266.0,1044,24.2
fixation,331105.57700002193,0.6395784881379869,0.31829315258396995,2.669830322265625,2.62422858344184,150.0,1045,24.2
fixation,331288.9130001068,0.5298437284571784,0.33063055894204546,2.706653050013951,2.6795240129743303,233.0,1046,24.2
fixation,331538.91800010204,0.45852118358016014,0.3368893414735794,2.7298107147216797,2.7142086029052734,133.0,1047,24.2
fixation,331705.58500003815,0.42257162630558015,0.3385691985487938,2.7159805297851562,2.6978683471679688,166.0,1048,24.2
fixation,331905.5910000801,0.5063466592268511,0.3272170912135731,2.746736006303267,2.702883633700284,183.0,1049,24.2
fixation,332122.2620000839,0.5597381889820099,0.32017353773117063,2.7406097412109376,2.69769287109375,84.0,1050,24.2
fixation,332222.2620000839,0.6154665557237772,0.3201651137608748,2.723833524263822,2.6850128173828125,217.0,1051,24.2
fixation,332455.6010000706,0.6595631316304207,0.31816280136505765,2.7028846740722656,2.6872355143229165,200.0,1052,24.2
fixation,332688.9390000105,0.7185068672353571,0.3188717432997443,2.7133539373224433,2.7015630548650567,183.0,1053,24.2
fixation,332888.9400000572,0.7593108382489946,0.32052789959642625,2.6766120062934027,2.678188747829861,150.0,1054,24.2
fixation,333055.6090000868,0.7905554063618183,0.322527876123786,2.6729507446289062,2.6774940490722656,133.0,1055,24.2
fixation,333372.28200006485,0.1994399268180132,0.4313562735915184,2.690205383300781,2.7550094604492186,326.0,1056,24.2
fixation,333738.95600008965,0.25389511957764627,0.4121266335248947,2.642022705078125,2.680589294433594,167.0,1057,24.2
fixation,333922.2910000086,0.3091025095094334,0.4134316701780666,2.6229691938920454,2.658389004794034,184.0,1058,24.2
fixation,334122.2960000038,0.36226671002805233,0.4257047618739307,2.650717258453369,2.6871471405029297,534.0,1059,24.2
fixation,334672.30400002,0.39343030406878543,0.4283329099416733,2.6302572397085338,2.6813636192908654,217.0,1060,24.2
fixation,334905.6430000067,0.45054272934794426,0.431462778399388,2.6454696655273438,2.6914278666178384,200.0,1061,24.2
fixation,335122.3110001087,0.49061482873829926,0.4332904571836645,2.6507804177024146,2.683144309303977,184.0,1062,24.2
fixation,335338.9850000143,0.5342678979039193,0.43609300181269645,2.6433036804199217,2.677287292480469,333.0,1063,24.2
fixation,335705.6590000391,0.5755434717450824,0.43052236310073305,2.6121673583984375,2.6255994524274553,116.0,1064,24.2
fixation,335855.66400003433,0.6247543600889353,0.42989990688287294,2.5686974158653846,2.565912099984976,217.0,1065,24.2
fixation,336105.66800010204,0.7256439259419074,0.4246790489325157,2.550714346078726,2.543086125300481,217.0,1066,24.2
fixation,336922.35700011253,0.19154838658869267,0.5490406714379787,2.6598739624023438,2.6831436157226562,125.0,1067,24.2
fixation,337072.3600000143,0.17376029262175927,0.5352660027834085,2.684952369103065,2.634967510516827,433.0,1068,24.2
fixation,337522.3720000982,0.22898648413164274,0.49895521040473667,2.612035478864397,2.566309247698103,233.0,1069,24.2
fixation,337789.04700005054,0.292679063975811,0.49941117092967036,2.6047080993652343,2.620807647705078,334.0,1070,24.2
fixation,338155.7240000963,0.35345828303923976,0.5030818019921963,2.637378399188702,2.6455524151141825,217.0,1071,24.2
fixation,338389.06300008297,0.38695106336048674,0.501078334237848,2.618310110909598,2.612701416015625,234.0,1072,24.2
fixation,338655.73300004005,0.43656211925877464,0.5041550993919373,2.618433634440104,2.636771308051215,158.0,1073,24.2
fixation,338972.41100001335,0.4642362511820263,0.5066470901171366,2.6287723117404513,2.6426866319444446,142.0,1074,24.2
fixation,339139.0790001154,0.506332565512922,0.5090421769354079,2.6364254421657987,2.6514146592881946,300.0,1075,24.2
fixation,339505.7580000162,0.6892794370651245,0.501469453627413,2.5503692626953125,2.542569247159091,183.0,1076,24.2
fixation,339722.4310001135,0.7520279973745346,0.4984856083989143,2.5908721923828124,2.5741897583007813,166.0,1077,24.2
fixation,339905.7690000534,0.785571025950568,0.4958143319402422,2.6482979910714284,2.6097826276506697,233.0,1078,24.2
fixation,340289.1130000353,0.18768199494010523,0.6147053492696661,2.727768747430099,2.704197130705181,309.0,1079,24.2
fixation,340622.4470000267,0.2426957149397243,0.6031696850603278,2.697358564897017,2.6687691428444604,183.0,1080,24.2
fixation,340839.11900007725,0.2961203306913376,0.5892221927642822,2.6662063598632812,2.6475296020507812,134.0,1081,24.2
fixation,341005.79000008106,0.20029593415950475,0.604079091235211,2.741877505653783,2.693111218904194,317.0,1082,24.2
fixation,341339.1290000677,0.23545191780878946,0.6006121933460236,2.720867450420673,2.6759314903846154,217.0,1083,24.2
fixation,341572.46700000763,0.3172808885574341,0.5920741657416025,2.6727371215820312,2.645135243733724,208.0,1084,24.2
fixation,341955.80900001526,0.3407575860619545,0.6183594812949499,2.6955718994140625,2.6773503621419272,108.0,1085,24.2
fixation,342372.4810000658,0.40518375689333136,0.6011904586445201,2.7076374400745737,2.6722911487926138,175.0,1086,24.2
fixation,342572.4850000143,0.44776116884671724,0.6117694859321301,2.7439598670372596,2.684596135066106,216.0,1087,24.2
fixation,342822.49000000954,0.5242014650036307,0.6100911743500653,2.5911748549517464,2.605856502757353,283.0,1088,24.2
fixation,343139.1630001068,0.6048361144282601,0.6049313789064233,2.534444635564631,2.5397824374112217,184.0,1089,24.2
fixation,343355.83200001717,0.6617878884077072,0.5915665090084076,2.5145965576171876,2.520921325683594,167.0,1090,24.2
fixation,343555.8380000591,0.7230005900065104,0.5818954904874166,2.5238983154296877,2.52210693359375,250.0,1091,24.2
fixation,343822.5080000162,0.7880077448983988,0.5885901562869549,2.558809280395508,2.588588078816732,400.0,1092,24.2
fixation,344289.182000041,0.35761414137151504,0.6927451822492812,2.7040167914496527,2.747828165690104,150.0,1093,24.2
fixation,344455.8520001173,0.32819370478391646,0.701395320892334,2.7193206787109374,2.725535583496094,167.0,1094,24.2
fixation,344639.1890000105,0.4190716364166953,0.6980778520757501,2.711181640625,2.688600019975142,184.0,1095,24.2
fixation,344839.1930000782,0.47621726244688034,0.7021844804286956,2.677806091308594,2.6882858276367188,167.0,1096,24.2
fixation,345039.1960000992,0.5239913181254738,0.703197087112226,2.6679559004934212,2.6827239990234375,317.0,1097,24.2
fixation,345372.53200006485,0.4931901037693024,0.7066855162382126,2.68551025390625,2.708787536621094,166.0,1098,24.2
fixation,345572.5370000601,0.4590901553630829,0.7053987781206766,2.6927225748697916,2.7284220377604167,250.0,1099,24.2
fixation,345855.87600004673,0.5082832802744472,0.7070020840448492,2.699523028205423,2.687734267290901,283.0,1100,24.2
fixation,346172.5490000248,0.5746988671667436,0.6908782457604128,2.6399949017693016,2.6503762637867645,283.0,1101,24.2
fixation,346489.2200000286,0.6321736241088194,0.6805504174793467,2.59442138671875,2.6084181841681984,284.0,1102,24.2
fixation,346789.22500002384,0.6690146736800671,0.6822857148945332,2.560789108276367,2.6013336181640625,142.0,1103,24.2
fixation,347122.5650000572,0.5025332435965538,0.7082881242036819,2.712355041503906,2.7159347534179688,166.0,1104,24.2
fixation,347772.5760000944,0.5847284545501074,0.699677179257075,2.748194376627604,2.6684036254882812,92.0,1105,24.2
fixation,347905.91500008106,0.6630236029624939,0.6823373317718506,2.759613037109375,2.670152791341146,250.0,1106,24.2
fixation,348205.9170000553,0.5509417190633971,0.49276946741959143,2.800128805226293,2.736004533438847,483.0,1107,24.2
fixation,348722.5940001011,0.4897615760564804,0.35893004139264423,2.8487447102864585,2.7834014892578125,150.0,1108,NOTRIAL
fixation,348922.5990000963,0.6298654675483704,0.24515768264730772,2.826676686604818,2.732468922932943,200.0,1109,NOTRIAL
fixation,349139.26700007915,0.6085571302817419,0.24775283497113448,2.8525050236628604,2.782684326171875,217.0,1110,NOTRIAL
fixation,349372.60400009155,0.6395570013834082,0.24957649409770966,2.884859831436821,2.8227300229279892,383.0,1111,NOTRIAL
fixation,349805.9420000315,0.6447472833096981,0.5063851326704025,2.8789196014404297,2.8450965881347656,133.0,1112,NOTRIAL
fixation,349955.9460000992,0.6388092774611253,0.4835418688181119,2.8901077661758814,2.853999602488982,650.0,1113,NOTRIAL
fixation,350639.29300010204,0.6286401035992996,0.25789339969987457,2.904424916143003,2.8371907109799595,384.0,1114,NOTRIAL
fixation,351039.3020000458,0.6080202200473883,0.2465857439316236,2.9261372884114585,2.86495110927484,658.0,1115,NOTRIAL
fixation,351855.9850000143,0.6253421521849103,0.29342616597811383,2.9068696763780384,2.8762444390190973,292.0,1116,NOTRIAL
fixation,352189.3220000267,0.565964095732745,0.4211817971047233,2.8764262479894303,2.8565009622012867,284.0,1117,NOTRIAL
fixation,352505.99500000477,0.6277696758508682,0.4618494972586632,2.810685729980469,2.80030517578125,167.0,1118,NOTRIAL
fixation,352705.9990000725,0.6223634830335292,0.23801690249181376,2.828054660704078,2.8159004769674163,684.0,1119,NOTRIAL
fixation,353489.34600007534,0.5764472275972367,0.35830894857645035,2.87579345703125,2.8462188720703123,166.0,1120,NOTRIAL
fixation,353672.68300008774,0.5606618583202362,0.4255942553281784,2.860736083984375,2.823760986328125,167.0,1121,NOTRIAL
fixation,353906.0190000534,0.34638323973525653,0.7507520588961515,2.8805597478693183,2.844820889559659,184.0,1122,NOTRIAL
fixation,354106.0220000744,0.3596930354833603,0.7262768805027008,2.880712890625,2.8247329711914064,167.0,1123,NOTRIAL
fixation,354339.3600000143,0.5377907951672872,0.4329549057616128,2.781582302517361,2.750926547580295,300.0,1124,NOTRIAL
fixation,354672.70300006866,0.6435308179434608,0.711392031697666,2.622233850815717,2.686785888671875,1417.0,1125,NOTRIAL
fixation,356139.39200007915,0.4929719219605128,0.7180821862485673,2.7729356553819446,2.7817501491970487,150.0,1126,NOTRIAL
fixation,356322.72500002384,0.6452169418334961,0.6999072134494781,2.671772257486979,2.714278157552083,258.0,1127,NOTRIAL
fixation,356722.7340000868,0.6244455965665671,0.6786432976906116,2.7261376014122596,2.733921931340144,209.0,1128,NOTRIAL
fixation,356956.07000005245,0.6406397066333077,0.7099678462201898,2.723764315518466,2.7291606556285513,917.0,1129,NOTRIAL
fixation,357922.753000021,0.5805647915059869,0.5387353558431972,2.892553849653764,2.8324772227894175,367.0,1130,NOTRIAL
fixation,358339.4280000925,0.6489674597978592,0.7357492953538894,2.7696914672851562,2.7386474609375,166.0,1131,NOTRIAL
fixation,358522.7650001049,0.6349930807948112,0.7165348380804062,2.733012390136719,2.746233367919922,333.0,1132,NOTRIAL
fixation,358872.7690000534,0.6474154554307461,0.7155064443747202,2.687885284423828,2.716162999471029,400.0,1133,NOTRIAL
fixation,359289.4440000057,0.6296545080840588,0.7042166441679001,2.7156906127929688,2.7107601165771484,133.0,1134,NOTRIAL
fixation,359456.114000082,0.5900794064005216,0.5075858553250631,2.863390096028646,2.8370641072591147,1000.0,1135,NOTRIAL
fixation,360489.4650000334,0.6326072343758175,0.39834511492933544,2.974400111607143,2.9145333426339284,124.0,1136,NOTRIAL
fixation,360789.4700000286,0.36566544622182845,0.720597368478775,2.955340576171875,2.8797027587890627,158.0,1137,NOTRIAL
fixation,361006.14200007915,0.628118929763635,0.6996923287709554,2.8243306477864585,2.7790311177571616,200.0,1138,NOTRIAL
fixation,361256.14500010014,0.3417211120778864,0.7212122489105571,2.7871024391867896,2.8050287420099433,192.0,1139,NOTRIAL
fixation,361589.4840000868,0.6521798272927603,0.7046802796068645,2.6075577508835566,2.6555873325892856,342.0,1140,NOTRIAL
fixation,361956.15700006485,0.6321163546471369,0.7120553269272759,2.5901678176153276,2.647149222237723,350.0,1141,NOTRIAL
fixation,362356.1620000601,0.5927426278591156,0.35625140368938446,2.7477127075195313,2.7404022216796875,167.0,1142,NOTRIAL
fixation,362556.16800010204,0.624969201929429,0.4698264125515433,2.757351146024816,2.766845703125,292.0,1143,NOTRIAL
fixation,363056.1770000458,0.636617207278808,0.6953422240912914,2.6211522420247397,2.646322250366211,392.0,1144,NOTRIAL
fixation,363489.51700007915,0.5662250938238921,0.49992181912616446,2.756980613425926,2.756956312391493,450.0,1145,NOTRIAL
fixation,363989.5260000229,0.48643286277850467,0.8142500643928846,2.7744458516438804,2.7778841654459634,200.0,1146,NOTRIAL
fixation,364239.5340000391,0.6186514273285866,0.717998834947745,2.7368927001953125,2.7081336975097656,200.0,1147,NOTRIAL
fixation,364472.8680000305,0.5469316422939301,0.4988360717892647,2.8455245971679686,2.834503173828125,167.0,1148,NOTRIAL
fixation,364672.87000000477,0.626331492112233,0.47821123668780696,2.8941814716045675,2.846501277043269,217.0,1149,NOTRIAL
fixation,364922.875,0.5708673298358917,0.4697706864939796,2.9037848578559027,2.8838263617621527,150.0,1150,NOTRIAL
fixation,365106.2110000849,0.6004855036735535,0.4713209735022651,2.886479695638021,2.863800048828125,150.0,1151,NOTRIAL
fixation,365272.88000011444,0.6265041875839233,0.4757528179883957,2.88677001953125,2.872061767578125,417.0,1152,NOTRIAL
fixation,365722.8900001049,0.5225464310497046,0.49497766699641943,2.916259765625,2.9343814849853516,267.0,1153,FIX_CROS
fixation,366006.2280000448,0.49733811914920806,0.4873375415802002,2.8946075439453125,2.9265533447265626,92.0,1154,FIX_CROS
fixation,366339.57000005245,0.49120768422589584,0.4592083959895022,2.806662166819853,2.8238238166360294,558.0,1155,FIX_CROS
fixation,366956.24800002575,0.3491938769817352,0.2970345228910446,2.7086334228515625,2.7451812744140627,84.0,1156,24.1
fixation,367239.5900000334,0.22153930986920992,0.26414668063322705,2.6325276692708335,2.677321116129557,192.0,1157,24.1
fixation,367472.9240000248,0.29652536080943215,0.25015826440519756,2.694027370876736,2.6753133138020835,150.0,1158,24.1
fixation,367656.2650001049,0.3693869428502189,0.25218575282229316,2.727544148763021,2.7096930609809027,150.0,1159,24.1
fixation,367839.6030000448,0.42128935605287554,0.255581983178854,2.7750946044921876,2.7348342895507813,166.0,1160,24.1
fixation,368039.6060000658,0.48376271207081645,0.2561530015970531,2.8180566085012337,2.7864387913754114,316.0,1161,24.1
fixation,368389.61200010777,0.5385844475693173,0.26076050516631866,2.8321160210503473,2.7838897705078125,150.0,1162,24.1
fixation,368572.94900000095,0.5828837508505041,0.25103827159513126,2.8242145885120737,2.801455411044034,183.0,1163,24.1
fixation,368789.6210000515,0.6597687091146197,0.2519162419651236,2.845731462751116,2.814031328473772,233.0,1164,24.1
fixation,369056.2920000553,0.7012777686119079,0.25152901113033294,2.8469207763671873,2.8109085083007814,167.0,1165,24.1
fixation,369239.6320000887,0.7630531638860703,0.2495390015343825,2.827550252278646,2.7789293924967446,200.0,1166,24.1
fixation,369539.6350001097,0.21779409125447274,0.35584180653095243,2.822772216796875,2.8700958251953126,166.0,1167,24.1
fixation,369722.9730000496,0.19262644462287426,0.3516668016090989,2.7905359268188477,2.8009958267211914,267.0,1168,24.1
fixation,370006.3150000572,0.22926374660296875,0.33433075791055505,2.7172740589488638,2.7275043834339487,184.0,1169,24.1
fixation,370206.31600010395,0.27817177095196466,0.3288869153369557,2.729787653142756,2.7448314319957388,184.0,1170,24.1
fixation,370422.98600006104,0.31889972686767576,0.333301742374897,2.7908172607421875,2.7991485595703125,167.0,1171,24.1
fixation,370622.99000000954,0.4456927180290222,0.34574544057250023,2.805802663167318,2.795703887939453,208.0,1172,24.1
fixation,371006.33200001717,0.2374716285954822,0.3268246068195863,2.78948974609375,2.7891984419389204,184.0,1173,24.1
fixation,371206.3360000849,0.23260127529501914,0.280623559653759,2.847859191894531,2.8154006958007813,166.0,1174,24.1
fixation,371389.6710000038,0.2610152084380388,0.2715277895331383,2.8841495513916016,2.813802719116211,133.0,1175,24.1
fixation,371539.67200005054,0.29496801644563675,0.26241808086633683,2.86993408203125,2.795024108886719,167.0,1176,24.1
fixation,371739.6780000925,0.35506041198968885,0.25836461037397385,2.8428070068359377,2.7898223876953123,167.0,1177,24.1
fixation,371939.68000006676,0.3994564513365428,0.25646170328060786,2.8495391845703124,2.8029246012369793,250.0,1178,24.1
fixation,372223.02100002766,0.4514602928289345,0.2569848857820034,2.8458617074148997,2.8283113752092635,467.0,1179,24.1
fixation,372723.02800011635,0.4953450941377216,0.25884902973969776,2.823638916015625,2.8276231553819446,150.0,1180,24.1
fixation,372906.36600005627,0.5407084148181113,0.25705836125110326,2.830753527189556,2.817941766036184,316.0,1181,24.1
fixation,373239.70200002193,0.5836561371882757,0.24774744485815367,2.8235626220703125,2.787653605143229,100.0,1182,24.1
fixation,373356.37300002575,0.622882769505183,0.25263774394989014,2.801125081380208,2.779052734375,250.0,1183,24.1
fixation,373623.0450000763,0.6618492809625772,0.2514904513955116,2.7973221998948317,2.747167733999399,217.0,1184,24.1
fixation,373873.04700005054,0.7212279530671927,0.25207915099767536,2.7804225041316104,2.7323749248798075,217.0,1185,24.1
fixation,374273.0560001135,0.24802902684761927,0.34190269731558287,2.762830294095553,2.797534649188702,217.0,1186,24.1
fixation,374523.06300008297,0.28540253983094144,0.32922124748046583,2.7720559927133412,2.7470503586989183,217.0,1187,24.1
fixation,374773.06200003624,0.35363998346858555,0.3322085738182068,2.708104451497396,2.699093288845486,150.0,1188,24.1
fixation,374956.4010000229,0.2412223182618618,0.3269343471952847,2.6643480573381697,2.6654085431780135,233.0,1189,24.1
fixation,375256.4060000181,0.42656939157417845,0.3428107776812145,2.7386387416294644,2.7008797781808034,233.0,1190,24.1
fixation,375506.41100001335,0.3732989224103781,0.33362043591646046,2.7431194598858175,2.7303466796875,216.0,1191,24.1
fixation,375756.41400003433,0.4649316688378652,0.3345887114604314,2.689178466796875,2.6698567708333334,250.0,1192,24.1
fixation,376123.0860000849,0.6918260225882897,0.3350863548425528,2.6594696044921875,2.617375300480769,217.0,1193,24.1
fixation,376373.09200000763,0.7443121572335561,0.3295143296321233,2.673304239908854,2.6370357937282987,150.0,1194,24.1
fixation,376556.42900002,0.7951283996755426,0.3316318467259407,2.6898006092418325,2.660713889382102,366.0,1195,24.1
fixation,377039.77000010014,0.19430207931681684,0.42304066294117976,2.750897056178043,2.7734575773540295,317.0,1196,24.1
fixation,377406.44500005245,0.47692764848470687,0.42490118443965913,2.7212539672851563,2.6772735595703123,166.0,1197,24.1
fixation,377606.44800007343,0.30931647547653746,0.4168767524617059,2.6693616594587053,2.6719207763671875,116.0,1198,24.1
fixation,377739.78500008583,0.2327718517997048,0.40966696495359595,2.703703446821733,2.700186989524148,183.0,1199,24.1
fixation,377939.78600001335,0.27379846572875977,0.41134510057813983,2.763640459846048,2.732705508961397,283.0,1200,24.1
fixation,378239.7920000553,0.227091171592474,0.41059280782938,2.7320236206054687,2.7134445190429686,167.0,1201,24.1
fixation,378423.13100004196,0.28841776507241385,0.40709398154701504,2.7483694893973216,2.737920488630022,234.0,1202,24.1
fixation,378673.13400006294,0.32480197873982514,0.41273906420577655,2.7705008766867896,2.765480735085227,184.0,1203,24.1
fixation,378873.1370000839,0.30203730441056764,0.41046553735549635,2.7602644700270433,2.747350839468149,217.0,1204,24.1
fixation,379123.1410000324,0.388859328101663,0.4204282357412226,2.757669785443474,2.742945951573989,284.0,1205,24.1
fixation,379423.1480000019,0.4348220117390156,0.42317258814970654,2.7541414896647134,2.7504615783691406,200.0,1206,24.1
fixation,379656.48200011253,0.4734314566149431,0.42402754724025726,2.7117946849149814,2.6980815214269303,283.0,1207,24.1
fixation,379973.1550000906,0.5154396189110619,0.42010524762528284,2.6646532331194197,2.675836835588728,234.0,1208,24.1
fixation,380239.82800006866,0.5787283049689399,0.4192095498243968,2.6596815321180554,2.6532855563693576,300.0,1209,24.1
fixation,380573.1670000553,0.49517934521039325,0.42971187581618625,2.6859410603841147,2.710515340169271,100.0,1210,24.1
fixation,380706.50200009346,0.4097292171074794,0.42679131489533645,2.698607224684495,2.712525587815505,216.0,1211,24.1
fixation,380939.8400000334,0.3782488271594048,0.42210728079080584,2.738270568847656,2.728504943847656,167.0,1212,24.1
fixation,381123.1770000458,0.3585018896394306,0.42854857279194725,2.720219930013021,2.7024773491753473,150.0,1213,24.1
fixation,381289.84700000286,0.3961045583089193,0.42394736607869465,2.7124898274739584,2.688218180338542,250.0,1214,24.1
fixation,381573.18300008774,0.45213774144649505,0.4233428180217743,2.7206268310546875,2.692303466796875,92.0,1215,24.1
fixation,381873.1900000572,0.5237622380256652,0.4342689007520676,2.722454833984375,2.7083892822265625,76.0,1216,24.1
fixation,381989.8600000143,0.6005431955510919,0.41853894699703564,2.757425481622869,2.6901494806463067,183.0,1217,24.1
fixation,382206.52900004387,0.6471779942512512,0.4236666758855184,2.734466552734375,2.6947835286458335,100.0,1218,24.1
fixation,382323.1970000267,0.7026296166273264,0.41562500252173495,2.7160574106069713,2.692060030423678,217.0,1219,24.1
fixation,382556.53500008583,0.7607200983911753,0.41745466738939285,2.6986961364746094,2.7043066024780273,274.0,1220,24.1
fixation,382956.54300010204,0.2040622147421042,0.5106210385759672,,2.7724405924479165,192.0,1221,24.1
fixation,383189.88000011444,0.3058979387084643,0.507876412736045,2.6747928195529513,2.698945787217882,300.0,1222,24.1
fixation,383506.5490000248,0.35505509990103107,0.5075127982041415,2.638720344094669,2.6659097110523895,283.0,1223,24.1
fixation,383823.2260000706,0.41944250693688023,0.5138770846220163,2.6791757436899037,2.6806171123798075,217.0,1224,24.1
fixation,384056.56300008297,0.4596741944551468,0.514837272465229,2.681194305419922,2.675220489501953,66.0,1225,24.1
fixation,384139.8970000744,0.45386051535606386,0.5223367094993592,,2.677398681640625,83.0,1226,24.1
fixation,384256.5690000057,0.5048292689025402,0.5169958118349314,2.7029848098754883,2.7029075622558594,266.0,1227,24.1
fixation,384539.90300011635,0.5668543645968804,0.5088183054557214,2.6952420748197117,2.711308405949519,217.0,1228,24.1
fixation,384773.24000000954,0.5490467314209256,0.5215455974851336,2.6589736938476562,2.6988187517438615,234.0,1229,24.1
fixation,385023.2470000982,0.602794948220253,0.5128852248191833,2.616841125488281,2.6337905883789063,167.0,1230,24.1
fixation,385206.5840001106,0.646093840782459,0.5023994686511847,2.596044687124399,2.604579045222356,216.0,1231,24.1
fixation,385439.91800010204,0.7165327586910941,0.4900579655712301,2.581235018643466,2.593934492631392,183.0,1232,24.1
fixation,385639.9240000248,0.7500171512365341,0.495614355430007,2.589702606201172,2.6055240631103516,133.0,1233,24.1
fixation,385789.9250000715,0.7943862273412592,0.4928823542945525,2.6047614602481617,2.601514928481158,291.0,1234,24.1
fixation,386223.2690000534,0.2233156394213438,0.599142525345087,2.6569595336914062,2.6953182220458984,126.0,1235,24.1
fixation,386373.27000010014,0.18803934587372673,0.6117817925082313,2.69522942437066,2.6617855495876737,150.0,1236,24.1
fixation,386556.6090000868,0.2804860795537631,0.5984241267045339,2.5845158894856772,2.595597161187066,300.0,1237,24.1
fixation,386889.94800007343,0.3267441214993596,0.5990496724843979,2.594493865966797,2.587857246398926,267.0,1238,24.1
fixation,387173.2870000601,0.3827649216566767,0.5983392702681678,2.5982557024274553,2.6082425798688615,234.0,1239,24.1
fixation,387489.96000003815,0.3336256621848969,0.5987647431237357,2.6259627569289434,2.6244419642857144,350.0,1240,24.1
fixation,387856.6330000162,0.3884895391323987,0.5912327030125786,2.614519007065717,2.6039814668543197,283.0,1241,24.1
fixation,388173.30500006676,0.4463826045393944,0.6040690268079439,2.6517664591471353,2.634160359700521,200.0,1242,24.1
fixation,388406.6400001049,0.4992050379514694,0.60762899518013,2.5926620483398435,2.6199127197265626,166.0,1243,24.1
fixation,388606.6480000019,0.5700434032413695,0.6015102399720086,2.58030276828342,2.59000481499566,300.0,1244,24.1
fixation,388939.98700010777,0.6261394087757383,0.5929565493549619,2.553015572684152,2.5611779349190846,233.0,1245,24.1
fixation,389189.992000103,0.6836110587630954,0.586621418595314,2.536443437848772,2.5287867954799106,233.0,1246,24.1
fixation,389439.9990000725,0.7326820403337478,0.5796012669801712,2.537615966796875,2.5229568481445312,167.0,1247,24.1
fixation,389623.3340001106,0.7733395497004191,0.5942708303531011,2.5413233439127603,2.532994588216146,100.0,1248,24.1
fixation,389840.0070000887,0.19974570189203536,0.7013335632426398,2.67138671875,2.663423810686384,234.0,1249,24.1
fixation,390106.67600011826,0.27309948537084794,0.6948293381267123,2.650931464301215,2.607092115614149,300.0,1250,24.1
fixation,390440.0180000067,0.3171253095973622,0.6945112997835333,2.5935849276455967,2.545529452237216,184.0,1251,24.1
fixation,390640.02100002766,0.36638885074191624,0.6957697239187028,2.5665147569444446,2.560518052842882,150.0,1252,24.1
fixation,390823.3560000658,0.2482938211072575,0.6975387036800385,2.583229758522727,2.572781649502841,183.0,1253,24.1
fixation,391023.36100006104,0.21503477822989225,0.70196283608675,2.630542755126953,2.5612335205078125,266.0,1254,24.1
fixation,391306.69800007343,0.25808778529365856,0.6968222285310427,2.6176363627115884,2.555098215738932,200.0,1255,24.1
fixation,391540.0370000601,0.31488701949516934,0.6903032461802164,2.6208597819010415,2.545149485270182,200.0,1256,24.1
fixation,391773.37600004673,0.35997979901731014,0.6918945424258709,2.612445831298828,2.587390899658203,266.0,1257,24.1
fixation,392073.38100004196,0.4312183477661826,0.7038781263611533,2.6169003573330967,2.5766865123401987,183.0,1258,24.1
fixation,392290.05400002,0.4731518942862749,0.704615443944931,2.5824337005615234,2.5643672943115234,134.0,1259,24.1
fixation,392456.72100007534,0.5252031656828794,0.6966617920181968,2.5380679043856533,2.55780722878196,183.0,1260,24.1
fixation,392673.38800001144,0.4410160420970483,0.6944578994404186,2.5826568603515625,2.5906559337269175,366.0,1261,24.1
fixation,393073.3980000019,0.4960286468267441,0.6946544229984284,2.587290954589844,2.6050399780273437,166.0,1262,24.1
fixation,393290.0690000057,0.6378002741507122,0.6840428944144931,2.4777733939034596,2.5065405709402904,234.0,1263,24.1
fixation,393540.0720000267,0.6878218406980688,0.6778440069068562,2.4962629838423296,2.480141379616477,184.0,1264,24.1
fixation,393740.07700002193,0.7113253444433212,0.6836533367633819,2.4695388793945314,2.479176330566406,167.0,1265,24.1
fixation,393923.4130001068,0.7639147192239761,0.677124410867691,2.4641164143880205,2.4773763020833335,108.0,1266,24.1
fixation,394540.09200000763,0.32709574699401855,0.33625230766259706,2.6631058913010817,2.651397705078125,209.0,1267,24.1
fixation,394806.7650001049,0.2275489052136739,0.2825887163480123,2.6394500732421875,2.6409311930338544,258.0,1268,24.1
fixation,395640.1100000143,0.3654591403901577,0.3448040820658207,2.8195667266845703,2.7740306854248047,126.0,1269,24.1
fixation,395806.78200006485,0.2650866931990573,0.2812119534141139,2.8498567280016447,2.7901948627672697,317.0,1270,24.1
fixation,396190.12300002575,0.4701146605339917,0.6568549302491274,2.8354936079545454,2.754305752840909,184.0,1271,24.1
fixation,396406.7920000553,0.41098350524902344,0.5203911030292511,2.8614349365234375,2.8219732666015624,417.0,1272,24.1
fixation,396856.80400002,0.35848378472858006,0.43387748466597664,2.8862202962239585,2.8806660970052085,150.0,1273,NOTRIAL
fixation,397040.1400001049,0.34949603634221216,0.26512693209307536,2.937024361746652,2.8872201102120534,584.0,1274,NOTRIAL
fixation,397640.14900004864,0.3777512657371434,0.25354416262019763,2.9640045166015625,2.9169082641601562,367.0,1275,NOTRIAL
fixation,398040.1620000601,0.45203584631284077,0.2525566518306732,2.943070475260417,2.9046529134114585,250.0,1276,NOTRIAL
fixation,398306.8360000849,0.4745082911103964,0.257063171826303,2.9051036834716797,2.888925552368164,133.0,1277,NOTRIAL
fixation,398456.8380000591,0.49714324697852136,0.25932156592607497,2.9239837646484377,2.897196960449219,341.0,1278,NOTRIAL
fixation,398956.8490000963,0.4823216777294874,0.2575161624699831,2.890972137451172,2.8601436614990234,125.0,1279,NOTRIAL
fixation,399106.8530000448,0.4277627494405298,0.2568356307113872,2.892241085276884,2.8412008846507355,567.0,1280,NOTRIAL
fixation,399690.1960000992,0.48633092020948726,0.2507477489610513,2.832256317138672,2.7796808878580728,200.0,1281,NOTRIAL
fixation,399906.864000082,0.44976376444101335,0.2525361366569996,2.8259506225585938,2.7930862426757814,167.0,1282,NOTRIAL
fixation,400090.2010000944,0.49258973739914974,0.25623094694594206,2.862619949599444,2.814273123013771,992.0,1283,NOTRIAL
fixation,401206.8910000324,0.4897388877428096,0.2558628505338793,2.889072252356488,2.825162141219429,767.0,1284,NOTRIAL
fixation,402023.57400000095,0.37499940395355225,0.44819584116339684,,2.832490921020508,133.0,1285,NOTRIAL
fixation,402173.57700002193,0.347602055831389,0.4739208763295954,,2.8303763649680396,183.0,1286,NOTRIAL
fixation,402373.5800000429,0.35250692814588547,0.494869839400053,2.7724533081054688,2.7798919677734375,66.0,1287,NOTRIAL
fixation,402506.91800010204,0.6318545371294022,0.4756858319044113,2.7533493041992188,2.701409912109375,167.0,1288,NOTRIAL
fixation,402723.5860000849,0.4333982188254595,0.45096686761826277,2.791865348815918,2.8113927841186523,266.0,1289,NOTRIAL
fixation,403023.5910000801,0.47189609871970284,0.2855903216534191,2.852598402235243,2.8308029174804688,308.0,1290,NOTRIAL
fixation,403506.93300008774,0.4233702478500513,0.4565236499676338,2.828161386343149,2.809259267953726,209.0,1291,NOTRIAL
fixation,403740.27100002766,0.41259080203289683,0.46464760347883755,2.759552975918384,2.7262881664519614,784.0,1292,NOTRIAL
fixation,404556.95300006866,0.3600611582398415,0.7046801626682282,2.7535385131835937,2.6999481201171873,167.0,1293,NOTRIAL
fixation,404740.29000008106,0.33586421608924866,0.7171397775411605,,2.697088623046875,334.0,1294,NOTRIAL
fixation,405140.2960000038,0.6581600129604339,0.6957203537225723,2.5401840209960938,2.527848815917969,167.0,1295,NOTRIAL
fixation,405323.63000011444,0.6394089077200208,0.7068112577710833,2.549518040248326,2.5721522739955356,233.0,1296,NOTRIAL
fixation,405606.97100007534,0.42403109954751056,0.5006471846414648,2.7472494374150815,2.7145584769870923,383.0,1297,NOTRIAL
fixation,406023.64500010014,0.5732968548933665,0.6534107600649198,2.7099393208821616,2.6812960306803384,200.0,1298,NOTRIAL
fixation,406273.64900004864,0.4154751929971907,0.6105940341949463,2.7449798583984375,2.725529988606771,150.0,1299,NOTRIAL
fixation,406456.98600006104,0.42394613000479614,0.5006728971546347,2.7799335826526987,2.7367068204012783,183.0,1300,NOTRIAL
fixation,406690.3220000267,0.6221125945448875,0.7081437235077223,2.649735768636068,2.6212387084960938,200.0,1301,NOTRIAL
fixation,406973.66400003433,0.5706277857808506,0.7124536800033906,2.6654734892003678,2.6694255155675553,567.0,1302,NOTRIAL
fixation,407573.67200005054,0.3546868023418245,0.7283520783696856,2.803992135184152,2.741087413969494,358.0,1303,NOTRIAL
fixation,408107.0150001049,0.6728595097859701,0.7180016371938918,2.601862589518229,2.5507354736328125,142.0,1304,NOTRIAL
fixation,408273.68800008297,0.6455678880214691,0.7055019418398539,2.6314666748046873,2.6083709716796877,250.0,1305,NOTRIAL
fixation,408557.02500009537,0.49459289014339447,0.6790436034401258,2.7471402486165366,2.720841725667318,200.0,1306,NOTRIAL
fixation,408773.6940000057,0.550792389191114,0.6930496853131515,2.743549053485577,2.723321767953726,217.0,1307,NOTRIAL
fixation,409007.03200006485,0.5700984299182892,0.6982682697151018,2.7430486264436142,2.73083960491678,384.0,1308,NOTRIAL
fixation,409440.3710000515,0.35498690605163574,0.7156381532549858,2.8104476928710938,2.7896041870117188,74.0,1309,NOTRIAL
fixation,409690.37600004673,0.647954629527198,0.7329425447516971,2.7221442328559027,2.652774386935764,142.0,1310,NOTRIAL
fixation,409907.0490000248,0.4781864204189994,0.5862163169817491,2.8719676624644888,2.8328815806995737,184.0,1311,NOTRIAL
fixation,410173.7190001011,0.550548737247785,0.7003046299020449,2.8029810587565103,2.708165486653646,200.0,1312,NOTRIAL
fixation,410407.05900001526,0.6296010498817151,0.7084645949877225,2.6814487163837137,2.663980924166166,434.0,1313,NOTRIAL
fixation,410907.0670000315,0.42576781743102604,0.6880460745758481,2.77144538031684,2.7486741807725696,150.0,1314,NOTRIAL
fixation,411090.4020000696,0.4435114169662649,0.5364989204840227,2.7658941095525567,2.7650396173650567,183.0,1315,NOTRIAL
fixation,411307.07300007343,0.5434340039889017,0.6056495557228724,2.776988983154297,2.747267405192057,200.0,1316,NOTRIAL
fixation,411557.0800000429,0.47565370239317417,0.3461414184421301,2.837892532348633,2.794523239135742,134.0,1317,NOTRIAL
fixation,411740.41400003433,0.46198043040931225,0.7603373154997826,2.815610885620117,2.7372074127197266,133.0,1318,NOTRIAL
fixation,411940.4200000763,0.5105836829718422,0.22895784456940257,2.8903081557329964,2.8030198041130516,291.0,1319,NOTRIAL
fixation,412440.42600011826,0.46136619421568786,0.8037107532674616,2.942850286310369,2.870114413174716,175.0,1320,NOTRIAL
fixation,412707.0980000496,0.5070087170600891,0.649015507698059,2.944178466796875,2.916617431640625,417.0,1321,NOTRIAL
fixation,413157.10800004005,0.40582117438316345,0.4458363503217697,2.9706311907087053,2.941399710518973,117.0,1322,NOTRIAL
fixation,413290.4440000057,0.347658674120903,0.45695113122463227,2.9521759033203123,2.9231365966796874,416.0,1323,NOTRIAL
fixation,413757.11900007725,0.3635028700033824,0.23221955200036368,2.9364115397135415,2.8901604546440973,150.0,1324,NOTRIAL
fixation,413940.45600008965,0.44241915345191957,0.23546941131353377,2.9548995971679686,2.896600341796875,166.0,1325,NOTRIAL
fixation,414140.46000003815,0.5158398181200028,0.23809631615877153,2.9386886596679687,2.8878829956054686,166.0,1326,NOTRIAL
fixation,414340.4630000591,0.6031657576560974,0.22589228823781013,2.8745132446289063,2.852647399902344,166.0,1327,NOTRIAL
fixation,414807.1330000162,0.3599146871039501,0.46903717002043355,2.7965193528395433,2.8242196303147535,867.0,1328,NOTRIAL
fixation,416240.4960000515,0.4767621282650077,0.4965301492939825,2.9015204388162363,2.85679759149966,375.0,1329,NOTRIAL
fixation,416640.50100004673,0.49090042816741125,0.4791455183710371,2.7967867170061385,2.768585205078125,466.0,1330,NOTRIAL
fixation,417140.5110000372,0.41759273037314415,0.32729820907115936,2.7341060638427734,2.7374324798583984,133.0,1331,7
fixation,417307.18000006676,0.38367172637406516,0.2893298881895402,2.456874174230239,2.4355791877297794,284.0,1332,7
fixation,417607.185000062,0.41830216513739693,0.2997646348343955,2.511266072591146,2.500856187608507,150.0,1333,7
fixation,417790.5220000744,0.4541383023772921,0.30711536960942404,2.6355252947126115,2.619753156389509,233.0,1334,7
fixation,418057.19500005245,0.5043031853788039,0.3065871377201641,2.7370551614200367,2.703225528492647,284.0,1335,7
fixation,418390.53500008583,0.5159599184989929,0.5649422168731689,2.7522216796875,2.765380859375,166.0,1336,7
fixation,418607.20200002193,0.5247733294963837,0.3130473477972878,2.7954288058810763,2.7730509440104165,150.0,1337,7
fixation,418773.87000000477,0.5569365414289328,0.3086919475060243,2.780796931340144,2.7699737548828125,217.0,1338,7
fixation,419007.2120000124,0.5799947331349055,0.30386437227328617,2.8302536010742188,2.8123245239257812,100.0,1339,7
fixation,419157.2130000591,0.4185098856687546,0.91443932056427,2.899782453264509,2.863152640206473,117.0,1340,7
fixation,419290.5500000715,0.3948899438747993,0.8755758954928472,2.935664250300481,2.8723672720102162,216.0,1341,7
fixation,419540.5520000458,0.4713127389550209,0.8713991021116575,2.9008216857910156,2.7882461547851562,200.0,1342,7
fixation,419773.8890000582,0.3878284736591227,0.8747507999925053,2.883104212143842,2.783077464384191,283.0,1343,7
fixation,420073.89600002766,0.41595321231418186,0.8754350940386454,2.8914557562934027,2.7697245279947915,150.0,1344,7
fixation,420240.5650000572,0.4578772534926732,0.8706981937090555,2.8649427625868054,2.774688720703125,150.0,1345,7
fixation,420407.2340000868,0.4884423620321534,0.8758400651541624,2.843680641867898,2.7668942538174717,367.0,1346,7
fixation,420807.242000103,0.4016833220209394,0.8772565914051873,2.8470611572265625,2.75018310546875,234.0,1347,7
fixation,421057.2460000515,0.37971995522578555,0.875606119632721,2.8148040771484375,2.7377713521321616,200.0,1348,7
fixation,421273.91900002956,0.4070917507633567,0.8706291299313307,2.7784042358398438,2.6921863555908203,267.0,1349,7
fixation,421557.25600004196,0.432491734623909,0.8673772315184275,2.7802734375,2.7048009236653647,108.0,1350,7
fixation,421990.59600007534,0.5221900224685669,0.8735991219679514,2.730479939778646,2.7608846028645835,250.0,1351,7
fixation,422273.935000062,0.5824528018633525,0.8506363014380137,2.5030619303385415,2.637526448567708,250.0,1352,7
fixation,422557.27500009537,0.5987856537103653,0.725040327757597,2.601552963256836,2.6047401428222656,134.0,1353,7
fixation,422707.2770000696,0.588100386162599,0.6923429618279139,2.520915985107422,2.591810862223307,200.0,1354,7
fixation,422957.2810000181,0.4432524681091309,0.8789183497428894,2.60693359375,2.593255615234375,84.0,1355,7
fixation,423073.94800007343,0.38007756953056043,0.865384035385572,2.6736720158503604,2.5925152118389425,217.0,1356,7
fixation,423307.29000008106,0.4193464976090651,0.8671372280671046,2.6692833533653846,2.594036395733173,217.0,1357,7
fixation,423540.625,0.45805479044264014,0.8624573891813104,2.595065030184659,2.5733392888849433,183.0,1358,7
fixation,423740.63100004196,0.48761958948203493,0.8697718254157475,2.560579572405134,2.5540270124162947,116.0,1359,7
fixation,423940.6320000887,0.6314369440078735,0.8447894275188446,2.2835372924804687,2.4848037719726563,166.0,1360,7
fixation,424173.97100007534,0.4631439745426178,0.3451739102602005,2.680164043719952,2.672913771409255,217.0,1361,7
fixation,424423.97500002384,0.4962860665151051,0.44185655670506613,2.647151402064732,2.6184605189732144,117.0,1362,7
fixation,424557.310000062,0.4872095367560784,0.41277292805413407,2.601168950398763,2.5933310190836587,400.0,1363,7
fixation,424973.9840000868,0.5032924986802615,0.40972550213336945,2.5770956186147838,2.5861417330228367,217.0,1364,7
fixation,425223.99000000954,0.38994749188423156,0.3005454291899999,2.6712931315104167,2.654865519205729,250.0,1365,7
fixation,425490.66000008583,0.4137150523337451,0.3015732995488427,2.724545565518466,2.6894905783913354,183.0,1366,7
fixation,425690.6630001068,0.46147137077955097,0.3120989604638173,2.699223445012019,2.670764629657452,217.0,1367,7
fixation,425940.66900002956,0.5072000734508038,0.30945482796856333,2.687890189034598,2.6503023420061385,467.0,1368,7
fixation,426440.6810001135,0.5521582424640655,0.3217668175697327,2.65595703125,2.63077392578125,91.0,1369,7
fixation,426674.0190000534,0.570596885113489,0.3642498105764389,2.660582769484747,2.6388055710565474,342.0,1370,7
fixation,427057.36100006104,0.5844184885854307,0.6890977893186652,2.5722948157269023,2.6168909487516983,383.0,1371,7
fixation,427474.03600001335,0.494851191341877,0.4401059612631798,2.656083679199219,2.6413223266601564,167.0,1372,7
fixation,427657.3720000982,0.48576724418887385,0.40965625919677595,2.6913056550202548,2.6716399016203702,450.0,1373,7
fixation,428124.0490000248,0.5091466241412692,0.408063863714536,2.685268825954861,2.6695556640625,150.0,1374,7
fixation,428307.38400006294,0.5758218112446013,0.3738734111899421,2.693265642438616,2.6539669945126487,350.0,1375,7
fixation,429024.0680000782,0.5030325882964664,0.4509033130274879,2.769895765516493,2.735807630750868,150.0,1376,7
fixation,429190.74000000954,0.5043036831836951,0.4151667552558999,2.8037711695620886,2.786056117007607,633.0,1377,7
fixation,429840.753000021,0.4930387008935213,0.45373318078262465,2.8981222425188338,2.871206828526088,933.0,1378,FIX_CROS
fixation,430790.7730000019,0.4716118402205981,0.4646299962814038,2.900671151968149,2.8943258432241588,217.0,1379,7.1
fixation,431040.7770000696,0.5099334854346055,0.4741554306103633,2.9422443096454325,2.901824951171875,217.0,1380,7.1
fixation,431274.1100000143,0.4757255669683218,0.47156319208443165,2.9029712677001953,2.8946456909179688,142.0,1381,7.1
fixation,431607.45600008965,0.4809380087413286,0.49000624528056697,2.9235253585012337,2.890816939504523,308.0,1382,7.1
fixation,431957.4610000849,0.42144293657370974,0.42082061086382183,2.939640590122768,2.917944771902902,116.0,1383,NOTRIAL
fixation,432107.46400010586,0.3503119218530077,0.25340591009819147,2.8669914476799243,2.8400226939808237,550.0,1384,NOTRIAL
fixation,432724.1400001049,0.6204586982727051,0.2626632735133171,2.92642822265625,2.8339157104492188,167.0,1385,NOTRIAL
fixation,432907.4700000286,0.6296851396560669,0.2444012150168419,2.9204986572265623,2.8490036010742186,166.0,1386,NOTRIAL
fixation,433090.81200003624,0.6114010558678553,0.25091277005580753,2.9721351036658654,2.9057452862079325,217.0,1387,NOTRIAL
fixation,433324.1520000696,0.6331713969508806,0.24212164307634035,2.929826100667318,2.887042999267578,200.0,1388,NOTRIAL
fixation,433540.82300007343,0.6101563139395281,0.25001429495486344,2.9301327792080967,2.863340897993608,183.0,1389,NOTRIAL
fixation,433740.8250000477,0.642162017781159,0.2507186585973049,2.9414893840921335,2.8635111841662177,483.0,1390,NOTRIAL
fixation,434240.8340001106,0.5848736681721427,0.2605801780115474,2.9239085804332388,2.883969393643466,183.0,1391,NOTRIAL
fixation,434440.8380000591,0.6110554158687591,0.2533050974210103,2.8971934000651043,2.8622701009114584,500.0,1392,NOTRIAL
fixation,434957.5160000324,0.6316516846418381,0.25119382590055467,2.8554122924804686,2.8306350708007812,166.0,1393,NOTRIAL
fixation,435140.8510000706,0.6449931399388746,0.2523426718332551,2.8553203235973013,2.8103790283203125,191.0,1394,NOTRIAL
fixation,435474.1920000315,0.5668246341603143,0.2621778366821153,2.896071297781808,2.8585008893694197,226.0,1395,NOTRIAL
fixation,435724.1920000315,0.6187355190515518,0.2547970661893487,2.8981536865234374,2.8209697723388674,667.0,1396,NOTRIAL
fixation,436407.5460000038,0.6455306619405746,0.24553881585597992,2.8597877502441404,2.7964553833007812,333.0,1397,NOTRIAL
fixation,436807.5530000925,0.34746056655421853,0.2543247046414763,2.863417625427246,2.839463710784912,541.0,1398,NOTRIAL
fixation,437507.57000005245,0.36831954056802,0.24960521317046622,2.812707652216372,2.789970066236413,383.0,1399,NOTRIAL
fixation,437957.5800000429,0.6099279983477159,0.255950621583245,2.7671966552734375,2.694180575284091,183.0,1400,NOTRIAL
fixation,438174.25200009346,0.6486768861611684,0.24597463011741638,2.7779388427734375,2.7292022705078125,250.0,1401,NOTRIAL
fixation,438457.5910000801,0.6342261212843435,0.4599951433914679,2.845781679506655,2.809739289460359,450.0,1402,NOTRIAL
fixation,438924.2680000067,0.6172552108764648,0.4745941447714965,2.848496754964193,2.824517567952474,200.0,1403,NOTRIAL
fixation,439157.60700011253,0.6248890949147088,0.2526613229087421,2.8518480573381697,2.811297825404576,233.0,1404,NOTRIAL
fixation,439440.9460000992,0.615199089050293,0.4801689088344574,2.86142578125,2.822889709472656,333.0,1405,NOTRIAL
fixation,439824.29000008106,0.3468718838233214,0.7319137362333444,2.863817655123197,2.827752920297476,217.0,1406,NOTRIAL
fixation,440107.6290000677,0.6306597542378211,0.4489397887260683,2.7486158801663305,2.7104915495841735,516.0,1407,NOTRIAL
fixation,440674.3110001087,0.4708464809439399,0.47346740690144623,2.7569039084694604,2.7767070423473013,184.0,1408,NOTRIAL
fixation,440890.9810000658,0.3716334953904152,0.7086486101150513,2.7691970825195313,2.7457275390625,167.0,1409,NOTRIAL
fixation,441074.3190000057,0.3413101869821549,0.7222130751609802,2.793887939453125,2.7570111083984377,417.0,1410,NOTRIAL
fixation,441507.66000008583,0.36092587411403654,0.7142111003398895,2.72474365234375,2.73106689453125,91.0,1411,NOTRIAL
fixation,441774.3340001106,0.33183532655239106,0.7106597870588303,2.7135101318359376,2.688555908203125,158.0,1412,NOTRIAL
fixation,441957.66900002956,0.36124172462866855,0.7058420135424688,2.7424997182992787,2.708385760967548,217.0,1413,NOTRIAL
fixation,442191.00600004196,0.40759188468967167,0.703157365322113,2.655951363699777,2.637090410505022,234.0,1414,NOTRIAL
fixation,442441.0100001097,0.3403470019499461,0.7098423926918594,2.7103805541992188,2.672531975640191,900.0,1415,NOTRIAL
fixation,443357.6930000782,0.3629016764461994,0.7100856850544611,2.771032969156901,2.735192616780599,200.0,1416,NOTRIAL
fixation,443624.367000103,0.6454661644640423,0.7022113828431993,2.7153719947451638,2.677610124860491,350.0,1417,NOTRIAL
fixation,444024.37300002575,0.6415775060653687,0.5090424820780755,2.7950225830078126,2.713519287109375,166.0,1418,NOTRIAL
fixation,444207.71000003815,0.6234602992949279,0.4826554273781569,2.744092858355978,2.702680504840353,391.0,1419,NOTRIAL
fixation,444774.3870000839,0.635471892853578,0.48673656086126965,2.6729583740234375,2.660675048828125,192.0,1420,NOTRIAL
fixation,445041.05900001526,0.6525409751468234,0.7254469527138604,2.5960693359375,2.6346537272135415,158.0,1421,NOTRIAL
fixation,445707.7350000143,0.49381859600543976,0.5294982418417931,2.8200950622558594,2.7761096954345703,125.0,1422,NOTRIAL
fixation,445991.0760000944,0.4948929368983954,0.45623215078376234,2.8499510288238525,2.8072001934051514,1067.0,1423,FIX_CROS
fixation,447091.09600007534,0.4046897403895855,0.4419563189148903,2.9072608947753906,2.917156219482422,67.0,1424,7.2
fixation,447207.7660000324,0.25105821962157887,0.3816691115498543,2.878143310546875,2.889190673828125,100.0,1425,7.2
fixation,447341.1020001173,0.2092562529903192,0.37952330250006455,2.845484806941106,2.8405186579777646,217.0,1426,7.2
fixation,447574.43800008297,0.26869804561138155,0.3685173079371452,2.824201965332031,2.8242034912109375,166.0,1427,7.2
fixation,447757.77400004864,0.3229546993970871,0.3734445869922638,2.8146861683238638,2.82391357421875,183.0,1428,7.2
fixation,447957.7770000696,0.384985932148993,0.3818410998210311,2.856454849243164,2.8657827377319336,267.0,1429,7.2
fixation,448257.7840000391,0.43449691087007525,0.38307071328163145,2.8447265625,2.8459701538085938,167.0,1430,7.2
fixation,448457.7880001068,0.4824138383070628,0.3834501455227534,2.831866455078125,2.830767822265625,250.0,1431,7.2
fixation,448724.45600008965,0.5230922818183898,0.37740275710821153,2.861195373535156,2.8275436401367187,166.0,1432,7.2
fixation,448924.46400010586,0.5620120726525784,0.3861099109053612,2.828287124633789,2.807931900024414,266.0,1433,7.2
fixation,449224.4690001011,0.5869214609265327,0.3786706055204074,2.8052546183268228,2.771783192952474,200.0,1434,7.2
fixation,449457.80800008774,0.6403155326843262,0.3703516398866971,2.77777099609375,2.7294896443684897,108.0,1435,7.2
fixation,449741.1480000019,0.6603699369089944,0.36715138384274076,2.751222882952009,2.6977103097098216,109.0,1436,7.2
fixation,449891.14900004864,0.5942860866586367,0.3798990324139595,2.822986602783203,2.7553914388020835,200.0,1437,7.2
fixation,450124.48700010777,0.7047977768457853,0.37223001282948714,2.796002901517428,2.711279062124399,216.0,1438,7.2
fixation,450357.8260000944,0.7519835382699966,0.36866843948761624,2.7710062662760415,2.7141316731770835,100.0,1439,7.2
fixation,450474.49400007725,0.7888066551902078,0.3732880394567143,2.775450272993608,2.7145455100319604,183.0,1440,7.2
fixation,450791.1660000086,0.199363118244542,0.45807749695248073,2.8242085774739585,2.799407958984375,142.0,1441,7.2
fixation,450974.50100004673,0.16750285464028516,0.47709239025910694,2.8369903564453125,2.7707430521647134,200.0,1442,7.2
fixation,451207.8380000591,0.22049698572267185,0.4564051167531447,2.731049971147017,2.6666440096768467,183.0,1443,7.2
fixation,451441.1770000458,0.3564497698098421,0.46058514341712,2.706460952758789,2.6996383666992188,134.0,1444,7.2
fixation,451607.8480000496,0.44537632829613155,0.471349385049608,2.755549112955729,2.7074211968315973,150.0,1445,7.2
fixation,451774.5160000324,0.42599316835403445,0.4763582915067673,2.7524444580078127,2.7439544677734373,166.0,1446,7.2
fixation,451957.85400009155,0.5101085467772051,0.47079202939163556,2.752194491299716,2.706265536221591,183.0,1447,7.2
fixation,452174.5220000744,0.5622029304504395,0.47051049768924713,2.7302703857421875,2.6823450724283853,100.0,1448,7.2
fixation,452307.8600000143,0.6048278411229452,0.4674261386195819,2.721588134765625,2.6709086100260415,200.0,1449,7.2
fixation,452541.1970000267,0.672803083062172,0.4590921849012375,2.6809661865234373,2.6222793579101564,167.0,1450,7.2
fixation,452741.20300006866,0.7309978646891457,0.4612879880837032,2.6695338657924106,2.6229640415736606,117.0,1451,7.2
fixation,452891.2040001154,0.7907090236743292,0.4724732463558515,2.6739959716796875,2.6254793802897134,208.0,1452,7.2
fixation,453391.21400010586,0.3434258446097374,0.5614807635545731,2.7703567504882813,2.7520263671875,167.0,1453,7.2
fixation,453591.21700000763,0.45676227079497445,0.5636232064829932,2.6758465237087674,2.6513409084743924,300.0,1454,7.2
fixation,453907.88800001144,0.509532334903876,0.5668829555312792,2.6590296427408853,2.644587198893229,200.0,1455,7.2
fixation,454124.55800008774,0.5371910010774931,0.5693380186955134,2.6742070515950522,2.6696815490722656,200.0,1456,7.2
fixation,454341.2280000448,0.5819741785526276,0.5642021724155971,2.652130126953125,2.6354217529296875,117.0,1457,7.2
fixation,454474.56600010395,0.624320938036992,0.5612969123400174,2.641108586237981,2.599706796499399,216.0,1458,7.2
fixation,454707.90700006485,0.5986635208129882,0.5648175626993179,2.6660430908203123,2.644874572753906,175.0,1459,7.2
fixation,455124.57700002193,0.5299073699861765,0.54502107296139,2.8190841674804688,2.78350830078125,525.0,1460,7.2
fixation,455707.9210000038,0.5369997397065163,0.40369653329253197,2.7796154022216797,2.723529815673828,133.0,1461,NOTRIAL
fixation,455891.2580000162,0.6183861580587202,0.2573823032359923,2.8157166511781755,2.743980653824345,517.0,1462,NOTRIAL
fixation,456424.6010000706,0.6404999047517776,0.24085231572389604,2.8353012084960936,2.778314971923828,333.0,1463,NOTRIAL
fixation,456774.60700011253,0.6136141419410706,0.24863811420357745,2.897019096042799,2.8384830640709917,383.0,1464,NOTRIAL
fixation,457191.28200006485,0.5208981156349182,0.25721496641635894,2.893902587890625,2.8645904541015623,84.0,1465,NOTRIAL
fixation,457307.9500000477,0.38555867969989777,0.25624428547564004,2.9186118443806968,2.8464171394469244,1050.0,1466,NOTRIAL
fixation,458374.63400006294,0.42782915383577347,0.26804418861866,2.862621307373047,2.8086071014404297,133.0,1467,NOTRIAL
fixation,458557.97200000286,0.34839951826466453,0.45754745023118126,2.8510911729600696,2.809938218858507,300.0,1468,NOTRIAL
fixation,458891.3110001087,0.42745361228783924,0.44636693100134534,2.8729171752929688,2.7726033528645835,108.0,1469,NOTRIAL
fixation,459124.65000009537,0.41404773868047273,0.27849777615987337,2.86700439453125,2.7707237830528846,208.0,1470,NOTRIAL
fixation,459374.65400004387,0.3596796361463411,0.46048618853092194,2.830366952078683,2.7820423671177457,233.0,1471,NOTRIAL
fixation,459641.32700002193,0.3435372774090086,0.7393739989825657,2.8227059500558034,2.7286791120256697,234.0,1472,NOTRIAL
fixation,459891.32700002193,0.35446701049804685,0.7163206309080123,2.814520263671875,2.7230224609375,167.0,1473,NOTRIAL
fixation,460107.9990000725,0.6262982885042826,0.701541855221703,2.663266136532738,2.6311834426153276,350.0,1474,NOTRIAL
fixation,460474.6730000973,0.6419272046713602,0.7102277690456027,2.6558060418991816,2.6650503249395463,700.0,1475,NOTRIAL
fixation,461241.35400009155,0.4042677796549267,0.5303720037142435,2.7432454427083335,2.769558376736111,158.0,1476,NOTRIAL
fixation,461574.69500005245,0.6591550062100092,0.7035884161790212,2.6419092814127603,2.6400629679361978,92.0,1477,NOTRIAL
fixation,461708.02900004387,0.6404141585032145,0.7129539226492246,2.6111051771375866,2.6370870802137585,600.0,1478,NOTRIAL
fixation,462358.04000008106,0.5257654235913203,0.775479250229322,2.5911959134615383,2.622406005859375,217.0,1479,NOTRIAL
fixation,462624.7120000124,0.37912750616669655,0.32235696353018284,2.7183475494384766,2.711648941040039,133.0,1480,NOTRIAL
fixation,462808.0480000973,0.46529191732406616,0.13429351265613848,2.7390031080979567,2.677424504206731,217.0,1481,NOTRIAL
fixation,463108.05500006676,0.5649813413619995,0.13256365774820247,2.8081576029459634,2.729325612386068,208.0,1482,NOTRIAL
fixation,463441.39500010014,0.6216215152632106,0.7010517757047307,2.768524863503196,2.7412227283824575,366.0,1483,NOTRIAL
fixation,463874.739000082,0.3992832526564598,0.3151834798710687,2.8276192801339284,2.825475420270647,233.0,1484,NOTRIAL
fixation,464141.4090000391,0.34645388614047656,0.4608089436184276,2.7822002064098013,2.792970137162642,183.0,1485,NOTRIAL
fixation,464374.7460000515,0.5840559520504691,0.4696997498924082,2.851412686434659,2.774075594815341,183.0,1486,NOTRIAL
fixation,464591.4170000553,0.6264442185560862,0.4748118867476781,2.808976236979167,2.772943115234375,250.0,1487,NOTRIAL
fixation,464891.42200005054,0.47056959403885734,0.6870717075135973,2.839267306857639,2.842859903971354,150.0,1488,NOTRIAL
fixation,465074.75900006294,0.3560190498828888,0.7217420912705935,2.8669234055739183,2.823980478140024,217.0,1489,NOTRIAL
fixation,465308.1010000706,0.33108884592851,0.7176699166496595,2.8593165079752603,2.776200612386068,200.0,1490,NOTRIAL
fixation,465541.43400001526,0.3676733602034418,0.7143663763999939,2.8135986328125,2.7350536145662008,324.0,1491,NOTRIAL
fixation,466041.4430000782,0.3529515191912651,0.6362046226859093,2.780017852783203,2.717142105102539,125.0,1492,NOTRIAL
fixation,466208.11500000954,0.3667469045945576,0.5098989989076342,2.7896924700055803,2.7489776611328125,117.0,1493,NOTRIAL
fixation,466374.7830001116,0.638776359649805,0.7257969814997453,2.6515103853665867,2.593994140625,217.0,1494,NOTRIAL
fixation,466658.11900007725,0.4028025170167287,0.26369554611543816,2.7752253214518228,2.7278760274251304,200.0,1495,NOTRIAL
fixation,466891.46000003815,0.34057477658445184,0.44767387075857684,2.780507867986506,2.719034368341619,183.0,1496,NOTRIAL
fixation,467091.4630000591,0.34077232805165375,0.47372537038543006,2.8108145973899146,2.7248798717151987,183.0,1497,NOTRIAL
fixation,467291.4690001011,0.36112469320113844,0.47220199497846455,2.787823016826923,2.7094656137319713,216.0,1498,NOTRIAL
fixation,467558.1410000324,0.4052445797456635,0.21789982459611362,2.7631632486979165,2.67332034640842,300.0,1499,NOTRIAL
fixation,467924.8140000105,0.3519172159568319,0.46971394374685466,2.7551537279812797,2.721590150077388,891.0,1500,NOTRIAL
fixation,469024.8340001106,0.5117764954383557,0.7026244264382583,2.761658888596755,2.7222020075871396,209.0,1501,NOTRIAL
fixation,469291.5070000887,0.4178710495432218,0.42068219035863874,2.8964523315429687,2.880292765299479,500.0,1502,NOTRIAL
fixation,469824.8490000963,0.5106044061805891,0.5624835892863895,2.8644900114639946,2.863965905230978,383.0,1503,NOTRIAL
fixation,470258.19100010395,0.3847100500549589,0.4612272211483547,2.922548566545759,2.8840789794921875,117.0,1504,NOTRIAL
fixation,470408.1930000782,0.3504529347643256,0.4567770645022392,2.9155109405517576,2.8719388961791994,1342.0,1505,NOTRIAL
fixation,471891.55500006676,0.4951005566578645,0.7139959862599006,2.866205068734976,2.82745361328125,208.0,1506,NOTRIAL
fixation,472141.5640000105,0.4621990838876137,0.5608987945776719,2.9057288536658654,2.8610076904296875,216.0,1507,NOTRIAL
fixation,472374.89900004864,0.47950074347582733,0.47245100953362207,2.886270696466619,2.8349789706143467,183.0,1508,NOTRIAL
fixation,472574.9010000229,0.5010792402357891,0.4737329986588708,2.8531273151266165,2.840350447029903,483.0,1509,NOTRIAL
fixation,473074.9170000553,0.5253192507303678,0.48210703982756686,2.7933455247145433,2.812237079326923,217.0,1510,5
fixation,473324.91900002956,0.47071142196655275,0.4581828624010086,2.80565185546875,2.827008056640625,167.0,1511,5
fixation,473524.9230000973,0.4580960348248482,0.3403729423880577,2.8538195292154946,2.837865193684896,200.0,1512,5
fixation,473791.59300005436,0.390820249915123,0.8467600425084432,2.8738423665364583,2.80205078125,250.0,1513,5
fixation,474074.93400001526,0.45639086311513727,0.8650157370350577,2.8468211780894888,2.7464336048473013,183.0,1514,5
fixation,474274.9360001087,0.5026378052102195,0.8658177455266317,2.7085113525390625,2.6987118191189237,150.0,1515,5
fixation,474441.6030000448,0.5728702147801717,0.8745677620172501,2.5045623779296875,2.6342035929361978,100.0,1516,5
fixation,474658.2760000229,0.6102499842643738,0.8460607171058655,2.523602294921875,2.59637451171875,84.0,1517,5
fixation,474791.61100006104,0.508096206188202,0.5979709386825561,2.7710113525390625,2.7392181396484374,166.0,1518,5
fixation,474974.9500000477,0.4186960763874508,0.6135414228552863,2.7614331926618303,2.74041748046875,350.0,1519,5
fixation,475358.28900003433,0.4700191116758755,0.6719458103179932,2.7556849888392856,2.7174148559570312,234.0,1520,5
fixation,475624.9620000124,0.5353764891624451,0.5917158447779142,,2.710387009840745,217.0,1521,5
fixation,475874.96400010586,0.42848875919977825,0.5139478435118993,2.783612060546875,2.7507609049479167,500.0,1522,5
fixation,476408.3030000925,0.5010106687744459,0.4120129073659579,2.790821075439453,2.7485389709472656,200.0,1523,5
fixation,476624.97200000286,0.5294253826141357,0.44651056826114655,2.775864919026693,2.7315495808919272,200.0,1524,5
fixation,476841.6410000324,0.5243277635839251,0.4782338112592697,2.8202755398220485,2.793323432074653,750.0,1525,5
fixation,477624.9810000658,0.5496597621175978,0.3785250782966614,2.786097208658854,2.7587754991319446,150.0,1526,5
fixation,477808.31600010395,0.4720373497559474,0.33313822517028224,2.767620380108173,2.7672518216646633,217.0,1527,5
fixation,478074.9850000143,0.4773187469691038,0.6931252982467413,2.7736005783081055,2.7548179626464844,267.0,1528,5
fixation,478374.98700010777,0.4240217468012934,0.5303355235120525,2.766372017238451,2.741066310716712,391.0,1529,5
fixation,478908.32400000095,0.4302577269928796,0.5784632180418287,2.718043736049107,2.7225472586495534,109.0,1530,5
fixation,479058.32400000095,0.5593498706817627,0.37206040223439535,,2.709270222981771,250.0,1531,5
fixation,479324.99500000477,0.5045770953098933,0.37196876108646393,,2.7176488240559897,200.0,1532,5
fixation,479574.99500000477,0.46404105722904204,0.7528232157230377,2.7671630859375,2.711920166015625,167.0,1533,5
fixation,479774.9970000982,0.4639137536287308,0.8329168520867825,2.8074207305908203,2.731283187866211,134.0,1534,5
fixation,479925.00100004673,0.40867598727345467,0.8621476615468661,2.8544642130533853,2.7460708618164062,200.0,1535,5
fixation,480158.3330000639,0.38539233803749084,0.8649640712473128,2.8392164442274304,2.7213846842447915,158.0,1536,5
fixation,480475.00200009346,0.5020968238512675,0.483390736579895,2.786024983723958,2.7348388671875,242.0,1537,5
fixation,480758.3400000334,0.48425475794535416,0.3812295634012956,2.8630406306340146,2.800281231219952,216.0,1538,5
fixation,480991.6780000925,0.46134187105823965,0.4713241387816036,2.886548210592831,2.8518479291130516,283.0,1539,5
fixation,481291.682000041,0.5018338196807437,0.3836740685833825,2.8749576144748263,2.832833184136285,150.0,1540,5
fixation,481475.01700007915,0.6107484072446823,0.367050988972187,2.8221054077148438,2.7677764892578125,167.0,1541,5
fixation,481675.02400004864,0.5344915837049484,0.44181173741817475,2.849347686767578,2.7977882385253907,334.0,1542,5
fixation,482041.6930000782,0.46740439037481946,0.381764668557379,2.8643934461805554,2.820348103841146,150.0,1543,5
fixation,482225.03200006485,0.4220749419182539,0.5715280789881945,2.8743486404418945,2.8322153091430664,267.0,1544,5
fixation,482541.7040001154,0.5261314868927002,0.5244527757167816,2.894439697265625,2.8320823669433595,333.0,1545,5
fixation,482891.7110000849,0.5233393063147863,0.4685813250641028,2.9042078653971353,2.8575515747070312,208.0,1546,5
fixation,483275.0520000458,0.44164395332336426,0.4768048698703448,2.8619842529296875,2.861150105794271,92.0,1547,5
fixation,483408.3870000839,0.45152144811370154,0.3460920195687901,2.9305849942294033,2.892762617631392,183.0,1548,5
fixation,483625.05400002,0.4048196090893312,0.5719429633834145,2.937326604669744,2.9147394353693183,184.0,1549,5
fixation,483825.060000062,0.41387461200356485,0.5188963517546654,2.931382751464844,2.874346923828125,334.0,1550,5
fixation,484191.7340000868,0.4653917486252992,0.6981255476889403,2.8233728823454483,2.797022943911345,383.0,1551,5
fixation,484608.4080001116,0.4213948602026159,0.6401649659330194,2.7868083607066763,2.7614066384055396,183.0,1552,5
fixation,484808.41000008583,0.4172550853755739,0.58359627922376,2.7508951822916665,2.733184814453125,150.0,1553,5
fixation,484975.08200001717,0.41390386862414225,0.4839517240013395,2.733524867466518,2.7433580671037947,117.0,1554,5
fixation,485141.753000021,0.47287702028240475,0.34998599014111925,2.7683803013392856,2.7419542585100447,233.0,1555,5
fixation,485408.4230000973,0.3909159854054451,0.3419708237051964,2.857133483886719,2.8164031982421873,166.0,1556,5
fixation,485591.7580000162,0.3778476549519433,0.35413554641935563,2.8956180148654513,2.833034939236111,158.0,1557,5
fixation,485941.7650001049,0.4497829472476786,0.5571206320415844,2.881167325106534,2.8330813321200283,175.0,1558,FIX_CROS
fixation,486158.4360001087,0.48150009607396477,0.4827915550005145,2.947513115115282,2.8667256425066694,683.0,1559,FIX_CROS
fixation,486875.11600005627,0.4180100440979004,0.4387967973947525,2.886548868815104,2.892938232421875,250.0,1560,FIX_CROS
fixation,487191.78900003433,0.24326688423752785,0.3209245428442955,2.9436378479003906,2.938800811767578,67.0,1561,5.1
fixation,487291.79000008106,0.2072249228755633,0.3103456621368726,2.824615478515625,2.8537724812825522,200.0,1562,5.1
fixation,487508.4610000849,0.22915953248739243,0.29398776590824127,2.7757522583007814,2.7794570922851562,166.0,1563,5.1
fixation,487691.79700005054,0.2809265613555908,0.2878394484519958,2.7672088623046873,2.76702880859375,83.0,1564,5.1
fixation,487808.46700000763,0.3250880975808416,0.2862624706966536,2.785137721470424,2.7695846557617188,233.0,1565,5.1
fixation,488058.47500002384,0.37477062791585924,0.2850878477096558,2.834819030761719,2.8054183959960937,166.0,1566,5.1
fixation,488241.80900001526,0.42435886710882187,0.2921838089823723,2.8551915486653647,2.8209635416666665,200.0,1567,5.1
fixation,488458.47900009155,0.4716054390777241,0.3027811632914977,2.8675412264737217,2.836701826615767,183.0,1568,5.1
fixation,488658.4840000868,0.5171580856496637,0.30223970927975397,2.853700117631392,2.8152521306818183,183.0,1569,5.1
fixation,488858.4880000353,0.5738835675375802,0.29880689084529877,2.7999801635742188,2.757230486188616,233.0,1570,5.1
fixation,489108.49100005627,0.6345758471224043,0.291511466105779,2.789132012261285,2.7302076551649304,158.0,1571,5.1
fixation,489425.16500008106,0.6612130876849679,0.2827165302108316,2.776363597196691,2.711212158203125,276.0,1572,5.1
fixation,489741.8360000849,0.7172217046221098,0.2887715933223565,2.766345977783203,2.6892356872558594,200.0,1573,5.1
fixation,489958.50900006294,0.7574253790080547,0.29011112451553345,2.6915531158447266,2.6304473876953125,133.0,1574,5.1
fixation,490108.50900006294,0.7962909278116728,0.2878233468846271,2.710616262335526,2.637180529142681,324.0,1575,5.1
fixation,490575.1860001087,0.19314505053418024,0.392985585190001,2.775146484375,2.761563982282366,350.0,1576,5.1
fixation,490941.86200010777,0.22928690107969138,0.37372711071601283,2.680537297175481,2.664373544546274,217.0,1577,5.1
fixation,491175.19800007343,0.25549809634685516,0.364925728394435,2.643634502704327,2.6341388408954325,217.0,1578,5.1
fixation,491425.2040001154,0.30337668855985006,0.37067578931649525,2.676186116536458,2.66055908203125,250.0,1579,5.1
fixation,491708.54000008106,0.3531036122756846,0.37554030909257774,2.6775063907398895,2.672403672162224,283.0,1580,5.1
fixation,492025.2130000591,0.4131777602083543,0.3809407081674127,2.675471586339614,2.652159746955423,284.0,1581,5.1
fixation,492341.8860000372,0.45608639602477735,0.38178021059586453,2.704443124624399,2.680799044095553,217.0,1582,5.1
fixation,492575.22500002384,0.4976227909326553,0.3815285935997963,2.7356948852539062,2.698377990722656,167.0,1583,5.1
fixation,492758.55800008774,0.546150627044531,0.3812880493127383,2.7338409423828125,2.678693331204928,216.0,1584,5.1
fixation,493008.5650000572,0.6705502197146416,0.3653361089527607,2.699404716491699,2.6289663314819336,266.0,1585,5.1
fixation,493308.5690000057,0.7261142167780135,0.3627858559290568,2.6918470594618054,2.638765123155382,150.0,1586,5.1
fixation,493491.90700006485,0.7997535665829977,0.36053428302208584,2.664800008138021,2.6159235636393228,100.0,1587,5.1
fixation,493625.2430000305,0.6519068963825703,0.4562997091561556,2.6348190307617188,2.617687225341797,134.0,1588,5.1
fixation,493775.2460000515,0.6118635565042496,0.4609885960817337,2.6470932006835937,2.6479766845703123,167.0,1589,5.1
fixation,493958.58100008965,0.6737040413750542,0.451288683546914,2.654230753580729,2.6008063422309027,150.0,1590,5.1
fixation,494141.91900002956,0.7187444567680359,0.44892755953165203,2.6276151216947117,2.5653052696814904,217.0,1591,5.1
fixation,494375.25500011444,0.7714308771220121,0.4576139897108078,2.629702481356534,2.5732560591264204,184.0,1592,5.1
fixation,494658.59600007534,0.22993601113557816,0.5473956432607439,2.679835001627604,2.696406046549479,150.0,1593,5.1
fixation,494825.2640000582,0.1892011839275559,0.5620832840601603,2.7145086924235025,2.6613953908284507,400.0,1594,5.1
fixation,495241.93800008297,0.21542023664171045,0.5572466958652843,2.651553067294034,2.600820367986506,183.0,1595,5.1
fixation,495458.60800004005,0.3223506618629802,0.5377677326852625,2.6448530717329546,2.606657548384233,183.0,1596,5.1
fixation,495658.60800004005,0.3789813546463847,0.552339181303978,2.6583404541015625,2.6225595474243164,266.0,1597,5.1
fixation,495941.9470000267,0.4288223187128703,0.5442203531662623,2.626917521158854,2.6460673014322915,100.0,1598,5.1
fixation,496058.614000082,0.46900969445705415,0.5500029414892197,2.6214141845703125,2.6425384521484374,166.0,1599,5.1
fixation,496258.6220000982,0.5421346098184585,0.5561943411827087,2.630842590332031,2.61334228515625,166.0,1600,5.1
fixation,496458.62000000477,0.6098863567624774,0.5487362784998757,2.601271493094308,2.566828046526228,233.0,1601,5.1
fixation,496708.62300002575,0.6499286033213139,0.5493926927447319,2.571786880493164,2.5439071655273438,133.0,1602,5.1
fixation,496875.2920000553,0.7167488197485606,0.5428626477718353,2.5328104654947916,2.5309122721354167,250.0,1603,5.1
fixation,497158.628000021,0.7624457716941834,0.5424033164978027,2.5467498779296873,2.51951904296875,258.0,1604,5.1
fixation,497591.9660000801,0.3300328999757767,0.6476578383069289,2.6411245245682564,2.6415581954152962,309.0,1605,5.1
fixation,497941.9690001011,0.4017185438424349,0.6483875848352909,2.586297035217285,2.577206611633301,267.0,1606,5.1
fixation,498225.3060001135,0.45388018543070013,0.6557158367200331,2.567294034090909,2.560914473100142,184.0,1607,5.1
fixation,498425.3020000458,0.4992199018597603,0.6590853209296862,2.5769856770833335,2.597050984700521,200.0,1608,5.1
fixation,498658.6400001049,0.5816400838749749,0.6465683238846915,2.5830514090401784,2.589599609375,233.0,1609,5.1
fixation,498908.6440000534,0.6488511636853218,0.6354430764913559,2.548616409301758,2.5448951721191406,141.0,1610,5.1
fixation,499258.6470000744,0.47487792149186137,0.5817752093076706,2.710895538330078,2.6994140625,325.0,1611,5.1
fixation,499641.9850000143,0.42202913016080856,0.2833306659013033,2.8331985473632812,2.7737598419189453,133.0,1612,NOTRIAL
fixation,499808.65300011635,0.6220691722372304,0.2633431641303975,2.8510045590608017,2.7569055971891983,383.0,1613,NOTRIAL
fixation,500225.3290001154,0.6350138902664184,0.48627555593848226,2.855755615234375,2.7857810974121096,334.0,1614,NOTRIAL
fixation,500691.99100005627,0.6373551059514284,0.2545207440853119,2.927393913269043,2.8354597091674805,267.0,1615,NOTRIAL
fixation,500975.33100008965,0.6193710625171661,0.24844033643603325,2.931201171875,2.845164489746094,167.0,1616,NOTRIAL
fixation,501192.00100004673,0.34582714842898504,0.2708231881260872,2.923274448939732,2.8934500558035716,234.0,1617,NOTRIAL
fixation,501442.00500011444,0.350735319512231,0.24933294419731414,2.9099131992885043,2.867834908621652,234.0,1618,NOTRIAL
fixation,501692.00900006294,0.37268358362572535,0.24473801468099868,2.8921639578683034,2.8516573224748885,234.0,1619,NOTRIAL
fixation,501958.6780000925,0.33436392192487363,0.24990607025446715,2.8743952998408564,2.8409791169343173,450.0,1620,NOTRIAL
fixation,502525.3590000868,0.3537161371537617,0.24154646268912724,2.873809814453125,2.804459708077567,233.0,1621,NOTRIAL
fixation,502775.36100006104,0.37323331291025336,0.24241733347827737,2.9004350142045454,2.828147194602273,183.0,1622,NOTRIAL
fixation,502975.364000082,0.3455051596348102,0.24481197675833336,2.8260298508864183,2.7710782564603367,216.0,1623,NOTRIAL
fixation,503208.70300006866,0.3833805203437805,0.2486783903092146,2.82432861328125,2.755052947998047,333.0,1624,NOTRIAL
fixation,503558.70700001717,0.3565179631114006,0.2674215864390135,2.853499412536621,2.7851076126098633,267.0,1625,NOTRIAL
fixation,503875.378000021,0.6098622920967284,0.25255619344257174,2.832341512044271,2.7382064092726934,350.0,1626,NOTRIAL
fixation,504275.3850001097,0.3486292931166562,0.25351591701760434,2.8386272083629263,2.7730278246330493,550.0,1627,NOTRIAL
fixation,504842.05900001526,0.3748098127543926,0.24163910187780857,2.812122344970703,2.754205067952474,200.0,1628,NOTRIAL
fixation,505058.73200011253,0.35471613705158234,0.2555796462628577,2.848453097873264,2.7979643079969616,300.0,1629,NOTRIAL
fixation,505442.07400000095,0.34882212099101806,0.24420040307773483,2.8638483683268228,2.8129620022243924,300.0,1630,NOTRIAL
fixation,505758.74400007725,0.37174308883107227,0.24958700038816617,2.872645502505095,2.8054524297299595,383.0,1631,NOTRIAL
fixation,506175.4200000763,0.3400215129057566,0.2393314704298973,2.843798828125,2.786033121744792,250.0,1632,NOTRIAL
fixation,506442.09200000763,0.3699569485404275,0.24932351132685487,2.8732785311612217,2.8060517744584517,367.0,1633,NOTRIAL
fixation,506875.43400001526,0.6333141088485718,0.25524636432528497,2.8292160034179688,2.740184020996094,166.0,1634,NOTRIAL
fixation,507058.77100002766,0.6254229689466542,0.2517591863870621,2.804357594457166,2.73553466796875,483.0,1635,NOTRIAL
fixation,507558.77900004387,0.6154141953358283,0.24549643122232878,2.802172147310697,2.744990422175481,217.0,1636,NOTRIAL
fixation,507792.1180000305,0.6447422176599502,0.24420167729258538,2.804266357421875,2.74189453125,167.0,1637,NOTRIAL
fixation,508008.78900003433,0.6391363577409224,0.4748914363709363,2.736937089399858,2.739010897549716,183.0,1638,NOTRIAL
fixation,508208.79300010204,0.6243166228135427,0.4807815800110499,2.7575208875868054,2.7474602593315973,150.0,1639,NOTRIAL
fixation,508408.7980000973,0.631543921927611,0.23999245092272758,2.745215098063151,2.707305908203125,208.0,1640,NOTRIAL
fixation,508792.1370000839,0.6134216666221619,0.4754825264215469,2.7020660400390626,2.6812225341796876,76.0,1641,NOTRIAL
fixation,508892.1400001049,0.5672620269987318,0.47849867796456375,2.771820633499711,2.747265851056134,450.0,1642,NOTRIAL
fixation,509392.15000009537,0.34917492537122025,0.7096505886630008,2.719008596319901,2.7097039473684212,317.0,1643,NOTRIAL
fixation,509725.4930000305,0.3336857222020626,0.721003827949365,2.714188893636068,2.6797917683919272,200.0,1644,NOTRIAL
fixation,509975.49400007725,0.6434293363775526,0.7121638485363552,2.5226571219308034,2.535392107282366,583.0,1645,NOTRIAL
fixation,510592.17200005054,0.5822257647911707,0.5813215656412972,2.69748772515191,2.683951483832465,300.0,1646,NOTRIAL
fixation,510925.5110000372,0.48418697383668685,0.9192037449942695,2.712063259548611,2.689875284830729,158.0,1647,NOTRIAL
fixation,511608.8560000658,0.4711128931779128,0.5085485634895471,2.910730215219351,2.842334453876202,209.0,1648,FIX_CROS
fixation,511842.20200002193,0.4938108062460309,0.49235414855536963,2.824159168061756,2.7849735078357516,700.0,1649,FIX_CROS
fixation,512558.8720000982,0.4414677023887634,0.45602259288231534,2.817132314046224,2.8299713134765625,200.0,1650,5.2
fixation,512808.878000021,0.2406113360609327,0.3807830129350935,2.8134329659598216,2.843324933733259,117.0,1651,5.2
fixation,512942.2160000801,0.21640587884646195,0.38238898607400745,2.7875025822566104,2.7973092886117787,217.0,1652,5.2
fixation,513192.2200000286,0.27640390023589134,0.36461289785802364,2.8020248413085938,2.7775821685791016,134.0,1653,5.2
fixation,513342.22200000286,0.32653855681419375,0.36908954083919526,2.8372177124023437,2.8271575927734376,167.0,1654,5.2
fixation,513542.22500002384,0.39653916160265607,0.38761500351958805,2.8731214735243054,2.8456624348958335,150.0,1655,5.2
fixation,513725.56200003624,0.4394343527300017,0.38162290837083546,2.878110613141741,2.845508030482701,233.0,1656,5.2
fixation,513992.22900009155,0.4823658848181367,0.3826007656753063,2.8579578399658203,2.8308658599853516,267.0,1657,5.2
fixation,514275.57000005245,0.5239048770495823,0.37899538023131235,2.8525891985212053,2.810426984514509,116.0,1658,5.2
fixation,514408.90700006485,0.571643203496933,0.37719693407416344,2.8462511698404946,2.8013521830240884,200.0,1659,5.2
fixation,514625.57800006866,0.5911450253592597,0.3756108317110274,2.810123019748264,2.7849002414279513,150.0,1660,5.2
fixation,514808.91100001335,0.6674446655171258,0.3704772942832538,2.7582920619419644,2.729229518345424,233.0,1661,5.2
fixation,515058.9170000553,0.7301102777322134,0.37198684281773037,2.760853237575955,2.7328033447265625,300.0,1662,5.2
fixation,515392.2570000887,0.7971169352531433,0.3728553514395441,2.7605383736746654,2.734407697405134,242.0,1663,5.2
fixation,515775.59700000286,0.2180618578568101,0.47253074310719967,2.760570526123047,2.8098506927490234,133.0,1664,5.2
fixation,515925.60000002384,0.1850643249658438,0.4712148606777191,2.7889684041341147,2.781481229341947,216.0,1665,5.2
fixation,516225.6030000448,0.2352670654654503,0.4659956911435494,2.6835409311147838,2.654619657076322,208.0,1666,5.2
fixation,516475.60700011253,0.2764350394407908,0.45777033269405365,2.677912394205729,2.67391357421875,250.0,1667,5.2
fixation,516742.27900004387,0.32646593973040583,0.459548345208168,2.675087738037109,2.681121826171875,334.0,1668,5.2
fixation,517108.9510000944,0.21549080525125777,0.3762324516262327,2.6690891810825894,2.6591578892299106,233.0,1669,5.2
fixation,517358.9540001154,0.2596378279849887,0.365973848849535,2.691926956176758,2.654054641723633,267.0,1670,5.2
fixation,517642.29300010204,0.3027641394963631,0.3686387160649666,2.711389394906851,2.6747330885667067,217.0,1671,5.2
fixation,517875.63000011444,0.3426675382587645,0.3688950273725722,2.70906745062934,2.679163614908854,150.0,1672,5.2
fixation,518058.9650000334,0.39742687876735416,0.38804242440632414,2.702111380440848,2.671545846121652,233.0,1673,5.2
fixation,518308.96800005436,0.44331701695919035,0.3931908369064331,2.7001113891601562,2.668864440917969,167.0,1674,5.2
fixation,518492.30400002,0.4898904114961624,0.39014548684159917,2.690443674723307,2.66072146097819,400.0,1675,5.2
fixation,518925.64500010014,0.5368181069691976,0.3866328534980615,2.6826820373535156,2.6513849894205728,200.0,1676,5.2
fixation,519142.31300008297,0.5837241053581238,0.3842356413602829,2.6641464233398438,2.62584228515625,167.0,1677,5.2
fixation,519342.3170000315,0.6290465354919433,0.38117505311965943,2.6643020629882814,2.624713134765625,167.0,1678,5.2
fixation,519542.3210000992,0.6773934870958328,0.3768065467476845,2.6811233520507813,2.6395858764648437,334.0,1679,5.2
fixation,519992.32700002193,0.20527176239660808,0.4694384017160961,2.7460708618164062,2.739159720284598,234.0,1680,5.2
fixation,520258.9960000515,0.2487794727087021,0.46303964853286744,2.779032897949219,2.7164962768554686,167.0,1681,5.2
fixation,520442.33200001717,0.28807802154467654,0.46286553144454956,2.7017364501953125,2.665429922250601,217.0,1682,5.2
fixation,520692.3370000124,0.32847986167127435,0.46581490337848663,2.666562167080966,2.676146073774858,183.0,1683,5.2
fixation,520892.3400000334,0.3869884747725267,0.4654584607252708,2.649840134840745,2.6581585223858175,216.0,1684,5.2
fixation,521125.67600011826,0.4326348436229369,0.4703337743001826,2.6411052030675553,2.6470480526194855,283.0,1685,5.2
fixation,521442.3480000496,0.4864056740815823,0.4713832266055621,2.6419877272385817,2.6394195556640625,216.0,1686,5.2
fixation,521692.3510000706,0.5225683301687241,0.4756405293941498,2.61778564453125,2.6217880249023438,166.0,1687,5.2
fixation,521892.3550000191,0.5545727275311947,0.4682605853304267,2.629314422607422,2.617875099182129,266.0,1688,5.2
fixation,522175.6960000992,0.4929968165233731,0.47253335919231176,2.661301612854004,2.648310661315918,267.0,1689,5.2
fixation,522459.0340000391,0.5411382568509955,0.4706145964170757,2.688307912726151,2.6329964085629114,317.0,1690,5.2
fixation,522809.03900003433,0.5783268104900013,0.47064103321595624,2.7038144198330967,2.642210526899858,184.0,1691,5.2
fixation,523009.04300010204,0.6253047016533938,0.4643152125857093,2.7076291170987217,2.636900468306108,184.0,1692,5.2
fixation,523209.0460000038,0.6616160617424891,0.466352987747926,2.7273477407602162,2.648334209735577,217.0,1693,5.2
fixation,523459.0490000248,0.7132767513394356,0.4562079856793086,2.7131525675455728,2.6615676879882812,200.0,1694,5.2
fixation,523675.7230000496,0.7561903417110443,0.4626986473798752,2.7059356689453127,2.661021423339844,167.0,1695,5.2
fixation,523875.72500002384,0.7928237915039062,0.45711394896109897,2.7038803100585938,2.654210408528646,100.0,1696,5.2
fixation,524059.06200003624,0.35085016389687856,0.47472975850105287,2.764404296875,2.769883219401042,250.0,1697,5.2
fixation,524359.066000104,0.26708340644836426,0.4572936773300171,2.7899169921875,2.7751708984375,84.0,1698,5.2
fixation,524475.7350000143,0.206437349319458,0.4645715785377166,2.719675400677849,2.687015309053309,283.0,1699,5.2
fixation,524775.739000082,0.2439417134631764,0.4546102271838622,2.705727317116477,2.677004727450284,183.0,1700,5.2
fixation,525142.4110000134,0.731514398008585,0.4601029343903065,2.7051143646240234,2.6301918029785156,125.0,1701,5.2
fixation,525309.0800000429,0.7826599346266853,0.4496813780731625,2.7196180555555554,2.675779554578993,150.0,1702,5.2
fixation,525492.418000102,0.7099505245685578,0.45523439943790434,2.695027160644531,2.667529296875,166.0,1703,5.2
fixation,525675.7540000677,0.7610519846280416,0.45446072618166605,2.6795633951822917,2.665208943684896,250.0,1704,5.2
fixation,525942.4250000715,0.7903012037277222,0.4487810343503952,2.7111297607421876,2.6858795166015623,83.0,1705,5.2
fixation,526125.7620000839,0.20753437694576052,0.5628568314843707,2.7853325737847223,2.7849027845594616,300.0,1706,5.2
fixation,526442.4340000153,0.2802485147347817,0.5598138410311478,2.7880225548377404,2.758074246920072,216.0,1707,5.2
fixation,526692.4370000362,0.36947038438585067,0.546608696381251,2.722712198893229,2.7036014133029513,150.0,1708,5.2
fixation,526875.7730000019,0.4182167384359572,0.5542226168844435,2.73128424750434,2.7354007297092013,150.0,1709,5.2
fixation,527042.4440000057,0.4628279209136963,0.5619349420070648,2.7448883056640625,2.766717529296875,166.0,1710,5.2
fixation,527242.4480000734,0.5261255542437235,0.5643407285213471,2.727093505859375,2.733899943033854,250.0,1711,5.2
fixation,527525.7850000858,0.5860609233379364,0.5587011247873306,2.669871520996094,2.686360168457031,167.0,1712,5.2
fixation,527709.1200000048,0.6335183725907252,0.5543687458221729,2.622491689828726,2.6340601994441104,217.0,1713,5.2
fixation,527959.125,0.7068109288811684,0.549476021900773,2.572016716003418,2.602275848388672,267.0,1714,5.2
fixation,528259.1290000677,0.7634996567901812,0.5462936445286399,2.6106816342002466,2.623813829923931,317.0,1715,5.2
fixation,528592.4690001011,0.8053385592423953,0.5515669721823472,2.660401564378005,2.6384793795072117,216.0,1716,5.2
fixation,528825.80400002,0.7862726797660192,0.5496604144573212,2.644536336263021,2.6110432942708335,108.0,1717,5.2
fixation,529125.8110001087,0.3419077157974243,0.444823631644249,2.734381103515625,2.7763580322265624,75.0,1718,5.2
fixation,529242.4780000448,0.21625377895200953,0.37692584097385406,2.7414963666130516,2.7176926556755516,283.0,1719,5.2
fixation,529559.1500000954,0.2700072558862822,0.36390179714986254,2.7068405151367188,2.6916394914899553,234.0,1720,5.2
fixation,529825.8210000992,0.33218084140257403,0.3762691224163229,2.748904141512784,2.6978829123757104,183.0,1721,5.2
fixation,530059.1600000858,0.41117883880030026,0.3959525600075722,2.705682234330611,2.6931076049804688,367.0,1722,5.2
fixation,530442.5,0.46143245761809143,0.3940595207007035,2.6917877197265625,2.6819331956946333,383.0,1723,5.2
fixation,530859.1700000763,0.5073359996080399,0.3945409834384918,2.7111907958984376,2.6981826782226563,167.0,1724,5.2
fixation,531075.8430000544,0.20176972219577202,0.36942263749929577,2.7233311579777646,2.737461970402644,225.0,1725,5.2
fixation,531825.8560000658,0.46402143090963366,0.40517735481262207,2.9512054443359377,2.8601409912109377,159.0,1726,5.2
fixation,532059.1930000782,0.20871504510824496,0.3805014193058014,2.9577871469350963,2.848186786358173,217.0,1727,5.2
fixation,532375.8650000095,0.6361230686306953,0.34638355299830437,2.811680793762207,2.6940736770629883,267.0,1728,5.2
fixation,532675.8710000515,0.6168942866903363,0.2562653903256763,2.931814482717803,2.8279451312440815,550.0,1729,NOTRIAL
fixation,533242.5470000505,0.6355445384979248,0.2470381626716027,2.9355621337890625,2.8744659423828125,216.0,1730,NOTRIAL
fixation,533475.8820000887,0.6092578530311584,0.2548160230120023,2.977788289388021,2.939325968424479,250.0,1731,NOTRIAL
fixation,533775.8890000582,0.6326045050070837,0.49893947633413166,2.9842318021334133,2.938494168795072,217.0,1732,NOTRIAL
fixation,534009.2320001125,0.6122050079015585,0.4930213334468695,2.9617391733022838,2.9234090951772838,217.0,1733,NOTRIAL
fixation,534259.2310000658,0.6160818845033645,0.2576726105064154,2.9542335510253905,2.8947120666503907,334.0,1734,NOTRIAL
fixation,534725.9070000648,0.382709264755249,0.7068384140729904,3.0120582580566406,2.934795379638672,67.0,1735,NOTRIAL
fixation,534809.2440000772,0.3470127731561661,0.72631925791502,2.966924285888672,2.8830223083496094,342.0,1736,NOTRIAL
fixation,535242.5860000849,0.6306486093416447,0.26364767151634866,2.879323075457317,2.803931631693026,675.0,1737,NOTRIAL
fixation,535959.2610000372,0.6156836820059809,0.46719318011711386,2.8881383435479524,2.831860772494612,484.0,1738,NOTRIAL
fixation,536459.2720000744,0.6339062515533331,0.4768505900195151,2.8548542369495737,2.7823342987985322,558.0,1739,NOTRIAL
fixation,537159.2860000134,0.6311083110265954,0.6897342482278513,2.820079714752907,2.768539073855378,709.0,1740,NOTRIAL
fixation,537909.3010001183,0.4894358217716217,0.859952399134636,2.811181640625,2.7670059204101562,175.0,1741,NOTRIAL
fixation,538525.9820001125,0.536615095355294,0.6673009070483121,2.8274980024857954,2.7800833962180396,175.0,1742,NOTRIAL
fixation,538742.6530001163,0.5743933220704397,0.4642094137767951,2.9399375915527344,2.8614489237467446,200.0,1743,NOTRIAL
fixation,538975.9910000563,0.6252224147319794,0.45386834591627123,2.8576065063476563,2.783380889892578,1000.0,1744,NOTRIAL
fixation,540159.3520001173,0.4785626411437988,0.8368496000766754,2.84710693359375,2.820440673828125,83.0,1745,NOTRIAL
fixation,540276.0220000744,0.4926442923024297,0.6639771070331335,2.8694591522216797,2.8530492782592773,267.0,1746,NOTRIAL
fixation,540592.6950000525,0.47222863882780075,0.43997685487071675,2.9274686177571616,2.8800938924153647,200.0,1747,NOTRIAL
fixation,540809.3680000305,0.5065936503502039,0.4705516363565738,2.924450214092548,2.8767899733323317,433.0,1748,NOTRIAL
fixation,541276.0480000973,0.45151935517787933,0.40131325523058575,2.8484319051106772,2.8481572469075522,108.0,1749,21
fixation,541559.3850001097,0.3405215501785278,0.8209832072257995,2.6683502197265625,2.611138916015625,75.0,1750,21
fixation,541659.3880000114,0.3162051174375746,0.8656245999866061,2.7740851508246527,2.7012498643663196,150.0,1751,21
fixation,541842.7220000029,0.38514001220464705,0.8695905297994614,2.834974670410156,2.7303237915039062,167.0,1752,21
fixation,542026.0610001087,0.43860937867845806,0.8672629935400826,2.754046848842076,2.6993980407714844,467.0,1753,21
fixation,542509.4020000696,0.48349680999914807,0.8715390695465935,2.746007283528646,2.681028578016493,150.0,1754,21
fixation,542709.4070000648,0.4493642883996169,0.5148564676443735,2.7818031311035156,2.757054646809896,200.0,1755,21
fixation,542942.7430000305,0.4383262182985033,0.39928367733955383,2.7457776750837053,2.720851353236607,117.0,1756,21
fixation,543109.4140000343,0.33041711380848515,0.8869062478725727,2.7746981107271633,2.6570328932542067,216.0,1757,21
fixation,543342.7480000257,0.356938898563385,0.8692886345088482,2.798625946044922,2.65728759765625,133.0,1758,21
fixation,543542.7540000677,0.4454451486468315,0.4650871753692627,2.7451812744140627,2.6978668212890624,167.0,1759,21
fixation,543726.0880000591,0.42170131595238397,0.4121165891056475,2.753168520720109,2.7103291387143345,384.0,1760,21
fixation,544126.0960000753,0.4643191102406253,0.4128391000887622,2.7904002977454145,2.7584546959918477,767.0,1761,21
fixation,544926.1070001125,0.44707623175505934,0.3371594589332054,2.741112544618804,2.7156219482421875,484.0,1762,21
fixation,545459.4510000944,0.4601586773991585,0.5978935450315476,2.7377700805664062,2.742597198486328,333.0,1763,21
fixation,545842.7920000553,0.3659838799919401,0.7713131521429334,2.7315761021205356,2.660773141043527,117.0,1764,21
fixation,545992.7960000038,0.33507518470287323,0.8625686873089183,2.6864152388139204,2.595346624200994,183.0,1765,21
fixation,546209.4650000334,0.37960472106933596,0.8672646701335907,2.6679779052734376,2.55238037109375,166.0,1766,21
fixation,546392.7980000973,0.41812460124492645,0.8687464942534765,2.637248992919922,2.524261474609375,200.0,1767,21
fixation,546609.4730000496,0.4820114208592309,0.8685935437679291,2.6085883246527777,2.5358479817708335,150.0,1768,21
fixation,546776.1420000792,0.4693400412797928,0.8725629581345452,2.6746351453993054,2.564030965169271,150.0,1769,21
fixation,546942.816000104,0.4367657616734505,0.8711708903312683,2.667927551269531,2.5893707275390625,167.0,1770,21
fixation,547126.1530001163,0.4723573299124837,0.8685581423342228,2.6399383544921875,2.539311408996582,267.0,1771,21
fixation,547409.492000103,0.5240826527277629,0.8805658946434657,2.5456309000651043,2.4961456298828124,500.0,1772,21
fixation,547926.1710000038,0.5686523795127869,0.871029778321584,2.723077392578125,2.4312093098958334,250.0,1773,21
fixation,548276.1800000668,0.6218184232711792,0.8354537069797516,2.2946990966796874,2.3987457275390627,84.0,1774,21
fixation,548409.5160000324,0.6688851316769918,0.8430503333608309,2.315418243408203,2.407597859700521,200.0,1775,21
fixation,548626.1860001087,0.6457301165376391,0.8428081103733608,2.3048182896205356,2.4593941824776784,117.0,1776,21
fixation,548809.5250000954,0.40028800235854256,0.5595765627092786,2.6727015177408853,2.6683281792534723,300.0,1777,21
fixation,549159.5320000648,0.3359427496790886,0.8821246773004532,2.704426574707031,2.5907989501953126,166.0,1778,21
fixation,549342.8710000515,0.3234039306640625,0.8724413812160492,2.68095703125,2.564373779296875,83.0,1779,21
fixation,549442.8710000515,0.376188725233078,0.8647598673899969,2.678955078125,2.5719223022460938,100.0,1780,21
fixation,549559.5390000343,0.3720773048698902,0.8681792318820953,2.6496505737304688,2.547760009765625,66.0,1781,21
fixation,549642.878000021,0.4094238636585382,0.8678191808553842,2.6710310715895433,2.577130831204928,217.0,1782,21
fixation,549892.884000063,0.45638417452573776,0.8635556325316429,2.6318740844726562,2.589336395263672,200.0,1783,21
fixation,550192.8910000324,0.39052436500787735,0.5654149237606261,2.654036627875434,2.6378826565212674,300.0,1784,21
fixation,550559.566000104,0.604458786547184,0.6239905506372452,2.5698776245117188,2.5316123962402344,200.0,1785,21
fixation,550826.239000082,0.48400530715783435,0.3355275359418657,2.6269717746310763,2.599544949001736,150.0,1786,21
fixation,550992.9090000391,0.4450997014840444,0.31551002462704975,2.6229977077907987,2.6036919487847223,150.0,1787,21
fixation,551176.2480000257,0.4262373298406601,0.4012030147843891,2.6638319227430554,2.663721720377604,150.0,1788,21
fixation,551376.2510000467,0.3436390229246833,0.8953940651633523,2.7839189009232954,2.6997250643643467,184.0,1789,21
fixation,551592.9220000505,0.37745616691453115,0.8787877006190163,2.8004324776785716,2.6986607142857144,117.0,1790,21
fixation,551726.259000063,0.42314300561944646,0.8709458857774734,2.7411893208821616,2.646434783935547,200.0,1791,21
fixation,551959.5950000286,0.4768774350484212,0.8774962484836578,2.659737141927083,2.609052530924479,250.0,1792,21
fixation,552242.9330000877,0.5314007753675635,0.8822626796635714,2.4996573708274146,2.576364690607244,183.0,1793,21
fixation,552476.2710000277,0.5852970778942108,0.8552941100464927,2.355472140842014,2.554231431749132,300.0,1794,21
fixation,552792.9440000057,0.5668311161654336,0.8749776780605316,2.7446703229631697,2.5102430071149553,117.0,1795,21
fixation,552926.2760000229,0.6258473247289658,0.8418598622083664,2.2790603637695312,2.4324512481689453,134.0,1796,21
fixation,553076.2820000648,0.6277261018753052,0.8512323319911956,2.291668701171875,2.4058746337890624,84.0,1797,21
fixation,553176.2830001116,0.6689847826957702,0.8604286193847657,2.321553039550781,2.409986877441406,175.0,1798,21
fixation,553509.6240000725,0.47601215094327926,0.6086728781461715,2.6114013671875,2.6370635986328126,158.0,1799,21
fixation,553709.6260000467,0.44021764025092125,0.39669350162148476,2.671269416809082,2.647634506225586,266.0,1800,21
fixation,554009.631000042,0.5684705484997142,0.5869327539747412,2.5901849920099433,2.542470758611506,183.0,1801,21
fixation,554209.6350001097,0.600718205794692,0.6191149856895208,2.511643409729004,2.5168542861938477,266.0,1802,21
fixation,554526.3060001135,0.44038744105233085,0.4716658509439892,2.545713636610243,2.5616319444444446,150.0,1803,21
fixation,554709.6450001001,0.43699597160924564,0.3378061313520778,2.6120258678089487,2.5912961092862217,366.0,1804,21
fixation,555142.9850000143,0.4403367363489591,0.6994107182209308,2.7206526536207933,2.690728994516226,217.0,1805,21
fixation,555376.3230000734,0.4353370596965154,0.6337720970312755,2.6928446451822916,2.645591227213542,250.0,1806,21
fixation,555642.9930000305,0.4649170244281942,0.6722540150989186,2.681001143022017,2.6579548228870737,183.0,1807,21
fixation,555859.6630001068,0.4491860583938401,0.528696209192276,2.800938573376886,2.7580219137257544,483.0,1808,21
fixation,556376.3380000591,0.4376437986890475,0.3744002419213454,2.925401051839193,2.8287747701009116,200.0,1809,FIX_CROS
fixation,556593.009000063,0.47744791880249976,0.4211247242987156,2.9808364868164063,2.8550811767578126,334.0,1810,FIX_CROS
fixation,556943.0200001001,0.5004724130818718,0.44475509696885157,2.9631403872841284,2.8504574424342106,317.0,1811,FIX_CROS
fixation,557293.0310000181,0.42356875653450304,0.3334169445129541,2.944122314453125,2.896135770357572,217.0,1812,FIX_CROS
fixation,557543.0420000553,0.23732465718473708,0.36158183429922375,2.9130358014787947,2.8979056222098216,117.0,1813,21.1
fixation,557676.3790000677,0.1976898509476866,0.3695961960724422,2.817387172154018,2.827080862862723,233.0,1814,21.1
fixation,557943.0520000458,0.22837131056520674,0.36162804067134857,2.75779045952691,2.7615797254774304,150.0,1815,21.1
fixation,558109.7260000706,0.27299570590257644,0.3584585919976234,2.7581512451171877,2.761674499511719,167.0,1816,21.1
fixation,558309.7280000448,0.32419681642204523,0.3629219448193908,2.8366622924804688,2.814457893371582,267.0,1817,21.1
fixation,558609.736000061,0.35742660529083675,0.3723393546210395,2.850429958767361,2.834786309136285,150.0,1818,21.1
fixation,558776.4070000648,0.40799357945268805,0.3776549168608405,2.7991097190163354,2.777375654740767,183.0,1819,21.1
fixation,558976.4130001068,0.4680493835891996,0.3793100799833025,2.774747576032366,2.7493177141462053,116.0,1820,21.1
fixation,559126.4170000553,0.519011053774092,0.37753603524631923,2.742925008138021,2.710357666015625,150.0,1821,21.1
fixation,559309.756000042,0.576600497419184,0.38038006018508563,2.7097514759410513,2.677347356622869,183.0,1822,21.1
fixation,559509.7630000114,0.6091885914405187,0.3757082832356294,2.699101765950521,2.6491966247558594,200.0,1823,21.1
fixation,559726.435000062,0.6442964697877566,0.3742537374297778,2.6463190714518228,2.608501434326172,200.0,1824,21.1
fixation,559943.1090000868,0.697897675447166,0.36936825467273593,2.6472864151000977,2.5910282135009766,534.0,1825,21.1
fixation,560509.7920000553,0.7305039316415787,0.36675744950771333,2.6604705810546876,2.586968994140625,167.0,1826,21.1
fixation,560693.1300001144,0.7732404218270228,0.37177229271485257,2.682214590219351,2.6157449575570912,217.0,1827,21.1
fixation,560926.4680000544,0.7596107189144407,0.3748750878231866,2.689824785505022,2.630145481654576,233.0,1828,21.1
fixation,561176.4750000238,0.8039654303680767,0.3694645654071461,2.6772211248224433,2.6214655095880683,183.0,1829,21.1
fixation,561476.4820001125,0.203423435613513,0.46576627939939497,2.731890106201172,2.721087646484375,333.0,1830,21.1
fixation,561843.1520000696,0.2587434872984886,0.4576447196304798,2.6862545013427734,2.634702682495117,267.0,1831,21.1
fixation,562143.1570000648,0.2952431008219719,0.4615642696619034,2.6562835693359377,2.6348251342773437,167.0,1832,21.1
fixation,562326.4980000257,0.32497003953903913,0.46516090724617243,2.635801315307617,2.6166086196899414,266.0,1833,21.1
fixation,562609.8340001106,0.3565990313887596,0.46261036545038225,2.6164474487304688,2.621195983886719,167.0,1834,21.1
fixation,562809.8380000591,0.40503972130162375,0.46606342813798357,2.631030491420201,2.636124747140067,233.0,1835,21.1
fixation,563059.8410000801,0.439071723818779,0.4744895681738853,2.7279144287109376,2.7129776000976564,167.0,1836,21.1
fixation,563243.1770000458,0.4748181502024333,0.4745803773403168,2.7696914672851562,2.7318216959635415,108.0,1837,21.1
fixation,563559.8520001173,0.5120907634496689,0.47445530593395235,2.7884246826171877,2.71240234375,159.0,1838,21.1
fixation,563743.1890000105,0.5469923585653305,0.47690874338150024,2.83778076171875,2.7259750366210938,167.0,1839,21.1
fixation,563943.191000104,0.5880760869809559,0.4648689978889057,2.7049713134765625,2.6183907645089284,234.0,1840,21.1
fixation,564193.1960000992,0.6325269666585055,0.4593214419755069,2.6735770485617896,2.5955574729225854,184.0,1841,21.1
fixation,564393.2010000944,0.6820990712869734,0.45845602523712886,2.644925798688616,2.5941714332217263,350.0,1842,21.1
fixation,564759.8710000515,0.7358076100548109,0.4600455438097318,2.6348559061686196,2.5955772399902344,200.0,1843,21.1
fixation,564993.2140001059,0.7764469330961054,0.4603646411137147,2.65016035600142,2.627961592240767,184.0,1844,21.1
fixation,565193.2160000801,0.7975490689277649,0.4621421545743942,2.6717269897460936,2.639520263671875,167.0,1845,21.1
fixation,565443.2210000753,0.3223089538514614,0.5442065242677927,2.7192773818969727,2.7274351119995117,267.0,1846,21.1
fixation,565726.5590000153,0.3103129602968693,0.5457787737250328,2.702411651611328,2.706684112548828,66.0,1847,21.1
fixation,565826.560000062,0.3964214901129405,0.5567792614301046,2.6960784912109377,2.66197509765625,250.0,1848,21.1
fixation,566093.2290000916,0.45335764664670697,0.558121796535409,2.6928392493206523,2.686268018639606,384.0,1849,21.1
fixation,566493.2380000353,0.42484635521065106,0.4790286205031655,2.7039018110795454,2.7116588245738638,184.0,1850,21.1
fixation,566693.239000082,0.4730647176504135,0.47648348808288576,2.7157669067382812,2.7042694091796875,167.0,1851,21.1
fixation,566893.2430000305,0.5326963841915131,0.46959881782531737,2.724467468261719,2.6963516235351563,167.0,1852,21.1
fixation,567093.2460000515,0.5848995238542557,0.4715694963932037,2.6846084594726562,2.670454406738281,167.0,1853,21.1
fixation,567293.2520000935,0.632435730099678,0.4644831970334053,2.672438049316406,2.6532257080078123,167.0,1854,21.1
fixation,567476.5850000381,0.6758622633559364,0.4590557334678514,2.6539764404296875,2.644026620047433,233.0,1855,21.1
fixation,567743.2580000162,0.7252378005247849,0.4685862843806927,2.655627910907452,2.6256631704477162,217.0,1856,21.1
fixation,567993.2580000162,0.7570138692855835,0.469442743062973,2.6513885498046874,2.620100402832031,167.0,1857,21.1
fixation,568176.5960000753,0.7808000445365906,0.4670450039207935,2.6362274169921873,2.6110870361328127,333.0,1858,21.1
fixation,568626.6010000706,0.3345019996166229,0.5537773529688518,2.679027303059896,2.710992431640625,250.0,1859,21.1
fixation,568909.938000083,0.4062164187431335,0.5537104745705922,2.6593699137369793,2.6458343505859374,250.0,1860,21.1
fixation,569193.2750000954,0.4532000306579802,0.5568046106232537,2.6256035698784723,2.6362118191189237,150.0,1861,21.1
fixation,569493.2800000906,0.5066883626083533,0.5808627431591352,2.643329620361328,2.6423123677571616,200.0,1862,21.1
fixation,569743.2830001116,0.6354486681520939,0.562295239418745,2.6553421020507812,2.6509265899658203,142.0,1863,21.1
fixation,570376.6260000467,0.4740520337453255,0.41635812245882475,2.8612753061147838,2.8022742638221154,208.0,1864,NOTRIAL
fixation,570626.6290000677,0.43170247226953506,0.25037310520807904,2.9257710774739585,2.8534978230794272,100.0,1865,NOTRIAL
fixation,570776.6300001144,0.625767894089222,0.25328338767091435,2.8946507771809897,2.7836844704367896,200.0,1866,NOTRIAL
fixation,570993.3000000715,0.6138916313648224,0.254204769219671,2.905848911830357,2.8034460885184154,234.0,1867,NOTRIAL
fixation,571243.3060001135,0.64472137093544,0.25764696349700295,2.9448028564453126,2.8447052001953126,250.0,1868,NOTRIAL
fixation,571509.9780000448,0.6160787403583526,0.25471372827887534,2.975152587890625,2.8875045776367188,167.0,1869,NOTRIAL
fixation,571709.9820001125,0.6233640955044673,0.47988163851774657,2.94058344914363,2.8884136493389425,217.0,1870,NOTRIAL
fixation,571943.3180000782,0.644532784819603,0.4737428625424703,2.953155517578125,2.8740158081054688,108.0,1871,NOTRIAL
fixation,572176.6580001116,0.6180523725019561,0.2598863221291039,2.945184495713976,2.8877029418945312,592.0,1872,NOTRIAL
fixation,572826.6690000296,0.6285218242555857,0.4790320163592696,2.942814826965332,2.896904945373535,267.0,1873,NOTRIAL
fixation,573126.6760001183,0.6514310863885012,0.753247859803113,2.8025457208806817,2.7956293279474433,183.0,1874,NOTRIAL
fixation,573360.0120000839,0.6235162981094853,0.43203542790105265,2.919460173576109,2.8340050481980845,517.0,1875,NOTRIAL
fixation,573926.6860001087,0.6357645733015878,0.7341921137911933,2.883142743791853,2.818509783063616,233.0,1876,NOTRIAL
fixation,574176.6940000057,0.6391034255857053,0.718368543230969,2.9028924029806387,2.8330277152683423,383.0,1877,NOTRIAL
fixation,574626.7040001154,0.3674500563314983,0.7016167257513318,2.925408499581473,2.871980939592634,117.0,1878,NOTRIAL
fixation,574793.3720000982,0.6334939211606979,0.68687903881073,2.8172332763671877,2.7912445068359375,174.0,1879,NOTRIAL
fixation,575160.0460000038,0.46908177187045413,0.8537074079116186,2.8588689168294272,2.833012898763021,92.0,1880,NOTRIAL
fixation,575293.3820000887,0.5423604995012283,0.7874902114272118,2.8257713317871094,2.8376541137695312,66.0,1881,NOTRIAL
fixation,575510.0510001183,0.6318686499315149,0.6910237687475541,2.7873732622931984,2.7372804529526653,284.0,1882,NOTRIAL
fixation,575826.7260000706,0.49154431835330764,0.4945306485069209,2.8682403564453125,2.8280568616143587,967.0,1883,FIX_CROS
fixation,577110.0780000687,0.20856260721172606,0.2368745505809784,2.772967747279576,2.759295872279576,234.0,1884,21.2
fixation,577360.0860000849,0.2694546769965779,0.23304853317412463,2.8103096701882104,2.7482050115411933,184.0,1885,21.2
fixation,577560.0850000381,0.21187931163744492,0.22945193539966235,2.8219784823330967,2.7555278431285513,184.0,1886,21.2
fixation,577776.7570000887,0.3121495544910431,0.22783356656630835,2.8728451199001737,2.7741275363498263,150.0,1887,21.2
fixation,577943.4250000715,0.35875154354355554,0.22643732821399515,2.90045166015625,2.8059206875887783,183.0,1888,21.2
fixation,578160.0950000286,0.4043645246161355,0.2219854560163286,2.919033474392361,2.8236253526475696,150.0,1889,21.2
fixation,578343.4310001135,0.4510763645172119,0.22342295721173286,2.9088714599609373,2.8157257080078124,166.0,1890,21.2
fixation,578526.7650001049,0.5066728726029396,0.2246355429291725,2.8797332763671877,2.79857177734375,167.0,1891,21.2
fixation,578726.7640000582,0.41973190661519766,0.22110487101599574,2.8355188369750977,2.796499252319336,267.0,1892,21.2
fixation,579010.1040000916,0.47794607902566594,0.22161744348704815,2.8180338541666665,2.744208017985026,200.0,1893,21.2
fixation,579243.4420000315,0.5324097524086634,0.22095989684263864,2.7936973571777344,2.7205886840820312,200.0,1894,21.2
fixation,579460.1120001078,0.5836639768547482,0.21761918950963904,2.808616355613426,2.747572722258391,450.0,1895,21.2
fixation,579926.7850000858,0.550979361931483,0.22302979230880737,2.8416117350260417,2.7925506591796876,250.0,1896,21.2
fixation,580210.1220000982,0.6017937130398221,0.21712365249792734,2.873601277669271,2.7831573486328125,300.0,1897,21.2
fixation,580543.4610000849,0.6573057430131095,0.2177095658012799,2.938871111188616,2.829951695033482,233.0,1898,21.2
fixation,580826.7970000505,0.4533182938893636,0.229941592613856,2.974658203125,2.9081705729166667,250.0,1899,21.2
fixation,581110.1320000887,0.6026652946191675,0.21652239035157597,2.9772186279296875,2.8556105669806984,284.0,1900,21.2
fixation,581410.1380000114,0.6455830097198486,0.21171962097287178,2.953785705566406,2.83690185546875,167.0,1901,21.2
fixation,581593.4750000238,0.6818562656641006,0.21666958853602408,2.926434326171875,2.7852127075195314,166.0,1902,21.2
fixation,581793.4800000191,0.7219537837164742,0.2147061074418681,2.8855787004743303,2.754260471888951,233.0,1903,21.2
fixation,582043.4840000868,0.7732030153274536,0.2153908039132754,2.8589952256944446,2.721247355143229,158.0,1904,21.2
fixation,582343.489000082,0.7789758145809174,0.20895569622516633,2.8512725830078125,2.7137100219726564,166.0,1905,21.2
fixation,582543.4930000305,0.8194226250052452,0.206536702811718,2.873014450073242,2.7377395629882812,141.0,1906,21.2
fixation,582810.1650000811,0.18227823451161385,0.3085010828716414,2.834802900041853,2.8060226440429688,242.0,1907,21.2
fixation,583093.503000021,0.18071958209787095,0.3076188074690955,2.8414154052734375,2.7627149309430803,108.0,1908,21.2
fixation,583226.8380000591,0.22438888996839523,0.2970428243279457,2.743574959891183,2.658634730747768,233.0,1909,21.2
fixation,583493.509000063,0.26563339662261126,0.2995219455986488,2.785503108326982,2.725278528725229,683.0,1910,21.2
fixation,584193.5240000486,0.2976672237410265,0.2930855198818095,2.8626637178308822,2.7850584142348347,283.0,1911,21.2
fixation,584493.5260000229,0.3346454096691949,0.2915472558566502,2.9061573573521207,2.814446585518973,233.0,1912,21.2
fixation,584743.5330001116,0.316434177570045,0.2937554270029068,2.929311752319336,2.847818374633789,266.0,1913,21.2
fixation,585026.8710000515,0.3494513422250748,0.29101523458957673,2.9406707763671873,2.84383544921875,175.0,1914,21.2
fixation,585343.5410000086,0.40342911265113135,0.30069508200342004,2.915371981534091,2.8214569091796875,183.0,1915,21.2
fixation,585543.5480000973,0.42939596043692696,0.30332818461789024,2.960745917426215,2.8651936848958335,150.0,1916,21.2
fixation,585726.884000063,0.4804983792396692,0.3037025171976823,2.847905085637019,2.76760981633113,217.0,1917,21.2
fixation,585960.2190001011,0.531721984798258,0.2954867414452813,2.7820573286576704,2.7138838334517046,184.0,1918,21.2
fixation,586160.2230000496,0.5713720073302587,0.2961564597984155,2.760272979736328,2.698065439860026,200.0,1919,21.2
fixation,586376.8960000277,0.6137671780127746,0.2936922758817673,2.7831268310546875,2.7111722506009617,433.0,1920,21.2
fixation,586843.5750000477,0.5189364552497864,0.3022845834493637,2.8413619995117188,2.777996826171875,333.0,1921,21.2
fixation,587210.2470000982,0.35608976781368257,0.2247372128069401,2.8293792724609377,2.771929931640625,167.0,1922,21.2
fixation,587410.2540000677,0.41162605583667755,0.21311472127070794,2.834986760066106,2.757391122671274,217.0,1923,21.2
fixation,587643.5920000076,0.4628284814266058,0.2133346268763909,2.854679987980769,2.7552091158353367,216.0,1924,21.2
fixation,587893.5980000496,0.5329343633992332,0.22280791774392128,2.823498317173549,2.7468479701450894,233.0,1925,21.2
fixation,588160.2680000067,0.6104954659938813,0.2180266983807087,2.82891845703125,2.7530555725097656,334.0,1926,21.2
fixation,588526.949000001,0.6647295812144876,0.2164015881717205,2.8226380348205566,2.760517120361328,533.0,1927,21.2
fixation,589076.9600000381,0.689086663722992,0.20949386358261107,2.830181884765625,2.75482177734375,83.0,1928,21.2
fixation,589193.6290000677,0.7269774734973907,0.2165274940431118,2.82005615234375,2.7420059204101563,166.0,1929,21.2
fixation,589393.631000042,0.7798592567443847,0.2130987266699473,2.8442230224609375,2.763225301106771,250.0,1930,21.2
fixation,589760.3080000877,0.19346551514334148,0.29428285857041675,2.8463558620876737,2.8895501030815973,158.0,1931,21.2
fixation,589993.6510000229,0.1938821165399118,0.29821806197816675,2.887430364435369,2.829592618075284,175.0,1932,21.2
fixation,590193.6530001163,0.22880319319665432,0.2969721592962742,2.828799247741699,2.7556838989257812,266.0,1933,21.2
fixation,590476.9950000048,0.26713862717151643,0.29022508263587954,2.7870086669921874,2.729681396484375,91.0,1934,21.2
fixation,590710.3320000172,0.31306420763333637,0.28854695955912274,2.791598849826389,2.723941379123264,143.0,1935,21.2
fixation,590877.0050001144,0.35578476016720134,0.29129724328716594,2.7942689259847007,2.7423019409179688,400.0,1936,21.2
fixation,591310.3480000496,0.40045929504068273,0.2889939436787053,2.8048641807154606,2.750431261564556,316.0,1937,21.2
fixation,591677.0210000277,0.2407553686449925,0.2978481203317642,2.7694714864095054,2.738783518473307,200.0,1938,21.2
fixation,592027.0310000181,0.27633138994375867,0.29545025693045723,2.7064666748046875,2.6885545518663196,142.0,1939,21.2
fixation,592193.699000001,0.3065869092941284,0.29196334034204485,2.696394348144531,2.668450927734375,167.0,1940,21.2
fixation,592377.0340000391,0.33258314232031505,0.28445004522800443,2.6943318684895834,2.671555582682292,250.0,1941,21.2
fixation,592660.3710000515,0.3948744374016921,0.2873944404224555,2.7491277058919272,2.7105178833007812,200.0,1942,21.2
fixation,592877.0440000296,0.42801105288358837,0.29638280203709233,2.776524470402644,2.7235306959885817,217.0,1943,21.2
fixation,593127.0490000248,0.382539216015074,0.2881850649913152,2.7713114420572915,2.715757581922743,150.0,1944,21.2
fixation,593310.3860000372,0.44937292734781903,0.29525185293621486,2.7718980577256946,2.6956668429904513,150.0,1945,21.2
fixation,593493.7230000496,0.4865690531829993,0.2973133573929469,2.7574564615885415,2.6943791707356772,200.0,1946,21.2
fixation,593727.060000062,0.5484290593548825,0.291939535423329,2.7262468839946545,2.6492510343852795,317.0,1947,21.2
fixation,594060.3970000744,0.5693329224983851,0.2912830784916878,2.7139968872070312,2.6462427775065103,100.0,1948,21.2
fixation,594193.736000061,0.5995576828718185,0.29180693307093214,2.7272240774972096,2.661879403250558,241.0,1949,21.2
fixation,594560.4120000601,0.6540091454982757,0.2962064464886983,2.7120951334635417,2.6555521647135416,250.0,1950,21.2
fixation,594827.0850000381,0.6726659536361694,0.29056068882346153,2.7407188415527344,2.6648292541503906,67.0,1951,21.2
fixation,594910.418000102,0.7019690664914938,0.30006836583981145,2.712977482722356,2.63772465632512,216.0,1952,21.2
fixation,595143.7550001144,0.7244797050952911,0.29880255460739136,2.697064208984375,2.628800964355469,167.0,1953,21.2
fixation,595327.0930000544,0.7653020854507174,0.2862983239548547,2.7117113385881697,2.634038652692522,234.0,1954,21.2
fixation,595577.0950000286,0.798817940056324,0.29871687665581703,2.6899452209472656,2.6010335286458335,208.0,1955,21.2
fixation,595960.4360001087,0.22317175070444742,0.3659063975016276,2.748077392578125,2.7294591267903647,92.0,1956,21.2
fixation,596077.1030000448,0.19500148743391038,0.3775442883372307,2.7616561889648437,2.7059280395507814,167.0,1957,21.2
fixation,596260.4440000057,0.25473235696554186,0.3667739614844322,2.7381607055664063,2.6647689819335936,166.0,1958,21.2
fixation,596460.4450000525,0.3011992424726486,0.3631831490331226,2.682864718967014,2.623662312825521,150.0,1959,21.2
fixation,596627.1150000095,0.3467547581954436,0.3687679334120317,2.7151974764737217,2.6575802889737217,184.0,1960,21.2
fixation,596827.1150000095,0.39268600940704346,0.37628152370452883,2.7187347412109375,2.695783996582031,167.0,1961,21.2
fixation,597027.1180000305,0.45227440107952466,0.3807301250371066,2.7273490212180396,2.699099454012784,184.0,1962,21.2
fixation,597227.1200000048,0.49207362085580825,0.3811531841754913,2.7193038940429686,2.6945755004882814,167.0,1963,21.2
fixation,597427.125,0.5442229509353638,0.38038283148232627,2.7270480885225186,2.6987466251148895,284.0,1964,21.2
fixation,597743.7960000038,0.6181088864803315,0.3739961842695872,2.7070943196614583,2.661177571614583,250.0,1965,21.2
fixation,598027.1300001144,0.6548946619033813,0.37033187597990036,2.69490966796875,2.644390869140625,167.0,1966,21.2
fixation,598227.134000063,0.6928525919264014,0.3734410384839231,2.6828446821732954,2.624842557040128,367.0,1967,21.2
fixation,598643.807000041,0.7884553538428413,0.38524903025892043,2.787295871310764,2.7189212375217013,158.0,1968,21.2
fixation,598927.1410000324,0.2026125593110919,0.4713534340262413,2.83984375,2.8128843307495117,259.0,1969,21.2
fixation,599210.4810000658,0.2439598829618522,0.4603874034115246,2.8031485421316966,2.7339041573660716,233.0,1970,21.2
fixation,599460.4840000868,0.2890069428831339,0.460141921415925,2.7079830169677734,2.669696807861328,133.0,1971,21.2
fixation,599627.1520000696,0.34380541627223676,0.46566082995671493,2.655658428485577,2.6614825908954325,217.0,1972,21.2
fixation,599877.1560000181,0.4140973559447697,0.46063034129994257,2.6573889596121654,2.6531361171177457,234.0,1973,21.2
fixation,600127.1600000858,0.46097619955738384,0.46818721542755765,2.642442067464193,2.642023722330729,200.0,1974,21.2
fixation,600343.8290001154,0.4999246494844556,0.46845573373138905,2.6533069610595703,2.6489152908325195,267.0,1975,21.2
fixation,600643.8340001106,0.5538428750905123,0.47045604613694275,2.6074149391867896,2.6092973188920454,183.0,1976,21.2
fixation,600860.503000021,0.6374128071161417,0.46604866133286404,2.5318157489483175,2.5408466045673075,216.0,1977,21.2
fixation,601093.8400000334,0.6881228536367416,0.468366810431083,2.5319531758626304,2.5417022705078125,200.0,1978,21.2
fixation,601327.1740000248,0.741058970039541,0.461681221019138,2.582577792080966,2.573031338778409,184.0,1979,21.2
fixation,601527.182000041,0.7747212971250216,0.47149253264069557,2.6001803080240884,2.5893770853678384,200.0,1980,21.2
fixation,601827.185000062,0.18798757238047464,0.5573037096432277,2.6634140014648438,2.669757298060826,234.0,1981,21.2
fixation,602093.8570001125,0.24590442680260716,0.5595542683320887,2.634150785558364,2.6175599939682903,283.0,1982,21.2
fixation,602410.5300000906,0.3154082065448165,0.5628497675061226,2.5874834060668945,2.589167594909668,266.0,1983,21.2
fixation,602693.8690000772,0.401140932738781,0.5659768342971802,2.5918045043945312,2.6006103515625,175.0,1984,21.2
fixation,603060.5380001068,0.4304126650094986,0.5618960618972778,2.58919677734375,2.5997222900390624,83.0,1985,21.2
fixation,603177.2110000849,0.4639600089618138,0.5622985192707607,2.6537649972098216,2.667487008231027,117.0,1986,21.2
fixation,603310.5470000505,0.5035137921571732,0.5718365013599396,2.7014999389648438,2.6847183227539064,166.0,1987,21.2
fixation,603493.8830000162,0.5416690036654472,0.5695950388908386,2.5947863260904946,2.601618448893229,200.0,1988,21.2
fixation,603710.5530000925,0.5916899293661118,0.5640271231532097,2.5712407430013022,2.5471420288085938,200.0,1989,21.2
fixation,603943.8910000324,0.6625078876813253,0.5575128217538198,2.5388081868489585,2.5385650634765624,250.0,1990,21.2
fixation,604227.2290000916,0.7611647019019494,0.5501904029112595,2.532379150390625,2.535297100360577,225.0,1991,21.2
fixation,604610.5680000782,0.19129154551774263,0.6547723039984703,2.646317481994629,2.640745162963867,258.0,1992,21.2
fixation,604893.9080001116,0.2231717279011553,0.650408075614409,2.616750543767756,2.5846516002308237,183.0,1993,21.2
fixation,605093.9100000858,0.276310381564227,0.6459419158372012,2.53509521484375,2.539054177024148,183.0,1994,21.2
fixation,605293.9150000811,0.332873553968966,0.6409557145088911,2.559840202331543,2.5590696334838867,267.0,1995,21.2
fixation,605577.253000021,0.4068201727100781,0.6454503429787499,2.570123944963728,2.5526580810546875,234.0,1996,21.2
fixation,605843.9260001183,0.4526050178443684,0.6433881906902089,2.5525530646829044,2.557241103228401,283.0,1997,21.2
fixation,606177.2630000114,0.569105789065361,0.6444999045795865,2.521447923448351,2.585118611653646,300.0,1998,21.2
fixation,606543.935000062,0.8239629003736708,0.6354081961843703,2.51348876953125,2.5242987738715277,150.0,1999,21.2
fixation,606760.6100000143,0.4376184170444806,0.7534690896670023,2.615208943684896,2.6135075887044272,100.0,2000,21.2
fixation,606893.9470000267,0.32589954273267224,0.7522609586065466,2.694888028231534,2.688559792258523,183.0,2001,21.2
fixation,607093.949000001,0.3733949462572734,0.7461754745907254,2.748991224500868,2.705137464735243,150.0,2002,21.2
fixation,607260.6210000515,0.4206283787886302,0.7489632732338376,2.6752115885416665,2.6216532389322915,150.0,2003,21.2
fixation,607443.9570000172,0.4705302558011479,0.7595821668704351,2.6083797878689237,2.5874099731445312,300.0,2004,21.2
fixation,607777.3010001183,0.5310793152222266,0.7678348834698017,2.5891876220703125,2.582067636343149,217.0,2005,21.2
fixation,608077.30400002,0.20449582487344742,0.25653315004375243,2.590298122829861,2.6011895073784723,150.0,2006,21.2
fixation,608243.9760000706,0.22436942532658577,0.23897966593503953,2.6055755615234375,2.5876708984375,167.0,2007,21.2
fixation,608427.3140000105,0.19917435869574546,0.22715872451663016,2.598408508300781,2.5861740112304688,167.0,2008,21.2
fixation,608627.3170000315,0.2824960234372512,0.21998056251069772,2.579877770465353,2.5721833602241846,384.0,2009,21.2
fixation,609043.9930000305,0.34942906184328926,0.21816483015815416,2.6601876152886286,2.6260808308919272,300.0,2010,21.2
fixation,609377.3340001106,0.4195722848176956,0.21114544942975044,2.7115097045898438,2.656694030761719,166.0,2011,21.2
fixation,609560.6720000505,0.40410612689124215,0.22062738074196708,2.7094701131184897,2.6690631442599826,300.0,2012,21.2
fixation,609894.0130000114,0.46728620554010075,0.22534709299604097,2.6913604736328125,2.6484502156575522,200.0,2013,21.2
fixation,610144.0190000534,0.5554779602421654,0.21603766663206947,2.6626044379340277,2.6075812445746527,150.0,2014,21.2
fixation,610327.35800004,0.6075040527752468,0.21100338867732457,2.6695425851004466,2.617680140904018,124.0,2015,21.2
fixation,610977.3720000982,0.4165219530977052,0.5854456506926438,2.803766711004849,2.7295442778488685,475.0,2016,21.2
fixation,611510.7160000801,0.3653250977396965,0.3173707857728004,2.8278793334960937,2.7279586791992188,167.0,2017,NOTRIAL
fixation,611727.3890000582,0.6374238214709542,0.24444134465672754,2.8663385564630683,2.7118960293856533,183.0,2018,NOTRIAL
fixation,611927.3900001049,0.6173331201076507,0.250484444697698,2.872545369466146,2.7580556233723956,258.0,2019,NOTRIAL
fixation,612344.0650000572,0.5749537833034992,0.4506574906408787,2.980194091796875,2.883413314819336,126.0,2020,NOTRIAL
fixation,612510.736000061,0.624956312087866,0.4759144645470839,3.010248037484976,2.9157374455378604,217.0,2021,NOTRIAL
fixation,612777.4050000906,0.6244625002145767,0.24760810445461953,2.9487686157226562,2.861597333635603,233.0,2022,NOTRIAL
fixation,613027.4100000858,0.5844896137714386,0.254733822411961,2.957485622829861,2.8819376627604165,150.0,2023,NOTRIAL
fixation,613194.0820000172,0.5540381712572915,0.2591404446533748,3.0001743861607144,2.9314967564174106,234.0,2024,NOTRIAL
fixation,613477.4190000296,0.6278118126922183,0.24940120801329613,2.9777340359157987,2.9022623697916665,308.0,2025,NOTRIAL
fixation,613944.0940001011,0.5627065673470497,0.2966538332402706,3.0472819010416665,2.991455078125,200.0,2026,NOTRIAL
fixation,614177.4330000877,0.6223118966445327,0.2589390843641013,3.0508666038513184,2.9362125396728516,533.0,2027,NOTRIAL
fixation,614727.4440000057,0.6323259518696711,0.26005876809358597,2.998461209810697,2.8738626333383412,216.0,2028,NOTRIAL
fixation,614960.7800000906,0.6013163707473062,0.26023419201374054,2.9781868674538354,2.8670293634588067,183.0,2029,NOTRIAL
fixation,615160.7850000858,0.6324551343917847,0.25931180864572523,3.0085968017578124,2.8729873657226563,167.0,2030,NOTRIAL
fixation,615377.4540001154,0.6360144793987275,0.48283076226711275,2.9788995361328126,2.866536865234375,416.0,2031,NOTRIAL
fixation,615844.131000042,0.624104646841685,0.2560229058067004,2.9404062906901043,2.851030476888021,250.0,2032,NOTRIAL
fixation,616110.8020000458,0.6381000009450045,0.26012503762136807,2.9354414506392046,2.830838290127841,183.0,2033,NOTRIAL
fixation,616310.8060001135,0.6120167896151543,0.2628466460853815,2.9400665283203127,2.845408630371094,333.0,2034,NOTRIAL
fixation,616660.8110001087,0.6433955381313959,0.2604604872564475,2.9570109049479165,2.8376541137695312,100.0,2035,NOTRIAL
fixation,616827.4790000916,0.3471384677104652,0.26422822289168835,2.9423913955688477,2.886094093322754,533.0,2036,NOTRIAL
fixation,617477.4960000515,0.6360615436677579,0.2667700971166293,2.8692378291377314,2.794869316948785,442.0,2037,NOTRIAL
fixation,617960.8380000591,0.5615989395550319,0.4581641097153936,2.8478121076311385,2.803220476422991,233.0,2038,NOTRIAL
fixation,618210.8410000801,0.6350947618484497,0.48109268955886364,2.8075008392333984,2.7548656463623047,133.0,2039,NOTRIAL
fixation,618394.1800000668,0.6254488159628475,0.25248027768205195,2.8168918385225186,2.775491153492647,284.0,2040,NOTRIAL
fixation,618727.5180000067,0.5198338097996182,0.4743676218721602,2.8202938503689237,2.793709648980035,150.0,2041,NOTRIAL
fixation,618894.1890000105,0.4951448440551758,0.47446329785244806,2.834820338657924,2.7983834402901784,234.0,2042,NOTRIAL
fixation,619177.5300000906,0.6101319573142312,0.2597929537296295,2.8067807284268467,2.736502907492898,183.0,2043,NOTRIAL
fixation,619394.2000000477,0.5559117937088013,0.2659125828742981,2.8564129638671876,2.7953668212890626,417.0,2044,NOTRIAL
fixation,619860.8770000935,0.4898640364408493,0.5074526505036787,2.8860237815163354,2.8362981622869317,183.0,2045,NOTRIAL
fixation,620077.5440000296,0.3434249644096081,0.4889521381029716,2.8765716552734375,2.8510202261117787,216.0,2046,NOTRIAL
fixation,620310.8850001097,0.36652465413014096,0.48930468534429866,2.8407923380533853,2.8198877970377603,208.0,2047,NOTRIAL
fixation,620660.8920000792,0.5649916082620621,0.47611335664987564,2.802056884765625,2.7339813232421877,159.0,2048,NOTRIAL
fixation,620860.8950001001,0.5690525397658348,0.2795362826436758,2.828707695007324,2.77587890625,275.0,2049,NOTRIAL
fixation,621277.5710000992,0.4450884243616691,0.47167227359918446,2.8777078481820912,2.856907771183894,208.0,2050,NOTRIAL
fixation,621510.9090000391,0.48218423021691187,0.4687480979732105,2.882798331124442,2.8269544328962053,233.0,2051,NOTRIAL
fixation,621760.9100000858,0.4271350624529939,0.4567898260919671,2.78934077212685,2.794173792788857,633.0,2052,NOTRIAL
fixation,622444.2600001097,0.6143407715218407,0.49408620595932007,2.777296883719308,2.7385755266462053,234.0,2053,NOTRIAL
fixation,622710.9310001135,0.511885883907477,0.47702056790391606,2.7999178568522134,2.800273895263672,200.0,2054,NOTRIAL
fixation,622927.6020001173,0.4985822205032621,0.4787217548915318,2.7843824114118303,2.788330078125,116.0,2055,NOTRIAL
fixation,623060.9390000105,0.5612112269515083,0.4644643572114763,2.8050965808686756,2.776850382486979,358.0,2056,NOTRIAL
fixation,623594.2790000439,0.5526045901434762,0.4620321776185717,2.7891845703125,2.763913835797991,109.0,2057,NOTRIAL
fixation,623744.2820000648,0.4957631793287065,0.466469955113199,2.793451944986979,2.773676554361979,150.0,2058,NOTRIAL
fixation,623927.6190000772,0.5817802184157901,0.47880077527629006,2.784174601236979,2.7384711371527777,150.0,2059,NOTRIAL
fixation,624127.6220000982,0.40524631924927235,0.7063414417207241,2.7929954528808594,2.762126922607422,133.0,2060,NOTRIAL
fixation,624294.293000102,0.3460756713151932,0.7231023931503295,2.811700439453125,2.7582781982421873,417.0,2061,NOTRIAL
fixation,624777.634000063,0.6220642351187192,0.7059338849324447,2.613525390625,2.578425480769231,216.0,2062,NOTRIAL
fixation,625010.9730000496,0.643134593963623,0.7085107639431953,2.565521240234375,2.5881423950195312,67.0,2063,NOTRIAL
fixation,625094.3090000153,0.5629527914524078,0.7015864551067352,2.6885760498046873,2.7020123291015623,417.0,2064,NOTRIAL
fixation,625544.3150000572,0.634152794113526,0.6990257983024304,2.6299749521108775,2.66781733586238,442.0,2065,NOTRIAL
fixation,626144.3300000429,0.6369965949228832,0.6966865637472698,2.659808567592076,2.6605867658342635,226.0,2066,NOTRIAL
fixation,626427.6660000086,0.5846730129020971,0.6206451734391655,2.6854363418206937,2.7070420428020197,683.0,2067,NOTRIAL
fixation,627144.3450000286,0.5531301572918892,0.5194758921861649,2.763249715169271,2.769707997639974,200.0,2068,NOTRIAL
fixation,627394.3490000963,0.5552524734627117,0.2651283537799662,2.8247736150568183,2.7978751442649146,191.0,2069,NOTRIAL
fixation,628211.0290000439,0.5536415013107093,0.4996084856825906,2.9662512701910897,2.8813303354624153,609.0,2070,NOTRIAL
fixation,628877.7090001106,0.3830253928899765,0.4512909948825836,2.8714329646183896,2.880915715144231,217.0,2071,NOTRIAL
fixation,629127.7140001059,0.34838910426123665,0.4734041453418085,2.926267203638109,2.9430867857852223,983.0,2072,NOTRIAL
fixation,630144.4000000954,0.4730156312386195,0.711331715186437,2.8909539116753473,2.877677069769965,150.0,2073,NOTRIAL
fixation,630344.4050000906,0.3721726880623744,0.47939190841638124,2.8979597825270433,2.9000619741586537,216.0,2074,NOTRIAL
fixation,630594.4060000181,0.4826061576604843,0.46996370228854095,2.948539040305398,2.8980588045987217,191.0,2075,NOTRIAL
fixation,630944.4110000134,0.46750979787773556,0.46740398638778263,2.910981920030382,2.898837619357639,150.0,2076,16
fixation,631127.7520000935,0.4662330796321233,0.3610151128636466,2.940763685438368,2.8946533203125,150.0,2077,16
fixation,631311.0900000334,0.5323172549406687,0.3560684273640315,2.690569051106771,2.6475626627604165,250.0,2078,16
fixation,631594.4310001135,0.48866849745574753,0.3881269034586455,2.7536613062808386,2.7206854569284538,316.0,2079,16
fixation,631927.7690000534,0.47939875992861664,0.3976359570568258,2.7860149036754263,2.7592121471058237,183.0,2080,16
fixation,632127.7720000744,0.5270258029301961,0.3917282650868098,2.780024210611979,2.7587290445963544,250.0,2081,16
fixation,632461.114000082,0.43881721794605255,0.9251601219177246,2.7777801513671876,2.74505615234375,84.0,2082,16
fixation,632561.114000082,0.4098006933927536,0.8772181756794453,2.8293981552124023,2.759105682373047,267.0,2083,16
fixation,632861.1210000515,0.48083059787750243,0.8707699805498124,2.8137847900390627,2.7264312744140624,167.0,2084,16
fixation,633044.4560000896,0.5253299653530121,0.872770169377327,2.6429595947265625,2.690167236328125,166.0,2085,16
fixation,633244.4600000381,0.5722881307204565,0.8623483503858248,2.5732905069986978,2.681798299153646,200.0,2086,16
fixation,633461.1330000162,0.5543152292569479,0.8678126086791357,2.6065877278645835,2.6841939290364585,100.0,2087,16
fixation,633611.1330000162,0.5088336212294442,0.3974149503878185,2.789760044642857,2.772240774972098,234.0,2088,16
fixation,633861.1390000582,0.48738051019608974,0.39208508282899857,2.8087406158447266,2.787212371826172,134.0,2089,16
fixation,634011.1420000792,0.4758195161819458,0.3927874773740768,2.8445838928222655,2.8076683044433595,334.0,2090,16
fixation,634377.8170000315,0.5090665221214294,0.39081424176692964,2.8189407348632813,2.7774993896484377,167.0,2091,16
fixation,634561.1520000696,0.5407934586207072,0.3929016925394535,2.8292338053385415,2.7864659627278647,200.0,2092,16
fixation,634777.8370000124,0.5685422234237194,0.3847072497010231,2.8226795196533203,2.787691116333008,133.0,2093,16
fixation,634944.492000103,0.4588080992301305,0.4121885783970356,2.8328170776367188,2.8150761922200522,200.0,2094,16
fixation,635161.1620000601,0.4938923555115859,0.41580500702063244,2.880894978841146,2.827826182047526,200.0,2095,16
fixation,635377.8320000172,0.5232066094875336,0.4114009365439415,2.851523590087891,2.817435455322266,333.0,2096,16
fixation,635727.8390001059,0.541885781288147,0.413455006480217,2.7995025634765627,2.7517410278320313,167.0,2097,16
fixation,635911.1760001183,0.5229297509560218,0.4431536942720413,2.8051346998948317,2.7547032282902646,217.0,2098,16
fixation,636144.5130000114,0.53931725025177,0.43809718638658524,2.8132369995117186,2.773789978027344,166.0,2099,16
fixation,636327.8470000029,0.5579495971853082,0.44036711616949603,2.7986894087357954,2.7423220547762783,183.0,2100,16
fixation,636527.8510000706,0.482460625907954,0.4689108203439152,2.7859479118795956,2.7566986083984375,283.0,2101,16
fixation,636827.85800004,0.5215775728225708,0.47056168839335444,2.7628463745117187,2.738373565673828,333.0,2102,16
fixation,637177.864000082,0.5623002707958221,0.47100247045358024,2.706618245442708,2.6934173583984373,250.0,2103,16
fixation,637444.5350000858,0.5123331844806671,0.5061173463861147,2.700653076171875,2.7100982666015625,200.0,2104,16
fixation,637661.2070000172,0.553817823103496,0.5287807992526463,2.653184291294643,2.6588143484933036,584.0,2105,16
fixation,638477.8850001097,0.5009001483519872,0.3961470156908035,2.659459431966146,2.6636678059895833,250.0,2106,16
fixation,638744.557000041,0.47813538312911985,0.37391256242990495,2.7689971923828125,2.72864990234375,166.0,2107,16
fixation,638994.5610001087,0.513095073401928,0.39223142620176077,2.791881561279297,2.73720645904541,266.0,2108,16
fixation,639277.8970000744,0.5377640293704139,0.38941014806429547,2.8006490071614585,2.7404886881510415,150.0,2109,16
fixation,639461.2340000868,0.47081130304757285,0.4019249835435082,2.848723467658548,2.8249897676355697,284.0,2110,16
fixation,639761.2380000353,0.4832284688949585,0.43627493977546694,2.933720179966518,2.9031912667410715,584.0,2111,FIX_CROS
fixation,640377.9130001068,0.4435504341826719,0.4357706904411316,2.9370359532973347,2.9438314998851105,283.0,2112,FIX_CROS
fixation,640711.253000021,0.2930615395307541,0.3773905709385872,2.970783233642578,3.0112571716308594,67.0,2113,16.2
fixation,640794.5890001059,0.2441129982471466,0.38581148386001585,2.9221893310546876,2.959356689453125,166.0,2114,16.2
fixation,640977.9230000973,0.21747263371944428,0.3810887083411217,2.8524566650390626,2.888255310058594,167.0,2115,16.2
fixation,641194.5950000286,0.4059436902403831,0.3827124863862991,2.859883117675781,2.8355728149414063,166.0,2116,16.2
fixation,641377.9310001135,0.39163561165332794,0.3818218757708867,2.85693359375,2.8747965494791665,100.0,2117,16.2
fixation,641511.2640000582,0.45224298983812333,0.38494397401809693,2.8863494873046873,2.8657546997070313,167.0,2118,16.2
fixation,641711.2690000534,0.5149747518932118,0.38373005302513347,2.852015775792739,2.8450039134306064,284.0,2119,16.2
fixation,642027.9450000525,0.5509078231724825,0.3852610682899302,2.8214791037819604,2.8229189786044033,183.0,2120,16.2
fixation,642244.6160000563,0.6019206968220797,0.3781213963573629,2.794953779740767,2.7820795232599433,183.0,2121,16.2
fixation,642461.2870000601,0.6720592106382052,0.3704541598757108,2.805720011393229,2.7801806131998696,200.0,2122,16.2
fixation,642694.6220000982,0.7240881805236523,0.36924144052542174,2.8144989013671875,2.767377413236178,216.0,2123,16.2
fixation,642944.6260000467,0.7865574583411217,0.36978987976908684,2.8210105895996094,2.7670822143554688,74.0,2124,16.2
fixation,643144.6330000162,0.21134680757919946,0.4683949927488963,2.84102783203125,2.861933390299479,242.0,2125,16.2
fixation,643444.6360000372,0.3613931902430274,0.4705296104604548,2.851310036399148,2.836753151633523,183.0,2126,16.2
fixation,643661.3080000877,0.2431005109101534,0.46002214401960373,2.7832555770874023,2.7766475677490234,267.0,2127,16.2
fixation,643961.3120000362,0.29597730759312124,0.4644036766360788,2.7906601849724266,2.7823432473575367,284.0,2128,16.2
fixation,644277.9840000868,0.37026119445051464,0.4782964991671698,2.7574375697544644,2.7661361694335938,233.0,2129,16.2
fixation,644544.6560000181,0.438814839720726,0.47622199207544325,2.7637603759765623,2.7753341674804686,166.0,2130,16.2
fixation,644744.6590000391,0.5566110402345658,0.47565799951553345,2.7924423217773438,2.768482971191406,166.0,2131,16.2
fixation,644961.3290001154,0.7381069130367703,0.4633415208922492,2.765957302517361,2.730441623263889,150.0,2132,16.2
fixation,645128.0020000935,0.6470096734437075,0.4635131630030545,2.7777640602805396,2.7426716197620737,184.0,2133,16.2
fixation,645328.0020000935,0.6111242572466532,0.4730123198694653,2.794774373372396,2.7557220458984375,150.0,2134,16.2
fixation,645511.3400000334,0.5089014714414423,0.47741677273403516,2.8270457874644888,2.805788907137784,183.0,2135,16.2
fixation,645711.3420000076,0.4851080829446966,0.478607026013461,2.8123057972301138,2.7885270552201704,183.0,2136,16.2
fixation,645944.6810001135,0.6858588680624962,0.4672450451180339,2.803802490234375,2.739450454711914,267.0,2137,16.2
fixation,646244.6860001087,0.7672457557458144,0.4673681969826038,2.8111853966346154,2.7560201791616588,217.0,2138,16.2
fixation,646511.3600000143,0.4818329572677612,0.5684298197428386,2.8854573567708335,2.8795562744140626,250.0,2139,16.2
fixation,646794.6950000525,0.5340185463428497,0.5704721282510197,2.8934397977941178,2.8385593189912686,291.0,2140,16.2
fixation,647228.0360000134,0.5285219773650169,0.5665217906236648,2.916670227050781,2.890667724609375,334.0,2141,16.2
fixation,647744.7110000849,0.5168019022260394,0.5601318585021156,2.9155851091657365,2.9122652326311385,225.0,2142,16.2
fixation,647994.7170000076,0.48437166143031346,0.5643731412433443,2.872217814127604,2.880769275483631,350.0,2143,16.2
fixation,648378.057000041,0.5266441762447357,0.577132123708725,2.8302520751953124,2.8287811279296875,84.0,2144,16.2
fixation,648494.7270001173,0.4385931819677353,0.5595077186822891,2.847453308105469,2.8576309204101564,175.0,2145,16.2
fixation,648861.3990000486,0.7056946754455566,0.4824568149116304,2.910702175564236,2.850857204861111,142.0,2146,16.2
fixation,649028.0670000315,0.6689614206552505,0.4743529036641121,2.9642395019531245,2.905560302734375,167.0,2147,16.2
fixation,649244.7380000353,0.49105758545920253,0.5747345862910151,3.015604019165039,2.9616270065307617,533.0,2148,16.2
fixation,649794.7480000257,0.5426627523020694,0.5721597859733983,2.972426565069901,2.928859509919819,317.0,2149,16.2
fixation,650128.0880000591,0.5254194545745849,0.5722796440124511,2.9428997802734376,2.9080877685546875,417.0,2150,16.2
fixation,650561.4280000925,0.5479681597036474,0.5754955183057224,2.9139727424172794,2.889922198127298,283.0,2151,16.2
fixation,650878.1000000238,0.4822068152328332,0.5687282904982567,2.9207242329915366,2.9148966471354165,200.0,2152,16.2
fixation,651094.7720000744,0.43706556409597397,0.5612708479166031,2.935087203979492,2.926929473876953,133.0,2153,16.2
fixation,651278.10800004,0.2771776482462883,0.4007840484380722,2.9557373046875,2.9328826904296874,167.0,2154,16.2
fixation,651478.1120001078,0.3809540911632426,0.38196120279676776,2.9262031106387867,2.883335786707261,292.0,2155,16.2
fixation,651928.1180000305,0.46667374933467193,0.5777947587125442,2.931994269875919,2.885655122644761,276.0,2156,16.2
fixation,652244.7900000811,0.5363645045594736,0.5756210901520469,2.9575445001775567,2.886084123091264,733.0,2157,16.2
fixation,653061.4700000286,0.6299422718584538,0.33866117149591446,2.9282379150390625,2.8480281829833984,133.0,2158,NOTRIAL
fixation,653228.1470000744,0.6321739137172699,0.2545911081135273,2.963331604003906,2.8731063842773437,175.0,2159,NOTRIAL
fixation,653594.8170000315,0.620614986176844,0.25458726024738065,3.0397104333948204,2.95450931125217,892.0,2160,NOTRIAL
fixation,654511.4990000725,0.6324240548743142,0.2600223096432509,2.93271326135706,2.8769429524739585,900.0,2161,NOTRIAL
fixation,655461.5150001049,0.5369250646659306,0.38683236709662844,2.9299523489815846,2.870936802455357,233.0,2162,NOTRIAL
fixation,655744.8550000191,0.6337665282189846,0.2756417468190193,2.938556671142578,2.840005874633789,141.0,2163,NOTRIAL
fixation,656011.5280001163,0.6311411511898041,0.4603261548280716,2.8526190185546874,2.79774169921875,416.0,2164,NOTRIAL
fixation,656644.8700000048,0.6258004605770111,0.26013535791534487,2.838150800284693,2.763578511900821,975.0,2165,NOTRIAL
fixation,657644.8940000534,0.6333704496684828,0.252728618289295,2.8831554212068258,2.8009322317023027,325.0,2166,NOTRIAL
fixation,658128.2340000868,0.6509792073206468,0.4861585931344466,2.9448318481445312,2.861388466574929,359.0,2167,NOTRIAL
fixation,658511.5750000477,0.6248820324738821,0.4782215928037961,2.9166047837999134,2.858997768825955,300.0,2168,NOTRIAL
fixation,658861.5830000639,0.6289970241487026,0.25326478155329823,2.9241485595703125,2.8312673568725586,266.0,2169,NOTRIAL
fixation,659144.9240000248,0.5829339202712563,0.2718507410848842,2.9543564740349266,2.8675896139705883,283.0,2170,NOTRIAL
fixation,659461.5960000753,0.6342524447861839,0.25463420678587523,2.9917216581456803,2.8817057890050553,283.0,2171,NOTRIAL
fixation,659794.935000062,0.5764222328479474,0.4431029695730943,2.934467022235577,2.8610464242788463,217.0,2172,NOTRIAL
fixation,660044.9400000572,0.636933402882682,0.4681273086203469,2.895329793294271,2.8288506401909723,150.0,2173,NOTRIAL
fixation,660228.2790000439,0.5389126893132925,0.4753168122842908,2.8702478408813477,2.7899084091186523,267.0,2174,NOTRIAL
fixation,660528.2840000391,0.5856281320254008,0.6932540088891983,2.7676417032877603,2.6662012736002603,100.0,2175,NOTRIAL
fixation,660661.6200000048,0.6471834858258565,0.712854407231013,2.7270711263020835,2.6562744140625,250.0,2176,NOTRIAL
fixation,660961.6270000935,0.5733921056985856,0.46544598549604416,2.775269775390625,2.702041015625,833.0,2177,NOTRIAL
fixation,661911.6460000277,0.6455226075649262,0.700796184539795,2.7106231689453124,2.651865234375,416.0,2178,NOTRIAL
fixation,662378.3210000992,0.5999347622747775,0.49980006118615466,2.750605830439815,2.70027838812934,450.0,2179,NOTRIAL
fixation,662894.9980000257,0.6175347715616226,0.2775580808520317,2.7928476333618164,2.721524238586426,267.0,2180,NOTRIAL
fixation,663178.3360000849,0.6207011952996254,0.2593096237629652,2.8537750244140625,2.7458778381347657,341.0,2181,NOTRIAL
fixation,663678.3450000286,0.6273162464300791,0.24720992892980576,2.8271728515625,2.7377655029296877,242.0,2182,NOTRIAL
fixation,663978.3510000706,0.5507362593304027,0.7883009910583496,2.6912730823863638,2.630837180397727,183.0,2183,NOTRIAL
fixation,664178.3560000658,0.6510626763105393,0.7051128655672073,2.6697982788085937,2.5950927734375,166.0,2184,NOTRIAL
fixation,664411.6900000572,0.3423320800065994,0.7475104853510857,2.6354408264160156,2.6679458618164062,200.0,2185,NOTRIAL
fixation,664628.364000082,0.3555443249642849,0.7297204385201136,2.6664950052897134,2.661980946858724,208.0,2186,NOTRIAL
fixation,665011.7030000687,0.36377482712268827,0.706239664554596,2.674458312988281,2.676463317871094,159.0,2187,NOTRIAL
fixation,665228.3730000257,0.6089795952041944,0.6942061930894852,2.709644317626953,2.629632314046224,200.0,2188,NOTRIAL
fixation,665478.381000042,0.626714713871479,0.3568096235394478,2.7733802795410156,2.6699695587158203,133.0,2189,NOTRIAL
fixation,665645.0510001183,0.6312703192234039,0.24371283315122128,2.8023045857747397,2.6996688842773438,200.0,2190,NOTRIAL
fixation,665911.7230000496,0.37898390160666573,0.6561818983819749,2.7617611355251737,2.757839626736111,150.0,2191,NOTRIAL
fixation,666078.3940000534,0.3513634322505248,0.7142390797012731,2.7331253854851973,2.7152701929995886,316.0,2192,NOTRIAL
fixation,666411.73300004,0.3748309165239334,0.7219387913743655,2.6835174560546875,2.6470425923665366,200.0,2193,NOTRIAL
fixation,666678.4050000906,0.6392050199210644,0.6984583586454391,2.652759552001953,2.589141845703125,141.0,2194,NOTRIAL
fixation,666995.074000001,0.6239326242357492,0.27971420902758837,2.837442398071289,2.7163734436035156,259.0,2195,NOTRIAL
fixation,667311.7480000257,0.39035540719827017,0.27306863069534304,2.8138824462890626,2.752008056640625,250.0,2196,NOTRIAL
fixation,667628.4160000086,0.37263862788677216,0.6907311644819047,2.727042304144965,2.7256876627604165,150.0,2197,NOTRIAL
fixation,667828.4190000296,0.3481046050786972,0.7287397841612498,2.695850626627604,2.67359619140625,250.0,2198,NOTRIAL
fixation,668311.7610000372,0.5813362538814545,0.3705558902025223,2.8196240234375,2.72007568359375,409.0,2199,NOTRIAL
fixation,668761.7690000534,0.5709064039919112,0.5478041966756185,2.8303129408094616,2.7275458441840277,300.0,2200,NOTRIAL
fixation,669095.1070001125,0.6407173741608858,0.7138458620756865,2.7465505599975586,2.655315399169922,267.0,2201,NOTRIAL
fixation,669411.7800000906,0.38777729656015125,0.7170244199889046,2.727581569126674,2.728998456682478,233.0,2202,NOTRIAL
fixation,669661.7860000134,0.34431307247051823,0.7331937138850873,2.710414006159856,2.6791534423828125,217.0,2203,NOTRIAL
fixation,669945.1180000305,0.6382167935371399,0.7084513279524717,2.7031402587890625,2.5949166037819604,192.0,2204,NOTRIAL
fixation,670328.4600000381,0.5967566668987274,0.4434022804101308,2.8175201416015625,2.7278213500976562,92.0,2205,NOTRIAL
fixation,670478.4610000849,0.4723766811869361,0.7698592597788031,2.7823292125355112,2.6816905628551138,183.0,2206,NOTRIAL
fixation,670695.1320000887,0.4885428167051739,0.7103172606892056,2.7625596788194446,2.6964246961805554,158.0,2207,NOTRIAL
fixation,671011.8020000458,0.6100884212387933,0.2701781739791234,2.8547549777560763,2.72163814968533,292.0,2208,NOTRIAL
fixation,671361.8050000668,0.5810955872661189,0.4845948046759555,2.852717349403783,2.765090139288651,317.0,2209,NOTRIAL
fixation,671711.8140000105,0.5394106030464172,0.708480304479599,2.760298156738281,2.6972381591796877,167.0,2210,NOTRIAL
fixation,671911.816000104,0.479527262704713,0.7139416933059692,2.7448806762695312,2.7219063895089284,233.0,2211,NOTRIAL
fixation,672161.8200000525,0.4365533483879907,0.7074890860489437,2.7742810930524553,2.7214137486049106,125.0,2212,NOTRIAL
fixation,672461.8260000944,0.42251329665834253,0.7136815894733776,2.759305087002841,2.699557217684659,183.0,2213,NOTRIAL
fixation,672678.4990000725,0.6295535679046924,0.7038476386895547,2.7756183330829325,2.654491131122296,433.0,2214,NOTRIAL
fixation,673178.5070000887,0.4298482570383284,0.7244799567593468,2.793306138780382,2.7285597059461804,158.0,2215,NOTRIAL
fixation,673511.8470000029,0.47540006869369084,0.530842512845993,2.8313734266493054,2.7093709309895835,142.0,2216,NOTRIAL
fixation,673711.8520001173,0.6314961302738923,0.4224736226292757,2.8837925837590146,2.7304904644305887,433.0,2217,NOTRIAL
fixation,674211.8550000191,0.631443053483963,0.6983503798643748,2.775334676106771,2.6521470811631946,158.0,2218,NOTRIAL
fixation,674561.8650000095,0.6126552447676659,0.3459241334348917,2.8743534088134766,2.7341537475585938,125.0,2219,NOTRIAL
fixation,674711.8660000563,0.6284025494868939,0.24895946051065737,2.8864910419170675,2.73776362492488,217.0,2220,NOTRIAL
fixation,674978.5380001068,0.4884705882180821,0.25858829102732916,2.879739934747869,2.7619670521129263,183.0,2221,NOTRIAL
fixation,675195.2100000381,0.3681261892381467,0.24219128293426415,2.869913201583059,2.7579426012541117,317.0,2222,NOTRIAL
fixation,675578.5500000715,0.5476928268160138,0.4812281759721892,2.8421903337751115,2.7364578247070312,233.0,2223,NOTRIAL
fixation,675845.2240000963,0.6290915310382843,0.545680739662864,2.789857344193892,2.7276444868607954,184.0,2224,NOTRIAL
fixation,676111.8930000067,1.136610940883034,0.7239082283095309,2.8872311240748356,2.752140245939556,317.0,2225,NOTRIAL
fixation,676528.5670000315,0.6027402490377426,0.5271285384893417,2.731672668457031,2.697100830078125,166.0,2226,NOTRIAL
fixation,676728.5690000057,0.6244149533185092,0.3747187432917682,2.8353770862926138,2.7266887318004263,183.0,2227,NOTRIAL
fixation,676928.5760000944,0.6370111938033786,0.4453622145312173,2.900026593889509,2.7674080984933034,233.0,2228,NOTRIAL
fixation,677195.2490000725,0.5903957651721107,0.4739564143949085,2.9412434895833335,2.7807515462239585,150.0,2229,NOTRIAL
fixation,677411.9220000505,0.33679045860966045,0.49266677473982173,2.8799972534179688,2.8161226908365884,200.0,2230,NOTRIAL
fixation,677628.5910000801,0.3727714916070302,0.4865281954407692,2.8496780395507812,2.771611531575521,100.0,2231,NOTRIAL
fixation,677795.2640000582,0.5046280954892819,0.1729748208935444,2.8771397517277646,2.732434786283053,217.0,2232,NOTRIAL
fixation,678061.9330000877,0.6251985099580553,0.22963652428653505,2.9963997734917536,2.837818569607205,300.0,2233,NOTRIAL
fixation,678411.9400000572,0.5209438191218809,0.44770816374908795,3.0669625022194604,2.9333045265891333,367.0,2234,NOTRIAL
fixation,678795.2820000648,0.4985072924332185,0.46581573513421143,3.0993888161399146,2.9616338556463067,192.0,2235,FIX_CROS
fixation,679195.2900000811,0.48933496450384456,0.4544362562398116,2.9702440897623696,2.8367945353190103,192.0,2236,FIX_CROS
fixation,679411.9640001059,0.4925956018269062,0.46584193482995034,3.019486999511719,2.9102989196777345,333.0,2237,FIX_CROS
fixation,679761.9730000496,0.49372291564941406,0.43305887033541995,2.9679463704427085,2.8904215494791665,100.0,2238,16.1
fixation,679895.307000041,0.4220752239227295,0.4391728177666664,2.9295013427734373,2.9176101684570312,167.0,2239,16.1
fixation,680078.6440000534,0.4057965762913227,0.43643494695425034,2.9252567291259766,2.9197216033935547,133.0,2240,16.1
fixation,680228.6510000229,0.46543848514556885,0.4279885455965996,2.9314956665039062,2.8768081665039062,166.0,2241,16.1
fixation,680428.6520000696,0.5434847745028409,0.42081475122408435,2.9079631458629263,2.838499589399858,183.0,2242,16.1
fixation,680645.324000001,0.6139431926939223,0.4227442757950889,2.9246453179253473,2.8470018174913196,150.0,2243,16.1
fixation,680828.6620000601,0.676155729426278,0.41791345841354793,2.894802517361111,2.84375,150.0,2244,16.1
fixation,680995.3350000381,0.7346730665727095,0.4199333177371459,2.8821757923473013,2.8468558571555396,183.0,2245,16.1
fixation,681212.0040000677,0.795042559504509,0.42454098058598383,2.893641880580357,2.8387254987444197,242.0,2246,16.1
fixation,681645.3470000029,0.6092206180095673,0.44447503089904783,2.865570068359375,2.847576904296875,75.0,2247,16.1
fixation,681762.0160000324,0.49900209492650527,0.5188570248669592,2.8932221511314653,2.8222935117524246,484.0,2248,16.1
fixation,682295.3620001078,0.275863158206145,0.45166199654340744,2.8095970153808594,2.8149986267089844,200.0,2249,16.1
fixation,682512.0320000648,0.25639041264851886,0.4380815277496974,2.8012830946180554,2.7722032335069446,150.0,2250,16.1
fixation,682712.0360000134,0.3853912100195885,0.42995948940515516,2.802947998046875,2.7392974853515626,175.0,2251,16.1
fixation,683078.7070000172,0.4709285140037537,0.48061141073703767,2.8611358642578124,2.8138824462890626,159.0,2252,16.1
fixation,683262.0450000763,0.514355372105326,0.5289978214672634,2.906134469168527,2.8248498099190846,234.0,2253,16.1
fixation,683562.0500000715,0.7288590967655182,0.4594272045152528,2.8081272670200894,2.7398169381277904,234.0,2254,16.1
fixation,683828.7210000753,0.7930873135725657,0.4337801734606425,2.8324161105685763,2.7629801432291665,150.0,2255,16.1
fixation,684045.3920000792,0.47816840435067814,0.445969071239233,2.8323949178059897,2.8179092407226562,200.0,2256,16.1
fixation,684262.0640000105,0.5410239319006602,0.425706672668457,2.8971262613932294,2.8424306233723957,250.0,2257,16.1
fixation,684528.7320001125,0.5876671837435828,0.42810939583513474,2.8884785970052085,2.834135267469618,150.0,2258,16.1
fixation,684712.0710000992,0.4799416278089796,0.4256415654506002,2.8610523768833707,2.8142482212611606,234.0,2259,16.1
fixation,684978.7450000048,0.5265811426298959,0.4279963757310595,2.8724822998046875,2.8061915806361606,117.0,2260,16.1
fixation,685145.4140000343,0.3347736597061157,0.4256311891710057,2.8821034150965072,2.832559922162224,283.0,2261,16.1
fixation,685462.0860000849,0.25613855984475875,0.4311291111840142,2.909393310546875,2.8660736083984375,158.0,2262,16.1
fixation,685812.0910000801,0.4751938760280609,0.5047787666320801,2.924945068359375,2.832513427734375,76.0,2263,16.1
fixation,685945.4260001183,0.25877669797493863,0.4368453690638909,2.9306488037109375,2.878314678485577,216.0,2264,16.1
fixation,686195.4310001135,0.3008093105422126,0.43871285683578914,2.898288302951389,2.778901841905382,150.0,2265,16.1
fixation,686378.7680000067,0.4125737560292085,0.43149882306655246,2.807173411051432,2.7192598978678384,200.0,2266,16.1
fixation,686595.4390000105,0.4636027117570241,0.43492861787478126,2.8431884765625,2.757682291666667,250.0,2267,16.1
fixation,686878.7750000954,0.5105411430199941,0.4341921955347061,2.8481241861979165,2.7682423909505207,250.0,2268,16.1
fixation,687145.4470000267,0.5579338918129603,0.4260641982158025,2.8255615234375,2.7558720906575522,200.0,2269,16.1
fixation,687362.1180000305,0.6051159040494398,0.4171110730279576,2.8186298717151987,2.760957197709517,184.0,2270,16.1
fixation,687578.7900000811,0.6525021851062774,0.41702442020177843,2.818501281738281,2.7533035278320312,167.0,2271,16.1
fixation,687762.1240000725,0.6951528948086959,0.41555961393393004,2.83022953913762,2.7578042837289662,217.0,2272,16.1
fixation,687995.4620000124,0.7388865167186374,0.4216384901886895,2.834439958844866,2.769797915504092,350.0,2273,16.1
fixation,688362.1330000162,0.7534884139895439,0.4253119807690382,2.8229827880859375,2.754831314086914,134.0,2274,16.1
fixation,688512.1390000582,0.789276060130861,0.42355774343013763,2.8174675835503473,2.725923326280382,158.0,2275,16.1
fixation,688995.4800000191,0.49963451770402617,0.5164763136940488,2.786660663152145,2.7415109408103815,991.0,2276,16.1
fixation,690178.8300000429,0.5055220325787863,0.5228704661130905,2.8144683837890625,2.7725092569986978,92.0,2277,16.1
fixation,690328.8320000172,0.6709820846716563,0.41531847715377807,2.8933746337890627,2.794865926106771,250.0,2278,16.1
fixation,690628.8390001059,0.4981239214539528,0.4403593025424264,2.8631938587535513,2.8050176447088067,367.0,2279,16.1
fixation,691045.5130000114,0.33439505472779274,0.44701782427728176,2.9133548736572266,2.8752059936523438,133.0,2280,16.1
fixation,691228.8480000496,0.4790792146866972,0.5012584904378111,2.946374373002486,2.851755315607244,375.0,2281,16.1
fixation,692112.1960000992,0.5279230464387823,0.5216995356259523,3.0299004448784723,2.9158076533564814,442.0,2282,16.1
fixation,692612.2040001154,0.6613306999206543,0.38354719016287064,2.925545586480035,2.8136783175998263,150.0,2283,NOTRIAL
fixation,692795.5400000811,0.6379582658410072,0.26311055943369865,2.8784383138020835,2.7822367350260415,200.0,2284,NOTRIAL
fixation,693012.2140001059,0.6218494349910367,0.2593614562384544,3.006072013608871,2.8684195241620465,517.0,2285,NOTRIAL
fixation,693578.8930000067,0.6318485140800476,0.44328315183520317,3.0419743855794272,2.911574045817057,200.0,2286,NOTRIAL
fixation,693812.2340000868,0.6333211247737591,0.25532199614323103,3.017054631159856,2.89251708984375,217.0,2287,NOTRIAL
fixation,694078.9020000696,0.6493729293346405,0.7090058773756027,2.92159423828125,2.8358139038085937,167.0,2288,NOTRIAL
fixation,694295.5750000477,0.6212112426757812,0.3846299091974894,3.025281778971354,2.9088063557942707,250.0,2289,NOTRIAL
fixation,694578.9130001068,0.6361188369412576,0.4635590757093122,2.9747732839276715,2.8706546906502015,517.0,2290,NOTRIAL
fixation,695145.5890001059,0.649973971148332,0.7013066833217939,2.8652076721191406,2.7716217041015625,208.0,2291,NOTRIAL
fixation,695595.5990000963,0.6058460703262916,0.4922718841295976,2.856212909405048,2.7836749737079325,208.0,2292,NOTRIAL
fixation,695878.9360001087,0.5191896385268161,0.796321650868968,2.7631474545127466,2.7107134367290295,317.0,2293,NOTRIAL
fixation,696228.9420000315,0.638813802972436,0.7165075670927763,2.705855369567871,2.631625175476074,267.0,2294,NOTRIAL
fixation,696512.2810000181,0.6531587789456049,0.7194770177205404,2.6650110880533853,2.609380086263021,100.0,2295,NOTRIAL
fixation,696678.9500000477,0.36737264922031987,0.7327819420741155,2.6602337176983175,2.7081944392277646,217.0,2296,NOTRIAL
fixation,696912.2880001068,0.34631387558248306,0.7232630203167597,2.6765848795572915,2.6739883422851562,300.0,2297,NOTRIAL
fixation,697228.9590001106,0.3729228539900346,0.7256720120256598,2.652279940518466,2.654115156693892,183.0,2298,NOTRIAL
fixation,697428.9620000124,0.3416588596999645,0.7239637121558189,2.6411903381347654,2.65296630859375,341.0,2299,NOTRIAL
fixation,697978.9700000286,0.6055388922492663,0.7125841254989306,2.6265640258789062,2.537012736002604,192.0,2300,NOTRIAL
fixation,698195.6350001097,0.640982276863522,0.7080323994159698,2.710871378580729,2.6205037434895835,150.0,2301,NOTRIAL
fixation,698395.6390000582,0.3882935432096322,0.7103985746701559,2.713232676188151,2.687328338623047,200.0,2302,NOTRIAL
fixation,698612.3090000153,0.36147374265334187,0.7194837980410632,2.7260760139016544,2.6831027760225186,284.0,2303,NOTRIAL
fixation,698928.9810000658,0.4607762121237241,0.6677965911535116,2.810382549579327,2.7164447490985575,217.0,2304,NOTRIAL
fixation,699178.9850000143,0.5643341206014156,0.501773227006197,2.8895483016967773,2.7762880325317383,267.0,2305,NOTRIAL
fixation,699478.9880000353,0.6264388983448347,0.4501286173860232,2.9240023295084634,2.8197021484375,200.0,2306,NOTRIAL
fixation,699712.3260000944,0.6275191083550453,0.23375487017134824,2.8855387369791665,2.767155965169271,200.0,2307,NOTRIAL
fixation,699945.6600000858,0.5250398789842924,0.2300350150714318,2.9170494079589844,2.8111241658528647,208.0,2308,NOTRIAL
fixation,700395.6690000296,0.3743590973317623,0.2427671868354082,2.9462852478027344,2.8333091735839844,67.0,2309,NOTRIAL
fixation,700479.0050001144,0.35690356436229886,0.2342756170602072,2.9267076764787947,2.818973359607515,350.0,2310,NOTRIAL
fixation,700845.6760001183,0.3405586302280426,0.227362971752882,2.8613555908203123,2.7755813598632812,167.0,2311,NOTRIAL
fixation,701045.6780000925,0.38748127553198075,0.23833976520432365,2.860237969292535,2.782380845811632,150.0,2312,NOTRIAL
fixation,701229.0150001049,0.48143799509853125,0.22828248608857393,2.8491592407226562,2.7593307495117188,267.0,2313,NOTRIAL
fixation,701529.0190000534,0.5650857537984848,0.22485624626278877,2.810634068080357,2.729313441685268,242.0,2314,NOTRIAL
fixation,701929.0240000486,0.6370716840028763,0.464978214353323,2.8205833435058594,2.7219295501708984,126.0,2315,NOTRIAL
fixation,702095.6960000992,0.6347701847553253,0.24621826729604177,2.852384294782366,2.750430152529762,358.0,2316,NOTRIAL
fixation,702645.7030000687,0.6279754787683487,0.4597542630508542,2.8488502502441406,2.7599754333496094,259.0,2317,NOTRIAL
fixation,702962.3770000935,0.40062525272369387,0.4605706676840782,2.9046585083007814,2.8611434936523437,166.0,2318,NOTRIAL
fixation,703179.0470000505,0.6104558520019054,0.4497209656983614,2.889504241943359,2.7863643646240233,667.0,2319,NOTRIAL
fixation,703895.7280000448,0.4989631060096953,0.7459622787104713,2.7647535536024304,2.722752888997396,150.0,2320,NOTRIAL
fixation,704062.3950001001,0.5500522144138813,0.7004357762634754,2.7528820037841797,2.696277618408203,141.0,2321,NOTRIAL
fixation,704379.0710000992,0.49458527689178783,0.3813319317996502,2.899987538655599,2.8280982971191406,200.0,2322,NOTRIAL
fixation,704662.4060000181,0.48716139513999224,0.4655087599530816,2.992070198059082,2.916135787963867,266.0,2323,NOTRIAL
fixation,704945.7460000515,0.5124421084628386,0.47460052633986755,2.9179274615119484,2.8450604607077206,283.0,2324,18
fixation,705262.4160000086,0.4834455192089081,0.5525993973016738,2.8084426879882813,2.76322021484375,166.0,2325,18
fixation,705479.0930000544,0.3843187325530582,0.8505573405159844,2.61708747016059,2.6624552408854165,150.0,2326,18
fixation,705645.759000063,0.36755801622684187,0.8689281183939713,2.633868877704327,2.6473658635066104,217.0,2327,18
fixation,705879.1000000238,0.43414542227983477,0.8782161593437194,2.5657638549804687,2.619676208496094,167.0,2328,18
fixation,706062.432000041,0.49472233951091765,0.8720559616883595,2.535760498046875,2.570112101236979,250.0,2329,18
fixation,706345.7740000486,0.5645067716638247,0.8665522038936615,2.5358988444010415,2.5405972798665366,200.0,2330,18
fixation,706562.4450000525,0.6096996750150409,0.8739593582493919,2.5928519112723216,2.572444370814732,116.0,2331,18
fixation,706712.4470000267,0.4482218150211417,0.8805374412432961,2.509060403575068,2.6091288690981655,383.0,2332,18
fixation,707112.4530000687,0.4864347775777181,0.8793011034528414,2.552659352620443,2.557659149169922,200.0,2333,18
fixation,707345.7910000086,0.547887745499611,0.8659643203020095,2.4696090698242186,2.508599853515625,167.0,2334,18
fixation,707529.125,0.5885147392749787,0.8674694925546647,2.4870819091796874,2.5207839965820313,167.0,2335,18
fixation,707712.4570000172,0.6396078839898109,0.8662529960274696,2.583401679992676,2.5431442260742188,266.0,2336,18
fixation,708029.131000042,0.4587250975045291,0.5861140895973552,2.6665607799183237,2.703401045365767,184.0,2337,18
fixation,708229.1370000839,0.47540708785658486,0.5650157531102499,2.669415723096143,2.643305460611979,1858.0,2338,18
fixation,710245.8300000429,0.47618674980588704,0.5589504430452025,2.7520199511424606,2.714804499982351,2775.0,2339,18
fixation,713312.5460000038,0.6374259918928147,0.8729555785655976,2.7875762939453126,2.68934326171875,174.0,2340,18
fixation,713645.8850001097,0.5830738950859417,0.43038965355266223,2.931851473721591,2.862519697709517,183.0,2341,18
fixation,713845.8890000582,0.5278823131864722,0.4677968377416784,2.970571344549006,2.9149905118075283,183.0,2342,FIX_CROS
fixation,714045.8930000067,0.5025478816694684,0.4725186990367042,2.9150028935185186,2.8602639657479747,450.0,2343,FIX_CROS
fixation,714512.5680000782,0.4897860214114189,0.42873447636763257,2.8654937744140625,2.8239288330078125,500.0,2344,FIX_CROS
fixation,715029.2460000515,0.48122211959626937,0.46908409396807355,2.9185994466145835,2.900789048936632,150.0,2345,18.1
fixation,715212.5790001154,0.6196509510278702,0.4596945896744728,2.8934967041015627,2.8591278076171873,166.0,2346,18.1
fixation,715395.918000102,0.6442894389232,0.4605658898750941,2.8705596923828125,2.8501205444335938,100.0,2347,18.1
fixation,715545.9200000763,0.3644792843948711,0.4864305095239119,2.876681241122159,2.9013297341086646,183.0,2348,18.1
fixation,715745.9240000248,0.4414911389350891,0.48104784786701205,2.9388442993164063,2.902571105957031,167.0,2349,18.1
fixation,715945.9280000925,0.5070094436407089,0.469411039352417,2.95877685546875,2.898417663574219,167.0,2350,18.1
fixation,716129.2630000114,0.5659830178085127,0.4742503174041447,2.9077397396689966,2.860512984426398,317.0,2351,18.1
fixation,716479.2700001001,0.6260873590196881,0.45720312212194714,2.916384015764509,2.855889456612723,117.0,2352,18.1
fixation,716679.2720000744,0.38699284568428993,0.481276897713542,2.9215526580810547,2.9009971618652344,142.0,2353,18.1
fixation,717012.611000061,0.4424131249680239,0.4757724080015631,2.933511173023897,2.8504396326401653,275.0,2354,NOTRIAL
fixation,717345.9510000944,0.6134228594601154,0.48954098485410213,2.9480018615722656,2.8518733978271484,133.0,2355,NOTRIAL
fixation,717529.2870000601,0.6358362972736359,0.2580306828022003,2.9732369559151786,2.8661141531808036,584.0,2356,NOTRIAL
fixation,718129.2970000505,0.6227626170103366,0.25712326942728114,3.0744998638446512,2.9402119563176083,434.0,2357,NOTRIAL
fixation,718579.3030000925,0.651535532691262,0.257045793262395,3.1066755814985796,2.9929546009410513,184.0,2358,NOTRIAL
fixation,718812.6410000324,0.6383158335318933,0.43629412467663103,3.0764864408052883,2.9873680701622596,216.0,2359,NOTRIAL
fixation,719079.310000062,0.6340907521026079,0.26050042101117066,3.0550888416379,2.9731267884720203,717.0,2360,NOTRIAL
fixation,719829.3210000992,0.6421925833350733,0.49001041917424454,3.0155013234991777,2.9745025634765625,317.0,2361,NOTRIAL
fixation,720195.9910000563,0.6507901468060233,0.7357036335901781,2.940949873490767,2.851114446466619,183.0,2362,NOTRIAL
fixation,720412.6660000086,0.6472736115639026,0.5310816902380723,2.9630960317758412,2.8975595327524037,217.0,2363,NOTRIAL
fixation,720662.6700000763,0.6528769247233868,0.6879293695092201,2.862489700317383,2.8101730346679688,141.0,2364,NOTRIAL
fixation,720962.6740000248,0.6491013907250904,0.7181999243441082,2.957338605608259,2.8716031029110862,350.0,2365,NOTRIAL
fixation,721562.6800000668,0.542005235950152,0.8249344627062479,2.7218780517578125,2.6803741455078125,108.0,2366,NOTRIAL
fixation,721912.6870000362,0.5238385647535324,0.48568209540098906,2.8945913314819336,2.836287498474121,259.0,2367,FIX_CROS
fixation,722196.0250000954,0.49893771218402044,0.49300725225891384,2.8982767377580916,2.8476055690220425,934.0,2368,FIX_CROS
fixation,723162.7110000849,0.5816299095749855,0.4677859712392092,2.9794158935546875,2.9425601959228516,133.0,2369,18.2
fixation,723312.7120000124,0.6023355881373088,0.4661331792672475,2.9971954345703127,2.9855916341145834,250.0,2370,18.2
fixation,723612.7160000801,0.4255715807278951,0.48548247789343196,3.034112294514974,3.0579134623209634,200.0,2371,18.2
fixation,723846.0580000877,0.5112368975366864,0.47762137225696016,3.021376473563058,2.9993275233677457,234.0,2372,18.2
fixation,724112.7230000496,0.5563309490680695,0.47313934067885083,2.9518966674804688,2.9073944091796875,108.0,2373,18.2
fixation,724396.063000083,0.5925303819851998,0.47229445706575346,2.9075853396684694,2.885660416040665,642.0,2374,18.2
fixation,725062.7430000305,0.6381954018558774,0.4785301483103207,2.8614185878208707,2.8547472272600447,233.0,2375,NOTRIAL
fixation,725329.4140000343,0.6365734003484249,0.26410364685580134,2.882615089416504,2.83730411529541,266.0,2376,NOTRIAL
fixation,725612.7540000677,0.5236792809196881,0.25958242852772984,2.956505911690848,2.900921412876674,467.0,2377,NOTRIAL
fixation,726112.7580000162,0.35770465959520903,0.26193630958304687,2.935685999253217,2.8953309900620403,291.0,2378,NOTRIAL
fixation,726562.7690000534,0.3882216347588433,0.2614656570884917,2.882698906792535,2.8487667507595487,150.0,2379,NOTRIAL
fixation,726762.7720000744,0.6352243589030372,0.2563025835487578,2.920711941189236,2.827479044596354,150.0,2380,NOTRIAL
fixation,726962.7760000229,0.38640393875539303,0.26878353767096996,2.901378631591797,2.8933143615722656,141.0,2381,NOTRIAL
fixation,727262.7840000391,0.6028588036696116,0.26148513903220494,2.881134033203125,2.8145680745442707,242.0,2382,NOTRIAL
fixation,727546.1200000048,0.49112615392014786,0.26053329557180405,2.8868701006915116,2.809023882891681,625.0,2383,NOTRIAL
fixation,728346.1360000372,0.575531467795372,0.24778724516983386,2.9300610577618635,2.826563799822772,900.0,2384,NOTRIAL
fixation,729379.492000103,0.5924388741453489,0.25201034421722096,2.9534695943196616,2.8544642130533853,192.0,2385,NOTRIAL
fixation,729596.1650000811,0.6233551899592081,0.26137395865387386,3.009033203125,2.8922017415364585,150.0,2386,NOTRIAL
fixation,729796.1690000296,0.4463060572743416,0.2674732029438019,2.9548797607421875,2.8902664184570312,167.0,2387,NOTRIAL
fixation,729996.1730000973,0.49071341114384787,0.26465484499931335,2.930082048688616,2.8434317452566966,117.0,2388,NOTRIAL
fixation,730146.1750000715,0.3537606662511826,0.2662301999330521,2.9065460205078124,2.85372314453125,417.0,2389,NOTRIAL
fixation,730579.5190000534,0.371972881257534,0.2604102933636078,2.898815448467548,2.819543691781851,433.0,2390,NOTRIAL
fixation,731029.5290000439,0.42204649173296416,0.2709491287286465,2.9130014272836537,2.8295147235576925,216.0,2391,NOTRIAL
fixation,731312.8660000563,0.3672797324565741,0.4769649471227939,2.888349092923678,2.8207186185396633,217.0,2392,NOTRIAL
fixation,731562.8730000257,0.4192826747894287,0.2741438578814268,2.8868579864501953,2.7848453521728516,267.0,2393,NOTRIAL
fixation,731862.8790000677,0.36280167289078236,0.475445119664073,2.8542613983154297,2.7799072265625,141.0,2394,NOTRIAL
fixation,732146.2180000544,0.40568824609120685,0.48139966527620953,2.8311920166015625,2.7576802571614585,142.0,2395,NOTRIAL
fixation,732329.5560001135,0.35856549266506643,0.7171294110662797,2.806073357077206,2.764422248391544,283.0,2396,NOTRIAL
fixation,732629.5610001087,0.37152630239725115,0.7242985546588898,2.7664825439453127,2.7012649536132813,166.0,2397,NOTRIAL
fixation,732812.8980000019,0.34361444662014645,0.7300047725439072,2.67132568359375,2.6441357930501304,200.0,2398,NOTRIAL
fixation,733062.9040000439,0.39441442489624023,0.46669578160110275,2.7408383018092106,2.683572869551809,317.0,2399,NOTRIAL
fixation,733412.9100000858,0.3568733622287882,0.4889067026047871,2.7559230409819504,2.7177029313712286,483.0,2400,NOTRIAL
fixation,733929.5850000381,0.41928320601582525,0.4614360772073269,2.730909729003906,2.669852447509766,333.0,2401,NOTRIAL
fixation,734312.9260001183,0.6417199057691237,0.7150547890102162,2.675672643324908,2.605699426987592,283.0,2402,NOTRIAL
fixation,734629.5970000029,0.5805685855448246,0.7033203095197678,2.671619415283203,2.6136550903320312,141.0,2403,NOTRIAL
fixation,734979.6030000448,0.5767834601194962,0.6849323990552322,2.695226918096128,2.634416663128397,375.0,2404,NOTRIAL
fixation,735379.6100000143,0.6370912952856584,0.7077930894764987,2.678029840642756,2.6136973987926138,183.0,2405,NOTRIAL
fixation,735596.2820000648,0.5827100692050797,0.7032123016459602,2.6356784275599887,2.573937007359096,467.0,2406,NOTRIAL
fixation,736079.6220000982,0.6502063941955566,0.7085989499092102,2.667091064453125,2.6129107666015625,416.0,2407,NOTRIAL
fixation,736562.9650000334,0.42722400857342613,0.5397377146614922,2.7636566162109375,2.7477247450086804,150.0,2408,NOTRIAL
fixation,736746.3030000925,0.3713238288958867,0.48498378073175746,2.7667109171549478,2.7418619791666665,200.0,2409,NOTRIAL
fixation,736962.9720000029,0.3574142563674185,0.48753852397203445,2.749903361002604,2.7267464531792536,300.0,2410,NOTRIAL
fixation,737312.9800000191,0.39358079992234707,0.2538697924464941,2.769287109375,2.6890525817871094,133.0,2411,NOTRIAL
fixation,737462.9820001125,0.34364577998285706,0.26092993500440015,2.783765709918478,2.7146261463994565,391.0,2412,NOTRIAL
fixation,738012.9960000515,0.41954005757967633,0.4917763140466478,2.821994357638889,2.751254611545139,142.0,2413,NOTRIAL
fixation,738196.3330000639,0.4350978110147559,0.25497086054604984,2.8445195737092392,2.7452783999235733,392.0,2414,NOTRIAL
fixation,738763.0130000114,0.45137561073428706,0.4152807279636985,2.7830135947779606,2.737438804224918,309.0,2415,NOTRIAL
fixation,739096.3540000916,0.4734843695163727,0.38692591547966004,2.7559710693359376,2.7214654541015624,416.0,2416,NOTRIAL
fixation,739546.3630000353,0.49668557240682487,0.4597106733742882,2.754058837890625,2.7071990966796875,283.0,2417,NOTRIAL
fixation,739879.7020000219,0.38073232769966125,0.49582941965623334,2.7337382923473013,2.6937089399857954,183.0,2418,NOTRIAL
fixation,740113.0440000296,0.5610889806633904,0.649688876810528,2.664252144949777,2.5977339971633184,350.0,2419,NOTRIAL
fixation,740513.0510001183,0.39536052942276,0.47584260834587944,2.771208021375868,2.732247246636285,150.0,2420,NOTRIAL
fixation,740696.3910000324,0.5704421568661928,0.6733141168951988,2.6792945861816406,2.601766586303711,266.0,2421,NOTRIAL
fixation,740996.3980000019,0.5277501179112328,0.8252656790945265,2.611441718207465,2.586581759982639,150.0,2422,NOTRIAL
fixation,741163.0710000992,0.46080062857695986,0.8257145924227578,2.602842058454241,2.6258697509765625,125.0,2423,NOTRIAL
fixation,742013.0920000076,0.49881192828927723,0.7277448007038662,2.84259033203125,2.706768580845424,234.0,2424,NOTRIAL
fixation,742279.7600001097,0.43949469096130794,0.7923850119113922,2.7612787882486978,2.7129940456814237,300.0,2425,NOTRIAL
fixation,742613.1000000238,0.47495069168508053,0.6308388486504555,2.697935104370117,2.6885414123535156,134.0,2426,NOTRIAL
fixation,742779.7700001001,0.35575486490359676,0.4609608226097547,2.7388106126051683,2.7159705528846154,217.0,2427,NOTRIAL
fixation,743046.4430000782,0.35038561712611804,0.2397086410359903,2.862185391512784,2.7418337735262783,183.0,2428,NOTRIAL
fixation,743279.7820000648,0.6004957035183907,0.29550619795918465,2.9785099029541016,2.782987594604492,141.0,2429,NOTRIAL
fixation,743596.4590001106,0.6016037328676744,0.4168585484678095,3.100868918678977,2.9275637539950283,175.0,2430,NOTRIAL
fixation,743829.7940000296,0.3616794702079561,0.49272823168171775,2.9784361097547745,2.8912921481662326,1508.0,2431,NOTRIAL
fixation,745746.492000103,0.5347466150919596,0.716634617249171,2.8738128662109377,2.770806884765625,242.0,2432,NOTRIAL
fixation,746046.4960000515,0.4841514094309373,0.43908147649331525,2.9848286021839487,2.8508772416548296,183.0,2433,NOTRIAL
fixation,746246.4990000725,0.49843278416880854,0.4627563903729121,2.9265334517867476,2.794006912796586,450.0,2434,NOTRIAL
fixation,746729.8470000029,0.3664937224239111,0.47955572977662086,2.9329891204833984,2.8255538940429688,133.0,2435,10
fixation,746929.8510000706,0.2766470130946901,0.8418708112504747,2.8381805419921875,2.721225314670139,150.0,2436,10
fixation,747113.1860001087,0.2966073453426361,0.87602778673172,2.8409698486328123,2.7096649169921876,84.0,2437,10
fixation,747213.1870000362,0.34932054579257965,0.8774095641242133,2.8026190863715277,2.68914794921875,150.0,2438,10
fixation,747396.5240000486,0.4093842521309853,0.8816860347986222,2.7301788330078125,2.6705978393554686,166.0,2439,10
fixation,747579.8570001125,0.46533881723880766,0.8763215124607087,2.7312362670898436,2.6792755126953125,167.0,2440,10
fixation,747779.8650000095,0.5483211543824937,0.86781664358245,2.7109747992621527,2.639928181966146,150.0,2441,10
fixation,747963.199000001,0.5988810062408447,0.8693812191486359,2.7680511474609375,2.6499226888020835,100.0,2442,10
fixation,748096.5320000648,0.6398860355218251,0.8640250444412232,2.747503662109375,2.6224945068359373,250.0,2443,10
fixation,748363.2040001154,0.6900501608848572,0.8662460386753082,2.7427581787109374,2.630842590332031,167.0,2444,10
fixation,748546.5420000553,0.7165952141468341,0.8668100627569052,2.7012610802283654,2.6223860520582933,216.0,2445,10
fixation,748813.2150000334,0.5243399202823639,0.5114798406759898,2.76240234375,2.697831217447917,250.0,2446,10
fixation,749196.5510001183,0.3113751808802287,0.9235795388619105,2.6928685506184897,2.5779647827148438,100.0,2447,10
fixation,749313.2190001011,0.29002195795377095,0.8960144281387329,2.73287353515625,2.6152364095052083,250.0,2448,10
fixation,749596.557000041,0.3320024460554123,0.886175774037838,2.6517086029052734,2.56640625,133.0,2449,10
fixation,749763.2270001173,0.3804987922310829,0.8760748535394669,2.5918014526367186,2.5524200439453124,167.0,2450,10
fixation,749963.2270001173,0.44994424054255855,0.879272983624385,2.5962594839242787,2.5914142315204325,217.0,2451,10
fixation,750196.5650000572,0.5233512639999389,0.8684069484472274,2.5801361083984373,2.5494781494140626,166.0,2452,10
fixation,750396.5680000782,0.5684451252222061,0.8606633186340332,2.607524108886719,2.54752197265625,166.0,2453,10
fixation,750596.5700000525,0.6225417446006428,0.8557410971684889,2.652010830965909,2.552796797318892,183.0,2454,10
fixation,750796.5750000477,0.5609846647296634,0.8651063335793359,2.5457534790039062,2.526623317173549,233.0,2455,10
fixation,751063.2450000048,0.6259181479612986,0.8628685434659322,2.6143157958984373,2.5355804443359373,250.0,2456,10
fixation,751329.918000102,0.6864558085799217,0.8591410629451275,2.628206253051758,2.592477798461914,133.0,2457,10
fixation,751529.918000102,0.50048201244611,0.5821724511109866,2.733941885141226,2.7085770827073317,217.0,2458,10
fixation,751763.256000042,0.5426772832870483,0.5531402081251144,2.7683563232421875,2.707177734375,167.0,2459,10
fixation,751946.5930000544,0.5933491239945093,0.51422597716252,2.804276784261068,2.719493865966797,200.0,2460,10
fixation,752196.5930000544,0.36584790967977965,0.480281270467318,2.7607492300180287,2.7345616267277646,224.0,2461,10
fixation,752629.938000083,0.47885633792196003,0.5424609354564122,2.7917327880859375,2.7397123064313615,225.0,2462,10
fixation,752896.6090000868,0.583584808251437,0.5938680785543778,2.773678050321691,2.7298000560087314,283.0,2463,10
fixation,753196.6150000095,0.5975722074508667,0.5602433085441589,2.6575241088867188,2.6706981658935547,133.0,2464,10
fixation,753363.2830001116,0.5020144383112589,0.683917003373305,2.666285196940104,2.666783650716146,200.0,2465,10
fixation,753579.9550000429,0.4713701503030185,0.6864596718344195,2.733454737169989,2.6918740108095367,483.0,2466,10
fixation,754079.9650000334,0.4704026073217392,0.6418220063050588,2.759717814127604,2.7315775553385415,250.0,2467,10
fixation,754363.30400002,0.46948917061090467,0.5430738121271134,2.8027435302734376,2.7543319702148437,167.0,2468,10
fixation,754563.307000041,0.5652831375598908,0.5642280022303263,2.7355112711588543,2.7054850260416665,250.0,2469,10
fixation,754829.9790000916,0.567989832162857,0.47807258864243823,2.744744873046875,2.7197296142578127,250.0,2470,10
fixation,755096.6500000954,0.5911915236049228,0.48973411983913845,2.7245924207899304,2.679346720377604,150.0,2471,10
fixation,755279.98300004,0.5102276421255536,0.43391680551899803,2.7638142903645835,2.71760982937283,300.0,2472,10
fixation,755613.3260000944,0.4631170630455017,0.47142499188582104,2.7626469930013022,2.7229588826497397,208.0,2473,10
fixation,756346.6710000038,0.45021845317549175,0.5105703059169981,2.929997762044271,2.8321541680230036,292.0,2474,10
fixation,756680.0100001097,0.49366551727959607,0.4853945491891919,2.832831180456913,2.741598418264678,550.0,2475,FIX_CROS
fixation,757246.6860001087,0.44523330458572935,0.41722859584149863,2.842555454799107,2.7847667875744047,350.0,2476,FIX_CROS
fixation,757646.6930000782,0.25501023828983305,0.2966054856777191,2.937744140625,2.894989013671875,83.0,2477,10.2
fixation,757746.6940000057,0.21733604265110834,0.29192599441323963,2.881894792829241,2.876070295061384,117.0,2478,10.2
fixation,757880.0290000439,0.19114239793270826,0.2945430753752589,2.7993898391723633,2.7973861694335938,267.0,2479,10.2
fixation,758180.0310000181,0.2610330551862717,0.28532989919185636,2.7993560791015626,2.7744049072265624,167.0,2480,10.2
fixation,758363.367000103,0.3221224927239948,0.29179063936074573,2.804295857747396,2.7881317138671875,150.0,2481,10.2
fixation,758530.0390000343,0.3755416125059128,0.2952861305740144,2.839421590169271,2.7922244601779513,150.0,2482,10.2
fixation,758713.3720000982,0.42762837272423965,0.2955298377917363,2.856243426983173,2.8007296048677883,216.0,2483,10.2
fixation,758963.3770000935,0.4882250040769577,0.29070956707000734,2.8432464599609375,2.772882080078125,91.0,2484,10.2
fixation,759230.0470000505,0.53370800614357,0.2951850637793541,2.809312438964844,2.7477783203125,167.0,2485,10.2
fixation,759430.0500000715,0.5606854666363109,0.2977905422449112,2.858938043767756,2.779629794034091,184.0,2486,10.2
fixation,759630.0520000458,0.5442274649937947,0.29430015782515206,2.7642862955729166,2.696183268229167,250.0,2487,10.2
fixation,759896.7210000753,0.6065594581040469,0.295343741774559,2.739163485440341,2.657866044477983,183.0,2488,10.2
fixation,760096.7250000238,0.6655366644263268,0.2892726647357146,2.7221603393554688,2.629114786783854,200.0,2489,10.2
fixation,760313.3950001001,0.6983674334155189,0.2898442910777198,2.72682868109809,2.63431633843316,150.0,2490,10.2
fixation,760513.3970000744,0.7802787002395181,0.2852962358909495,2.7240492876838234,2.601328232709099,283.0,2491,10.2
fixation,761046.7370001078,0.20647070929408073,0.37163705825805665,2.7132217407226564,2.7079742431640623,167.0,2492,10.2
fixation,761230.074000001,0.18397498428821563,0.376748289167881,2.75,2.683699035644531,167.0,2493,10.2
fixation,761430.0770000219,0.25099433325231074,0.3800893917679787,2.6723281860351564,2.6280372619628904,334.0,2494,10.2
fixation,761796.7470000982,0.32285600155591965,0.39114694856107235,2.693531036376953,2.6516733169555664,267.0,2495,10.2
fixation,762096.7510000467,0.36390447119871777,0.38525144507487613,2.664557139078776,2.6344757080078125,200.0,2496,10.2
fixation,762313.4240000248,0.4046640003269369,0.38380157541144977,2.6526073109019888,2.6123476895419033,183.0,2497,10.2
fixation,762513.4260001183,0.4812737911939621,0.3861543074250221,2.6500808715820314,2.6181549072265624,166.0,2498,10.2
fixation,762713.42900002,0.5514763024720278,0.3807442919774489,2.642067649147727,2.594576748934659,183.0,2499,10.2
fixation,762930.0990000963,0.6277953734000524,0.3722405359148979,2.6793034871419272,2.6464462280273438,200.0,2500,10.2
fixation,763146.7690000534,0.6984220038760792,0.3744722306728363,2.6838864413174717,2.6144478537819604,183.0,2501,10.2
fixation,763346.7740000486,0.736125628153483,0.36978257199128467,2.6685765584309897,2.5838546752929688,100.0,2502,10.2
fixation,763480.1100000143,0.7909862353251531,0.3709960854970492,2.682819073016827,2.6024862436147838,217.0,2503,10.2
fixation,763796.7810000181,0.21621151575270822,0.4689279996296939,2.6906208711511947,2.713915656594669,283.0,2504,10.2
fixation,764096.7860000134,0.2830258160829544,0.4720367838939031,2.6764564514160156,2.671245574951172,200.0,2505,10.2
fixation,764313.4590001106,0.3470862805843353,0.471717432141304,2.6346842447916665,2.6231066385904946,200.0,2506,10.2
fixation,764530.1290000677,0.3924740254878998,0.4687899475296338,2.621953328450521,2.6113204956054688,108.0,2507,10.2
fixation,764863.4670000076,0.46635367402008604,0.4761618035180228,2.611291067940848,2.616064889090402,116.0,2508,10.2
fixation,765030.1360000372,0.696395625670751,0.4574646343787511,2.65286865234375,2.628376261393229,250.0,2509,10.2
fixation,765296.8060001135,0.6701756740609804,0.45637518415848416,2.597315470377604,2.5992024739583335,200.0,2510,10.2
fixation,765530.1450001001,0.7799740050520215,0.4495901284473283,2.5706383841378346,2.522874014718192,234.0,2511,10.2
fixation,765863.4850000143,0.18896354362368584,0.5724058342831475,2.559541974748884,2.6168212890625,233.0,2512,10.2
fixation,766113.489000082,0.2283384626110395,0.5656749937269423,2.5749715169270835,2.597320556640625,150.0,2513,10.2
fixation,766296.8270000219,0.2937896363437176,0.5552266811331114,2.5118929545084634,2.560089111328125,200.0,2514,10.2
fixation,766530.1620000601,0.3753206729888916,0.5738616461555163,2.582106272379557,2.592759450276693,200.0,2515,10.2
fixation,766746.8330000639,0.4385556759578841,0.5691722290856498,2.588891165597098,2.577972412109375,233.0,2516,10.2
fixation,767013.5050001144,0.5090245346228282,0.5507829467455546,2.5733357747395833,2.5613026936848957,250.0,2517,10.2
fixation,767296.8440001011,0.5777112864531003,0.5625838018380679,2.5729440542367787,2.5739663931039662,217.0,2518,10.2
fixation,767530.1810001135,0.6313216648995876,0.5499547384679317,2.5951995849609375,2.5983219146728516,400.0,2519,10.2
fixation,767946.8570001125,0.6717524031798044,0.5574223945538203,2.6590423583984375,2.6028925577799478,100.0,2520,10.2
fixation,768063.5250000954,0.7305716097354888,0.5487849493821462,2.6849334716796873,2.632470703125,250.0,2521,10.2
fixation,768330.2000000477,0.7835730910301208,0.5417354131738344,2.7359657287597656,2.6745033264160156,200.0,2522,10.2
fixation,768596.8720000982,0.4710952162742615,0.6552476093173027,2.659068298339844,2.6647720336914062,333.0,2523,10.2
fixation,768996.878000021,0.5686151295900345,0.3798489585518837,2.7262969970703126,2.6731658935546876,167.0,2524,NOTRIAL
fixation,769196.8850001097,0.645655819773674,0.2690036132931709,2.7731979370117186,2.6917388916015623,167.0,2525,NOTRIAL
fixation,769380.2310000658,0.6190628144476149,0.2542885508802202,2.8480665418836804,2.747041490342882,158.0,2526,NOTRIAL
fixation,769680.2310000658,0.6384574373563131,0.2531462887922923,2.9153208414713543,2.7999338785807293,242.0,2527,NOTRIAL
fixation,769946.9030001163,0.619628765012907,0.24730788268472836,2.8971338686735733,2.812913645868716,767.0,2528,NOTRIAL
fixation,770746.9200000763,0.6360690842072169,0.48649908726414043,2.862219492594401,2.830615997314453,200.0,2529,NOTRIAL
fixation,770963.5930000544,0.6496126031875611,0.4618236815929413,2.8395086669921876,2.807515869140625,416.0,2530,NOTRIAL
fixation,771413.6030000448,0.6326787944109935,0.25206914361355437,2.88794607486365,2.8124948177697524,883.0,2531,NOTRIAL
fixation,772346.9530000687,0.652709828770679,0.7049905592980592,2.7142101785411006,2.666358284328295,767.0,2532,NOTRIAL
fixation,773163.6370000839,0.49388869958264486,0.8132016360759735,2.5397469656808034,2.579888480050223,124.0,2533,NOTRIAL
fixation,773613.6470000744,0.48222180642187595,0.5307336244732141,2.825735092163086,2.780855178833008,266.0,2534,FIX_CROS
fixation,773896.9850000143,0.4900249686776375,0.4908215126820973,2.738166653380102,2.739976844009088,817.0,2535,FIX_CROS
fixation,774746.9990000725,0.4315161456664403,0.4336525648832321,2.772710164388021,2.7969080607096353,100.0,2536,10.1
fixation,774897.0040000677,0.21926716528832912,0.3262527585029602,2.7719650268554688,2.814891815185547,67.0,2537,10.1
fixation,774980.3370000124,0.1955177499489351,0.2765596536072818,2.683725530450994,2.7110845392400567,183.0,2538,10.1
fixation,775180.3410000801,0.21373710334300994,0.2741525024175644,2.7017974853515625,2.7089447021484374,83.0,2539,10.1
fixation,775280.3430000544,0.2668052136898041,0.2561806485056877,2.7178192138671875,2.7187576293945312,166.0,2540,10.1
fixation,775480.3460000753,0.3300600134664112,0.25399203929636216,2.7062310112847223,2.7104966905381946,150.0,2541,10.1
fixation,775663.682000041,0.40547141308585805,0.26320350791017216,2.776508331298828,2.7663650512695312,200.0,2542,10.1
fixation,775880.3540000916,0.4699971228837967,0.25557549111545086,2.79364013671875,2.753594716389974,200.0,2543,10.1
fixation,776113.691000104,0.5285500415733883,0.2493384097303663,2.750471932547433,2.720453534807478,233.0,2544,10.1
fixation,776363.6970000267,0.5659586668014527,0.2522532925009727,2.745616149902344,2.70914306640625,167.0,2545,10.1
fixation,776563.6980000734,0.6227015182375908,0.2484303917735815,2.747709274291992,2.697233200073242,133.0,2546,10.1
fixation,776730.3690000772,0.6694564789533615,0.25232033133506776,2.7504257202148437,2.68533935546875,166.0,2547,10.1
fixation,776913.7070000172,0.7231464819474653,0.24615507098761472,2.7207475142045454,2.6630082563920454,183.0,2548,10.1
fixation,777113.7110000849,0.7644943247238795,0.23334127850830555,2.6947975158691406,2.6659329732259116,200.0,2549,10.1
fixation,777347.0470000505,0.8237663567066192,0.21439352184534072,2.70897216796875,2.672320556640625,84.0,2550,10.1
fixation,777563.7200000286,0.188606987396876,0.3417966395616531,2.732593790690104,2.762251790364583,242.0,2551,10.1
fixation,777830.3950001001,0.24067256083855262,0.33531835904488194,2.757122333233173,2.7086944580078125,216.0,2552,10.1
fixation,778080.3930000067,0.34662276804447173,0.3402468095223109,2.6936604817708334,2.6788055419921877,250.0,2553,10.1
fixation,778363.742000103,0.41448371708393095,0.33897752265135445,2.6872467041015624,2.681679280598958,250.0,2554,10.1
fixation,778647.0800000429,0.49262970510651083,0.3316082007744733,2.6688986385569855,2.6571933521943936,284.0,2555,10.1
fixation,778963.7570000887,0.5748932808637619,0.3222156688570976,2.655017852783203,2.641511917114258,141.0,2556,10.1
fixation,779297.0990000963,0.630365926027298,0.335200235247612,2.6432708740234374,2.6220626831054688,159.0,2557,10.1
fixation,779480.4400000572,0.6583113056771895,0.33613531028523164,2.697270112879136,2.6742831959443936,283.0,2558,10.1
fixation,779797.1130000353,0.7139361798763275,0.33270054310560226,2.632464599609375,2.6340591430664064,167.0,2559,10.1
fixation,779997.1190000772,0.7736764053503672,0.32549210223886704,2.6312391493055554,2.619442409939236,150.0,2560,10.1
fixation,780163.7890000343,0.8101539239287376,0.3257243186235428,2.6385135650634766,2.6104774475097656,141.0,2561,10.1
fixation,780430.4650000334,0.2059360503086022,0.43191052973270416,2.656195504324777,2.721716744559152,225.0,2562,10.1
fixation,780697.1380000114,0.28713273314329296,0.4305821255995677,2.695196298452524,2.6900059626652646,217.0,2563,10.1
fixation,780930.4790000916,0.32391239553689954,0.42274000495672226,2.631683349609375,2.6374801635742187,166.0,2564,10.1
fixation,781113.813000083,0.3712915904246844,0.4227764354302333,2.601061307466947,2.629578810471755,217.0,2565,10.1
fixation,781347.1550000906,0.43129752079645794,0.4247003426154455,2.629674275716146,2.6464772542317707,250.0,2566,10.1
fixation,781630.4980000257,0.27602437138557434,0.5078399907797575,2.6073246002197266,2.6637935638427734,266.0,2567,10.1
fixation,781930.5040000677,0.3162110321796857,0.5122727545408102,2.6108257587139425,2.636260986328125,216.0,2568,10.1
fixation,782180.5130000114,0.39177739891138946,0.5179782997478138,2.6126598011363638,2.6194277676669033,183.0,2569,10.1
fixation,782397.1840000153,0.4455679267644882,0.5140963971614838,2.625193786621094,2.614939880371094,167.0,2570,10.1
fixation,782580.5180000067,0.5087066567861117,0.5203482863994745,2.6223966158353367,2.6193683330829325,216.0,2571,10.1
fixation,782813.85800004,0.5589382410049438,0.5064078956842423,2.597314453125,2.6036331176757814,167.0,2572,10.1
fixation,783013.8630000353,0.6072012111544609,0.5016333190724254,2.552133560180664,2.5926971435546875,267.0,2573,10.1
fixation,783297.2020000219,0.6712582826614379,0.4969389736652374,2.54945068359375,2.574993896484375,92.0,2574,10.1
fixation,783597.2080000639,0.7343516498804092,0.514864556491375,2.581117630004883,2.539539337158203,126.0,2575,10.1
fixation,783747.2110000849,0.7813794965093787,0.506567121906714,2.6304987127130683,2.569308194247159,184.0,2576,10.1
fixation,784030.5480000973,0.18511825613677502,0.6136779859662056,2.5733553568522134,2.6192220052083335,200.0,2577,10.1
fixation,784263.8860000372,0.30257659529646236,0.6110503102342287,2.5673294067382812,2.603663126627604,200.0,2578,10.1
fixation,784513.8920000792,0.4536481327735461,0.6176544794669518,2.5657278207632213,2.5591055063100963,217.0,2579,10.1
fixation,784763.8960000277,0.5419744588434696,0.6028536334633827,2.600043296813965,2.6096725463867188,267.0,2580,10.1
fixation,785047.2340000868,0.5896023809909821,0.5937736597326067,2.601565890842014,2.5974934895833335,150.0,2581,10.1
fixation,785230.5730000734,0.6419940292835236,0.5976049453020096,2.574773152669271,2.5647875467936196,200.0,2582,10.1
fixation,785463.9080001116,0.7029785762230555,0.5938955768942833,2.611475626627604,2.6038551330566406,200.0,2583,10.1
fixation,785697.2460000515,0.7817188799381256,0.6019617695557443,2.6459856535259045,2.6388879073293587,317.0,2584,10.1
fixation,786097.2540000677,0.2935929430855645,0.7131516734759012,2.632437811957465,2.6814032660590277,150.0,2585,10.1
fixation,786280.5900000334,0.24801834271504328,0.7128199545236734,2.6444936899038463,2.631017831655649,216.0,2586,10.1
fixation,786530.5960000753,0.30202017995444214,0.7113921696489508,2.569241610440341,2.5687408447265625,183.0,2587,10.1
fixation,786747.2670000792,0.35898963958024976,0.7119604915380477,2.5692962646484374,2.5677413940429688,167.0,2588,10.1
fixation,786947.2720000744,0.42374722510576246,0.7110367208719254,2.542510986328125,2.5650009155273437,167.0,2589,10.1
fixation,787130.6060000658,0.47570770301602106,0.6981132057580081,2.5089666193181817,2.556966608220881,183.0,2590,10.1
fixation,787330.6100000143,0.5500992048870433,0.6914720291441138,2.5248177268288354,2.543515292080966,183.0,2591,10.1
fixation,787530.6120001078,0.6048144889729363,0.6868078006165368,2.4895226614815846,2.5334570748465404,233.0,2592,10.1
fixation,787797.2830001116,0.668570550588461,0.6884942650794983,2.514184805063101,2.5058253361628604,217.0,2593,10.1
fixation,788047.2880001068,0.7289815455675125,0.6896535843610764,2.5430999755859376,2.526472473144531,175.0,2594,10.1
fixation,788397.293000102,0.5977306043108305,0.5160953973730406,2.5709864298502603,2.572301228841146,192.0,2595,10.1
fixation,788630.628000021,0.5078460375467936,0.46871110995610554,2.652460734049479,2.65595703125,250.0,2596,10.1
fixation,788913.9660000801,0.4415784728527069,0.5885061502456665,2.6643902587890627,2.644791259765625,425.0,2597,10.1
fixation,789513.9730000496,0.43354399253924686,0.6354108105103174,2.7136866251627603,2.675684611002604,200.0,2598,10.1
fixation,789763.9760000706,0.6615468710660934,0.686114768187205,2.747503916422526,2.6669743855794272,200.0,2599,10.1
fixation,789997.3190000057,0.7438811113437017,0.695054811735948,2.7274500528971353,2.651458740234375,200.0,2600,10.1
fixation,790230.6480000019,0.6826968457963731,0.6724025077290006,2.677271525065104,2.6539713541666665,150.0,2601,10.1
fixation,790430.6520000696,0.7046658938581293,0.5192413032054901,2.7228268710049717,2.689790205522017,183.0,2602,10.1
fixation,790630.6570000648,0.7576074488461018,0.5002155285328627,2.7678356170654297,2.6956787109375,133.0,2603,10.1
fixation,790847.3250000477,0.2793343948821227,0.280057347069184,2.7529830932617188,2.7716751098632812,200.0,2604,10.1
fixation,791080.6610000134,0.35539172047918494,0.2550101273439147,2.778694846413352,2.728579434481534,183.0,2605,10.1
fixation,791297.3310000896,0.4470844954252243,0.2575947940349579,2.7897415161132812,2.723674011230469,167.0,2606,10.1
fixation,791497.3360000849,0.5122923751672109,0.2575681598650085,2.787139892578125,2.7203742133246527,150.0,2607,10.1
fixation,791680.6690000296,0.5706975857416788,0.25079407956865096,2.774693806966146,2.70522223578559,150.0,2608,10.1
fixation,791864.0080000162,0.6287767916917801,0.25459966212511065,2.74466552734375,2.709580993652344,167.0,2609,10.1
fixation,792064.0080000162,0.6895634664429559,0.26089976065688664,2.7190619574652777,2.668824937608507,150.0,2610,10.1
fixation,792247.3450000286,0.7385020234755107,0.2541457435914448,2.7137374877929688,2.6519012451171875,233.0,2611,10.1
fixation,792514.0170000792,0.8215963058173656,0.22923277970403433,2.751497268676758,2.6803817749023438,134.0,2612,10.1
fixation,792764.0230000019,0.7622444440018047,0.2748123800212687,2.790835293856534,2.699136907404119,184.0,2613,10.1
fixation,793064.0300000906,0.18389671333134175,0.31294050216674807,2.792988586425781,2.740012359619141,334.0,2614,10.1
fixation,793414.0380001068,0.21760272700339556,0.3167443862184882,2.627446174621582,2.583977699279785,267.0,2615,10.1
fixation,793714.0400000811,0.2737743983666102,0.33045331835746766,2.5631734212239583,2.5556925455729167,250.0,2616,10.1
fixation,793980.7140001059,0.3028776901108878,0.33718838010515484,2.5211922781808034,2.538824898856027,117.0,2617,10.1
fixation,794130.7170000076,0.21901266276836395,0.3265256534020106,2.486342112223307,2.5204861958821616,200.0,2618,10.1
fixation,794347.3870000839,0.25523768241206807,0.3235999718308449,2.572442372639974,2.5655059814453125,200.0,2619,10.1
fixation,794564.057000041,0.2898225402459502,0.3356472197920084,2.701547622680664,2.690047264099121,267.0,2620,10.1
fixation,794847.3960000277,0.33399052917957306,0.3423812339703242,2.7721939086914062,2.73846435546875,108.0,2621,10.1
fixation,795130.73300004,0.3327482584863901,0.3503853417932987,2.7793216705322266,2.7561168670654297,133.0,2622,10.1
fixation,795297.4020000696,0.2580098106580622,0.3361995640922995,2.8429547478170956,2.805829216452206,283.0,2623,10.1
fixation,795597.4100000858,0.3567928940589939,0.3351019322872162,2.720141274588449,2.70623031317019,933.0,2624,10.1
fixation,796547.4280000925,0.4863399311900139,0.32592961490154265,2.679789733886719,2.6878982543945313,166.0,2625,10.1
fixation,796747.435000062,0.5738953799009323,0.322039857506752,2.6615577697753907,2.6602012634277346,341.0,2626,10.1
fixation,797314.1100000143,0.6001827035631452,0.33605232409068514,2.653564453125,2.639739990234375,109.0,2627,10.1
fixation,797464.1130000353,0.6643514252371259,0.3328051757481363,2.6683697170681424,2.6135737101236978,300.0,2628,10.1
fixation,797814.1190000772,0.766980787118276,0.3331301075716813,2.614832560221354,2.546614329020182,200.0,2629,10.1
fixation,798064.1230000257,0.5485125988721847,0.36909925788640974,2.617387390136719,2.6184036254882814,167.0,2630,10.1
fixation,798264.1320000887,0.438787616789341,0.42759062846501666,2.700220743815104,2.69354248046875,200.0,2631,10.1
fixation,798530.80400002,0.3692334363093743,0.42251034195606524,2.6897254356971154,2.6482649583082933,217.0,2632,10.1
fixation,798764.1430000067,0.4243223734877326,0.4241794076832858,2.622376875443892,2.599884033203125,184.0,2633,10.1
fixation,798964.1470000744,0.3339719384908676,0.4002371937036514,2.639117431640625,2.6249348958333334,250.0,2634,10.1
fixation,799264.1560000181,0.4737793877720833,0.3461115248501301,2.7098312377929688,2.6278228759765625,75.0,2635,NOTRIAL
fixation,799530.8300000429,0.6275489081939062,0.4709959982169999,2.816054026285807,2.7136963738335504,592.0,2636,NOTRIAL
fixation,800147.5070000887,0.6533477962017059,0.47364098727703097,2.836675008138021,2.742706298828125,250.0,2637,NOTRIAL
fixation,800430.8440001011,0.6497483417391777,0.7034328892827034,2.7405906677246095,2.6663139343261717,341.0,2638,NOTRIAL
fixation,800930.85800004,0.6202713911349956,0.24404228020172852,2.799610079251803,2.7149308424729566,1075.0,2639,NOTRIAL
fixation,802047.5520000458,0.6404068488627672,0.4662463525310159,2.801786422729492,2.732999801635742,274.0,2640,NOTRIAL
fixation,802497.5610001087,0.643941418691115,0.45793216810985043,2.8507843017578125,2.7720142711292612,358.0,2641,NOTRIAL
fixation,802897.5700000525,0.6607013758685853,0.70061979856756,2.7010184393988714,2.6613642374674478,300.0,2642,NOTRIAL
fixation,803214.242000103,0.6448660320960559,0.6971950244445068,2.6690409733698917,2.6279742901141825,442.0,2643,NOTRIAL
fixation,804214.259000063,0.5619943063510092,0.7576587874638406,2.5949771278782894,2.597895572060033,325.0,2644,NOTRIAL
fixation,805064.2770000696,0.48666202028592426,0.5215079511205355,2.8361994425455728,2.774807400173611,292.0,2645,NOTRIAL
fixation,805397.6130000353,0.36969797261830034,0.46273636021490755,2.731891500538793,2.7171717676623115,974.0,2646,NOTRIAL
fixation,806830.9740000963,0.4618477612733841,0.4501903464396795,2.924665323893229,2.825103759765625,242.0,2647,NOTRIAL
fixation,807097.6450001001,0.5040734918678508,0.4755811064558871,2.897724376005285,2.8214932610006893,566.0,2648,NOTRIAL
fixation,807714.3260000944,0.44451336562633514,0.6119182072579861,2.8092689514160156,2.7754249572753906,134.0,2649,9
fixation,807880.9960000515,0.28787993888060254,0.8580530550744798,2.8325602213541665,2.7780592176649304,150.0,2650,9
fixation,808047.6640000343,0.268612598379453,0.8796857330534193,2.8744371202256946,2.8106180826822915,150.0,2651,9
fixation,808231.0050001144,0.32132441848516463,0.8746292501688003,2.735772705078125,2.709027099609375,167.0,2652,9
fixation,808431.009000063,0.3704293370246887,0.8729247808456421,2.606390380859375,2.6353363037109374,84.0,2653,9
fixation,808531.0070000887,0.44199762046337127,0.880656997859478,2.5957687377929686,2.6648658752441405,334.0,2654,9
fixation,808881.0140000582,0.37356578026499065,0.8798267756189618,2.6886509486607144,2.7186279296875,117.0,2655,9
fixation,809014.3500000238,0.32481056451797485,0.8822971078065726,2.7164036677433896,2.694823044996995,216.0,2656,9
fixation,809264.3560000658,0.4009620760168348,0.8764142670801708,2.621875217982701,2.6694935389927457,233.0,2657,9
fixation,809547.6920000315,0.5110907600476191,0.8572766368205731,2.5558682955228367,2.5715672419621396,217.0,2658,9
fixation,809797.6980000734,0.5919088929891586,0.8679324835538864,2.6213104248046877,2.544297790527344,167.0,2659,9
fixation,809997.7000000477,0.6389298016826311,0.8671595429380735,2.7007764180501304,2.586034138997396,200.0,2660,9
fixation,810247.7040001154,0.7375478678279452,0.8698262770970663,2.685056898328993,2.631281534830729,158.0,2661,9
fixation,810564.3800001144,0.46001249126025606,0.566846462232726,2.774920872279576,2.723402840750558,225.0,2662,9
fixation,810814.3830000162,0.4376604954401652,0.46685762372281814,2.848085191514757,2.770355224609375,150.0,2663,9
fixation,810997.7200000286,0.5844538765294212,0.4787413233092853,2.883704049246652,2.7701568603515625,233.0,2664,9
fixation,811297.7260000706,0.3041946568659374,0.9160501190594265,2.809810093470982,2.7306910923549106,117.0,2665,9
fixation,811447.7250000238,0.2768840816091089,0.8753159291603986,2.8724733240464153,2.7404237634995403,283.0,2666,9
fixation,811747.7320001125,0.3597893943389257,0.8683692892392476,2.7717081705729165,2.6779754638671873,250.0,2667,9
fixation,812014.4020000696,0.39222420313779044,0.864216190927169,2.7103289435891544,2.6429057401769303,283.0,2668,9
fixation,812314.4110000134,0.4284258070919249,0.8755805293718973,2.662351820203993,2.637395222981771,150.0,2669,9
fixation,812497.7480000257,0.49417382904461454,0.8606110662221909,2.6296179635184154,2.6203111921037947,233.0,2670,9
fixation,812764.418000102,0.5503639206290245,0.8631969466805458,2.673044204711914,2.5992469787597656,133.0,2671,9
fixation,812931.0890001059,0.6006710691885515,0.8653209480372342,2.7517519864169033,2.625284368341619,184.0,2672,9
fixation,813131.0920000076,0.6311476664109663,0.8609054820104078,2.7803233753551138,2.6385012539950283,184.0,2673,9
fixation,813347.7630000114,0.6809510787328085,0.8656104107697805,2.7862574259440103,2.6522318522135415,100.0,2674,9
fixation,813481.0980000496,0.720682006329298,0.8658015877008438,2.755613327026367,2.6710777282714844,134.0,2675,9
fixation,813764.438000083,0.41693304665386677,0.613818671554327,2.8134937286376953,2.7977428436279297,125.0,2676,9
fixation,813931.1060000658,0.3856163114309311,0.6061790436506271,2.860368347167969,2.802655029296875,167.0,2677,9
fixation,814131.111000061,0.49998676114612156,0.5311884846952226,2.8487413194444446,2.753534952799479,150.0,2678,9
fixation,814314.4450000525,0.5978327736258506,0.4788672052323818,2.823395538330078,2.7347740173339843,341.0,2679,9
fixation,814847.7910000086,0.551335517849241,0.5311997149671827,2.8873814174107144,2.7838636125837053,109.0,2680,9
fixation,815047.7950000763,0.4244535993784666,0.6310094175860286,2.895585060119629,2.811159610748291,533.0,2681,9
fixation,815597.8050000668,0.40028026948372525,0.6189592902859052,2.81083615620931,2.7464377085367837,400.0,2682,9
fixation,816047.8110001087,0.5350252717733384,0.5244435489177703,2.8251632690429687,2.7281265258789062,167.0,2683,9
fixation,816231.1500000954,0.6021860023339589,0.4725846737623215,2.869867960611979,2.738202921549479,250.0,2684,9
fixation,816514.4900000095,0.5699672217552478,0.3632818093666664,3.030987079326923,2.875910832331731,216.0,2685,9
fixation,816764.4940000772,0.5285847764462233,0.35804145876318216,3.1159677505493164,2.957585334777832,266.0,2686,9
fixation,817081.168000102,0.43222830444574356,0.6559507220983505,3.0531829833984374,2.943048095703125,175.0,2687,9
fixation,817464.5040000677,0.3876093196518281,0.6586989497437197,2.9358332016888786,2.8524968764361214,275.0,2688,9
fixation,817814.5140000582,0.42364886746956754,0.3117079115830935,2.896496112530048,2.832794189453125,216.0,2689,9
fixation,818081.1840000153,0.5808755495609381,0.31475018461545307,3.0066806108523636,2.8637503599509215,650.0,2690,9
fixation,818781.199000001,0.6116773958007494,0.5894519363840421,3.077484130859375,2.9207852681477866,208.0,2691,9
fixation,819164.5390000343,0.578426830470562,0.4911449383944273,3.1036434173583984,2.9523983001708984,125.0,2692,9
fixation,819314.543000102,0.5999144888841189,0.48754219252329606,3.147992647611178,3.013353787935697,216.0,2693,9
fixation,819564.5440000296,0.4795107136170069,0.4992387523253759,3.143798828125,3.056706746419271,250.0,2694,9
fixation,819847.8890000582,0.5817348286509514,0.48536207601428033,3.11495361328125,2.9771377563476564,333.0,2695,9
fixation,820214.560000062,0.48892319202423096,0.4795372079719197,3.131795709783381,3.056008078835227,191.0,2696,FIX_CROS
fixation,820614.5680000782,0.49644831470821216,0.4764537947333377,2.9548356429390283,2.889435809591542,758.0,2697,FIX_CROS
fixation,821431.2510000467,0.3100198693573475,0.3726755939424038,2.8560333251953125,2.909954071044922,67.0,2698,9.2
fixation,821514.5850000381,0.22305277734994888,0.34851481517155963,2.7919286092122397,2.871587117513021,100.0,2699,9.2
fixation,821631.2550001144,0.19082107056270947,0.33895309404893353,2.761141690340909,2.821871670809659,184.0,2700,9.2
fixation,821847.9310001135,0.27219486023698536,0.33738851972988676,2.8056324550083707,2.817507062639509,233.0,2701,9.2
fixation,822097.932000041,0.340956565279227,0.3510753879180321,2.856385451096755,2.8534146822415867,217.0,2702,9.2
fixation,822331.2700001001,0.3778772751490275,0.3464953849713008,2.8896306355794272,2.891007741292318,200.0,2703,9.2
fixation,822547.9400000572,0.4510750149687131,0.3379730358719826,2.8865585327148438,2.8697992960611978,108.0,2704,9.2
fixation,822847.9470000267,0.4835874825716019,0.3397031307220459,2.812420654296875,2.820355224609375,75.0,2705,9.2
fixation,822964.614000082,0.5434593657652537,0.3315897007783254,2.834389241536458,2.8146453857421876,258.0,2706,9.2
fixation,823264.6230000257,0.5437002092599869,0.33969616144895554,2.78870849609375,2.7742294311523437,325.0,2707,9.2
fixation,823614.6270000935,0.606623704234759,0.34368206808964413,2.7922948201497397,2.7390162150065103,108.0,2708,9.2
fixation,823914.634000063,0.6482900721686227,0.3459705816847937,2.7468981061662947,2.676629202706473,108.0,2709,9.2
fixation,824064.634000063,0.6920980252325535,0.33486838452517986,2.773815155029297,2.698160171508789,266.0,2710,9.2
fixation,824347.9750000238,0.6728845819830894,0.3367506168782711,2.75205078125,2.681163787841797,333.0,2711,9.2
fixation,824697.9820001125,0.7112097210354276,0.33214886155393386,2.772713555230035,2.6890970865885415,150.0,2712,9.2
fixation,824864.6520000696,0.7451992159088453,0.33513108392556507,2.7748438517252603,2.687951405843099,200.0,2713,9.2
fixation,825081.3220000267,0.7993687276656811,0.3255912374991637,2.75762939453125,2.673998319185697,225.0,2714,9.2
fixation,825464.6620000601,0.21094133373763826,0.4211244318220351,2.7736104329427085,2.788204616970486,142.0,2715,9.2
fixation,825631.3330000639,0.18544359505176544,0.4264339113777334,2.8146320689808237,2.795718106356534,184.0,2716,9.2
fixation,825831.3350000381,0.2505024034868587,0.4300326962362636,2.7326008189808237,2.7076832164417612,183.0,2717,9.2
fixation,826031.3410000801,0.2898634279316122,0.427641668102958,2.6576274525035513,2.654502175071023,183.0,2718,9.2
fixation,826231.3430000544,0.33207329279846615,0.4264802734057109,2.661685519748264,2.6544070773654513,150.0,2719,9.2
fixation,826414.6780000925,0.3719019703567028,0.4254123295346896,2.6616592407226562,2.6623191833496094,200.0,2720,9.2
fixation,826631.3500000238,0.4378425596575988,0.43127654100719254,2.7234721936677633,2.6947688052528784,316.0,2721,9.2
fixation,826964.6890000105,0.4737695058186849,0.42836688458919525,2.815216064453125,2.7434463500976562,108.0,2722,9.2
fixation,827298.0270000696,0.212887708346049,0.34275466998418175,2.835645548502604,2.789080810546875,250.0,2723,9.2
fixation,827564.7000000477,0.26572474566372956,0.33704185350374744,2.897707852450284,2.800198641690341,183.0,2724,9.2
fixation,827764.7050000429,0.30913751274347306,0.33921816647052766,2.8466201782226563,2.764906311035156,167.0,2725,9.2
fixation,827964.7060000896,0.3506116010248661,0.34147634853919345,2.8615519205729165,2.792475382486979,200.0,2726,9.2
fixation,828181.381000042,0.3867475039192608,0.3379456198641232,2.8750926426478793,2.817206246512277,233.0,2727,9.2
fixation,828448.05400002,0.46490045956202913,0.3363130780912581,2.8962169828869047,2.8249925885881697,350.0,2728,9.2
fixation,828814.7270001173,0.5358208492398262,0.3334041628986597,2.8769283294677734,2.7830753326416016,141.0,2729,9.2
fixation,829148.0680000782,0.5560325852462223,0.3296814316085407,2.820319039481027,2.749598911830357,234.0,2730,9.2
fixation,829414.7430000305,0.46611077019146513,0.34906319209507536,2.868943350655692,2.8338590349469865,233.0,2731,9.2
fixation,829681.4160000086,0.5731480684545305,0.3382917079660628,2.813298543294271,2.715728759765625,150.0,2732,9.2
fixation,829864.7520000935,0.6219358200376685,0.33203921670263464,2.8223835338245737,2.715340354225852,183.0,2733,9.2
fixation,830081.4240000248,0.6827560012990778,0.33128938620740717,2.8215789794921875,2.718476728959517,183.0,2734,9.2
fixation,830281.4280000925,0.5709741871010084,0.3710241722034626,2.788841310611441,2.738299385446017,2100.0,2735,9.2
fixation,832398.1370000839,0.2714013487100601,0.4315571799874306,2.677412414550781,2.713117980957031,167.0,2736,9.2
fixation,832614.8120000362,0.3761377915740013,0.4254280269145966,2.710736083984375,2.719146728515625,333.0,2737,9.2
fixation,832964.8190000057,0.4227633694043526,0.42516835492390853,2.7307105431189904,2.720402644230769,217.0,2738,9.2
fixation,833214.8210000992,0.48831008916551416,0.4197982292283665,2.72650146484375,2.7052126797762783,183.0,2739,9.2
fixation,833414.8270000219,0.5342155814170837,0.42297898630301156,2.7302520751953123,2.699591064453125,250.0,2740,9.2
fixation,833714.8320000172,0.5944821124985105,0.4180026792344593,2.744352068219866,2.703849429175967,350.0,2741,9.2
fixation,834098.1730000973,0.6525090957681338,0.40813350056608516,2.7157605489095054,2.6779441833496094,200.0,2742,9.2
fixation,834314.8430000544,0.6759828220714222,0.41102617437189276,2.720672607421875,2.6749128861860796,183.0,2743,9.2
fixation,834514.8490000963,0.634320966899395,0.41711962036788464,2.7244319915771484,2.6781272888183594,133.0,2744,9.2
fixation,834681.5160000324,0.6985341136654218,0.4153234412272771,2.7372919718424478,2.66070556640625,200.0,2745,9.2
fixation,834898.188000083,0.6422781422734261,0.4139392115175724,2.7527332305908203,2.6881370544433594,267.0,2746,9.2
fixation,835181.5260000229,0.6707214552622575,0.4109418999690276,2.750981257512019,2.6708749624399037,216.0,2747,9.2
fixation,835431.5300000906,0.7434500495592753,0.4181815246740977,2.708958943684896,2.6429514567057293,250.0,2748,9.2
fixation,835714.8710000515,0.7965192322929701,0.4201589810351531,2.6931165059407554,2.6215858459472656,208.0,2749,9.2
fixation,836098.2130000591,0.2978923380374908,0.4890234112739563,2.7210372924804687,2.7342376708984375,159.0,2750,9.2
fixation,836298.2150000334,0.18072438678320715,0.5195338498143589,2.768706377814798,2.751844518324908,284.0,2751,9.2
fixation,836614.8870000839,0.2520935217087919,0.5176378894935955,2.6678702614524146,2.674618807705966,183.0,2752,9.2
fixation,836814.8940000534,0.299854071603881,0.5153306457731459,2.655760023328993,2.658933851453993,150.0,2753,9.2
fixation,836981.5610001087,0.35451018437743187,0.5189222196737925,2.684342702229818,2.6668014526367188,200.0,2754,9.2
fixation,837214.9000000954,0.4358747899532318,0.521254318455855,2.6880276997884116,2.6529566446940103,200.0,2755,9.2
fixation,837448.239000082,0.49677460826933384,0.5250857248902321,2.6864356994628906,2.640249252319336,134.0,2756,9.2
fixation,837598.2400000095,0.5510937841165633,0.5166588269528889,2.665004185267857,2.632634480794271,350.0,2757,9.2
fixation,837981.5750000477,0.5944136440753937,0.507734477519989,2.6656494140625,2.6206954956054687,166.0,2758,9.2
fixation,838164.9080001116,0.6500352365630013,0.5088273308106831,2.6627883911132812,2.621728079659598,233.0,2759,9.2
fixation,838414.9150000811,0.7172841819433066,0.5076703841869648,2.6688314584585338,2.6103597787710338,217.0,2760,9.2
fixation,838648.253000021,0.7525584459304809,0.5066061913967133,2.6853515625,2.625018310546875,167.0,2761,9.2
fixation,838831.5880000591,0.7877355976538225,0.5160090218890797,2.706053300337358,2.6359114213423296,183.0,2762,9.2
fixation,839031.5910000801,0.8251747531550271,0.5109031242983681,2.7111216953822543,2.6500985281808034,233.0,2763,9.2
fixation,839348.2610000372,0.4753762281366757,0.6146190485783986,2.706852504185268,2.688805716378348,234.0,2764,9.2
fixation,839598.2670000792,0.5058260560035706,0.6135807633399963,2.729442596435547,2.6793670654296875,75.0,2765,9.2
fixation,839981.6040000916,0.3486991338431835,0.38389792293310165,2.7199414571126304,2.695062001546224,200.0,2766,9.2
fixation,840214.9430000782,0.21336004187663396,0.34357699354489646,2.7601806640625,2.7358723958333333,250.0,2767,9.2
fixation,840664.9500000477,0.3258755788207054,0.3449921190738678,2.701580810546875,2.649272155761719,167.0,2768,9.2
fixation,840864.9530000687,0.41040253983094144,0.3400047031732706,2.7019242506760817,2.645624014047476,217.0,2769,9.2
fixation,841114.9580000639,0.4541018226971993,0.33752280244460475,2.713200495793269,2.6502486008864183,217.0,2770,9.2
fixation,841364.9560000896,0.5407223376360807,0.32988678325306287,2.7226604114879263,2.638631647283381,191.0,2771,9.2
fixation,841748.2960000038,0.5360398865663089,0.3297136907394116,2.754883986253005,2.6671905517578125,209.0,2772,9.2
fixation,841998.3000000715,0.6110049828886985,0.33189514130353925,2.757135772705078,2.6551658630371096,334.0,2773,9.2
fixation,842381.6370000839,0.7774296138021681,0.3355349865224626,2.731636895073785,2.624050564236111,158.0,2774,9.2
fixation,843148.3190000057,0.563386026373569,0.29964669405462896,2.948191703634059,2.8252479066240026,1559.0,2775,9.2
fixation,844731.6840000153,0.6405988136927286,0.47894012928009033,3.005767822265625,,100.0,2776,NOTRIAL
fixation,844848.3510000706,0.6361045688390732,0.48684222623705864,3.0081939697265625,2.8889312744140625,66.0,2777,NOTRIAL
fixation,844981.6900000572,0.4947783543783076,0.24680704389717065,2.9962280871821383,2.936061784332874,850.0,2778,NOTRIAL
fixation,845881.7040001154,0.5025935686296887,0.506766570938958,2.941801283094618,2.905549791124132,150.0,2779,NOTRIAL
fixation,846048.3760000467,0.5650503699268613,0.46597354859113693,2.9108854021344865,2.849424089704241,233.0,2780,NOTRIAL
fixation,846298.378000021,0.5026168136724404,0.4719180368951389,2.8793318612234935,2.8348590305873325,466.0,2781,NOTRIAL
fixation,846815.0550000668,0.41459589898586274,0.6949458837509155,2.794140625,2.751519775390625,84.0,2782,NOTRIAL
fixation,846931.7250000238,0.35870537512442646,0.7427098119960112,2.7464276482077206,2.7333230411305145,283.0,2783,NOTRIAL
fixation,847231.7290000916,0.34157335162162783,0.7314548075199128,2.707763671875,2.7002410888671875,167.0,2784,NOTRIAL
fixation,847465.0680000782,0.6282573342323303,0.7088679261505604,2.619156837463379,2.5574073791503906,267.0,2785,NOTRIAL
fixation,847765.0730000734,0.6033153661659786,0.7046324057238442,2.660768781389509,2.602257864815848,117.0,2786,NOTRIAL
fixation,847915.0750000477,0.6495986804366112,0.7145517244935036,2.69744873046875,2.6192728678385415,208.0,2787,NOTRIAL
fixation,848315.0810000896,0.5029663685709238,0.49747520685195923,2.769193649291992,2.730909983317057,392.0,2788,NOTRIAL
fixation,848748.4200000763,0.47899283841252327,0.8441671412438154,2.543299674987793,2.5912351608276367,266.0,2789,NOTRIAL
fixation,849081.759000063,0.489209877120124,0.3717644131845898,2.7697380913628473,2.72513665093316,150.0,2790,NOTRIAL
fixation,849265.0950000286,0.5119956168863509,0.2562521422902743,2.8138868543836804,2.741388956705729,150.0,2791,NOTRIAL
fixation,849448.432000041,0.6225983473387632,0.25420875508676877,2.8985470858487217,2.782284823330966,183.0,2792,NOTRIAL
fixation,849665.1010000706,0.5280474070459604,0.4106352720409632,2.914252281188965,2.84067440032959,267.0,2793,NOTRIAL
fixation,849948.4370000362,0.5533371773404134,0.46437332055098574,2.8654959235392825,2.808197236396897,1183.0,2794,NOTRIAL
fixation,851248.4590001106,0.4989435871442159,0.48030776033798855,2.8969853719075522,2.864790598551432,200.0,2795,NOTRIAL
fixation,851481.7980000973,0.33922213440140087,0.48557354509830475,2.889837900797526,2.8885523478190103,200.0,2796,NOTRIAL
fixation,851698.4660000801,0.3650975277026494,0.48353248139222466,2.801441446940104,2.8055318196614585,250.0,2797,NOTRIAL
fixation,851998.4710000753,0.6121796586296775,0.4838802082972093,2.732241543856534,2.696297385475852,183.0,2798,NOTRIAL
fixation,852198.4750000238,0.637267455458641,0.4713673268755277,2.7119903564453125,2.685785929361979,100.0,2799,NOTRIAL
fixation,852348.4760000706,0.5671109299768101,0.273459174416282,2.7432687932794746,2.7358918623490767,366.0,2800,NOTRIAL
fixation,852748.48300004,0.640686666736236,0.49030142105542696,2.691883380596454,2.66954099214994,433.0,2801,NOTRIAL
fixation,853215.1580001116,0.553201287984848,0.45370644330978394,2.691682815551758,2.6614551544189453,134.0,2802,NOTRIAL
fixation,853381.8260000944,0.4949521759622975,0.4648410583797254,2.7188616300884045,2.686628642835115,317.0,2803,NOTRIAL
fixation,853731.8330000639,0.5481239457925161,0.2730846218764782,2.7394841512044272,2.685187021891276,200.0,2804,NOTRIAL
fixation,853965.1700000763,0.6201142486598756,0.24814138644271427,2.7523125542534723,2.6962712605794272,300.0,2805,NOTRIAL
fixation,854281.8450000286,0.6397608309984207,0.2488893210887909,2.752056884765625,2.681593322753906,175.0,2806,NOTRIAL
fixation,854598.5180000067,0.5555226613174785,0.24478363381190735,2.7187985506924717,2.7038227428089487,175.0,2807,NOTRIAL
fixation,854798.5200001001,0.5425938242360165,0.24540386858739352,2.7525000321237663,2.731274253443668,316.0,2808,NOTRIAL
fixation,855131.8600000143,0.6292644785000727,0.2607303003852184,2.7324688251201925,2.7013925405649037,217.0,2809,NOTRIAL
fixation,855431.8650000095,0.5990946412086486,0.8408064842224121,2.532147216796875,2.56768798828125,91.0,2810,NOTRIAL
fixation,856048.5450000763,0.5015809411803881,0.4041978220144908,2.877879672580295,2.8228785196940103,292.0,2811,NOTRIAL
fixation,856381.8820000887,0.49890613244023435,0.46218737266784493,2.863328445789426,2.814500320789426,717.0,2812,FIX_CROS
fixation,857131.9000000954,0.47028146833181383,0.4597289517521858,2.85606689453125,2.8274581909179686,167.0,2813,9.1
fixation,857348.5710000992,0.2968832515180111,0.3231778107583523,2.9174766540527344,2.9021453857421875,66.0,2814,9.1
fixation,857448.5700000525,0.24235297304888567,0.3031716967622439,2.919783274332682,2.942133585611979,200.0,2815,9.1
fixation,857731.9090000391,0.3951116002031735,0.3040652328303882,2.9347501482282365,2.8774490356445312,233.0,2816,9.1
fixation,857998.5770000219,0.47323788785272175,0.3029078162378735,2.98260498046875,2.9013790554470487,300.0,2817,9.1
fixation,858331.9130001068,0.5374692916870117,0.2997564693291982,2.995538330078125,2.901947021484375,250.0,2818,9.1
fixation,858615.25,0.6154153076085177,0.29967709156599914,2.973459417169744,2.8790477405894888,184.0,2819,9.1
fixation,858831.9160000086,0.68283132314682,0.2946520045399666,2.9195281982421877,2.820819091796875,167.0,2820,9.1
fixation,859015.2490000725,0.7193735688924789,0.2964150992532571,2.8789939880371094,2.7925631205240884,200.0,2821,9.1
fixation,859248.5850000381,0.7672268390655518,0.2981309413909912,2.8196746826171877,2.7432952880859376,166.0,2822,9.1
fixation,859481.9190000296,0.6689908276585972,0.2985365241765976,2.7865618537454044,2.737509334788603,283.0,2823,9.1
fixation,859781.9200000763,0.7056984007358551,0.29555469900369646,2.83870849609375,2.7581527709960936,167.0,2824,9.1
fixation,859965.2570000887,0.7407702952623367,0.2974096477031708,2.8166427612304688,2.761944580078125,167.0,2825,9.1
fixation,860148.5900000334,0.7886595981461662,0.2928121423437482,2.7899634951636907,2.704405285063244,358.0,2826,9.1
fixation,860798.5930000544,0.763167679309845,0.29246319830417633,2.836014883858817,2.727118355887277,241.0,2827,9.1
fixation,861148.5950000286,0.21399288019165397,0.3772292351350188,2.845073699951172,2.860536575317383,258.0,2828,9.1
fixation,861431.92900002,0.2526660377780596,0.3854326178630193,2.829615275065104,2.794268798828125,250.0,2829,9.1
fixation,861715.2640000582,0.30360333900898695,0.39885168708860874,2.7663793563842773,2.741522789001465,267.0,2830,9.1
fixation,862015.2650001049,0.35420947860587726,0.4000741256908937,2.7713373357599433,2.7464946400035513,184.0,2831,9.1
fixation,862215.2670000792,0.3804865659851777,0.393464216276219,2.7595407586348686,2.7319528680098686,317.0,2832,9.1
fixation,862548.5980000496,0.4247321579605341,0.3908377066254616,2.7226600646972656,2.6730737686157227,266.0,2833,9.1
fixation,862848.6070001125,0.460126335422198,0.3827348831627104,2.7484232584635415,2.6819932725694446,150.0,2834,9.1
fixation,863015.2760000229,0.4978920966386795,0.3882976047694683,2.7961463928222656,2.714996337890625,334.0,2835,9.1
fixation,863365.2840000391,0.5495180620087518,0.37916479011376697,2.849795871310764,2.73799811469184,150.0,2836,9.1
fixation,863531.9530000687,0.49345917770495784,0.38229354184407455,2.8242034912109375,2.751957820012019,217.0,2837,9.1
fixation,863798.625,0.5807600369056066,0.37071814636389416,2.815476735432943,2.7043368021647134,200.0,2838,9.1
fixation,864015.2940000296,0.6316436664624647,0.36973795972087165,2.8018660111860796,2.707427978515625,184.0,2839,9.1
fixation,864215.2940000296,0.6853422592667973,0.37229302963789773,2.8049244600183822,2.7206304213579964,284.0,2840,9.1
fixation,864531.9680000544,0.7650127325739179,0.3741315262658255,2.8054515293666293,2.6969713483537947,233.0,2841,9.1
fixation,864848.6420000792,0.19948829497609818,0.4774172529578209,2.7267368861607144,2.765558515276228,233.0,2842,9.1
fixation,865098.6460000277,0.2455717405447593,0.4810839077601066,2.693616426908053,2.6958594689002404,216.0,2843,9.1
fixation,865331.98300004,0.28088560700416565,0.4747445583343506,2.6514300537109374,2.6685687255859376,417.0,2844,9.1
fixation,865781.992000103,0.33351121718684834,0.48047977313399315,2.70196533203125,2.714239756266276,200.0,2845,9.1
fixation,866015.3280000687,0.37870064526796343,0.47151783406734465,2.71065673828125,2.6999176025390623,167.0,2846,9.1
fixation,866198.6640000343,0.44387918214003247,0.47551138202349347,2.7081319173177083,2.6861846923828123,250.0,2847,9.1
fixation,866482.0020000935,0.5369970686733723,0.4702688567340374,2.710390090942383,2.6578264236450195,267.0,2848,9.1
fixation,866765.3440001011,0.590610927769116,0.46503440929310663,2.7000034877232144,2.6581551688058034,233.0,2849,9.1
fixation,867032.009000063,0.6812039725482464,0.46298207994550467,2.6647567749023438,2.648824691772461,267.0,2850,9.1
fixation,867332.0180000067,0.7236723845655267,0.4682206619869579,2.658597079190341,2.6199077259410513,184.0,2851,9.1
fixation,867548.688000083,0.7859511276086172,0.46231338878472644,2.6643439398871527,2.6106092664930554,158.0,2852,9.1
fixation,867848.6940000057,0.21524015441536903,0.5593421369791031,2.6130401611328127,2.7026046752929687,159.0,2853,9.1
fixation,868032.0310000181,0.19688205607235432,0.5622593611478806,2.6529617309570312,2.685760498046875,67.0,2854,9.1
fixation,868115.367000103,0.2733653215691447,0.5598488450050354,2.617422103881836,2.6457834243774414,266.0,2855,9.1
fixation,868398.7050000429,0.3408263400197029,0.5789187997579575,2.56378173828125,2.57952880859375,75.0,2856,9.1
fixation,868598.7070000172,0.40658241510391235,0.5725436508655548,2.5932655334472656,2.595714569091797,67.0,2857,9.1
fixation,868698.7120000124,0.4715699913601081,0.5752022763093313,2.58074951171875,2.5767199198404946,200.0,2858,9.1
fixation,868915.3830000162,0.5276857343587008,0.5822026919234883,2.5876034823330967,2.5735945268110796,183.0,2859,9.1
fixation,869132.0550000668,0.44757454097270966,0.5617207114895185,2.589982350667318,2.581488291422526,200.0,2860,9.1
fixation,869382.057000041,0.6526827622543682,0.5630344477566805,2.6084025989879263,2.553190751509233,184.0,2861,9.1
fixation,869598.7310000658,0.7050577700138092,0.5603207111358642,2.6116043090820313,2.575592041015625,167.0,2862,9.1
fixation,869798.7350000143,0.6056788734027317,0.5630810856819153,2.600435529436384,2.583918980189732,125.0,2863,9.1
fixation,870115.4070000648,0.6404072046279907,0.5487266480922699,2.6619224548339844,2.6072998046875,66.0,2864,9.1
fixation,870198.7440000772,0.6936896483103434,0.5516084353129069,2.7116719563802083,2.644645182291667,250.0,2865,9.1
fixation,870465.4150000811,0.7307460606098175,0.5526434535329993,2.6956745494495737,2.638455477627841,183.0,2866,9.1
fixation,870665.4190000296,0.782470201070492,0.560102967115549,2.6804351806640625,2.6106590857872596,216.0,2867,9.1
fixation,870932.0910000801,0.5110406895478566,0.6449363668759663,2.6605631510416665,2.6629964192708333,258.0,2868,9.1
fixation,871448.7670000792,0.5371088851243258,0.37790114898234606,2.7478294372558594,2.6953907012939453,259.0,2869,NOTRIAL
fixation,871748.7760000229,0.6103514976361218,0.25716810761129155,2.8019552791819855,2.721945369944853,283.0,2870,NOTRIAL
fixation,872065.4530000687,0.5580312255127676,0.26255499443103525,2.8620437095905173,2.7565823259024786,974.0,2871,NOTRIAL
fixation,873098.8050000668,0.5632405072450638,0.25565347746014594,2.9018844604492187,2.775746154785156,159.0,2872,NOTRIAL
fixation,873282.1410000324,0.5965322144329548,0.3427490834146738,2.921600341796875,2.808805465698242,134.0,2873,NOTRIAL
fixation,873432.1410000324,0.572175107896328,0.309722983588775,2.9497718811035156,2.871021270751953,200.0,2874,NOTRIAL
fixation,873682.1460000277,0.6546256244182587,0.5680489327226367,2.8682447160993303,2.793454851422991,117.0,2875,NOTRIAL
fixation,873832.1500000954,0.652202707529068,0.7102672532200813,2.827349853515625,2.7500228881835938,342.0,2876,NOTRIAL
fixation,874365.492000103,0.566573596917666,0.5419636254127209,2.782841609074519,2.728672907902644,208.0,2877,NOTRIAL
fixation,874615.4980000257,0.642632946633456,0.7009806941475785,2.7462527626439144,2.671661376953125,958.0,2878,NOTRIAL
fixation,875748.8480000496,0.5624709397554397,0.8329065024852753,2.599681091308594,2.570428466796875,167.0,2879,NOTRIAL
fixation,875965.5200001001,0.49163805445035297,0.5868954037626585,2.7695020039876304,2.7192052205403647,200.0,2880,NOTRIAL
fixation,876215.5220000744,0.5804074547792736,0.38415945125253576,2.788456967002467,2.704695852179276,316.0,2881,NOTRIAL
fixation,876565.5280001163,0.6337758660316467,0.44887798726558686,2.8266754150390625,2.764117431640625,91.0,2882,NOTRIAL
fixation,876965.5420000553,0.6306021422147751,0.22572834566235542,2.852978515625,2.769697570800781,166.0,2883,NOTRIAL
fixation,877165.5440000296,0.45518723378578824,0.23537490765253702,2.899023691813151,2.8694076538085938,200.0,2884,NOTRIAL
fixation,877382.2140001059,0.3924565385369694,0.2344598949832075,2.924570420209099,2.8675698673023895,284.0,2885,NOTRIAL
fixation,877682.2190001011,0.4543036616900388,0.22903730501146877,2.890870038200827,2.8051820642807903,284.0,2886,NOTRIAL
fixation,878015.557000041,0.3449444683159099,0.22487092544050777,2.8813243192784928,2.804901123046875,283.0,2887,NOTRIAL
fixation,878332.2320001125,0.42388475972872514,0.23461124759453994,2.8828840989332933,2.7702167217548075,217.0,2888,NOTRIAL
fixation,878582.2370001078,0.4849134062727292,0.2195221378157536,2.8255462646484375,2.7395146687825522,200.0,2889,NOTRIAL
fixation,878798.9070000648,0.5321836018044016,0.22361142998156341,2.801164710003397,2.7112420123556387,391.0,2890,NOTRIAL
fixation,879348.918000102,0.64164583791386,0.43975731053135614,2.848592584783381,2.7510535500266333,359.0,2891,NOTRIAL
fixation,879732.259000063,0.6198937945506152,0.454372780287967,2.8165785845588234,2.727809232823989,292.0,2892,NOTRIAL
fixation,880515.6070001125,0.4915650604586852,0.4914155226004751,2.847712466591283,2.768763491981908,308.0,2893,NOTRIAL
fixation,880848.9470000267,0.5015414202442536,0.47492514779934514,2.860325739933894,2.7719861544095554,433.0,2894,NOTRIAL
fixation,881315.6260000467,0.47832004955181706,0.4260126638870973,2.7927023080679088,2.7486783541165867,216.0,2895,15
fixation,881548.9650000334,0.4747104160487652,0.3330621663480997,2.6781959533691406,2.6333913803100586,267.0,2896,15
fixation,881832.3050000668,0.4339224411682649,0.409863450310447,2.757071755149148,2.7486100630326704,184.0,2897,15
fixation,882048.9770001173,0.5202439640249524,0.40925142807619913,2.8614676339285716,2.813408987862723,117.0,2898,15
fixation,882198.9820001125,0.44150764793157576,0.495933024585247,2.860968017578125,2.8392578125,167.0,2899,15
fixation,882398.9870001078,0.5298835225403309,0.491712330840528,2.879770278930664,2.851062774658203,267.0,2900,15
fixation,882715.6580001116,0.4352258056402206,0.5193847745656968,2.8870620727539062,2.865580749511719,166.0,2901,15
fixation,882898.9970000982,0.4253456046183904,0.5227529952923456,2.87408447265625,2.8580449422200522,100.0,2902,15
fixation,883032.3310000896,0.5013740211725235,0.5157755292378939,2.883679903470553,2.8349327674278846,217.0,2903,15
fixation,883282.3370000124,0.41445781749028426,0.5228171279797187,2.78494380070613,2.7786102294921875,216.0,2904,15
fixation,883532.3380000591,0.46436609625816344,0.517549604177475,2.8029541015625,2.7606246948242186,166.0,2905,15
fixation,883715.6750000715,0.5093378245830535,0.5115897089242936,2.772100830078125,2.738800048828125,83.0,2906,15
fixation,883915.6780000925,0.5708885888258616,0.5131008600195249,2.773493448893229,2.7224884033203125,108.0,2907,15
fixation,884265.6840000153,0.45313085296324324,0.6368012917893273,2.7653296334402904,2.7504980904715404,225.0,2908,15
fixation,884532.3560000658,0.5466513771277207,0.6276705035796533,2.767139141376202,2.7014195368840146,216.0,2909,15
fixation,884799.0300000906,0.424391371011734,0.8875979125499726,2.54278564453125,2.6322662353515627,167.0,2910,15
fixation,884982.367000103,0.39684487595444634,0.8889915077459245,2.5188082740420388,2.5916995093936013,350.0,2911,15
fixation,885349.0390000343,0.4211602583527565,0.8889339938759804,2.5369911193847656,2.5203323364257812,67.0,2912,15
fixation,885432.3720000982,0.41605468839406967,0.8816303238272667,2.490192413330078,2.5345191955566406,66.0,2913,15
fixation,885549.0470000505,0.4671890586614609,0.6333911096056303,2.6693903605143228,2.6122233072916665,200.0,2914,15
fixation,885782.3800001144,0.47386383078992367,0.4146689921617508,2.733274459838867,2.6565818786621094,133.0,2915,15
fixation,885932.3850001097,0.48635890930891035,0.3488681107759476,2.7560394287109373,2.6616058349609375,166.0,2916,15
fixation,886132.3860000372,0.44088768844421095,0.4352592917589041,2.7593477689302883,2.703765869140625,216.0,2917,15
fixation,886382.3880000114,0.47872795252239003,0.5130587623399847,2.824777939740349,2.733652451459099,283.0,2918,15
fixation,886682.3970000744,0.41748359905821936,0.5295516124793461,2.830686296735491,2.7542920793805803,233.0,2919,15
fixation,886949.066000104,0.48211317261060077,0.5148994227250417,2.7591451009114585,2.662562052408854,100.0,2920,15
fixation,887082.4000000954,0.5647406329711279,0.5166348020235697,2.72564697265625,2.6084264119466147,100.0,2921,15
fixation,887249.0720000267,0.4232949343594638,0.8793445066972212,2.549345536665483,2.5655448219992896,184.0,2922,15
fixation,887449.0760000944,0.47875756919384005,0.881005871295929,2.621293640136719,2.5844024658203124,167.0,2923,15
fixation,887632.4120000601,0.5343395559226766,0.8504908488077276,2.638545316808364,2.5397877412683822,283.0,2924,15
fixation,887932.4170000553,0.5788322895765304,0.854457539319992,2.5917892456054688,2.510626220703125,166.0,2925,15
fixation,888115.75,0.6170936856004927,0.8644113209512498,2.651216295030382,2.494110107421875,150.0,2926,15
fixation,888315.7520000935,0.4919617197343281,0.5764276896204267,2.709936959402902,2.643395560128348,117.0,2927,15
fixation,888465.7540000677,0.4790572153945123,0.3992607156115194,2.8161313456873738,2.736295146326865,1033.0,2928,15
fixation,889515.7620000839,0.5394010821978251,0.3977564404408137,2.8148183186848956,2.73780517578125,258.0,2929,15
fixation,889932.432000041,0.5020695179700851,0.3982616066932678,2.8575541178385415,2.7924872504340277,142.0,2930,15
fixation,890115.7660000324,0.4168236342569192,0.5060150822003683,2.8420626322428384,2.7975489298502603,200.0,2931,15
fixation,890349.0980000496,0.4991959896352556,0.48031725651688045,2.790134006076389,2.719657050238715,150.0,2932,15
fixation,890532.435000062,0.44923960736819674,0.5271877220698765,2.769655500139509,2.7252110072544644,116.0,2933,15
fixation,890665.7690000534,0.41267175430601294,0.5305592228065837,2.812802401455966,2.7801361083984375,183.0,2934,15
fixation,890865.7710000277,0.4621127337217331,0.5280114978551864,2.85528564453125,2.7755172729492186,167.0,2935,15
fixation,891065.7730000019,0.5277882681952583,0.5203329225381216,2.8108334011501737,2.7226715087890625,150.0,2936,15
fixation,891249.1060000658,0.5700050837853375,0.5149838801692513,2.7903496237362133,2.7039767994600186,284.0,2937,15
fixation,891549.1070001125,0.4888206587897407,0.4362838599416945,2.8891482883029513,2.815212673611111,300.0,2938,15
fixation,891865.7800000906,0.4887160286307335,0.3653529938310385,3.0121936798095703,2.889333724975586,133.0,2939,15
fixation,892049.1130000353,0.4606130123138428,0.5907442910330636,3.046628679547991,2.922846112932478,234.0,2940,15
fixation,892365.7840000391,0.43556449910004935,0.524175767103831,3.057419840494792,2.919571940104167,250.0,2941,15
fixation,892632.4510000944,0.4943245738744736,0.5181400597095489,3.0070770263671873,2.8436248779296873,83.0,2942,15
fixation,892732.4510000944,0.5454798887173334,0.510537076741457,2.985382080078125,2.8404541015625,208.0,2943,15
fixation,893082.4580000639,0.4794688920180003,0.44044722318649293,3.0106964111328125,2.927629597981771,242.0,2944,FIX_CROS
fixation,893349.1270000935,0.4995421803877002,0.4641629244948997,2.9683655285444415,2.893167214315446,1017.0,2945,FIX_CROS
fixation,894399.1440000534,0.386605645219485,0.3003503912025028,2.9873182508680554,2.9565531412760415,150.0,2946,15.2
fixation,894582.48300004,0.2923085441191991,0.29356501748164493,2.932373046875,2.9438578287760415,100.0,2947,15.2
fixation,894732.4870001078,0.49634668231010437,0.2894095414214664,2.968385484483507,2.9221089680989585,150.0,2948,15.2
fixation,894915.8220000267,0.4179629749721951,0.29821665585041046,2.968080308702257,2.9187249077690973,150.0,2949,15.2
fixation,895082.4910000563,0.40233641697300804,0.29907672272788155,2.980682373046875,2.9376288519965277,150.0,2950,15.2
fixation,895249.1610000134,0.46202344447374344,0.296172202697822,2.9607979910714284,2.894177028111049,234.0,2951,15.2
fixation,895515.8290001154,0.5153528481721878,0.29725995361804963,2.9350006103515627,2.874983215332031,167.0,2952,15.2
fixation,895699.1670000553,0.5658391443165866,0.2923868122425946,2.905122236772017,2.8296453302556817,184.0,2953,15.2
fixation,895899.1710000038,0.6218816752617176,0.2928380175278737,2.8872234637920675,2.8184673602764425,217.0,2954,15.2
fixation,896149.1760001183,0.6982985774676005,0.29213200410207113,2.878057861328125,2.7925313313802085,250.0,2955,15.2
fixation,896449.1800000668,0.46957124556813923,0.29248735095773426,2.853613717215402,2.8251451764787947,117.0,2956,15.2
fixation,896615.8510000706,0.6184526458382607,0.28659160155802965,2.9017629623413086,2.8115978240966797,267.0,2957,15.2
fixation,896915.8540000916,0.7281445929637322,0.292341322853015,2.9197927621694713,2.824468759390024,217.0,2958,15.2
fixation,897165.85800004,0.8124095350503922,0.2843623438051769,2.9116723196847096,2.8133087158203125,241.0,2959,15.2
fixation,897515.864000082,0.21813387085090985,0.37998689033768396,2.8953899036754263,2.915641091086648,183.0,2960,15.2
fixation,897715.867000103,0.19287281618876892,0.38908111371777276,2.9263180819424717,2.885771317915483,183.0,2961,15.2
fixation,898015.8740000725,0.6668128901057773,0.29279622270001304,2.8507012261284723,2.6895921495225696,150.0,2962,15.2
fixation,898182.5450000763,0.6185848905759699,0.30542805089670066,2.8695732565487133,2.747876335592831,283.0,2963,15.2
fixation,898482.5470000505,0.5780163960797446,0.3059966095856258,2.8777051653180803,2.7984204973493303,116.0,2964,15.2
fixation,898632.5520000458,0.6823111964123589,0.3016453672732626,2.8612845284598216,2.801459176199777,233.0,2965,15.2
fixation,898899.2240000963,0.7326186807716594,0.30181004895883445,2.8975336411420036,2.811379825367647,284.0,2966,15.2
fixation,899199.2290000916,0.7906693986483982,0.2926422825881413,2.903592790876116,2.815427507672991,125.0,2967,15.2
fixation,899499.23300004,0.7577941103985435,0.2974132620974591,2.9522528397409538,2.844796431692023,309.0,2968,15.2
fixation,899849.2410000563,0.8013536371290684,0.2940107360482216,2.959005355834961,2.837766647338867,142.0,2969,15.2
fixation,900165.9130001068,0.20600581262260675,0.3791993511840701,2.8908443450927734,2.9044246673583984,267.0,2970,15.2
fixation,900532.5880000591,0.7083900935120053,0.31776706874370575,2.8674248589409723,2.7336001925998263,150.0,2971,15.2
fixation,900715.9240000248,0.5331518329106845,0.29426414576860577,2.819715059720553,2.7616659311147838,217.0,2972,15.2
fixation,900999.2640000582,0.3787390153322901,0.29810996460063116,2.939436776297433,2.8597946166992188,234.0,2973,15.2
fixation,901249.2680000067,0.4215613678097725,0.3020099401473999,2.9772911071777344,2.8572511672973633,267.0,2974,15.2
fixation,901549.2750000954,0.39453277364373207,0.38587927259504795,2.9595985412597656,2.839059829711914,134.0,2975,15.2
fixation,901715.9430000782,0.2993136987090111,0.3970226190984249,2.9604766845703123,2.8637062072753907,333.0,2976,15.2
fixation,902115.9500000477,0.4845561878039287,0.6597061569874103,2.8696382962740383,2.73843501164363,225.0,2977,15.2
fixation,902465.9570000172,0.30284736222691006,0.4187321811914444,2.893614027235243,2.828191121419271,142.0,2978,15.2
fixation,902632.6270000935,0.32652394026517867,0.40693518966436387,2.9271774291992188,2.813673400878906,166.0,2979,15.2
fixation,902832.6300001144,0.39856672286987305,0.3945248931646347,2.924560546875,2.79937744140625,166.0,2980,15.2
fixation,903032.6350001097,0.4477516793542438,0.3947606682777405,2.8951839870876737,2.7555474175347223,150.0,2981,15.2
fixation,903199.3030000925,0.5033101667376125,0.3972417957642499,2.900377161362592,2.7720588235294117,284.0,2982,15.2
fixation,903515.9760000706,0.5431778977314631,0.38587090621391934,2.875873565673828,2.7625935872395835,200.0,2983,15.2
fixation,903782.6480000019,0.2609871536493301,0.3900286048650742,2.812677001953125,2.7812484741210937,166.0,2984,15.2
fixation,903982.6510000229,0.3208339200778441,0.3916187421842055,2.893189863725142,2.8135223388671875,183.0,2985,15.2
fixation,904199.3210000992,0.3659080808812922,0.38570951602675696,2.901457353071733,2.8236125599254263,184.0,2986,15.2
fixation,904399.3270000219,0.4254344754985401,0.38947324241910664,2.8737803867885043,2.7888031005859375,234.0,2987,15.2
fixation,904649.3280000687,0.46969378942793066,0.3940452459183606,2.8411102294921875,2.7646928267045454,184.0,2988,15.2
fixation,904865.9990000725,0.5282432599501177,0.39066666906530206,2.815529563210227,2.7285392067649146,184.0,2989,15.2
fixation,905066.003000021,0.5736179947853088,0.38595292866230013,2.796661376953125,2.702778625488281,167.0,2990,15.2
fixation,905266.006000042,0.6284061116831643,0.3832992634602955,2.7602081298828125,2.669041224888393,125.0,2991,15.2
fixation,905582.67900002,0.6825294643640518,0.3712002009153366,2.6965347290039063,2.6331390380859374,159.0,2992,15.2
fixation,905782.682000041,0.7366106460491816,0.370771133651336,2.756707509358724,2.669508616129557,200.0,2993,15.2
fixation,906016.0190000534,0.7736855020394197,0.37507434390686656,2.686343218829181,2.61261646167652,617.0,2994,15.2
fixation,906649.364000082,0.8120459258556366,0.36557021339734397,2.713060506184896,2.648909505208333,258.0,2995,15.2
fixation,907066.0340000391,0.22076688148081303,0.4570848209162553,2.733320871988932,2.7676989237467446,192.0,2996,15.2
fixation,907282.7110000849,0.18918518206247917,0.47290839140231794,2.7005756084735575,2.6811429537259617,217.0,2997,15.2
fixation,907532.7110000849,0.2864472744986415,0.47628554329276085,2.633932113647461,2.611140251159668,267.0,2998,15.2
fixation,907816.0480000973,0.31756995990872383,0.47885225092371303,2.6628379821777344,2.6495145161946616,200.0,2999,15.2
fixation,908032.7180000544,0.41143460720777514,0.47226575314998626,2.669158935546875,2.649279022216797,333.0,3000,15.2
fixation,908399.3960000277,0.4509896691888571,0.4752576295286417,2.7044315338134766,2.652254104614258,133.0,3001,15.2
fixation,908566.066000104,0.5039789719241006,0.4656965360045433,2.692455836704799,2.6238392421177457,234.0,3002,15.2
fixation,908832.742000103,0.5972039419061997,0.4630328697316787,2.694437363568474,2.630655625287224,283.0,3003,15.2
fixation,909132.7510000467,0.6560903191566467,0.4579581443001242,2.6670074462890625,2.6162908217486214,283.0,3004,15.2
fixation,909449.4220000505,0.7016140791502866,0.46146821162917395,2.6391754150390625,2.5946807861328125,183.0,3005,15.2
fixation,909649.4300000668,0.7363624006509781,0.46391445249319074,2.641706848144531,2.587896728515625,166.0,3006,15.2
fixation,909832.7640000582,0.7849069301571164,0.4594618720667703,2.6448898315429688,2.577146257672991,233.0,3007,15.2
fixation,910166.10800004,0.2523435512557626,0.5690531060099602,2.615920066833496,2.672952651977539,267.0,3008,15.2
fixation,910449.4480000734,0.2377676491936048,0.5667721993393369,2.601842244466146,2.6175469292534723,150.0,3009,15.2
fixation,910616.1190000772,0.30028615466185976,0.5607280688626426,2.4770289829799106,2.528569902692522,234.0,3010,15.2
fixation,910882.7920000553,0.39576156238714855,0.5701414088408152,2.50885009765625,2.5211863199869793,250.0,3011,15.2
fixation,911166.1370000839,0.5029933906736828,0.5595657697745732,2.5545545305524553,2.542356218610491,350.0,3012,15.2
fixation,911532.8090000153,0.5564073920249939,0.5562769820292791,2.5395821465386286,2.5181299845377603,300.0,3013,15.2
fixation,911866.1540000439,0.49195897951722145,0.4780401214957237,2.5946617126464844,2.5644798278808594,75.0,3014,15.2
fixation,912116.1590000391,0.5018887042999267,0.46202424317598345,2.6506301879882814,2.5950332641601563,159.0,3015,15.2
fixation,912332.8310000896,0.34845422295963063,0.2976717142497792,2.757872637580423,2.717454798081342,283.0,3016,15.2
fixation,912666.1740000248,0.4718058109283447,0.518184171481566,2.7073516845703125,2.608309659090909,184.0,3017,15.2
fixation,912866.1800000668,0.5030439987778663,0.4744852647185326,2.708001708984375,2.608351135253906,167.0,3018,15.2
fixation,913066.185000062,0.5753888677467,0.4610924639485099,2.680418534712358,2.5913737903941763,184.0,3019,15.2
fixation,913282.8530000448,0.6300722767006267,0.4542995352636684,2.6472722833806817,2.5837971080433237,183.0,3020,15.2
fixation,913482.8570001125,0.6729497015476227,0.46199702057573533,2.658420138888889,2.5874464246961804,150.0,3021,15.2
fixation,913649.5270000696,0.7223399396126087,0.4639744082322487,2.676214364858774,2.6031423715444713,216.0,3022,15.2
fixation,913899.5300000906,0.7851580083370209,0.4534902013838291,2.6890621185302734,2.597951889038086,141.0,3023,15.2
fixation,914199.5380001068,0.19593878022649072,0.5525520606474443,2.6591658158735796,2.6904532692649146,175.0,3024,15.2
fixation,914399.5390000343,0.24396814577854598,0.5558069164936359,2.676611093374399,2.644780085637019,216.0,3025,15.2
fixation,914649.543000102,0.3062051564455032,0.5673216044902801,2.5902984619140623,2.611366780598958,250.0,3026,15.2
fixation,914916.2150000334,0.35268980264663696,0.5697227656841278,2.669659423828125,2.6618637084960937,167.0,3027,15.2
fixation,915099.5510001183,0.4025806859135628,0.5717889130115509,2.679890441894531,2.653215026855469,166.0,3028,15.2
fixation,915316.2230000496,0.49250112995505335,0.568626594543457,2.6467918395996093,2.616294097900391,334.0,3029,15.2
fixation,915666.2300000191,0.5431182210644087,0.5695182954271635,2.635908762613932,2.594804128011068,200.0,3030,15.2
fixation,915882.8970000744,0.5966695655475963,0.5510484738783403,2.556404807350852,2.573465520685369,183.0,3031,15.2
fixation,916082.9020000696,0.6493218486959283,0.5481485805728219,2.614937522194602,2.562925858931108,183.0,3032,15.2
fixation,916282.9040000439,0.6904162590702375,0.5505928794542948,2.637049357096354,2.5801607767740884,200.0,3033,15.2
fixation,916516.2440000772,0.7413177222013474,0.5556087404489517,2.6327423095703124,2.6042526245117186,167.0,3034,15.2
fixation,916716.2460000515,0.787760466337204,0.5506418687956673,2.658381870814732,2.6130480085100447,125.0,3035,15.2
fixation,916982.9200000763,0.4378820048137145,0.4520662074739283,2.6741443980823862,2.6676455411044033,183.0,3036,15.2
fixation,917182.9220000505,0.44032001681625843,0.39578469656407833,2.752704620361328,2.7023162841796875,133.0,3037,15.2
fixation,917349.5930000544,0.3870803564786911,0.3897405005991459,2.7980270385742188,2.747232437133789,133.0,3038,15.2
fixation,917516.2580000162,0.2706741690635681,0.3870552439581264,2.795594648881392,2.7251767245205967,184.0,3039,15.2
fixation,917732.92900002,0.34536750780211556,0.3905419045024448,2.8098890516493054,2.7177497016059027,150.0,3040,15.2
fixation,917932.9330000877,0.49482038354172425,0.3804476497804417,2.8464723474839153,2.7132990220013786,283.0,3041,15.2
fixation,918249.6030000448,0.5484724193811417,0.3812681183218956,2.9371597290039064,2.7909515380859373,166.0,3042,15.2
fixation,918432.9450000525,0.5864217542111874,0.38186677545309067,2.9656715393066406,2.800508499145508,133.0,3043,15.2
fixation,918599.6210000515,0.6389847653252738,0.38427755662373136,2.9712960379464284,2.826135907854353,233.0,3044,15.2
fixation,918866.2970000505,0.7096101343631744,0.3848225680681375,2.9466623159555287,2.802831796499399,217.0,3045,15.2
fixation,919116.2920000553,0.7682038873434067,0.384079273045063,2.891644287109375,2.74036865234375,175.0,3046,15.2
fixation,919649.6450001001,0.43445614278316497,0.2861287549138069,2.9191360473632812,2.8807220458984375,158.0,3047,15.2
fixation,919866.3180000782,0.6170549624496036,0.28865806261698407,2.93499755859375,2.763400607638889,150.0,3048,15.2
fixation,920066.3210000992,0.4560586605221033,0.28842500410974026,2.8219127655029297,2.7382640838623047,134.0,3049,15.2
fixation,920232.989000082,0.34716001003980634,0.30010305941104887,2.7545822143554686,2.7193313598632813,167.0,3050,15.2
fixation,920432.9960000515,0.2570002923409144,0.28691485623518626,2.7505126953125,2.6991038004557293,258.0,3051,15.2
fixation,920883.0070000887,0.5230762912676885,0.4800714667026813,2.785297100360577,2.6891679030198317,209.0,3052,NOTRIAL
fixation,921133.0130000114,0.6396591484546661,0.4546860039234161,2.876761627197266,2.7760498046875,334.0,3053,NOTRIAL
fixation,921483.0170000792,0.6250394284725189,0.47751997659603757,2.883525848388672,2.767857869466146,200.0,3054,NOTRIAL
fixation,921733.0280001163,0.6449390621412368,0.7287772808756147,2.825079781668527,2.714896792457217,350.0,3055,NOTRIAL
fixation,922149.7040001154,0.37673458186062897,0.7370691001415253,2.7337285822088067,2.7374434037642046,183.0,3056,NOTRIAL
fixation,922349.7090001106,0.35153962671756744,0.720859709111127,2.7936664928089487,2.758665605024858,183.0,3057,NOTRIAL
fixation,922549.7130000591,0.37239030996958417,0.723135898510615,2.802576700846354,2.752793629964193,200.0,3058,NOTRIAL
fixation,922766.3860000372,0.34217394211075525,0.7243970740925182,2.7501595237038354,2.708222822709517,191.0,3059,NOTRIAL
fixation,923116.3900001049,0.3553434347822553,0.7326930747145698,2.7578335716610862,2.6808413550967263,342.0,3060,NOTRIAL
fixation,923483.066000104,0.37137165133442196,0.724687974367823,2.7022290910993303,2.6514794485909596,234.0,3061,NOTRIAL
fixation,923766.4070000648,0.5721628559487206,0.7069483590977532,2.659956795828683,2.5495943341936385,233.0,3062,NOTRIAL
fixation,924033.0730000734,0.6491024211833352,0.7164056693252764,2.6855340254934212,2.5956806383634867,317.0,3063,NOTRIAL
fixation,924383.0810000896,0.5412917164239016,0.7056636132977225,2.6925478848544033,2.631527987393466,184.0,3064,NOTRIAL
fixation,924599.756000042,0.3723438349035051,0.7264671557479434,2.702241685655382,2.715727064344618,150.0,3065,NOTRIAL
fixation,924783.0910000801,0.5146557917961707,0.6981969796694242,2.7356719970703125,2.6498436560997596,217.0,3066,NOTRIAL
fixation,925049.7620000839,0.5850070863962173,0.46094268560409546,2.8149505615234376,2.7040374755859373,167.0,3067,NOTRIAL
fixation,925233.1000000238,0.6273877230974344,0.4717096101779204,2.858338576096755,2.736951387845553,217.0,3068,NOTRIAL
fixation,925466.4360001087,0.6029696278274059,0.4737313333898783,2.881145477294922,2.7673301696777344,133.0,3069,NOTRIAL
fixation,925616.438000083,0.6453129351139069,0.4738494391952242,2.809539794921875,2.7156764439174106,124.0,3070,NOTRIAL
fixation,925949.7790000439,0.616891298443079,0.4791887644678354,2.756105422973633,2.6713333129882812,125.0,3071,NOTRIAL
fixation,926099.7800000906,0.5808237833636147,0.5261525405304772,2.786504473005022,2.6901659284319197,233.0,3072,NOTRIAL
fixation,926349.7840000391,0.633355975151062,0.4912190428003669,2.7154464721679688,2.651945114135742,267.0,3073,NOTRIAL
fixation,926633.1220000982,0.6054865509271622,0.47604412734508517,2.6896759033203126,2.644084167480469,167.0,3074,NOTRIAL
fixation,926816.4590001106,0.633283234304852,0.46308431691593593,2.6874254014756946,2.6352301703559027,150.0,3075,NOTRIAL
fixation,926999.793000102,0.5671810323283786,0.46186838973136174,2.704226539248512,2.657262166341146,350.0,3076,NOTRIAL
fixation,927399.8000000715,0.5769526213407516,0.26445113960653543,2.763059616088867,2.6659469604492188,133.0,3077,NOTRIAL
fixation,927549.8060001135,0.6335849730031831,0.2578127990875925,2.774932861328125,2.694749014718192,467.0,3078,NOTRIAL
fixation,928033.1480000019,0.6184220165014267,0.2572943685310228,2.7786385672433034,2.6932525634765625,234.0,3079,NOTRIAL
fixation,928283.1540000439,0.5711147256435887,0.2560217813138039,2.8120929348853325,2.7054625480405745,525.0,3080,NOTRIAL
fixation,928949.8360000849,0.5891630730845712,0.2508264272050424,2.830202969637784,2.7297737815163354,183.0,3081,NOTRIAL
fixation,929149.8400000334,0.5690090145383563,0.25265427944915636,2.8687264578683034,2.756322588239397,233.0,3082,NOTRIAL
fixation,929399.8480000496,0.5152658600556222,0.2545287028739327,2.865077771638569,2.7847282008120886,317.0,3083,NOTRIAL
fixation,929733.1890000105,0.4975445866584778,0.2588847428560257,2.93868901179387,2.85549809382512,217.0,3084,NOTRIAL
fixation,929999.8620001078,0.6121244153806141,0.25523130276373457,2.929173060825893,2.8157250540597096,233.0,3085,NOTRIAL
fixation,930299.8680000305,0.3571600715319316,0.26204905783136684,2.9389737447102866,2.8896484375,208.0,3086,NOTRIAL
fixation,930616.543000102,0.6546468800968595,0.5025275266832776,2.940495808919271,2.803156534830729,142.0,3087,NOTRIAL
fixation,930783.2130000591,0.6281760253689506,0.47519327022812585,2.934030706232244,2.812265569513494,184.0,3088,NOTRIAL
fixation,931016.5530000925,0.4787145388476989,0.2652854849310482,2.9047259162454044,2.8284238927504597,291.0,3089,NOTRIAL
fixation,931499.8970000744,0.5625683111803872,0.4522325268813542,2.9087916782924106,2.8256443568638394,109.0,3090,NOTRIAL
fixation,931649.9000000954,0.6314159065485001,0.4772442072629929,2.8553746541341147,2.756646219889323,500.0,3091,NOTRIAL
fixation,932199.9140000343,0.5076628362431246,0.3983466099290287,2.784549488740809,2.723358154296875,283.0,3092,NOTRIAL
fixation,932533.2570000887,0.58759680762887,0.270407535135746,2.840700149536133,2.7433547973632812,134.0,3093,NOTRIAL
fixation,932683.2600001097,0.6239599926131112,0.25557711010887507,2.913901919410342,2.7834349132719494,350.0,3094,NOTRIAL
fixation,933066.6030000448,0.4995240751239989,0.256408433119456,2.91292487250434,2.8250223795572915,150.0,3095,NOTRIAL
fixation,933233.2720000744,0.5408259878555933,0.25063736488421756,2.87701416015625,2.79205322265625,100.0,3096,NOTRIAL
fixation,933383.2760000229,0.34131719347308664,0.2538674614008735,2.875020644244026,2.8175129609949447,284.0,3097,NOTRIAL
fixation,933716.614000082,0.48305573035031557,0.25116075202822685,2.8925743103027344,2.7783823013305664,274.0,3098,NOTRIAL
fixation,934149.9580000639,0.41747985370457175,0.2679383672773838,2.844460296630859,2.7829700469970704,659.0,3099,NOTRIAL
fixation,934866.6380000114,0.3543351559954531,0.4887431938858593,2.7616545733283546,2.7057037353515625,566.0,3100,NOTRIAL
fixation,935483.3150000572,0.5828788429498672,0.46771145462989805,2.68916015625,2.603804016113281,167.0,3101,NOTRIAL
fixation,935683.3190000057,0.632263907790184,0.47313075214624406,2.691578674316406,2.6157135009765624,167.0,3102,NOTRIAL
fixation,935866.6560000181,0.5645330920815468,0.45820822815100354,2.689131418863932,2.6556612650553384,200.0,3103,NOTRIAL
fixation,936099.992000103,0.5073140747845173,0.44967434369027615,2.6796646118164062,2.6505985260009766,133.0,3104,NOTRIAL
fixation,936299.9970000982,0.5035959826065943,0.7688870200744042,2.5295327993539662,2.5402925931490383,217.0,3105,NOTRIAL
fixation,936533.3350000381,0.4999677203595638,0.7167655751109123,2.6078128814697266,2.5250463485717773,266.0,3106,NOTRIAL
fixation,936816.6750000715,0.4796251207590103,0.7882345567146937,2.4666035970052085,2.5009231567382812,108.0,3107,NOTRIAL
fixation,937116.6770000458,0.4336670334850039,0.29443015456199645,2.764300101143973,2.696600341796875,575.0,3108,NOTRIAL
fixation,937750.0220000744,0.49093613663205393,0.435698286526733,2.8479526661060475,2.779843083134404,900.0,3109,FIX_CROS
fixation,938683.3800001144,0.39147498706976575,0.47466012504365707,2.8367733425564237,2.7884063720703125,150.0,3110,15.1
fixation,938866.7150000334,0.2949037005503972,0.4744812432262633,2.7673746744791665,2.750244140625,150.0,3111,15.1
fixation,939066.7190001011,0.5090374648571014,0.46166347644545813,2.7983772971413354,2.7245955033735796,183.0,3112,15.1
fixation,939283.3920000792,0.6156948788298501,0.454310761557685,2.8298161824544272,2.7784847683376737,300.0,3113,15.1
fixation,939600.0640000105,0.681613854236073,0.4586711708042357,2.812546624077691,2.7667719523111978,300.0,3114,15.1
fixation,939916.7400000095,0.7398905533331411,0.4673097139155423,2.8281447799117476,2.7538779929832176,450.0,3115,15.1
fixation,940383.4160000086,0.6793426838186052,0.46666427784495884,2.8495432535807286,2.7997368706597223,158.0,3116,15.1
fixation,940700.0870000124,0.6824027483279889,0.45905851935729003,2.783830300355569,2.7299879025190306,642.0,3117,15.1
fixation,941383.4390000105,0.5683652054179799,0.4649945456873287,2.738456032492898,2.728300614790483,183.0,3118,15.1
fixation,941600.1090000868,0.4956516506416457,0.4702445960470608,2.7773328508649553,2.7715770176478793,234.0,3119,15.1
fixation,941883.4500000477,0.34070261674267904,0.479104078241757,2.74591064453125,2.7493253435407365,233.0,3120,15.1
fixation,942133.4560000896,0.2772586782063757,0.46305050381592344,2.712060110909598,2.692713056291853,233.0,3121,15.1
fixation,942383.4600000381,0.24810317001844706,0.4737141697030318,2.6641596743935034,2.6424263402035364,316.0,3122,15.1
fixation,942733.4690001011,0.3484976055721442,0.46542152141531307,2.6970748901367188,2.6432787577311196,200.0,3123,15.1
fixation,943000.1420000792,0.6419921285576291,0.47029902868800694,2.677064683702257,2.6059129503038196,150.0,3124,15.1
fixation,943183.4790000916,0.7206502258777618,0.4632323980331421,2.7375049591064453,2.6506481170654297,141.0,3125,15.1
fixation,943700.1540000439,0.6683625536305564,0.4566174958433424,2.8173086983816966,2.720365251813616,109.0,3126,15.1
fixation,943833.4900000095,0.6049795415666368,0.4583429760403103,2.8357086181640625,2.7554202609592013,150.0,3127,15.1
fixation,944016.8280000687,0.6654223776780642,0.458765623661188,2.841229952298678,2.740595890925481,217.0,3128,15.1
fixation,944250.1660000086,0.7374006857474645,0.4665256804890103,2.7999004787868924,2.7024163140190973,308.0,3129,15.1
fixation,944750.1730000973,0.4802300419126238,0.48050807203565327,2.8105577741350447,2.7688878377278647,109.0,3130,15.1
fixation,944900.17900002,0.3117336742579937,0.48215966547528905,2.8297945658365884,2.766448974609375,200.0,3131,15.1
fixation,945150.1840000153,0.3966024008889993,0.4659770416716735,2.7779134114583335,2.6957473754882812,200.0,3132,NOTRIAL
fixation,945416.8550000191,0.5510628918806711,0.23328819746772447,2.7593816121419272,2.6896692911783853,100.0,3133,NOTRIAL
fixation,945550.1900000572,0.6396284780719064,0.27053906700827857,2.8082108931107954,2.712149880149148,184.0,3134,NOTRIAL
fixation,945750.1920000315,0.628129132091999,0.26203577779233456,2.866715749104818,2.781299591064453,200.0,3135,NOTRIAL
fixation,946000.1980000734,0.6374980707963308,0.4850257353650199,2.8758053249782987,2.8094991048177085,150.0,3136,NOTRIAL
fixation,946200.2040001154,0.5884263945950402,0.29273926052782273,2.9617987738715277,2.8304324679904513,150.0,3137,NOTRIAL
fixation,946383.5400000811,0.5972892719096151,0.2429778443585182,2.926814375252559,2.79702091217041,966.0,3138,NOTRIAL
fixation,947383.5610001087,0.6354399452606837,0.4585480252901713,2.8221649169921874,2.7699269612630206,500.0,3139,NOTRIAL
fixation,947933.5700000525,0.6446491575466012,0.7039292162319399,2.7061894254864387,2.65627044101931,891.0,3140,NOTRIAL
fixation,949150.2610000372,0.5173941519525316,0.7982477512624528,2.567011515299479,2.565709431966146,158.0,3141,NOTRIAL
fixation,949500.2750000954,0.5326974581588398,0.452823282642798,2.750406438654119,2.7105518687855112,176.0,3142,NOTRIAL
fixation,949716.9440000057,0.5933899051613278,0.4597440113623937,2.7936248779296875,2.737247043185764,150.0,3143,NOTRIAL
fixation,949933.617000103,0.4609465152025223,0.2103048712015152,2.849090576171875,2.7872136433919272,100.0,3144,NOTRIAL
fixation,950083.6230000257,0.37057140334085986,0.22429850494319742,2.8147416548295454,2.7456900856711646,183.0,3145,NOTRIAL
fixation,950316.9630000591,0.4778188882129533,0.22322007481540954,2.8517423357282365,2.7579378400530135,233.0,3146,NOTRIAL
fixation,950583.6360000372,0.5642539535959562,0.22388095470766226,2.8331031799316406,2.7753817240397134,200.0,3147,NOTRIAL
fixation,950816.9760000706,0.6303425927956899,0.22888645653923353,2.8572616577148438,2.759679158528646,108.0,3148,NOTRIAL
fixation,951083.6480000019,0.6315739522506665,0.4799222799090596,2.816893936751725,2.721878249923904,1283.0,3149,NOTRIAL
fixation,952817.0260000229,0.5271796509623528,0.4269619286060333,2.85601806640625,2.7509918212890625,259.0,3150,NOTRIAL
fixation,953100.364000082,0.5004561253719859,0.4653676284684075,2.9314956665039062,2.813939412434896,300.0,3151,NOTRIAL
fixation,953417.0420000553,0.5041477842764421,0.47422694076191296,2.793733076615767,2.702542391690341,184.0,3152,23
fixation,953633.7050000429,0.44671228031317395,0.30750686426957446,2.713720957438151,2.653942108154297,200.0,3153,23
fixation,953850.3760000467,0.43365329690277576,0.3169955611228943,2.676332473754883,2.627857208251953,133.0,3154,23
fixation,954017.0450000763,0.5022225648164749,0.31823983093102776,2.7725758870442707,2.6987548828125,250.0,3155,23
fixation,954317.0520000458,0.44439150393009186,0.5435774959623814,2.800741195678711,2.734755516052246,267.0,3156,23
fixation,954633.7250000238,0.5875978682722364,0.6784685062510627,2.5927908761160716,2.534592764718192,233.0,3157,23
fixation,954917.0700000525,0.4089368134737015,0.6831473410129547,2.581340026855469,2.579339599609375,167.0,3158,23
fixation,955150.4120000601,0.44312803328037265,0.2828038740158081,2.7018328857421876,2.6444512939453126,416.0,3159,23
fixation,955583.7520000935,0.47885554799666774,0.2795027677829449,2.7829073392427883,2.685362595778245,217.0,3160,23
fixation,955817.0890001059,0.5169316406051317,0.2655898543695609,2.785045623779297,2.6862258911132812,200.0,3161,23
fixation,956050.4260001183,0.4499878935191942,0.27457615797934326,2.8112865945567256,2.7298710035241167,383.0,3162,23
fixation,956450.4360001087,0.46975459960790783,0.27200547319192153,2.80953862116887,2.7329618013822117,216.0,3163,23
fixation,956683.7740000486,0.5209415269934613,0.26796932907208154,2.788385142450747,2.705278479534647,383.0,3164,23
fixation,957100.4480000734,0.428149082830974,0.2856768752847399,2.7962025233677457,2.7377711704799106,233.0,3165,23
fixation,957350.4520000219,0.4610291361808777,0.2854907914996147,2.8159271240234376,2.718464660644531,166.0,3166,23
fixation,957533.7880001068,0.5270051926374435,0.27423231303691864,2.8254684448242187,2.699357604980469,175.0,3167,23
fixation,957883.7960000038,0.5433352841780736,0.2846066997601436,2.8537527231069713,2.72641108586238,217.0,3168,23
fixation,958150.4680000544,0.464066485563914,0.5765651240944862,2.866570790608724,2.763075510660807,200.0,3169,23
fixation,958400.4720000029,0.3412488717585802,0.8693354353308678,2.616147994995117,2.5622310638427734,133.0,3170,23
fixation,958550.4750000238,0.3122222195068995,0.8717478394508362,2.529371134440104,2.46180419921875,250.0,3171,23
fixation,958817.1440000534,0.4932183162594328,0.8698010143576836,2.409198216029576,2.3709399164939415,1642.0,3172,23
fixation,960600.5050001144,0.4902709358268314,0.6508870422840118,2.553437974717882,2.4647708468967013,142.0,3173,23
fixation,960783.8380000591,0.4205421292119556,0.6497172713279724,2.593807644314236,2.519109090169271,150.0,3174,23
fixation,960967.1770000458,0.44545139123996097,0.5503988439838091,2.585180918375651,2.5130933125813804,200.0,3175,23
fixation,961183.8440001011,0.45070894807577133,0.5159974644581476,2.5440699259440103,2.480299631754557,600.0,3176,23
fixation,961817.1890000105,0.429152213037014,0.3590914309024811,2.5665690104166665,2.5048230489095054,200.0,3177,23
fixation,962033.8570001125,0.4280223515298631,0.32401224308543736,2.587410820855035,2.5175628662109375,150.0,3178,23
fixation,962200.5270000696,0.49320029035994883,0.3278333576102006,2.6542037160773027,2.5431293688322367,316.0,3179,23
fixation,962550.5310000181,0.43471025503598726,0.3541814822417039,2.709766094501202,2.613648634690505,216.0,3180,23
fixation,962783.8680000305,0.46776801016595626,0.3601850883828269,2.74428473578559,2.6304151746961804,150.0,3181,23
fixation,962983.8720000982,0.37578579783439636,0.8380282904420581,2.635463169642857,2.5987330845424106,117.0,3182,23
fixation,963133.8760000467,0.3308172021061182,0.8723339326679707,2.6768646240234375,2.6073951721191406,133.0,3183,23
fixation,963300.5450000763,0.39712059332264793,0.8755915545754962,2.5213902791341147,2.49855719672309,300.0,3184,23
fixation,963617.2170000076,0.3979685405890147,0.892015407482783,2.4899215698242188,2.5063145955403647,100.0,3185,23
fixation,963750.5530000925,0.4414856086174647,0.8784078896045685,2.4859934488932294,2.5011189778645835,250.0,3186,23
fixation,964133.8920000792,0.4356095403432846,0.43161137998104093,2.681463623046875,2.6517303466796873,167.0,3187,23
fixation,964317.2310000658,0.4055959239602089,0.3463841795921326,2.7229095458984376,2.679545593261719,167.0,3188,23
fixation,964500.5670000315,0.42566914430686403,0.32468576090676443,2.7797753470284596,2.6861986432756697,233.0,3189,23
fixation,964750.5710000992,0.44512870482036043,0.28057565078848884,2.792780558268229,2.699372791108631,350.0,3190,23
fixation,965117.2460000515,0.49316807919078404,0.27153980400827193,2.8272552490234375,2.6888478597005205,150.0,3191,23
fixation,965300.5820000172,0.4380914162505757,0.3345085233449936,2.7857818603515625,2.6900468306107954,183.0,3192,23
fixation,965500.5870000124,0.4948758983186313,0.32459750345775057,2.772007533482143,2.6592679704938615,241.0,3193,23
fixation,965917.259000063,0.44656941294670105,0.34752272069454193,2.7590408325195312,2.6813227335611978,92.0,3194,23
fixation,966067.2610000372,0.44671359062194826,0.3476612001657486,2.7768798828125,2.69486083984375,84.0,3195,23
fixation,966167.2670000792,0.4305901328722636,0.3604669239785936,2.8193766276041665,2.716701931423611,150.0,3196,23
fixation,966350.6000000238,0.4905349567532539,0.35139050483703616,2.7766464233398436,2.677226257324219,166.0,3197,23
fixation,966550.6050000191,0.438330328091979,0.40316899586468935,2.7149152755737305,2.672610282897949,266.0,3198,23
fixation,966850.6100000143,0.43635427206754684,0.5799580067396164,2.7197662353515626,2.680680847167969,166.0,3199,23
fixation,967050.614000082,0.41586804762482643,0.504189383238554,2.721914291381836,2.684812545776367,133.0,3200,23
fixation,967200.6230000257,0.407695243304426,0.476677574894645,2.6587996049360796,2.605164961381392,183.0,3201,23
fixation,967400.6210000515,0.42483172938227654,0.46988651901483536,2.6416282653808594,2.6038780212402344,66.0,3202,23
fixation,967483.9580000639,0.45958607337054086,0.46939224968938265,2.637014052447151,2.5968215044806984,283.0,3203,23
fixation,967800.6330000162,0.4601446067293485,0.27266624942421913,2.6834437052408853,2.6362622578938804,200.0,3204,23
fixation,968017.3020000458,0.4445401844051149,0.28067380686601,2.7214253743489585,2.6648135715060763,150.0,3205,23
fixation,968200.6400001049,0.5148125830150786,0.26916608214378357,2.753447759719122,2.659690493629092,350.0,3206,23
fixation,968583.9770001173,0.4426137264817953,0.2880691842486461,2.7263609568277993,2.663489023844401,400.0,3207,23
fixation,969000.6540000439,0.42223673829665553,0.3106848758000594,2.7341026893028846,2.649858914888822,216.0,3208,23
fixation,969250.6600000858,0.5213608900705974,0.28660396138827005,2.7336822509765626,2.616524251302083,250.0,3209,23
fixation,969534.0,0.42127035092562437,0.2956868186593056,2.7513504028320312,2.68496036529541,267.0,3210,23
fixation,969817.3390001059,0.4536201700568199,0.2890747204422951,2.7954071044921873,2.6818023681640626,166.0,3211,23
fixation,970017.3400000334,0.5264719525973002,0.27521956029037636,2.816082000732422,2.7006944020589194,400.0,3212,23
fixation,970450.6860001087,0.4261197179555893,0.27492343485355375,2.8198486328125,2.726953125,250.0,3213,23
fixation,970717.35800004,0.45743221417069435,0.2773565761744976,2.7782440185546875,2.6985836029052734,133.0,3214,23
fixation,970867.3630000353,0.42753174031774205,0.28975697979331017,2.7888526916503906,2.707800547281901,200.0,3215,23
fixation,971100.6970000267,0.5184971392154694,0.2811657389005025,2.7958348592122397,2.69648806254069,400.0,3216,23
fixation,971534.0440000296,0.43882214908416456,0.31967584788799286,2.8241600623497596,2.7481654240534854,217.0,3217,23
fixation,971767.3860000372,0.4986135810613632,0.31625307564224514,2.881969996861049,2.764409746442522,233.0,3218,23
fixation,972034.0560001135,0.43781643360853195,0.3533684596419334,2.8857635498046874,2.7913772583007814,167.0,3219,23
fixation,972217.3930000067,0.47697570733726025,0.351985402405262,2.9192562103271484,2.792003631591797,141.0,3220,23
fixation,972617.4020000696,0.4366789866577495,0.4137191745367917,2.8553647128018467,2.7770260897549717,191.0,3221,23
fixation,972967.4090000391,0.4476760540689741,0.3788877810750689,2.8261500767299106,2.7411586216517856,108.0,3222,23
fixation,973100.742000103,0.4336286998457379,0.3356139808893204,2.8434685601128473,2.778956095377604,150.0,3223,23
fixation,973317.4160000086,0.5012273490428925,0.33456795662641525,2.937666320800781,2.8238174438476564,166.0,3224,23
fixation,973517.4200000763,0.4312633737921715,0.36238454580307006,2.9013595581054688,2.8465911865234377,166.0,3225,23
fixation,973717.4220000505,0.4831520865360896,0.3635967820882797,2.9459669325086804,2.860538058810764,150.0,3226,23
fixation,973884.0960000753,0.44707246124744415,0.39684186689555645,2.9894819259643555,2.9114770889282227,267.0,3227,23
fixation,974167.435000062,0.48511018976569176,0.3685327984392643,2.997571563720703,2.9218040466308595,333.0,3228,23
fixation,974517.4400000572,0.44137547503818164,0.3983134397051551,2.975099043412642,2.9172099720348013,183.0,3229,23
fixation,974917.4470000267,0.45592668915496154,0.4001142154721653,3.0226054472081803,2.9522678150850186,275.0,3230,23
fixation,975217.4540001154,0.48831216727986054,0.4320821429000181,2.9615891400505516,2.8778533935546875,283.0,3231,FIX_CROS
fixation,975517.4630000591,0.509194403886795,0.4468991268012259,2.8456912570529513,2.7681706746419272,300.0,3232,FIX_CROS
fixation,975850.8010001183,0.5148942016419911,0.3843661284162885,2.8382175990513394,2.766145978655134,350.0,3233,FIX_CROS
fixation,976284.1390000582,0.6148326774438222,0.45657813449700674,2.8545827229817706,2.775701904296875,250.0,3234,23.2
fixation,976567.4790000916,0.6919664415446195,0.4592936486005783,2.849214033647017,2.799012617631392,183.0,3235,23.2
fixation,976800.8190000057,0.5001106659571329,0.45972325777014095,2.849175771077474,2.805182139078776,200.0,3236,23.2
fixation,977017.4880000353,0.5362969543784857,0.46663533337414265,2.8991823196411133,2.8280067443847656,266.0,3237,23.2
fixation,977300.8290001154,0.5956417728554119,0.4605824513868852,2.881257490678267,2.833100752397017,183.0,3238,23.2
fixation,977500.8310000896,0.6350380688905716,0.46307491809129714,2.8680099487304687,2.8219482421875,167.0,3239,23.2
fixation,977700.8350000381,0.7462727562947706,0.4633076786994934,2.8778825239701704,2.8062078302556817,183.0,3240,23.2
fixation,977950.8410000801,0.3813461053829927,0.4874108915145581,2.838269747220553,2.8656158447265625,217.0,3241,23.2
fixation,978184.1800000668,0.34196820855140686,0.47984547777609393,2.851498690518466,2.8455075350674717,184.0,3242,23.2
fixation,978400.8500000238,0.27036443054676057,0.47734000235795976,2.7912200927734374,2.7945709228515625,167.0,3243,23.2
fixation,978584.1840000153,0.21932174425039971,0.4702660920364516,2.777826581682478,2.7860608782087053,234.0,3244,23.2
fixation,978834.1870000362,0.19034655019640923,0.46379587054252625,2.7538490295410156,2.7469558715820312,67.0,3245,23.2
fixation,978967.5240000486,0.4308835431933403,0.4716458797454834,2.7479034423828126,2.689228820800781,166.0,3246,23.2
fixation,979150.8570001125,0.4805193861325582,0.47258943716684976,2.7893524169921875,2.7199666341145834,250.0,3247,23.2
fixation,979417.5280001163,0.5331208921141095,0.4650229596429401,2.7803192138671875,2.722481621636285,300.0,3248,23.2
fixation,979767.5390000343,0.6912696341673533,0.46625214914480845,2.781596883138021,2.715903727213542,258.0,3249,23.2
fixation,980234.2090001106,0.6301621670524279,0.45319398616751033,2.804152170817057,2.735365549723307,192.0,3250,23.2
fixation,980467.5460000038,0.5341378837823868,0.4630910873413086,2.8671844482421873,2.797265625,166.0,3251,23.2
fixation,980650.881000042,0.48991546779870987,0.46742235496640205,2.7990646362304688,2.732522964477539,133.0,3252,23.2
fixation,980817.5520000458,0.5486887368288907,0.4600739302960309,2.756561279296875,2.6941334117542612,183.0,3253,23.2
fixation,981034.2220000029,0.6159382234601414,0.461703046279795,2.767316930434283,2.7038996079388786,284.0,3254,23.2
fixation,981350.8930000067,0.6786348661955666,0.4597388983649366,2.7606560202205883,2.7186310712028954,567.0,3255,23.2
fixation,981967.5680000782,0.49014001180018696,0.4731383483324732,2.767248971121652,2.721324920654297,466.0,3256,23.2
fixation,982450.9090000391,0.5355503030798652,0.4708211330527609,2.7009530500932173,2.6900270635431465,733.0,3257,23.2
fixation,983217.5890001059,0.5775533393025398,0.46430377041300136,2.7016270955403647,2.6754938761393228,200.0,3258,23.2
fixation,983450.9280000925,0.5219602286815643,0.4684345256537199,2.6849098205566406,2.682645797729492,141.0,3259,23.2
fixation,983734.2650001049,0.2085183941655689,0.47881878746880424,2.6719292534722223,2.707005818684896,150.0,3260,23.2
fixation,983900.9340000153,0.19326249035921964,0.47029042514887726,2.7081160111860796,2.695394342595881,183.0,3261,23.2
fixation,984100.9400000572,0.24751435667276384,0.4731942698359489,2.624162292480469,2.6214553833007814,167.0,3262,23.2
fixation,984300.941000104,0.28820114955306053,0.46452777460217476,2.5875167846679688,2.5760841369628906,67.0,3263,23.2
fixation,984384.2770000696,0.2284573931246996,0.4667942589148879,2.608612060546875,2.588831901550293,267.0,3264,23.2
fixation,984684.2840000391,0.27102838863026013,0.4671861353245648,2.6173858642578125,2.587862881747159,184.0,3265,23.2
fixation,984884.2870000601,0.3203379958868027,0.4700610011816025,2.619256591796875,2.5881881713867188,167.0,3266,23.2
fixation,985084.2910000086,0.374073498778873,0.4693943311770757,2.6638115776909723,2.616641574435764,150.0,3267,23.2
fixation,985267.6260000467,0.43189220130443573,0.4743439003825188,2.6646270751953125,2.6198028564453124,166.0,3268,23.2
fixation,985467.6330000162,0.5096680114143773,0.47128323583226456,2.656262046412418,2.6007441470497534,316.0,3269,23.2
fixation,985834.3060001135,0.4866640011469523,0.47311016023159025,2.6857706705729165,2.6392822265625,250.0,3270,23.2
fixation,986117.6470000744,0.5265324115753174,0.4631521701812744,2.6585355486188615,2.6085292271205356,241.0,3271,23.2
fixation,986534.3200000525,0.5251469566271856,0.46502539400870985,2.68460200383113,2.6281949556790867,209.0,3272,23.2
fixation,986767.6570000648,0.5416960103644265,0.47263384775982964,2.7178048027886286,2.637147691514757,300.0,3273,23.2
fixation,987117.6650000811,0.7393347283204397,0.45801500777403514,2.6499094645182293,2.5907358805338543,250.0,3274,23.2
fixation,987417.6710000038,0.5114867253737017,0.4656607657670975,2.6710399280894888,2.6699024547230112,183.0,3275,23.2
fixation,987617.6740000248,0.5398391593586315,0.467435361309485,2.681732177734375,2.6321674693714487,183.0,3276,23.2
fixation,987834.3440001011,0.5925800119127546,0.46096259568418774,2.6717213221958707,2.6262991768973216,233.0,3277,23.2
fixation,988101.0160000324,0.6398054295116,0.45905619528558517,2.6660664876302085,2.6233622233072915,150.0,3278,23.2
fixation,988284.3510000706,0.6831532503877368,0.4595437209521021,2.6713431222098216,2.636338370186942,233.0,3279,23.2
fixation,988534.35800004,0.66878675421079,0.45830751789940727,2.6844618055555554,2.639534844292535,150.0,3280,23.2
fixation,988717.6930000782,0.7608287036418915,0.45370191450302416,2.7109750600961537,2.630443866436298,217.0,3281,23.2
fixation,988984.3650000095,0.5063662633299828,0.46387137323617933,2.7252960205078125,2.6875259399414064,166.0,3282,23.2
fixation,989167.7010000944,0.4862544983625412,0.46630247885530646,2.7332000732421875,2.670838789506392,191.0,3283,23.2
fixation,989534.3740000725,0.48372902614729746,0.46999999242169516,2.687986101422991,2.624907720656622,350.0,3284,23.2
fixation,989917.7150000334,0.5347273846467336,0.46679868466324276,2.658145480685764,2.610020955403646,150.0,3285,23.2
fixation,990134.384000063,0.19067149552015158,0.46824707090854645,2.6267923208383412,2.6340261606069713,216.0,3286,23.2
fixation,990401.0550000668,0.4232907858159807,0.46514618396759033,2.6456934611002603,2.58754391140408,300.0,3287,23.2
fixation,990717.7260000706,0.4686470565696557,0.47446025907993317,2.677382151285807,2.6285107930501304,200.0,3288,23.2
fixation,990951.0670000315,0.34286430943757296,0.4754343582317233,2.6764135360717773,2.656367301940918,267.0,3289,23.2
fixation,991251.0690000057,0.48228203132748604,0.4684830891589324,2.7077229817708335,2.628293991088867,400.0,3290,23.2
fixation,991701.0760000944,0.6248278362410409,0.4055125422420956,2.688233148484003,2.6160416376023066,358.0,3291,NOTRIAL
fixation,992217.7510000467,0.6073703440752897,0.2884791059927507,2.813375299627131,2.679564042524858,183.0,3292,NOTRIAL
fixation,992417.7510000467,0.6327987036921762,0.2562482086094943,2.8237856778231536,2.6879663640802556,925.0,3293,NOTRIAL
fixation,993384.4360001087,0.6325563064643315,0.25888022248234066,2.7982025146484375,2.697098868233817,225.0,3294,NOTRIAL
fixation,993651.1070001125,0.6309318108992144,0.4195797944610769,2.789643721147017,2.7083324085582388,184.0,3295,NOTRIAL
fixation,993851.111000061,0.6400081600461688,0.4649853418980326,2.7769644601004466,2.6913048880440846,234.0,3296,NOTRIAL
fixation,994101.1150000095,0.6207907668181828,0.4754327003444944,2.751399448939732,2.6665823800223216,117.0,3297,NOTRIAL
fixation,994267.7860000134,0.6265246625989676,0.25153715163469315,2.785673141479492,2.688220977783203,267.0,3298,NOTRIAL
fixation,994551.1230000257,0.5791679322719574,0.248286867638429,2.8047861735026043,2.7212005615234376,250.0,3299,NOTRIAL
fixation,994817.7940000296,0.5653667189180851,0.25406767055392265,2.797086715698242,2.702178955078125,141.0,3300,NOTRIAL
fixation,995134.4700000286,0.5678410347965028,0.24644857313897875,2.8171759711371527,2.7327092488606772,292.0,3301,NOTRIAL
fixation,995451.1400001049,0.6171020476714425,0.24651932262856027,2.788416323454484,2.6793511432150137,384.0,3302,NOTRIAL
fixation,995851.1480000019,0.641724219545722,0.24378313263878226,2.7401504516601562,2.6776628494262695,267.0,3303,NOTRIAL
fixation,996167.8210000992,0.6325574417908987,0.4677286396423976,2.73272705078125,2.694551255967882,300.0,3304,NOTRIAL
fixation,996517.824000001,0.6468834169209003,0.7080373764038086,2.6589698791503906,2.5561389923095703,133.0,3305,NOTRIAL
fixation,996684.4980000257,0.6378650827841326,0.48674673248421063,2.6916614879261362,2.6336212158203125,183.0,3306,NOTRIAL
fixation,996917.8350000381,0.5598014366059076,0.45688605308532715,2.7591116768973216,2.683743431454613,358.0,3307,NOTRIAL
fixation,997467.8450000286,0.49916532774304234,0.4506693277941194,2.738138243209484,2.6814312602198402,709.0,3308,NOTRIAL
fixation,998217.8630000353,0.6535579095716062,0.6998207672782566,2.5560203220533286,2.510368015455163,391.0,3309,NOTRIAL
fixation,998817.8740000725,0.5004161298274994,0.48225955394181336,2.620895385742187,2.5770638205788354,175.0,3310,NOTRIAL
fixation,999017.8770000935,0.5393113736063242,0.4581729401834309,2.6504454612731934,2.574272632598877,533.0,3311,NOTRIAL
fixation,999584.560000062,0.5789025460972506,0.45377227488686056,2.668211993049173,2.6047776166130516,283.0,3312,NOTRIAL
fixation,999884.5640000105,0.6398468636549436,0.4708366600366739,2.6875633826622596,2.621343759390024,216.0,3313,NOTRIAL
fixation,1000117.9060000181,0.6254505629722888,0.4790577051731256,2.6589249830979567,2.5993863619290867,217.0,3314,NOTRIAL
fixation,1000367.9100000858,0.6414165356579948,0.6739049124367097,2.6400851081399357,2.572275498334099,575.0,3315,NOTRIAL
fixation,1001501.2710000277,0.49562781916133,0.4604844485542604,2.7826486315046037,2.7269605909075056,926.0,3316,FIX_CROS
fixation,1002467.9640001059,0.5078542693094774,0.4046448387882926,2.782724553888494,2.7349673184481533,183.0,3317,23.1
fixation,1002684.631000042,0.581702096895738,0.37787748873233795,2.8184065385298296,2.7336911288174717,183.0,3318,23.1
fixation,1002917.9700000286,0.3821454251354391,0.3800960454073819,2.7889667857776987,2.778321699662642,183.0,3319,23.1
fixation,1003134.6430000067,0.3024454653263092,0.38229389786720275,2.7989105224609374,2.78817138671875,83.0,3320,23.1
fixation,1003251.3120000362,0.22460618913173674,0.3723006695508957,2.802716064453125,2.7678802490234373,167.0,3321,23.1
fixation,1003434.6490000486,0.20037160366773604,0.3739490255713463,2.782917785644531,2.7400222778320313,166.0,3322,23.1
fixation,1003634.6540000439,0.2749858024445447,0.38087789578871295,2.780862981622869,2.7321735728870737,183.0,3323,23.1
fixation,1003834.6560000181,0.32347966978947323,0.38641554365555447,2.773265838623047,2.714141845703125,200.0,3324,23.1
fixation,1004051.3280000687,0.3698586266149174,0.3854006664319472,2.7844585071910513,2.7254444469105112,184.0,3325,23.1
fixation,1004268.0,0.43673339721403626,0.38459271898395136,2.7877526534231087,2.7289966784025492,317.0,3326,23.1
fixation,1004601.3380000591,0.42474711406975985,0.3883288875222206,2.7995128631591797,2.738292694091797,266.0,3327,23.1
fixation,1004901.3420000076,0.49389641122384503,0.38113221526145935,2.7923417524857954,2.708597356622869,183.0,3328,23.1
fixation,1005118.0150001049,0.5387270152568817,0.38046698165791376,2.7818527221679688,2.6961866106305803,234.0,3329,23.1
fixation,1005401.3530000448,0.6838934689760208,0.3686874359846115,2.7750701904296875,2.6768280029296876,166.0,3330,23.1
fixation,1005618.0230000019,0.4215442717075348,0.4650765895843506,2.7368621826171875,2.716111755371094,167.0,3331,23.1
fixation,1005818.0280001163,0.3725707920698019,0.47346847447065205,2.7379302978515625,2.6854107196514425,217.0,3332,23.1
fixation,1006068.0320000648,0.448736683680461,0.47010633922540224,2.692785409780649,2.6338876577524037,217.0,3333,23.1
fixation,1006334.7040001154,0.5548871542726245,0.4675086300287928,2.691990443638393,2.614659990583147,233.0,3334,23.1
fixation,1006618.0420000553,0.6941265853551718,0.4673700424341055,2.6879237248347354,2.635522695688101,217.0,3335,23.1
fixation,1006868.0480000973,0.6618587635457516,0.4536473862826824,2.7069873809814453,2.6530094146728516,134.0,3336,23.1
fixation,1007051.3860000372,0.4683081383506457,0.5786182383696238,2.6827621459960938,2.6544265747070312,200.0,3337,23.1
fixation,1007268.0560001135,0.4239741836984952,0.5717828075091044,2.6960830688476562,2.6507898966471353,100.0,3338,23.1
fixation,1007384.7250000238,0.33109526501761544,0.5557197100586362,2.6590440538194446,2.676966349283854,150.0,3339,23.1
fixation,1007584.7280000448,0.23973180181705034,0.5581050538099729,2.6814950796274037,2.657964853140024,217.0,3340,23.1
fixation,1007834.7340000868,0.3197061213163229,0.5593752196201911,2.663463885967548,2.63546870304988,217.0,3341,23.1
fixation,1008084.739000082,0.43864688442813027,0.5680119858847724,2.73252444797092,2.6607191297743054,300.0,3342,23.1
fixation,1008418.0770000219,0.4983568308608873,0.5659396350383759,2.7744522094726562,2.689509800502232,234.0,3343,23.1
fixation,1008668.0820000172,0.5339756948607308,0.5587777154786246,2.736689976283482,2.6763109479631697,117.0,3344,23.1
fixation,1008818.0850000381,0.5880804568529129,0.5522727072238922,2.6970169067382814,2.6268310546875,167.0,3345,23.1
fixation,1009018.0860000849,0.6305966019630432,0.5478247970342636,2.676432800292969,2.618208312988281,167.0,3346,23.1
fixation,1009201.4230000973,0.6794506961649115,0.5484084324403242,2.6681060791015625,2.6144839200106533,183.0,3347,23.1
fixation,1009518.0910000801,0.7288380761941274,0.5430774316191673,2.6575838724772134,2.6089274088541665,208.0,3348,23.1
fixation,1009834.7670000792,0.48818909909043995,0.4393256125705583,2.675262451171875,2.671698434012277,225.0,3349,NOTRIAL
fixation,1010101.435000062,0.44836750957700944,0.29105331169234383,2.7263115776909723,2.67488776312934,150.0,3350,NOTRIAL
fixation,1010284.7690000534,0.36055780947208405,0.27366016717518077,,2.762079126694623,567.0,3351,NOTRIAL
fixation,1010868.111000061,0.40791775515446294,0.2556627094745636,2.853546142578125,2.7465045635516825,217.0,3352,NOTRIAL
fixation,1011118.1150000095,0.45229621562692857,0.25261354446411133,2.822179158528646,2.7283799913194446,150.0,3353,NOTRIAL
fixation,1011284.7840000391,0.427753957418295,0.25607983194864714,2.816088162935697,2.7462392953725963,217.0,3354,NOTRIAL
fixation,1011551.4530000687,0.3667897159854571,0.46716982995470363,2.8040758768717446,2.7476425170898438,200.0,3355,NOTRIAL
fixation,1011768.1260000467,0.3574007763104005,0.4918258095329458,2.7935360995205967,2.7446455522017046,184.0,3356,NOTRIAL
fixation,1011968.128000021,0.42350667444142426,0.4755966175686229,2.7675587047230112,2.7280758944424717,184.0,3357,NOTRIAL
fixation,1012168.1300001144,0.4604607254266739,0.45721728205680845,2.738873291015625,2.6854034423828126,84.0,3358,NOTRIAL
fixation,1012284.7990000248,0.3879289712224688,0.46303137285368784,2.737574986049107,2.7160470145089284,117.0,3359,NOTRIAL
fixation,1012418.134000063,0.42100850206155044,0.4609231020395572,2.782086885892428,2.720385037935697,217.0,3360,NOTRIAL
fixation,1012701.4720000029,0.44490371005875723,0.7131003396851676,2.7007947649274553,2.6574881417410716,116.0,3361,NOTRIAL
fixation,1012851.4730000496,0.34805379062891006,0.733543313211865,2.717453850640191,2.661649915907118,300.0,3362,NOTRIAL
fixation,1013218.1460000277,0.6216720673773024,0.6989872919188606,2.6211140950520835,2.517674763997396,150.0,3363,NOTRIAL
fixation,1013401.4810000658,0.5921036422252655,0.7060307085514068,2.56905517578125,2.503155517578125,83.0,3364,NOTRIAL
fixation,1013518.1510000229,0.6388345758120219,0.7072838023304939,2.6211026509602866,2.5796941121419272,200.0,3365,NOTRIAL
fixation,1013734.8220000267,0.5933061391115189,0.6958476722240448,2.634991455078125,2.5819610595703124,167.0,3366,NOTRIAL
fixation,1013918.1580001116,0.6453913668027291,0.7007607405002301,2.617725665752704,2.5570655235877404,434.0,3367,NOTRIAL
fixation,1014384.8330000639,0.5851087694366773,0.6973385363817215,2.6112658182779946,2.5694287618001304,208.0,3368,NOTRIAL
fixation,1014768.1730000973,0.5109938979148865,0.815922179392406,2.530665806361607,2.4913787841796875,109.0,3369,NOTRIAL
fixation,1014918.1780000925,0.6087765256563823,0.7136075933774312,2.5871256510416667,2.5004913330078127,250.0,3370,NOTRIAL
fixation,1015218.1830000877,0.531422358751297,0.5598457127809524,2.58243408203125,2.526560974121094,175.0,3371,NOTRIAL
fixation,1015551.5230000019,0.49853966467910343,0.3628239035606384,2.661687215169271,2.606235080295139,142.0,3372,NOTRIAL
fixation,1015751.5270000696,0.4363075092434883,0.20647676810622215,2.723225402832031,2.648509216308594,174.0,3373,NOTRIAL
fixation,1016468.2100000381,0.524626381017945,0.5210371667688544,2.817845431241122,2.7477215853604404,359.0,3374,NOTRIAL
fixation,1016868.2130000591,0.3943106002277798,0.46438342829545337,2.8362918429904513,2.7650248209635415,150.0,3375,NOTRIAL
fixation,1017051.5530000925,0.3566837821687971,0.4663731824784052,2.7340930757068453,2.690433320545015,350.0,3376,NOTRIAL
fixation,1017418.2250000238,0.34024621546268463,0.46729577304078984,2.753856952373798,2.7450904846191406,875.0,3377,NOTRIAL
fixation,1018484.9090000391,0.5340006351470947,0.7012740910053253,2.640458679199219,2.60496826171875,159.0,3378,NOTRIAL
fixation,1018684.9160000086,0.5425813666411808,0.4727641929473196,2.797570364815848,2.7608631678989957,233.0,3379,NOTRIAL
fixation,1018934.9190000296,0.5081945425934262,0.47862261947658324,2.850648668077257,2.7877527872721353,308.0,3380,NOTRIAL
fixation,1019468.2640000582,0.5071833372116089,0.45988782942295076,2.79852294921875,2.7689529418945313,159.0,3381,17
fixation,1019668.2670000792,0.48204363137483597,0.5639641731977463,2.8063125610351562,2.7610992431640624,167.0,3382,17
fixation,1019851.6030000448,0.4677378158820303,0.579326331615448,2.6425451981393913,2.6350981059827303,316.0,3383,17
fixation,1020201.6100000143,0.4533272276322047,0.42345908482869465,2.605182902018229,2.5938323974609374,250.0,3384,17
fixation,1020468.2810000181,0.5031928022702535,0.4176190710730023,2.634004380967882,2.5959913465711804,150.0,3385,17
fixation,1020668.2850000858,0.4140346497297287,0.6316817658288139,2.6548919677734375,2.650301252092634,117.0,3386,17
fixation,1020818.2910000086,0.4730899647662514,0.5863250368519833,2.7111455013877466,2.658712286698191,317.0,3387,17
fixation,1021218.2960000038,0.40399683862924574,0.6325094372034072,2.6281776428222656,2.609770965576172,334.0,3388,17
fixation,1021601.6360000372,0.3380117863416672,0.8942719638347626,2.5595993041992187,2.502030944824219,166.0,3389,17
fixation,1021784.9730000496,0.32411184906959534,0.8847892900307973,2.551025390625,2.53599853515625,250.0,3390,17
fixation,1022068.3080000877,0.3755333045354256,0.8835380169061514,2.4292367788461537,2.4365645188551683,217.0,3391,17
fixation,1022734.9870001078,0.5116097114302895,0.85996459830891,2.443367697975852,2.4769467440518467,183.0,3392,17
fixation,1022934.9900000095,0.5857371012369792,0.857986303170522,2.4632558186848956,2.416583251953125,250.0,3393,17
fixation,1023201.6630001068,0.627927964925766,0.8622490882873535,2.483465576171875,2.39649658203125,83.0,3394,17
fixation,1023301.6640000343,0.6664029170166362,0.8647997785698284,2.515443281693892,2.4039154052734375,183.0,3395,17
fixation,1023534.9990000725,0.45092220133856725,0.5526148520017925,2.594344289679276,2.569920590049342,317.0,3396,17
fixation,1023885.006000042,0.47684998237169707,0.5777897788928106,2.5983745868389425,2.534642146183894,217.0,3397,17
fixation,1024135.0130000114,0.3976786020729277,0.6310083733664619,2.5684322781032987,2.546695285373264,150.0,3398,17
fixation,1024335.0180000067,0.30966795422136784,0.8903486095368862,2.4707374572753906,2.4334354400634766,134.0,3399,17
fixation,1024501.685000062,0.3588808998465538,0.8721039056777954,2.4895950317382813,2.400482177734375,167.0,3400,17
fixation,1024685.0220000744,0.41480561665126253,0.8732279539108276,2.3427538190569197,2.3715122767857144,117.0,3401,17
fixation,1024818.361000061,0.42535754665732384,0.8959500193595886,2.541473388671875,2.3759841918945312,66.0,3402,17
fixation,1025035.0310000181,0.4799653232097626,0.8542204678058625,2.1099853515625,2.4238861083984373,84.0,3403,17
fixation,1025135.0340000391,0.5242294132709503,0.8532939046621323,2.2988616943359377,2.3916656494140627,167.0,3404,17
fixation,1025318.3680000305,0.5943557757597703,0.8612992305022019,2.3683624267578125,2.3809356689453125,216.0,3405,17
fixation,1025551.7070000172,0.6531087617079417,0.8554959058761596,2.4892985026041665,2.4076548258463544,258.0,3406,17
fixation,1026018.3800001144,0.46779032945632937,0.6255253374576568,2.5885025024414063,2.56732177734375,158.0,3407,17
fixation,1026201.7180000544,0.4035141751170158,0.6335997551679611,2.6101806640625,2.5702606201171876,167.0,3408,17
fixation,1026385.0550000668,0.3958336507732218,0.6766449944539503,2.538810036399148,2.5042530406605112,184.0,3409,17
fixation,1026635.060000062,0.4569245469239023,0.47561077856355244,2.597584194607205,2.5360480414496527,300.0,3410,17
fixation,1027001.73300004,0.5255400031805039,0.816854527592659,2.4930450439453127,2.4494674682617186,167.0,3411,17
fixation,1027201.7370001078,0.35150877945125103,0.8622036036103964,2.6358957290649414,2.5903711318969727,267.0,3412,17
fixation,1027485.0760000944,0.4023997431451624,0.8746022961356423,2.68719482421875,2.5955977006392046,184.0,3413,17
fixation,1027685.0830000639,0.4533008221122954,0.868906213177575,2.616968790690104,2.58628167046441,150.0,3414,17
fixation,1027868.4190000296,0.5179278582334519,0.8590653330087662,2.593560791015625,2.5041213989257813,166.0,3415,17
fixation,1028051.756000042,0.5975958066327232,0.8616851057325091,2.6239002772739957,2.5203443254743303,233.0,3416,17
fixation,1028318.4260001183,0.672849782875606,0.8614933746201652,2.6793855939592635,2.5473240443638394,233.0,3417,17
fixation,1028601.7640000582,0.4824732060615833,0.6015711816457602,2.6933394211989183,2.662750244140625,217.0,3418,17
fixation,1028835.0900000334,0.4147895595857075,0.6278162768908909,2.650496346609933,2.649228777204241,234.0,3419,17
fixation,1029101.7700001001,0.40214863419532776,0.6819355115294456,2.5995960235595703,2.6036014556884766,133.0,3420,17
fixation,1029285.0940001011,0.5190810561180115,0.6549119261594919,2.621258075420673,2.6027996356670675,217.0,3421,17
fixation,1029535.1060000658,0.4265262633562088,0.6647277812163035,2.6940104166666665,2.6710540771484377,250.0,3422,17
fixation,1029818.4420000315,0.4850233400409872,0.5971048799428073,2.7592898282137783,2.669833096590909,183.0,3423,17
fixation,1030018.4450000525,0.46710753440856934,0.6211309366756015,2.718232896592882,2.696345011393229,150.0,3424,17
fixation,1030201.7780001163,0.5496987879276276,0.6217442035675049,2.74813232421875,2.691334533691406,167.0,3425,17
fixation,1030401.7820000648,0.49986378401517867,0.5772293955087662,2.798603820800781,2.754595947265625,167.0,3426,17
fixation,1030585.1090000868,0.4726116582751274,0.579748714963595,2.845097859700521,2.7786738077799478,100.0,3427,17
fixation,1030718.4440000057,0.5608033637205759,0.5762952135668861,2.8723458184136286,2.747014363606771,300.0,3428,17
fixation,1031068.4470000267,0.45813239614168805,0.6325322853194343,2.8995869954427085,2.8319583468967013,150.0,3429,17
fixation,1031235.1150000095,0.47501031082609424,0.5891812625138656,2.9479263969089673,2.9028499437415083,384.0,3430,17
fixation,1031635.117000103,0.5082892209291459,0.5792803630232811,2.8877792358398438,2.8537864685058594,342.0,3431,17
fixation,1032168.4650000334,0.5468882359564304,0.580889455974102,2.9130706787109375,2.8946380615234375,125.0,3432,17
fixation,1032318.4590001106,0.5699087934834617,0.570440628698894,2.916924612862723,2.914701189313616,116.0,3433,17
fixation,1032468.4590001106,0.48989862046743693,0.4826295501307437,2.903554815995066,2.899247822008635,316.0,3434,17
fixation,1032835.1370000839,0.43441163500150043,0.6971526675754123,2.81955803765191,2.830112033420139,150.0,3435,17
fixation,1033001.8050000668,0.42887431226278605,0.6909214634644357,2.924185501901727,2.8787841796875,317.0,3436,17
fixation,1033368.4770001173,0.3490581644905938,0.8795309132999845,2.8048231336805554,2.7350870768229165,150.0,3437,17
fixation,1033551.80400002,0.43664761539548635,0.8804819379001856,2.8542098999023438,2.75095272064209,267.0,3438,17
fixation,1033851.8110001087,0.45864202769903034,0.6167157773788159,2.913763192983774,2.7907914381760817,217.0,3439,17
fixation,1034085.1480000019,0.4076585464179516,0.6260209947824478,2.9007499694824217,2.779784393310547,334.0,3440,17
fixation,1034435.1520000696,0.4003474488854408,0.6758137717843056,2.8876113891601562,2.765377998352051,267.0,3441,17
fixation,1034718.492000103,0.4339451789855957,0.6696916016248556,2.8476785513070912,2.726781991811899,216.0,3442,17
fixation,1034951.8310000896,0.47464528555671376,0.6641464581092199,2.7814648946126304,2.6887283325195312,200.0,3443,17
fixation,1035168.5,0.5159838527441025,0.6606940239667892,2.749040222167969,2.688792419433594,166.0,3444,17
fixation,1035351.8400000334,0.559320405125618,0.6565894509355227,2.714338938395182,2.64776611328125,200.0,3445,17
fixation,1035601.8430000544,0.3836342613486683,0.861127529074164,2.6118657729204964,2.6027948716107536,283.0,3446,17
fixation,1035901.8470000029,0.33366429309050244,0.868889699379603,2.635981241861979,2.611958821614583,100.0,3447,17
fixation,1036035.1830000877,0.4798843488097191,0.8635648510285786,2.528346470424107,2.5308609008789062,234.0,3448,17
fixation,1036301.8540000916,0.543690949678421,0.8581396720626138,2.5443600741299717,2.4886516224254263,183.0,3449,17
fixation,1036501.8560000658,0.5852559134364128,0.8600788004696369,2.5409927368164062,2.4604644775390625,141.0,3450,17
fixation,1036751.8630000353,0.4928306571461938,0.5791505060412667,2.6635298295454546,2.627623124556108,175.0,3451,17
fixation,1036968.5330001116,0.4047925277398183,0.6515702467698318,2.650220430814303,2.6196512075570912,216.0,3452,17
fixation,1037201.8710000515,0.39826975597275627,0.6709908412562476,2.6287417941623263,2.6020389133029513,150.0,3453,17
fixation,1037385.2070000172,0.4344789668917656,0.6702714562416077,2.635237121582031,2.591746520996094,167.0,3454,17
fixation,1037568.5440000296,0.4813370319704215,0.6627610077460607,2.6418876647949214,2.59130859375,200.0,3455,17
fixation,1037785.2150000334,0.5282894733705019,0.660882913752606,2.6233584755345394,2.5840606689453125,317.0,3456,17
fixation,1038135.2190001011,0.5819653123617172,0.6441339577237765,2.5725301106770835,2.5576858520507812,208.0,3457,17
fixation,1038501.8950001001,0.5010118118741296,0.5730890902605924,2.6148820356889204,2.6297066428444604,175.0,3458,17
fixation,1038718.5650000572,0.4286166323082788,0.633541830948421,2.6033129010881697,2.634523664202009,116.0,3459,17
fixation,1038851.8990000486,0.3945857485135396,0.6349155281980833,2.590857187906901,2.609686533610026,200.0,3460,17
fixation,1039101.9020000696,0.5384332835674286,0.6235347498546947,2.5628828568892046,2.562935569069602,183.0,3461,17
fixation,1039301.9080001116,0.5682384170153562,0.6236646210446077,2.5909760419060204,2.589520622702206,567.0,3462,17
fixation,1039885.2520000935,0.5625756714079115,0.5796348618136512,2.6338009304470487,2.6421949598524304,150.0,3463,17
fixation,1040068.5900000334,0.47119496762752533,0.5835931874238528,2.7147416334885817,2.7187840388371396,216.0,3464,17
fixation,1040318.5940001011,0.4088108539581299,0.6202097965611352,2.7145182291666665,2.7233445909288196,150.0,3465,17
fixation,1040501.9310001135,0.5256500661373138,0.5799091637134552,2.7231658935546874,2.6815811157226563,167.0,3466,17
fixation,1040701.935000062,0.45074783431159127,0.6602843801180521,2.6850772433810763,2.6595001220703125,150.0,3467,17
fixation,1040868.6060000658,0.3992386131236951,0.6392518691718578,2.712460199991862,2.703056971232096,400.0,3468,17
fixation,1041301.9450000525,0.4637722472349803,0.6243939300378164,2.7040642632378473,2.6638302273220487,158.0,3469,17
fixation,1041651.9550000429,0.3934328340821796,0.6714882817533281,2.7028639051649304,2.7034844292534723,142.0,3470,17
fixation,1041835.2900000811,0.44077125542304096,0.6688573518220116,2.711826100068934,2.6529379451976105,284.0,3471,17
fixation,1042135.2960000038,0.4696726266826902,0.663360561643328,2.6251231602260043,2.580554417201451,234.0,3472,17
fixation,1042385.2990000248,0.47241637110710144,0.5915648585016077,2.6609927090731533,2.639394586736506,184.0,3473,17
fixation,1042585.3080000877,0.5373145043849945,0.5751797204667871,2.6965831409801138,2.635348233309659,184.0,3474,17
fixation,1042785.3080000877,0.5148564010858536,0.5766629219055176,2.725422668457031,2.653916931152344,167.0,3475,17
fixation,1042985.3120000362,0.5646716015679496,0.5764499860150474,2.7175096784319197,2.6570260184151784,125.0,3476,17
fixation,1043401.986000061,0.493815983596601,0.5759465145437341,2.8551001297800163,2.790576332493832,317.0,3477,17
fixation,1043735.3250000477,0.5062454816173104,0.5562874937758726,2.8663707059972428,2.803165211397059,284.0,3478,FIX_CROS
fixation,1044068.6670000553,0.5341981819697789,0.4202372963939394,2.8266639709472656,2.799584524972098,467.0,3479,FIX_CROS
fixation,1044552.0080000162,0.5324185729026795,0.4229513704776764,2.9533599853515624,,84.0,3480,17.1
fixation,1044668.6760001183,0.4974085661497983,0.4594841396266764,2.974942294034091,2.949948397549716,183.0,3481,17.1
fixation,1044868.6800000668,0.5306201428174973,0.4716765582561493,2.996795654296875,2.9609222412109375,67.0,3482,17.1
fixation,1044952.0160000324,0.47724684327840805,0.4683064594864845,2.988294982910156,2.9579620361328125,167.0,3483,17.1
fixation,1045135.3510000706,0.4587821414073308,0.4693908625178867,2.938625759548611,2.8928324381510415,150.0,3484,17.1
fixation,1045318.6870000362,0.5326851427555084,0.46907079219818115,2.9167138671875,2.868974609375,417.0,3485,17.1
fixation,1045768.6960000992,0.6299534440040588,0.4651710744947195,2.8235769271850586,2.765207290649414,275.0,3486,NOTRIAL
fixation,1046218.7110000849,0.627077943748898,0.291699070069525,2.850345187717014,2.7805243598090277,142.0,3487,NOTRIAL
fixation,1046385.3820000887,0.6322389141071675,0.2674146263405334,2.882841953011446,2.823145311932231,716.0,3488,NOTRIAL
fixation,1047118.7200000286,0.6162815081036609,0.2569835574730583,2.8347572658372964,2.7479241412618887,391.0,3489,NOTRIAL
fixation,1047685.3980000019,0.6248508103191852,0.25701860450208186,2.843924713134766,2.7596839904785155,658.0,3490,NOTRIAL
fixation,1048368.7430000305,0.6451785236597061,0.257339808344841,2.8357803344726564,2.7387725830078127,167.0,3491,NOTRIAL
fixation,1048568.7480000257,0.6172476375804228,0.2548874252859284,2.839365342084099,2.7355876249425553,283.0,3492,NOTRIAL
fixation,1048902.0890001059,0.6459974497556686,0.48331269919872283,2.8313720703125,2.7329757690429686,167.0,3493,NOTRIAL
fixation,1049085.4220000505,0.6316989324986935,0.47274787817150354,2.842182159423828,2.7298851013183594,266.0,3494,NOTRIAL
fixation,1049385.4310001135,0.6241066038608551,0.26479570344090464,2.812855529785156,2.70927734375,166.0,3495,NOTRIAL
fixation,1049585.4330000877,0.5702353446256547,0.25150167374383836,2.850394839332217,2.736811319986979,350.0,3496,NOTRIAL
fixation,1049952.10800004,0.6278125002980233,0.2558285728096962,2.8751121520996095,2.7408775329589843,342.0,3497,NOTRIAL
fixation,1050352.1190000772,0.6268264906747001,0.2571727080004556,2.866422380719866,2.7320970807756697,109.0,3498,NOTRIAL
fixation,1050485.4540001154,0.6386899087164137,0.25708256082402337,2.8364325629340277,2.7085401746961804,158.0,3499,NOTRIAL
fixation,1050885.4630000591,0.5677863193882836,0.23996367967791027,2.887140909830729,2.765285915798611,142.0,3500,NOTRIAL
fixation,1051052.131000042,0.6233597612380981,0.2566720256209373,2.9029620361328123,2.7619842529296874,417.0,3501,NOTRIAL
fixation,1051502.1420000792,0.5642161177737373,0.1705129582967077,2.8579624720982144,2.7387183053152904,234.0,3502,NOTRIAL
fixation,1051768.8150000572,0.571039617061615,0.24872742505634532,2.879048964556526,2.7725462072035847,283.0,3503,NOTRIAL
fixation,1052068.8200000525,0.5616249510875115,0.2707519978284836,2.8968846247746396,2.794214101938101,217.0,3504,NOTRIAL
fixation,1052335.4930000305,0.6121455711476943,0.49245939885868745,2.8877195470473347,2.789713242474724,283.0,3505,NOTRIAL
fixation,1052635.5,0.5734709325958701,0.4696623104460099,2.7955483829273895,2.7249387853285847,283.0,3506,NOTRIAL
fixation,1052968.8370000124,0.5842105038464069,0.6430808901786804,2.7063751220703125,2.6541595458984375,133.0,3507,NOTRIAL
fixation,1053152.1720000505,0.34718833519862247,0.7303642859825721,2.72390864445613,2.7345686692457933,217.0,3508,NOTRIAL
fixation,1053385.5110000372,0.3708653599023819,0.7259237468242645,2.7108306884765625,2.702386474609375,91.0,3509,NOTRIAL
fixation,1053635.5210000277,0.6089886296540499,0.5786797907203436,2.58998966217041,2.5707597732543945,258.0,3510,NOTRIAL
fixation,1053918.8590000868,0.6498332135379314,0.6952275310953459,2.6564852396647134,2.6298624674479165,408.0,3511,NOTRIAL
fixation,1054518.8690000772,0.6411588575158801,0.6789198645523616,2.6380767822265625,2.594789777483259,117.0,3512,NOTRIAL
fixation,1054702.2060000896,0.5492307156324386,0.4567321166396141,2.753045654296875,2.714495849609375,167.0,3513,NOTRIAL
fixation,1054918.884000063,0.5163550250805341,0.23915749702316064,2.8258138803335338,2.7485005305363583,441.0,3514,NOTRIAL
fixation,1055685.5560001135,0.5175420398061926,0.47249017655849457,2.8605305064808237,2.8139911998401987,183.0,3515,FIX_CROS
fixation,1055885.5610001087,0.4978165789729073,0.48055878565424964,2.8618352980840776,2.813384283156622,350.0,3516,FIX_CROS
fixation,1056252.23300004,0.5025949643717872,0.42023861242665184,2.738581339518229,2.7032470703125,150.0,3517,17.2
fixation,1056435.5720000267,0.5398834510283037,0.36952622505751526,2.6992686878551138,2.679564042524858,183.0,3518,17.2
fixation,1056652.2450000048,0.4375122860074043,0.38088525980710985,2.716474914550781,2.7123062133789064,167.0,3519,17.2
fixation,1056852.2480000257,0.39722637744510875,0.38606544627862815,2.768157958984375,2.748569264131434,284.0,3520,17.2
fixation,1057235.5870000124,0.4699435700972875,0.38269626796245576,2.783013916015625,2.7296630859375,250.0,3521,17.2
fixation,1057535.5920000076,0.2754449024796486,0.38354817777872086,2.8111483256022134,2.8175226847330728,200.0,3522,17.2
fixation,1057752.2630000114,0.333074461330067,0.3914720226417888,2.8450178666548296,2.8085438121448862,184.0,3523,17.2
fixation,1057968.9330000877,0.3880677062731523,0.3899955887060899,2.7768719012920675,2.7600543682391825,217.0,3524,17.2
fixation,1058235.6040000916,0.5444793573447636,0.37679758348635267,2.795346941266741,2.7263663155691966,233.0,3525,17.2
fixation,1058502.2750000954,0.47248328796454836,0.3826026991009712,2.7693470546177457,2.7370692661830356,234.0,3526,17.2
fixation,1058752.2800000906,0.4125111371278763,0.383352567255497,2.736039733886719,2.722125244140625,175.0,3527,17.2
fixation,1059068.9540001154,0.506321435624903,0.5555915263566104,2.6815671053799717,2.6350818980823862,175.0,3528,17.2
fixation,1059285.6240000725,0.557111070914702,0.385338464921171,2.728085604580966,2.633626764470881,183.0,3529,17.2
fixation,1059485.628000021,0.544316116720438,0.38115827925503254,2.7000885009765625,2.6246185302734375,133.0,3530,17.2
fixation,1059652.2970000505,0.6258770376443863,0.38211875036358833,2.6983642578125,2.621448516845703,67.0,3531,17.2
fixation,1059752.2980000973,0.6996023790402845,0.38220218501307746,2.685360995205966,2.600472190163352,184.0,3532,17.2
fixation,1059968.969000101,0.7804272413253784,0.37833105623722074,2.6847610473632812,2.5963043212890624,167.0,3533,17.2
fixation,1060202.3080000877,0.3168379155298074,0.46796698619922,2.6984341939290366,2.7182540893554688,200.0,3534,17.2
fixation,1060435.6450001001,0.39858027175068855,0.4759370945394039,2.758697509765625,2.700359344482422,66.0,3535,17.2
fixation,1060518.980000019,0.4948729366064072,0.4719303518533707,2.7377639770507813,2.6591232299804686,167.0,3536,17.2
fixation,1060718.98300004,0.5548066794872284,0.4689585343003273,2.690180460611979,2.625244140625,200.0,3537,17.2
fixation,1060952.3220000267,0.4860265242556731,0.46464988713463146,2.7227986653645835,2.67901611328125,200.0,3538,17.2
fixation,1061185.6600000858,0.5452958558286939,0.4638214090040752,2.743903023856027,2.6649911063058034,124.0,3539,17.2
fixation,1061485.6670000553,0.6783770876271384,0.4637576001031058,2.767950875418527,2.666588919503348,109.0,3540,17.2
fixation,1061635.6690000296,0.7685050740838051,0.46712452732026577,2.817106246948242,2.685436248779297,133.0,3541,17.2
fixation,1061835.6740000248,0.5165829012791315,0.5864210203289986,2.7388089497884116,2.6778577168782554,200.0,3542,17.2
fixation,1062069.0160000324,0.4409600682556629,0.5706117277344068,2.741785685221354,2.694971720377604,200.0,3543,17.2
fixation,1062285.6870000362,0.5114770148481641,0.5613849865538734,2.716536385672433,2.6497584751674106,233.0,3544,NOTRIAL
fixation,1062569.0250000954,0.460118967294693,0.30422704815864565,2.7623046875,2.71707763671875,167.0,3545,NOTRIAL
fixation,1062752.364000082,0.4318728099266688,0.2751855452855428,2.7583694458007812,2.6903711954752603,108.0,3546,NOTRIAL
fixation,1063085.7010000944,0.6210824061523784,0.26189191910353576,2.871970436789773,2.767855557528409,175.0,3547,NOTRIAL
fixation,1063319.040000081,0.4325147941708565,0.2808080777525902,2.91614990234375,2.8479629516601563,167.0,3548,NOTRIAL
fixation,1063535.7110000849,0.4324190944433212,0.4770712465047836,2.8707244873046873,2.78829345703125,83.0,3549,NOTRIAL
fixation,1063685.7130000591,0.6412294696677815,0.4850002594969489,2.8477533513849433,2.729888916015625,183.0,3550,NOTRIAL
fixation,1063935.719000101,0.4134978186903578,0.2500229421438593,2.850204930160985,2.784580115116004,550.0,3551,NOTRIAL
fixation,1064535.7290000916,0.4059421867132187,0.4907546540101369,2.8626937866210938,2.801513671875,100.0,3552,NOTRIAL
fixation,1064652.398000002,0.4171205312013626,0.46483882930543685,2.8623148600260415,2.806635538736979,150.0,3553,NOTRIAL
fixation,1064852.4030001163,0.6410798047270093,0.7190319161329951,2.745257786342076,2.6674695696149553,466.0,3554,NOTRIAL
fixation,1065335.7470000982,0.5671919552903426,0.6974337885254308,2.6841912520559212,2.6410699141652962,317.0,3555,NOTRIAL
fixation,1065919.0880000591,0.5234428313043382,0.6959986620479159,2.670895046657986,2.611204359266493,150.0,3556,NOTRIAL
fixation,1066102.4240000248,0.5813486576080322,0.7150033579932319,2.749296400282118,2.666473388671875,150.0,3557,NOTRIAL
fixation,1066352.42900002,0.3629980633656184,0.7204952935377756,,2.7097396850585938,100.0,3558,NOTRIAL
fixation,1066469.0990000963,0.3596724318340421,0.7282053716480732,2.6740827560424805,2.6448936462402344,267.0,3559,NOTRIAL
fixation,1066752.4370000362,0.33362320491245817,0.7190003536996388,2.6323670886811756,2.603694370814732,350.0,3560,NOTRIAL
fixation,1067152.4440000057,0.5233217279116312,0.7863279605905215,2.5090904235839844,2.4985644022623696,200.0,3561,NOTRIAL
fixation,1067369.1150000095,0.5097431600093841,0.7183880349000294,2.574080403645833,2.524388631184896,250.0,3562,NOTRIAL
fixation,1067635.7860000134,0.5039776727557183,0.7054093331098557,2.6003509521484376,2.5247528076171877,167.0,3563,NOTRIAL
fixation,1067819.125,0.5788445797833529,0.6954746788198297,2.5879766290838067,2.5148689963600854,192.0,3564,NOTRIAL
fixation,1068269.131000042,0.4982615318149328,0.6381148248910904,2.632474899291992,2.578023910522461,259.0,3565,NOTRIAL
fixation,1068602.4710000753,0.45251093669371173,0.3363267901268872,2.7444610595703125,2.6864485307173296,183.0,3566,NOTRIAL
fixation,1068802.4740000963,0.43080566364985245,0.25629010853859097,2.7373211200420675,2.6696671705979567,216.0,3567,NOTRIAL
fixation,1069052.4790000916,0.4987616706639528,0.22202776465564966,2.7718372344970703,2.669452667236328,133.0,3568,NOTRIAL
fixation,1069252.489000082,0.6167774379253388,0.2745298494895299,2.781477864583333,2.6910390218098956,250.0,3569,NOTRIAL
fixation,1069535.8250000477,0.45547394225230586,0.43453339773875016,2.8792947622445912,2.79852294921875,217.0,3570,NOTRIAL
fixation,1069785.8310000896,0.36809852812439203,0.45978394988924265,2.900303840637207,2.8213701248168945,267.0,3571,NOTRIAL
fixation,1070102.5100001097,0.6212140073378881,0.4509984826048215,2.8683878580729165,2.700078328450521,108.0,3572,NOTRIAL
fixation,1070352.5160000324,0.3691802304238081,0.24065680149942636,2.8734312057495117,2.7872886657714844,266.0,3573,NOTRIAL
fixation,1070652.5220000744,0.4460518702864647,0.2372233487665653,2.8660491943359374,2.750872802734375,166.0,3574,NOTRIAL
fixation,1070852.526000023,0.5305779036134481,0.23077153088524938,2.7706127166748047,2.6816234588623047,266.0,3575,NOTRIAL
fixation,1071152.534000039,0.5907019268382679,0.2291489914059639,2.7900279651988638,2.694552334872159,191.0,3576,NOTRIAL
fixation,1071569.2100000381,0.5706135389350709,0.4041888813177745,2.8906613304501487,2.7935384114583335,342.0,3577,NOTRIAL
fixation,1071969.2200000286,0.39233580604195595,0.4888647310435772,2.8573551177978516,2.7976417541503906,142.0,3578,NOTRIAL
fixation,1072319.230000019,0.35171038607756294,0.48761904885371526,2.7287638346354166,2.6885040283203123,992.0,3579,NOTRIAL
fixation,1073335.9170000553,0.3380137039348483,0.4762917961925268,2.742502212524414,2.681826591491699,267.0,3580,NOTRIAL
fixation,1073619.256000042,0.3577350862324238,0.48515390790998936,2.775970458984375,2.702404022216797,134.0,3581,NOTRIAL
fixation,1074219.2680000067,0.4388064593076706,0.5569912241055415,2.8187091533954325,2.7118189885066104,209.0,3582,NOTRIAL
fixation,1074452.6030000448,0.488666532561183,0.46918535977602005,2.8994922637939453,2.788100242614746,266.0,3583,NOTRIAL
fixation,1074735.9430000782,0.5083991203989301,0.4690694287419319,2.729821341378348,2.6551339285714284,233.0,3584,NOTRIAL
fixation,1075002.6220000982,0.47938189208507537,0.34615361630916597,2.5902874755859373,2.5483404541015626,416.0,3585,19
fixation,1075469.2960000038,0.45455336819092435,0.8472419331471125,2.47021484375,2.394129435221354,100.0,3586,19
fixation,1075669.2980000973,0.3991355879439248,0.8742393089665307,2.3093109130859375,2.4893035888671875,150.0,3587,19
fixation,1075885.9710000753,0.47568402545792715,0.860296756029129,2.2953643798828125,2.4386683872767856,117.0,3588,19
fixation,1076019.307000041,0.517932578921318,0.8602285807331403,2.427989959716797,2.4247461954752603,200.0,3589,19
fixation,1076235.9780000448,0.5820499718189239,0.8614011704921722,2.462001037597656,2.4154327392578123,167.0,3590,19
fixation,1076452.648000002,0.6054157912731171,0.8628483340144157,2.4782676696777344,2.4365615844726562,66.0,3591,19
fixation,1076569.316000104,0.4881995413452387,0.5065888352692127,2.6524505615234375,2.6192970275878906,134.0,3592,19
fixation,1076735.986000061,0.46277381479740143,0.3680451727575726,2.668814765082465,2.613004896375868,150.0,3593,19
fixation,1077952.6690000296,0.4929337228337924,0.5311739047368368,2.8799947102864585,2.7977320353190103,92.0,3594,19
fixation,1078086.003000021,0.4688110856546296,0.35709075298574233,2.9780248006184897,2.86265140109592,300.0,3595,19
fixation,1078402.6830000877,0.49730709493160247,0.3267611816525459,2.966386413574219,2.8409378051757814,167.0,3596,19
fixation,1078652.6830000877,0.8727952112754186,0.63015010257562,2.9009017944335938,2.796966044108073,500.0,3597,19
fixation,1079219.3620001078,1.1146432711527898,0.4228218977267926,2.9337228628305287,2.7784095177283654,216.0,3598,19
fixation,1079469.364000082,1.0499400144815445,0.3384880617260933,3.0305099487304688,2.8169952392578126,833.0,3599,19
fixation,1080469.375,0.4785749092698097,0.3895483155335699,3.0229884556361606,2.924487522670201,225.0,3600,19
fixation,1080752.7150000334,0.41658755324103613,0.8253106447783384,2.8895638205788354,2.766507235440341,183.0,3601,19
fixation,1080952.7200000286,0.4254266942540805,0.8580218950907389,2.8315811157226562,2.7389984130859375,100.0,3602,19
fixation,1081069.3860000372,0.4851863781611125,0.8707019024425082,2.7921888563368054,2.688262939453125,150.0,3603,19
fixation,1081252.7240000963,0.5388623078664144,0.8681023352675967,2.701541476779514,2.6471133761935763,150.0,3604,19
fixation,1081419.390000105,0.5857440802184019,0.8647381690415469,2.680665449662642,2.6232369162819604,183.0,3605,19
fixation,1081636.0610001087,0.6093629658222198,0.8527790188789368,2.660565185546875,2.6211212158203123,84.0,3606,19
fixation,1081769.3960000277,0.48789263102743363,0.42628023193942177,2.80525885687934,2.761715359157986,150.0,3607,19
fixation,1081952.7310000658,0.47914134122823415,0.3297577170949233,2.7716385690789473,2.7005085192228617,317.0,3608,19
fixation,1082286.0690000057,0.4502337984740734,0.37346135172992945,2.744147300720215,2.6890153884887695,267.0,3609,19
fixation,1082586.0730000734,0.4527793784554188,0.6564363229733247,2.7273377638596754,2.665982173039363,434.0,3610,19
fixation,1083052.7370001078,0.45835883791248005,0.4213844674328963,2.740361531575521,2.6815147399902344,200.0,3611,19
fixation,1083286.0810000896,0.4688493646681309,0.3200692944228649,2.687300364176432,2.6106719970703125,200.0,3612,19
fixation,1083636.0810000896,1.1440803673532274,0.41888420946068233,2.8504876030815973,2.6013946533203125,150.0,3613,19
fixation,1083802.7470000982,1.1103818946414523,0.42022209531731075,2.888036092122396,2.6586235894097223,150.0,3614,19
fixation,1084002.7610000372,1.051384069702842,0.3845113515853882,2.9028694846413354,2.665681318803267,183.0,3615,19
fixation,1084202.7600001097,1.0511785944302876,0.3352315759374982,2.899754842122396,2.655604044596354,350.0,3616,19
fixation,1084719.4340000153,0.5151634839448062,0.33236929367889056,2.911009355024858,2.7841020063920454,175.0,3617,19
fixation,1084919.4360001087,0.4788096940943173,0.35027184018066954,2.8982696533203125,2.7506844656808034,233.0,3618,19
fixation,1085202.7750000954,0.4315200212101142,0.7966049090027809,2.6771138509114585,2.6549288431803384,200.0,3619,19
fixation,1085419.4480000734,0.4693154811859131,0.8793381541967392,2.6008071899414062,2.6248382568359374,166.0,3620,19
fixation,1085619.452000022,0.5302310387293497,0.8673417005274031,2.6183658175998263,2.5821363661024304,150.0,3621,19
fixation,1085786.1220000982,0.5732027755843269,0.8554932243294187,2.590581258138021,2.5083482530381946,150.0,3622,19
fixation,1085952.7950000763,0.5792207419872284,0.8346084753672282,,2.4836247762044272,100.0,3623,19
fixation,1086102.7970000505,0.48465923964977264,0.5013515136458657,2.7193145751953125,2.6927046342329546,183.0,3624,19
fixation,1086319.4670000076,0.47174253579108943,0.34971545204039545,2.813326435704385,2.756619853358115,516.0,3625,19
fixation,1086852.8110001087,0.45582201288026925,0.35971075559363647,2.727125280043658,2.6724018770105697,283.0,3626,19
fixation,1087186.1470000744,0.579353791475296,0.48611644357442857,2.6849029541015623,2.5861831665039063,167.0,3627,19
fixation,1087402.8190000057,0.4371532755238669,0.6595992211784635,2.6111548287527904,2.571813310895647,467.0,3628,19
fixation,1087902.8290001154,0.45895362483418506,0.36843397047208704,2.671445100203804,2.623252536939538,383.0,3629,19
fixation,1088302.833000064,0.445025771856308,0.36580267921090126,2.765003204345703,2.7169313430786133,267.0,3630,19
fixation,1088602.8400000334,0.5074229368141719,0.3590251441512789,2.7226104736328125,2.6643240792410716,117.0,3631,19
fixation,1088736.1760001183,0.4888290032034829,0.3151621300549734,2.707401820591518,2.64553469703311,358.0,3632,19
fixation,1089269.5200001001,0.5067222416400909,0.42213192880153655,2.67432861328125,2.6439590454101562,158.0,3633,19
fixation,1089469.5240000486,0.4557485568026702,0.5889773468176523,2.671301523844401,2.6370264689127603,200.0,3634,19
fixation,1089702.861000061,0.44372438300739636,0.6528656916184858,2.6192266290838067,2.6297246759588067,183.0,3635,19
fixation,1089902.8650000095,0.44436156584156883,0.6642227636443244,2.638180202907986,2.61073981391059,150.0,3636,19
fixation,1090086.205000043,0.5892652696684787,0.8612647072265023,2.4366093685752466,2.463366859837582,317.0,3637,19
fixation,1090452.8790000677,0.5314454436302185,0.44538560044020414,2.707943916320801,2.6294498443603516,267.0,3638,19
fixation,1090736.208000064,0.49715695270272187,0.4657291222450345,2.7592603106831395,2.689658231513445,717.0,3639,FIX_CROS
fixation,1091486.2200000286,0.4162363141775131,0.48858706653118134,2.7521392822265627,2.743735758463542,250.0,3640,FIX_CROS
fixation,1091786.236000061,0.27480779588222504,0.25044505298137665,2.7390925089518228,2.7018051147460938,100.0,3641,19.1
fixation,1091919.563000083,0.20766944709149274,0.22477564283392645,2.591214266690341,2.5629716352982954,183.0,3642,19.1
fixation,1092136.2350000143,0.2629265086725354,0.20422751549631357,2.5987958908081055,2.5229902267456055,267.0,3643,19.1
fixation,1092436.2400000095,0.3341114434103171,0.2034718127300342,2.6451568603515625,2.5687688191731772,200.0,3644,19.1
fixation,1092652.91200006,0.4062924791466106,0.21155140142549167,2.6540027965198862,2.5787769664417612,183.0,3645,19.1
fixation,1092852.9160000086,0.4541252901156743,0.21217338823609883,2.696139865451389,2.620003594292535,158.0,3646,19.1
fixation,1093186.256000042,0.47348446647326153,0.2048803927997748,2.7405217488606772,2.6562525431315103,92.0,3647,19.1
fixation,1093302.9260001183,0.422812439939555,0.2097139257718535,2.751980052274816,2.665920481962316,283.0,3648,19.1
fixation,1093602.9270000458,0.45776517875492573,0.2109826672822237,2.717352867126465,2.617337226867676,267.0,3649,19.1
fixation,1093886.2700001001,0.49723497312515974,0.2050564824603498,2.687411308288574,2.5822229385375977,267.0,3650,19.1
fixation,1094169.6070001125,0.4746907961865266,0.21022693191965422,2.665959676106771,2.5881449381510415,200.0,3651,19.1
fixation,1094402.9440000057,0.5119569106027484,0.208257315447554,2.6754817962646484,2.5853614807128906,533.0,3652,19.1
fixation,1094952.955000043,0.4749637025594711,0.21082324758172036,2.730482177734375,2.634795837402344,833.0,3653,19.1
fixation,1095802.969000101,0.5126437161649976,0.21210600116423198,2.784264700753348,2.642970493861607,125.0,3654,19.1
fixation,1096119.640000105,0.5513508572028234,0.21380600849023232,2.711541982797476,2.6025009155273438,208.0,3655,19.1
fixation,1096369.6470000744,0.4861254781484604,0.21324459463357925,2.7508224487304687,2.629594421386719,166.0,3656,19.1
fixation,1096569.6530001163,0.32509189271009886,0.2087602191246473,2.639245840219351,2.568365243765024,216.0,3657,19.1
fixation,1096802.9900000095,0.3648054682546192,0.20852150354120466,2.6436920166015625,2.5345696343315973,150.0,3658,19.1
fixation,1096986.3260000944,0.43253683263347265,0.22001408962976365,2.6081484840029763,2.5096886044456843,350.0,3659,19.1
fixation,1097352.9980000257,0.46941363625228405,0.21296976413577795,2.6443796157836914,2.5700807571411133,267.0,3660,19.1
fixation,1097636.3360000849,0.49911021093527475,0.2095383460323016,2.6834615071614585,2.585821533203125,250.0,3661,19.1
fixation,1097919.6750000715,0.5348736107349396,0.2084276407957077,2.694805908203125,2.608740234375,83.0,3662,19.1
fixation,1098036.3450000286,0.6084794756025076,0.21624403400346637,2.723583221435547,2.613173484802246,266.0,3663,19.1
fixation,1098319.6830000877,0.6597950553894043,0.20935167074203492,2.7065179443359373,2.5969085693359375,425.0,3664,19.1
fixation,1098919.6950000525,0.7009596394168006,0.2065526001431324,2.7288049768518516,2.5945191559968173,450.0,3665,19.1
fixation,1099386.3720000982,0.73407082259655,0.20534590911120176,2.6521759033203125,2.511188507080078,133.0,3666,19.1
fixation,1099553.0440000296,0.7747335030752069,0.19862069321029327,2.6186245188993564,2.4910565544577206,284.0,3667,19.1
fixation,1099853.0510001183,0.8251673877239227,0.1903403729200363,2.6495086669921877,2.5626174926757814,334.0,3668,19.1
fixation,1100303.0680000782,0.20033538288303784,0.2852765939065388,2.6562816074916293,2.667799813406808,234.0,3669,19.1
fixation,1100553.0730000734,0.21945318082968393,0.28823715324203175,2.683954874674479,2.622297922770182,200.0,3670,19.1
fixation,1100786.41200006,0.29113470982102785,0.2797955309643465,2.5802369959214153,2.5524624095243564,283.0,3671,19.1
fixation,1101103.0870000124,0.32696283647888585,0.2863384524458333,2.578073601973684,2.5477841025904606,317.0,3672,19.1
fixation,1101453.1000000238,0.35065383911132814,0.29172111451625826,2.569805908203125,2.5385711669921873,167.0,3673,19.1
fixation,1101636.4340000153,0.3929317232809569,0.29239607014154134,2.5916756077816614,2.557082326788651,316.0,3674,19.1
fixation,1102053.1130000353,0.4737303003668785,0.28296688199043274,2.5729995727539063,2.5276519775390627,175.0,3675,19.1
fixation,1102436.4540001154,0.5217069089412689,0.2794901967048645,2.577046203613281,2.5084747314453124,166.0,3676,19.1
fixation,1102619.7920000553,0.5750004082918168,0.28299114257097246,2.630818176269531,2.5642379760742187,167.0,3677,19.1
fixation,1102803.1290000677,0.6297390202681223,0.28870694935321806,2.5773915608723956,2.484320068359375,250.0,3678,19.1
fixation,1103069.8050000668,0.6712928224693645,0.2898481677878987,2.5427065762606533,2.455294522372159,183.0,3679,19.1
fixation,1103269.8080000877,0.7085610490578872,0.2884936665113156,2.549586369441106,2.4693603515625,217.0,3680,19.1
fixation,1103503.1490000486,0.7517667770385742,0.29091899544000627,2.5475143432617187,2.4640350341796875,167.0,3681,19.1
fixation,1103703.1520000696,0.7844449026244027,0.28395408391952515,2.549281529017857,2.468780517578125,117.0,3682,19.1
fixation,1103919.824000001,0.22308220528066158,0.3525049363573392,2.6069348653157554,2.6406033833821616,200.0,3683,19.1
fixation,1104153.1600000858,0.276542603969574,0.3758774333530002,2.647269354926215,2.6289232042100696,150.0,3684,19.1
fixation,1104319.833000064,0.3267284569640954,0.381587203592062,2.587334950764974,2.573439280192057,200.0,3685,19.1
fixation,1104536.503000021,0.3588050218919913,0.3777088051040967,2.5571632385253906,2.522813161214193,200.0,3686,19.1
fixation,1104753.1730000973,0.3996645426377654,0.37598988227546215,2.5405092239379883,2.4968080520629883,267.0,3687,19.1
fixation,1105036.5110000372,0.4444146351888776,0.38058579433709383,2.548304557800293,2.502126693725586,266.0,3688,19.1
fixation,1105353.185000062,0.5255703906218211,0.37770725091298424,2.5216949462890623,2.464032999674479,250.0,3689,19.1
fixation,1105636.5140000582,0.6306948432555566,0.370675727725029,2.519390399639423,2.452693058894231,216.0,3690,19.1
fixation,1105886.5210000277,0.6747173837253025,0.36831900477409363,2.517310006277902,2.4642769949776784,116.0,3691,19.1
fixation,1106019.8560000658,0.7331829756498337,0.3662646248936653,2.5262176513671877,2.4481735229492188,175.0,3692,19.1
fixation,1106386.5300000906,0.20855342832050824,0.47008925833200155,2.603041799444901,2.6057466205797697,316.0,3693,19.1
fixation,1106719.8760000467,0.2643515825271606,0.4693141937255859,2.554704284667969,2.536848449707031,167.0,3694,19.1
fixation,1106903.21600008,0.3070959284901619,0.4684583514928818,2.482371520996094,2.4773040771484376,167.0,3695,19.1
fixation,1107103.2090001106,0.36198535437385243,0.47615819051861763,2.5068130493164062,2.491746266682943,200.0,3696,19.1
fixation,1107336.5560001135,0.4076674818992615,0.4735192656517029,2.4988677978515623,2.4885818481445314,166.0,3697,19.1
fixation,1107536.560000062,0.45587278631600464,0.46794080192392523,2.516227028586648,2.4833540482954546,183.0,3698,19.1
fixation,1107753.2220000029,0.49781464717604895,0.4604795209386132,2.5359427712180396,2.5029865611683237,184.0,3699,19.1
fixation,1107953.2270001173,0.5420809496532787,0.46422943337397143,2.5359843860973013,2.4974933971058237,184.0,3700,19.1
fixation,1108169.8940000534,0.5907320181528727,0.45859193470742965,2.553522745768229,2.5137091742621527,150.0,3701,19.1
fixation,1108336.5670000315,0.6322949784142631,0.45835368760994505,2.5340499877929688,2.5011204310825894,233.0,3702,19.1
fixation,1108586.5700000525,0.7063409558364323,0.45804706109421595,2.537012372698103,2.4980948311941966,233.0,3703,19.1
fixation,1108836.5750000477,0.7503946075836817,0.4553053006529808,2.570683797200521,2.495752970377604,200.0,3704,19.1
fixation,1109053.2460000515,0.7795282212587503,0.46281487093522,2.5646209716796875,2.5141671987680287,217.0,3705,19.1
fixation,1109369.9170000553,0.1678732472161452,0.5713911404212316,2.5387547810872397,2.5933252970377603,200.0,3706,19.1
fixation,1109603.2610000372,0.20979741774499416,0.5602718318502108,2.5524889628092446,2.543720245361328,200.0,3707,19.1
fixation,1109836.5960000753,0.24611442536115646,0.5490041710436344,2.4762840270996094,2.4904308319091797,141.0,3708,19.1
fixation,1110169.9360001087,0.26753297792031216,0.5491792743022625,2.5819490872896633,2.5727762075570912,209.0,3709,19.1
fixation,1110403.2640000582,0.24030895596917937,0.5600076642106561,2.6412335564108456,2.6291252585018383,567.0,3710,19.1
fixation,1111019.938000083,0.3848609887063503,0.5923500470817089,2.6531105041503906,2.63299560546875,141.0,3711,19.1
fixation,1111403.2860000134,0.48420247435569763,0.7486625798046589,2.662158966064453,2.5726184844970703,126.0,3712,19.1
fixation,1111569.955000043,0.5055263191461563,0.5989066238204638,2.749162038167318,2.6547063191731772,200.0,3713,19.1
fixation,1111819.958000064,0.674831748008728,0.5521366506814956,2.6645843505859377,2.5676544189453123,167.0,3714,19.1
fixation,1112003.2940000296,0.6499513764130441,0.5488072916081077,2.666055779708059,2.5897883365028784,317.0,3715,19.1
fixation,1112353.2990000248,0.6962568700313568,0.5530878990888596,2.687174987792969,2.5999069213867188,167.0,3716,19.1
fixation,1112536.6360000372,0.7499444612434932,0.5481068193912506,2.6838509695870534,2.5940159388950894,233.0,3717,19.1
fixation,1112803.3060001135,0.8012702117363611,0.5528642237186432,2.6684494018554688,2.5891215006510415,108.0,3718,19.1
fixation,1113103.3110001087,0.21939771182157777,0.6426663480021737,2.7158931385387075,2.6602963534268467,359.0,3719,19.1
fixation,1113503.307000041,0.3395914709881732,0.6664503812789917,2.616647017629523,2.5767501027960527,317.0,3720,19.1
fixation,1113836.6440000534,0.4011238366365433,0.6674082837998867,2.599231719970703,2.5614681243896484,133.0,3721,19.1
fixation,1114003.3230000734,0.28835209310054777,0.6465089499950409,2.5502899169921873,2.543841552734375,84.0,3722,19.1
fixation,1114119.9840000868,0.4063935602704684,0.6584436818957329,2.572373708089193,2.544788360595703,200.0,3723,19.1
fixation,1114353.3290001154,0.4591336980462074,0.6579624503850937,2.623707580566406,2.5568267822265627,167.0,3724,19.1
fixation,1114553.3350000381,0.5123152275880177,0.6466673056284586,2.5708964029947916,2.5320953369140624,249.0,3725,19.1
fixation,1114819.9960000515,0.4912678947051366,0.6501728256543478,2.5430369059244793,2.4911183675130206,250.0,3726,19.1
fixation,1115086.6770000458,0.5089004814624787,0.6522398203611374,2.5287185668945313,2.483526611328125,167.0,3727,19.1
fixation,1115286.6810001135,0.5613130877415339,0.6390238106250763,2.460346221923828,2.4522705078125,200.0,3728,19.1
fixation,1115520.0180000067,0.6505958769056532,0.6377894028469369,2.493609393084491,2.4820918330439814,450.0,3729,19.1
fixation,1116003.3600000143,0.7302142646577623,0.6399437056647407,2.668002658420139,2.6312552558051214,300.0,3730,19.1
fixation,1116336.7000000477,0.7929352734770093,0.6381852839674268,2.6943250383649553,2.6446969168526784,117.0,3731,19.1
fixation,1116503.3730000257,0.4677640980482101,0.7573479866981506,2.6130169677734374,2.5731182861328126,424.0,3732,19.1
fixation,1117103.3820000887,0.4473256640709363,0.7398351545517261,2.6125323955829325,2.6160067044771633,216.0,3733,19.1
fixation,1117353.375,0.5560650966669384,0.7441427770413851,2.5421014083059212,2.4961435418379936,316.0,3734,19.1
fixation,1117720.057000041,0.4823920795550713,0.7076892554759979,2.5896324744591346,2.5665729229266825,217.0,3735,19.1
fixation,1117986.7310000658,0.5051896360058051,0.5151353128827535,2.720562274639423,2.6710034883939304,433.0,3736,19.1
fixation,1118470.0720000267,0.5542719848453999,0.27052364870905876,2.793987274169922,2.704374313354492,134.0,3737,NOTRIAL
fixation,1118636.7410000563,0.6206782013177872,0.25352237075567247,2.787933349609375,2.692193603515625,175.0,3738,NOTRIAL
fixation,1118853.41200006,0.5339027084410191,0.2568429969251156,2.825977325439453,2.746267318725586,125.0,3739,NOTRIAL
fixation,1119003.4140000343,0.5566896677017212,0.2571694935361544,2.878309122721354,2.7544530232747397,500.0,3740,NOTRIAL
fixation,1119536.762000084,0.6180551946163177,0.2571985237300396,2.8866602579752603,2.7426681518554688,108.0,3741,NOTRIAL
fixation,1119836.7690000534,0.5665119842936596,0.253410008115073,2.897890090942383,2.77311102549235,800.0,3742,NOTRIAL
fixation,1120836.7940000296,0.5693643033504486,0.3036094009876251,2.860479736328125,2.7641815185546874,75.0,3743,NOTRIAL
fixation,1120953.4630000591,0.6330359063365243,0.2590923607349396,2.8711686567826704,2.7453751997514204,183.0,3744,NOTRIAL
fixation,1121153.46600008,0.6150064876205042,0.2550054310183776,2.7719188489412008,2.6807451750102795,316.0,3745,NOTRIAL
fixation,1121520.1430000067,0.5026918262243271,0.2564297568798065,2.7265399169921873,2.6644036865234373,417.0,3746,NOTRIAL
fixation,1121986.8210000992,0.6151839815653287,0.25601540907071185,2.6926844670222354,2.60873530461238,217.0,3747,NOTRIAL
fixation,1122220.159000039,0.6397629827260971,0.2513832859694958,2.6797637939453125,2.603008270263672,75.0,3748,NOTRIAL
fixation,1122453.4980000257,0.509983479976654,0.25882258724707824,2.7173321063701925,2.6618417593149037,216.0,3749,NOTRIAL
fixation,1122686.8380000591,0.4899274625561454,0.258039420301264,2.758554632013494,2.6650279651988638,191.0,3750,NOTRIAL
fixation,1123070.1800000668,0.5065753942444211,0.2510234777416502,2.7685103643508184,2.6765638078962053,342.0,3751,NOTRIAL
fixation,1123470.1900000572,0.6083717823028565,0.4502642348408699,2.750993347167969,2.6618499755859375,167.0,3752,NOTRIAL
fixation,1123653.5270000696,0.6337741992690347,0.4753655046224594,2.7136688232421875,2.6392059326171875,183.0,3753,NOTRIAL
fixation,1123853.5320000648,0.6475282439163753,0.4751209701810564,2.6963304792131697,2.637993948800223,116.0,3754,NOTRIAL
fixation,1124003.5360000134,0.5232746766673194,0.4550785852803124,2.6983473036024304,2.653016832139757,150.0,3755,NOTRIAL
fixation,1124186.8720000982,0.5580183596987474,0.45647271997050237,2.7192157946134867,2.6401592053865133,317.0,3756,NOTRIAL
fixation,1124553.5470000505,0.4819060880690813,0.6801509335637093,2.658540725708008,2.6377124786376953,133.0,3757,NOTRIAL
fixation,1124736.884000063,0.33707959701617557,0.7186879764000574,2.6773757934570312,2.6785977681477866,200.0,3758,NOTRIAL
fixation,1124953.5530000925,0.36989949004990713,0.7192686313674563,2.5927029564267112,2.5845496768043157,350.0,3759,NOTRIAL
fixation,1125353.5610001087,0.5295138678380421,0.696796110698155,2.5300500052315846,2.5009972708565846,233.0,3760,NOTRIAL
fixation,1125603.5670000315,0.5091261182512555,0.6996356206280845,2.5920279366629466,2.5534700666155135,241.0,3761,NOTRIAL
fixation,1126003.574000001,0.33076176792383194,0.7315933346748352,2.5770111083984375,2.5614898681640623,166.0,3762,NOTRIAL
fixation,1126186.91200006,0.3431058479472995,0.7180084101855755,2.5073862075805664,2.490903854370117,267.0,3763,NOTRIAL
fixation,1126503.5810000896,0.5067553818225861,0.7117937810537291,2.4802525217940166,2.446170713843369,683.0,3764,NOTRIAL
fixation,1127203.5970000029,0.5773457437753677,0.703907759860158,2.554924964904785,2.4811391830444336,266.0,3765,NOTRIAL
fixation,1127520.2700001001,0.38368668655554455,0.7163004610273573,2.561216566297743,2.5618489583333335,150.0,3766,NOTRIAL
fixation,1127686.9400000572,0.34038298527399696,0.7197676281134288,2.52498779296875,2.508660888671875,250.0,3767,NOTRIAL
fixation,1127953.611000061,0.37071704119443893,0.7235777139663696,2.462049865722656,2.4409637451171875,166.0,3768,NOTRIAL
fixation,1128186.9480000734,0.6428699923886193,0.712717635764016,2.4153849283854165,2.3629150390625,158.0,3769,NOTRIAL
fixation,1128553.6230000257,0.6439725851758997,0.7136150687298877,2.468478913002826,2.4252247911818485,783.0,3770,NOTRIAL
fixation,1129370.3030000925,0.5909541977776421,0.5237339900599586,2.5505744086371527,2.520723130967882,158.0,3771,NOTRIAL
fixation,1129703.6440000534,0.3736891663736767,0.7407200270228915,2.5182325575086804,2.4863654242621527,142.0,3772,NOTRIAL
fixation,1129886.9810000658,0.5711386303106943,0.7020507736338509,2.524999830457899,2.4341150919596353,300.0,3773,NOTRIAL
fixation,1130220.3190000057,0.5741000799462199,0.46597715979442,2.6394429206848145,2.5503311157226562,542.0,3774,NOTRIAL
fixation,1130920.3310000896,0.48381438851356506,0.27210628773484913,2.6844395228794644,2.6230664934430803,109.0,3775,NOTRIAL
fixation,1131070.330000043,0.4493802140156428,0.1448206731842624,2.7152642144097223,2.641667683919271,151.0,3776,NOTRIAL
fixation,1131253.6700000763,0.5621897503733635,0.15203457791358232,2.7743473052978516,2.6048431396484375,141.0,3777,NOTRIAL
fixation,1131553.6750000715,0.5011257816244055,0.4186635547214084,2.8656158447265625,2.7732606110749423,442.0,3778,FIX_CROS
fixation,1132020.3530000448,0.48945729647363934,0.4368180515510695,2.8069490705217635,2.700803484235491,233.0,3779,FIX_CROS
fixation,1132287.0240000486,0.43845343660740627,0.3439935864437194,2.786373320079985,2.707161313011533,350.0,3780,FIX_CROS
fixation,1132670.364000082,0.3288466453552246,0.4602407723665237,2.826953125,2.7834686279296874,83.0,3781,19.2
fixation,1132787.0330001116,0.25121557526290417,0.46706621162593365,2.841297149658203,2.8049583435058594,134.0,3782,19.2
fixation,1132937.03700006,0.23062302036718887,0.4695655351335352,2.78521728515625,2.7446760697798296,184.0,3783,19.2
fixation,1133137.040000081,0.27913420165286346,0.46438975807498484,2.6744977165670956,2.643031400792739,284.0,3784,19.2
fixation,1133437.0450000763,0.32105528190732,0.4582782983779907,2.6719932556152344,2.643512725830078,75.0,3785,19.2
fixation,1133737.0500000715,0.3600437372922897,0.4631492793560028,2.726806640625,2.7117584228515623,76.0,3786,19.2
fixation,1134103.7240000963,0.3773432791233063,0.4676035076379776,2.81473388671875,2.753485107421875,159.0,3787,19.2
fixation,1134287.0580000877,0.4035888889006206,0.4736519179173878,2.8052945818219865,2.723797389439174,234.0,3788,19.2
fixation,1134537.063000083,0.44219461269676685,0.47299780417233706,2.638108253479004,2.5788516998291016,267.0,3789,19.2
fixation,1134820.4060000181,0.41080981989701587,0.46974579907125896,2.5987396240234375,2.5720028347439237,300.0,3790,19.2
fixation,1135137.0780000687,0.4349249762793382,0.465996403247118,2.6081225077311196,2.5580787658691406,200.0,3791,19.2
fixation,1135370.4140000343,0.482548060019811,0.4679366598526637,2.639404296875,2.582597859700521,250.0,3792,19.2
fixation,1135637.0870000124,0.517585481206576,0.4644121478001277,2.6469879150390625,2.578313191731771,200.0,3793,19.2
fixation,1135853.7570000887,0.4900420233607292,0.47210200130939484,2.6384735107421875,2.5841344197591147,108.0,3794,19.2
fixation,1136187.0980000496,0.50535758667522,0.4703248242537181,2.6444159613715277,2.5822872585720487,150.0,3795,19.2
fixation,1136353.7680000067,0.5326828559239706,0.4668642580509186,2.697432200113932,2.6125615437825522,200.0,3796,19.2
fixation,1136587.1020001173,0.4340259867409865,0.4740791606406371,2.603621164957682,2.5828145345052085,200.0,3797,19.2
fixation,1136820.4430000782,0.45837776019023013,0.4676807373762131,2.5987771841195912,2.5625234750600963,216.0,3798,19.2
fixation,1137070.449000001,0.3989812078384253,0.47951867488714367,2.578434870793269,2.55081294133113,216.0,3799,19.2
fixation,1137337.117000103,0.5676169341260736,0.4737143557180058,2.5657279274680396,2.485687255859375,184.0,3800,19.2
fixation,1137537.1220000982,0.6051098839803175,0.46618684178048914,2.6037764115767046,2.5296741832386362,184.0,3801,19.2
fixation,1137737.1270000935,0.652141273021698,0.4587692382435004,2.656092325846354,2.6038729349772134,200.0,3802,19.2
fixation,1137953.7970000505,0.7099942624568939,0.46170217394828794,2.6495676676432294,2.5674845377604165,250.0,3803,19.2
fixation,1138220.469000101,0.7580194567379198,0.46134182340220403,2.648428665964227,2.5497725637335527,324.0,3804,19.2
fixation,1138803.8120000362,0.2444872923195362,0.484204089641571,2.6377601623535156,2.6003883361816404,341.0,3805,19.2
fixation,1139353.8210000992,0.24752571699874742,0.47711963951587677,2.610509599958147,2.5867113385881697,225.0,3806,19.2
fixation,1139637.159000039,0.4746066056191921,0.479902821034193,2.6433746337890627,2.550572967529297,334.0,3807,19.2
fixation,1140003.8320000172,0.6001812554895878,0.4766694959253073,2.6333351135253906,2.554166793823242,141.0,3808,19.2
fixation,1140370.506000042,0.5853948136170705,0.4066914061705271,2.8031077067057293,2.705283610026042,242.0,3809,NOTRIAL
fixation,1140653.8450000286,0.6181891328758664,0.3493897186385261,2.886905246310764,2.721310085720486,150.0,3810,NOTRIAL
fixation,1140837.1800000668,0.6226089163260027,0.25143797627904196,2.8640816428444604,2.7042125355113638,184.0,3811,NOTRIAL
fixation,1141037.185000062,0.5632540459434191,0.24735187801222006,2.869511922200521,2.7362658182779946,200.0,3812,NOTRIAL
fixation,1141270.523000002,0.614283416668574,0.24670850733915964,2.896985880533854,2.731056722005208,258.0,3813,NOTRIAL
fixation,1141603.8630000353,0.6147818391521772,0.24689491962393126,2.9373346964518228,2.795787811279297,192.0,3814,NOTRIAL
fixation,1141820.534000039,0.6358299851417542,0.2541138162979713,2.90365483210637,2.767772967998798,224.0,3815,NOTRIAL
fixation,1142220.5390000343,0.5678593380884691,0.2553300232146726,2.8969758929628315,2.7732705780954072,550.0,3816,NOTRIAL
fixation,1143087.2240000963,0.6190203064017825,0.4608137094312244,2.8044942220052085,2.704432169596354,142.0,3817,NOTRIAL
fixation,1143253.8950001001,0.6399919357564714,0.47485721856355667,2.8201972113715277,2.721104939778646,300.0,3818,NOTRIAL
fixation,1143587.2340000868,0.5469147584268025,0.463543030832495,2.7266453334263394,2.6413236345563615,234.0,3819,NOTRIAL
fixation,1143853.9030001163,0.5011785738170147,0.45217221416532993,2.7243785858154297,2.6462230682373047,133.0,3820,NOTRIAL
fixation,1144020.5760000944,0.5603954510556327,0.4546751528978348,2.690790812174479,2.60955810546875,300.0,3821,NOTRIAL
fixation,1144370.5810000896,0.5594372488558292,0.7057387828826904,2.6253585815429688,2.580362319946289,133.0,3822,NOTRIAL
fixation,1144553.9210000038,0.35483287572860717,0.7343683779239655,2.737102254231771,2.7079264322916665,250.0,3823,NOTRIAL
fixation,1144853.9260001183,0.6199744972917769,0.7022520767317878,2.7025875515407987,2.607725355360243,150.0,3824,NOTRIAL
fixation,1145037.2610000372,0.5953026302158833,0.6967311277985573,2.6665401458740234,2.589315414428711,134.0,3825,NOTRIAL
fixation,1145187.2660000324,0.648690701336474,0.7226211501134409,2.6922896101668075,2.6171668800147803,625.0,3826,NOTRIAL
fixation,1146020.6130000353,0.5747233927249908,0.7621050924062729,2.5654525756835938,2.559539794921875,92.0,3827,NOTRIAL
fixation,1146137.2810000181,0.5763332518664274,0.7089403217489069,2.6563179709694604,2.5808480002663354,192.0,3828,NOTRIAL
fixation,1146553.9530000687,0.5314604938030243,0.503321236371994,2.66112060546875,2.6307022094726564,159.0,3829,NOTRIAL
fixation,1146753.9620000124,0.5219035167247057,0.3229203545488417,2.8301234245300293,2.7547266483306885,1067.0,3830,NOTRIAL
fixation,1147870.6450001001,0.38036479972876036,0.4681406193054639,2.8990372877854567,2.870080801156851,216.0,3831,NOTRIAL
fixation,1148103.9850000143,0.35733453929424286,0.4739019016806896,2.7980687068058896,2.7718728872445912,867.0,3832,NOTRIAL
fixation,1149020.6660000086,0.465294595469128,0.25119906867092306,2.8642023259943183,2.819193059747869,183.0,3833,NOTRIAL
fixation,1149237.3400000334,0.5405780971050262,0.23166965693235397,2.8327178955078125,2.787968562199519,216.0,3834,NOTRIAL
fixation,1149487.3380000591,0.6207364598910013,0.23115725401375029,2.876186794704861,2.792295667860243,150.0,3835,NOTRIAL
fixation,1149687.3390001059,0.37961699399683213,0.23645265483193928,2.8989681667751737,2.851259019639757,158.0,3836,NOTRIAL
fixation,1150020.6810001135,0.4985346415390571,0.47958235318462056,2.9289652506510415,2.861656824747721,392.0,3837,NOTRIAL
fixation,1150454.0190000534,0.5334403499176628,0.35556256927941976,2.6874935752467106,2.651167217053865,317.0,3838,2
fixation,1150837.3590000868,0.5531607667605082,0.5412542720635732,2.6599451700846353,2.6432215372721353,100.0,3839,2
fixation,1150987.3620001078,0.26617810130119324,0.8623638067926679,2.6254185267857144,2.5977892194475447,116.0,3840,2
fixation,1151120.6940000057,0.22494083270430565,0.8644197344779968,2.63746337890625,2.5862716674804687,167.0,3841,2
fixation,1151304.0330001116,0.2700723111629486,0.8614115655422211,2.568836975097656,2.52481689453125,167.0,3842,2
fixation,1151487.3660000563,0.3169067149812525,0.8564951121807098,2.4569452459161933,2.4756608442826704,183.0,3843,2
fixation,1151704.0380001068,0.39866420307329725,0.8534322061708995,2.4698802403041293,2.5310047694614957,234.0,3844,2
fixation,1151970.7060000896,0.4588409836093585,0.8509934743245443,2.4607315063476562,2.5332234700520835,108.0,3845,2
fixation,1152337.3790000677,0.5062040597200393,0.8405146896839142,2.4991119384765623,2.4990234375,83.0,3846,2
fixation,1153020.719000101,0.30742038786411285,1.009454369544983,2.4252777099609375,,191.0,3847,2
fixation,1153454.0490000248,0.511253222823143,0.7163953706622124,2.5426559448242188,2.537261962890625,67.0,3848,2
fixation,1153570.7210000753,0.3315659562746684,0.8426089336474737,2.5457839965820312,2.5974349975585938,100.0,3849,2
fixation,1153687.387000084,0.2409899689257145,0.8610975950956344,2.7187652587890625,2.6183456420898437,166.0,3850,2
fixation,1153870.7210000753,0.2762587463313883,0.8654676323587244,2.6240400834517046,2.5515899658203125,183.0,3851,2
fixation,1154087.3940000534,0.32191620193994963,0.8625930914512048,2.4930255596454325,2.48257563664363,216.0,3852,2
fixation,1154320.7290000916,0.36655911306540173,0.8623643467823664,2.4578946431477866,2.4707349141438804,200.0,3853,2
fixation,1154537.4020000696,0.4224209189414978,0.8613628208637237,2.4704559326171873,2.445916748046875,83.0,3854,2
fixation,1154637.4040000439,0.4720461985894612,0.8501398925270353,2.4271469116210938,2.4398280552455356,233.0,3855,2
fixation,1154887.415000081,0.5160757005214691,0.8386369672688571,2.4677567915482954,2.460080233487216,183.0,3856,2
fixation,1155087.4190000296,0.5808136984705925,0.8323196172714233,2.4601618448893228,2.432135264078776,200.0,3857,2
fixation,1155337.4160000086,0.4501890189507428,0.5999642610549927,2.617951337028952,2.585293040556066,283.0,3858,2
fixation,1155637.42900002,0.49512648582458496,0.5916539933532476,2.652181625366211,2.590561866760254,266.0,3859,2
fixation,1155937.435000062,0.4271884915920404,0.5813328784245712,2.6256514329176683,2.6071706918569713,216.0,3860,2
fixation,1156187.441000104,0.44250200050217764,0.4655211567878723,2.644374302455357,2.601924351283482,124.0,3861,2
fixation,1156504.1130000353,0.5724291006724039,0.8395055813921822,2.5549833509657116,2.4804755316840277,292.0,3862,2
fixation,1156820.7820000648,0.6014461153083377,0.8374465074804094,2.5453118218315973,2.458948771158854,150.0,3863,2
fixation,1157004.1210000515,0.6454696744680405,0.8488877445459366,2.5276214599609377,2.4239532470703127,167.0,3864,2
fixation,1157187.4560000896,0.705014702948657,0.8500372902913527,2.5436651056463067,2.468831842595881,183.0,3865,2
fixation,1157387.4610000849,0.7351886508139697,0.855343527414582,2.578797773881392,2.5010916969992896,366.0,3866,2
fixation,1157770.8020000458,0.7186665058135986,0.8498639941215516,2.601776123046875,2.5053497314453126,83.0,3867,2
fixation,1157870.8020000458,0.7554303128272295,0.8521529771387577,2.6435546875,2.5300064086914062,267.0,3868,2
fixation,1158204.1440000534,0.5178307235240937,0.9011054893334707,2.390660603841146,2.4449178059895833,250.0,3869,2
fixation,1158487.4810000658,0.5517411463790469,0.6672124001714919,2.568754408094618,2.537714640299479,150.0,3870,2
fixation,1158670.8190000057,0.47665442313466755,0.5806975471121925,2.6218948364257812,2.576227460588728,233.0,3871,2
fixation,1158937.4930000305,0.5645155674881406,0.600822283162011,2.591584947374132,2.5401373969184027,150.0,3872,2
fixation,1159137.492000103,0.24608154334127902,0.837947741150856,2.609014129638672,2.5309371948242188,333.0,3873,2
fixation,1159487.5,0.2877155587077141,0.8628516256809234,2.539289855957031,2.432757568359375,166.0,3874,2
fixation,1159670.8350000381,0.3368564508855343,0.8620036337524652,2.407961845397949,2.4002695083618164,267.0,3875,2
fixation,1159970.8400000334,0.390079353004694,0.853121817111969,2.407007853190104,2.441089630126953,208.0,3876,2
fixation,1160354.1800000668,0.44908547070291305,0.8472451269626617,2.43996344672309,2.40219963921441,142.0,3877,2
fixation,1160520.8520001173,0.4929987368258563,0.8438312709331512,2.505210182883523,2.442048506303267,183.0,3878,2
fixation,1160720.855000019,0.5325434460089757,0.8399921495180863,2.503355759840745,2.410767775315505,217.0,3879,2
fixation,1160970.8600000143,0.5694203029076258,0.8236879160006841,2.4313634236653647,2.376068115234375,100.0,3880,2
fixation,1161137.5280001163,0.4588930445412795,0.5586245680848757,2.608910878499349,2.5564448038736978,200.0,3881,2
fixation,1161387.534000039,0.5035402824481329,0.3662446128825347,2.665754954020182,2.5869140625,200.0,3882,2
fixation,1161604.2030000687,0.5224178965602603,0.31293698826006483,2.6876427786690846,2.5827734810965404,234.0,3883,2
fixation,1161887.543000102,0.4844009131193161,0.6099774539470673,2.626543485201322,2.5612898606520433,216.0,3884,2
fixation,1162154.2130000591,0.5421210889305387,0.4508029818534851,2.6801550728934154,2.576672145298549,234.0,3885,2
fixation,1162420.8850001097,0.4851337406370375,0.581110719177458,2.6981625027126737,2.617489284939236,150.0,3886,2
fixation,1162620.8890000582,0.28026656129143457,0.8572904088280418,2.688626376065341,2.5785591819069604,183.0,3887,2
fixation,1162820.8910000324,0.3349294972916444,0.848605677485466,2.679967244466146,2.598097483317057,200.0,3888,2
fixation,1163054.2290000916,0.39311486631631853,0.8549066185951233,2.6352203369140623,2.566694641113281,167.0,3889,2
fixation,1163237.566000104,0.46914703994989393,0.837777528166771,2.616865539550781,2.5446701049804688,166.0,3890,2
fixation,1163420.9030001163,0.4506688531902101,0.8434875243239932,2.6461385091145835,2.619815402560764,150.0,3891,2
fixation,1163620.9060000181,0.48966238275170326,0.5182143095880747,2.831878662109375,2.73874568939209,267.0,3892,2
fixation,1163920.9140000343,0.427785452741843,0.5671309255636655,2.828486515925481,2.7396956223707933,217.0,3893,2
fixation,1164154.2480000257,0.4957226582548835,0.594788131388751,2.794240778142756,2.6969479647549717,184.0,3894,2
fixation,1164370.9200000763,0.5893640382723375,0.6087955426086079,2.745486172762784,2.6465010209517046,183.0,3895,2
fixation,1164570.9250000715,0.626605576939053,0.5925041172239516,2.739625718858507,2.6685299343532987,150.0,3896,2
fixation,1164737.5950000286,0.548155277967453,0.5392446052283049,2.8167543411254883,2.7357473373413086,266.0,3897,2
fixation,1165037.5990000963,0.554688337776396,0.4612312051984999,2.8407999674479165,2.749574449327257,150.0,3898,2
fixation,1165220.9360001087,0.5348667475310239,0.34134745597839355,2.8496232466264204,2.764433427290483,183.0,3899,2
fixation,1165420.938000083,0.543138611316681,0.3322858840227127,2.8527740478515624,2.7635711669921874,83.0,3900,2
fixation,1165570.9420000315,0.635655517761524,0.8325424675758069,2.7176126333383412,2.6096719595102162,217.0,3901,2
fixation,1165804.2810000181,0.6262646079063415,0.845144259929657,2.69984130859375,2.5915771484374996,84.0,3902,2
fixation,1165904.284000039,0.6856979250907898,0.8519333392381668,2.744914245605469,2.6141998291015627,167.0,3903,2
fixation,1166104.2850000858,0.7354239612817765,0.8617383927106858,2.734815979003906,2.6281402587890623,167.0,3904,2
fixation,1166287.6230000257,0.7562927199261529,0.8559832913534982,2.740026201520647,2.625002179827009,233.0,3905,2
fixation,1166554.293000102,0.7229610170636859,0.8578136094978878,2.697565351213728,2.6051319667271207,234.0,3906,2
fixation,1166820.9650000334,0.7672087715731727,0.8545887139108446,2.7442559136284723,2.619023640950521,150.0,3907,2
fixation,1167020.9680000544,0.5205591345826784,0.8875769798954328,2.5184644063313804,2.5081214904785156,208.0,3908,2
fixation,1167437.6430000067,0.4677431181073189,0.6625843942165375,2.6986923217773438,2.6427642822265627,158.0,3909,2
fixation,1167620.980000019,0.43075018293327755,0.6152154803276062,2.776060316297743,2.715113321940104,150.0,3910,2
fixation,1167804.316000104,0.5890157421429952,0.5942714363336563,2.7847925821940103,2.699915568033854,100.0,3911,2
fixation,1167954.3180000782,0.5021811723709106,0.35024906375578474,2.8190645490373885,2.765171595982143,234.0,3912,2
fixation,1168220.9900000095,0.44083074331283567,0.3477986752986908,2.8222076416015627,2.792279052734375,83.0,3913,2
fixation,1168337.659000039,0.4122319271167119,0.561296769314342,2.796451144748264,2.760194566514757,300.0,3914,2
fixation,1168654.333000064,0.4797134514777891,0.5971670689121369,2.818050261466734,2.734134304908014,517.0,3915,2
fixation,1169187.6740000248,0.44309930006663006,0.5939286582999759,2.778718736436632,2.7331102159288196,150.0,3916,2
fixation,1169387.6780000925,0.6276057085820607,0.5913379064628056,2.7349472045898438,2.681461879185268,233.0,3917,2
fixation,1169654.3470000029,0.5230470245534723,0.6079106222499501,2.7466500022194604,2.7314286665482954,183.0,3918,2
fixation,1169887.6830000877,0.5096154742770724,0.428863568438424,2.8181949191623263,2.7834031846788196,150.0,3919,2
fixation,1170071.0190000534,0.49647119505838916,0.3148408058014783,2.823659723455256,2.8016190962357954,184.0,3920,2
fixation,1170287.691000104,0.546027509868145,0.3085047513246536,2.8630348205566407,2.794294738769531,333.0,3921,2
fixation,1170654.3630000353,0.5167342573404312,0.38871031403541567,2.8642593383789063,2.8177886962890626,174.0,3922,FIX_CROS
fixation,1171004.3680000305,0.49867645131819177,0.4640753056966897,2.9028126109730112,2.837633075136127,542.0,3923,FIX_CROS
fixation,1171571.0450000763,0.4645083353799932,0.41871065339621377,2.8747145708869484,2.8755986830767464,284.0,3924,FIX_CROS
fixation,1171904.3800001144,0.2757693571703775,0.38070325340543476,2.933988298688616,2.9455740792410716,116.0,3925,2.1
fixation,1172054.3880000114,0.2012034005352429,0.3770287622298513,2.8809716360909596,2.874481201171875,233.0,3926,2.1
fixation,1172304.390000105,0.256362762640823,0.38086860423738306,2.8863345059481533,2.8434628573330967,183.0,3927,2.1
fixation,1172504.3910000324,0.3218022435903549,0.3891826437579261,2.953665839301215,2.89129638671875,150.0,3928,2.1
fixation,1172687.7240000963,0.35807877282301587,0.39337629576524097,2.998711903889974,2.937180836995443,200.0,3929,2.1
fixation,1172921.0640000105,0.39739533960819245,0.3922868609428406,3.02879638671875,2.9459213256835937,167.0,3930,2.1
fixation,1173104.4000000954,0.4462974816560745,0.3893930476445418,2.992918748121995,2.925366915189303,216.0,3931,2.1
fixation,1173354.4040000439,0.5436580252079737,0.3867981575784229,2.9999505905877974,2.9019615536644343,350.0,3932,2.1
fixation,1173737.7410000563,0.6124013543128968,0.38494463711977006,3.0031448364257813,2.9016357421875,167.0,3933,2.1
fixation,1173937.7450000048,0.6742729147275289,0.381438735458586,2.9899393717447915,2.90305413140191,150.0,3934,2.1
fixation,1174104.4140000343,0.7188701087778265,0.3827653893015601,3.0052628950639204,2.904550725763494,183.0,3935,2.1
fixation,1174304.418000102,0.7820777513764121,0.3826927881349217,3.0078874067826704,2.8954953280362217,183.0,3936,2.1
fixation,1174571.0880000591,0.19455489287009606,0.4851183524498573,3.0099217341496396,3.0061985896183896,217.0,3937,2.1
fixation,1174821.0960000753,0.2533261952921748,0.4809971284121275,2.987359046936035,2.903773307800293,267.0,3938,2.1
fixation,1175121.1000000238,0.30890814401209354,0.4720967309549451,2.9025421142578125,2.8102645874023438,267.0,3939,2.1
fixation,1175404.4390000105,0.3430145648973329,0.4740023102079119,2.898087637765067,2.8196182250976562,233.0,3940,2.1
fixation,1175671.1090000868,0.4142898348244754,0.4775303697044199,2.9007623845880683,2.8117495450106533,184.0,3941,2.1
fixation,1175887.7810000181,0.4689373686909676,0.478093346953392,2.857432556152344,2.7854049682617186,167.0,3942,2.1
fixation,1176071.1160000563,0.5237242807360256,0.4719719869249007,2.830854528090533,2.744902666877298,284.0,3943,2.1
fixation,1176387.7910000086,0.5851828108231226,0.4694548075397809,2.818354288736979,2.7261555989583335,100.0,3944,2.1
fixation,1176504.4600000381,0.5861706554889679,0.46046538949012755,2.814501953125,2.7302886962890627,83.0,3945,2.1
fixation,1176621.1260000467,0.6459388732910156,0.46131180475155514,2.817082722981771,2.733001708984375,100.0,3946,2.1
fixation,1176737.7950000763,0.6842298301366659,0.46168642892287326,2.816606961763822,2.7411886361929088,217.0,3947,2.1
fixation,1176987.8010001183,0.7635431493583479,0.4649541103526166,2.812945717259457,2.738027472245066,317.0,3948,2.1
fixation,1177354.4750000238,0.5127085626125336,0.5652494847774505,2.7645050048828126,2.7342864990234377,91.0,3949,2.1
fixation,1177854.4940000772,0.5492660403251648,0.5026129836385901,2.8938099254261362,2.811788385564631,175.0,3950,2.1
fixation,1178087.8220000267,0.6426920711994171,0.37120568603277204,2.9530487060546875,2.8441131591796873,167.0,3951,NOTRIAL
fixation,1178287.8220000267,0.6289560715357463,0.2779776414235433,2.8566070556640626,2.759405517578125,250.0,3952,NOTRIAL
fixation,1178587.8290001154,0.6329588145017624,0.46592049714591766,2.873274909125434,2.799680921766493,300.0,3953,NOTRIAL
fixation,1178921.168000102,0.6202273008070494,0.2455804244075951,2.8940610383686267,2.800471255653783,634.0,3954,NOTRIAL
fixation,1179604.515000105,0.6402611480309413,0.4400788385134477,2.9351102388822117,2.8687826303335338,216.0,3955,NOTRIAL
fixation,1179854.5200001001,0.643320049230869,0.7166668864396902,2.8623575063852162,2.767803485576923,224.0,3956,NOTRIAL
fixation,1180254.5290000439,0.6412316220147269,0.5313884743622371,2.8124171665736606,2.7338954380580356,108.0,3957,NOTRIAL
fixation,1180387.864000082,0.6476831790059805,0.48585974983870983,2.8268775939941406,2.7581300735473633,267.0,3958,NOTRIAL
fixation,1180687.8710000515,0.6512829230019921,0.7237006080778021,2.742336072419819,2.6706659417403373,633.0,3959,NOTRIAL
fixation,1181387.8850001097,0.34765775272479427,0.7720094070984767,2.66717529296875,2.6623464731069713,217.0,3960,NOTRIAL
fixation,1181621.2220000029,0.35629594538893017,0.7319117678063256,2.642572675432478,2.6266250610351562,234.0,3961,NOTRIAL
fixation,1183512.92900002,0.6372317698868838,0.4438659372654828,2.759316184303977,2.6851959228515625,182.0,3962,NOTRIAL
fixation,1183729.6010000706,0.5164615190946139,0.30501466874892896,2.6333477313701925,2.6303734412560096,224.0,3963,FIX_CROS
fixation,1184279.6130000353,0.5023136395547125,0.4540424462821748,2.696718004014757,2.663934071858724,592.0,3964,FIX_CROS
fixation,1184946.284000039,0.28453793823719026,0.4150328546762466,2.597039794921875,2.623431396484375,84.0,3965,2.2
fixation,1185062.9540001154,0.22497564867923134,0.4234273363100855,2.550886455335115,2.5878319991262337,317.0,3966,2.2
fixation,1185396.2920000553,0.18820532674298568,0.41681179754874287,2.540597354664522,2.529171214384191,284.0,3967,2.2
fixation,1185696.2990000248,0.2152480496601625,0.4213173335248774,2.539072210138494,2.5157845237038354,184.0,3968,2.2
fixation,1185896.3030000925,0.24752662628889083,0.42319042682647706,2.5507659912109375,2.5089599609375,167.0,3969,2.2
fixation,1186079.640000105,0.2829041395868574,0.4244273900985718,2.5707877022879466,2.5239671979631697,116.0,3970,2.2
fixation,1186212.9750000238,0.205840477719903,0.4188130709032218,2.5533777872721353,2.537738800048828,200.0,3971,2.2
fixation,1186429.6420000792,0.23197651240560743,0.41753550039397347,2.6000128851996527,2.5596194797092013,150.0,3972,2.2
fixation,1186612.9790000916,0.27984870757375446,0.4213576370051929,2.651538303920201,2.596057346888951,233.0,3973,2.2
fixation,1186862.9870001078,0.33781340532004833,0.4271840378642082,2.6651153564453125,2.6182212829589844,141.0,3974,2.2
fixation,1187196.324000001,0.3853933002267565,0.4119019593511309,2.6487513950892856,2.6098807198660716,109.0,3975,2.2
fixation,1187329.6600000858,0.4160973145848229,0.4294877229701905,2.6840384347098216,2.639165242513021,350.0,3976,2.2
fixation,1187713.0010000467,0.45208476185798646,0.4263011276721954,2.6449554443359373,2.5712127685546875,92.0,3977,2.2
fixation,1188063.0070000887,0.5018726533109491,0.4253169040788304,2.6181293834339487,2.5661690451882104,176.0,3978,2.2
fixation,1188279.6770000458,0.5716782242059708,0.4191125139594078,2.6914413452148436,2.5918609619140627,167.0,3979,2.2
fixation,1188479.6830000877,0.6259702673325171,0.4123945373755235,2.608092087965745,2.5337007962740383,217.0,3980,2.2
fixation,1188746.3530000448,0.6913620382547379,0.40856681764125824,2.61710205078125,2.56129150390625,166.0,3981,2.2
fixation,1188929.691000104,0.7358730652115562,0.4121341055089777,2.6371806751598013,2.574430985884233,183.0,3982,2.2
fixation,1189129.6930000782,0.7683806965748469,0.4120996097723643,2.701634724934896,2.6105969746907554,200.0,3983,2.2
fixation,1189396.3740000725,0.37736992724239826,0.5094629377126694,2.742734909057617,2.7240543365478516,133.0,3984,2.2
fixation,1189563.0420000553,0.33040700001376017,0.5161841469151633,2.7678146362304688,2.7076710292271207,234.0,3985,2.2
fixation,1189813.0490000248,0.38822991276780766,0.5189565196633339,2.7476654052734375,2.6903050740559897,200.0,3986,2.2
fixation,1190029.719000101,0.45028301221983774,0.5201756315571922,2.702317374093192,2.6432037353515625,233.0,3987,2.2
fixation,1190296.390000105,0.5210275210832295,0.5174828069774728,2.691603811163651,2.607070119757401,316.0,3988,2.2
fixation,1190629.7290000916,0.5679555149639354,0.5084570400855121,2.681971830480239,2.5982208251953125,283.0,3989,2.2
fixation,1190929.7340000868,0.6008722117313972,0.5076510287248172,2.6480677678034854,2.5775522085336537,217.0,3990,2.2
fixation,1191163.0720000267,0.6495942920446396,0.49936308339238167,2.654417037963867,2.5891780853271484,142.0,3991,2.2
fixation,1191513.077000022,0.644529562104832,0.49525594169443304,2.7016948353160513,2.6390949596058237,176.0,3992,2.2
fixation,1191779.7540000677,0.2463959902524948,0.4217217117547989,2.8213348388671875,2.782404581705729,150.0,3993,2.2
fixation,1191946.4220000505,0.21448355061667307,0.4203562630074365,2.758253914969308,2.6909997122628346,233.0,3994,2.2
fixation,1192196.4250000715,0.2000533783187469,0.4097657911479473,2.7403564453125,2.6369845072428384,200.0,3995,2.2
fixation,1192413.0960000753,0.24038769056399664,0.4215245110293229,2.7551002502441406,2.6573499043782554,200.0,3996,2.2
fixation,1192629.7610000372,0.28123801201581955,0.4280988375345866,2.7571868896484375,2.6475308736165366,200.0,3997,2.2
fixation,1192863.1040000916,0.3472013094208457,0.42955120449716394,2.797730879350142,2.68450927734375,184.0,3998,2.2
fixation,1193079.776000023,0.3918439779016707,0.4276024070050981,2.8181033664279513,2.70700920952691,150.0,3999,2.2
fixation,1193263.1130000353,0.4472236394882202,0.43081859052181243,2.824259948730469,2.719219970703125,167.0,4000,2.2
fixation,1193463.1180000305,0.4898873809725046,0.42770396173000336,2.7999649047851562,2.7011308670043945,267.0,4001,2.2
fixation,1193746.4560000896,0.5334648311138153,0.4264276698231697,2.7533248901367187,2.6727676391601562,166.0,4002,2.2
fixation,1193946.4610000849,0.5798687487840652,0.4186060428619385,2.7462282180786133,2.6570358276367188,266.0,4003,2.2
fixation,1194246.4670000076,0.6673980785740746,0.4021187325318654,2.7634175618489585,2.6820509168836804,150.0,4004,2.2
fixation,1194429.8010001183,0.6392591543819593,0.41474063046600507,2.764844811480978,2.685491147248641,383.0,4005,2.2
fixation,1194846.4780000448,0.7223635330796242,0.4099539011716843,2.758946990966797,2.6715354919433594,333.0,4006,2.2
fixation,1195196.48300004,0.7664471492171288,0.4114239166180293,2.797100067138672,2.670832316080729,200.0,4007,2.2
fixation,1195463.1550000906,0.34398167663150364,0.5081084138817258,2.7397223578559027,2.7142469618055554,150.0,4008,2.2
fixation,1195646.4950000048,0.31493355706334114,0.5210183151066303,2.735471725463867,2.6971473693847656,133.0,4009,2.2
fixation,1195813.1610000134,0.38766928361012387,0.5138767911837652,2.6813119741586537,2.6460641714242787,217.0,4010,2.2
fixation,1196063.1670000553,0.463626004755497,0.522567189165524,2.6515208653041293,2.608426775251116,234.0,4011,2.2
fixation,1196313.1710000038,0.5083993917161768,0.5214115354147825,2.652841741388494,2.6247822154651987,184.0,4012,2.2
fixation,1196513.1750000715,0.5511261522769928,0.5079173433283964,2.636981964111328,2.6100730895996094,200.0,4013,2.2
fixation,1196746.512000084,0.6119205057621002,0.5065419115126133,2.6329803466796875,2.6240692138671875,208.0,4014,2.2
fixation,1197146.5170000792,0.3206147998571396,0.5120006893810473,2.7296198794716284,2.6908782155890214,633.0,4015,2.2
fixation,1197946.5320000648,0.4126343190670013,0.8064302295446396,2.6166732788085936,2.61317138671875,158.0,4016,NOTRIAL
fixation,1198163.205000043,0.34504179283976555,0.7367367471257845,2.705516815185547,2.7055880228678384,200.0,4017,NOTRIAL
fixation,1198379.8720000982,0.3644912901024024,0.7193200116356214,2.7033513387044272,2.6767247517903647,200.0,4018,NOTRIAL
fixation,1198613.2130000591,0.4379591884521338,0.7138710847267737,2.6637479341947117,2.6242100642277646,217.0,4019,NOTRIAL
fixation,1198846.5480000973,0.4912094369127944,0.7061036494938103,2.704963065482475,2.661600061365076,616.0,4020,NOTRIAL
fixation,1199479.8940000534,0.49908119575543836,0.7069953734224493,2.664034756747159,2.6472001509232954,183.0,4021,NOTRIAL
fixation,1199696.5670000315,0.3529746254736727,0.5000126924027096,2.683624961159446,2.6875235817649146,374.0,4022,NOTRIAL
fixation,1200346.580000043,0.4667089081236294,0.4729697619165693,2.6798389979771207,2.618892124720982,233.0,4023,NOTRIAL
fixation,1200613.2540000677,0.4084642467399438,0.47214230212072533,2.647977828979492,2.5827833811442056,408.0,4024,NOTRIAL
fixation,1201246.6010000706,0.34941896389831195,0.49069881439208984,2.6509260697798296,2.6001711758700283,175.0,4025,NOTRIAL
fixation,1201463.2770000696,0.4470337943898307,0.4661775545941459,2.7207539876302085,2.640499538845486,150.0,4026,NOTRIAL
fixation,1201663.2800000906,0.6336339732011159,0.4748005151748657,2.630010986328125,2.5492218017578123,250.0,4027,NOTRIAL
fixation,1201979.955000043,0.38083896934986117,0.48805865794420245,2.6679107666015627,2.6581436157226563,167.0,4028,NOTRIAL
fixation,1202163.2890000343,0.3626910193878062,0.48216766031349406,2.636366002699908,2.602997723747702,292.0,4029,NOTRIAL
fixation,1202646.6350001097,0.42161225199699404,0.4887805551290512,2.666839599609375,2.6209844970703124,408.0,4030,NOTRIAL
fixation,1203096.6430000067,0.36455736914649606,0.47963324282318354,2.6461243629455566,2.5913801193237305,533.0,4031,NOTRIAL
fixation,1203679.992000103,0.4419513222846118,0.2801405462351712,2.712220625443892,2.6287841796875,183.0,4032,NOTRIAL
fixation,1203913.3310000896,0.6178452918926874,0.250099149843057,2.796519809299045,2.64968024359809,301.0,4033,NOTRIAL
fixation,1204230.0050001144,0.6384204030036926,0.24864158779382706,2.789923350016276,2.65966796875,200.0,4034,NOTRIAL
fixation,1204463.3420000076,0.5729454815387726,0.2470755621790886,2.7538482666015627,2.638104248046875,83.0,4035,NOTRIAL
fixation,1204596.6780000925,0.40241501182317735,0.24945278614759445,2.7626052856445313,2.7033615112304688,167.0,4036,NOTRIAL
fixation,1204796.682000041,0.3492070171568129,0.25197382892171544,2.80755615234375,2.706984625922309,300.0,4037,NOTRIAL
fixation,1205113.3560000658,0.36224874953428904,0.26275260051091515,2.7730061848958334,2.6932169596354165,258.0,4038,NOTRIAL
fixation,1205513.3620001078,0.5104865928490957,0.7686412864261203,2.606470743815104,2.5900065104166665,142.0,4039,NOTRIAL
fixation,1205680.0300000906,0.5785372480750084,0.7953945063054562,2.6140975952148438,2.567758560180664,134.0,4040,NOTRIAL
fixation,1205880.0280001163,0.391280482154946,0.4555743090201949,2.8472828208329437,2.7639252065915114,3067.0,4041,NOTRIAL
fixation,1209046.7610000372,1.3628030300140381,1.1942156553268433,,2.67166748046875,83.0,4042,NOTRIAL
fixation,1209213.432000041,0.28278133273124695,1.0439335703849792,,2.6601943969726562,66.0,4043,NOTRIAL
fixation,1209330.0960000753,0.9638248980045319,0.8443578369915485,2.9963817596435547,2.8352794647216797,134.0,4044,NOTRIAL
fixation,1209530.1000000238,0.5931855618953705,0.5781882166862488,2.8943939208984375,2.7641220092773438,167.0,4045,NOTRIAL
fixation,1209730.1040000916,0.5098929442465305,0.7197107970714569,2.890443801879883,2.748401641845703,134.0,4046,NOTRIAL
fixation,1209880.1060000658,0.45741773396730423,0.7199599407613277,2.9137706756591797,2.776926040649414,142.0,4047,NOTRIAL
fixation,1210780.1150000095,0.5768509677478245,0.6571584514209202,2.755847385951451,2.6667210505558896,234.0,4048,NOTRIAL
fixation,1211063.458000064,0.5326915085315704,0.4905849852060017,2.9207530774568258,2.7974476061369242,316.0,4049,NOTRIAL
fixation,1211446.7960000038,0.6254767974217733,0.4431979238986969,2.8965850830078126,,250.0,4050,NOTRIAL
fixation,1211730.1360000372,0.5295068517975186,0.30103860601134924,2.970981100331182,,384.0,4051,NOTRIAL
fixation,1212146.8020000458,0.37947824597358704,0.4589875817298889,3.0634836832682293,,250.0,4052,NOTRIAL
fixation,1212446.807000041,0.5192496234720404,0.7074391516772184,2.9219721013849433,,183.0,4053,NOTRIAL
fixation,1212646.8080000877,0.5222467680772146,0.6973831554253896,2.80169677734375,,100.0,4054,NOTRIAL
fixation,1212796.8090000153,0.5771391153335571,0.3538899809122086,2.9429580688476564,,167.0,4055,NOTRIAL
fixation,1213638.489000082,0.6557334303855896,0.33063840866088867,2.94976806640625,,166.0,4056,NOTRIAL
fixation,1213855.159000039,0.6444613554260947,0.43159210410985077,2.946481878107244,,184.0,4057,NOTRIAL
fixation,1214071.8280000687,0.6354833377732171,0.0978773178325759,3.028233846028646,,150.0,4058,NOTRIAL
fixation,1214255.1670000553,0.6232895374298095,-0.007788969706743956,2.9038995361328124,,417.0,4059,NOTRIAL
fixation,1214688.506000042,0.5603937278775608,-0.0009400478763703123,2.9956095078412224,,566.0,4060,NOTRIAL
fixation,1215438.5210000277,1.3232188522815704,1.087599702179432,3.079967498779297,2.7657699584960938,133.0,4061,NOTRIAL
fixation,1215655.1890000105,1.2873135566711427,0.9092215478420258,3.120380655924479,2.966109212239583,250.0,4062,NOTRIAL
fixation,1216555.2100000381,0.45982458422312866,0.5572347093272854,2.9635566505225928,2.8131421063397384,615.0,4063,NOTRIAL
fixation,1217188.55400002,0.5015456610255771,0.4703252116839091,2.8632329305013022,2.7400555080837674,300.0,4064,NOTRIAL
fixation,1217505.2280000448,0.5126722037792206,0.467203851044178,2.8618896484375,2.748870849609375,167.0,4065,13
fixation,1217705.2310000658,0.4513014921775231,0.44112875828376186,2.7584251990685096,2.6505209115835338,217.0,4066,13
fixation,1217955.239000082,0.5586817172857431,0.4582761228084564,2.435948298527644,2.3209510216346154,217.0,4067,13
fixation,1218255.2450000048,0.39267983115636385,0.8805999251512381,2.5530195969801683,2.213983389047476,217.0,4068,13
fixation,1218505.2480000257,0.4519904802242915,0.8809237579504648,2.6680170694986978,2.2364578247070312,100.0,4069,13
fixation,1218688.5860000849,0.5332491879279797,0.8534922760266525,2.0615328275240383,2.2509918212890625,216.0,4070,13
fixation,1218921.9270000458,0.5643987754980723,0.855503777662913,2.1327184041341147,2.2397232055664062,100.0,4071,13
fixation,1219055.2580000162,0.6088300186854142,0.8563695710438949,2.3321075439453125,2.283166738656851,217.0,4072,13
fixation,1219538.6030000448,0.42513078326980275,0.5081117923061053,2.604534149169922,2.556097666422526,192.0,4073,13
fixation,1219771.9420000315,0.5036342690388361,0.4767768507202466,2.6609522501627603,2.5493647257486978,100.0,4074,13
fixation,1219905.2770000696,0.5763330367895273,0.4773910813606702,2.5238682673527646,2.4157304030198317,217.0,4075,13
fixation,1220155.2830001116,0.4560292238189328,0.4545998102234256,2.5417992376512095,2.482941166047127,517.0,4076,13
fixation,1220871.9630000591,0.5569850988686085,0.8606135882437229,2.218667984008789,2.3446521759033203,133.0,4077,13
fixation,1221038.634000063,0.6348768000801405,0.8680788005391756,2.434215545654297,2.3606885274251304,200.0,4078,13
fixation,1221255.3080000877,0.6155701547861099,0.8686047375202179,2.329908752441406,2.356730651855469,167.0,4079,13
fixation,1221471.9790000916,0.577493646970162,0.5311285096865433,2.5482318584735575,2.515546358548678,217.0,4080,13
fixation,1221721.98300004,0.5703216237681252,0.4583635628223419,2.568932669503348,2.517541067940848,117.0,4081,13
fixation,1221871.9840000868,0.45360425887284456,0.45029969568605777,2.512016013816551,2.472350509078414,450.0,4082,13
fixation,1222355.3320000172,0.4398721715678339,0.4921748864909877,2.490167369013247,2.4801615839419155,384.0,4083,13
fixation,1222772.0070000887,0.4607979543507099,0.39626756124198437,2.4742774963378906,2.455097198486328,134.0,4084,13
fixation,1222938.6760001183,0.5637795946427754,0.45772250315972735,2.4400809151785716,2.4109409877232144,233.0,4085,13
fixation,1223188.682000041,0.5436741750348698,0.54986087706956,2.441031716086648,2.442418185147372,367.0,4086,13
fixation,1223572.023000002,0.5732757449150085,0.5194667531177402,2.424880027770996,2.4002599716186523,267.0,4087,13
fixation,1223855.361000061,0.5700935508523669,0.4772970772215298,2.405592782156808,2.3723460606166293,241.0,4088,13
fixation,1224288.7060000896,0.5575746834278107,0.5643098890781403,2.3929840087890626,2.393754577636719,159.0,4089,13
fixation,1224472.0410000086,0.557585628496276,0.4848991201983558,2.5107184516059027,2.4447733561197915,300.0,4090,13
fixation,1224838.71600008,0.46852375921748934,0.9068731083756402,2.680236089797247,2.2940826416015625,350.0,4091,13
fixation,1225222.0560001135,0.6042153379496407,0.8646044029909021,2.3705516142003678,2.343798469094669,284.0,4092,13
fixation,1225555.3960000277,0.49702780920526257,0.5153058216623638,2.654852162236753,2.6275004511294155,383.0,4093,13
fixation,1225972.0690000057,0.4934112349791186,0.4767464143889291,2.732569558279855,2.665053231375558,467.0,4094,FIX_CROS
fixation,1226472.0780000687,0.4468556880950928,0.4575723856687546,2.7824134826660156,2.73458251953125,334.0,4095,FIX_CROS
fixation,1226838.7540000677,0.37325149588286877,0.450436357408762,2.8858890533447266,2.844379425048828,133.0,4096,13.1
fixation,1227005.4250000715,0.4419902816414833,0.4691534280776978,2.9000930786132812,2.8318603515625,166.0,4097,13.1
fixation,1227188.7600001097,0.49335441941564734,0.47079911692575976,2.8583804043856533,2.793204567649148,183.0,4098,13.1
fixation,1227405.4310001135,0.5313468314707279,0.4619851764291525,2.8152275085449214,2.763204574584961,133.0,4099,13.1
fixation,1227555.4330000877,0.5614567458629608,0.4635208919644356,2.7811248779296873,2.7472381591796875,166.0,4100,13.1
fixation,1227755.4390000105,0.4877875321789792,0.4702071233799583,2.798718101099918,2.781149613229852,316.0,4101,13.1
fixation,1228105.4440000057,0.5386877826281956,0.45751134199755533,2.8217010498046875,2.7620958600725447,124.0,4102,13.1
fixation,1228705.4470000267,0.5367395088076592,0.4674708038568497,2.874655914306641,2.8160728454589843,333.0,4103,13.1
fixation,1229088.7960000038,0.45144675246306826,0.36530591760362896,2.8345140729631697,2.782750810895647,233.0,4104,13.1
fixation,1229372.1320000887,0.43471117104802814,0.2368923415030752,2.7767835344587053,2.734616960797991,117.0,4105,NOTRIAL
fixation,1229522.1320000887,0.35581263493407855,0.25355164029381494,2.824303829308712,2.7691650390625,550.0,4106,NOTRIAL
fixation,1230088.816000104,0.3830258200565974,0.2454757566253344,2.8435567220052085,2.7749659220377603,200.0,4107,NOTRIAL
fixation,1230305.489000082,0.4396101474761963,0.2514588460326195,2.8648056030273437,2.780548095703125,166.0,4108,NOTRIAL
fixation,1230505.4930000305,0.48551875750223794,0.24868685553471248,2.857185872395833,2.7710296630859377,250.0,4109,NOTRIAL
fixation,1230772.165000081,0.4382115172015296,0.25079521619611317,2.8534393310546875,2.80368889702691,150.0,4110,NOTRIAL
fixation,1230938.8380000591,0.4244806264128004,0.26232393639428275,2.848256574358259,2.8038273402622766,591.0,4111,NOTRIAL
fixation,1231688.85800004,0.37265596858092714,0.48685980268887113,2.8163255964006697,2.798712594168527,109.0,4112,NOTRIAL
fixation,1231822.1920000315,0.35075404527394666,0.49150197013564734,2.770835544752038,2.7320841913637905,384.0,4113,NOTRIAL
fixation,1232238.8700000048,0.4009539157152176,0.4764844015240669,2.651622009277344,2.6186309814453126,167.0,4114,NOTRIAL
fixation,1232422.208000064,0.4126731190416548,0.46577589710553485,2.6157599555121527,2.575047810872396,150.0,4115,NOTRIAL
fixation,1232605.5470000505,0.3694261107593775,0.4729828853160143,2.6326770782470703,2.6287307739257812,133.0,4116,NOTRIAL
fixation,1232755.5510001183,0.41782130176822346,0.46552957718571025,2.6680730183919272,2.6175880432128906,200.0,4117,NOTRIAL
fixation,1232988.890000105,0.41968806223435834,0.26402621377598157,2.6393071954900567,2.6047224564985796,183.0,4118,NOTRIAL
fixation,1233222.2260000706,0.35076811723411083,0.4846071880310774,2.656703472137451,2.6169934272766113,534.0,4119,NOTRIAL
fixation,1233805.5760000944,0.33564561334523285,0.7240326567129656,2.5535833185369317,2.522531682794744,183.0,4120,NOTRIAL
fixation,1234022.2460000515,0.3662126970787843,0.7123963261644045,2.562183380126953,2.5324605305989585,200.0,4121,NOTRIAL
fixation,1234255.5880000591,0.41661441455716675,0.474927421497262,2.588841977326766,2.5580450970193613,391.0,4122,NOTRIAL
fixation,1234838.935000062,0.5027644857764244,0.6684235818684101,2.5876007080078125,2.5473194122314453,125.0,4123,NOTRIAL
fixation,1235005.605000019,0.5587874621152877,0.6999868452548981,2.6019546508789064,2.521795654296875,166.0,4124,NOTRIAL
fixation,1235205.6070001125,0.6447850825885931,0.7109184538324674,2.551062901814779,2.5054753621419272,400.0,4125,NOTRIAL
fixation,1235638.9510000944,0.5526928030527555,0.6874355880113748,2.4648543137770433,2.4729144756610575,217.0,4126,NOTRIAL
fixation,1235872.28700006,0.5836026132106781,0.6902459297861372,2.488942609514509,2.461492919921875,584.0,4127,NOTRIAL
fixation,1236488.9680000544,0.4263085039222942,0.48797310713459463,2.5876841825597428,2.569013707778033,283.0,4128,NOTRIAL
fixation,1236822.3060001135,0.4564315195267017,0.2811250675183076,2.6174468994140625,2.597406240609976,217.0,4129,NOTRIAL
fixation,1237055.6410000324,0.4582959926790661,0.24577663590510687,2.642791748046875,2.5981292724609375,150.0,4130,NOTRIAL
fixation,1237255.6470000744,0.6282155769211906,0.2589401661285332,2.7258943830217635,2.628979274204799,233.0,4131,NOTRIAL
fixation,1237505.6500000954,0.6102836267514662,0.2600707784295082,2.727121526544744,2.680146650834517,183.0,4132,FIX_CROS
fixation,1237738.989000082,0.4956030535201232,0.4451255334748162,2.7203233506944446,2.688587612575955,600.0,4133,FIX_CROS
fixation,1238355.6700000763,0.455477983587318,0.4253820702433586,2.6507882012261286,2.6279144287109375,300.0,4134,FIX_CROS
fixation,1238705.6760001183,0.2941484898328781,0.2752005692039217,2.6706651960100447,2.675966535295759,117.0,4135,13.2
fixation,1238855.6780000925,0.2054301585469927,0.25182709257517544,2.541912623814174,2.530881609235491,233.0,4136,13.2
fixation,1239122.3520001173,0.2765918970108032,0.24770191650498996,2.6089019775390625,2.5377557927911933,183.0,4137,13.2
fixation,1239339.023000002,0.3333851860629188,0.24655753208531273,2.6857113308376737,2.5954352484809027,150.0,4138,13.2
fixation,1239505.6930000782,0.3935873528321584,0.2562827323873838,2.712010701497396,2.6208587646484376,250.0,4139,13.2
fixation,1239789.034000039,0.43622057338555653,0.25255451798439027,2.6850616455078127,2.608507283528646,250.0,4140,13.2
fixation,1240072.3730000257,0.4812373574823141,0.24919864628463984,2.6560983657836914,2.5780820846557617,266.0,4141,13.2
fixation,1240355.7110000849,0.507366935412089,0.2493720990088251,2.6558346218532987,2.59234619140625,150.0,4142,13.2
fixation,1240539.0470000505,0.5695378854870796,0.2463660209129254,2.653008778889974,2.578303019205729,200.0,4143,13.2
fixation,1240755.7180000544,0.6138324290513992,0.2502198673784733,2.6335220336914062,2.558183288574219,167.0,4144,13.2
fixation,1240955.719000101,0.6630264520645142,0.2489833136399587,2.6154056125217013,2.536565144856771,150.0,4145,13.2
fixation,1241139.0620000362,0.7205851475397745,0.24266158582435715,2.610777113172743,2.5389573838975696,300.0,4146,13.2
fixation,1241639.0710000992,0.7928712368011475,0.24310849905014037,2.5952911376953125,2.525465393066406,167.0,4147,13.2
fixation,1241972.4100000858,0.20818329519695705,0.34912390013535816,2.637296888563368,2.6413387722439237,150.0,4148,13.2
fixation,1242139.077000022,0.19940332975238562,0.3363067861646414,2.6545677185058594,2.5991744995117188,134.0,4149,13.2
fixation,1242289.080000043,0.25980689332765694,0.3330410657560124,2.579342112821691,2.5143809599034928,284.0,4150,13.2
fixation,1242605.7540000677,0.314331505033705,0.33164388769202763,2.547117445203993,2.5026177300347223,150.0,4151,13.2
fixation,1242789.0900000334,0.3727358244359493,0.3342259246855974,2.5601577758789062,2.514148712158203,134.0,4152,13.2
fixation,1242955.7610000372,0.44095011552174884,0.32956133782863617,2.5868097941080728,2.539820353190104,200.0,4153,13.2
fixation,1243189.0990000963,0.4961607873439789,0.32959362417459487,2.598460388183594,2.5471481323242187,167.0,4154,13.2
fixation,1243372.4370000362,0.5391155878702799,0.3324856691890293,2.5590752495659723,2.5303446451822915,150.0,4155,13.2
fixation,1243555.7740000486,0.6039678129282865,0.3315139575438066,2.551004583185369,2.515536221590909,183.0,4156,13.2
fixation,1243789.114000082,0.6948639584912194,0.332402765750885,2.57277594672309,2.5311448838975696,150.0,4157,13.2
fixation,1243955.7830001116,0.758568083246549,0.32794493064284325,2.572655995686849,2.5038121541341147,200.0,4158,13.2
fixation,1244172.455000043,0.7977520823478699,0.330437747495515,2.5781141008649553,2.520843505859375,116.0,4159,13.2
fixation,1244389.1220000982,0.20447504291167626,0.4346991662795727,2.5812307504507213,2.621349628155048,217.0,4160,13.2
fixation,1244622.4610000849,0.24041340213555557,0.42807368819530195,2.58737299992488,2.56790043757512,216.0,4161,13.2
fixation,1244872.4640001059,0.31882335866491,0.42964167644580203,2.518817901611328,2.514624277750651,200.0,4162,13.2
fixation,1245105.80400002,0.38551977773507434,0.42929185264640385,2.5377078586154513,2.5306260850694446,150.0,4163,13.2
fixation,1245289.1420000792,0.49011823866102433,0.4240885592169232,2.550381130642361,2.5235782199435763,150.0,4164,13.2
fixation,1245472.4790000916,0.540611332654953,0.41982353776693343,2.5571563720703123,2.5049789428710936,166.0,4165,13.2
fixation,1245672.4820001125,0.6304209500551223,0.4149885833263397,2.5514801025390623,2.487348937988281,166.0,4166,13.2
fixation,1245872.486000061,0.6708701650301615,0.4141623311572605,2.557320488823785,2.489718967013889,150.0,4167,13.2
fixation,1246055.8230000734,0.7603020050695964,0.41687619047505514,2.559847150530134,2.4956272670200894,233.0,4168,13.2
fixation,1246322.4930000305,0.8160696923732758,0.4159180782735348,2.566709518432617,2.496295928955078,133.0,4169,13.2
fixation,1246555.833000064,0.20774363204836846,0.5039380133152008,2.5628311157226564,2.6149032592773436,167.0,4170,13.2
fixation,1246739.1690000296,0.17959886292616525,0.5163278467953205,2.611567179361979,2.607610066731771,200.0,4171,13.2
fixation,1246955.8420000076,0.2516972710688909,0.518106629451116,2.538521321614583,2.5450205485026043,250.0,4172,13.2
fixation,1247239.1800000668,0.3253679286156382,0.5128277667931148,2.551884242466518,2.553167070661272,234.0,4173,13.2
fixation,1247505.8510000706,0.38380288034677507,0.5154185712337493,2.535258483886719,2.5331146240234377,167.0,4174,13.2
fixation,1247689.188000083,0.440939869483312,0.5133415559927622,2.54178466796875,2.5238800048828125,250.0,4175,13.2
fixation,1247972.526000023,0.4797448515892029,0.5077547336166556,2.5532379150390625,2.5318353826349433,183.0,4176,13.2
fixation,1248172.5310000181,0.528914692501227,0.5120739315946897,2.5262044270833335,2.5104497273763022,200.0,4177,13.2
fixation,1248439.202000022,0.5665349790028164,0.5083557835647038,2.523409162248884,2.4860076904296875,117.0,4178,13.2
fixation,1248589.2060000896,0.6242217272520065,0.5038471110165119,2.5407066345214844,2.4906005859375,200.0,4179,13.2
fixation,1248805.8760000467,0.664609717471259,0.506397504891668,2.5419954572405135,2.4929068429129466,233.0,4180,13.2
fixation,1249072.5470000505,0.7209113985300064,0.5007539639870325,2.5359013875325522,2.491302490234375,100.0,4181,13.2
fixation,1249189.2180000544,0.7721714121954781,0.5059121087903068,2.541681925455729,2.485594249906994,358.0,4182,13.2
fixation,1249772.563000083,0.700529932975769,0.5023226418665477,2.551459176199777,2.5326320103236606,108.0,4183,13.2
fixation,1249939.230000019,0.8116910427808761,0.5063327752053738,2.616815185546875,2.5458349930612663,334.0,4184,13.2
fixation,1250389.239000082,0.19203739712635676,0.6127366423606873,2.5747467041015626,2.6091328938802083,250.0,4185,13.2
fixation,1250672.5750000477,0.2531089136997859,0.6084022157722049,2.5380859375,2.53584967719184,150.0,4186,13.2
fixation,1250855.9130001068,0.3302493629356225,0.6173567598064741,2.4470736185709634,2.4857610066731772,200.0,4187,13.2
fixation,1251072.5790001154,0.365613881837238,0.6132672239433635,2.4411246559836646,2.4976681795987217,191.0,4188,13.2
fixation,1251505.9230000973,0.4121497184038162,0.6109078288078308,2.5105865478515623,2.498876953125,75.0,4189,13.2
fixation,1251672.5920000076,0.7424997145479376,0.5122511495243419,2.5771900523792612,2.5066722523082388,183.0,4190,13.2
fixation,1251889.2640000582,0.8196494768966328,0.5067573460665616,2.549460671164773,2.4826909845525567,184.0,4191,13.2
fixation,1252155.9340000153,0.33094943894280326,0.6221032705571916,2.5211944580078125,2.5749342176649304,150.0,4192,13.2
fixation,1252322.6030000448,0.40201895887201483,0.6213009709661658,2.5859638560901987,2.5452090176669033,183.0,4193,13.2
fixation,1252539.2720000744,0.47403137220276725,0.6098764306969113,2.5790303548177085,2.53094482421875,150.0,4194,13.2
fixation,1252705.9430000782,0.40212420125802356,0.6215801868173811,2.544650607638889,2.538881089952257,150.0,4195,13.2
fixation,1252889.2770000696,0.5140507102012635,0.613255900144577,2.531317138671875,2.485335286458333,250.0,4196,13.2
fixation,1253172.6160000563,0.582801935573419,0.5991712436079979,2.5402450561523438,2.5017267862955728,200.0,4197,13.2
fixation,1253389.284000039,0.6325695262505457,0.5931903238479908,2.5349203256460338,2.4980633075420675,217.0,4198,13.2
fixation,1253639.2920000553,0.6915729125340779,0.5975952943166097,2.52779541015625,2.493220011393229,250.0,4199,13.2
fixation,1253922.6230000257,0.7437383890151977,0.599044120311737,2.5563308715820314,2.5136123657226563,166.0,4200,13.2
fixation,1254122.6330000162,0.7983303467432658,0.6013189380367597,2.574122111002604,2.56182861328125,200.0,4201,13.2
fixation,1254372.6380000114,0.4970051050186157,0.6960472748393104,2.514556158156622,2.55459958031064,358.0,4202,13.2
fixation,1255172.651000023,0.504331329039165,0.6146387117249625,2.6153978620256697,2.628171648297991,108.0,4203,13.2
fixation,1255322.6540000439,0.5816560089588165,0.602887382874122,2.664729191706731,2.6158059927133412,216.0,4204,13.2
fixation,1255555.9940000772,0.6304450420772328,0.5987598440226387,2.5199917063993564,2.5092854219324447,283.0,4205,13.2
fixation,1255855.9960000515,0.6808120489120484,0.5983505949378014,2.5067535400390626,2.519586944580078,334.0,4206,13.2
fixation,1256222.6730000973,0.5195328444242477,0.602721203650747,2.5180762154715404,2.556748526436942,233.0,4207,13.2
fixation,1256506.0110000372,0.572512063715193,0.3059138341082467,2.62921142578125,2.582768758138021,150.0,4208,NOTRIAL
fixation,1256689.3470000029,0.6381912139745859,0.26074161380529404,2.6858555720402646,2.615032489483173,216.0,4209,NOTRIAL
fixation,1256956.0130000114,0.6382971286773682,0.47346902787685397,,2.6829254150390627,167.0,4210,NOTRIAL
fixation,1257139.3530000448,0.64536604427156,0.47465925841104417,2.7430347260974703,2.684232439313616,350.0,4211,NOTRIAL
fixation,1257522.6970000267,0.6184663750090689,0.23752637629239065,2.755855920179835,2.6925443253427184,883.0,4212,NOTRIAL
fixation,1258439.3820000887,0.6152981370687485,0.3959040579696496,2.7469100952148438,2.694990793863932,200.0,4213,NOTRIAL
fixation,1258689.3860000372,0.6527651968327436,0.7076131254434586,2.673287131569602,2.6098188920454546,374.0,4214,NOTRIAL
fixation,1259222.7270001173,0.6391725415984789,0.7028278907140096,2.5346959431966147,2.497117360432943,192.0,4215,NOTRIAL
fixation,1259472.7370001078,0.3823839525381724,0.7256150643030802,2.6026903788248696,2.6081644694010415,200.0,4216,NOTRIAL
fixation,1259689.4050000906,0.34618699976376127,0.7271864350352969,2.5321502685546875,2.530785696847098,233.0,4217,NOTRIAL
fixation,1259939.4110000134,0.3701121558745702,0.7225654373566309,2.4910685221354165,2.4920501708984375,100.0,4218,NOTRIAL
fixation,1260089.4100000858,0.6099074428731744,0.7028622816909443,2.443148526278409,2.4019220525568183,183.0,4219,NOTRIAL
fixation,1260289.4140000343,0.5884403799261365,0.7080875039100647,2.452111380440848,2.418487548828125,116.0,4220,NOTRIAL
fixation,1260422.753000021,0.6380968477044787,0.7143830507993698,2.4899978637695312,2.4599293300083707,233.0,4221,NOTRIAL
fixation,1260706.0900000334,0.6395137322445711,0.5210550228754679,2.6072521209716797,2.5556310017903647,408.0,4222,NOTRIAL
fixation,1261322.7670000792,0.49691311419010165,0.9087403833866119,2.448681640625,2.423895263671875,83.0,4223,NOTRIAL
fixation,1261706.1070001125,0.49415161088109016,0.7204305157065392,2.62353515625,2.5651321411132812,67.0,4224,NOTRIAL
fixation,1261806.1070001125,0.5339553445577622,0.5186898504694303,2.7691777547200522,2.6816365559895834,500.0,4225,NOTRIAL
fixation,1262339.4500000477,0.6195325755021152,0.4579789647284676,2.722360947552849,2.6643865248736214,566.0,4226,NOTRIAL
fixation,1262922.7970000505,0.6357476711273193,0.46507174214896035,2.769479190602022,2.708909876206342,283.0,4227,NOTRIAL
fixation,1263256.134000063,0.5281684871377617,0.6808798518674127,2.738428050074084,2.696752613988416,484.0,4228,NOTRIAL
fixation,1263789.4790000916,0.500856512122684,0.44935347470972276,2.821255154079861,2.745274861653646,158.0,4229,NOTRIAL
fixation,1264189.486000061,0.5205147504806519,0.46309979259967804,2.794744873046875,2.7373016357421873,75.0,4230,20
fixation,1264289.4870001078,0.4931480139493942,0.4616548977792263,2.805164337158203,2.757617950439453,133.0,4231,20
fixation,1264439.492000103,0.4913818001747131,0.45837864875793455,,2.7225128173828126,83.0,4232,20
fixation,1264572.827000022,0.3595959120988846,0.8730576384067535,2.525748291015625,2.485010986328125,417.0,4233,20
fixation,1265006.1610000134,0.3982492759823799,0.8818205495675405,2.2685419718424478,2.457707722981771,100.0,4234,20
fixation,1265139.5050001144,0.47094620551381794,0.8646814354828426,2.2706102643694197,2.4356907435825894,116.0,4235,20
fixation,1265272.84100008,0.46932363882660866,0.8808826953172684,2.650165557861328,2.411529541015625,67.0,4236,20
fixation,1265372.8430000544,0.5032827989621595,0.859138082374226,2.2299971147017046,2.400522405450994,183.0,4237,20
fixation,1265572.8480000496,0.5303703794876734,0.855547621846199,2.3368123372395835,2.384129842122396,200.0,4238,20
fixation,1265789.5100001097,0.5618823617696762,0.8523303891221682,2.3507588704427085,2.379491170247396,200.0,4239,20
fixation,1266006.1810001135,0.5900108175618308,0.8483789052282061,2.3896615164620534,2.395989554268973,117.0,4240,20
fixation,1266139.5160000324,0.6237122849984602,0.8641199388287284,2.4158200350674717,2.3851887096058237,183.0,4241,20
fixation,1266372.8530000448,0.507152431541019,0.48849575055970085,2.5910441080729165,2.552491929796007,150.0,4242,20
fixation,1266589.5270000696,0.4871966131031513,0.45297581795603037,2.6588735580444336,2.5871686935424805,266.0,4243,20
fixation,1266889.5320000648,0.5617638911519732,0.4379495307803154,2.6370468139648438,2.5371551513671875,233.0,4244,20
fixation,1267156.2030000687,0.4974757366710239,0.47321952051586574,2.6376241048177085,2.5740509033203125,150.0,4245,20
fixation,1267339.540000081,0.40352415045102435,0.48882728318373364,2.693328857421875,2.6269744873046874,250.0,4246,20
fixation,1267606.2120000124,0.4006376899778843,0.37100857961922884,2.7344350814819336,2.655445098876953,267.0,4247,20
fixation,1267906.2170000076,0.5012281671875999,0.44581180527096703,2.7296556745256697,2.6415310814267112,350.0,4248,20
fixation,1268289.560000062,0.5860364491289313,0.4599149064584212,2.666441483931108,2.5808979381214487,183.0,4249,20
fixation,1268506.2260000706,0.5222356524318457,0.47675344441086054,2.6603145599365234,2.5897045135498047,267.0,4250,20
fixation,1268806.2340000868,0.6267757761478424,0.4387560307979584,2.71172607421875,2.637039794921875,417.0,4251,20
fixation,1269272.909000039,0.5297744241025713,0.7969292336040072,2.4843953450520835,2.4565497504340277,150.0,4252,20
fixation,1269456.2440000772,0.41523026674985886,0.6878598146140575,2.6344661712646484,2.5957698822021484,267.0,4253,20
fixation,1269739.5820000172,0.4366052962011761,0.6692869000964694,2.6758795844184027,2.597503662109375,150.0,4254,20
fixation,1269972.9270000458,0.6120871355136236,0.646533211072286,2.558685302734375,2.511235555013021,108.0,4255,20
fixation,1270239.5870000124,0.37479475885629654,0.4159193992614746,2.68182373046875,2.652362060546875,158.0,4256,20
fixation,1270422.9220000505,0.373183191725702,0.33151642616951105,2.7036470355409565,2.6276235869436553,550.0,4257,20
fixation,1271056.2610000372,0.39520109185706015,0.5232729691526165,2.6930976535962974,2.624103711998981,775.0,4258,20
fixation,1272489.6120001078,0.5304466386636099,0.8490016824669309,2.6386583116319446,2.5483466254340277,150.0,4259,20
fixation,1272672.9470000267,0.588573780324724,0.8529538114865621,2.6424187554253473,2.512398613823785,150.0,4260,20
fixation,1272839.6160000563,0.6368029654026032,0.8585001617670059,2.631353759765625,2.466477966308594,166.0,4261,20
fixation,1273072.9430000782,0.5102712122293619,0.5182203398301051,2.7206514798677883,2.6395967923677883,217.0,4262,20
fixation,1273306.2770000696,0.4767084483589445,0.46680948776858194,2.803094046456473,2.680051531110491,117.0,4263,20
fixation,1273439.611000061,0.48505287936755587,0.45667954427855356,2.8927764892578125,2.726275852748326,233.0,4264,20
fixation,1273689.6120001078,0.442683525738262,0.5210816590558915,2.970528012230283,2.7788478306361606,350.0,4265,20
fixation,1274089.6120001078,0.5826445018703287,0.673287345604463,2.9881779063831675,2.7324690385298296,366.0,4266,20
fixation,1274506.2830001116,0.4234197594225407,0.5437040865421295,3.081029510498047,2.8508705139160155,334.0,4267,20
fixation,1274872.9650000334,0.5626219578764655,0.6724256426095963,3.0484418002041904,2.787139892578125,375.0,4268,20
fixation,1275472.9670000076,0.5637202203273773,0.6548480212688446,3.0058807373046874,2.7893997192382813,159.0,4269,20
fixation,1275722.9820001125,0.9908572534720103,0.7501500149567922,3.13421630859375,2.88958740234375,100.0,4270,20
fixation,1275889.6520000696,0.5738873481750488,0.7070370813210806,2.9974327087402344,2.7774734497070312,200.0,4271,20
fixation,1276122.989000082,0.47255261513319885,0.6568508419123563,3.0337982177734375,2.8576299493963067,183.0,4272,20
fixation,1276339.659000039,0.48757867720620385,0.500215477984527,3.138361437567349,2.936846502896013,491.0,4273,20
fixation,1276989.6710000038,0.47752197299684795,0.8414774537086487,3.098203386579241,2.911924089704241,109.0,4274,20
fixation,1277139.6720000505,0.3890457883477211,0.8807704597711563,3.1018661499023437,2.904154968261719,167.0,4275,20
fixation,1277339.6760001183,0.451593565253111,0.8819984954137069,2.9754192645733175,2.7504166823167067,217.0,4276,20
fixation,1277589.6810001135,0.5119741678237915,0.8626093715429306,2.796881103515625,2.614210510253906,167.0,4277,20
fixation,1277773.0200001001,0.5594581693410874,0.8613263577222824,2.759596252441406,2.611155700683594,167.0,4278,20
fixation,1277973.0220000744,0.6000940551360449,0.8665549606084824,2.7506917317708335,2.6119384765625,200.0,4279,20
fixation,1278206.3590000868,0.6333183305604118,0.868046339069094,2.791560581752232,2.610283987862723,241.0,4280,20
fixation,1278606.3650000095,0.5241495809134316,0.48405875528559966,2.9316693474264706,2.790340647977941,275.0,4281,20
fixation,1278923.0380001068,0.48840577116138056,0.47825134741632563,2.9675879227487663,2.804098028885691,317.0,4282,20
fixation,1279289.7130000591,0.3952940732240677,0.8253824234008789,2.7895477294921873,2.723272705078125,83.0,4283,20
fixation,1279389.7150000334,0.3997464716434479,0.8229681730270386,,2.734234619140625,83.0,4284,20
fixation,1279556.384000063,0.5736260544508696,0.8300287872552872,2.7400522232055664,2.596529960632324,266.0,4285,20
fixation,1279856.3890000582,0.5414424853192435,0.49341710491312873,2.935047290943287,2.8053495619032116,908.0,4286,20
fixation,1280956.4050000906,0.4604839434226354,0.7247179796298345,2.9344304402669272,2.8386561075846353,92.0,4287,20
fixation,1281173.077000022,0.5012293150648475,0.4865725776180625,3.010366439819336,2.877505302429199,267.0,4288,20
fixation,1281489.7470000982,0.680663046737512,0.8392877926429113,2.9675013224283853,2.787567138671875,200.0,4289,20
fixation,1281706.4210000038,0.6229819357395172,0.8751766756176949,2.958939870198568,2.7750396728515625,200.0,4290,20
fixation,1281939.756000042,0.43173071276396513,0.9101994838565588,2.9317007064819336,2.759913444519043,275.0,4291,20
fixation,1282606.4340000153,0.47618697086970013,0.8267616083224615,2.9909947713216147,2.8233464558919272,200.0,4292,20
fixation,1282839.7710000277,0.6122717767953872,0.8343079268932343,3.0008636474609376,2.7686416625976564,167.0,4293,20
fixation,1283073.10800004,0.5831234206755956,0.5343840966622034,3.0199063618977866,2.8335469563802085,200.0,4294,20
fixation,1283306.4430000782,0.5134039953351021,0.4725340284407139,3.064500427246094,2.895183563232422,333.0,4295,20
fixation,1283706.4510000944,0.4682881571352482,0.7792804017663002,3.019083023071289,2.885679244995117,133.0,4296,20
fixation,1283873.1220000982,0.3768992034925355,0.8784805734952291,3.017608642578125,2.8218951755099826,300.0,4297,20
fixation,1284189.793000102,0.4362208005040884,0.8856247942894697,2.929189682006836,2.737386703491211,267.0,4298,20
fixation,1284489.7960000038,0.48329650796949863,0.8765457049012184,2.8492584228515625,2.6638545989990234,133.0,4299,20
fixation,1284656.458000064,0.528860792517662,0.877438560128212,2.8287862141927085,2.6357828776041665,200.0,4300,20
fixation,1284873.1290000677,0.5712459331209009,0.8770405406301672,2.8324154940518467,2.620699795809659,184.0,4301,20
fixation,1285089.8000000715,0.609767433669832,0.8822008702490065,2.8280164930555554,2.6358506944444446,158.0,4302,20
fixation,1285623.1530001163,0.5218675840984691,0.48758163303136826,2.994715603915128,2.81985820423473,367.0,4303,20
fixation,1286039.8250000477,0.43211984893550043,0.9336819920850836,2.9442244819972827,2.7164850649626358,383.0,4304,20
fixation,1286456.4990000725,0.4859615223748343,0.8463148687567029,2.873504638671875,2.646148681640625,116.0,4305,20
fixation,1286606.503000021,0.37955843284726143,0.8736546213428179,2.845966339111328,2.676558176676432,200.0,4306,20
fixation,1286839.84100008,0.4510316997766495,0.8786778350671133,2.8270528157552084,2.646614583333333,250.0,4307,20
fixation,1287123.17900002,0.5173251195387407,0.8678262342106212,2.704642555930398,2.563322587446733,184.0,4308,20
fixation,1287323.1830000877,0.5634534557660421,0.878345213830471,2.6661351521809897,2.5266825358072915,200.0,4309,20
fixation,1287573.1780000925,0.46219925795282635,0.5686837924378259,2.8008629935128346,2.6835032871791293,234.0,4310,20
fixation,1287839.8570001125,0.4458336476236582,0.6416084170341492,2.810192108154297,2.6791744232177734,133.0,4311,20
fixation,1288006.5300000906,0.5673032734129164,0.6481003860632578,2.8818291558159723,2.720701429578993,158.0,4312,20
fixation,1288356.5270000696,0.39980266988277435,0.5447505290309588,2.911332448323568,2.7820281982421875,192.0,4313,20
fixation,1288606.5390000343,0.3902133461087942,0.4521007016301155,2.949077606201172,2.8292713165283203,133.0,4314,20
fixation,1288773.2100000381,0.488996049123151,0.45793468398707254,2.8834708077566966,2.7499291556222096,234.0,4315,20
fixation,1289039.8800001144,0.5690698677843268,0.45533389394933527,2.8939666748046875,2.760892001065341,183.0,4316,20
fixation,1289256.5510001183,0.419088024359483,0.4675493332055899,2.8726055438701925,2.782855694110577,216.0,4317,20
fixation,1289523.2220000029,0.6172306537628174,0.4658757206052542,2.912252426147461,2.7715015411376953,134.0,4318,20
fixation,1289706.5580000877,0.4011497348546982,0.5003788396716118,2.955471674601237,2.8413912455240884,408.0,4319,20
fixation,1290273.2380000353,0.5347742415391482,0.5231377344865066,2.913263174203726,2.8042866633488583,426.0,4320,20
fixation,1290723.2440000772,0.49806144407817293,0.49576432577201296,2.9559500558035716,2.855712890625,125.0,4321,FIX_CROS
fixation,1291106.5890001059,0.4968833351457441,0.4870099397124471,2.7824888487119934,2.7360897579708614,608.0,4322,FIX_CROS
fixation,1291773.2720000744,0.33137595901886624,0.3540648693839709,2.726618448893229,2.7274017333984375,100.0,4323,20.1
fixation,1291906.6060000658,0.23612458165735006,0.307314844802022,2.657999038696289,2.651325225830078,133.0,4324,20.1
fixation,1292056.6100000143,0.20823867521856143,0.29826892199723615,2.6647577700407608,2.635332190472147,383.0,4325,20.1
fixation,1292473.284000039,0.27454502284526827,0.2870060443878174,2.7374969482421876,2.66566162109375,92.0,4326,20.1
fixation,1292689.9590001106,0.3523310560446519,0.29752661287784576,2.781254695012019,2.691601092998798,217.0,4327,20.1
fixation,1292939.9620000124,0.4251992723771504,0.29759611721549717,2.7969981602260043,2.688143048967634,233.0,4328,20.1
fixation,1293189.9680000544,0.4727728231386705,0.29520178924907337,2.777200872247869,2.6772613525390625,183.0,4329,20.1
fixation,1293406.6410000324,0.5419812415327344,0.2927033635122435,2.7700794764927457,2.6717845371791293,233.0,4330,20.1
fixation,1293656.6440000534,0.5943645040194193,0.2970895767211914,2.7461344401041665,2.645244344075521,250.0,4331,20.1
fixation,1293939.986000061,0.6518184542655945,0.2971340984106064,2.75379638671875,2.6445770263671875,167.0,4332,20.1
fixation,1294139.9880000353,0.693908178806305,0.2883034735918045,2.7471771240234375,,167.0,4333,20.1
fixation,1294323.3280000687,0.6943138390779495,0.28675779203573865,2.7503026326497397,2.617975870768229,100.0,4334,20.1
fixation,1294439.9950000048,0.7615479890789304,0.289879421038287,2.759180341448103,2.627495901925223,234.0,4335,20.1
fixation,1294690.003000021,0.8046646118164062,0.27995841536257005,2.775175306532118,2.6505889892578125,150.0,4336,20.1
fixation,1294940.006000042,0.1831931732594967,0.38871884984629496,2.7649132864815846,2.730635506766183,234.0,4337,20.1
fixation,1295190.0080000162,0.21446767118242052,0.3807415895991855,2.74649895562066,2.6643846299913196,150.0,4338,20.1
fixation,1295356.67900002,0.2695392453008228,0.37956710656483966,2.6761949327256946,2.6109161376953125,158.0,4339,20.1
fixation,1295740.0190000534,0.3464349593435015,0.3933309316635132,2.673089163643973,2.6087188720703125,109.0,4340,20.1
fixation,1295873.3540000916,0.3734107298983468,0.39179835882451797,2.7372199164496527,2.6573994954427085,150.0,4341,20.1
fixation,1296040.0270000696,0.41747650802135466,0.3858501598238945,2.705706787109375,2.632029724121094,167.0,4342,20.1
fixation,1296223.3630000353,0.4660228972251599,0.38036269637254566,2.6234060434194713,2.58859370304988,216.0,4343,20.1
fixation,1296473.3660000563,0.5387430310249328,0.37980574518442156,2.639617919921875,2.5931396484375,166.0,4344,20.1
fixation,1296673.3720000982,0.5868387416005134,0.3750625021755695,2.6571800231933596,2.5955955505371096,333.0,4345,20.1
fixation,1297023.3760000467,0.6251642376184463,0.3701874911785126,2.691148376464844,2.60997314453125,166.0,4346,20.1
fixation,1297206.7140001059,0.6780511782719538,0.3752601169622861,2.7004300631009617,2.6136005108173075,217.0,4347,20.1
fixation,1297440.0510001183,0.7084586837074973,0.3755394857038151,2.7041362415660513,2.6164190118963067,184.0,4348,20.1
fixation,1297656.7210000753,0.7812280058860779,0.3743521501620611,2.700103759765625,2.5827036539713544,250.0,4349,20.1
fixation,1298040.0610001087,0.18039464835937208,0.4736387523321005,2.6885915902944713,2.6937396709735575,217.0,4350,20.1
fixation,1298273.3990000486,0.22650299966335297,0.47576645016670227,2.7076416015625,2.656148910522461,141.0,4351,20.1
fixation,1298623.4060000181,0.2979795975344522,0.48338407065187183,2.634063720703125,2.581821986607143,108.0,4352,20.1
fixation,1298773.4050000906,0.3627066845074296,0.4768690289929509,2.681020736694336,2.6049814224243164,266.0,4353,20.1
fixation,1299073.4160000086,0.40339836134360385,0.46887860619104826,2.59896733210637,2.5369110107421875,216.0,4354,20.1
fixation,1299323.418000102,0.4385917301361377,0.4648454040288925,2.621044452373798,2.5432527982271633,216.0,4355,20.1
fixation,1299556.7540000677,0.4720769189298153,0.466205351985991,2.630515543619792,2.5778579711914062,267.0,4356,20.1
fixation,1299840.0860000849,0.5361655923453245,0.4617722210558978,2.662580871582031,2.586447975852273,184.0,4357,20.1
fixation,1300040.0970000029,0.5757638861735662,0.45626815035939217,2.662855784098307,2.5907630920410156,200.0,4358,20.1
fixation,1300273.4390000105,0.6320114054463126,0.4577880989421498,2.6617320667613638,2.5759083140980112,183.0,4359,20.1
fixation,1300540.1180000305,0.2196345336057923,0.5748971483924172,2.6303280917080967,2.619198885830966,184.0,4360,20.1
fixation,1300756.7810000181,0.31283985637128353,0.5640478879213333,2.6249866485595703,2.5981369018554688,133.0,4361,20.1
fixation,1300906.78700006,0.2876848131418228,0.5697646604643928,2.6381056043836804,2.59075927734375,150.0,4362,20.1
fixation,1301073.458000064,0.38297616839408877,0.5722537298997243,2.6582661946614583,2.5880523681640626,250.0,4363,20.1
fixation,1301340.1290000677,0.4368635388937863,0.5683105723424391,2.6520552201704546,2.582407171075994,184.0,4364,20.1
fixation,1301556.8000000715,0.4866687740598406,0.5609403210026878,2.6592821393694197,2.577362060546875,125.0,4365,20.1
fixation,1301906.8090000153,0.546594089269638,0.560950756072998,2.688067626953125,2.6108551025390625,75.0,4366,20.1
fixation,1302006.8120000362,0.5977278785272078,0.5619710656729612,2.6595223166725854,2.5922185724431817,183.0,4367,20.1
fixation,1302206.816000104,0.652578721443812,0.5436234970887502,2.636927286783854,2.5469398498535156,200.0,4368,20.1
fixation,1302440.1550000906,0.7266652206579844,0.5523960649967193,2.6356099446614585,2.5284403483072917,250.0,4369,20.1
fixation,1302723.4960000515,0.7899453639984131,0.5506115853786469,2.6749598185221353,2.5626347859700522,100.0,4370,20.1
fixation,1302923.4990000725,0.3052414283156395,0.63474074502786,2.6399739583333335,2.6173248291015625,100.0,4371,20.1
fixation,1303056.8360000849,0.2539150965000902,0.6501934911523547,2.690722874232701,2.612523760114397,233.0,4372,20.1
fixation,1303323.5080000162,0.30966390533880755,0.6504819298332388,2.7079342928799717,2.6204702203924004,366.0,4373,20.1
fixation,1303723.5170000792,0.35583325326442716,0.6545278052488963,2.7596028645833335,2.641680908203125,250.0,4374,20.1
fixation,1304006.85800004,0.3972981978546489,0.6632126542654905,2.751090309836648,2.6494001908735796,183.0,4375,20.1
fixation,1304223.5300000906,0.4582716418164117,0.6584133378096989,2.741436549595424,2.6298653738839284,233.0,4376,20.1
fixation,1304490.1940000057,0.5364291714994531,0.6448348791975724,2.6757226241262337,2.558476498252467,317.0,4377,20.1
fixation,1304890.2040001154,0.6305595934391022,0.6433396637439728,2.673482894897461,2.547454833984375,267.0,4378,20.1
fixation,1305190.208000064,0.6955675060550371,0.6459808299938837,2.647314707438151,2.5469347635904946,200.0,4379,20.1
fixation,1305406.881000042,0.734360416730245,0.6447915434837341,2.6314205593532987,2.5200263129340277,150.0,4380,20.1
fixation,1305623.5510001183,0.37665185481309893,0.5876487582921982,2.6193359375,2.605841064453125,166.0,4381,20.1
fixation,1305823.55400002,0.2796104520559311,0.5630830556154252,2.6390731811523436,2.5869216918945312,166.0,4382,20.1
fixation,1306006.8910000324,0.3307555392384529,0.5592917382717133,2.584161376953125,2.5557479858398438,167.0,4383,20.1
fixation,1306206.8920000792,0.3922442560610564,0.5703128174595211,2.612521627674932,2.5418595023777173,383.0,4384,20.1
fixation,1306606.8970000744,0.4272366041938464,0.5774269849061966,2.6341705322265625,2.5488688151041665,108.0,4385,20.1
fixation,1306890.2400000095,0.5180709759394327,0.4502606963117917,2.673447926839193,2.5835978190104165,192.0,4386,20.1
fixation,1307106.91200006,0.5430856645107269,0.4597058743238449,2.692750930786133,2.5822677612304688,133.0,4387,20.1
fixation,1307273.594000101,0.5877508074045181,0.46178334951400757,2.6539886474609373,2.5547256469726562,166.0,4388,20.1
fixation,1307473.5920000076,0.6404754271109899,0.4592233921090762,2.6287765502929688,2.5674362182617188,200.0,4389,20.1
fixation,1307706.9310001135,0.694313752300599,0.45478715177844553,2.6699272604549633,2.5900080063763786,291.0,4390,20.1
fixation,1308123.6070001125,0.40192558352024327,0.4492478860962775,2.7378682782573085,2.6683497275075605,508.0,4391,20.1
fixation,1308673.6130000353,0.35379261906082565,0.26578030936621333,2.796260524440456,2.6904375230943836,616.0,4392,NOTRIAL
fixation,1309340.290000081,0.6138708372910817,0.2610978543758392,2.8575144449869794,2.6894154866536457,250.0,4393,NOTRIAL
fixation,1309606.9630000591,0.6331256181001663,0.25292930752038956,2.8888946533203126,2.7663528442382814,333.0,4394,NOTRIAL
fixation,1309990.3010001183,0.3523729207475534,0.26093263765064517,2.8550641349192416,2.770079194829705,1492.0,4395,NOTRIAL
fixation,1311523.668000102,0.33890758522532205,0.2527038126506589,2.7385704734108667,2.7168107466264204,359.0,4396,NOTRIAL
fixation,1311907.009000063,0.37872430806358653,0.2466687479366859,2.7543258666992188,2.7000630696614585,208.0,4397,NOTRIAL
fixation,1312240.3490000963,0.35266574975606557,0.27119410319908244,2.748305862014358,2.7017570701805322,616.0,4398,NOTRIAL
fixation,1313073.699000001,0.4278447295610721,0.25416596921590656,2.694459181565505,2.618036123422476,209.0,4399,NOTRIAL
fixation,1313373.7060000896,0.42441503474345577,0.25633088327371156,2.7154951829176683,2.657390887920673,217.0,4400,NOTRIAL
fixation,1313623.7110000849,0.5490993303912026,0.245533144899777,2.6792689732142856,2.577702113560268,117.0,4401,NOTRIAL
fixation,1313773.7150000334,0.479777443740103,0.2548624409569634,2.7122328016493054,2.637537638346354,150.0,4402,NOTRIAL
fixation,1313957.0490000248,0.6117498063378863,0.25788981426093316,2.802059597439236,2.7017449273003473,300.0,4403,NOTRIAL
fixation,1314290.3910000324,0.5497552705438513,0.2519774307545863,2.8244098864103617,2.7232304623252466,316.0,4404,NOTRIAL
fixation,1314657.066000104,0.3432354561307214,0.46065461229194293,2.8466242009943183,2.807686545632102,184.0,4405,NOTRIAL
fixation,1314857.0690000057,0.35351242249210674,0.48708469048142433,2.8248748779296875,2.738712946573893,400.0,4406,NOTRIAL
fixation,1315273.7430000305,0.4106534610191981,0.4654946078856786,2.7862762451171874,2.711661783854167,250.0,4407,NOTRIAL
fixation,1315557.0840001106,0.358081912000974,0.491380217174689,2.7431615193684897,2.7084630330403647,108.0,4408,NOTRIAL
fixation,1315890.4220000505,0.36222845564285916,0.4807495300968488,2.657567342122396,2.62982177734375,92.0,4409,NOTRIAL
fixation,1316023.7600001097,0.4179002780180711,0.4639222163420457,2.6689828725961537,2.6334674541766825,217.0,4410,NOTRIAL
fixation,1316273.7630000114,0.5040014028549195,0.4573214501142502,2.63079833984375,2.577508544921875,83.0,4411,NOTRIAL
fixation,1316390.4310001135,0.5994504855738746,0.473188622130288,2.5995890299479165,2.535647922092014,150.0,4412,NOTRIAL
fixation,1316557.1010000706,0.6266834139823914,0.4608079716563225,2.6103668212890625,2.5627365112304688,100.0,4413,NOTRIAL
fixation,1316690.4370000362,0.5828669477592815,0.4659568179737438,2.6178228204900567,2.579684170809659,183.0,4414,NOTRIAL
fixation,1316923.7750000954,0.3633332796394825,0.7263527736067772,2.5494155883789062,2.5632568359375,333.0,4415,NOTRIAL
fixation,1317273.7820000648,0.33814364671707153,0.7367866635322571,2.575620651245117,2.551847457885742,133.0,4416,NOTRIAL
fixation,1317457.1190000772,0.6071486920118332,0.7058977298438549,2.521726608276367,2.423320770263672,134.0,4417,NOTRIAL
fixation,1317607.117000103,0.6464008598223977,0.7111956593783005,2.565282407014266,2.492400127908458,775.0,4418,NOTRIAL
fixation,1318973.8150000572,0.5155273271458489,0.49035700410604477,2.809389386858259,2.7230922154017856,225.0,4419,FIX_CROS
fixation,1319223.816000104,0.4817414619028568,0.4555698227551248,2.7488500807020397,2.6624637179904513,600.0,4420,FIX_CROS
fixation,1319857.1640000343,0.3859515942633152,0.4147770792245865,2.685076904296875,2.67005615234375,334.0,4421,FIX_CROS
fixation,1320223.8370000124,0.27581203579902647,0.42129619121551515,2.80198974609375,2.79736328125,83.0,4422,20.2
fixation,1320323.84100008,0.22683999687433243,0.41693468604769024,2.807562691824777,2.820068359375,117.0,4423,20.2
fixation,1320457.1760001183,0.19572951893011728,0.41523151596387226,2.7760518391927085,2.7590705023871527,150.0,4424,20.2
fixation,1320640.512000084,0.31265920400619507,0.43511680761973065,2.77903069390191,2.7064988878038196,150.0,4425,20.2
fixation,1320807.1840000153,0.26899978816509246,0.42588802576065066,2.7558685302734376,2.6991851806640623,84.0,4426,20.2
fixation,1320923.855000019,0.19400724900119445,0.42066582949722514,2.759184893439798,2.700888241038603,283.0,4427,20.2
fixation,1321240.5280001163,0.27355346427514005,0.4261070719132057,2.759028508112981,2.6651341364933896,216.0,4428,20.2
fixation,1321473.867000103,0.33310251086950304,0.4201817765831947,2.716380310058594,2.6405990600585936,167.0,4429,20.2
fixation,1321673.8690000772,0.39888190776109694,0.4266427353024483,2.6908187866210938,2.6327560424804686,167.0,4430,20.2
fixation,1321857.208000064,0.44915849566459654,0.42567313015460967,2.6834503173828126,2.6223190307617186,167.0,4431,20.2
fixation,1322040.5470000505,0.5149438828229904,0.41955350786447526,2.6784454345703126,2.625567626953125,166.0,4432,20.2
fixation,1322223.884000063,0.5782361810023968,0.4155354075706922,2.657758272611178,2.5843893197866588,217.0,4433,20.2
fixation,1322457.2230000496,0.6497601850165261,0.4092786974377102,2.6306084526909723,2.5565516153971353,300.0,4434,20.2
fixation,1322790.5650000572,0.7114075389173296,0.41364017791218227,2.6352276272243924,2.5512288411458335,300.0,4435,20.2
fixation,1323107.2370001078,0.7485621447364489,0.41367318232854206,2.6434237162272134,2.5466740926106772,200.0,4436,20.2
fixation,1323340.577000022,0.7916976014773051,0.4110417349470986,2.6577334933810763,2.543852064344618,158.0,4437,20.2
fixation,1323757.2550001144,0.33851805329322815,0.5234638055165609,2.668704562717014,2.638731214735243,150.0,4438,20.2
fixation,1323940.5900000334,0.42440905954156605,0.5173136900578227,2.623091561453683,2.5575267246791293,233.0,4439,20.2
fixation,1324207.2640000582,0.5053945730129877,0.5092802017927169,2.5582427978515625,2.520684814453125,250.0,4440,20.2
fixation,1324490.605000019,0.551675037542979,0.5080134292443593,2.554059855143229,2.5112274169921873,250.0,4441,20.2
fixation,1324757.2780001163,0.6006860043853521,0.5006814226508141,2.538606643676758,2.4886837005615234,267.0,4442,20.2
fixation,1325040.617000103,0.6275935981954847,0.4995539379971368,2.5323922293526784,2.4893624441964284,116.0,4443,20.2
fixation,1325190.6210000515,0.548298485138837,0.5103832816376406,2.5659978529986214,2.5145120059742645,283.0,4444,20.2
fixation,1325490.6260000467,0.4973099040133612,0.5135929648365293,2.612400599888393,2.567958286830357,116.0,4445,20.2
fixation,1325623.9610000849,0.5930751003324986,0.5011459775269032,2.605978012084961,2.5444774627685547,133.0,4446,20.2
fixation,1325807.2990000248,0.3691630353530248,0.5168160001436869,2.6189910888671877,2.5942677815755206,250.0,4447,20.2
fixation,1326090.637000084,0.4436136856675148,0.5182726037773219,2.617396267977628,2.546785528009588,366.0,4448,20.2
fixation,1326473.9790000916,0.48135784841500795,0.5138675604875271,2.625605656550481,2.5548330453725963,217.0,4449,20.2
fixation,1326723.98300004,0.5184628129005432,0.5033926337957382,2.639543151855469,2.5724166870117187,167.0,4450,20.2
fixation,1326907.3180000782,0.4787717885695971,0.5153128928863085,2.6499539888822117,2.5997842641977162,217.0,4451,20.2
fixation,1327140.6570000648,0.5216120055743626,0.5186569499117988,2.645890372140067,2.5848846435546875,233.0,4452,20.2
fixation,1327390.6610000134,0.5790136296015519,0.5099748235482436,2.63260005070613,2.5599459134615383,216.0,4453,20.2
fixation,1327640.665000081,0.6172105092555285,0.5077477619051933,2.625105857849121,2.5698089599609375,267.0,4454,20.2
fixation,1327940.6720000505,0.6614421193416302,0.50723669391412,2.6414278470552883,2.6017737755408654,225.0,4455,20.2
fixation,1328340.6780000925,0.3613988347351551,0.5289763920009136,2.621461868286133,2.6331939697265625,125.0,4456,20.2
fixation,1328524.0180000067,0.6465422185984525,0.5120047926902771,2.6211395263671875,2.5309989235617896,184.0,4457,20.2
fixation,1328774.0210000277,0.37064748784390894,0.5173931837808795,2.581634893649962,2.5584452559308306,684.0,4458,20.2
fixation,1329474.0350000858,0.32342301805814105,0.5098172451059023,2.606889088948568,2.5622342427571616,208.0,4459,20.2
fixation,1329824.040000081,0.40376348346471785,0.5243453174829483,2.6814620971679686,2.6190567016601562,167.0,4460,20.2
fixation,1330024.0490000248,0.36164478613780093,0.5211825508337754,2.6836923452524037,2.636231642503005,217.0,4461,20.2
fixation,1330307.3820000887,0.5660747041304907,0.5244806756575903,2.6054560343424478,2.524195353190104,100.0,4462,20.2
fixation,1330440.7210000753,0.6638929545879364,0.5137926373216841,2.6049363878038196,2.530858357747396,158.0,4463,20.2
fixation,1330957.401000023,0.6303928345441818,0.27151813606421155,2.841149648030599,2.7005043029785156,200.0,4464,NOTRIAL
fixation,1331174.0700000525,0.6151664609258826,0.26674315468831494,2.8056765469637783,2.6912841796875,184.0,4465,NOTRIAL
fixation,1331407.4100000858,0.6340357710917791,0.47957128286361694,2.8265584309895835,2.7245407104492188,200.0,4466,NOTRIAL
fixation,1331624.0840001106,0.623006159067154,0.4789101354777813,2.839213562011719,2.74228515625,334.0,4467,NOTRIAL
fixation,1331974.0930000544,0.5641875470939436,0.46997905875507157,2.8005178351151314,2.7058699758429277,317.0,4468,NOTRIAL
fixation,1332307.4330000877,0.6249111460314857,0.47162727349334294,2.810982598198785,2.711849636501736,150.0,4469,NOTRIAL
fixation,1332507.438000083,0.48440433107316494,0.4754479819287856,2.8369789123535156,2.7702178955078125,400.0,4470,NOTRIAL
fixation,1332940.784000039,0.5561503395438194,0.45732778931657475,2.7947591145833335,2.7315266927083335,208.0,4471,NOTRIAL
fixation,1333290.793000102,0.566156479716301,0.34083369225263593,2.8056259155273438,2.734088134765625,159.0,4472,NOTRIAL
fixation,1333507.4610000849,0.4192365093363656,0.3024046967426936,2.811893039279514,2.749337090386285,150.0,4473,NOTRIAL
fixation,1333690.7970000505,0.5118069304869726,0.2638151657122832,2.760650634765625,2.6803929255558896,217.0,4474,NOTRIAL
fixation,1333940.8050000668,0.43307173039231983,0.25757002191884176,2.745234898158482,2.6920885358537947,117.0,4475,NOTRIAL
fixation,1334074.1410000324,0.3538603588290837,0.2683078750320103,2.7354716425356655,2.6757023023522417,384.0,4476,NOTRIAL
fixation,1334490.8190000057,0.4687054048884999,0.2552779499780048,2.679779052734375,2.5942202481356533,183.0,4477,NOTRIAL
fixation,1334690.824000001,0.4874975358446439,0.2548626677857505,2.7045889960394964,2.619795905219184,300.0,4478,NOTRIAL
fixation,1335024.165000081,0.3560488435529893,0.25629398491113414,2.739262242471018,2.6569031746156755,525.0,4479,NOTRIAL
fixation,1335724.1780000925,0.5305831491947174,0.24970990866422654,2.712657674153646,2.6213887532552085,242.0,4480,NOTRIAL
fixation,1336040.8480000496,0.5610173754394054,0.6452660262584686,2.7021484375,2.6334152221679688,133.0,4481,NOTRIAL
fixation,1336240.8560000658,0.35951979011297225,0.7341352581977845,2.6764900207519533,2.639264678955078,333.0,4482,NOTRIAL
fixation,1336607.5290000439,0.33552584593946283,0.7233109230344946,2.587259465997869,2.573799826882102,183.0,4483,NOTRIAL
fixation,1336840.867000103,0.46687833751950947,0.7040992464338031,2.5416979108537947,2.495149884905134,117.0,4484,NOTRIAL
fixation,1336990.8710000515,0.5948781420787176,0.7103515118360519,2.5003560384114585,2.4392979939778647,200.0,4485,NOTRIAL
fixation,1337207.5420000553,0.5833861662281884,0.6939948466089036,2.5561947292751737,2.532401190863715,150.0,4486,NOTRIAL
fixation,1337407.5450000763,0.5822693980657138,0.507415126149471,2.657666719876803,2.6020120474008412,216.0,4487,NOTRIAL
fixation,1337690.8830000162,0.4710045922547579,0.24859746638685465,2.6790599822998047,2.621267318725586,133.0,4488,NOTRIAL
fixation,1337857.5550000668,0.34372868910431864,0.257649777084589,2.7001083374023436,2.6409042358398436,333.0,4489,NOTRIAL
fixation,1338257.5610001087,0.5636624619364738,0.612879179418087,2.732807159423828,2.5963401794433594,74.0,4490,NOTRIAL
fixation,1338574.2310000658,0.5149399775725144,0.8341556145594671,2.658777090219351,2.5605797400841346,225.0,4491,NOTRIAL
fixation,1339074.2430000305,0.4831688023275799,0.4317694670624203,2.840479532877604,2.7586669921875,292.0,4492,NOTRIAL
fixation,1339424.2470000982,0.3707232204003212,0.4634816677142412,2.782840826572516,2.721204317533053,650.0,4493,NOTRIAL
fixation,1340090.9260001183,0.34754280227681866,0.46785986326310947,2.7264185366423233,2.7003608371900474,775.0,4494,NOTRIAL
fixation,1341190.9460000992,0.49661228160063425,0.7005654633045196,2.7012308756510417,2.643166097005208,250.0,4495,NOTRIAL
fixation,1341474.2860000134,0.4946593989928563,0.4879162311553955,2.7548492431640623,2.691755167643229,250.0,4496,NOTRIAL
fixation,1341740.9570000172,0.5095403377086886,0.47065035422002116,2.745448943107359,2.66918453093498,517.0,4497,NOTRIAL
fixation,1342290.9700000286,0.42177730798721313,0.5235050916671753,2.5621541341145835,2.5482279459635415,150.0,4498,4
fixation,1342490.9740000963,0.3309807777404785,0.865972804526488,2.224482218424479,2.3632189432779946,200.0,4499,4
fixation,1342707.6460000277,0.4023077962073413,0.866821909492666,2.7144511829723013,2.3045224276455967,183.0,4500,4
fixation,1342907.6460000277,0.4709834188222885,0.8639656126499176,2.7247802734375,2.3378997802734376,83.0,4501,4
fixation,1343140.9820001125,0.5670086124113628,0.8599232137203217,2.271509443010603,2.368750435965402,233.0,4502,4
fixation,1343407.6550000906,0.619657963514328,0.8701820820569992,2.4323516845703126,2.386152648925781,166.0,4503,4
fixation,1343590.9940000772,0.648906922340393,0.8629746079444885,2.43919677734375,2.3824798583984377,175.0,4504,4
fixation,1343991.0,0.6175371050834656,0.8710959454377493,2.471814982096354,2.3696075439453126,242.0,4505,4
fixation,1344257.6700000763,0.6467823890539316,0.8596232923177572,2.523834228515625,2.4142960768479567,217.0,4506,4
fixation,1344524.3430000544,0.5457890406250954,0.5074057430028915,2.5667902628580728,2.5211207071940103,200.0,4507,4
fixation,1344741.0140000582,0.5002837375952647,0.4917124372262221,2.590728759765625,2.548619196965144,217.0,4508,4
fixation,1345007.6860001087,0.36955872426430386,0.7642637640237808,2.5293095906575522,2.528162638346354,100.0,4509,4
fixation,1345157.688000083,0.3238575365394354,0.9122693501412868,2.379962921142578,2.377307891845703,133.0,4510,4
fixation,1345324.3590000868,0.38248136368664826,0.8846890303221616,2.280373313210227,2.391845703125,183.0,4511,4
fixation,1345557.6980000734,0.4571558546561461,0.8752879431614509,2.5315786508413463,2.3198277400090146,217.0,4512,4
fixation,1345807.7010000944,0.5388127639889717,0.8572474444905916,2.1930948893229165,2.3401260375976562,200.0,4513,4
fixation,1346024.3710000515,0.5761286397775014,0.8545048058032989,2.294175211588542,2.313460286458333,250.0,4514,4
fixation,1346291.0440000296,0.6120530992746354,0.8583421260118484,2.35712890625,2.357197570800781,167.0,4515,4
fixation,1346474.381000042,0.6438402992028457,0.8577011938278492,2.4500826322115383,2.3830765944260817,216.0,4516,4
fixation,1346724.387000084,0.49636974682410556,0.6485827912886938,2.5075289408365884,2.517528533935547,200.0,4517,4
fixation,1346957.7240000963,0.4251611805879153,0.5319499740233788,2.5767963115985575,2.578136737530048,217.0,4518,4
fixation,1347224.3960000277,0.35615545387069386,0.8829381093382835,2.4383761088053384,2.4431851704915366,200.0,4519,4
fixation,1347441.0650000572,0.3972107291221619,0.8767115920782089,2.3470504760742186,2.4802200317382814,167.0,4520,4
fixation,1347641.0680000782,0.47507213056087494,0.873291403055191,2.353404998779297,2.46319580078125,67.0,4521,4
fixation,1347724.4050000906,0.47877602092921734,0.8591960519552231,2.2424755096435547,2.423786163330078,133.0,4522,4
fixation,1347874.409000039,0.5084056586027146,0.8630301505327225,2.316966247558594,2.387884521484375,166.0,4523,4
fixation,1348074.4130001068,0.5582389107772282,0.8506230314572653,2.319208780924479,2.371275402250744,350.0,4524,4
fixation,1348457.7540000677,0.5992851443588734,0.8582164421677589,2.3443222045898438,2.3626461029052734,133.0,4525,4
fixation,1348624.4240000248,0.6344985465208689,0.8570314606030782,2.443829345703125,2.3735595703125,250.0,4526,4
fixation,1348924.42900002,0.5164780877530575,0.5552541241049767,2.520620346069336,2.5216236114501953,133.0,4527,4
fixation,1349091.0980000496,0.42714806307445874,0.5280616283416748,2.5638774525035513,2.5652590664950283,184.0,4528,4
fixation,1349291.1030000448,0.3796394467353821,0.5596800208091736,2.5528361002604165,2.5604766845703124,250.0,4529,4
fixation,1349574.4420000315,0.49768018993464386,0.5847791785543616,2.5363020463423296,2.4811054576526987,183.0,4530,4
fixation,1349791.1130000353,0.5568047030405565,0.576498114249923,2.5399905118075283,2.513008811257102,367.0,4531,4
fixation,1350191.1200000048,0.6044215857982635,0.5030049502849578,2.580377197265625,2.5354400634765626,167.0,4532,4
fixation,1350391.1210000515,0.46669868545399773,0.6180107775661681,2.573861016167535,2.542299058702257,300.0,4533,4
fixation,1350707.7940000296,0.48517635464668274,0.593741312623024,2.592602321079799,2.5601588657924106,233.0,4534,4
fixation,1350974.4630000591,0.5586545821279287,0.5771335959434509,2.545071601867676,2.525106430053711,266.0,4535,4
fixation,1351274.4700000286,0.5312272449334462,0.5060679376125335,2.5911875406901044,2.563189697265625,250.0,4536,4
fixation,1351557.8080000877,0.632856947183609,0.5056210349003474,2.56424560546875,2.521048990885417,250.0,4537,4
fixation,1351841.1440000534,0.6054176479578018,0.48262142539024355,2.561199951171875,2.539744567871094,167.0,4538,4
fixation,1352024.4790000916,0.5879791351881895,0.4746011028235609,2.5942244096235796,2.5497852672230112,366.0,4539,4
fixation,1352457.8200000525,0.38509079813957214,0.5595175311678932,2.564971923828125,2.5885561988467263,350.0,4540,4
fixation,1352824.4930000305,0.3962954887085491,0.6085634380578995,2.5749282836914062,2.562808566623264,300.0,4541,4
fixation,1353157.830000043,0.4861418232321739,0.5851828957145865,2.574808294122869,2.540503068403764,375.0,4542,4
fixation,1353691.1720000505,0.48681614361703396,0.6343486048281193,2.564716339111328,2.5533695220947266,126.0,4543,4
fixation,1353857.84100008,0.5520741298794747,0.6135511055588723,2.5718154907226562,2.5422096252441406,333.0,4544,4
fixation,1354224.515000105,0.544226502830332,0.5542745725675062,2.528005426580256,2.5301749489524146,183.0,4545,4
fixation,1354424.5160000324,0.5307699008421465,0.5030417049472983,2.5510905872691763,2.5325372869318183,183.0,4546,4
fixation,1354624.5210000277,0.5562557234213903,0.5080642367784793,2.539911123422476,2.515582744891827,216.0,4547,4
fixation,1354857.8560000658,0.6161828090747198,0.5367372632026672,2.5402933756510415,2.5145339965820312,100.0,4548,4
fixation,1354991.191000104,0.4608389126757781,0.615913895269235,2.583038330078125,2.572742462158203,200.0,4549,4
fixation,1355207.8630000353,0.48932671546936035,0.6069304818908373,2.6290613810221353,2.6086718241373696,200.0,4550,4
fixation,1355457.8690000772,0.5900265468018395,0.54759852375303,2.6078948974609375,2.5846993582589284,233.0,4551,4
fixation,1355724.540000081,0.6245665311813354,0.5305380046367645,2.622630310058594,2.6014114379882813,166.0,4552,4
fixation,1355907.8760000467,0.5971876355734739,0.48587685281580145,2.644927978515625,2.6228401877663354,183.0,4553,4
fixation,1356141.2130000591,0.5998848146862454,0.6535300115744272,2.5762566460503473,2.5841539171006946,150.0,4554,4
fixation,1356324.5510001183,0.6271777451038361,0.6793098747730255,2.6357269287109375,2.621817694769965,150.0,4555,4
fixation,1356524.55400002,0.5631519933541616,0.3585280954837799,2.771131388346354,2.713884480794271,258.0,4556,4
fixation,1356941.2280000448,0.5761476755142212,0.778586070984602,2.683030128479004,2.577305793762207,259.0,4557,4
fixation,1357257.9030001163,0.4988974208633105,0.49801795184612274,2.835118611653646,2.7684733072916665,100.0,4558,FIX_CROS
fixation,1357374.5710000992,0.49998112209141254,0.5028195716440678,2.8412952423095703,2.7581024169921875,133.0,4559,FIX_CROS
fixation,1357541.242000103,0.4858389016654756,0.4186639173163308,2.8217027452256946,2.7474263509114585,150.0,4560,FIX_CROS
fixation,1357741.2450000048,0.4031635696689288,0.31742859731117884,2.8705591837565105,2.801726786295573,500.0,4561,FIX_CROS
fixation,1358274.5880000591,0.24693994875997305,0.2609521113336086,2.9152374267578125,2.8617496490478516,133.0,4562,4.2
fixation,1358424.59100008,0.2224378819976534,0.25958402348416193,2.7816314697265625,2.7332284109933034,116.0,4563,4.2
fixation,1358574.5930000544,0.29060386717319486,0.25176590234041213,2.719706726074219,2.668711853027344,166.0,4564,4.2
fixation,1358774.5990000963,0.3650935764114062,0.2500215241064628,2.766559600830078,2.7070884704589844,208.0,4565,4.2
fixation,1359057.9400000572,0.3907948464155197,0.25379821062088015,2.8372344970703125,2.753973388671875,167.0,4566,4.2
fixation,1359257.9420000315,0.43487771397287195,0.2565883621573448,2.838887994939631,2.7410097989169033,183.0,4567,4.2
fixation,1359457.9480000734,0.48833111822605135,0.24785742312669753,2.838665771484375,2.7209197998046877,91.0,4568,4.2
fixation,1359724.6160000563,0.5167414777808719,0.2507687674628364,2.7790696885850696,2.680301242404514,150.0,4569,4.2
fixation,1359891.2890000343,0.5609347290462918,0.2526089892619186,2.760562472873264,2.644708421495226,300.0,4570,4.2
fixation,1360241.290000081,0.6575291075489738,0.2522781958634203,2.673299616033381,2.5663896040482954,184.0,4571,4.2
fixation,1360507.96600008,0.3774289104499315,0.25584469853263153,2.7200084485505758,2.667031539113898,317.0,4572,4.2
fixation,1360857.9710000753,0.43236636742949486,0.2600912023335695,2.8115148544311523,2.715542793273926,267.0,4573,4.2
fixation,1361141.310000062,0.48774925663190727,0.2533292985137771,2.8132746079388786,2.7246731028837314,284.0,4574,4.2
fixation,1361457.980000019,0.5366440287658146,0.2541688478418759,2.7906421479724703,2.7168753487723216,350.0,4575,4.2
fixation,1361841.3250000477,0.47039233486760745,0.25952674787152896,2.761809609153054,2.7018203735351562,367.0,4576,4.2
fixation,1362241.333000064,0.5336045086383819,0.2537426553666592,2.7397796630859377,2.6792251586914064,167.0,4577,4.2
fixation,1362424.6690000296,0.5979061358504825,0.24913485762145784,2.7576768663194446,2.678195529513889,150.0,4578,4.2
fixation,1362608.0020000935,0.6514034395416578,0.2491415267189344,2.783000946044922,2.6885477701822915,200.0,4579,4.2
fixation,1362824.6740000248,0.7156463969837535,0.24444148621775888,2.7522222345525567,2.654380104758523,183.0,4580,4.2
fixation,1363024.67900002,0.7568380922079087,0.23951431289315223,2.7483840942382813,2.6562591552734376,167.0,4581,4.2
fixation,1363224.682000041,0.7901433646678925,0.23044971972703934,2.770263671875,2.6642822265625,83.0,4582,4.2
fixation,1363408.0180000067,0.21612752891249126,0.32593027088377213,2.7774861653645835,2.797268337673611,150.0,4583,4.2
fixation,1363574.688000083,0.18445968857178321,0.3360643146129755,2.8032073974609375,2.754578810471755,217.0,4584,4.2
fixation,1363824.6950000525,0.25858215540647506,0.33492955565452576,2.746917724609375,2.676898193359375,167.0,4585,4.2
fixation,1364008.0300000906,0.30778600424528124,0.3388618990778923,2.698411560058594,2.639909362792969,167.0,4586,4.2
fixation,1364208.03700006,0.3783298570376176,0.34585272348844087,2.7277151254507213,2.6542440561147838,217.0,4587,4.2
fixation,1364458.0380001068,0.45404789472619694,0.336410300185283,2.7086359659830728,2.6275863647460938,200.0,4588,4.2
fixation,1364758.0460000038,0.5399347096681595,0.3364533454179764,2.6808441162109373,2.6015838623046874,167.0,4589,4.2
fixation,1364958.0490000248,0.6009024858474732,0.33375975042581557,2.6718536376953126,2.5867431640625,167.0,4590,4.2
fixation,1365158.0530000925,0.6473854879538218,0.32959779765870834,2.6733296712239585,2.598293728298611,150.0,4591,4.2
fixation,1365341.3890000582,0.700178587436676,0.3265116274356842,2.6624725341796873,2.585920715332031,166.0,4592,4.2
fixation,1365524.7270001173,0.7561540967888303,0.3383586671617296,2.647098117404514,2.589328342013889,158.0,4593,4.2
fixation,1365724.730000019,0.7459368684462139,0.3398970163294247,2.6591600690569197,2.591731480189732,225.0,4594,4.2
fixation,1365991.4030001163,0.6628587901592254,0.3384868897497654,2.6840187072753907,2.6178634643554686,333.0,4595,4.2
fixation,1366358.074000001,0.748794307311376,0.32944726447264355,2.6432891845703126,2.5777577718098956,250.0,4596,4.2
fixation,1366641.415000081,0.8146716952323914,0.3249554052948952,2.610552978515625,2.5563812255859375,166.0,4597,4.2
fixation,1366924.753000021,0.19952378020836756,0.4217047828894395,2.646770770733173,2.6633512056790867,217.0,4598,4.2
fixation,1367158.0930000544,0.18681541559371082,0.43071063133803283,2.663180264559659,2.618662053888494,184.0,4599,4.2
fixation,1367374.7610000372,0.2702441451450189,0.43661025539040565,2.5954310099283853,2.5424817403157554,200.0,4600,4.2
fixation,1367608.1030000448,0.3922462382099845,0.42554242231629114,2.5733212557705967,2.524630459872159,184.0,4601,4.2
fixation,1367808.105000019,0.43190201797655653,0.4228463215487344,2.5753893171037947,2.535402570452009,242.0,4602,4.2
fixation,1368241.4450000525,0.477263867855072,0.42441087322575705,2.571352277483259,2.5417284284319197,108.0,4603,4.2
fixation,1368391.449000001,0.5170480981469154,0.418385819842418,2.6286697387695312,2.567377726236979,200.0,4604,4.2
fixation,1368608.1200000048,0.5466316044330597,0.41728267818689346,2.581455775669643,2.5211454119001115,234.0,4605,4.2
fixation,1368858.1240000725,0.5918299617866675,0.4051505333433549,2.5888493855794272,2.5347633361816406,400.0,4606,4.2
fixation,1369274.7970000505,0.5794230768313775,0.41283470621475804,2.6332057072566104,2.5778057391826925,217.0,4607,4.2
fixation,1369524.8030000925,0.6459818830092748,0.4077194767693679,2.624755859375,2.5697924296061196,200.0,4608,4.2
fixation,1369758.1410000324,0.7053074559995106,0.4069164853010859,2.619197300502232,2.5543855939592635,234.0,4609,4.2
fixation,1370024.8150000572,0.7757786899805069,0.4153334304690361,2.620800018310547,2.554187774658203,341.0,4610,4.2
fixation,1370558.1570000648,0.18323075445368886,0.5416992362588644,2.623281478881836,2.6407394409179688,267.0,4611,4.2
fixation,1370858.1600000858,0.2159786122766408,0.515077069401741,2.6766787442294033,2.6614809903231533,184.0,4612,4.2
fixation,1371058.1630001068,0.25530872990687686,0.5131868074337641,2.636876424153646,2.6194559733072915,100.0,4613,4.2
fixation,1371174.8320000172,0.3266780844756535,0.5216206120593208,2.6197171892438615,2.580045427594866,233.0,4614,4.2
fixation,1371424.8360000849,0.3937190728528159,0.5200846429382052,2.6061477661132812,2.5874851771763394,233.0,4615,4.2
fixation,1371674.8400000334,0.43390099704265594,0.5184103484664645,2.599947248186384,2.5699975149972096,233.0,4616,4.2
fixation,1371924.8450000286,0.5066635055201394,0.5127969905734062,2.595696585518973,2.546100071498326,233.0,4617,4.2
fixation,1372208.1830000877,0.6353177997198972,0.5051245824857191,2.5724861838600854,2.5333432284268467,184.0,4618,4.2
fixation,1372408.1840000153,0.6766303982585669,0.5027941763401031,2.6003541946411133,2.556727409362793,267.0,4619,4.2
fixation,1372708.1900000572,0.739527702331543,0.5001620337367058,2.6155410766601563,2.5858673095703124,167.0,4620,4.2
fixation,1372908.1940000057,0.7839536627133687,0.5000965754191081,2.640403238932292,2.588139851888021,258.0,4621,4.2
fixation,1373274.8660000563,0.189327170037561,0.5973400589492586,2.6243693033854165,2.621734619140625,292.0,4622,4.2
fixation,1373591.5360000134,0.22642475180327892,0.602130614221096,2.6050694783528647,2.5505294799804688,200.0,4623,4.2
fixation,1373824.8720000982,0.3019181214846097,0.6105032952932211,2.5344872107872596,2.5136883075420675,217.0,4624,4.2
fixation,1374074.8770000935,0.36268440837209875,0.6108564978296106,2.535207575017756,2.496865012428977,183.0,4625,4.2
fixation,1374291.5480000973,0.42162732945548165,0.6076168153021071,2.5460391574435763,2.509404500325521,150.0,4626,4.2
fixation,1374491.5520000458,0.5188343649109205,0.6118844747543335,2.5036608378092446,2.4730542500813804,200.0,4627,4.2
fixation,1374808.2210000753,0.7542350329458714,0.6060565263032913,2.5384178161621094,2.4788284301757812,134.0,4628,4.2
fixation,1374958.2250000238,0.8096788734197616,0.602110892534256,2.5781646728515626,2.51866455078125,167.0,4629,4.2
fixation,1375224.8950001001,0.23679966953667728,0.6866573041135614,2.595576199618253,2.5742367831143467,367.0,4630,4.2
fixation,1375608.2380000353,0.3046081131324172,0.7033516373485327,2.614320755004883,2.5646724700927734,267.0,4631,4.2
fixation,1375908.2430000305,0.4606746630743146,0.7038816642016172,2.623241424560547,2.562710762023926,267.0,4632,4.2
fixation,1376191.5820000172,0.43902542889118196,0.7096813350915909,2.672257995605469,2.6253570556640624,166.0,4633,4.2
fixation,1376391.5860000849,0.5386060615380605,0.7016625106334686,2.6384613037109377,2.559043375651042,250.0,4634,4.2
fixation,1376674.9250000715,0.6441684265931448,0.6998619412382444,2.5991846720377603,2.508068084716797,200.0,4635,4.2
fixation,1376908.2610000372,0.7562802069716983,0.6990667680899302,2.678197224934896,2.565555148654514,150.0,4636,4.2
fixation,1377108.265000105,0.5872584581375122,0.36192010674211716,2.740815904405382,2.6548224555121527,150.0,4637,NOTRIAL
fixation,1377291.5990000963,0.5429971776902676,0.2679408947005868,2.791351318359375,2.6951904296875,133.0,4638,NOTRIAL
fixation,1377458.2690000534,0.6310454681515694,0.25109470076859,2.8396212259928384,2.7415453592936196,200.0,4639,NOTRIAL
fixation,1377674.9400000572,0.6080230057239533,0.25430828928947447,2.8693918863932293,2.742021687825521,258.0,4640,NOTRIAL
fixation,1378108.2880001068,0.4551139896114667,0.25726872061689693,2.8208084106445312,2.7686971028645835,92.0,4641,NOTRIAL
fixation,1378224.9570000172,0.3703504108956882,0.257255849561521,2.826967511858259,2.7523367745535716,233.0,4642,NOTRIAL
fixation,1378474.958000064,0.44436703486876056,0.25727230174974963,2.826413241299716,2.725434736772017,183.0,4643,NOTRIAL
fixation,1378691.631000042,0.48534252122044563,0.25582833401858807,2.8054332733154297,2.698305130004883,133.0,4644,NOTRIAL
fixation,1378908.3020000458,0.48539215326309204,0.25434751249849796,2.798206329345703,2.6978416442871094,67.0,4645,NOTRIAL
fixation,1379024.9710000753,0.3664377321799596,0.2593472748994827,2.8175994873046877,2.757586669921875,250.0,4646,NOTRIAL
fixation,1379374.9760000706,0.34732628400836674,0.2592259794473648,2.774155752999442,2.685878208705357,225.0,4647,NOTRIAL
fixation,1379641.6490000486,0.456990834325552,0.25716649057964486,2.769858620383523,2.6548283894856772,200.0,4648,NOTRIAL
fixation,1379858.3190000057,0.5007436195245156,0.25146112132530946,2.7733905498798075,2.6698631873497596,217.0,4649,NOTRIAL
fixation,1380091.6580001116,0.5730680306752522,0.25115381677945453,2.7867889404296875,2.649971516927083,250.0,4650,NOTRIAL
fixation,1380358.3290001154,0.6108098104596138,0.2566883706798156,2.780670166015625,2.6466344197591147,200.0,4651,NOTRIAL
fixation,1380608.333000064,0.3855901688337326,0.487195810675621,2.7702590942382814,2.7053741455078124,167.0,4652,NOTRIAL
fixation,1380791.668000102,0.3525310294194655,0.4878120937130668,2.7625982111150567,2.689231178977273,191.0,4653,NOTRIAL
fixation,1381108.3400000334,0.4654009133577347,0.2655181810259819,2.7266204833984373,2.628315734863281,158.0,4654,NOTRIAL
fixation,1381325.006000042,0.6224773015294757,0.45358422824314665,2.7179031372070312,2.60650634765625,234.0,4655,NOTRIAL
fixation,1381575.0130000114,0.5545072525739669,0.45713559314608576,2.7203224182128904,2.646473693847656,334.0,4656,NOTRIAL
fixation,1381958.3520001173,0.3616364096601804,0.7283302168051402,2.6375712076822917,2.622941080729167,500.0,4657,NOTRIAL
fixation,1382508.3600000143,0.6219849318265915,0.7051205664873124,2.5430252075195314,2.4618850708007813,166.0,4658,NOTRIAL
fixation,1382708.364000082,0.5846241819007056,0.7045940160751343,2.5262789045061385,2.467679704938616,233.0,4659,NOTRIAL
fixation,1382958.3650000095,0.6447671787305311,0.7101782208139246,2.6035641756924717,2.529441139914773,191.0,4660,NOTRIAL
fixation,1383308.3710000515,0.5840269103646278,0.6843015626072884,2.5451393127441406,2.529745101928711,125.0,4661,NOTRIAL
fixation,1383641.7120000124,0.5742129838025128,0.6798514304337678,2.6196633798104747,2.5531994854962385,450.0,4662,NOTRIAL
fixation,1384125.0490000248,0.5323536230458153,0.806617389122645,2.453643798828125,2.452058580186632,150.0,4663,NOTRIAL
fixation,1384341.71600008,0.5028680115938187,0.42241124212741854,2.6736801147460936,2.6127685546875,167.0,4664,NOTRIAL
fixation,1384525.0560001135,0.4967763125896454,0.31159066297113897,2.765699005126953,2.6986114501953127,675.0,4665,NOTRIAL
fixation,1385425.0710000992,0.4994963747262955,0.4503248500823975,2.873758544921875,2.778050537109375,409.0,4666,FIX_CROS
fixation,1385858.4100000858,0.47002721528212227,0.4128742883602778,2.743341064453125,2.696637980143229,250.0,4667,FIX_CROS
fixation,1386158.4170000553,0.3133396655321121,0.3054180294275284,2.7870864868164062,2.7815208435058594,66.0,4668,4.1
fixation,1386258.4220000505,0.23617555666714907,0.2986767217516899,2.7783069610595703,2.7373695373535156,133.0,4669,4.1
fixation,1386425.0920000076,0.20870286722977957,0.29484353462855023,2.739927503797743,2.654149373372396,150.0,4670,4.1
fixation,1386591.7600001097,0.2880977839231491,0.28611795468763873,2.734528975053267,2.640505704012784,183.0,4671,4.1
fixation,1386808.4300000668,0.3727127926217185,0.29465118878417546,2.73954094780816,2.62331305609809,150.0,4672,4.1
fixation,1386991.7670000792,0.4069492667913437,0.29481010368237126,2.77392578125,2.666473388671875,217.0,4673,4.1
fixation,1387241.7710000277,0.45596303045749664,0.2929092144424265,2.8291140469637783,2.7158924449573862,183.0,4674,4.1
fixation,1387458.4420000315,0.507933947775099,0.2910722444454829,2.85357666015625,2.744539048936632,150.0,4675,4.1
fixation,1387641.7790000439,0.5888687968254089,0.29106552004814146,2.8162200927734373,2.7087422688802083,250.0,4676,4.1
fixation,1387908.4500000477,0.5740318223834038,0.29315049573779106,2.7650585174560547,2.675994873046875,133.0,4677,4.1
fixation,1388091.7880001068,0.6505144006676145,0.2926265961594052,2.745086669921875,2.64658440483941,150.0,4678,4.1
fixation,1388275.1230000257,0.7072296076350741,0.28931508627202773,2.7224799262152777,2.638863457573785,150.0,4679,4.1
fixation,1388458.4630000591,0.7571877864274111,0.2922026745297692,2.7292341752485796,2.6275898326526987,183.0,4680,4.1
fixation,1388691.7980000973,0.5473869949579239,0.2937858492136002,2.7201522827148437,2.6562713623046874,167.0,4681,4.1
fixation,1388891.8030000925,0.46722053322527146,0.2909367299742169,2.7240397135416665,2.662690904405382,150.0,4682,4.1
fixation,1389058.4700000286,0.4527496165699429,0.2919318642881181,2.7395426432291665,2.65822516547309,150.0,4683,4.1
fixation,1389241.8110001087,0.5064609766006469,0.28451900333166125,2.70650634765625,2.615248107910156,167.0,4684,4.1
fixation,1389441.813000083,0.5486869026314128,0.2865405014970086,2.6821330677379263,2.5953008478338067,183.0,4685,4.1
fixation,1389658.48300004,0.596418172121048,0.28789531737565993,2.684712219238281,2.60576171875,166.0,4686,4.1
fixation,1389858.486000061,0.6609920332064996,0.2903045553427476,2.727691650390625,2.623571542593149,216.0,4687,4.1
fixation,1390108.4930000305,0.7101993759473165,0.28693119684855145,2.7266832987467446,2.6386807759602866,200.0,4688,4.1
fixation,1390341.8320000172,0.7801341017087301,0.28536514937877655,2.715423583984375,2.6289800008138022,100.0,4689,4.1
fixation,1390458.4960000515,0.840390008687973,0.25933855026960373,2.6973480224609374,2.6288909912109375,83.0,4690,4.1
fixation,1390658.5010000467,0.20663431625474582,0.3837962773713199,2.6904948841441763,2.724702314897017,183.0,4691,4.1
fixation,1390858.5050001144,0.18469247284034887,0.3846492717663447,2.7300618489583335,2.7054125467936196,200.0,4692,4.1
fixation,1391075.1770000458,0.2346620543135537,0.3723980320824517,2.6373748779296875,2.6246219211154513,150.0,4693,4.1
fixation,1391241.8470000029,0.27957059557621294,0.3850878981443552,2.611078115609976,2.5975740872896633,217.0,4694,4.1
fixation,1391491.8520001173,0.33753622819979984,0.3840978729228179,2.630690256754557,2.6009368896484375,200.0,4695,4.1
fixation,1391741.855000019,0.5559468924999237,0.37593725323677063,2.6391082763671876,2.5552876790364585,250.0,4696,4.1
fixation,1392008.5270000696,0.53252774477005,0.38156541369178076,2.6577411998401987,2.5925542658025567,183.0,4697,4.1
fixation,1392225.1970000267,0.6006229303099893,0.36919278041882947,2.6420829079367896,2.5607660466974433,184.0,4698,4.1
fixation,1392441.8680000305,0.6598341058601033,0.3661497858437625,2.6307303688742896,2.5512334650213067,183.0,4699,4.1
fixation,1392641.8710000515,0.7114234467347463,0.369419867793719,2.619759453667535,2.553253173828125,150.0,4700,4.1
fixation,1392825.2120000124,0.6216990862573896,0.3713999677981649,2.6605322701590404,2.588853018624442,234.0,4701,4.1
fixation,1393091.8800001144,0.6899922862648964,0.3683675527572632,2.7000134785970054,2.605712890625,200.0,4702,4.1
fixation,1393325.2170000076,0.7260351822926447,0.368395685003354,2.7227888840895433,2.615283672626202,217.0,4703,4.1
fixation,1393558.557000041,0.7714013999158685,0.3684532913294705,2.729092684659091,2.6143146861683237,183.0,4704,4.1
fixation,1393758.5580000877,0.8088188767433167,0.36659600337346393,2.7313639322916665,2.6284332275390625,150.0,4705,4.1
fixation,1394008.5650000572,0.2219315924578243,0.47718894647227394,2.7347479926215277,2.7730204264322915,150.0,4706,4.1
fixation,1394191.901000023,0.1677424367517233,0.469417417421937,2.747817039489746,2.7128238677978516,267.0,4707,4.1
fixation,1394491.9080001116,0.23106826096773148,0.47174471752210095,2.642331210049716,2.6280684037642046,367.0,4708,4.1
fixation,1394891.915000081,0.28214373141527177,0.4661147639155388,2.6085662841796875,2.5804534912109376,167.0,4709,4.1
fixation,1395075.2480000257,0.31723096115248545,0.4711208109344755,2.6097401210239957,2.591947283063616,234.0,4710,4.1
fixation,1395341.9210000038,0.36810328252613544,0.4721948690712452,2.671297073364258,2.6066207885742188,133.0,4711,4.1
fixation,1395525.2610000372,0.5936469068894019,0.4575909891953835,2.6273287259615383,2.544397207406851,217.0,4712,4.1
fixation,1395758.5980000496,0.6405730068683624,0.4536371499300003,2.633734130859375,2.559342956542969,166.0,4713,4.1
fixation,1395958.6030000448,0.706588089466095,0.4603814234336217,2.636145273844401,2.5606969197591147,200.0,4714,4.1
fixation,1396175.273000002,0.7402277348133234,0.4640488572991811,2.6351341834435096,2.565014178936298,434.0,4715,4.1
fixation,1396625.2810000181,0.7993073544719003,0.4583995897661556,2.656607887961648,2.561989524147727,184.0,4716,4.1
fixation,1396925.2860000134,0.1947364702820778,0.5580658217271169,2.707352701822917,2.7107269287109377,250.0,4717,4.1
fixation,1397191.9570000172,0.22536712139844894,0.5470856305430917,2.700666539809283,2.6595539766199447,283.0,4718,4.1
fixation,1397491.9640001059,0.2545504461114223,0.5565190544495215,2.655604435847356,2.615466778094952,217.0,4719,4.1
fixation,1397741.9670000076,0.3258302742615342,0.5561130233108997,2.6256160736083984,2.6051597595214844,267.0,4720,4.1
fixation,1398075.3080000877,0.6005769222974777,0.5586471781134605,2.5333951314290366,2.5077781677246094,200.0,4721,4.1
fixation,1398308.6460000277,0.6513613104820252,0.5435083925724029,2.59322509765625,2.5373321533203126,83.0,4722,4.1
fixation,1398425.3150000572,0.7156875152140856,0.5499999187886715,2.62331485748291,2.5429697036743164,267.0,4723,4.1
fixation,1398708.6530001163,0.7694155221635645,0.5560325980186462,2.626645174893466,2.5460329922762783,183.0,4724,4.1
fixation,1399091.9930000305,0.3960883365227626,0.6563842823872199,2.6274566650390625,2.627996591421274,209.0,4725,4.1
fixation,1399341.9960000515,0.49997999469439186,0.6490802665551504,2.6112335205078123,2.564594523111979,250.0,4726,4.1
fixation,1399625.3340001106,0.5998545076165881,0.6448296670402799,2.525294712611607,2.507004874093192,241.0,4727,4.1
fixation,1400092.0100001097,0.5542362034320831,0.6283084094524384,2.614666748046875,2.604150390625,76.0,4728,4.1
fixation,1400242.012000084,0.5060751438140869,0.41034641632666957,2.762913630558894,2.712499765249399,217.0,4729,NOTRIAL
fixation,1400508.685000062,0.6302370448907216,0.2677567462126414,2.733201090494792,2.6702901204427083,258.0,4730,NOTRIAL
fixation,1400942.0320000648,0.6366643998771906,0.49427443370223045,2.801426887512207,2.7272987365722656,259.0,4731,NOTRIAL
fixation,1401242.0320000648,0.5970932066440582,0.2774359345436096,2.803570556640625,2.702128601074219,167.0,4732,NOTRIAL
fixation,1401442.03700006,0.6151160687208176,0.24749231040477754,2.76011962890625,2.6735275268554686,167.0,4733,NOTRIAL
fixation,1401642.03700006,0.5508437186479569,0.24563560411334037,2.830006408691406,2.7338211059570314,167.0,4734,NOTRIAL
fixation,1401858.7120000124,0.6290682894842965,0.46321676884378704,2.8512664794921876,2.7455810546875,583.0,4735,NOTRIAL
fixation,1402458.7200000286,0.5832975290038369,0.4010355066169392,2.8096077658913354,2.723488547585227,183.0,4736,NOTRIAL
fixation,1402675.390000105,0.5722572207450867,0.2950511904139268,2.836373580129523,2.7356390702097038,316.0,4737,NOTRIAL
fixation,1403025.3970000744,0.6175665760582144,0.4670331979339773,2.8289885087446733,2.7311553955078125,374.0,4738,NOTRIAL
fixation,1403542.0730000734,0.6145858734846115,0.5017765060067176,2.7124008178710937,2.687937927246094,159.0,4739,NOTRIAL
fixation,1403742.0760000944,0.6225826806492276,0.7068070073922476,2.6422254774305554,2.6105499267578125,150.0,4740,NOTRIAL
fixation,1403908.7430000305,0.6469541409840951,0.7133908283251983,2.6510989849384012,2.579813443697416,433.0,4741,NOTRIAL
fixation,1404358.7540000677,0.5973325019532983,0.7045232220129534,2.589230624112216,2.5340465198863638,183.0,4742,NOTRIAL
fixation,1404558.7550001144,0.6422876834869384,0.7026842355728149,2.6049041748046875,2.5495071411132812,167.0,4743,NOTRIAL
fixation,1404758.7600001097,0.6004530947942001,0.42595292513187116,2.712140596829928,2.647618220402644,217.0,4744,NOTRIAL
fixation,1405008.762000084,0.5733631948630015,0.2826395779848099,2.751866658528646,2.6743392944335938,108.0,4745,NOTRIAL
fixation,1405625.4390000105,0.535298611630093,0.46117388118397107,2.9183183149857954,2.8344345092773438,358.0,4746,NOTRIAL
fixation,1406008.7790000439,0.6114962484155383,0.45482270206723896,2.835493360246931,2.7642838614327565,467.0,4747,NOTRIAL
fixation,1406492.1230000257,0.6317846704274416,0.44456169866025447,2.7926673889160156,2.7776365280151367,1342.0,4748,NOTRIAL
fixation,1408158.8180000782,0.4883759245276451,0.6334903863343325,2.70859111439098,2.655057040127841,359.0,4749,NOTRIAL
fixation,1408558.8260000944,0.4887641979889436,0.4668874740600586,2.7840381969105112,2.7114313299005683,191.0,4750,NOTRIAL
fixation,1408942.1700000763,0.5110175535082817,0.4693441241979599,2.7487430572509766,2.695720672607422,126.0,4751,26
fixation,1409108.8370000124,0.4725504318873088,0.4438076317310333,2.7634811401367188,2.7161483764648438,100.0,4752,26
fixation,1409258.8420000076,0.4339040451579624,0.2746803942653868,2.6867749249493635,2.6467522515190973,450.0,4753,26
fixation,1409725.5180000067,0.40817925085624057,0.2715045015017192,2.6757583618164062,2.638776143391927,200.0,4754,26
fixation,1409958.8560000658,0.44839682016107774,0.27027029130193925,2.6724344889322915,2.630833943684896,150.0,4755,26
fixation,1410175.5250000954,0.3081386312842369,0.8742524882157644,2.5935033162434897,2.5554987589518228,200.0,4756,26
fixation,1410408.8620001078,0.3663948273116892,0.8743805262175474,2.5552479137073862,2.5069441361860796,183.0,4757,26
fixation,1410675.5330001116,0.47380326290925345,0.8679430822531382,2.321123250325521,2.478987630208333,250.0,4758,26
fixation,1410958.8710000515,0.5207477509975433,0.8664722144603729,2.34368896484375,2.430963134765625,91.0,4759,26
fixation,1411325.5450000763,0.5472168028354645,0.8555990755558014,2.4884124755859376,2.4639373779296876,83.0,4760,26
fixation,1411425.5490000248,0.5829911256829897,0.8644105195999146,2.5602696736653647,2.510033925374349,200.0,4761,26
fixation,1411642.2180000544,0.631354570388794,0.862253338098526,2.6045423235212053,2.5177481515066966,117.0,4762,26
fixation,1411775.55400002,0.6703828410668806,0.8576574406840585,2.5933782404119317,2.510163740678267,183.0,4763,26
fixation,1411975.55400002,0.6952144354581833,0.8592850019534429,2.5788040161132812,2.5359649658203125,108.0,4764,26
fixation,1412158.8920000792,0.5299077928066254,0.49679942429065704,2.6619216918945314,2.6430755615234376,159.0,4765,26
fixation,1412358.8950001001,0.41424670815467834,0.3628511503338814,2.6748733520507812,2.666797637939453,67.0,4766,26
fixation,1412492.23300004,0.31625402139292824,0.9310049778885312,2.5784183078342013,2.531804402669271,150.0,4767,26
fixation,1412658.901000023,0.37294568663293665,0.8894127715717662,2.533536044034091,2.54541015625,183.0,4768,26
fixation,1412875.5710000992,0.4470116396745046,0.8957707948154874,2.5715467664930554,2.4578484429253473,150.0,4769,26
fixation,1413058.9080001116,0.5011692689731717,0.8683678396046162,2.3716392517089844,2.4372358322143555,267.0,4770,26
fixation,1413342.2450000048,0.5357288829982281,0.8527723923325539,2.349123001098633,2.447671890258789,142.0,4771,26
fixation,1413742.253000021,0.5720831513404846,0.8658366084098816,2.4787109375,2.4926483154296877,76.0,4772,26
fixation,1413858.9210000038,0.607346428765191,0.8649589121341705,2.5937872992621527,2.5645294189453125,150.0,4773,26
fixation,1414042.2580000162,0.6609316617250443,0.8604123085737229,2.6570663452148438,2.5866653442382814,167.0,4774,26
fixation,1414225.594000101,0.6916530472891671,0.8579938539436885,2.629359654017857,2.5808541434151784,116.0,4775,26
fixation,1414392.262000084,0.5359410047531128,0.5368155896663666,2.687302652994792,2.6822245279947916,250.0,4776,26
fixation,1414675.6000000238,0.45277311839163303,0.523192323744297,2.7116451263427734,2.692300796508789,266.0,4777,26
fixation,1414975.6100000143,0.4643525071442127,0.3259831368923187,2.7611376444498696,2.7135531107584634,200.0,4778,26
fixation,1415192.2800000906,0.41758864372968674,0.2846291906067303,2.860835484095982,2.7888695853097096,242.0,4779,26
fixation,1415625.6210000515,0.30984609041895184,0.8811605189527784,2.727454049246652,2.620642525809152,108.0,4780,26
fixation,1415758.9560000896,0.3690367743372917,0.873830595612526,2.7508056640625,2.6261978149414062,167.0,4781,26
fixation,1415942.2910000086,0.4054532516747713,0.8711515702307224,2.664621353149414,2.596515655517578,134.0,4782,26
fixation,1416092.2960000038,0.45616823583841326,0.8665008842945099,2.559381103515625,2.528883361816406,167.0,4783,26
fixation,1416292.2990000248,0.5033575431867079,0.8582961586388674,2.5798534046519888,2.498618386008523,184.0,4784,26
fixation,1416492.3000000715,0.5482640808278864,0.8535574674606323,2.5478363037109375,2.4742625843394888,184.0,4785,26
fixation,1416692.3030000925,0.6013117776467249,0.8594993673838102,2.513245802659255,2.446721003605769,217.0,4786,26
fixation,1416942.310000062,0.6511743180453777,0.8554741106927395,2.576221466064453,2.4678802490234375,134.0,4787,26
fixation,1417108.980000019,0.6933962752421697,0.8605489482482275,2.5877354939778647,2.480682373046875,100.0,4788,26
fixation,1417275.6490000486,0.49332659372261595,0.3352040967770985,2.6856536865234375,2.621331351143973,116.0,4789,26
fixation,1417425.6530001163,0.4262584023750745,0.2777419067346133,2.734180157001202,2.641234177809495,216.0,4790,26
fixation,1417658.9880000353,0.45070660228912646,0.2751707835839345,2.7493972778320312,2.6336212158203125,433.0,4791,26
fixation,1418108.9980000257,0.3914573981806084,0.2917814436886046,2.7888127079716436,2.687588161892361,450.0,4792,26
fixation,1418575.6730000973,0.46124486718326807,0.2963941805064678,2.82688045501709,2.7159242630004883,267.0,4793,26
fixation,1418875.6800000668,0.5216552714506785,0.29051150381565094,2.797092013888889,2.700292799207899,300.0,4794,26
fixation,1419192.3510000706,0.5003825604915619,0.2861651142438253,2.763257853190104,2.6944427490234375,250.0,4795,26
fixation,1419475.6890000105,0.5718631425074169,0.2931548250573022,2.765618460518973,2.6681627546037947,241.0,4796,26
fixation,1419892.3630000353,0.5289954304695129,0.5598258733749389,2.71658935546875,2.68277587890625,75.0,4797,26
fixation,1420025.6980000734,0.3556575732571738,0.8571244009903499,2.6225738525390625,2.628936767578125,117.0,4798,26
fixation,1420175.7040001154,0.30385856578747433,0.8727943922082583,2.672278086344401,2.5960515340169272,200.0,4799,26
fixation,1420392.3710000515,0.36445787996053697,0.8737364262342453,2.55499267578125,2.5157257080078126,166.0,4800,26
fixation,1420592.3760000467,0.4430839568376541,0.8842191497484843,2.497685750325521,2.483556111653646,100.0,4801,26
fixation,1420775.7120000124,0.4968976941373613,0.8687289125389523,2.378207736545139,2.4679938422309027,150.0,4802,26
fixation,1420959.0480000973,0.5510291506846746,0.859673835337162,2.4314193725585938,2.4707323710123696,200.0,4803,26
fixation,1421192.384000063,0.6016716269346384,0.8627155537788684,2.5019918588491588,2.461658184344952,216.0,4804,26
fixation,1421442.3890000582,0.6467353055874506,0.8567362427711487,2.5727971394856772,2.5140469868977866,200.0,4805,26
fixation,1421692.3930000067,0.5266477717803075,0.8647189667591682,2.4710493821364183,2.5141707200270433,216.0,4806,26
fixation,1421925.7320001125,0.5646798809369405,0.8704722854826186,2.511805216471354,2.4935675726996527,150.0,4807,26
fixation,1422092.401000023,0.606957197189331,0.8655500829219818,2.5523223876953125,2.5048812866210937,166.0,4808,26
fixation,1422275.7370001078,0.6628463957458735,0.8549478705972433,2.594792366027832,2.531147003173828,267.0,4809,26
fixation,1422592.409000039,0.5364780953297248,0.6289086983754084,2.610761202298678,2.6190889798677883,216.0,4810,26
fixation,1422842.41200006,0.5093885404723031,0.7088800498417446,2.6061837332589284,2.599155970982143,116.0,4811,26
fixation,1423009.0820000172,0.6283515304327011,0.8603188812732696,2.6331466674804687,2.588873291015625,167.0,4812,26
fixation,1423192.4220000505,0.6486591435968876,0.8659738972783089,2.637451171875,2.5910263061523438,141.0,4813,26
fixation,1423459.09100008,0.5059842069943746,0.630040403869417,2.647096421983507,2.6399688720703125,142.0,4814,26
fixation,1423625.7600001097,0.5071553736925125,0.6811031265692278,2.6151483709161933,2.6081709428267046,183.0,4815,26
fixation,1423825.7630000114,0.48325019236654043,0.7082086354494095,2.6646671295166016,2.64095401763916,267.0,4816,26
fixation,1424109.1010000706,0.5033212018509706,0.7072667554020882,2.6313298543294272,2.5933736165364585,200.0,4817,26
fixation,1424359.105000019,0.47430735267698765,0.42892381735146046,2.6882286071777344,2.622079849243164,134.0,4818,26
fixation,1424542.4420000315,0.42631150782108307,0.28153457320653474,2.714153583233173,2.6443105844350963,216.0,4819,26
fixation,1424775.7820000648,0.38988859149125904,0.29382964280935436,2.7592251117412863,2.6600030752328725,433.0,4820,26
fixation,1425309.1240000725,0.43178487196564674,0.2627103626728058,2.7252982003348216,2.6527252197265625,134.0,4821,26
fixation,1425475.7910000086,0.4855697050690651,0.2634124085307121,2.7084259033203124,2.642994689941406,167.0,4822,26
fixation,1425659.1270000935,0.5088404311853296,0.26334549749598785,2.7170858944163605,2.6444756002987133,284.0,4823,26
fixation,1425975.8000000715,0.5599187593907118,0.2660632529295981,2.698611259460449,2.626406669616699,267.0,4824,26
fixation,1426275.80400002,0.3899218308575013,0.2894371975870693,2.7203351189108456,2.672392901252298,283.0,4825,26
fixation,1426575.810000062,0.42154955118894577,0.2851305574178696,2.7267166137695313,2.654339599609375,167.0,4826,26
fixation,1426759.148000002,0.45988688789881194,0.2912077135764636,2.7162945087139425,2.6443446232722354,217.0,4827,26
fixation,1426992.486000061,0.5058686091349676,0.2855820541198437,2.7404456505408654,2.6729630690354567,216.0,4828,26
fixation,1427242.4900000095,0.5756420811017354,0.2833949228127797,2.7483001708984376,2.6657704671223956,258.0,4829,26
fixation,1427675.8320000172,0.5896851079804557,0.3833401506500585,2.780367170061384,2.701342991420201,467.0,4830,26
fixation,1428159.1710000038,0.6001563668251038,0.40436731775601703,2.802559746636285,2.71866692437066,150.0,4831,26
fixation,1428375.8450000286,0.519894203543663,0.567520660161972,2.785504150390625,2.704742431640625,167.0,4832,26
fixation,1428575.8490000963,0.4660118743777275,0.561009407043457,2.7582550048828125,2.6818756103515624,167.0,4833,26
fixation,1428775.8520001173,0.5957692108656231,0.3610946347838954,2.6494598388671875,2.559535779451069,317.0,4834,26
fixation,1429109.1810001135,0.6036936513015202,0.33873975702694487,2.647705078125,2.5698416573660716,117.0,4835,26
fixation,1429259.1870000362,0.5989003715415796,0.4001997523009777,2.7347412109375,2.6506754557291665,400.0,4836,26
fixation,1430009.208000064,0.4909445170093985,0.4377772720421062,2.8410088034237133,2.7661285400390625,284.0,4837,FIX_CROS
fixation,1430325.8790000677,0.4355835179487864,0.3867591867844264,2.848976643880208,2.7760823567708335,250.0,4838,FIX_CROS
fixation,1430609.219000101,0.3623976434270541,0.3966633528470993,2.8258794148763022,2.7780609130859375,100.0,4839,26.2
fixation,1430742.5560001135,0.24358804204634257,0.3139059288161142,2.846561976841518,2.8057338169642856,116.0,4840,26.2
fixation,1430875.8940000534,0.22781345682839552,0.3012001117070516,2.785638173421224,2.731151580810547,200.0,4841,26.2
fixation,1431109.2320001125,0.3214183561503887,0.2916349247097969,2.7833328247070312,2.690080006917318,200.0,4842,26.2
fixation,1431342.5720000267,0.3721080392599106,0.29247555434703826,2.8012420654296877,2.7226043701171876,83.0,4843,26.2
fixation,1431459.2430000305,0.42472982677546417,0.3000017594207417,2.851655439897017,2.7615717107599433,184.0,4844,26.2
fixation,1431675.9130001068,0.5034869894385338,0.29883604049682616,2.8923110961914062,2.772674560546875,167.0,4845,26.2
fixation,1431875.9190000296,0.5529499839652668,0.29451037672432984,2.8745880126953125,2.7461922385475854,183.0,4846,26.2
fixation,1432092.5920000076,0.6099998772144317,0.2962789312005043,2.8482635498046873,2.7461029052734376,166.0,4847,26.2
fixation,1432292.5970000029,0.6700581341981888,0.2948045343160629,2.8426971435546875,2.738420104980469,166.0,4848,26.2
fixation,1432475.9360001087,0.7307994514703751,0.2930378600955009,2.854475402832031,2.739276123046875,167.0,4849,26.2
fixation,1432692.6060000658,0.5897027145732533,0.2900047925385562,2.828493985262784,2.7701790549538354,183.0,4850,26.2
fixation,1432909.2820000648,0.736090264386601,0.2900059305959278,2.8411153157552085,2.7150344848632812,300.0,4851,26.2
fixation,1433242.6210000515,0.812458012253046,0.2729042060673237,2.821290969848633,2.7128162384033203,141.0,4852,26.2
fixation,1433525.9630000591,0.16384119416276613,0.3847150852282842,2.7499974568684897,2.7758941650390625,192.0,4853,26.2
fixation,1433759.3010001183,0.23043794284264246,0.37473099728425346,2.73004150390625,2.696417236328125,250.0,4854,26.2
fixation,1434025.9770001173,0.280525555568082,0.38052147307566236,2.647265842982701,2.6352103097098216,233.0,4855,26.2
fixation,1434292.6500000954,0.3478815154387401,0.3805577170390349,2.6875715989332933,2.6568063589242787,216.0,4856,26.2
fixation,1434542.6570000648,0.40675001243750253,0.3827001651128133,2.6759735107421876,2.653736368815104,250.0,4857,26.2
fixation,1434809.333000064,0.4567228965461254,0.37921137486894924,2.7092386881510415,2.6828041076660156,201.0,4858,26.2
fixation,1435042.6700000763,0.5032748250024659,0.3780264439327376,2.6729747227260043,2.628680637904576,233.0,4859,26.2
fixation,1435292.6780000925,0.5453083142638206,0.3782417414089044,2.6577364603678384,2.6359380086263022,200.0,4860,26.2
fixation,1435526.0170000792,0.5855434358119964,0.37605555504560473,2.6557296752929687,2.6385452270507814,167.0,4861,26.2
fixation,1435709.3540000916,0.6401932720954602,0.3726845131470607,2.6342503474308896,2.6250140850360575,216.0,4862,26.2
fixation,1435942.6900000572,0.6904485449194908,0.36545152465502423,2.623978932698568,2.592578887939453,200.0,4863,26.2
fixation,1436176.0300000906,0.7301961109042168,0.37500465102493763,2.6322097778320312,2.5881290435791016,134.0,4864,26.2
fixation,1436342.699000001,0.7833740375936031,0.37081881798803806,2.6259117126464844,2.5418319702148438,141.0,4865,26.2
fixation,1436659.3700000048,0.20270534146290559,0.45464600966526914,2.640825711763822,2.6617337740384617,208.0,4866,26.2
fixation,1436942.7090001106,0.5731192057331403,0.47321319083372754,2.6212921142578125,2.5321388244628906,200.0,4867,26.2
fixation,1437159.3800001144,0.6211466292540232,0.46074054141839343,2.56964111328125,2.507820977105035,150.0,4868,26.2
fixation,1437342.719000101,0.6692490738171798,0.4632269235757681,2.583001943734976,2.533673799954928,217.0,4869,26.2
fixation,1437592.7220000029,0.7249990829399654,0.45917234144040514,2.591090611049107,2.5349415370396207,233.0,4870,26.2
fixation,1437842.7260000706,0.7868696947892507,0.46532367914915085,2.6157633463541665,2.5348993937174478,208.0,4871,26.2
fixation,1438242.7340000868,0.1960343875383076,0.5500918234649458,2.650119982267681,2.6472400866056742,309.0,4872,26.2
fixation,1438609.4080001116,0.3713135689496994,0.556751161813736,2.5792327880859376,2.5496612548828126,166.0,4873,26.2
fixation,1438792.7440000772,0.4181528970599174,0.5603322416543961,2.5220993041992186,2.497297668457031,167.0,4874,26.2
fixation,1438976.080000043,0.46913041038946673,0.567034737630324,2.526926214044744,2.4818267822265625,184.0,4875,26.2
fixation,1439326.0890001059,0.5886706090890444,0.5557801792254815,2.4613800048828125,2.441815889798678,217.0,4876,26.2
fixation,1439559.4250000715,0.6365248064200083,0.5525333185990652,2.4539922078450522,2.4479700724283853,200.0,4877,26.2
fixation,1439792.7630000114,0.7143311673089078,0.5533159437932467,2.4953846178556742,2.4595513594777962,317.0,4878,26.2
fixation,1440126.1030000448,0.7548205597060067,0.5546866612774985,2.5271388462611606,2.476224626813616,117.0,4879,26.2
fixation,1440276.1070001125,0.7962424129247665,0.548703882098198,2.5454757690429686,2.4849395751953125,167.0,4880,26.2
fixation,1440542.7770000696,0.24264593091275957,0.6449984378284879,2.52099609375,2.570198906792535,150.0,4881,26.2
fixation,1440709.4470000267,0.21693450441727272,0.6483799127432016,2.5644554725060096,2.5642852783203125,216.0,4882,26.2
fixation,1440959.4510000944,0.28827551007270813,0.6470970279640622,2.4877505832248263,2.5202738444010415,150.0,4883,26.2
fixation,1441142.7880001068,0.35838713496923447,0.6583526253700256,2.5046875,2.495921325683594,167.0,4884,26.2
fixation,1441342.7910000086,0.42084706127643584,0.6667682975530624,2.54583740234375,2.5265625,167.0,4885,26.2
fixation,1441526.1270000935,0.47681661588805063,0.6519964039325714,2.5587256295340404,2.4889439174107144,234.0,4886,26.2
fixation,1441776.131000042,0.5345619564706628,0.6453443196686831,2.498809814453125,2.421476884321733,184.0,4887,26.2
fixation,1441992.8020000458,0.5958121667305628,0.6440693661570549,2.4630330403645835,2.4079068501790366,200.0,4888,26.2
fixation,1442209.4740000963,0.6735141972700754,0.637481007973353,2.430869547526042,2.443343098958333,250.0,4889,26.2
fixation,1442476.1470000744,0.7322158694267273,0.6491180092096329,2.4869842529296875,2.4713623046875,167.0,4890,26.2
fixation,1442659.4790000916,0.7640382548173269,0.6438417782386144,2.5153935750325522,2.4849878946940103,108.0,4891,26.2
fixation,1442909.48300004,0.5890203833580017,0.4005723372101784,2.60667724609375,2.562245178222656,166.0,4892,26.2
fixation,1443292.8250000477,0.6101056818778698,0.3277310855113543,2.7588418813852162,2.670263437124399,209.0,4893,NOTRIAL
fixation,1443542.8310000896,0.6306853619488803,0.260044013234702,2.7967473810369317,2.679473183371804,367.0,4894,NOTRIAL
fixation,1443926.1690000296,0.5717915374981729,0.25004865699692774,2.8160641318873356,2.6898201390316614,317.0,4895,NOTRIAL
fixation,1444259.5,0.49737017708165304,0.2514639102986881,2.847865513392857,2.710688999720982,116.0,4896,NOTRIAL
fixation,1444409.5020000935,0.6075117728289436,0.24901014697902343,2.8540200626148895,2.6809189740349266,283.0,4897,NOTRIAL
fixation,1444709.5170000792,0.6434357816522772,0.25242805819619785,2.8756034157492896,2.7286418568004263,183.0,4898,NOTRIAL
fixation,1444942.8560000658,0.6375378482043743,0.4709108443930745,2.836606025695801,2.7374486923217773,267.0,4899,NOTRIAL
fixation,1445242.8620001078,0.5452339730479501,0.2788193794814023,2.8108575994318183,2.717161698774858,183.0,4900,NOTRIAL
fixation,1445442.8630000353,0.5555092460579343,0.2573252022266388,2.7823927137586804,2.687508477105035,150.0,4901,NOTRIAL
fixation,1445626.199000001,0.5023526102304459,0.2501437266667684,2.7880732218424478,2.7102788289388022,100.0,4902,NOTRIAL
fixation,1445776.2010000944,0.6325101980141231,0.25413442083767485,2.8154569353376115,2.703986031668527,234.0,4903,NOTRIAL
fixation,1446059.5410000086,0.5781860384676192,0.4996487283044391,2.794952392578125,2.6948920355902777,150.0,4904,NOTRIAL
fixation,1446226.2110000849,0.5718005806207657,0.45886016339063646,2.7906707763671874,2.69224853515625,167.0,4905,NOTRIAL
fixation,1446426.2170000076,0.5944043560461565,0.26463829658248206,2.7823666659268467,2.6675581498579546,184.0,4906,NOTRIAL
fixation,1446626.2170000076,0.6227537799965251,0.2556872002103112,2.770559137517756,2.657928466796875,192.0,4907,NOTRIAL
fixation,1447009.5580000877,0.5233671139268314,0.27398721172529106,2.7525616814108456,2.682072358972886,291.0,4908,NOTRIAL
fixation,1447459.566000104,0.560518646524066,0.41038058627219426,2.7561776297433034,2.665991646902902,342.0,4909,NOTRIAL
fixation,1447842.9110000134,0.559967307249705,0.28357719580332436,2.7172841389973956,2.6209136962890627,250.0,4910,NOTRIAL
fixation,1448109.5780000687,0.5148621568313012,0.27093167488391584,2.6871267465444713,2.621525691105769,216.0,4911,NOTRIAL
fixation,1448342.918000102,0.49805329491694766,0.2630292996764183,2.7104721069335938,2.6359430948893228,100.0,4912,NOTRIAL
fixation,1448476.2540000677,0.5543544451395671,0.2556749845544497,2.69195556640625,2.5931060791015623,250.0,4913,NOTRIAL
fixation,1448776.2580000162,0.49912165353695553,0.5828119069337845,2.6757405598958335,2.6190312703450522,100.0,4914,NOTRIAL
fixation,1448909.5930000544,0.36787036806344986,0.700766809284687,2.6661249796549478,2.644395192464193,200.0,4915,NOTRIAL
fixation,1449126.262000084,0.3507916122674942,0.7253808736801147,2.6378555297851562,2.623402404785156,167.0,4916,NOTRIAL
fixation,1449309.6040000916,0.3381761676735348,0.7260809275839064,2.6143018934461804,2.58048333062066,158.0,4917,NOTRIAL
fixation,1449626.2710000277,0.37062619999051094,0.7205822914838791,2.5150146484375,2.490966796875,67.0,4918,NOTRIAL
fixation,1449742.9420000315,0.6019053190946579,0.7038279742002487,2.52554931640625,2.4607818603515623,167.0,4919,NOTRIAL
fixation,1449926.2790000439,0.6490755796432495,0.7209221422672272,2.5453506469726563,2.517222595214844,167.0,4920,NOTRIAL
fixation,1450109.617000103,0.5786456872116436,0.7094323662194338,2.5721504905007104,2.5471080433238638,191.0,4921,NOTRIAL
fixation,1450492.955000043,0.5790746328623398,0.660773903131485,2.571780660878057,2.5590860118036685,383.0,4922,NOTRIAL
fixation,1451076.3000000715,0.5252578854560852,0.7852929532527924,2.4558563232421875,2.5013602120535716,109.0,4923,NOTRIAL
fixation,1451242.9760000706,0.4994924518146685,0.4777629085417305,2.7456229073660716,2.674931389944894,933.0,4924,NOTRIAL
fixation,1452209.6640000343,0.4444315433502197,0.4110495075583458,2.7693472968207464,2.7302729288736978,300.0,4925,FIX_CROS
fixation,1452543.0050001144,0.3850799262523651,0.3857967793941498,2.841644287109375,2.780938720703125,84.0,4926,26.1
fixation,1452659.6730000973,0.28493894785642626,0.42538261860609056,2.83419189453125,2.81187744140625,167.0,4927,26.1
fixation,1452843.012000084,0.2178041011095047,0.4253462001681328,2.768177795410156,2.7683029174804688,167.0,4928,26.1
fixation,1453076.3530000448,0.43884140253067017,0.4244568226012317,2.7790888006036933,2.7044677734375,183.0,4929,26.1
fixation,1453276.3530000448,0.40593787729740144,0.42721331119537354,2.7504669189453126,2.7098236083984375,166.0,4930,26.1
fixation,1453476.3590000868,0.4735744744539261,0.43042839914560316,2.7705322265625,2.6892822265625,166.0,4931,26.1
fixation,1453659.6960000992,0.5151848554611206,0.4280955880880356,2.7357269287109376,2.658062744140625,83.0,4932,26.1
fixation,1453776.3660000563,0.5819541408735163,0.4189927911057192,2.7014088350183822,2.6422361486098347,283.0,4933,26.1
fixation,1454093.03700006,0.6534739346415909,0.411816598088653,2.6636194299768516,2.611581873010706,450.0,4934,26.1
fixation,1454559.71600008,0.682059895992279,0.4123873695731163,2.624766540527344,2.5783035278320314,167.0,4935,26.1
fixation,1454743.05400002,0.7094205130230297,0.41385565020821313,2.6045795787464487,2.5611461292613638,184.0,4936,26.1
fixation,1454943.0550000668,0.7417880958980985,0.41642967859903973,2.6349605984157987,2.5592278374565973,150.0,4937,26.1
fixation,1455126.3960000277,0.7878150320970095,0.42027583718299866,2.653430645282452,2.5702068622295675,216.0,4938,26.1
fixation,1455359.7310000658,0.8184391379356384,0.4144465267658234,2.6554168701171874,2.5729827880859375,83.0,4939,26.1
fixation,1455526.4020000696,0.4554692866171108,0.5190343909403857,2.670833812040441,2.6543991986443016,283.0,4940,26.1
fixation,1455843.077000022,0.5125526264309883,0.5185184832662344,2.6585693359375,2.601367950439453,142.0,4941,26.1
fixation,1456109.75,0.24786685300724848,0.419100821018219,2.5795200892857144,2.5917532784598216,109.0,4942,26.1
fixation,1456259.7490000725,0.20416541450789996,0.4149277050580297,2.6067330496651784,2.600217546735491,233.0,4943,26.1
fixation,1456526.4240000248,0.2693816518241709,0.42257410287857056,2.5712113813920454,2.53973388671875,183.0,4944,26.1
fixation,1456743.0950000286,0.3286345969228184,0.4256412956644507,2.568668141084559,2.5447459501378678,292.0,4945,26.1
fixation,1457243.1000000238,0.5279862239956856,0.5143838316202164,2.661115264892578,2.6275291442871094,334.0,4946,26.1
fixation,1457626.4420000315,0.6141391763320336,0.3397393845594846,2.7535916841947117,2.661497849684495,216.0,4947,NOTRIAL
fixation,1457859.7790000439,0.6326162248122983,0.2704019477454627,2.8208588390815548,2.695312872165587,683.0,4948,NOTRIAL
fixation,1458559.7950000763,0.622762743579714,0.2536241182763326,2.9175101832339636,2.7707025628340873,633.0,4949,NOTRIAL
fixation,1459226.4740000963,0.629526928851479,0.47113879966108424,2.856764943976151,2.7621050382915295,316.0,4950,NOTRIAL
fixation,1459576.4770001173,0.6546680331230164,0.670296797156334,2.7153289794921873,2.648265075683594,166.0,4951,NOTRIAL
fixation,1459759.8180000782,0.6557679735124111,0.7086422070860863,2.713155746459961,2.6154537200927734,141.0,4952,NOTRIAL
fixation,1460376.4950000048,0.6461159139871597,0.7135877406055277,2.6573867797851562,2.5768293900923296,366.0,4953,NOTRIAL
fixation,1460993.1720000505,0.6196476817131042,0.7460689161505017,2.4789537702287947,2.427614484514509,109.0,4954,NOTRIAL
fixation,1461143.1710000038,0.6440177451480519,0.7135831361467188,2.500539606267756,2.4355399391867896,184.0,4955,NOTRIAL
fixation,1461376.5100001097,0.6150437210287366,0.4292689764073917,2.5528128487723216,2.4672927856445312,233.0,4956,NOTRIAL
fixation,1461743.1810001135,0.45845411717891693,1.1352121531963348,,2.4141311645507812,75.0,4957,NOTRIAL
fixation,1461993.1840000153,0.5615403543819081,0.471360213377259,2.692545110529119,2.590352838689631,176.0,4958,NOTRIAL
fixation,1462209.8520001173,0.6258055537939071,0.4276964157819748,2.7852249145507812,2.687682342529297,341.0,4959,NOTRIAL
fixation,1462709.8500000238,0.6329510301351547,0.532544082403183,2.7256439208984373,2.678758239746094,159.0,4960,NOTRIAL
fixation,1462893.1970000267,0.6352503824234009,0.4680909961462021,2.8073236083984376,2.7268246459960936,834.0,4961,NOTRIAL
fixation,1463776.5390000343,0.396233641439014,0.5038634472423129,2.785730997721354,2.786371866861979,150.0,4962,NOTRIAL
fixation,1463943.2070000172,0.36173519045114516,0.49303522109985354,2.7594818115234374,2.752276611328125,167.0,4963,NOTRIAL
fixation,1464176.5390000343,0.6130310992399851,0.46664722512165707,2.7754414876302085,2.672583262125651,200.0,4964,NOTRIAL
fixation,1464409.8740000725,0.49904419062659144,0.4717189730145037,2.7976951599121094,2.7366185188293457,533.0,4965,NOTRIAL
fixation,1464976.55400002,0.49840614428887,0.359591889839906,2.63925053523137,2.590093759390024,216.0,4966,25
fixation,1465243.2240000963,0.3361940234899521,0.8930769860744476,2.1513297341086646,2.2685976895419033,184.0,4967,25
fixation,1465443.2270001173,0.326753212345971,0.8786328468057845,2.2712860107421875,2.3253038194444446,150.0,4968,25
fixation,1465626.5640000105,0.3962950274348259,0.8779859274625779,2.66962890625,2.2785293579101564,166.0,4969,25
fixation,1465809.901000023,0.453025134280324,0.8763161972165108,2.6922779083251953,2.3101768493652344,133.0,4970,25
fixation,1465976.5700000525,0.3269946680349462,0.8690571434357587,2.3699807559742645,2.411329381606158,283.0,4971,25
fixation,1466276.5760000944,0.3647720651193099,0.8738543580878865,2.392342307350852,2.3852109042080967,183.0,4972,25
fixation,1466509.9130001068,0.4008100905588695,0.870090650660651,2.5562853131975447,2.3448050362723216,117.0,4973,25
fixation,1466659.918000102,0.4455917030572891,0.8788437306880951,2.292413330078125,2.4004364013671875,167.0,4974,25
fixation,1466843.2540000677,0.4976138553836129,0.8605416186831214,2.3479420055042612,2.4338198575106533,367.0,4975,25
fixation,1467226.5950000286,0.5277794808149338,0.8580099523067475,2.4727249145507812,2.474528503417969,166.0,4976,25
fixation,1467409.9300000668,0.5708704106509686,0.865518981590867,2.457752227783203,2.4188404083251953,267.0,4977,25
fixation,1467709.9360001087,0.6245691627264023,0.8641861945390701,2.4961669921875,2.4022201538085937,167.0,4978,25
fixation,1467893.2700001001,0.6572418560584387,0.8611696511507034,2.4825642903645835,2.4117024739583335,108.0,4979,25
fixation,1468159.9470000267,0.4839749336242676,0.5256779856152005,2.58512200249566,2.5817718505859375,142.0,4980,25
fixation,1468343.2810000181,0.5016979529307439,0.39644504682375836,2.546732389009916,2.520079392653245,442.0,4981,25
fixation,1468976.6210000515,0.50730818675624,0.44696454041534,2.5757310655381946,2.5515289306640625,142.0,4982,25
fixation,1469159.9630000591,0.4916498977690935,0.5329731069505215,2.585613250732422,2.559520721435547,267.0,4983,25
fixation,1469476.637000084,0.3269715026021004,0.8989177912473678,2.2858596801757813,2.327008056640625,166.0,4984,25
fixation,1469659.9730000496,0.3655979416587136,0.8759270960634405,2.1098466352982954,2.3066461736505683,183.0,4985,25
fixation,1469859.9740000963,0.4149449860507792,0.8741200512105768,2.678408536044034,2.294199163263494,183.0,4986,25
fixation,1470076.6430000067,0.44616683200001717,0.8758554185430208,2.6798604329427085,2.3588053385416665,200.0,4987,25
fixation,1470309.98300004,0.5091377144510095,0.859248773618178,2.1422354958274146,2.3742717396129263,183.0,4988,25
fixation,1470526.6530001163,0.5653536965449651,0.8575598324338595,2.317338307698568,2.3576812744140625,200.0,4989,25
fixation,1470743.3230000734,0.6247383585342994,0.866163466985409,2.4966055063100963,2.400574904221755,217.0,4990,25
fixation,1470976.6600000858,0.6632090045346154,0.8550077875455221,2.5572577582465277,2.4728240966796875,150.0,4991,25
fixation,1471226.668000102,0.4896236367915806,0.5029925586361634,2.6418384752775492,2.6058365671258223,317.0,4992,25
fixation,1471593.3400000334,0.35025898010834405,0.8874942815822103,2.3365551492442256,2.3595760179602583,383.0,4993,25
fixation,1472010.0170000792,0.3815677408128977,0.8769276924431324,2.226766586303711,2.3843860626220703,134.0,4994,25
fixation,1472243.3510000706,0.4477303311228752,0.8702169418334961,2.7014236450195312,2.3842208862304686,174.0,4995,25
fixation,1472593.3600000143,0.4890894027692931,0.5626026413270405,2.575341360909598,2.534173148018973,233.0,4996,25
fixation,1472876.699000001,0.5058794245123863,0.38465766981244087,2.567598342895508,2.523029327392578,267.0,4997,25
fixation,1473193.3730000257,0.5029080510139465,0.30018541117509207,2.581134033203125,2.5461761474609377,250.0,4998,25
fixation,1473510.0450000763,0.6171612867287227,0.8948650104658944,2.5409654889787947,2.4242640904017856,117.0,4999,25
fixation,1473643.381000042,0.626041672446511,0.8632641543041576,2.5458263050426138,2.4230277321555396,183.0,5000,25
fixation,1473843.384000063,0.5627437369389967,0.8505525453524156,2.40545654296875,2.388090653852983,183.0,5001,25
fixation,1474043.3910000324,0.6259632892906666,0.854213260114193,2.4891319274902344,2.402606964111328,141.0,5002,25
fixation,1474510.0650000572,0.524955560763677,0.451764992541737,2.6545037163628473,2.62184821234809,150.0,5003,25
fixation,1474693.4020000696,0.5075457129213545,0.376800290412373,2.683846367730035,2.616185506184896,150.0,5004,25
fixation,1474876.742000103,0.4742492813439596,0.5542387820425487,2.614229474748884,2.579008556547619,350.0,5005,25
fixation,1475260.0810000896,0.4889681213177167,0.609631224320485,2.5109710693359375,2.476854764498197,217.0,5006,25
fixation,1475493.4190000296,0.49869239601221954,0.6286204294724898,2.4239959716796875,2.410031405362216,183.0,5007,25
fixation,1475693.4230000973,0.4723015418276191,0.6060879789292812,2.3981618881225586,2.386442184448242,266.0,5008,25
fixation,1475976.7630000114,0.45261829160153866,0.6074164696037769,2.393341064453125,2.382976531982422,133.0,5009,25
fixation,1476143.4330000877,0.5094782047801547,0.4473230259286033,2.4520975748697915,2.4190521240234375,150.0,5010,25
fixation,1476310.1000000238,0.506025207894189,0.32782838280711857,2.4585560389927457,2.426468985421317,234.0,5011,25
fixation,1476560.105000019,0.513359030851951,0.3653063556322685,2.5121964674729567,2.479785625751202,217.0,5012,25
fixation,1476810.1120001078,0.38892731747844,0.5802337825298309,2.536490700461648,2.544801191850142,184.0,5013,25
fixation,1477026.7810000181,0.4671880714595318,0.5823563084006309,2.4996620178222657,2.4604042053222654,333.0,5014,25
fixation,1477376.790000081,0.4922108912751788,0.6226446585995811,2.534915742420015,2.522223336356027,350.0,5015,25
fixation,1477760.1290000677,0.5536558831992903,0.5403265576613577,2.5555853592722038,2.5238848234477795,325.0,5016,25
fixation,1478260.1390000582,0.5528975183313544,0.564921809868379,2.621554287997159,2.572896784002131,176.0,5017,25
fixation,1478526.810000062,0.46408988535404205,0.8464962748380808,2.721111591045673,2.6620342548076925,217.0,5018,25
fixation,1478793.4760000706,0.5207735151052475,0.5997955799102783,2.8736743927001953,2.7540855407714844,133.0,5019,25
fixation,1478943.4850000143,0.5189121589064598,0.6024830788373947,2.8726806640625,2.7396583557128906,66.0,5020,25
fixation,1479043.4870001078,0.397361664308442,0.6471913092666202,2.857906765407986,2.7820010715060763,150.0,5021,25
fixation,1479226.8230000734,0.44675762703021366,0.6060892790555954,2.8864994049072266,2.7377293904622397,408.0,5022,25
fixation,1479810.1670000553,0.4456803061068058,0.5555004581809044,2.8587966918945313,2.736431121826172,326.0,5023,25
fixation,1480176.84100008,0.5270377759422574,0.5996528629745755,2.8311920166015625,2.7264633178710938,241.0,5024,25
fixation,1480610.182000041,0.514074730873108,0.4734389692544937,2.90213623046875,2.7755386352539064,159.0,5025,25
fixation,1480826.8540000916,0.45126841826872394,0.5908725424246355,2.8501420454545454,2.7405256791548296,367.0,5026,25
fixation,1481226.8590000868,0.48886315524578094,0.6095053992773357,2.694319875616776,2.606746472810444,317.0,5027,25
fixation,1481560.1980000734,0.45203983234731776,0.6184075662964269,2.697847466719778,2.613106978567023,634.0,5028,25
fixation,1482243.5490000248,0.4707836538553238,0.5997502833604813,2.633564758300781,2.543023681640625,166.0,5029,25
fixation,1482426.8880000114,0.46510518139058893,0.488175669177012,2.628456809303977,2.5527822321111504,367.0,5030,25
fixation,1482826.8990000486,0.49896031530464396,0.6331114435897154,2.5323208079618564,2.458143346449908,283.0,5031,25
fixation,1483160.2400000095,0.5533959888494931,0.45225598089970076,2.585299565241887,2.4997394268329325,434.0,5032,25
fixation,1483610.2540000677,0.5663641623088291,0.4194505478654589,2.630652291434152,2.554772513253348,584.0,5033,25
fixation,1484243.6020001173,0.5542642821868261,0.6386075516541799,2.538324991861979,2.5114758809407554,200.0,5034,25
fixation,1484460.2750000954,0.5260567394169894,0.6441781927238811,2.538760098544034,2.506398981267756,184.0,5035,25
fixation,1484660.2830001116,0.5196024477481842,0.5860877949744463,2.5781631469726562,2.5037288665771484,267.0,5036,25
fixation,1484943.6230000257,0.5403221803052085,0.5088211638586861,2.5516815185546875,2.481116158621652,116.0,5037,25
fixation,1485093.6260000467,0.515565796693166,0.3523931592702866,2.5156575520833333,2.472306315104167,250.0,5038,25
fixation,1485360.2990000248,0.5012611448764801,0.3682156524487904,2.5819505964006697,2.5353426252092635,234.0,5039,25
fixation,1485676.9740000963,0.5513522744178772,0.47896122336387636,2.6437957763671873,2.5741241455078123,91.0,5040,25
fixation,1485960.3090000153,0.5011307144319856,0.4466271653964922,2.645603724888393,2.595813107180905,1276.0,5041,25
fixation,1487277.012000084,0.42420317605137825,0.40330775330464047,2.78057861328125,2.7285359700520835,200.0,5042,FIX_CROS
fixation,1487543.6830000877,0.22602634280920028,0.2851191103458405,2.825210571289062,2.769927978515625,83.0,5043,25.2
fixation,1487643.6840000153,0.2050012730062008,0.26466173827648165,2.7253387451171873,2.6738525390625,167.0,5044,25.2
fixation,1487843.6890000105,0.2583954632282257,0.2524018128003393,2.6813485281808034,2.5939222063337053,117.0,5045,25.2
fixation,1487993.6900000572,0.3280413895845413,0.2482639749844869,2.716466267903646,2.6127794053819446,150.0,5046,25.2
fixation,1488177.0270000696,0.36655103663603467,0.24981339648365974,2.7570203145345054,2.6611010233561196,200.0,5047,25.2
fixation,1488393.699000001,0.38603057526052,0.24908128567039967,2.7990493774414062,2.7094173431396484,133.0,5048,25.2
fixation,1488560.3700000048,0.4325301172211766,0.25550328055396676,2.7928104400634766,2.7188024520874023,266.0,5049,25.2
fixation,1488843.7060000896,0.4777454940172342,0.25224509548682433,2.769555898813101,2.7058516282301683,217.0,5050,25.2
fixation,1489093.705000043,0.5151961310343309,0.2480452683838931,2.758035833185369,2.687948053533381,183.0,5051,25.2
fixation,1489310.384000063,0.5839378856695615,0.2462294394007096,2.7716404841496396,2.6716390756460338,216.0,5052,25.2
fixation,1489560.3890000582,0.6507280617952347,0.24713275814428926,2.7696800231933594,2.6744651794433594,266.0,5053,25.2
fixation,1489860.387000084,0.7138034135103226,0.2519794449210167,2.7509170532226563,2.6690765380859376,166.0,5054,25.2
fixation,1490043.7250000238,0.7472242514292399,0.24849447182246617,2.7421497163318453,2.673469906761533,358.0,5055,25.2
fixation,1490577.0760000944,0.694865645840764,0.24848154513165355,2.7278337478637695,2.6411304473876953,267.0,5056,25.2
fixation,1490877.0710000992,0.8261824296070979,0.23001423478126526,2.716578556941106,2.6276831993689904,225.0,5057,25.2
fixation,1491393.7550001144,0.18091180423895517,0.3242792598903179,2.66571044921875,2.60430908203125,192.0,5058,25.2
fixation,1491610.4220000505,0.2409229375422001,0.32168393284082414,2.5935440063476562,2.545477294921875,166.0,5059,25.2
fixation,1491810.4230000973,0.2971038088986748,0.3287820604286696,2.553971943102385,2.516247397974918,316.0,5060,25.2
fixation,1492143.7610000372,0.344366809183901,0.34010332958264783,2.5975813432173296,2.548095703125,183.0,5061,25.2
fixation,1492343.7630000114,0.38342076241970063,0.33724155426025393,2.6048675537109376,2.5514373779296875,91.0,5062,25.2
fixation,1492660.435000062,0.4168818344672521,0.3396684428056081,2.6206181844075522,2.5684967041015625,92.0,5063,25.2
fixation,1492777.0930000544,0.443464222279462,0.3315943493084474,2.662302190607244,2.5965756503018467,184.0,5064,25.2
fixation,1492977.094000101,0.4732636385688595,0.33575384523354324,2.633377673579197,2.5865945255055145,850.0,5065,25.2
fixation,1493893.7710000277,0.24607694216749884,0.3350178165869279,2.639248934659091,2.620938387784091,183.0,5066,25.2
fixation,1494093.776000023,0.2832443799291338,0.3349761153970446,2.7020132882254466,2.6446031842912947,117.0,5067,25.2
fixation,1494243.7780001163,0.20588204140464464,0.3250637426972389,2.6766878763834634,2.6066055297851562,200.0,5068,25.2
fixation,1494477.1130000353,0.2648257563511531,0.32497330754995346,2.7112579345703125,2.6229095458984375,108.0,5069,25.2
fixation,1494727.1150000095,0.308345956603686,0.3320275962352753,2.7123870849609375,2.6334218343098956,242.0,5070,25.2
fixation,1494993.784000039,0.343937403211991,0.3406500381728013,2.7265637715657554,2.631516774495443,200.0,5071,25.2
fixation,1495210.452000022,0.3757724572311748,0.3384495553645221,2.737791581587358,2.6497233997691763,183.0,5072,25.2
fixation,1495427.1220000982,0.42376624047756195,0.3341958870490392,2.753021240234375,2.6525438096788196,158.0,5073,25.2
fixation,1495743.7920000553,0.443715987727046,0.32217993400990963,2.73138427734375,2.6285762786865234,125.0,5074,25.2
fixation,1495893.7940000296,0.4701251728194101,0.3307347499898502,2.7935289655412947,2.6890716552734375,233.0,5075,25.2
fixation,1496143.8090000153,0.48847333513773405,0.33438878105236935,2.7500985952524037,2.671428973858173,217.0,5076,25.2
fixation,1496393.8060001135,0.5237545311450958,0.333603905638059,2.6651641845703127,2.6059773763020835,250.0,5077,25.2
fixation,1496677.1430000067,0.5881009207052343,0.3348699588986004,2.657435697667739,2.603533576516544,284.0,5078,25.2
fixation,1496977.1500000954,0.636907289425532,0.3364834686120351,2.6392025417751737,2.5705091688368054,150.0,5079,25.2
fixation,1497160.4880000353,0.6862522597823825,0.341178654560021,2.652203151157924,2.5888966151646207,233.0,5080,25.2
fixation,1497410.492000103,0.7280671851975578,0.3340182847210339,2.6438424246651784,2.581854684012277,233.0,5081,25.2
fixation,1497677.1710000038,0.7638065583176084,0.3327675378984875,2.62392340766059,2.5478108723958335,150.0,5082,25.2
fixation,1497860.506000042,0.8063163393073611,0.32456300656000775,2.606569078233507,2.52402581108941,150.0,5083,25.2
fixation,1498110.512000084,0.20020202615044333,0.40957843173633923,2.627115423029119,2.628508134321733,183.0,5084,25.2
fixation,1498310.512000084,0.1844919897042788,0.41473616315768314,2.625696035531851,2.5755028357872596,216.0,5085,25.2
fixation,1498543.8520001173,0.22816052536169687,0.4160502145687739,2.5132069905598957,2.4840545654296875,250.0,5086,25.2
fixation,1498810.5250000954,0.2821309566497803,0.4198346346616745,2.5156951904296876,2.492204284667969,166.0,5087,25.2
fixation,1498993.8620001078,0.3205225467681885,0.42299566268920896,2.5380096435546875,2.5198959350585937,167.0,5088,25.2
fixation,1499177.1980000734,0.35772793491681415,0.42072023782465195,2.5474124484592013,2.5311041937934027,300.0,5089,25.2
fixation,1499510.5380001068,0.39894572171297943,0.4227619238875129,2.5557126131924717,2.5461966774680396,183.0,5090,25.2
fixation,1499710.5410000086,0.43475235841776194,0.42732811130975423,2.567275197882401,2.5511787816097864,316.0,5091,25.2
fixation,1500060.5500000715,0.520122641324997,0.4132881373167038,2.5744608561197917,2.535691324869792,250.0,5092,25.2
fixation,1500327.219000101,0.5567728660323403,0.4146527945995331,2.577883633700284,2.525086836381392,184.0,5093,25.2
fixation,1500543.8910000324,0.6001300625503063,0.41329349018633366,2.5907135009765625,2.529796600341797,133.0,5094,25.2
fixation,1500710.560000062,0.44340820954396176,0.42858132834617907,2.5864950326772838,2.5780780498798075,216.0,5095,25.2
fixation,1500943.9000000954,0.48436099588871,0.4218665316700935,2.6124038696289062,2.566290283203125,167.0,5096,25.2
fixation,1501143.9040000439,0.5347868025302887,0.41979999393224715,2.58017578125,2.5296676635742186,167.0,5097,25.2
fixation,1501343.909000039,0.5755182121481214,0.41956331580877304,2.572833469935826,2.529677254813058,233.0,5098,25.2
fixation,1501610.5810000896,0.6285352766513824,0.4119108036160469,2.5675811767578125,2.521759033203125,166.0,5099,25.2
fixation,1501793.9170000553,0.6671996368811681,0.40717917680740356,2.587114774263822,2.535076434795673,217.0,5100,25.2
fixation,1502027.2580000162,0.7114561398824056,0.41218601167201996,2.612835693359375,2.5635396321614583,250.0,5101,25.2
fixation,1502310.5960000753,0.7895436393363136,0.4188774653843471,2.621861049107143,2.5448335920061385,233.0,5102,25.2
fixation,1502677.2700001001,0.20526459481981066,0.528600393070115,2.598749796549479,2.598637898763021,300.0,5103,25.2
fixation,1503010.614000082,0.266570832580328,0.516248919069767,2.524836222330729,2.505193074544271,200.0,5104,25.2
fixation,1503243.9510000944,0.3162957493747984,0.5220273094517844,2.463435581752232,2.4541244506835938,233.0,5105,25.2
fixation,1503493.9570000172,0.3537699480851491,0.5215071638425192,2.497394561767578,2.500158945719401,200.0,5106,25.2
fixation,1503710.6290000677,0.38732522130012514,0.5195602744817733,2.5326690673828125,2.5429061889648437,166.0,5107,25.2
fixation,1503893.969000101,0.4332636833190918,0.5155322641134262,2.551930236816406,2.5386627197265623,167.0,5108,25.2
fixation,1504077.307000041,0.5018968731164932,0.5199552880866187,2.545027596609933,2.5398853846958707,234.0,5109,25.2
fixation,1504343.9790000916,0.5479351108272871,0.5111037989457449,2.5480639139811196,2.5230204264322915,200.0,5110,25.2
fixation,1504577.3180000782,0.6173378910337176,0.5071978600961822,2.5291061401367188,2.516228812081473,234.0,5111,25.2
fixation,1504827.3210000992,0.6582402331488473,0.5023588005985532,2.5227835518973216,2.5172903878348216,234.0,5112,25.2
fixation,1505110.6630001068,0.7579713761806488,0.5140371558566889,2.523059844970703,2.480712890625,208.0,5113,25.2
fixation,1505710.6750000715,0.20641494121240533,0.5998643442340519,2.5586149796195654,2.5650110659391983,383.0,5114,25.2
fixation,1506127.3510000706,0.16404654544133407,0.6041727868410257,2.5028721736027646,2.5029273399939904,216.0,5115,25.2
fixation,1506377.35800004,0.24703745109339556,0.603370209534963,2.4852778116861978,2.47711181640625,200.0,5116,25.2
fixation,1506594.0280001163,0.28321583569049835,0.5998123973608017,2.5035614013671874,2.4813323974609376,167.0,5117,25.2
fixation,1506777.3620001078,0.3326445867617925,0.6099687293171883,2.5370216369628906,2.5343907674153647,200.0,5118,25.2
fixation,1507010.702000022,0.39292413944547827,0.6092036041346464,2.5237079967151987,2.513735684481534,183.0,5119,25.2
fixation,1507210.7060000896,0.4300811250101436,0.6169890300794081,2.535003662109375,2.499295321377841,183.0,5120,25.2
fixation,1507410.7060000896,0.4721211478114128,0.6181940943002701,2.5213699340820312,2.4785446166992187,167.0,5121,25.2
fixation,1507610.7120000124,0.538445845246315,0.6131073236465454,2.502466837565104,2.4763031005859375,108.0,5122,25.2
fixation,1507960.719000101,0.18787415511906147,0.6127492114901543,2.5223388671875,2.5164527893066406,67.0,5123,25.2
fixation,1508127.3910000324,0.7984899361928304,0.5124504278103511,2.580296834309896,2.456090291341146,250.0,5124,25.2
fixation,1508427.3940000534,0.5691130816936493,0.5926180005073547,2.530328369140625,2.520280456542969,166.0,5125,25.2
fixation,1508627.398000002,0.6659147441387177,0.598481191529168,2.564580281575521,2.510859171549479,150.0,5126,25.2
fixation,1508810.7340000868,0.7459810562431812,0.6050946656614542,2.5779457092285156,2.5154151916503906,267.0,5127,25.2
fixation,1509110.7410000563,0.7932849744955699,0.6069294810295105,2.591655476888021,2.519600423177083,250.0,5128,25.2
fixation,1509444.080000043,0.26506714251908386,0.7193576828999952,2.5636846368963067,2.5737235329367896,184.0,5129,25.2
fixation,1509644.0840001106,0.24822006300091742,0.7185258001089097,2.6025360107421873,2.561181640625,167.0,5130,25.2
fixation,1509827.4230000973,0.302897219147001,0.7114635493074145,2.513702392578125,2.487329755510603,233.0,5131,25.2
fixation,1510077.4260001183,0.3724868278950453,0.7095197979360819,2.499882698059082,2.4836902618408203,266.0,5132,25.2
fixation,1510377.4300000668,0.4378155767917633,0.7063271658761161,2.455357142857143,2.5060326712472096,233.0,5133,25.2
fixation,1510627.4370000362,0.4978988530735175,0.7081637606024742,2.480149586995443,2.5013961791992188,200.0,5134,25.2
fixation,1510860.7710000277,0.5629191224773725,0.6958682760596275,2.5005620320638022,2.5063247680664062,200.0,5135,25.2
fixation,1511077.4430000782,0.6001058250665665,0.6962159007787705,2.492279052734375,2.49613037109375,166.0,5136,25.2
fixation,1511260.7790000439,0.5359461069107055,0.692973397175471,2.50343017578125,2.5131072998046875,250.0,5137,25.2
fixation,1511527.4510000944,0.5904462167194912,0.6939298212528229,2.490179879324777,2.4883248465401784,116.0,5138,25.2
fixation,1511677.4560000896,0.6423213915391401,0.7011509158394553,2.5310003107244317,2.498789007013494,183.0,5139,25.2
fixation,1511877.4590001106,0.6877672361290973,0.7004015588242075,2.5518148671025815,2.5095175038213315,383.0,5140,25.2
fixation,1512277.46600008,0.6719930782914162,0.6974666908383369,2.5073776245117188,2.489440155029297,333.0,5141,25.2
fixation,1512627.4760000706,0.7253188515702883,0.7044271032015482,2.5313504536946616,2.505029042561849,200.0,5142,25.2
fixation,1512844.1450001001,0.7590681413809458,0.7048370391130447,2.5503921508789062,2.5253168741861978,108.0,5143,25.2
fixation,1513160.8180000782,0.4515695907175541,0.4246839117258787,2.604837417602539,2.61553955078125,125.0,5144,25.2
fixation,1513344.1530001163,0.34153430944397334,0.33706880041531156,2.673649379185268,2.636870611281622,350.0,5145,25.2
fixation,1513727.492000103,0.45342201325628495,0.2888867672946718,2.654781765407986,2.59519280327691,150.0,5146,NOTRIAL
fixation,1513910.8310000896,0.5688571681578954,0.26561289280653,2.6916936238606772,2.6002324422200522,100.0,5147,NOTRIAL
fixation,1514044.1630001068,0.6208458196732306,0.2596760800769252,2.7622577298072075,2.6697249873991935,517.0,5148,NOTRIAL
fixation,1514610.8450000286,0.47500872205604205,0.2542248226024888,2.7775809548117896,2.701438210227273,183.0,5149,NOTRIAL
fixation,1514810.8490000963,0.4913777626223034,0.25441785984569126,2.8128594292534723,2.7034437391493054,150.0,5150,NOTRIAL
fixation,1514994.1860001087,0.65129753947258,0.4638057813048363,2.847727966308594,2.693743896484375,167.0,5151,NOTRIAL
fixation,1515177.5200001001,0.6276980042457581,0.47514435107057745,2.833493319424716,2.6974223743785513,183.0,5152,NOTRIAL
fixation,1515410.8590000868,0.5023514304090949,0.26513473338940563,2.7849273681640625,2.6787997975068936,291.0,5153,NOTRIAL
fixation,1515910.8710000515,0.6417275415017054,0.4732587245794443,2.7905954214242787,2.676568838266226,209.0,5154,NOTRIAL
fixation,1516160.875,0.6133580483772136,0.4806296588094146,2.764126247829861,2.651960019712095,450.0,5155,NOTRIAL
fixation,1516627.5470000505,0.5960284331265617,0.4765052663929322,2.6831162396599266,2.618769926183364,283.0,5156,NOTRIAL
fixation,1516944.2250000238,0.5657422145207723,0.46440862947040135,2.684599134657118,2.6132744683159723,150.0,5157,NOTRIAL
fixation,1517110.8920000792,0.4974457373221715,0.4603620121876399,2.675643073187934,2.6331058078342013,308.0,5158,NOTRIAL
fixation,1517694.2370001078,0.649242850450369,0.7234679300051469,2.584973848783053,2.52090336726262,217.0,5159,NOTRIAL
fixation,1517977.5750000477,0.3394277449697256,0.733163982629776,2.591806411743164,2.58319091796875,133.0,5160,NOTRIAL
fixation,1518144.2450000048,0.5932390963037809,0.696713296075662,2.5526046752929683,2.489373524983724,200.0,5161,NOTRIAL
fixation,1518360.918000102,0.5776911838488146,0.6904523020440881,2.5254405628551138,2.489766901189631,183.0,5162,NOTRIAL
fixation,1518577.5870000124,0.5341820977628231,0.6981751099228859,2.586904525756836,2.5329246520996094,133.0,5163,NOTRIAL
fixation,1518727.5880000591,0.5731350960476058,0.6932324330721583,2.563053676060268,2.5204740251813615,474.0,5164,NOTRIAL
fixation,1519394.2660000324,0.49613045404354733,0.5338223998745283,2.686537424723307,2.641465504964193,192.0,5165,NOTRIAL
fixation,1519627.6030000448,0.6089060372776456,0.5326283011171553,2.7254825168185763,2.640289306640625,150.0,5166,NOTRIAL
fixation,1519827.6090000868,0.511831745505333,0.46431013867259024,2.731462097167969,2.6550384521484376,333.0,5167,FIX_CROS
fixation,1520177.6150000095,0.4920094919701417,0.4618589406212171,2.712553024291992,2.648691177368164,400.0,5168,FIX_CROS
fixation,1520594.2910000086,0.44973954623160156,0.4225921533677889,2.6927490234375,2.6543154509171196,384.0,5169,FIX_CROS
fixation,1521110.955000043,0.22188828637202582,0.23569892760780123,2.566153632269965,2.533289591471354,300.0,5170,25.1
fixation,1521444.3010001183,0.26556604355573654,0.21642378345131874,2.590513229370117,2.5175819396972656,134.0,5171,25.1
fixation,1521610.9710000753,0.33347363118082285,0.21309298370033503,2.6677541732788086,2.5982208251953125,267.0,5172,25.1
fixation,1521910.9760000706,0.4039014255007108,0.22259153301517168,2.7328974405924478,2.656224568684896,100.0,5173,25.1
fixation,1522044.3120000362,0.46215132222725797,0.2198771616587272,2.760498046875,2.6551595834585338,217.0,5174,25.1
fixation,1522294.3140000105,0.5269962504506112,0.21819283850491047,2.7741676330566407,2.6715415954589843,334.0,5175,25.1
fixation,1522660.9850000143,0.5635252526173224,0.21543257167706123,2.7445033146784854,2.6532980111929088,217.0,5176,25.1
fixation,1522910.9870001078,0.6233333498239517,0.21129921078681946,2.749919891357422,2.6548080444335938,75.0,5177,25.1
fixation,1523027.6550000906,0.6259166044848306,0.2101451147879873,2.7602321079799106,2.669274466378348,108.0,5178,25.1
fixation,1523160.9900000095,0.6600806925977979,0.21005010179110936,2.7351488385881697,2.6294686453683034,117.0,5179,25.1
fixation,1523310.9930000305,0.7164033736501422,0.20727729690926416,2.715092250279018,2.6034164428710938,233.0,5180,25.1
fixation,1523577.6610000134,0.7851632034236734,0.19311801445755092,2.7201718417080967,2.620504205877131,367.0,5181,25.1
fixation,1523961.0010000467,0.81959296975817,0.19736151610101973,2.7042999267578125,2.619685581752232,117.0,5182,25.1
fixation,1524194.3370000124,0.1972862298672016,0.28748885140969205,2.6848848783052883,2.699156541090745,216.0,5183,25.1
fixation,1524427.6740000248,0.23631490841507913,0.2902876853942871,2.744842529296875,2.6449325561523436,167.0,5184,25.1
fixation,1524627.6740000248,0.28597062453627586,0.282792404294014,2.6286468505859375,2.588214874267578,267.0,5185,25.1
fixation,1524911.0140000582,0.3296373263001442,0.2864254955202341,2.6164321899414062,2.5857677459716797,134.0,5186,25.1
fixation,1525061.0140000582,0.38548873644322157,0.2929513230919838,2.6040000915527344,2.5710744857788086,267.0,5187,25.1
fixation,1525361.0160000324,0.44160171300172807,0.2921930134296417,2.6144363403320314,2.581071472167969,167.0,5188,25.1
fixation,1525544.3490000963,0.48588824421167376,0.2934761941432953,2.6302536010742186,2.5913101196289063,166.0,5189,25.1
fixation,1525744.3540000916,0.5559298739983485,0.2908136374675311,2.617132333608774,2.5625340388371396,216.0,5190,25.1
fixation,1525977.6940000057,0.5109931964140672,0.29195862206128925,2.607818603515625,2.5690988393930287,217.0,5191,25.1
fixation,1526227.6980000734,0.6161490107576052,0.28371839721997577,2.604994455973307,2.530406951904297,200.0,5192,25.1
fixation,1526444.3680000305,0.6566454849459908,0.289902234619314,2.629628961736506,2.5535833185369317,183.0,5193,25.1
fixation,1526644.3740000725,0.7377614229917526,0.29681695039783207,2.680072239467076,2.6007003784179688,233.0,5194,25.1
fixation,1526911.043000102,0.7912876531481743,0.2912615854293108,2.725252151489258,2.6052932739257812,134.0,5195,25.1
fixation,1527161.0480000973,0.19352294070025286,0.39037731165687245,2.724421183268229,2.7122586568196616,200.0,5196,25.1
fixation,1527377.7200000286,0.24976912208578803,0.381970691409978,2.7357663241299717,2.6519775390625,183.0,5197,25.1
fixation,1527594.390000105,0.3486922885242261,0.3890125084864466,2.6256721898129114,2.5755583110608553,316.0,5198,25.1
fixation,1527927.730000019,0.38272636259595555,0.38359349966049194,2.606609344482422,2.569390614827474,200.0,5199,25.1
fixation,1528144.4030001163,0.43219841830432415,0.38134104013442993,2.5920276641845703,2.5602893829345703,133.0,5200,25.1
fixation,1528311.0710000992,0.3479534150923,0.380357027053833,2.5871770522173714,2.5762966380399814,284.0,5201,25.1
fixation,1528611.0760000944,0.3894284980164634,0.38010115259223515,2.5886942545572915,2.5533854166666665,158.0,5202,25.1
fixation,1529261.0880000591,0.4322145740191142,0.38415923019250237,2.6731048583984376,2.609296671549479,250.0,5203,25.1
fixation,1529527.759000063,0.4734694700349461,0.3769690028645776,2.5913224653764204,2.511055686257102,183.0,5204,25.1
fixation,1529727.762000084,0.5173582409818968,0.37283746401468915,2.558399200439453,2.5026842753092446,200.0,5205,25.1
fixation,1529961.1000000238,0.5842061887184778,0.3753070967892806,2.569660186767578,2.500574747721354,200.0,5206,25.1
fixation,1530177.7720000744,0.632538394016378,0.3682098160771763,2.5665166518267464,2.504525577320772,291.0,5207,25.1
fixation,1530694.4470000267,0.639178210071155,0.37413175084761213,2.6120986938476562,2.5229404994419644,225.0,5208,25.1
fixation,1530961.1210000515,0.5615159604284499,0.3792056300573879,2.6467658148871527,2.5736397637261286,300.0,5209,25.1
fixation,1531277.793000102,0.5804318338632584,0.3763422563672066,2.647264099121094,2.5681610107421875,167.0,5210,25.1
fixation,1531461.131000042,0.617138041390313,0.37111006677150726,2.66257561577691,2.5757005479600696,150.0,5211,25.1
fixation,1531627.8010001183,0.6439176375667254,0.3747439744571845,2.6869099934895835,2.596996307373047,200.0,5212,25.1
fixation,1531844.4750000238,0.6825245700099252,0.3688966008749875,2.7050947709517046,2.6077034690163354,183.0,5213,25.1
fixation,1532061.1460000277,0.7362371228243175,0.3756875434988423,2.6857588918585527,2.6044134842722038,317.0,5214,25.1
fixation,1532411.1530001163,0.7903202697634697,0.3707421850413084,2.677906036376953,2.5927581787109375,134.0,5215,25.1
fixation,1532644.4930000305,0.2042586406071981,0.4541112283865611,2.6547003851996527,2.67667473687066,300.0,5216,25.1
fixation,1532961.1670000553,0.18434663252397018,0.4596031673929908,2.6171417236328125,2.5939386541193183,184.0,5217,25.1
fixation,1533177.8360000849,0.31499009969688596,0.4703345426491329,2.547177269345238,2.532929193405878,350.0,5218,25.1
fixation,1533561.1810001135,0.36872508625189465,0.47097084720929466,2.56221923828125,2.525346883138021,250.0,5219,25.1
fixation,1533827.85800004,0.39870760696274893,0.47141145169734955,2.5567190987723216,2.5180773053850447,125.0,5220,25.1
fixation,1534177.8630000353,0.6878055206366948,0.47291512148720877,2.590918404715402,2.534700666155134,109.0,5221,25.1
fixation,1534311.1980000734,0.7011814042925835,0.46470560133457184,2.6189727783203125,2.5599021911621094,67.0,5222,25.1
fixation,1534394.5350000858,0.6597379644711813,0.46723175918062526,2.6120084126790366,2.5648880004882812,200.0,5223,25.1
fixation,1534677.875,0.23553453013300896,0.5962931543588639,2.525970458984375,2.569342041015625,167.0,5224,25.1
fixation,1535011.2170000076,0.21813372357024086,0.5547364155451456,2.540006849500868,2.5556182861328125,150.0,5225,25.1
fixation,1535177.8890000582,0.1906324862079187,0.5645799799398943,2.517770940607244,2.524050625887784,183.0,5226,25.1
fixation,1535377.8930000067,0.250098983446757,0.5493290175994238,2.4877408345540366,2.5066731770833335,200.0,5227,25.1
fixation,1535611.2310000658,0.29753393679857254,0.5586856484413147,2.4616378784179687,2.505055236816406,167.0,5228,25.1
fixation,1535794.5700000525,0.33575869103272754,0.5546975575742268,2.4799317859468006,2.5268758138020835,350.0,5229,25.1
fixation,1536177.9110000134,0.29316079002969403,0.5607373328769908,2.5126109403722428,2.504238353056066,283.0,5230,25.1
fixation,1536477.9170000553,0.33643140537398203,0.5501829215458461,2.4766322544642856,2.474456787109375,125.0,5231,25.1
fixation,1536794.5890001059,0.37254427187144756,0.5538554973900318,2.477090835571289,2.4794559478759766,133.0,5232,25.1
fixation,1537211.2640000582,0.43063809126615527,0.5668634384870529,2.508744812011719,2.49229736328125,159.0,5233,25.1
fixation,1537394.6010000706,0.452279631793499,0.5704675853252411,2.5073486328125,2.4865768432617186,166.0,5234,25.1
fixation,1537577.9370000362,0.49631325321065056,0.5692020820246803,2.4263398912217884,2.4028455946180554,300.0,5235,25.1
fixation,1537894.6100000143,0.5170296554764112,0.5628528967499733,2.4263827006022134,2.4058685302734375,200.0,5236,25.1
fixation,1538111.2770000696,0.5855358839035034,0.5539152513850819,2.3999786376953125,2.412680886008523,184.0,5237,25.1
fixation,1538327.9500000477,0.6296808123588562,0.5482359031836191,2.430143568250868,2.43170166015625,150.0,5238,25.1
fixation,1538511.2880001068,0.5100178823751562,0.6463993033942055,2.3933213177849266,2.4425632252412686,284.0,5239,25.1
fixation,1538811.2960000038,0.5350394890858576,0.6488876273998847,2.403202937199519,2.415386493389423,217.0,5240,25.1
fixation,1539044.6320000887,0.5925036370754242,0.6407347646626559,2.3946366743607954,2.3946075439453125,183.0,5241,25.1
fixation,1539261.3010001183,0.6491504609584808,0.6405371671373193,2.375753229314631,2.39422607421875,184.0,5242,25.1
fixation,1539461.307000041,0.6895399804298694,0.6381621131530175,2.3878643329326925,2.405114980844351,217.0,5243,25.1
fixation,1539711.3110001087,0.736626165608565,0.645778606335322,2.448040008544922,2.431884765625,200.0,5244,25.1
fixation,1539927.98300004,0.7840743698179722,0.6487396769225597,2.478048324584961,2.439417839050293,267.0,5245,25.1
fixation,1540211.3220000267,0.8027561406294504,0.652808215883043,2.481296115451389,2.45786370171441,150.0,5246,25.1
fixation,1540444.6580001116,0.40584321402841145,0.7588737888468636,2.4143413967556424,2.464267306857639,300.0,5247,25.1
fixation,1540794.6610000134,0.5353579521179199,0.7376961157872126,2.3510460486778846,2.3673976017878604,216.0,5248,25.1
fixation,1541044.668000102,0.6762361447016398,0.730908993879954,2.4965972900390625,2.4349680582682294,250.0,5249,25.1
fixation,1541328.006000042,0.6069252409718253,0.7344116053797982,2.4920723655007104,2.4793021462180396,184.0,5250,25.1
fixation,1541528.012000084,0.6338328633989606,0.7301650983946664,2.542085920061384,2.4803597586495534,125.0,5251,NOTRIAL
fixation,1541828.0160000324,0.5611941771847861,0.24698211146252497,2.661165509905134,2.5904737200055803,109.0,5252,NOTRIAL
fixation,1541978.015000105,0.6279061198234558,0.2469900538523992,2.7552337646484375,2.6389394124348957,258.0,5253,NOTRIAL
fixation,1542378.0250000954,0.6271045256142664,0.2563196544845899,2.8262691305141256,2.721536655618687,1642.0,5254,NOTRIAL
fixation,1544061.3930000067,0.6180349762241045,0.43652283276120823,2.880457560221354,2.7875938415527344,200.0,5255,NOTRIAL
fixation,1544278.0620000362,0.6393122285604477,0.46159720301628115,2.8086337280273437,2.7310986328125,834.0,5256,NOTRIAL
fixation,1545144.7470000982,0.6557584960352291,0.7122750485485251,2.6969486583362925,2.6338695179332388,375.0,5257,NOTRIAL
fixation,1545778.0930000544,0.6520397305488587,0.692258095741272,2.6897613525390627,2.6333892822265623,92.0,5258,NOTRIAL
fixation,1546061.42900002,0.5273360929318837,0.8156665712594986,2.658940996442522,2.6077499389648438,225.0,5259,NOTRIAL
fixation,1546328.1030000448,0.586469978094101,0.7033011350366805,2.679926554361979,2.58388434516059,150.0,5260,NOTRIAL
fixation,1546528.1060000658,0.5874481797218323,0.39715635403990746,2.722064208984375,2.67628173828125,334.0,5261,NOTRIAL
fixation,1546878.10800004,0.6260033670280661,0.44933365125741276,2.715286527361189,2.6694273267473494,942.0,5262,NOTRIAL
fixation,1548294.8050000668,0.5696600648489866,0.4718116535381837,2.7520016756924717,2.6863139759410513,175.0,5263,NOTRIAL
fixation,1548494.8060001135,0.501672777746405,0.46662511037928717,2.842043195452009,2.7563890729631697,233.0,5264,NOTRIAL
fixation,1548744.8110001087,0.5175160119930903,0.46780284444491066,2.666991678873698,2.589336649576823,500.0,5265,NOTRIAL
fixation,1549278.1610000134,0.4178312662988901,0.2830544039607048,2.648164749145508,2.60565185546875,134.0,5266,3
fixation,1549428.1630001068,0.38245190028101206,0.26621256675571203,2.7060070037841797,2.666074752807617,267.0,5267,3
fixation,1549711.503000021,0.41245046655337014,0.26914653877417244,2.7376810709635415,2.669852701822917,250.0,5268,3
fixation,1549978.1730000973,0.44020706166823703,0.27182616541783017,2.722630818684896,2.666631062825521,300.0,5269,3
fixation,1550311.5130000114,0.39082745492458343,0.2656778532266617,2.6919708251953125,2.64008056640625,416.0,5270,3
fixation,1550744.8540000916,0.42062258124351504,0.268978089094162,2.707875061035156,2.6281768798828127,167.0,5271,3
fixation,1550944.8570001125,0.4557180222537782,0.2704258014758428,2.711610582139757,2.6551751030815973,150.0,5272,3
fixation,1551128.1960000992,0.4937536461012704,0.2716753791485514,2.745190211704799,2.6602881295340404,234.0,5273,3
fixation,1551394.8700000048,0.5344844719637996,0.26269344499577646,2.7576705269191577,2.648623259171196,391.0,5274,3
fixation,1552228.2260000706,0.5746325584394592,0.2715478166937828,2.8246449061802457,2.6977511814662387,459.0,5275,3
fixation,1552711.577000022,0.5949916442235311,0.2611410824788941,2.7271830240885415,2.6165534125434027,150.0,5276,3
fixation,1552878.2460000515,0.5811721483866373,0.2590756043791771,2.6917241414388022,2.6143519083658853,100.0,5277,3
fixation,1552994.9140000343,0.6032385565340519,0.2613278115168214,2.6883678436279297,2.6097183227539062,133.0,5278,3
fixation,1553178.2520000935,0.3832622468471527,0.2926437631249428,2.7308483123779297,2.699342727661133,267.0,5279,3
fixation,1553461.5950000286,0.4265397168695927,0.2909323267638683,2.7224578857421875,2.680891418457031,333.0,5280,3
fixation,1553811.6040000916,0.39094383352332646,0.2864249563879437,2.720525105794271,2.6912977430555554,150.0,5281,3
fixation,1553994.9440000057,0.4454406301180522,0.28946687115563285,2.7727525499131946,2.708521525065104,150.0,5282,3
fixation,1554161.617000103,0.48480186197492814,0.2951443874173694,2.8155517578125,2.754764133029514,150.0,5283,3
fixation,1554378.2890000343,0.40836670781884876,0.9169793001243046,2.750124250139509,2.688544137137277,117.0,5284,3
fixation,1554511.6240000725,0.3889686026506954,0.8822839640908771,2.709548102484809,2.6597552829318576,300.0,5285,3
fixation,1554828.2990000248,0.4479344127078851,0.8746040513118108,2.56427001953125,2.521575927734375,200.0,5286,3
fixation,1555061.6430000067,0.519658995171388,0.8486059432228407,2.4912185668945312,2.4696833292643228,200.0,5287,3
fixation,1555278.3140000105,0.5724159002304077,0.8574388086795807,2.4846099853515624,2.468572998046875,92.0,5288,3
fixation,1555844.9960000515,0.48420865535736085,0.4262047991156578,2.766229248046875,2.716200256347656,167.0,5289,3
fixation,1556045.0010000467,0.4018270894885063,0.27970217913389206,2.8472747802734375,2.7698028564453123,175.0,5290,3
fixation,1556428.3400000334,0.47218588420322966,0.8586738407611847,2.635896955217634,2.6215711321149553,108.0,5291,3
fixation,1556561.6780000925,0.5525171075548444,0.8532959478242057,2.6047276088169644,2.577946254185268,233.0,5292,3
fixation,1556828.3490000963,0.6171139518419901,0.8629071931044261,2.649733479817708,2.5539510091145834,250.0,5293,3
fixation,1557128.3560000658,0.44961682707071304,0.8535687699913979,2.5862503051757812,2.593526840209961,133.0,5294,3
fixation,1557295.0270000696,0.3667307482524352,0.8753194944425062,2.5915901877663354,2.6234255704012783,184.0,5295,3
fixation,1557495.0310000181,0.4279764875769615,0.8764955282211304,2.619343566894531,2.6313156127929687,167.0,5296,3
fixation,1557678.3680000305,0.49245222955942153,0.8613691717386246,2.583912658691406,2.5887664794921874,166.0,5297,3
fixation,1557878.3700000048,0.5658245061834654,0.8576326544086138,2.5958264668782554,2.5654932657877603,200.0,5298,3
fixation,1558145.0440000296,0.4247672160466512,0.3046826869249344,2.836461385091146,2.796478271484375,150.0,5299,3
fixation,1558311.7130000591,0.3819792937487364,0.2643988933414221,3.002024459838867,2.8821395874023437,667.0,5300,3
fixation,1559011.7210000753,0.4807945191860199,0.38091300510697895,3.033350626627604,2.8702214558919272,300.0,5301,3
fixation,1559345.0650000572,0.3853161305189133,0.27649447818597156,3.0494394938151044,2.9110432942708333,250.0,5302,3
fixation,1559611.7380000353,0.4316996708512306,0.27917967922985554,3.0488929748535156,2.879204750061035,267.0,5303,3
fixation,1559895.0730000734,0.40742555047784534,0.27024585008621216,2.999871390206473,2.8554774693080356,125.0,5304,3
fixation,1560211.7440000772,0.4495469949075154,0.28344361909798216,2.9703456333705356,2.872460501534598,109.0,5305,3
fixation,1560345.0890001059,0.48228275527556735,0.27938313368293977,2.990353054470486,2.8875028822157116,300.0,5306,3
fixation,1560678.4200000763,0.4514685846292056,0.27887623470563155,2.8926168588491588,2.8305206298828125,216.0,5307,3
fixation,1560911.759000063,0.4933503791689873,0.27769236266613007,2.8841522216796873,2.8145416259765623,167.0,5308,3
fixation,1561095.0950000286,0.5358059331774712,0.26806750024358433,2.8745269775390625,2.814533233642578,200.0,5309,3
fixation,1561328.432000041,0.5611222870647907,0.2688594330102205,2.8530054092407227,2.797344207763672,266.0,5310,3
fixation,1561628.435000062,0.6020454955952508,0.2647691879953657,2.8201708112444197,2.7689830235072543,233.0,5311,3
fixation,1561911.776000023,0.3842979977528254,0.2979839106400808,2.8306599934895833,2.851182047526042,250.0,5312,3
fixation,1562195.1130000353,0.41343653552672444,0.29484132195220275,2.8231264002182903,2.7836537080652572,292.0,5313,3
fixation,1562661.78700006,0.4765937337651849,0.2920920429751277,2.79561710357666,2.769712448120117,259.0,5314,3
fixation,1562961.7890000343,0.5279066047885201,0.2898948287422007,2.810831243341619,2.7662478360262783,183.0,5315,3
fixation,1563161.7920000553,0.5513109773397445,0.29227205067873,2.7415985107421874,2.7096649169921876,167.0,5316,3
fixation,1563345.1290000677,0.5763698220252991,0.2895357029305564,2.7331695556640625,2.71128167046441,300.0,5317,3
fixation,1563661.8000000715,0.5456800247941699,0.28854829498699736,2.7502920968191966,2.7289821079799106,117.0,5318,3
fixation,1563795.1350001097,0.4953975101050578,0.29455384612083435,2.756056936163651,2.7429255435341284,634.0,5319,3
fixation,1564445.1450001001,0.5390407795255835,0.28952324525876477,2.7690540660511362,2.7273198908025567,184.0,5320,3
fixation,1564645.1570000648,0.5637211460013722,0.29054104346175524,2.799101718636446,2.760333393895349,725.0,5321,3
fixation,1565528.4940000772,0.5555694071870101,0.2930491009825154,2.839359484220806,2.7862139250102795,308.0,5322,3
fixation,1565861.833000064,0.5739340714432977,0.2876114100217819,2.774810791015625,2.727071588689631,367.0,5323,3
fixation,1566261.8430000544,0.6097443252801895,0.2862698708971341,2.732288360595703,2.683434804280599,200.0,5324,3
fixation,1566495.1870000362,0.4649060070514679,0.3123393344382445,2.7550201416015625,2.7556724548339844,200.0,5325,3
fixation,1566711.8510000706,0.44904662668704987,0.3137933896346526,2.7947235107421875,2.75830078125,183.0,5326,3
fixation,1566911.8530000448,0.5061046163241069,0.309715669353803,2.7864410400390627,2.7352091471354165,250.0,5327,3
fixation,1567178.5330001116,0.47968614630160794,0.3389859910934202,2.785521968718498,2.735681841450353,516.0,5328,3
fixation,1567728.5450000763,0.49037867669875806,0.4142652520766625,2.76156498835637,2.712403517503005,216.0,5329,3
fixation,1567995.2170000076,0.40424871870449613,0.8749758090291705,2.5123073032924106,2.5806993756975447,117.0,5330,3
fixation,1568128.5530000925,0.38233747671950946,0.8699484684250571,2.5665768710049717,2.608804876154119,183.0,5331,3
fixation,1568345.2240000963,0.4352756159173118,0.8797703882058462,2.468232896592882,2.523812188042535,150.0,5332,3
fixation,1568528.560000062,0.5129448717290704,0.8650645342740145,2.3113153631036933,2.4405406605113638,183.0,5333,3
fixation,1568745.230000019,0.5691038966178894,0.8596646359988621,2.3422328404017856,2.407324654715402,117.0,5334,3
fixation,1568878.5670000315,0.6219537804524103,0.8632744948069254,2.4666061401367188,2.459660847981771,100.0,5335,3
fixation,1569061.9040000439,0.3668981149792671,0.31500499695539474,2.687117004394531,2.704969787597656,167.0,5336,3
fixation,1569245.2400000095,0.3831356012302896,0.273182670707288,2.7339066215183423,2.717185642408288,384.0,5337,3
fixation,1569645.2450000048,0.4138332800223277,0.27213309476008785,2.7364830603966346,2.714874267578125,217.0,5338,3
fixation,1569878.5840001106,0.4365257263183594,0.2818520814180374,2.7684951782226563,2.7421234130859373,166.0,5339,3
fixation,1570061.9200000763,0.40063489601016045,0.27061112721761066,2.800989786783854,2.7591272989908853,208.0,5340,3
fixation,1570478.5950000286,0.4496581947261637,0.28047501905397937,2.7988239635120737,2.736996737393466,183.0,5341,3
fixation,1570678.6010000706,0.4766842484474182,0.2791265621781349,2.844221496582031,2.7747711181640624,166.0,5342,3
fixation,1570861.9360001087,0.448016881942749,0.2750547379255295,2.815786361694336,2.749563217163086,133.0,5343,3
fixation,1571011.938000083,0.42261238396167755,0.27597878376642865,2.745208740234375,2.6985486348470054,200.0,5344,3
fixation,1571228.60800004,0.40538361221551894,0.27310106307268145,2.7328277587890626,2.689501953125,166.0,5345,3
fixation,1571428.6120001078,0.45209337906403974,0.2701620825312354,2.733553799715909,2.6882074529474433,183.0,5346,3
fixation,1571628.614000082,0.49896298578152287,0.2651077749637457,2.7504342886117787,2.6937338022085338,216.0,5347,3
fixation,1571861.9510000944,0.5295588135719299,0.26247977614402773,2.7705291748046874,2.7142791748046875,91.0,5348,3
fixation,1572145.28700006,0.5624170362949371,0.26603208035230635,2.7987823486328125,2.7517959594726564,159.0,5349,3
fixation,1572345.2890000343,0.6080470234155655,0.26089203730225563,2.883070627848307,2.7917098999023438,200.0,5350,3
fixation,1572595.2940000296,0.3914213945468267,0.2915971904993057,2.8030548095703125,2.791523234049479,250.0,5351,3
fixation,1572861.9610000849,0.43097753687338397,0.29129103097048675,2.819893576882102,2.7971732399680396,183.0,5352,3
fixation,1573078.631000042,0.486223922835456,0.29500238100687665,2.8130289713541665,2.7940233018663196,300.0,5353,3
fixation,1573411.9700000286,0.5475815108844212,0.2900445450629507,2.8229293823242188,2.7977872576032365,467.0,5354,3
fixation,1573895.3090000153,0.5760299623012543,0.2891195277372996,2.817552693684896,2.7711558024088543,250.0,5355,3
fixation,1574178.6470000744,0.6029874516857995,0.2788364208406872,2.7948489718967013,2.7469346788194446,158.0,5356,3
fixation,1574561.9870001078,0.5560392466458407,0.2962195331400091,2.8586869673295454,2.8389642888849433,175.0,5357,3
fixation,1574778.6530001163,0.602569498799064,0.293181835250421,2.9051472056995737,2.8645394065163354,183.0,5358,3
fixation,1575011.9900000095,0.4473613977432251,0.3133482386668523,2.8374898274739584,2.8681884765625,250.0,5359,3
fixation,1575295.327000022,0.48315970227122307,0.3172148217757543,2.8786710103352866,2.8705927530924478,200.0,5360,3
fixation,1575528.6640000343,0.5127093970775605,0.3146163135766983,2.8450637817382813,2.8275146484375,174.0,5361,3
fixation,1575745.3340001106,0.5153344869613647,0.31962934349264416,2.8180389404296875,2.8193184988839284,116.0,5362,3
fixation,1576062.0040000677,0.4693146124482155,0.37681081766883534,2.8248774210611978,2.8451512654622397,192.0,5363,3
fixation,1576295.344000101,0.41372701099940706,0.28380812846478964,2.861510503859747,2.841403052920387,350.0,5364,3
fixation,1576678.6840000153,0.48267569002651034,0.37128116687138873,2.7935587565104165,2.779598417736235,350.0,5365,3
fixation,1577045.355000019,0.5292698629200459,0.360978813841939,2.8311119079589844,2.7975149154663086,266.0,5366,3
fixation,1577328.6930000782,0.5165935903787613,0.36403069148461026,2.8040873209635415,2.7596867879231772,100.0,5367,3
fixation,1577462.0300000906,0.4486021329959234,0.35693431794643404,2.7791463216145833,2.759421793619792,250.0,5368,3
fixation,1577745.3700000048,0.48075555860996244,0.3622089773416519,2.792962646484375,2.7350341796875,83.0,5369,3
fixation,1577878.7060000896,0.3930911219545773,0.2801837484751429,2.7885001046316966,2.7587890625,233.0,5370,3
fixation,1578128.7110000849,0.42393826097249987,0.2773319721221924,2.8159805297851563,2.7662307739257814,167.0,5371,3
fixation,1578312.0500000715,0.4624533030119809,0.2723299576477571,2.831766301935369,2.7763241854580967,184.0,5372,3
fixation,1578512.0510001183,0.501878252083605,0.26893559233708814,2.8403778076171875,2.8021170876242896,184.0,5373,3
fixation,1578795.390000105,0.39868276633999566,0.27214106917381287,2.889923095703125,2.850350119850852,183.0,5374,3
fixation,1578995.3920000792,0.4135560646653175,0.2748845458030701,2.933660888671875,2.875262451171875,166.0,5375,3
fixation,1579178.7350000143,0.4386204928159714,0.27499447762966156,2.8834492076526987,2.8134502064098013,183.0,5376,3
fixation,1579378.736000061,0.4750943382581075,0.26614296684662503,2.82342529296875,2.7737833658854165,108.0,5377,3
fixation,1579712.074000001,0.5217816506822904,0.26690483714143437,2.8241704305013022,2.769453684488932,192.0,5378,3
fixation,1579928.7460000515,0.5458860039710999,0.26941564977169036,2.9085739135742186,2.819622802734375,167.0,5379,3
fixation,1580112.083000064,0.5761236467144706,0.2589397443966432,2.8023834228515625,2.71484375,184.0,5380,3
fixation,1580312.0870000124,0.5924632662818545,0.2593128415090697,2.7441304524739585,2.676334926060268,350.0,5381,3
fixation,1580712.0930000544,0.40452171997590497,0.2738104008815505,2.7466666481711646,2.7300609241832388,367.0,5382,3
fixation,1581095.4340000153,0.3880437910556793,0.2912042687336604,2.7784383138020834,2.7468505859375,250.0,5383,3
fixation,1581378.7750000954,0.42303874095280963,0.2884492613375187,2.7531140645345054,2.7088190714518228,200.0,5384,3
fixation,1581595.4480000734,0.47356605529785156,0.28671140571435294,2.721942138671875,2.70045166015625,250.0,5385,3
fixation,1581878.7880001068,0.5094692334532738,0.2827455935378869,2.7275988260904946,2.7215563456217446,200.0,5386,3
fixation,1582095.4610000849,0.5382744471232096,0.28275510172049206,2.7363662719726562,2.708113352457682,200.0,5387,3
fixation,1582328.8020000458,0.5757775323258506,0.28449490997526383,2.7587509155273438,2.726721021864149,300.0,5388,3
fixation,1582645.4770001173,0.6111357604202471,0.28070621976726934,2.7556385241056742,2.7158829538445723,316.0,5389,3
fixation,1583012.1550000906,0.4529502112418413,0.3106014262884855,2.7377796173095703,2.7472095489501953,142.0,5390,3
fixation,1583328.8290001154,0.4921872839331627,0.31293941736221315,2.7334976196289062,2.732952880859375,167.0,5391,3
fixation,1583512.1690000296,0.5248598328658513,0.3176818702902113,2.7880325317382812,2.7790560041155135,242.0,5392,3
fixation,1583962.17900002,0.4547880291938782,0.8892634851591927,2.6324288504464284,2.686582292829241,109.0,5393,3
fixation,1584095.5190000534,0.5590827042857806,0.8663035656015078,2.633742014567057,2.614203135172526,200.0,5394,3
fixation,1584328.8590000868,0.6158537864685059,0.867244733704461,2.558717515733507,2.4943406846788196,150.0,5395,3
fixation,1584528.8560000658,0.536039176914427,0.5755248765150706,2.6491461859809027,2.6425306532118054,150.0,5396,3
fixation,1584712.1950000525,0.5717345530336554,0.5137596916068684,2.728920676491477,2.6935605135830967,184.0,5397,3
fixation,1584928.8760000467,0.505710439135631,0.5247941489020983,2.783885955810547,2.724797566731771,208.0,5398,3
fixation,1585312.2210000753,0.49600006219668263,0.44039810506197125,2.8218415089142628,2.7551695994841747,642.0,5399,FIX_CROS
fixation,1585995.5750000477,0.39958545565605164,0.3413318702403237,2.700361364028033,2.6634880514705883,283.0,5400,FIX_CROS
fixation,1586312.2450000048,0.30972981588406995,0.3045476187359203,2.8549319180575283,2.8049149946732954,184.0,5401,3.1
fixation,1586528.9170000553,0.23339290713722055,0.26091972399841656,2.8656172318892046,2.777028864080256,183.0,5402,3.1
fixation,1586745.5870000124,0.2883853664000829,0.253434204392963,2.733206854926215,2.64701165093316,150.0,5403,3.1
fixation,1586912.2610000372,0.3387843742966652,0.25250153318047525,2.7227447509765623,2.638349914550781,167.0,5404,3.1
fixation,1587095.5980000496,0.3873940035700798,0.25378198027610777,2.7878875732421875,2.7187896728515626,166.0,5405,3.1
fixation,1587278.9340000153,0.4378789335489273,0.2567041258017222,2.793109130859375,2.7280558268229167,250.0,5406,3.1
fixation,1587562.2720000744,0.5005991011857986,0.24875087440013885,2.824884033203125,2.7367767333984374,92.0,5407,3.1
fixation,1587845.611000061,0.5126203149557114,0.24766318003336588,2.836603800455729,2.7433980305989585,100.0,5408,3.1
fixation,1587978.9500000477,0.5505046397447586,0.242270877212286,2.9179977416992187,2.7810089111328127,167.0,5409,3.1
fixation,1588162.2830001116,0.5806578894456228,0.24094726807541317,2.9285956488715277,2.766357421875,150.0,5410,3.1
fixation,1588362.290000081,0.40544488187879324,0.25064611341804266,2.7928104400634766,2.7140865325927734,267.0,5411,3.1
fixation,1588645.628000021,0.37865483164787295,0.24301774352788924,2.7990386962890623,2.7102691650390627,83.0,5412,3.1
fixation,1588745.6300001144,0.428176069425212,0.25384655305080944,2.751023186577691,2.668351067437066,300.0,5413,3.1
fixation,1589095.6350001097,0.5969260811805726,0.24846769869327545,2.7678237915039063,2.6578140258789062,166.0,5414,3.1
fixation,1589295.6390000582,0.6644817822509341,0.24714132067230013,2.752735561794705,2.6685799492730036,300.0,5415,3.1
fixation,1589612.3120000362,0.7026795148849487,0.2537656717679717,2.7382923473011362,2.6394417502663354,184.0,5416,3.1
fixation,1589828.9840000868,0.751464980840683,0.24068384021520614,2.7035614013671876,2.6309173583984373,91.0,5417,3.1
fixation,1590228.9870001078,0.5424329605367448,0.25312266995509464,2.7455868191189237,2.6940748426649304,142.0,5418,3.1
fixation,1590395.66200006,0.5007710130885243,0.252827912569046,2.7605676651000977,2.701441764831543,266.0,5419,3.1
fixation,1590695.6670000553,0.5757266332705816,0.2475192869702975,2.636988321940104,2.583349863688151,208.0,5420,3.1
fixation,1590979.0070000887,0.6202332576115926,0.2484240351865689,2.646010080973307,2.6251907348632812,200.0,5421,3.1
fixation,1591212.34100008,0.7871863679452376,0.23269923573190515,2.690733476118608,2.648867520419034,183.0,5422,3.1
fixation,1591512.3450000286,0.19107039421796798,0.31847725411256156,2.6863677978515623,2.7202962239583335,250.0,5423,3.1
fixation,1591795.6840000153,0.26620044387303865,0.32627877249167514,2.6690263014573317,2.6301246056189904,217.0,5424,3.1
fixation,1592045.6890000105,0.33450824939287627,0.3359114665251512,2.6090862567608175,2.573694082406851,217.0,5425,3.1
fixation,1592279.026000023,0.38702610812403937,0.3334801752458919,2.622041182084517,2.5917233553799717,184.0,5426,3.1
fixation,1592495.6940000057,0.44247815012931824,0.32859970815479755,2.632460594177246,2.5893545150756836,267.0,5427,3.1
fixation,1592779.0320000648,0.499596498409907,0.3274424841006597,2.617967732747396,2.586983235677083,250.0,5428,3.1
fixation,1593062.3690000772,0.547567355632782,0.3261248394846916,2.6159454345703126,2.568104553222656,166.0,5429,3.1
fixation,1593262.3730000257,0.6002269685268402,0.3288071331652728,2.6062497225674717,2.556436712091619,183.0,5430,3.1
fixation,1593479.0420000553,0.6463202511270841,0.33139556894699734,2.6311060587565103,2.5682894388834634,200.0,5431,3.1
fixation,1593712.3790000677,0.7019956626675345,0.3385337821461938,2.6615767045454546,2.5880556973544033,183.0,5432,3.1
fixation,1593929.0480000973,0.7326180636882782,0.3361434895883907,2.669491854580966,2.5938762318004263,184.0,5433,3.1
fixation,1594145.7180000544,0.7962554855780168,0.33077486807649786,2.6760004216974433,2.580331975763494,183.0,5434,3.1
fixation,1594412.387000084,0.1737033834060033,0.40311312973499297,2.6840504964192706,2.6683064778645833,250.0,5435,3.1
fixation,1594695.7270001173,0.24760109361480265,0.42189209952073936,2.6656556970932903,2.580426384420956,283.0,5436,3.1
fixation,1595012.3960000277,0.29182479437440634,0.4188746213912964,2.5921878814697266,2.541299819946289,266.0,5437,3.1
fixation,1595312.3990000486,0.33357565104961395,0.4208519831299782,2.605182102748326,2.5689697265625,233.0,5438,3.1
fixation,1595562.4040000439,0.3600884219010671,0.4197380016247431,2.599273681640625,2.561301676432292,250.0,5439,3.1
fixation,1595845.7410000563,0.39171719780335057,0.4226719026382153,2.57486079289363,2.5525301419771633,217.0,5440,3.1
fixation,1596079.0790001154,0.4357959603269895,0.4268006980419159,2.56439208984375,2.5245844523111978,108.0,5441,3.1
fixation,1596379.0840001106,0.45751523673534394,0.42067874073982237,2.554925537109375,2.5135284423828126,76.0,5442,3.1
fixation,1596495.753000021,0.49996474881966907,0.4248726877073447,2.628167470296224,2.589277903238932,200.0,5443,3.1
fixation,1596729.09100008,0.574979312144793,0.4160082397552637,2.6242699256310096,2.565630399263822,217.0,5444,3.1
fixation,1596979.0930000544,0.6678156635978005,0.4076989144086838,2.548502141779119,2.498465798117898,184.0,5445,3.1
fixation,1597195.7660000324,0.7298916205763817,0.4124420937150717,2.5323486328125,2.483743667602539,133.0,5446,3.1
fixation,1597345.7680000067,0.7879679799079895,0.41083185076713563,2.54969482421875,2.494403076171875,167.0,5447,3.1
fixation,1597629.1070001125,0.16474898842473826,0.5076527545849482,2.5928573608398438,2.614873250325521,200.0,5448,3.1
fixation,1597862.4430000782,0.22816898673772812,0.5121843755245209,2.603826904296875,2.583221435546875,166.0,5449,3.1
fixation,1598062.4540001154,0.27240339057012036,0.5173012654889714,2.5359372225674717,2.526487870649858,183.0,5450,3.1
fixation,1598262.452000022,0.32603559146324795,0.5150267630815506,2.5722223917643228,2.5348027547200522,200.0,5451,3.1
fixation,1598479.1240000725,0.3643102605234493,0.5192846764217723,2.6027776544744317,2.574496182528409,184.0,5452,3.1
fixation,1598695.7970000505,0.40361918402569635,0.5225570670195988,2.597967965262277,2.576695033482143,233.0,5453,3.1
fixation,1598962.4680000544,0.4609174231688182,0.5131011406580607,2.594060262044271,2.5476837158203125,158.0,5454,3.1
fixation,1599295.8050000668,0.52082080245018,0.5178072094917298,2.5502197265625,2.5054336547851563,159.0,5455,3.1
fixation,1599479.1450001001,0.56735560297966,0.5094407796859741,2.5821304321289062,2.5478763580322266,267.0,5456,3.1
fixation,1599779.1500000954,0.6215900736195701,0.5077786275318691,2.470027378627232,2.4693145751953125,117.0,5457,3.1
fixation,1599929.1530001163,0.683595883846283,0.500873464345932,2.481794738769531,2.4627426147460936,167.0,5458,3.1
fixation,1600129.1560000181,0.7276602323566165,0.5033937862941197,2.4906420026506697,2.4603347778320312,234.0,5459,3.1
fixation,1600395.8280000687,0.801277627547582,0.5044570490717888,2.5029029846191406,2.468175252278646,200.0,5460,3.1
fixation,1600695.8340001106,0.22086010990958466,0.606713952202546,2.4984195106907894,2.5454374614514803,317.0,5461,3.1
fixation,1601095.84100008,0.6564298545320829,0.5983721142013868,2.389801025390625,2.3588053385416665,200.0,5462,3.1
fixation,1601312.5110000372,0.6177909672260284,0.6006765133804746,2.409027099609375,2.3986087375217013,150.0,5463,3.1
fixation,1601495.8490000963,0.7395344000113638,0.59763376963766,2.504913330078125,2.4651995207134045,317.0,5464,3.1
fixation,1601845.855000019,0.7812704116106033,0.5989494621753693,2.5133071899414063,2.4922882080078126,167.0,5465,3.1
fixation,1602029.191000104,0.8052132070064545,0.6014054834842681,2.5528839111328123,2.5173492431640625,84.0,5466,3.1
fixation,1602195.8600000143,0.21832560428551265,0.7233693940298898,2.5505076817103793,2.559527805873326,233.0,5467,3.1
fixation,1602445.8650000095,0.2728817343711853,0.7090760737657547,2.590167236328125,2.53399658203125,167.0,5468,3.1
fixation,1602645.8690000772,0.3405543665091197,0.708346592883269,2.4665425618489585,2.4534428914388022,200.0,5469,3.1
fixation,1602879.2040001154,0.41642759610777313,0.7141072244747825,2.474908579950747,2.4944783086362095,384.0,5470,3.1
fixation,1603279.2100000381,0.4519433379173279,0.7082823097705842,2.5385833740234376,2.5527023315429687,167.0,5471,3.1
fixation,1603462.5480000973,0.49885640914241475,0.7003265221913656,2.555090586344401,2.5364278157552085,200.0,5472,3.1
fixation,1603712.5530000925,0.7028249881484292,0.6977966346523978,2.6119343150745737,2.5422418767755683,183.0,5473,3.1
fixation,1603912.5580000877,0.769277368982633,0.6977968116601309,2.6553777058919272,2.5818252563476562,108.0,5474,3.1
fixation,1604179.2280000448,0.5953326314687729,0.3790921062231064,2.7676437377929686,2.6846267700195314,159.0,5475,NOTRIAL
fixation,1604379.2340000868,0.5146523535251617,0.2274328388273716,2.825897216796875,2.7385818481445314,167.0,5476,NOTRIAL
fixation,1604562.5680000782,0.488097682595253,0.2548475080728531,2.816331787109375,2.704326171875,416.0,5477,NOTRIAL
fixation,1605012.5790001154,0.6136053021137531,0.25533284418858015,2.829088651216947,2.688604501577524,216.0,5478,NOTRIAL
fixation,1605262.5850000381,0.5310731828212738,0.25243480822869707,2.813847133091518,2.699153355189732,233.0,5479,NOTRIAL
fixation,1605529.2580000162,0.6185561642050743,0.2506332453340292,2.8821563720703125,2.7327938079833984,142.0,5480,NOTRIAL
fixation,1605829.2640000582,0.6359560281038285,0.5052877604961395,2.803053283691406,2.7301239013671874,159.0,5481,NOTRIAL
fixation,1606045.9330000877,0.47916568544777954,0.3858786469156092,2.8810854825106533,2.782827203924006,183.0,5482,NOTRIAL
fixation,1606262.6030000448,0.4800534784793854,0.2458669642607371,2.8538970947265625,2.7168955485026043,250.0,5483,NOTRIAL
fixation,1606529.276000023,0.49416133604551615,0.25245827907010127,2.8550784462376644,2.7198373894942436,325.0,5484,NOTRIAL
fixation,1607062.6180000305,0.49497749337128233,0.44913262128829956,2.829319545200893,2.723691667829241,108.0,5485,NOTRIAL
fixation,1607212.6240000725,0.35348021760582926,0.49026442393660546,2.8390151977539064,2.7337295532226564,333.0,5486,NOTRIAL
fixation,1607579.2950000763,0.46130952353660876,0.4561503598323235,2.767468965970553,2.6645730825570912,217.0,5487,NOTRIAL
fixation,1607829.3010001183,0.42827919671932857,0.4673244928320249,2.733978271484375,2.662261962890625,508.0,5488,NOTRIAL
fixation,1608645.980000019,0.6573272177151271,0.7247765589328039,2.69826907203311,2.5994437081473216,350.0,5489,NOTRIAL
fixation,1609045.9910000563,0.5018469564458157,0.7093443971999148,2.54027411278258,2.5058330779379987,784.0,5490,NOTRIAL
fixation,1609862.6720000505,0.5822752515474955,0.6955666210916307,2.5369093153211804,2.4804857042100696,150.0,5491,NOTRIAL
fixation,1610029.34100008,0.5340582132339478,0.7847801327705384,2.492901611328125,2.4864517211914063,166.0,5492,NOTRIAL
fixation,1610229.3460000753,0.569588392011581,0.7032651958927032,2.5457586473034275,2.480552919449345,516.0,5493,NOTRIAL
fixation,1610779.355000019,0.6558316212434036,0.7130031746167403,2.5624894362229567,2.4999859149639425,224.0,5494,NOTRIAL
fixation,1611129.3600000143,0.44456613063812256,0.4218031279742718,2.6911493937174478,2.683422088623047,192.0,5495,NOTRIAL
fixation,1611362.7000000477,0.5176356072361404,0.2983106423068691,2.77506854083087,2.7224648965371623,625.0,5496,NOTRIAL
fixation,1612179.3770000935,0.49750542442003887,0.43662329879071976,2.7814466688368054,2.729051717122396,742.0,5497,FIX_CROS
fixation,1612979.3950001001,0.38410167396068573,0.40443876137336093,2.7460657755533853,2.7043609619140625,100.0,5498,3.2
fixation,1613129.3940000534,0.24109218548983335,0.37726746313273907,2.6645126342773438,2.6313953399658203,133.0,5499,3.2
fixation,1613279.3990000486,0.19225747826007697,0.3738590914469499,2.6324322040264425,2.582202617938702,216.0,5500,3.2
fixation,1613512.736000061,0.2317738151177764,0.3766137342900038,2.653360366821289,2.595182418823242,133.0,5501,3.2
fixation,1613679.4050000906,0.28717150252598983,0.3839214088825079,2.6366976224459133,2.594971876878005,216.0,5502,3.2
fixation,1613912.7430000305,0.3606436022303321,0.38816470314155926,2.6739959716796875,2.621164495294744,183.0,5503,3.2
fixation,1614146.0820000172,0.5339724346995354,0.38351449370384216,2.721165657043457,2.652956962585449,267.0,5504,3.2
fixation,1614446.0850000381,0.43883257187329805,0.38293697054569537,2.749646700345553,2.68014643742488,217.0,5505,3.2
fixation,1614712.7540000677,0.23845898980895677,0.3815513538817565,2.728870391845703,2.6839612325032554,200.0,5506,3.2
fixation,1614929.4240000248,0.29380143327372416,0.3905101152403014,2.718839372907366,2.6321988786969865,233.0,5507,3.2
fixation,1615179.4270000458,0.27858690544962883,0.38878221064805984,2.6713809967041016,2.6164093017578125,133.0,5508,3.2
fixation,1615346.0980000496,0.34496115148067474,0.38510421216487883,2.6794891357421875,2.612664794921875,92.0,5509,3.2
fixation,1615612.7690000534,0.3693990185856819,0.3801614996045828,2.698709487915039,2.641002655029297,125.0,5510,3.2
fixation,1615796.1010000706,0.5444501766136715,0.38433438326631275,2.779088701520647,2.651514325823103,234.0,5511,3.2
fixation,1616062.7740000486,0.606717457373937,0.370123318499989,2.715542263454861,2.6067996554904513,150.0,5512,3.2
fixation,1616246.10800004,0.6599700053532919,0.37280238833692336,2.651830037434896,2.5805155436197915,150.0,5513,3.2
fixation,1616429.4500000477,0.7244208455085754,0.37689608548368725,2.674230303083147,2.597529820033482,233.0,5514,3.2
fixation,1616696.1190000772,0.7860578066772885,0.37187456753518844,2.6784227159288196,2.596706814236111,158.0,5515,3.2
fixation,1616962.7920000553,0.18833812563256783,0.4625495143912055,2.70193828235973,2.685609297318892,359.0,5516,3.2
fixation,1617362.8020000458,0.24455340138890527,0.47490746731107886,2.6627668900923296,2.6141829057173296,183.0,5517,3.2
fixation,1617562.80400002,0.2835618489318424,0.4692788322766622,2.624082777235243,2.5874498155381946,150.0,5518,3.2
fixation,1617729.4720000029,0.35408600247823274,0.4675635661070163,2.6523672250600963,2.62124751164363,216.0,5519,3.2
fixation,1617979.4770001173,0.4289017336236106,0.47047719690534806,2.6900634765625,2.657645331488715,150.0,5520,3.2
fixation,1618162.8150000572,0.47575364204553455,0.4679777232500223,2.730992243840144,2.6780806321364183,217.0,5521,3.2
fixation,1618412.8200000525,0.5277123505418951,0.4739592955871062,2.689444802024148,2.660011985085227,183.0,5522,3.2
fixation,1618612.824000001,0.5760771274566651,0.46473986059427264,2.6589263916015624,2.626495361328125,167.0,5523,3.2
fixation,1618796.159000039,0.6268024428023232,0.46059197187423706,2.6723844740125866,2.6357023451063366,300.0,5524,3.2
fixation,1619112.830000043,0.6772203764745167,0.4594118595123291,2.676764351981027,2.642718723842076,233.0,5525,3.2
fixation,1619379.506000042,0.7438426071947272,0.4583891833370382,2.681569879705256,2.6290532892400567,183.0,5526,3.2
fixation,1619596.1720000505,0.8040604591369629,0.4591009300202131,2.6935062408447266,2.621084213256836,134.0,5527,3.2
fixation,1619862.8460000753,0.4647577537430657,0.5686196188131968,2.663082546657986,2.646915011935764,150.0,5528,3.2
fixation,1620029.5170000792,0.44683721363544465,0.5669316709041595,2.6930877685546877,2.636553955078125,166.0,5529,3.2
fixation,1620229.5210000277,0.5247366818097922,0.5670445079986866,2.616930448091947,2.5469595102163463,224.0,5530,3.2
fixation,1620679.5240000486,0.48398404121398925,0.5656796634197235,2.5795501708984374,2.5671875,75.0,5531,3.2
fixation,1620796.1980000734,0.40032613774140674,0.43055025074217057,2.6468404134114585,2.6288214789496527,300.0,5532,3.2
fixation,1621129.5390000343,0.3202647790312767,0.40164643712341785,2.652425765991211,2.5987815856933594,141.0,5533,3.2
fixation,1621762.8790000677,0.4599250541890369,0.5377305973978603,2.7969602697035847,2.7679923562442554,559.0,5534,3.2
fixation,1622362.8770000935,0.4980953373014927,0.32528744886318844,2.699927012125651,2.6753336588541665,200.0,5535,NOTRIAL
fixation,1622579.5490000248,0.4942234273140247,0.2551262037685284,2.7739398662860575,2.6890963040865383,441.0,5536,NOTRIAL
fixation,1623229.5610001087,0.49435215230498997,0.2679451437933104,2.7814113071986606,2.700005667550223,225.0,5537,NOTRIAL
fixation,1623529.5580000877,0.4905997731468894,0.4624813483519988,2.808438387784091,2.715910478071733,183.0,5538,NOTRIAL
fixation,1623746.2260000706,0.5026211237365549,0.25604643198576843,2.766816572709517,2.6621454412286933,184.0,5539,NOTRIAL
fixation,1623979.5590000153,0.4967872053384781,0.6847027199608939,2.6239231654575894,2.6094839913504466,116.0,5540,NOTRIAL
fixation,1624146.2320001125,0.6493120720753303,0.7235534924727219,2.673963106595553,2.5781696026141825,217.0,5541,NOTRIAL
fixation,1624429.5650000572,0.48434012702533175,0.3671299474579947,2.717992510114397,2.655269077845982,233.0,5542,NOTRIAL
fixation,1624679.5670000315,0.48903194127174526,0.4521052757134804,2.736599848820613,2.6441075251652646,433.0,5543,NOTRIAL
fixation,1625162.9030001163,0.5880336138335142,0.7052321488207037,2.618811867453835,2.5391165993430396,183.0,5544,NOTRIAL
fixation,1625362.9030001163,0.5606076781656227,0.6697172060901043,2.566951976102941,2.537257475011489,850.0,5545,NOTRIAL
fixation,1626396.2440000772,0.5427148613062772,0.4077476520429958,2.7042402787642046,2.6373415860262783,176.0,5546,NOTRIAL
fixation,1626629.5790001154,0.5927556425333023,0.3522483095526695,2.7597702026367186,2.6764175415039064,166.0,5547,NOTRIAL
fixation,1626829.5880000591,0.6147354858763078,0.25747628729133043,2.7339621151194855,2.657077564912684,283.0,5548,NOTRIAL
fixation,1627129.59100008,0.6386359663386094,0.259305724580037,2.7896905196340462,2.7155263800370064,316.0,5549,NOTRIAL
fixation,1627479.5990000963,0.5198611276490348,0.36848476954868864,2.7925011771065846,2.7351510184151784,233.0,5550,NOTRIAL
fixation,1627762.9370000362,0.6337787906328837,0.43553467094898224,2.777002970377604,2.7132593790690103,108.0,5551,NOTRIAL
fixation,1628279.6120001078,0.36397221808632213,0.49243910734852153,2.7979164123535156,2.7832679748535156,208.0,5552,NOTRIAL
fixation,1628679.6220000982,0.37672473564743997,0.4694209054112434,2.647990417480469,2.6386871337890625,658.0,5553,NOTRIAL
fixation,1629396.3030000925,0.6280695579268716,0.46043569391424005,2.634195501154119,2.5938262939453125,192.0,5554,NOTRIAL
fixation,1630079.6450001001,0.5895326913789262,0.6208165946394898,2.700316318245821,2.6183233926462575,708.0,5555,NOTRIAL
fixation,1630829.6600000858,0.6292168270973932,0.4673016717036565,2.5764029366629466,2.5439166114443825,708.0,5556,NOTRIAL
fixation,1631729.6750000715,0.532728023827076,0.6534456213315328,2.479101816813151,2.477588653564453,192.0,5557,NOTRIAL
fixation,1631979.6810001135,0.4810441651127555,0.2849079248580066,2.6940765380859375,2.6346380060369317,183.0,5558,NOTRIAL
fixation,1632196.3490000963,0.5537691960732142,0.2819317616522312,2.712347666422526,2.596893310546875,200.0,5559,NOTRIAL
fixation,1632446.3590000868,0.507508432423627,0.4678936148131335,2.7192405418113426,2.651442351164641,450.0,5560,NOTRIAL
fixation,1632929.6930000782,0.4667388331145048,0.28854972310364246,2.6646671295166016,2.596986770629883,133.0,5561,14
fixation,1633079.6930000782,0.4169878641764323,0.2784658362468084,2.6015523274739585,2.513896687825521,250.0,5562,14
fixation,1633363.034000039,0.48076665550470354,0.2883405819535255,2.6407867431640626,2.5429153442382812,167.0,5563,14
fixation,1633563.0380001068,0.5197466239333153,0.2880794759839773,2.677518844604492,2.5835189819335938,134.0,5564,14
fixation,1633729.708000064,0.5635655323664347,0.29071022669474283,2.692493693033854,2.5945393880208334,258.0,5565,14
fixation,1638496.469000101,0.4466911908239126,0.2897460237145424,2.6787681579589844,2.6358680725097656,133.0,5566,14
fixation,1638646.4720000029,0.4194757988055547,0.28729984992080265,2.71846686469184,2.654759724934896,150.0,5567,14
fixation,1638829.810000062,0.4817236743190072,0.28673883459784766,2.698966286399148,2.623056585138494,183.0,5568,14
fixation,1639029.8110001087,0.5148003906011581,0.2967800751328468,2.6819778442382813,2.611589050292969,167.0,5569,14
fixation,1639213.1490000486,0.5581937566399574,0.2911372371017933,2.733690643310547,2.65955810546875,334.0,5570,14
fixation,1639613.1580001116,0.4093361844619115,0.8392953077952067,2.6112747192382812,2.602910359700521,100.0,5571,14
fixation,1639729.8260000944,0.3458693137294368,0.8690275110696492,2.574967233758224,2.5593462492290295,317.0,5572,14
fixation,1640063.16200006,0.3814665015254702,0.8722522897379739,2.460699898856027,2.508394513811384,117.0,5573,14
fixation,1640279.8350000381,0.44569276911871775,0.8841250964573452,2.388881138392857,2.436346871512277,117.0,5574,14
fixation,1640429.8360000849,0.5185271501541138,0.8495775229401059,2.1940443250868054,2.385072496202257,150.0,5575,14
fixation,1640613.1730000973,0.5823069247934554,0.8599865933259329,2.2973802354600696,2.35296630859375,150.0,5576,14
fixation,1640796.506000042,0.6523156437006864,0.8565606718713586,2.4475971568714487,2.4012797962535513,191.0,5577,14
fixation,1641346.5190000534,0.5200443076235908,0.6335952154227665,2.5771942138671875,2.5428575788225447,233.0,5578,14
fixation,1641596.5220000744,0.5749330401420594,0.6388281971216202,2.562910461425781,2.4871200561523437,166.0,5579,14
fixation,1641779.85800004,0.55914426445961,0.6409121304750443,2.57371826171875,2.5093902587890624,167.0,5580,14
fixation,1641996.5280001163,0.4761715875938535,0.35484834015369415,2.6215267181396484,2.5792932510375977,266.0,5581,14
fixation,1642279.8660000563,0.4256125636398792,0.299687335640192,2.624440002441406,2.5643104553222655,333.0,5582,14
fixation,1642646.5360000134,0.47638474085501264,0.2962496876716614,2.6542859758649553,2.5709119524274553,233.0,5583,14
fixation,1642896.543000102,0.5056366243145682,0.2926579727367921,2.6780229048295454,2.602749911221591,183.0,5584,14
fixation,1643113.2110000849,0.5501000101749713,0.294305308507039,2.6976963923527646,2.604937039888822,217.0,5585,14
fixation,1643396.5490000248,0.602096719874276,0.7113944292068481,2.6059434678819446,2.524932861328125,150.0,5586,14
fixation,1643579.8830000162,0.5944097489118576,0.6632802138725916,2.5961507161458335,2.5499903361002603,100.0,5587,14
fixation,1643696.5510001183,0.5583168395927974,0.6449399363426935,2.5482947939918157,2.523409888857887,350.0,5588,14
fixation,1644079.8880000114,0.4774821698665619,0.5322948932647705,2.575787353515625,2.5631973266601564,167.0,5589,14
fixation,1644279.8920000792,0.47611115414362687,0.38763707417708176,2.588574923001803,2.555415226862981,217.0,5590,14
fixation,1644529.8950001001,0.45033224299550056,0.2983607891947031,2.6598758697509766,2.599813461303711,267.0,5591,14
fixation,1644829.9000000954,0.5092953244845072,0.29155925164620083,2.7271995544433594,2.6299107869466147,200.0,5592,14
fixation,1645046.5680000782,0.5510960310697556,0.28919190019369123,2.736517333984375,2.629017639160156,174.0,5593,14
fixation,1645346.5710000992,0.41593845933675766,0.29188403114676476,2.760244369506836,2.695331573486328,125.0,5594,14
fixation,1645513.2440000772,0.4930175393819809,0.29336342546674943,2.796106974283854,2.6892225477430554,150.0,5595,14
fixation,1645696.5760000944,0.5661645320154005,0.30060301096208636,2.7852620770854335,2.687503445533014,516.0,5596,14
fixation,1646246.5870000124,0.5082125663757324,0.4098579094690435,2.836485918830423,2.762755450080423,291.0,5597,14
fixation,1646763.2600001097,0.4744702994823456,0.4516184091567993,2.77447509765625,2.7357803344726563,159.0,5598,FIX_CROS
fixation,1646946.5970000029,0.4942654147744179,0.4489462494850159,2.802626037597656,2.74212646484375,166.0,5599,FIX_CROS
fixation,1647163.2680000067,0.4113339827610896,0.3381410768398872,2.7280731201171875,2.71066401554988,217.0,5600,FIX_CROS
fixation,1647413.2740000486,0.3357794940471649,0.2838451683521271,2.741119384765625,2.733270263671875,84.0,5601,14.1
fixation,1647529.9420000315,0.2404848833878835,0.22502262062496609,2.725051032172309,2.6837972005208335,300.0,5602,14.1
fixation,1647846.6180000305,0.2797301808993022,0.21009483188390732,2.7006954616970487,2.6339230007595487,150.0,5603,14.1
fixation,1648046.6180000305,0.4126840140670538,0.21752031240612268,2.791933059692383,2.6744956970214844,133.0,5604,14.1
fixation,1648213.28700006,0.4651640041006936,0.21460025426414278,2.83428955078125,2.7271847195095487,150.0,5605,14.1
fixation,1648396.6220000982,0.5374588757753372,0.21072156205773354,2.8978652954101562,2.7831939697265624,166.0,5606,14.1
fixation,1648596.6260000467,0.5982109588735244,0.21555319603751688,2.9117889404296875,2.795271031996783,283.0,5607,14.1
fixation,1648913.2920000553,0.6612716875970364,0.2110150158405304,2.924224853515625,2.79217529296875,134.0,5608,14.1
fixation,1649079.9600000381,0.7137577193123954,0.21429366086210525,2.932397024972098,2.78179931640625,125.0,5609,14.1
fixation,1649279.9650000334,0.7784189097583294,0.20543629117310047,2.925962448120117,2.7983455657958984,125.0,5610,14.1
fixation,1649513.2990000248,0.2037821183912456,0.3075671177357435,2.9309682846069336,2.876983642578125,267.0,5611,14.1
fixation,1649796.648000002,0.2626610947282691,0.29274509690309825,2.8512460809004936,2.7286505448190788,316.0,5612,14.1
fixation,1650129.9770001173,0.298846997320652,0.2810887744029363,2.7674840291341147,2.657201131184896,108.0,5613,14.1
fixation,1650429.9840000868,0.361682790517807,0.30024795383214953,2.7546463012695312,2.6809005737304688,159.0,5614,14.1
fixation,1650629.9970000982,0.4193810870250066,0.2969359689288669,2.8065592447916665,2.6870914035373263,150.0,5615,14.1
fixation,1650796.668000102,0.46319282587085453,0.29322456994227003,2.7330006190708707,2.6341236659458707,233.0,5616,14.1
fixation,1651063.3380000591,0.524427148203055,0.28989122932155925,2.703599294026693,2.6082916259765625,200.0,5617,14.1
fixation,1651296.6750000715,0.5955279492414914,0.2915482074022293,2.7443742018479567,2.6451885516826925,217.0,5618,14.1
fixation,1651530.0110000372,0.6630985303358599,0.2892278879880905,2.7631988525390625,2.6386843594637783,184.0,5619,14.1
fixation,1651730.0170000792,0.7028600484132767,0.2911235630512238,2.7440399169921874,2.6217437744140626,167.0,5620,14.1
fixation,1651930.023000002,0.7687460621198018,0.28897263705730436,2.7335744222005207,2.610823567708333,258.0,5621,14.1
fixation,1652346.6980000734,0.2122663240879774,0.3800815036520362,2.745105743408203,2.700953483581543,259.0,5622,14.1
fixation,1652646.7040001154,0.2720694586634636,0.38113637268543243,2.678242492675781,2.6040359497070313,167.0,5623,14.1
fixation,1652830.043000102,0.3130503014514321,0.3863104942597841,2.5867992200349508,2.5546931216591284,317.0,5624,14.1
fixation,1653163.3830000162,0.26930909901857375,0.37999774515628815,2.593495178222656,2.5451446533203126,174.0,5625,14.1
fixation,1653496.7260000706,0.35214497933262273,0.38451339147592845,2.665064761513158,2.5994632118626644,309.0,5626,14.1
fixation,1653830.066000104,0.40222020332629865,0.3799941081267137,2.6707388070913463,2.608119084284856,217.0,5627,14.1
fixation,1654063.4040000439,0.43979830741882325,0.38051263988018036,2.6093475341796877,2.5455474853515625,91.0,5628,14.1
fixation,1654613.4160000086,0.507261585444212,0.38468583300709724,2.7168025970458984,2.637920379638672,125.0,5629,14.1
fixation,1654763.4200000763,0.5435557593317593,0.3832348716609618,2.7594056970932903,2.6521974451401653,283.0,5630,14.1
fixation,1655063.42900002,0.5793849751353264,0.3743177043894927,2.674798329671224,2.5844713846842446,200.0,5631,14.1
fixation,1655296.765000105,0.6276864409446716,0.368658639052335,2.673296760110294,2.5695109647863053,283.0,5632,14.1
fixation,1655596.7740000486,0.6756152297769275,0.3688351511955261,2.682837350027902,2.5774928501674106,125.0,5633,14.1
fixation,1655980.117000103,0.711660693992268,0.37345224077051337,2.719573974609375,2.58782958984375,176.0,5634,14.1
fixation,1656180.1200000048,0.7306684661995281,0.3775121109052138,2.7944516268643467,2.6490353670987217,184.0,5635,14.1
fixation,1656396.793000102,0.7688429994242532,0.3782846225159509,2.748215811593192,2.5781958443777904,233.0,5636,14.1
fixation,1656646.7960000038,0.7835273683071137,0.37832067012786863,2.7648681640625,2.5944732666015624,91.0,5637,14.1
fixation,1656913.46600008,0.20424888158837953,0.46572495583030915,2.825068155924479,2.7543411254882812,292.0,5638,14.1
fixation,1657230.137000084,0.2667492307149447,0.4693500158878473,2.7458953857421875,2.654911921574519,217.0,5639,14.1
fixation,1657463.4770001173,0.32803016901016235,0.4722829535603523,2.6586654663085936,2.5685104370117187,166.0,5640,14.1
fixation,1657663.480000019,0.4519034444258131,0.4716703598869258,2.6636252567685883,2.5815766433189653,483.0,5641,14.1
fixation,1658163.4910000563,0.5101843040723067,0.46782644207660967,2.6820279634915867,2.574214054987981,216.0,5642,14.1
fixation,1658396.8280000687,0.5485271971959335,0.4648774552803773,2.6419349083533654,2.5591829740084133,217.0,5643,14.1
fixation,1658646.8350000381,0.6205880840619405,0.4647677954700258,2.656673855251736,2.5735100640190973,158.0,5644,14.1
fixation,1658996.8400000334,0.6436606517859867,0.4563771997179304,2.663598196847098,2.584254673549107,109.0,5645,14.1
fixation,1659130.1720000505,0.6882621347904205,0.4607591522591455,2.7015228271484375,2.629899161202567,234.0,5646,14.1
fixation,1659396.8460000753,0.7410295589102639,0.45936491588751477,2.668794420030382,2.5726445515950522,300.0,5647,14.1
fixation,1659713.5180000067,0.7800273071317112,0.46560707688331604,2.6606220918543197,2.568166396197151,291.0,5648,14.1
fixation,1660146.8570001125,0.2138077053758833,0.5317995349566141,2.6413370768229165,2.6451297336154513,142.0,5649,14.1
fixation,1660313.5300000906,0.1848453258474668,0.5528515900174776,2.665421803792318,2.6028340657552085,200.0,5650,14.1
fixation,1660546.8650000095,0.23694455189009508,0.5512565523386002,2.547943115234375,2.511773427327474,200.0,5651,14.1
fixation,1660763.5380001068,0.29711243510246277,0.5560326874256134,2.511273193359375,2.504230753580729,250.0,5652,14.1
fixation,1661030.2070000172,0.33800277752535685,0.5566119700670242,2.544513157435826,2.532360621861049,234.0,5653,14.1
fixation,1661280.2150000334,0.3049515336751938,0.5594109727276696,2.5526936848958335,2.536834716796875,150.0,5654,14.1
fixation,1661463.5510001183,0.36248277028401693,0.5644848922888438,2.5706380208333335,2.536757405598958,250.0,5655,14.1
fixation,1662030.2310000658,0.4251161068677902,0.5623027152485318,2.6331685384114585,2.5546366373697915,142.0,5656,14.1
fixation,1662196.9020000696,0.45956732134024303,0.5663909773031871,2.7307088216145834,2.6193328857421876,250.0,5657,14.1
fixation,1662463.5760000944,0.49795537143945695,0.566984412074089,2.6358734130859376,2.52730712890625,166.0,5658,14.1
fixation,1662663.5840001106,0.5535504051617214,0.5557607987097332,2.6077063424246654,2.5380074637276784,233.0,5659,14.1
fixation,1662913.5810000896,0.5867959306790278,0.5514207826210902,2.5689673790564904,2.543773944561298,216.0,5660,14.1
fixation,1663163.5880000591,0.6338446802563138,0.5469827453295389,2.5955276489257812,2.5323003133138022,300.0,5661,14.1
fixation,1663480.2640000582,0.5892662167549133,0.5524549126625061,2.610870361328125,2.537684122721354,250.0,5662,14.1
fixation,1663763.605000019,0.44851469878966993,0.47430786719689,2.672802264873798,2.5988393930288463,216.0,5663,14.1
fixation,1664013.611000061,0.49463897777928245,0.47103141082657707,2.6623959011501737,2.560175577799479,150.0,5664,14.1
fixation,1664180.2830001116,0.5449373245239257,0.4629689559340477,2.6499099731445312,2.5529830932617186,167.0,5665,14.1
fixation,1664380.28700006,0.6042618602514267,0.4638056733778545,2.626080104282924,2.560229710170201,234.0,5666,14.1
fixation,1664630.2950000763,0.6778539650970035,0.4566871225833893,2.6452399359809027,2.578798082139757,158.0,5667,14.1
fixation,1664980.3030000925,0.721906025494848,0.4540745232786451,2.706018720354353,2.617262704031808,226.0,5668,14.1
fixation,1665230.310000062,0.756300108300315,0.46411576370398205,2.763946533203125,2.667941623263889,150.0,5669,14.1
fixation,1665396.9820001125,0.8010593517260118,0.4655734652822668,2.6750002774325283,2.6049152721058237,183.0,5670,14.1
fixation,1665696.992000103,0.21125876158475876,0.5450416296720505,2.615834045410156,2.661663818359375,167.0,5671,14.1
fixation,1665880.3290001154,0.18539419876677649,0.5648719178778785,2.606198992047991,2.6036376953125,234.0,5672,14.1
fixation,1666147.003000021,0.23796648979187013,0.5583592116832733,2.4924723307291665,2.5121002197265625,250.0,5673,14.1
fixation,1666413.6780000925,0.2940331920981407,0.5571314220627149,2.4918975830078125,2.5211995442708335,200.0,5674,14.1
fixation,1666647.0160000324,0.34975198407967883,0.561172233025233,2.5386728922526043,2.5441569010416667,250.0,5675,14.1
fixation,1666913.6840000153,0.3122410677811679,0.5615357931922463,2.534228156594669,2.535460528205423,283.0,5676,14.1
fixation,1667213.6930000782,0.3564742823441823,0.5629266957441966,2.54879150390625,2.53016357421875,250.0,5677,14.1
fixation,1667497.0300000906,0.38893810162941617,0.564847136537234,2.5425618489583335,2.5302251180013022,108.0,5678,14.1
fixation,1667863.7120000124,0.4580117244096029,0.5744317443597884,2.601164318266369,2.5384005591982888,342.0,5679,14.1
fixation,1668263.7200000286,0.5949557967045728,0.554586310597027,2.50006103515625,2.4315858728745403,283.0,5680,14.1
fixation,1668563.7290000916,0.6309833787381649,0.5520071163773537,2.5133228302001953,2.457273483276367,133.0,5681,14.1
fixation,1668713.7280000448,0.6796462595462799,0.5548790186643601,2.52911376953125,2.4618179321289064,167.0,5682,14.1
fixation,1668913.730000019,0.789514979490867,0.5563793755494632,2.56735346867488,2.477656437800481,217.0,5683,14.1
fixation,1669230.3970000744,0.28923219814896584,0.6530128605663776,2.5459442138671875,2.5824031829833984,133.0,5684,14.1
fixation,1669397.0670000315,0.220703446689774,0.6590174348915324,2.5885763729319855,2.520661297966452,284.0,5685,14.1
fixation,1669697.0720000267,0.2788962237536907,0.6569009944796562,2.525750478108724,2.464238484700521,200.0,5686,14.1
fixation,1669913.739000082,0.33092332970012317,0.654380814595656,2.5117381702769888,2.4691397927024146,183.0,5687,14.1
fixation,1670113.7470000982,0.40187128501779895,0.6665682371924905,2.527835621553309,2.478664622587316,283.0,5688,14.1
fixation,1670430.4210000038,0.4615592194928063,0.6598732040988075,2.548863728841146,2.491054958767361,150.0,5689,14.1
fixation,1670613.759000063,0.51134050318173,0.6560088843107224,2.5325851440429688,2.4830453055245534,233.0,5690,14.1
fixation,1670863.7610000372,0.5397643040526997,0.6425365155393427,2.4939200661399146,2.4704659201882104,183.0,5691,14.1
fixation,1671063.7670000792,0.5878881596856647,0.6357343130641513,2.4922527737087674,2.453121609157986,300.0,5692,14.1
fixation,1671380.4360001087,0.6399043775521792,0.6387479305267334,2.491559542142428,2.462005615234375,216.0,5693,14.1
fixation,1671613.773000002,0.6850227564573288,0.6485103279352188,2.4983856201171877,2.453047180175781,167.0,5694,14.1
fixation,1671813.776000023,0.746628550812602,0.64763592928648,2.541933059692383,2.4774255752563477,275.0,5695,14.1
fixation,1672263.784000039,0.3078641816973686,0.7448195616404215,2.5083414713541665,2.4973627726236978,100.0,5696,14.1
fixation,1672380.452000022,0.2824478268623352,0.7534518480300904,2.5373199462890623,2.470747375488281,166.0,5697,14.1
fixation,1672580.452000022,0.42815694000039783,0.7698772592203957,2.4708469935825894,2.394895281110491,233.0,5698,14.1
fixation,1672913.7910000086,0.5046373978257179,0.7531701296567916,2.4219100952148436,2.3560333251953125,167.0,5699,14.1
fixation,1673097.1270000935,0.5374310873448849,0.7512186206877232,2.361499786376953,2.3449344635009766,134.0,5700,14.1
fixation,1673263.7960000038,0.6094998012889515,0.7356036657636816,2.405509255149148,2.362063321200284,183.0,5701,14.1
fixation,1673480.4670000076,0.6480036642816331,0.7357733117209541,2.406890869140625,2.3638797336154513,150.0,5702,14.1
fixation,1673647.1350001097,0.6926078579642556,0.7424993189898405,2.452646428888494,2.3999092795632104,184.0,5703,14.1
fixation,1673930.4750000238,0.22793178185820578,0.25921970009803774,2.53548583984375,2.533392333984375,166.0,5704,14.1
fixation,1674113.8090000153,0.20670749247074127,0.22887652553617954,2.5442276000976562,2.5112380981445312,75.0,5705,14.1
fixation,1674330.4790000916,0.2684717923402786,0.2126208958881242,2.5577523367745534,2.469623020717076,233.0,5706,14.1
fixation,1674630.480000019,0.5354445003546201,0.21957237216142508,2.6210726224459133,2.494446974534255,216.0,5707,14.1
fixation,1674897.1520000696,0.7071105516873873,0.21693750470876694,2.6136075533353367,2.489782480093149,217.0,5708,14.1
fixation,1675147.1540000439,0.7668107569217681,0.1969750128686428,2.61563720703125,2.4996917724609373,175.0,5709,14.1
fixation,1675530.503000021,0.19817182286219162,0.2989572124047713,2.642275723544034,2.6075883345170454,175.0,5710,14.1
fixation,1675747.168000102,0.25539147800632883,0.28699392080307007,2.6641551426478793,2.5537992204938615,234.0,5711,14.1
fixation,1675997.16200006,0.2984096659347415,0.277625247836113,2.519158363342285,2.4619483947753906,267.0,5712,14.1
fixation,1676297.1710000038,0.38087073992937803,0.2847108254209161,2.54343318939209,2.4821815490722656,267.0,5713,14.1
fixation,1676697.1770000458,0.4396711268595287,0.2926272324153355,2.543005807059152,2.494419642857143,109.0,5714,14.1
fixation,1676847.1800000668,0.48613226115703584,0.28819592744112016,2.5530609130859374,2.502973937988281,167.0,5715,14.1
fixation,1677047.1840000153,0.5536719799041748,0.2915197014808655,2.5655731201171874,2.506605529785156,167.0,5716,14.1
fixation,1677230.523000002,0.5967394252618153,0.28802575369675953,2.580608113606771,2.493294270833333,250.0,5717,14.1
fixation,1677513.85800004,0.6599054396152496,0.284974205493927,2.575733947753906,2.490496826171875,167.0,5718,14.1
fixation,1677713.8620001078,0.7089910432696342,0.2903169145186742,2.582941691080729,2.5011812845865884,200.0,5719,14.1
fixation,1677947.1970000267,0.766595741877189,0.2897720199364882,2.5876323993389425,2.506456815279447,217.0,5720,14.1
fixation,1678347.2070000172,0.1906673971277017,0.3617943479464604,2.578998272235577,2.5498868502103367,209.0,5721,14.1
fixation,1678597.2120000124,0.27750927533792413,0.3751393504764723,2.539303986922554,2.4971220596976904,384.0,5722,14.1
fixation,1679013.8850001097,0.3524758815765381,0.3852534343798955,2.523363240559896,2.466064453125,250.0,5723,14.1
fixation,1679280.5560001135,0.41619255766272545,0.38606544335683185,2.5126355489095054,2.4581680297851562,200.0,5724,14.1
fixation,1679513.890000105,0.4987230681710773,0.38243138045072556,2.518418206108941,2.455045912000868,300.0,5725,14.1
fixation,1679847.2340000868,0.5748387575149536,0.36849236717590916,2.538366464468149,2.4709132267878604,217.0,5726,14.1
fixation,1680097.2370001078,0.6778424394130707,0.37387497544288634,2.596663818359375,2.521080322265625,417.0,5727,14.1
fixation,1680530.5790001154,0.6584567555359432,0.37931414800030844,2.63177490234375,2.538545880998884,124.0,5728,14.1
fixation,1680830.5820000172,0.6342370555951045,0.38061008888941544,2.667676485501803,2.581701425405649,208.0,5729,14.1
fixation,1681063.9240000248,0.679505396973003,0.37728497656908905,2.7132110595703125,2.584837480024858,183.0,5730,14.1
fixation,1681280.5930000544,0.7428963226931435,0.3805838929755347,2.592104230608259,2.482954842703683,233.0,5731,14.1
fixation,1681597.273000002,0.21444678008556367,0.46029178351163863,2.615399169921875,2.616375732421875,167.0,5732,14.1
fixation,1681780.605000019,0.18998817230264345,0.46376118063926697,2.6713994344075522,2.6293665568033853,100.0,5733,14.1
fixation,1681897.2740000486,0.26425243020057676,0.47452000379562376,2.6394577026367188,2.6085556030273436,167.0,5734,14.1
fixation,1682080.611000061,0.3066927924752235,0.46943994611501694,2.6009857177734377,2.5817306518554686,166.0,5735,14.1
fixation,1682280.6150000095,0.3665319800376892,0.4721893101930618,2.6150238037109377,2.5640045166015626,166.0,5736,14.1
fixation,1682463.9530000687,0.3497973054647446,0.4761928111314774,2.6464111328125,2.590168762207031,167.0,5737,14.1
fixation,1682647.2910000086,0.38834756187030245,0.466073323573385,2.695953369140625,2.618748256138393,117.0,5738,14.1
fixation,1682813.9590001106,0.26036922519023603,0.22948229828706154,2.7133624737079325,2.5940716083233175,217.0,5739,14.1
fixation,1683063.958000064,0.3270920325409282,0.21118542077866467,2.723019686612216,2.6208426735617896,183.0,5740,14.1
fixation,1683263.9670000076,0.3824918849600686,0.21647911270459494,2.7262946234809027,2.6057298448350696,150.0,5741,14.1
fixation,1683430.6360000372,0.3580063418908553,0.2150453979318792,2.7240531227805396,2.6260320490056817,191.0,5742,14.1
fixation,1683747.2980000973,0.46274248758951825,0.21784688159823418,,2.6348241170247397,192.0,5743,14.1
fixation,1683963.9720000029,0.4666174004475276,0.22138561639520857,2.720101250542535,2.644048055013021,150.0,5744,14.1
fixation,1684147.3080000877,0.5226653651757673,0.21499795060266147,2.6695098876953125,2.5840301513671875,184.0,5745,14.1
fixation,1684363.9760000706,0.6191050310929617,0.2170865888396899,2.6143564860026043,2.529840087890625,250.0,5746,14.1
fixation,1684630.6570000648,0.6956958289329822,0.2093869699881627,2.6210362361027646,2.5121307373046875,216.0,5747,14.1
fixation,1684880.6610000134,0.8071323037147522,0.1922438790400823,2.5912958780924478,2.511255900065104,100.0,5748,14.1
fixation,1685080.6630001068,0.2241536095738411,0.2857521787285805,2.597308349609375,2.6148681640625,166.0,5749,14.1
fixation,1685263.9970000982,0.19047335609793664,0.29291886985301974,2.609083557128906,2.6054458618164062,167.0,5750,14.1
fixation,1685447.3320000172,0.2896602977724636,0.284630207454457,2.5842518525965072,2.528441485236673,284.0,5751,14.1
fixation,1685764.0100001097,0.4065104369074106,0.3005908811464906,2.668325424194336,2.579829216003418,275.0,5752,NOTRIAL
fixation,1686380.6830000877,0.6420362095038096,0.4214266526202361,2.810685475667318,2.6933975219726562,200.0,5753,NOTRIAL
fixation,1686614.0210000277,0.6189137074080381,0.2515351630069993,2.8101390491832388,2.682557539506392,184.0,5754,NOTRIAL
fixation,1686847.3620001078,0.3515718920928676,0.2521271458486231,2.7919229647008383,2.6851881073742376,683.0,5755,NOTRIAL
fixation,1687564.0420000553,0.39191832446626257,0.25731284118124415,2.7713753836495534,2.720372336251395,475.0,5756,NOTRIAL
fixation,1688214.0440000296,0.4053169392487582,0.27084238564266877,2.8729315365062043,2.7753268971162686,567.0,5757,NOTRIAL
fixation,1688847.3910000324,0.34794479321974975,0.24943588846004927,2.83664057804988,2.7529549231896033,425.0,5758,NOTRIAL
fixation,1689297.3990000486,0.378704278005494,0.24652248620986938,2.862191094292535,2.75850592719184,158.0,5759,NOTRIAL
fixation,1689680.7440000772,0.3763328885490244,0.26231658323244617,2.9606670032848013,2.8507191051136362,175.0,5760,NOTRIAL
fixation,1689880.75,0.420936437641702,0.25383150413995836,2.9240268614233993,2.792290664300686,683.0,5761,NOTRIAL
fixation,1690597.4190000296,0.350632229272057,0.25721443838932934,2.9273268755744484,2.809641220990349,291.0,5762,NOTRIAL
fixation,1691164.0970000029,0.40798243442002463,0.26323678475968976,3.000166051528033,2.8508381563074447,284.0,5763,NOTRIAL
fixation,1691464.1040000916,0.3505352415144444,0.2462733879685402,2.889794921875,2.763452911376953,334.0,5764,NOTRIAL
fixation,1691814.1190000772,0.3386546939611435,0.24300763383507729,2.880757141113281,2.7558441162109375,167.0,5765,NOTRIAL
fixation,1691997.4480000734,0.3830509123702844,0.24037760061522326,2.8487955729166665,2.7273330688476562,200.0,5766,NOTRIAL
fixation,1692230.78700006,0.3619825517137845,0.2511006121834119,2.8322652180989585,2.726740519205729,108.0,5767,NOTRIAL
fixation,1692580.7960000038,0.4058929055929184,0.2625817209482193,2.841058349609375,2.7447235107421877,75.0,5768,NOTRIAL
fixation,1692680.8090000153,0.42961254715919495,0.26183530539274213,2.8550262451171875,2.742173767089844,167.0,5769,NOTRIAL
fixation,1692914.1440000534,0.6374748881374087,0.26176409689443453,2.8316029139927457,2.682213919503348,234.0,5770,NOTRIAL
fixation,1693164.1500000954,0.6151789037080911,0.25573401382336247,2.8040982759915867,2.695568378155048,217.0,5771,NOTRIAL
fixation,1693430.824000001,0.3550240010023117,0.24778407923877238,2.811942291259766,2.737596893310547,341.0,5772,NOTRIAL
fixation,1693947.503000021,0.3847983703017235,0.26309794653207064,2.7515182495117188,2.6908674240112305,258.0,5773,NOTRIAL
fixation,1694230.8430000544,0.4237929348434721,0.25344258546829224,2.770471845354353,2.6761692592075894,233.0,5774,NOTRIAL
fixation,1694497.5180000067,0.49739306551568646,0.24950213423546622,2.718326344209559,2.6198048311121322,283.0,5775,NOTRIAL
fixation,1694830.8560000658,0.6200405061244965,0.2485677699247996,2.7855567932128906,2.6364707946777344,208.0,5776,NOTRIAL
fixation,1695214.2010000944,0.49165925284226736,0.2611697196960449,2.820298258463542,2.713767496744792,242.0,5777,NOTRIAL
fixation,1695514.2070000172,0.6175926859889712,0.25429541936942507,2.8212618146623885,2.666876656668527,234.0,5778,NOTRIAL
fixation,1695797.5480000973,0.5882845818996429,0.4393039882183075,2.7494842529296877,2.6456787109375,83.0,5779,NOTRIAL
fixation,1695914.2170000076,0.6355523146115817,0.4668674205358212,2.748112605168269,2.653972919170673,217.0,5780,NOTRIAL
fixation,1696147.5580000877,0.6216303884983063,0.4692766159772873,2.7319732666015626,2.6577224731445312,174.0,5781,NOTRIAL
fixation,1696530.8990000486,0.4874257603660226,0.44477898348122835,2.7159013748168945,2.656383514404297,259.0,5782,NOTRIAL
fixation,1696830.9060000181,0.3752075433731079,0.4818057729439302,2.6949393532492896,2.646027998490767,183.0,5783,NOTRIAL
fixation,1697030.9100000858,0.3579617664217949,0.48902119100093844,2.5798904418945314,2.505842590332031,167.0,5784,NOTRIAL
fixation,1697247.580000043,0.5541911646723747,0.4655890930444002,2.6015567779541016,2.4777965545654297,133.0,5785,NOTRIAL
fixation,1697414.2520000935,0.6351410746574402,0.4719253573566675,2.603443145751953,2.4983463287353516,142.0,5786,NOTRIAL
fixation,1697814.2580000162,0.5208259433507919,0.4645826905965805,2.7090217590332033,2.63841552734375,326.0,5787,NOTRIAL
fixation,1698164.2680000067,0.5574947663328864,0.45707899873906915,2.644799665971236,2.576723965731534,367.0,5788,NOTRIAL
fixation,1698564.2720000744,0.6257685969273249,0.46868949569761753,2.639575958251953,2.585969924926758,408.0,5789,NOTRIAL
fixation,1699214.2850000858,0.6357371253626687,0.4786571775163923,2.6103668212890625,2.570896693638393,117.0,5790,NOTRIAL
fixation,1699564.284000039,0.630871617131763,0.4712523917357127,2.6072760687934027,2.5601128472222223,142.0,5791,NOTRIAL
fixation,1699730.9530000687,0.5684884033705059,0.46646245137641307,2.6372150621916117,2.603067498458059,317.0,5792,NOTRIAL
fixation,1700064.2960000038,0.5153858330514696,0.45826326807339984,2.594853719075521,2.5528157552083335,150.0,5793,NOTRIAL
fixation,1700230.9630000591,0.49225359135552454,0.4624306441921937,2.5765581632915295,2.5513554623252466,317.0,5794,NOTRIAL
fixation,1700580.9700000286,0.4081834877530734,0.736600880821546,2.505152384440104,2.4984715779622397,100.0,5795,NOTRIAL
fixation,1700697.6360000372,0.35148126900196075,0.7196029317378998,2.536630859375,2.5500482177734374,416.0,5796,NOTRIAL
fixation,1701130.9790000916,0.3377239592373371,0.7218901179730892,2.4820709228515625,2.502023696899414,141.0,5797,NOTRIAL
fixation,1701547.6550000906,0.4691822975873947,0.7005071565508842,2.5430259704589844,2.534900665283203,133.0,5798,NOTRIAL
fixation,1701697.6560000181,0.506934842094779,0.6952986121177673,2.592458724975586,2.563993453979492,133.0,5799,NOTRIAL
fixation,1701864.327000022,0.572424241900444,0.6967489048838615,2.5700752258300783,2.5186531066894533,334.0,5800,NOTRIAL
fixation,1702231.009000063,0.6419429969787598,0.7080434775352478,2.618963623046875,2.544444580078125,417.0,5801,NOTRIAL
fixation,1702764.3570001125,1.0511667412870072,1.0037619506611544,2.7396258185891544,2.616841933306526,283.0,5802,NOTRIAL
fixation,1703164.3660000563,1.812870454788208,0.9728816151618958,2.9876434326171877,,83.0,5803,NOTRIAL
fixation,1703481.0390000343,0.2696593403816223,1.0638870000839233,2.301605224609375,,67.0,5804,NOTRIAL
fixation,1703756.0480000973,0.5456384041092612,0.5439239496534521,2.6678702614524146,2.663816972212358,182.0,5805,FIX_CROS
fixation,1703972.7170000076,0.49806998326228213,0.4923413934615942,2.7984889103816104,2.750042255108173,217.0,5806,FIX_CROS
fixation,1704206.0550000668,0.4851923423508803,0.4761408753693104,2.6909408569335938,2.652507781982422,200.0,5807,FIX_CROS
fixation,1704439.3940000534,0.40311185731774285,0.37988185740652536,2.6457613990420388,2.6324942452566966,350.0,5808,FIX_CROS
fixation,1704839.4070000648,0.2439341073234876,0.25653748338421184,2.7148462931315103,2.6699447631835938,100.0,5809,14.2
fixation,1704956.077000022,0.213050117286352,0.25391207291529727,2.6162872314453125,2.5728654127854567,217.0,5810,14.2
fixation,1705206.0820000172,0.26374638908439213,0.24469575699832705,2.62308586968316,2.5643751356336804,150.0,5811,14.2
fixation,1705389.4220000505,0.33838747143745423,0.2446172907948494,2.647088623046875,2.599530029296875,166.0,5812,14.2
fixation,1705589.4170000553,0.38508231192827225,0.24969069007784128,2.7432918548583984,2.651243209838867,133.0,5813,14.2
fixation,1705756.0880000591,0.297354565312465,0.24622556318839392,2.8152681986490884,2.7102279663085938,200.0,5814,14.2
fixation,1705972.7600001097,0.26965057104825974,0.247832584194839,2.847126007080078,2.7289505004882812,133.0,5815,14.2
fixation,1706139.4310001135,0.3207225787142913,0.24863936627904573,2.891729990641276,2.753800710042318,200.0,5816,14.2
fixation,1706356.1040000916,0.35938424278389325,0.24847895245660434,2.909749811345881,2.7634207985617896,184.0,5817,14.2
fixation,1706572.7770000696,0.43924523144960403,0.2573849068333705,2.9252802530924478,2.7761688232421875,200.0,5818,14.2
fixation,1706789.4470000267,0.5120679825544358,0.2457451954483986,2.9362564086914062,2.7381805419921874,166.0,5819,14.2
fixation,1706989.452000022,0.5784542425112291,0.24460717290639877,2.9314949729225854,2.7332222678444604,183.0,5820,14.2
fixation,1707206.1220000982,0.6687517555860373,0.25258217866604143,2.9329024094801683,2.723455575796274,217.0,5821,14.2
fixation,1707439.4600000381,0.7387217193841934,0.2545636795461178,2.9318618774414062,2.70853271484375,166.0,5822,14.2
fixation,1707639.46600008,0.8040789447047494,0.23817035284909335,2.977140946821733,2.741524436257102,183.0,5823,14.2
fixation,1707939.4780000448,0.18980715079949453,0.33702841859597427,2.995404756986178,2.8829486553485575,216.0,5824,14.2
fixation,1708172.816000104,0.24469833419873163,0.3259456077447304,2.9541086050180287,2.7963655911959133,217.0,5825,14.2
fixation,1708422.8210000992,0.2951024979352951,0.3299426198005676,2.816218566894531,2.6632339477539064,167.0,5826,14.2
fixation,1708606.1580001116,0.389188928099779,0.3425256380668053,2.829602755033053,2.699506319486178,217.0,5827,14.2
fixation,1708839.4950000048,0.43666974902153016,0.33047687709331514,2.84052734375,2.7284637451171876,166.0,5828,14.2
fixation,1709022.830000043,0.49453880223963,0.3351638995938831,2.8292422824435763,2.73577880859375,150.0,5829,14.2
fixation,1709206.1610000134,0.559189515809218,0.33299052342772484,2.840002695719401,2.7332305908203125,200.0,5830,14.2
fixation,1709439.4990000725,0.6450329493073856,0.3340684052775888,2.8476400936351105,2.7270094927619484,283.0,5831,14.2
fixation,1709739.5050001144,0.6923270638172443,0.33371078968048096,2.7918900709885817,2.695294893704928,216.0,5832,14.2
fixation,1709972.8430000544,0.7339092228147719,0.33650458686881596,2.78037346733941,2.6743367513020835,150.0,5833,14.2
fixation,1710156.1810001135,0.793438246846199,0.33767220601439474,2.8014404296875,2.6681861877441406,334.0,5834,14.2
fixation,1710589.5210000277,0.21090675496003208,0.430423279895502,2.806684606215533,2.817678114947151,283.0,5835,14.2
fixation,1710906.1940000057,0.2901344264929111,0.42869936388272506,2.7388704740084133,2.6922267033503604,217.0,5836,14.2
fixation,1711156.199000001,0.3637301385402679,0.4189412772655487,2.6403427124023438,2.600697326660156,167.0,5837,14.2
fixation,1711339.5360000134,0.41750278256156226,0.42719493264501746,2.6283763538707388,2.6202878085049717,183.0,5838,14.2
fixation,1711539.53700006,0.4618843346834183,0.4264124565654331,2.675237019856771,2.637747870551215,150.0,5839,14.2
fixation,1711722.8760000467,0.5208168576161066,0.43247685581445694,2.6831270853678384,2.6282971700032554,200.0,5840,14.2
fixation,1711956.21600008,0.6146279275417328,0.4173046329191753,2.6530968802315846,2.6024180821010043,234.0,5841,14.2
fixation,1712206.2210000753,0.6717145012484657,0.4136749605337779,2.635136922200521,2.5626712375217013,150.0,5842,14.2
fixation,1712389.5590000153,0.7246209979057312,0.4133070097728209,2.6336503462357954,2.5594981800426138,183.0,5843,14.2
fixation,1712606.2310000658,0.7759064644575119,0.41515116542577746,2.64923095703125,2.546128845214844,167.0,5844,14.2
fixation,1712789.5680000782,0.8116252832114697,0.42104073241353035,2.6539974212646484,2.548837661743164,133.0,5845,14.2
fixation,1713039.574000001,0.22113832003540462,0.509753942489624,2.6122283935546875,2.6617007785373263,150.0,5846,14.2
fixation,1713206.2520000935,0.18316377264757952,0.5145688156286875,2.646874745686849,2.631023406982422,200.0,5847,14.2
fixation,1713439.5850000381,0.25722559355199337,0.5119366906583309,2.5335769653320312,2.5370508829752603,200.0,5848,14.2
fixation,1713672.9310001135,0.32529053650796413,0.5163314957171679,2.506882667541504,2.5074539184570312,267.0,5849,14.2
fixation,1713956.262000084,0.37423679381608965,0.5120730578899384,2.5474639892578126,2.542913818359375,175.0,5850,14.2
fixation,1714372.938000083,0.48814579993486407,0.5175340414047241,2.6376861572265624,2.6208282470703126,159.0,5851,14.2
fixation,1714606.2850000858,0.7189596518874168,0.5111784376204014,2.733605702718099,2.6506474812825522,200.0,5852,14.2
fixation,1714822.9590001106,0.7520999974674649,0.5150231122970581,2.7047186957465277,2.6158328586154513,150.0,5853,14.2
fixation,1714989.6330000162,0.7873363018035888,0.5144446969032288,2.708624267578125,2.621417236328125,91.0,5854,14.2
fixation,1715289.6300001144,0.2012260671366345,0.6029008356007662,2.652504660866477,2.6795154918323862,175.0,5855,14.2
fixation,1715506.310000062,0.27486731799749226,0.5984538747714117,2.6176616962139425,2.6146404559795675,217.0,5856,14.2
fixation,1715739.640000105,0.32195934440408436,0.6107299881322044,2.504021780831473,2.5401415143694197,116.0,5857,14.2
fixation,1715906.3110001087,0.23650504304812506,0.6089623387043293,2.526484562800481,2.531744150015024,217.0,5858,14.2
fixation,1716156.3170000315,0.38765245576699575,0.6152114649613698,2.567729695638021,2.547210693359375,250.0,5859,14.2
fixation,1716422.9900000095,0.4198909219768312,0.6149708694881864,2.577645195855035,2.564853244357639,150.0,5860,14.2
fixation,1716589.6690000296,0.4767132937908173,0.6192333251237869,2.561540222167969,2.5271072387695312,167.0,5861,14.2
fixation,1716773.0050001144,0.5278977291150526,0.6081033078106967,2.5572870427911933,2.512144608931108,184.0,5862,14.2
fixation,1716973.0110000372,0.5799858407540754,0.6068929135799408,2.553201848810369,2.4951726740056817,184.0,5863,14.2
fixation,1717189.6830000877,0.6575739234685898,0.5965661938701358,2.5238048008510043,2.478834969656808,233.0,5864,14.2
fixation,1717456.3450000286,0.7809786856174469,0.6049213886260987,2.583695983886719,2.5097305297851564,174.0,5865,14.2
fixation,1717789.6930000782,0.3029756471514702,0.7106016710400581,2.5791587829589844,2.5832450866699217,325.0,5866,14.2
fixation,1718139.7010000944,0.31406305730342865,0.7152195125818253,2.586505889892578,2.552288055419922,67.0,5867,14.2
fixation,1718223.0350000858,0.35798490419983864,0.714344913760821,2.5048510233561196,2.5027287801106772,200.0,5868,14.2
fixation,1718456.3730000257,0.446811396967281,0.7152334614233538,2.489504727450284,2.475515192205256,183.0,5869,14.2
fixation,1718673.0450000763,0.6507196500897408,0.697043796380361,2.494213104248047,2.4617411295572915,200.0,5870,14.2
fixation,1718889.708000064,0.7055312726232741,0.685690290398068,2.5442572699652777,2.50246344672309,150.0,5871,14.2
fixation,1719089.7060000896,0.5890099629759789,0.43613680452108383,2.6706695556640625,2.6108474731445312,200.0,5872,NOTRIAL
fixation,1719306.3940000534,0.633326119184494,0.3368298262357712,2.7297210693359375,2.6323150634765624,91.0,5873,NOTRIAL
fixation,1719589.730000019,0.6175568103790283,0.2562251804539791,2.8999252319335938,2.761911832369291,425.0,5874,NOTRIAL
fixation,1720073.0730000734,0.6298877477645874,0.4750905007123947,2.8809112548828124,2.7578033447265624,84.0,5875,NOTRIAL
fixation,1720173.0730000734,0.639806350072225,0.4627565418680509,2.8572718302408853,2.734405517578125,100.0,5876,NOTRIAL
fixation,1720306.4100000858,0.613377470523119,0.27354912273585796,2.861215591430664,2.73162841796875,133.0,5877,NOTRIAL
fixation,1720456.4140000343,0.5702691816148304,0.2594414623010726,2.852696736653646,2.731901622953869,350.0,5878,NOTRIAL
fixation,1720839.7550001144,0.6338599593408646,0.4674057316395544,2.868231004284274,2.757020027406754,517.0,5879,NOTRIAL
fixation,1721406.4310001135,0.6575181058474949,0.7138334810733795,2.784111567905971,2.694262368338449,474.0,5880,NOTRIAL
fixation,1722056.4330000877,0.6480363479682377,0.6918620126588004,2.599729265485491,2.5693228585379466,116.0,5881,NOTRIAL
fixation,1722423.114000082,0.5312719941139221,0.454242967069149,2.7747440338134766,2.7311363220214844,126.0,5882,NOTRIAL
fixation,1722589.7810000181,0.4848213496689613,0.30827028906116116,2.8098860520582933,2.7432027963491588,867.0,5883,NOTRIAL
fixation,1723489.7910000086,0.5107461236990415,0.23813869001773688,2.8436983548677883,2.74929692195012,217.0,5884,NOTRIAL
fixation,1723756.46600008,0.4049097543412989,0.4407449134371497,2.8020185990767046,2.743832674893466,183.0,5885,NOTRIAL
fixation,1723989.8010001183,0.6216735720634461,0.44261737167835236,2.8241302490234377,2.72860107421875,91.0,5886,NOTRIAL
fixation,1724506.4730000496,0.6305200308561325,0.4317800725499789,2.953619639078776,2.865184783935547,192.0,5887,NOTRIAL
fixation,1724773.1450001001,0.6384391516447068,0.29262166768312453,2.9873016357421873,2.86153564453125,167.0,5888,NOTRIAL
fixation,1724973.1500000954,0.630466532868308,0.4778865732856699,2.8459023140572213,2.7583024308488175,625.0,5889,NOTRIAL
fixation,1726139.8320000172,0.47915244847536087,0.38065626803371644,2.9021648830837674,2.8270594278971353,292.0,5890,NOTRIAL
fixation,1726473.1660000086,0.5138128410886835,0.4709783030880822,2.835164953161169,2.7759105541087963,450.0,5891,NOTRIAL
fixation,1726939.8450000286,0.4705019380365099,0.4288419506379536,2.712221418108259,2.712212698800223,233.0,5892,27
fixation,1727239.8490000963,0.41861215233802795,0.9149035811424255,2.5212127685546877,2.5796112060546874,83.0,5893,27
fixation,1727356.5160000324,0.3850178673863411,0.8860127687454223,2.5460830688476563,2.61689453125,166.0,5894,27
fixation,1727539.85800004,0.4342288225889206,0.8864165432751179,2.5923118591308594,2.6064300537109375,133.0,5895,27
fixation,1727706.526000023,0.5108145574728647,0.8658932712343004,2.551571316189236,2.5370635986328125,150.0,5896,27
fixation,1727889.8540000916,0.5625635335842768,0.8665566667914391,2.5697619120279946,2.5435880025227866,200.0,5897,27
fixation,1728106.5240000486,0.5413764986124906,0.8634489883076061,2.5869140625,2.576141357421875,183.0,5898,27
fixation,1728306.5250000954,0.5949173952851977,0.8699265718460083,2.618406023297991,2.5631256103515625,116.0,5899,27
fixation,1728456.5320000648,0.470781178346702,0.8717840697084155,2.573185511997768,2.611328125,233.0,5900,27
fixation,1728723.2040001154,0.5217747125360701,0.8647135959731208,2.616463555230035,2.5439571804470487,150.0,5901,27
fixation,1728906.5420000553,0.5860650118659524,0.8701800651410047,2.6004180908203125,2.471043306238511,283.0,5902,27
fixation,1729206.5460000038,0.6181748466832298,0.8640026066984449,2.6283155168805803,2.5225132533482144,124.0,5903,27
fixation,1729473.2170000076,0.49034135912855464,0.551972304781278,2.7116851806640625,2.654249827067057,192.0,5904,27
fixation,1729723.2230000496,0.4688697265727179,0.4459312622036253,2.745184762137277,2.665065220424107,117.0,5905,27
fixation,1729873.2250000238,0.47110993365446724,0.34088017443815866,2.7024820963541667,2.652337646484375,250.0,5906,27
fixation,1730156.563000083,0.44466423615813255,0.559775839249293,2.6714083353678384,2.62506103515625,200.0,5907,27
fixation,1730373.2350000143,0.40874597430229187,0.5969733566045761,2.7298980712890626,2.67894287109375,167.0,5908,27
fixation,1730573.239000082,0.4945589740361486,0.4126786100012915,2.7401864188058034,2.6706019810267856,234.0,5909,27
fixation,1730906.5790001154,0.48263006389141083,0.8570138275623321,2.605633544921875,2.57367919921875,416.0,5910,27
fixation,1731356.5890001059,0.535271018743515,0.8639296425713433,2.643917507595486,2.5696241590711804,150.0,5911,27
fixation,1731523.2570000887,0.5809484291821718,0.8653546534478664,2.600306510925293,2.5445470809936523,267.0,5912,27
fixation,1731806.5960000753,0.6188259944319725,0.8724653869867325,2.6287155151367188,2.5338287353515625,66.0,5913,27
fixation,1731923.265000105,0.43437931686639786,0.6618558913469315,2.7116165161132812,2.700700378417969,167.0,5914,27
fixation,1732123.2680000067,0.40355621377627054,0.619590691725413,2.763818359375,2.7308359781901044,250.0,5915,27
fixation,1732406.6070001125,0.49066797875124835,0.6408911388495873,2.804375484071929,2.7611062937769395,483.0,5916,27
fixation,1732923.2820000648,0.4319480895996094,0.627719247341156,2.7693450927734373,2.7547286987304687,167.0,5917,27
fixation,1733106.6190000772,0.40804627703295815,0.599780821137958,2.778349134657118,2.7495574951171875,150.0,5918,27
fixation,1733306.6260000467,0.4847394596127903,0.3563159712973763,2.754015754250919,2.7055547377642464,283.0,5919,27
fixation,1733606.6260000467,0.44717887789011,0.3473448697477579,2.7681617736816406,2.7179222106933594,133.0,5920,27
fixation,1733789.9650000334,0.6279310773719441,0.47013639320026746,2.8201363303444604,2.7415202747691763,183.0,5921,27
fixation,1734006.6430000067,0.500449362397194,0.3154370054602623,2.8927703857421876,2.8159515380859377,174.0,5922,27
fixation,1734323.3150000572,0.4969599187374115,0.5736298531293869,2.9538894653320313,2.8893814086914062,159.0,5923,27
fixation,1734523.3110001087,0.41923416685312986,0.5614678375422955,3.037525177001953,2.9215002059936523,267.0,5924,27
fixation,1734823.3200000525,0.4755821886815523,0.3454117680850782,3.0321904232627466,2.9063519929584705,317.0,5925,27
fixation,1735156.6560000181,0.44673408304943757,0.35564418224727407,3.004713170668658,2.904061710133272,291.0,5926,27
fixation,1735623.330000043,0.5016842236121496,0.422373216599226,2.934223175048828,2.852278391520182,193.0,5927,27
fixation,1735856.6670000553,0.4766963988542557,0.5139449139436086,2.9579396565755207,2.8696797688802085,250.0,5928,27
fixation,1736140.0070000887,0.4918065321881597,0.35692810030972083,2.885205524723704,2.8135897008384148,692.0,5929,27
fixation,1737040.0320000648,0.4972505592741072,0.48314885376021266,2.8869009017944336,2.819486141204834,526.0,5930,FIX_CROS
fixation,1737590.034000039,0.4585805726902826,0.43912256083318163,2.805934361049107,2.7574800763811385,234.0,5931,FIX_CROS
fixation,1737873.3730000257,0.2628227025270462,0.3328878829876582,2.8548177083333335,2.8200912475585938,100.0,5932,27.1
fixation,1737990.0510001183,0.21548318596822874,0.3301715648600033,2.7981044224330356,2.75872802734375,234.0,5933,27.1
fixation,1738256.7250000238,0.27395391650497913,0.3302067592740059,2.7791671752929688,2.7051563262939453,133.0,5934,27.1
fixation,1738423.3850001097,0.33744672934214276,0.3416827900542153,2.7869330512152777,2.73046875,150.0,5935,27.1
fixation,1738606.7320001125,0.4034991040825844,0.3448049485683441,2.866923522949219,2.7865859985351564,167.0,5936,27.1
fixation,1738790.066000104,0.4668285259976983,0.3394133625552058,2.9167118072509766,2.8031415939331055,267.0,5937,27.1
fixation,1739090.0650000572,0.5133051753044129,0.33295792490243914,2.8934860229492188,2.7876541137695314,167.0,5938,27.1
fixation,1739290.0700000525,0.5585681105201895,0.3350049433383075,2.910392067649148,2.7998830621892754,375.0,5939,27.1
fixation,1739856.7480000257,0.6394884325563908,0.33727763406932354,2.9014816284179688,2.773468017578125,125.0,5940,27.1
fixation,1740006.75,0.6649032698737251,0.336479311188062,2.908255683051215,2.772304958767361,150.0,5941,27.1
fixation,1740190.0860000849,0.729011299709479,0.33892801652352017,2.8332811991373696,2.7202186584472656,200.0,5942,27.1
fixation,1740406.7550001144,0.790733990073204,0.34099290817975997,2.767472839355469,2.6617462158203127,167.0,5943,27.1
fixation,1740690.1020001173,0.1813926129705376,0.40238916046089596,2.7496405707465277,2.7516165839301214,300.0,5944,27.1
fixation,1741006.776000023,0.2128562911280564,0.4141500400645392,2.7030814034598216,2.6820084708077565,467.0,5945,27.1
fixation,1741506.7860000134,0.25911799967288973,0.4272900938987732,2.6916732788085938,2.663951110839844,167.0,5946,27.1
fixation,1741690.114000082,0.3133543266190423,0.43493954175048405,2.702567206488715,2.668733384874132,150.0,5947,27.1
fixation,1741873.4590001106,0.3709850236773491,0.4295427863086973,2.7054857526506697,2.6687142508370534,233.0,5948,27.1
fixation,1742123.4540001154,0.43470749631524086,0.4344689153134823,2.68123779296875,2.6703346252441404,333.0,5949,27.1
fixation,1742490.1290000677,0.48644361396630603,0.4305887487199571,2.665374755859375,2.64369879828559,150.0,5950,27.1
fixation,1742673.4640001059,0.5363413333892822,0.42150612622499467,2.640936279296875,2.6107177734375,166.0,5951,27.1
fixation,1742873.469000101,0.6271355206316168,0.42201346158981323,2.6480657404119317,2.6330427689985796,183.0,5952,27.1
fixation,1743090.1380000114,0.7700946480035782,0.420619854496585,2.651495191786024,2.595020718044705,300.0,5953,27.1
fixation,1743473.4850000143,0.21182091992634994,0.5114938903313416,2.6890951303335338,2.719678438626803,224.0,5954,27.1
fixation,1743790.1580001116,0.1839811665316423,0.5231827696164449,2.648249308268229,2.659088134765625,92.0,5955,27.1
fixation,1743923.4940000772,0.2963406977554162,0.521614874402682,2.5791842142740884,2.588703155517578,200.0,5956,27.1
fixation,1744140.16200006,0.34384155699184965,0.5213721309389386,2.56024169921875,2.5637991768973216,125.0,5957,27.1
fixation,1744490.1610000134,0.3939069747924805,0.5226754963397979,2.58370361328125,2.58951416015625,76.0,5958,27.1
fixation,1744590.16200006,0.4376616053856336,0.5184038396065052,2.649968073918269,2.6348959115835338,217.0,5959,27.1
fixation,1744856.833000064,0.6143935998280843,0.5096490989128749,2.6019622802734377,2.5817850748697917,250.0,5960,27.1
fixation,1745140.168000102,0.6620960506525907,0.5027427510781721,2.635154030539773,2.596944635564631,184.0,5961,27.1
fixation,1745356.8450000286,0.7274329768759864,0.5073145489607539,2.6647164481026784,2.600358145577567,233.0,5962,27.1
fixation,1745606.8430000544,0.763651117682457,0.5125239565968513,2.68760986328125,2.596856689453125,167.0,5963,27.1
fixation,1745806.8480000496,0.8089451532472264,0.5050881098617207,2.742701443758878,2.6275419755415483,367.0,5964,27.1
fixation,1746306.85800004,0.2875280880502292,0.6016033291816711,2.7810876028878346,2.7423738752092635,233.0,5965,27.1
fixation,1746556.8680000305,0.351569889113307,0.6103262547403574,2.7527008056640625,2.6987152099609375,267.0,5966,27.1
fixation,1746840.208000064,0.4091532826423645,0.6130503639578819,2.673768997192383,2.6364479064941406,134.0,5967,27.1
fixation,1746990.2100000381,0.4490331230419023,0.6190183971609388,2.687525068010603,2.6399241856166293,234.0,5968,27.1
fixation,1747256.8830000162,0.4782804777989021,0.6156124197519742,2.6974029541015625,2.6500619741586537,217.0,5969,27.1
fixation,1747490.219000101,0.5158544629812241,0.6161356046795845,2.6538238525390625,2.6251551310221353,200.0,5970,27.1
fixation,1747706.890000105,0.5599646591223203,0.6134565564302298,2.631776076096755,2.596074030949519,217.0,5971,27.1
fixation,1747956.8950001001,0.6056030942843511,0.6015373376699594,2.6171194223257213,2.579620361328125,217.0,5972,27.1
fixation,1748206.8970000744,0.633755391294306,0.5970032567327673,2.6397455388849433,2.6018232865767046,183.0,5973,27.1
fixation,1748406.9020000696,0.6773753184825182,0.5931137464940548,2.686960220336914,2.6208486557006836,267.0,5974,27.1
fixation,1748690.2410000563,0.7241189070045948,0.6022594124078751,2.6996898651123047,2.624429702758789,142.0,5975,27.1
fixation,1749040.25,0.6963341281964228,0.6012795109015244,2.7523158146784854,2.6673513559194713,209.0,5976,27.1
fixation,1749323.5880000591,1.0290963004032772,0.9337154030799866,2.857233683268229,2.7228724161783853,108.0,5977,27.1
fixation,1749606.915000081,0.557532474398613,0.9780172109603882,2.639425277709961,2.5000667572021484,133.0,5978,27.1
fixation,1749973.5920000076,0.4571252145937511,1.0259836316108704,2.8471897670200894,2.621067592075893,108.0,5979,27.1
fixation,1750106.9360001087,0.42876894496105333,1.05253400405248,2.892295554832176,2.6895102041739003,450.0,5980,27.1
fixation,1751231.9470000267,0.2936521414667368,1.03926314227283,2.7875261306762695,2.520085334777832,267.0,5981,27.1
fixation,1751531.9630000591,0.4160563918677243,1.040396663275632,2.783205899325284,2.576619928533381,183.0,5982,27.1
fixation,1751731.9570000172,0.3970123276114464,1.0590646862983704,2.879547119140625,2.6985824584960936,175.0,5983,27.1
fixation,1752098.6390000582,0.23129952698946,0.513792556795207,3.0021223588423296,2.880777532404119,175.0,5984,27.1
fixation,1752348.6420000792,0.4998330771923065,0.5554494559764862,3.0121307373046875,2.8221664428710938,166.0,5985,27.1
fixation,1752565.3120000362,0.6453035771846771,0.5742676053196192,2.8119802474975586,2.707702159881592,534.0,5986,27.1
fixation,1753131.989000082,0.6004474620024364,0.5390533228715261,2.8380116780598956,2.7356465657552085,250.0,5987,27.1
fixation,1753431.9930000305,0.7207948311611458,0.6020526797683151,2.79824376989294,2.710457695855035,450.0,5988,27.1
fixation,1753948.668000102,1.050003535217709,0.6901588175031874,2.904293484157986,2.738167656792535,158.0,5989,27.1
fixation,1754265.34100008,0.6539972658668246,0.5681966883795602,2.8158776419503346,2.724737984793527,225.0,5990,27.1
fixation,1754532.0070000887,0.545370208494591,0.5897012560656576,2.83424423680161,2.738606308445786,550.0,5991,27.1
fixation,1755115.3560000658,0.5098476707935333,0.624652124941349,2.8500086466471353,2.7766761779785156,200.0,5992,27.1
fixation,1755365.35800004,0.6831801883552385,0.6031471879585929,2.810371730638587,2.708438375721807,383.0,5993,27.1
fixation,1755815.364000082,0.48579304814338686,0.9757854998111725,2.6758636474609374,2.5413177490234373,91.0,5994,27.1
fixation,1756132.03700006,0.4322383837266402,1.1029035340655933,2.8102860884232954,2.6602935791015625,176.0,5995,27.1
fixation,1756348.7070000172,0.38730910668770474,1.0221828371286392,2.8677885267469616,2.7295650906032987,300.0,5996,27.1
fixation,1756715.381000042,0.2820512615144253,0.6491344844301542,2.890803019205729,2.8100293477376304,200.0,5997,27.1
fixation,1756965.384000063,0.4865517142144116,0.5933346477421847,2.880067305131392,2.763753717595881,183.0,5998,27.1
fixation,1757182.0560001135,0.6476151247819265,0.5932006041208903,2.789986165364583,2.701856486002604,250.0,5999,27.1
fixation,1757482.0610001087,0.46771001003005286,0.5915285348892212,2.8706859241832388,2.80242919921875,184.0,6000,27.1
fixation,1757715.3960000277,0.6330723549638476,0.5939148494175502,2.816590808686756,2.7209879557291665,350.0,6001,27.1
fixation,1758132.0730000734,0.5340000490347544,1.1646862626075745,,2.6664911905924478,108.0,6002,27.1
fixation,1758482.0790001154,0.43675985506602694,1.0478098222187586,2.7973545619419644,2.521639142717634,109.0,6003,27.1
fixation,1758665.415000081,0.3600403169790904,0.6296564009454515,2.949837578667535,2.848973592122396,150.0,6004,27.1
fixation,1758865.4210000038,0.6359850093722343,0.6072321062286695,2.926532745361328,2.763840993245443,200.0,6005,27.1
fixation,1759098.756000042,0.6916853619946374,0.6027349266741011,2.896358913845486,2.7221866183810763,150.0,6006,27.1
fixation,1759265.4280000925,0.7287188917398453,0.6080649097760519,2.883148193359375,2.7401962280273438,100.0,6007,27.1
fixation,1759432.0960000753,0.2696291208267212,0.5498163439333439,2.858610153198242,2.8314990997314453,134.0,6008,27.1
fixation,1759598.7630000114,0.19929778862458009,0.527364235657912,2.935436542217548,2.8462618314302883,217.0,6009,27.1
fixation,1759832.1030000448,0.25092367455363274,0.5238330483436584,2.932806396484375,2.82650146484375,167.0,6010,27.1
fixation,1760015.4420000315,0.3195345148444176,0.5139974892139435,2.8971160888671874,2.7644699096679686,166.0,6011,27.1
fixation,1760265.4390000105,0.686942073431882,0.5151597518812526,2.9197138006036933,2.7440615567294033,183.0,6012,27.1
fixation,1760465.441000104,0.7208771434697238,0.5133760395375165,2.9654360684481533,2.7812763560901987,183.0,6013,27.1
fixation,1760665.4460000992,0.7878788709640503,0.5103688010802636,2.9926241361177883,2.7900496262770433,216.0,6014,27.1
fixation,1761165.4540001154,0.3002858676693656,0.6079864691604268,2.9206057461825283,2.8463911576704546,175.0,6015,27.1
fixation,1761382.1270000935,0.37329334318637847,0.6133220811684926,2.934955851236979,2.823566691080729,250.0,6016,27.1
fixation,1761665.4640001059,0.43507123086601496,0.6266461201012135,2.808302879333496,2.708559989929199,266.0,6017,27.1
fixation,1761965.4710000753,0.4944263430578368,0.6143936429704938,2.786665780203683,2.685857500348772,233.0,6018,27.1
fixation,1762215.4760000706,0.5495815809283938,0.6061700688941138,2.797591073172433,2.7008895874023438,233.0,6019,27.1
fixation,1762482.1460000277,0.6207625021537145,0.6066172669331232,2.7890396118164062,2.6928838094075522,108.0,6020,27.1
fixation,1762782.1520000696,0.6394566372036934,0.6018765196204185,2.7809619903564453,2.693286895751953,134.0,6021,27.1
fixation,1762948.827000022,0.6988710256723257,0.606331502015774,2.860410837026743,2.745238084059495,433.0,6022,27.1
fixation,1763415.5080000162,0.5737959834245535,0.49131197654283965,2.8603856013371396,2.762822077824519,216.0,6023,27.1
fixation,1763698.8390001059,0.3770729899406433,0.5829393565654755,2.8782741001674106,2.835878644670759,125.0,6024,27.1
fixation,1764015.5220000744,0.6817416979206933,0.6195696691672007,2.8595106336805554,2.7202860514322915,150.0,6025,27.1
fixation,1764398.864000082,0.4181389376521111,1.0214848518371582,2.8575515747070312,2.710144805908203,333.0,6026,27.1
fixation,1764932.2090001106,0.6563938898699624,0.57304276738848,2.9843553815569197,2.841524396623884,117.0,6027,27.1
fixation,1765082.2120000124,0.721298967798551,0.6055645495653152,3.0306625366210938,2.8842442830403647,200.0,6028,27.1
fixation,1765365.5500000715,1.1440208066593518,0.7731576724485918,3.0794441916725854,2.8560028076171875,191.0,6029,27.1
fixation,1765715.560000062,0.6622004769742489,0.5991124287247658,2.912290573120117,2.801748275756836,125.0,6030,27.1
fixation,1765882.2290000916,0.7215931056919744,0.6040408848705938,2.945221464512712,2.8094911736957098,984.0,6031,27.1
fixation,1766915.5860000849,0.6157035108874825,0.5334348696119645,2.901584400850184,2.7970832375919117,283.0,6032,27.1
fixation,1767248.9250000715,0.47804814390838146,0.3281190022826195,2.9729557037353516,2.850149154663086,133.0,6033,NOTRIAL
fixation,1767415.5960000753,0.4306987002491951,0.1828235037624836,2.907695007324219,2.793110656738281,174.0,6034,NOTRIAL
fixation,1767748.9360001087,0.43668390065431595,0.5067505066593488,2.974756876627604,2.881139119466146,108.0,6035,NOTRIAL
fixation,1768032.273000002,0.4357559283574422,0.2914189050594966,3.0951766967773438,2.986607869466146,92.0,6036,NOTRIAL
fixation,1768182.2750000954,0.4657557023068269,0.16798101117213568,3.127926913174716,2.9861577351888022,200.0,6037,NOTRIAL
fixation,1768415.614000082,0.6111202756563823,0.2613609924912453,3.170947265625,3.009954833984375,250.0,6038,NOTRIAL
fixation,1768682.28700006,0.634214440981547,0.2648985640456279,3.1576131184895835,3.022638956705729,208.0,6039,NOTRIAL
fixation,1769098.9630000591,0.5820723474025726,0.43224669247865677,3.073895263671875,3.0104446411132812,159.0,6040,NOTRIAL
fixation,1769282.2980000973,0.6324566388130188,0.4666914075613022,3.06549072265625,2.978033447265625,417.0,6041,NOTRIAL
fixation,1769748.969000101,0.6053004165490469,0.2836541265249252,3.0322560628255206,2.9553151448567707,250.0,6042,NOTRIAL
fixation,1770015.6440000534,0.5891515778170692,0.26355866259998745,3.023227267795139,2.937589857313368,150.0,6043,NOTRIAL
fixation,1770182.3150000572,0.6231744239727656,0.25432596417764824,3.0541610717773438,2.9145304361979165,200.0,6044,NOTRIAL
fixation,1770415.6520000696,0.5691833679492657,0.2575412971469072,3.0474102313701925,2.9182164118840146,216.0,6045,NOTRIAL
fixation,1770698.9910000563,0.6406805788477262,0.48889022568861645,3.0094337463378906,2.884618123372396,200.0,6046,NOTRIAL
fixation,1770932.3310000896,0.5753576640899365,0.2680156769660803,3.00887944148137,2.9013883150540867,217.0,6047,NOTRIAL
fixation,1771165.665000081,0.5646008104085922,0.2542229619409357,2.973657880510603,2.873736790248326,233.0,6048,NOTRIAL
fixation,1771432.3360000849,0.5709374137222767,0.6021101158112288,2.950261116027832,2.8555831909179688,266.0,6049,NOTRIAL
fixation,1771732.344000101,0.5802980740865071,0.45643320977687835,3.0063435872395834,2.859916178385417,250.0,6050,NOTRIAL
fixation,1772032.3510000706,0.6584377261725339,0.7282292517748746,2.8611491810191763,2.7511249889026987,183.0,6051,NOTRIAL
fixation,1772282.3530000448,0.5779006077962763,0.4922861106255475,2.9061602424172794,2.8101259119370403,283.0,6052,NOTRIAL
fixation,1772599.023000002,0.632719833226431,0.6374768416086832,2.804532732282366,2.747704642159598,350.0,6053,NOTRIAL
fixation,1772999.0280001163,0.5897584004061562,0.5322949233509245,2.873878842308408,2.7884288969494047,350.0,6054,NOTRIAL
fixation,1773465.7000000477,0.5230755851818965,0.8001124469133524,2.6984710693359375,2.6639779897836537,225.0,6055,NOTRIAL
fixation,1773932.3740000725,0.5236383648145766,0.34137919048468274,2.862449282691592,2.783776419503348,342.0,6056,NOTRIAL
fixation,1774332.378000021,0.49820698365088434,0.4772691318104344,2.8187664401146675,2.752193820091986,516.0,6057,FIX_CROS
fixation,1774865.7110000849,0.4652743794851833,0.43272755791743595,2.750990973578559,2.7176810370551214,300.0,6058,FIX_CROS
fixation,1775282.3920000792,0.306272279471159,0.3205217756330967,2.8452110290527344,2.824848175048828,66.0,6059,27.2
fixation,1775365.7250000238,0.2470118353764216,0.2927488320403629,2.742463853624132,2.7139146592881946,150.0,6060,27.2
fixation,1775532.3940000534,0.22070518881082535,0.29414242391402906,2.6859166071965146,2.6219482421875,216.0,6061,27.2
fixation,1775765.7260000706,0.29436001628637315,0.2884489431977272,2.7436187744140623,2.6731826782226564,167.0,6062,27.2
fixation,1775965.7320001125,0.35786467989285786,0.29828874866167704,2.7669657389322917,2.70626220703125,250.0,6063,27.2
fixation,1776249.0700000525,0.4124909316500028,0.2983517199754715,2.7903544108072915,2.7122726440429688,200.0,6064,27.2
fixation,1776482.4050000906,0.464057988845385,0.2947389552226433,2.78360102726863,2.7062894381009617,216.0,6065,27.2
fixation,1776749.0760000944,0.5366442991154534,0.2985242967094694,2.7788358415876115,2.7015696934291293,234.0,6066,27.2
fixation,1776999.080000043,0.5068725248177847,0.2930091867844264,2.7586873372395835,2.6946233113606772,100.0,6067,27.2
fixation,1777132.415000081,0.6054265980537121,0.2887910627401792,2.760955810546875,2.6689922626201925,216.0,6068,27.2
fixation,1777382.4200000763,0.6754087920372303,0.29467048897193027,2.759344247671274,2.6653055044320912,216.0,6069,27.2
fixation,1777632.4260001183,0.7452467560768128,0.29835832566022874,2.75169677734375,2.653666687011719,166.0,6070,27.2
fixation,1777815.762000084,0.7787877693772316,0.2952004373073578,2.7406845092773438,2.6348037719726562,67.0,6071,27.2
fixation,1777999.0980000496,0.2150465794838965,0.3725429670885205,2.7324676513671875,2.725728988647461,267.0,6072,27.2
fixation,1778299.1040000916,0.1817770315842195,0.37452397698705847,2.7146453857421875,2.676882657137784,184.0,6073,27.2
fixation,1778499.10800004,0.2526418375117438,0.3762727305293083,2.6643785749162947,2.6236485072544644,234.0,6074,27.2
fixation,1778749.1100000143,0.3042488346497218,0.3917277041408751,2.6664615207248263,2.6379462348090277,150.0,6075,27.2
fixation,1778932.4460000992,0.34834354583706173,0.38886006070034845,2.673883710588728,2.640643528529576,233.0,6076,27.2
fixation,1779182.455000043,0.412522876901286,0.38579620101622175,2.6602913992745534,2.6443165370396207,233.0,6077,27.2
fixation,1779465.7890000343,0.5998738904794058,0.37080788281228805,2.664396497938368,2.591493394639757,150.0,6078,27.2
fixation,1779649.1290000677,0.7214306116104126,0.37608782947063446,2.664964294433594,2.5910797119140625,167.0,6079,27.2
fixation,1779882.4670000076,0.7256719448217531,0.38057502704422647,2.685146796994093,2.583141620342548,800.0,6080,27.2
fixation,1780732.480000019,0.21303330449497,0.4749673675088322,2.692819034352022,2.6996208639705883,283.0,6081,27.2
fixation,1781049.1530001163,0.26464125972527724,0.4741320036924802,2.661927443284255,2.5999039870042067,217.0,6082,27.2
fixation,1781299.1600000858,0.32523772662336176,0.4787839556282217,2.6157115589488638,2.5897272283380683,184.0,6083,27.2
fixation,1781499.1610000134,0.3662466362118721,0.4789325252175331,2.6429428100585937,2.6033279418945314,167.0,6084,27.2
fixation,1781699.165000081,0.4376265514980663,0.4766695661978288,2.674019553444602,2.630859375,184.0,6085,27.2
fixation,1781899.168000102,0.48956271906693777,0.46870542168617246,2.7123077392578123,2.6465911865234375,250.0,6086,27.2
fixation,1782165.8400000334,0.5185088469431951,0.47366923552293044,2.7203779954176683,2.6410381610576925,217.0,6087,27.2
fixation,1782399.1770000458,0.5733534153550863,0.4639702504500747,2.7192182540893555,2.654306411743164,267.0,6088,27.2
fixation,1782699.1830000877,0.6504543444940022,0.4573561687554632,2.7161690848214284,2.642216273716518,234.0,6089,27.2
fixation,1782949.1860001087,0.6960792286055428,0.45991371997765135,2.7360436575753346,2.6646085466657365,234.0,6090,27.2
fixation,1783215.8560000658,0.7530942698319752,0.45838098724683124,2.7640401204427083,2.6703704833984374,250.0,6091,27.2
fixation,1783499.1900000572,0.8235178887844086,0.46179070240921444,2.8057318793402777,2.6897091335720487,158.0,6092,27.2
fixation,1783832.5330001116,0.21639548531836933,0.5603759917947981,2.7953643798828125,2.768642849392361,292.0,6093,27.2
fixation,1784149.205000043,0.27753439342433756,0.56132357228886,2.673434170809659,2.6390741521661933,367.0,6094,27.2
fixation,1784532.5440000296,0.3276085616911159,0.5614664940273061,2.620818194221048,2.614339491900276,283.0,6095,27.2
fixation,1784832.5470000505,0.3745734977225463,0.5655997097492218,2.686168670654297,2.6513824462890625,200.0,6096,27.2
fixation,1785065.8850001097,0.41745958775281905,0.5677206605672837,2.6890655517578126,2.6596603393554688,167.0,6097,27.2
fixation,1785265.890000105,0.471537621319294,0.5689610034227371,2.694598388671875,2.6456695556640626,167.0,6098,27.2
fixation,1785465.8910000324,0.5213720560073852,0.5661402702331543,2.6860305786132814,2.633961486816406,167.0,6099,27.2
fixation,1785665.8960000277,0.5664871136347452,0.5579728335142136,2.6519673665364585,2.6097997029622397,108.0,6100,27.2
fixation,1785965.8960000277,0.6216080061026982,0.553422531911305,2.621636526925223,2.582696097237723,109.0,6101,27.2
fixation,1786115.9000000954,0.667375408940845,0.5577199359734853,2.6985405815972223,2.6403978135850696,150.0,6102,27.2
fixation,1786299.2380000353,0.7199993878602982,0.5583147704601288,2.7141571044921875,2.6423583984375,167.0,6103,27.2
fixation,1786482.5730000734,0.7704863771796227,0.5543256277839342,2.682420094807943,2.6225980122884116,200.0,6104,27.2
fixation,1786699.242000103,0.8136465506894248,0.5529675739152091,2.7260001046316966,2.6184474400111606,125.0,6105,27.2
fixation,1787065.9170000553,0.1871167174898661,0.6461854233191564,2.7315157376802883,2.699987558218149,209.0,6106,27.2
fixation,1787299.2510000467,0.2751699388027191,0.6513721942901611,2.7151504516601563,2.6614761352539062,167.0,6107,27.2
fixation,1787499.259000063,0.39206160604953766,0.663768470287323,2.6298342618075283,2.6228693181818183,184.0,6108,27.2
fixation,1787732.5950000286,0.36402515321969986,0.6654822304844856,,2.6285972595214844,133.0,6109,27.2
fixation,1787899.2630000114,0.41434631794691085,0.664344385266304,2.6409912109375,2.634626770019531,167.0,6110,27.2
fixation,1788082.6000000238,0.49253083900971845,0.651511094786904,2.615700461647727,2.5916262539950283,183.0,6111,27.2
fixation,1788282.6070001125,0.531003076583147,0.6503959372639656,2.6044864654541016,2.5872745513916016,133.0,6112,27.2
fixation,1788432.6060000658,0.489632461220026,0.5821141600608826,2.6469688415527344,2.627950668334961,133.0,6113,27.2
fixation,1788599.2750000954,0.40967194570435417,0.5721847828891542,2.6731160481770835,2.6609166463216147,300.0,6114,27.2
fixation,1788915.952000022,0.4517174611488978,0.5627745017409325,2.6822433471679688,2.6430587768554688,200.0,6115,27.2
fixation,1789132.6190000772,0.4944583284003394,0.5662229550736291,2.656327383858817,2.623913356236049,233.0,6116,27.2
fixation,1789399.290000081,0.6159045219421386,0.5498088330030442,2.642720031738281,2.617022705078125,167.0,6117,27.2
fixation,1789582.628000021,0.6687560433691199,0.5512180436741222,2.668301669034091,2.6393890380859375,183.0,6118,27.2
fixation,1789782.628000021,0.7160384448675009,0.5566596022019019,2.704351571890024,2.6505596454326925,216.0,6119,27.2
fixation,1790032.6350001097,0.7680767935055953,0.5570688752027658,2.7247713529146633,2.6677398681640625,224.0,6120,27.2
fixation,1790582.6460000277,0.21429844132878564,0.6681541177359495,2.699861006303267,2.6786845814098013,175.0,6121,27.2
fixation,1790815.98300004,0.3817408409985629,0.6640130565925078,2.660252657803622,2.6222381591796875,367.0,6122,27.2
fixation,1791215.992000103,0.46291777392228445,0.6585433562596639,2.601476033528646,2.558968098958333,250.0,6123,27.2
fixation,1791499.3290001154,0.5260588526725769,0.6519595100121065,2.539494601162997,2.5084720958362925,367.0,6124,27.2
fixation,1791899.3370000124,0.474207206141381,0.6566637399650755,2.674103509812128,2.6312037876674106,350.0,6125,27.2
fixation,1792266.0080000162,0.46027515083551407,0.6552392303943634,2.6719619750976564,2.62578125,167.0,6126,27.2
fixation,1792466.012000084,0.5485443307293786,0.6388952930768331,2.60213385687934,2.562464396158854,150.0,6127,27.2
fixation,1792632.6810001135,0.5909204591404308,0.635996011170474,2.5876964222301138,2.557656028053977,183.0,6128,27.2
fixation,1792849.3520001173,0.6216826558113098,0.6321509778499603,2.592388916015625,2.5767837524414063,166.0,6129,27.2
fixation,1793032.6890000105,0.6817911699414253,0.6349607318639755,2.5702110290527345,2.556818389892578,333.0,6130,27.2
fixation,1793399.3620001078,0.7371030390262604,0.6493600865205129,2.6194091796875,2.589228312174479,250.0,6131,27.2
fixation,1793666.0310000181,0.7718309313058853,0.6527488753199577,2.6823412577311196,2.632091522216797,200.0,6132,27.2
fixation,1793899.3700000048,0.8181178619464239,0.6538377354542414,2.7001622517903647,2.6480484008789062,108.0,6133,27.2
fixation,1794232.7100000381,0.636983090213367,0.38746900324310574,2.756192888532366,2.6945811680385043,225.0,6134,NOTRIAL
fixation,1794516.0470000505,0.6276137232780457,0.2796083837747574,2.8367385864257812,,67.0,6135,NOTRIAL
fixation,1794599.378000021,0.6266003889696938,0.2858491837978363,2.8213893345424106,2.702295939127604,116.0,6136,NOTRIAL
fixation,1794732.7140001059,0.6155490658499978,0.27228063344955444,2.7980166348544033,2.7288055419921875,183.0,6137,NOTRIAL
fixation,1794966.05400002,0.6301156530777613,0.4593795531739791,2.8114217122395835,2.753922780354818,400.0,6138,NOTRIAL
fixation,1795399.3990000486,0.5910648935370975,0.26110410276386475,2.816806369357639,2.7546624077690973,150.0,6139,NOTRIAL
fixation,1795649.4040000439,0.5079539573710897,0.25026454614556354,2.8495894722316577,2.790985107421875,383.0,6140,NOTRIAL
fixation,1796066.077000022,0.6106953670581182,0.25982119060224956,2.8777592976888022,2.7678756713867188,300.0,6141,NOTRIAL
fixation,1796382.7460000515,0.6400949731469154,0.2554987305775285,2.8893823623657227,2.781585693359375,267.0,6142,NOTRIAL
fixation,1796666.0870000124,0.6204823354880015,0.2633723250279824,2.8559341430664062,2.7660204569498696,200.0,6143,NOTRIAL
fixation,1796882.756000042,0.6315822601318359,0.40974543657567764,2.793550279405382,2.739937676323785,150.0,6144,NOTRIAL
fixation,1797066.09100008,0.6422834589200861,0.47109497470014233,2.787027695599724,2.7251506132238053,284.0,6145,NOTRIAL
fixation,1797366.0970000029,0.6124585658311844,0.4681924536824226,2.755326843261719,2.7090377807617188,167.0,6146,NOTRIAL
fixation,1797566.1020001173,0.5555430716938443,0.28024763365586597,2.76224602593316,2.71494377983941,150.0,6147,NOTRIAL
fixation,1797732.7720000744,0.5042335582630975,0.25154465181486946,2.807743617466518,2.7231558663504463,583.0,6148,NOTRIAL
fixation,1798366.114000082,0.6338407315991141,0.5550470433451913,2.7744320956143467,2.6906863125887783,184.0,6149,NOTRIAL
fixation,1798582.7860000134,0.64412121610208,0.7118412337519906,2.70001220703125,2.626363580877131,191.0,6150,NOTRIAL
fixation,1798949.458000064,0.6402240097522736,0.48462940752506256,2.702528953552246,2.656564712524414,258.0,6151,NOTRIAL
fixation,1799249.4650000334,0.6114566988415189,0.6414722402890524,2.6732906765407987,2.6340467664930554,150.0,6152,NOTRIAL
fixation,1799416.134000063,0.5832317631978255,0.6857306208366003,2.6395502334985976,2.601300753079928,658.0,6153,NOTRIAL
fixation,1800266.148000002,0.5614792654911677,0.8150964279969534,2.5354029337565103,2.5080540974934897,92.0,6154,NOTRIAL
fixation,1800416.151000023,0.5552691677037407,0.4120704522904228,2.7315081428079044,2.689391192267923,284.0,6155,NOTRIAL
fixation,1800716.1560000181,0.6141578205253767,0.4478195481326269,2.83643042522928,2.7831686268682065,767.0,6156,NOTRIAL
fixation,1801516.1670000553,0.6481763164202372,0.4565994441509247,2.848558553059896,2.769761149088542,250.0,6157,NOTRIAL
fixation,1801782.8360000849,0.6337288174223392,0.45421163071977333,2.870735006129488,2.797252573865525,783.0,6158,NOTRIAL
fixation,1802632.8460000753,0.5085641850124706,0.7079677094112743,2.834991455078125,2.7799419056285513,183.0,6159,NOTRIAL
fixation,1803049.5180000067,0.5274599086154591,0.45476429841735144,2.840688532049006,2.793458418412642,183.0,6160,NOTRIAL
fixation,1803249.5170000792,0.5162188035470469,0.4717737960594672,2.8741302490234375,2.793447423864294,450.0,6161,NOTRIAL
fixation,1803732.8600000143,0.413286454975605,0.3766863435506821,2.7571456909179686,2.718733215332031,167.0,6162,28
fixation,1803932.8600000143,0.4714009314775467,0.36894253960677553,2.7254638671875,2.686633518763951,233.0,6163,28
fixation,1804182.8600000143,0.523989525437355,0.3608788222074509,2.7636032104492188,2.7073013305664064,167.0,6164,28
fixation,1804366.1980000734,0.5554203142722448,0.36136087278525036,2.783482869466146,2.7131373087565103,100.0,6165,28
fixation,1804499.5310000181,0.3970492737633841,0.400830650968211,2.759552001953125,2.744665963309152,233.0,6166,28
fixation,1804749.5330001116,0.4379514902830124,0.41754368543624876,2.75606689453125,2.7181854248046875,83.0,6167,28
fixation,1804849.5330001116,0.49405527250333264,0.41843494095585565,2.759675459428267,2.711965387517756,183.0,6168,28
fixation,1805066.2000000477,0.5783100624879202,0.40743181904157005,2.757304890950521,2.7004659016927084,250.0,6169,28
fixation,1805382.8720000982,0.41542309522628784,0.46692268252372743,2.7294952392578127,2.73643798828125,91.0,6170,28
fixation,1805649.540000081,0.4663012772798538,0.46669133338663316,2.765530056423611,2.713804456922743,142.0,6171,28
fixation,1805832.8770000935,0.525355439633131,0.46622910164296627,2.8139095306396484,2.750997543334961,133.0,6172,28
fixation,1805999.5420000553,0.5634636349148221,0.4626811097065608,2.8214043511284723,2.7379048665364585,150.0,6173,28
fixation,1806182.878000021,0.5046766069200304,0.46731889413462746,2.7868109809027777,2.7221611870659723,150.0,6174,28
fixation,1806366.2110000849,0.5652101933956146,0.4548377484083176,2.7842742919921877,2.7049316406249995,84.0,6175,28
fixation,1806482.8790000677,0.4297309157749017,0.5338529944419861,2.7819252014160156,2.733759562174479,200.0,6176,28
fixation,1806716.2170000076,0.492966391146183,0.5323947469393412,2.8168512980143228,2.7346776326497397,200.0,6177,28
fixation,1806932.8720000982,0.564711594581604,0.511230431497097,2.7590652465820313,2.6833221435546877,175.0,6178,28
fixation,1807416.2220000029,0.4925966371189464,0.5776920426975597,2.726777510209517,2.7064403187144888,184.0,6179,28
fixation,1807616.2250000238,0.47513956278562547,0.581005436182022,2.7833099365234375,2.73521728515625,167.0,6180,28
fixation,1807816.230000019,0.44708614999597723,0.3651042065837167,2.7494853626598013,2.711067893288352,184.0,6181,28
fixation,1808049.5670000315,0.5389504979054133,0.36009320120016736,2.7052230834960938,2.6463432312011714,200.0,6182,28
fixation,1808282.9040000439,0.40107587250796234,0.4075433747334914,2.707357233220881,2.6972240101207388,183.0,6183,28
fixation,1808566.2440000772,0.5148150891065597,0.416852580010891,2.755181884765625,2.680921936035156,167.0,6184,28
fixation,1808749.5790001154,0.5749064236879349,0.4106113364299138,2.772527058919271,2.6885299682617188,100.0,6185,28
fixation,1808899.5810000896,0.4153566502034664,0.46764146983623506,2.806383514404297,2.759185028076172,333.0,6186,28
fixation,1809282.9210000038,0.5326381730181831,0.42993531269686563,2.8175953456333707,2.725689479282924,233.0,6187,28
fixation,1809532.9240000248,0.5765286795794964,0.41433288902044296,2.805561065673828,2.7223358154296875,133.0,6188,28
fixation,1809699.5950000286,0.47011875808238984,0.46393803358078,2.7882781982421876,2.730670166015625,166.0,6189,28
fixation,1809899.5960000753,0.4207854015486581,0.4702322142464774,2.771510532924107,2.739569527762277,116.0,6190,28
fixation,1810049.6000000238,0.49786331355571745,0.47497004866600034,2.7958404541015627,2.7300811767578126,83.0,6191,28
fixation,1810166.2720000744,0.5540652700832912,0.4676817314965384,2.7852347237723216,2.702490670340402,117.0,6192,28
fixation,1810316.262000084,0.42215149477124214,0.5252056494355202,2.8089510599772134,2.796361287434896,200.0,6193,28
fixation,1810532.9440000057,0.48536112325059044,0.5195041199525198,2.8567598130967884,2.8203294542100696,300.0,6194,28
fixation,1810849.614000082,0.5343558589617411,0.5142848653097948,2.7950223286946616,2.7664388020833335,200.0,6195,28
fixation,1811066.2860000134,0.5331437057918973,0.4773857444524765,2.809968736436632,2.782931857638889,150.0,6196,28
fixation,1811232.9540001154,0.5684011446105109,0.4684382263157103,2.78216552734375,2.776236640082465,150.0,6197,28
fixation,1811449.6270000935,0.42781438610770484,0.534352882341905,2.7404951615767046,2.795166015625,183.0,6198,28
fixation,1811666.2950000763,0.5150183992726463,0.518196450812476,2.781740461077009,2.7763748168945312,234.0,6199,28
fixation,1811932.9630000591,0.5583191514015198,0.5191395469009876,2.751668930053711,2.722858428955078,133.0,6200,28
fixation,1812099.6360000372,0.4792807035975986,0.6139996349811554,2.720518324110243,2.718963623046875,150.0,6201,28
fixation,1812299.640000105,0.43418794572353364,0.9037275522947311,2.6118820190429686,2.653367614746094,166.0,6202,28
fixation,1812482.9810000658,0.48619594275951383,0.8768573194742203,2.5373046875,2.57537841796875,167.0,6203,28
fixation,1812682.98300004,0.5222517677715847,0.8712802869932992,2.4596666608537947,2.4651358468191966,117.0,6204,28
fixation,1812832.9880000353,0.5840420126914978,0.8635485649108887,2.482716369628906,2.4661895751953127,167.0,6205,28
fixation,1813016.3260000944,0.5441994398832322,0.8551839143037796,2.4849838256835937,2.4792694091796874,167.0,6206,28
fixation,1813233.0,0.4823269375732967,0.5967628870691571,2.6942923409598216,2.680476597377232,117.0,6207,28
fixation,1813399.6710000038,0.4267801895737648,0.3993514195084572,2.7726654052734374,2.7375503540039063,167.0,6208,28
fixation,1813583.0070000887,0.4839593900574578,0.36854656371805405,2.8403998480902777,2.764068603515625,150.0,6209,28
fixation,1813749.6770000458,0.550345606274075,0.3599836428960164,2.899078369140625,2.7765706380208335,150.0,6210,28
fixation,1813933.0160000324,0.41417381167411804,0.40894695222377775,2.8959228515625,2.8228668212890624,92.0,6211,28
fixation,1814216.3500000238,0.5236680975982121,0.4125706915344511,2.923058646065848,2.8115059988839284,108.0,6212,28
fixation,1814366.3630000353,0.576449066400528,0.40955934425195056,2.9734293619791665,2.848230997721354,100.0,6213,28
fixation,1814499.7010000944,0.42795694280754437,0.46593281762166455,2.993631536310369,2.9018499200994317,183.0,6214,28
fixation,1814716.3730000257,0.49762500263750553,0.4696520119905472,2.9730281829833984,2.8596725463867188,133.0,6215,28
fixation,1814883.0440000296,0.5684994672025953,0.4584585555962154,2.9477430071149553,2.824098859514509,125.0,6216,28
fixation,1815133.0420000553,0.44309970059178094,0.5174280594695698,2.891146573153409,2.8506941361860796,176.0,6217,28
fixation,1815333.0460000038,0.5076418212231468,0.5226969368317548,2.9258566463694855,2.8431558048023895,284.0,6218,28
fixation,1815633.063000083,0.5637590256002214,0.517648716767629,2.8955179850260415,2.80458747016059,150.0,6219,28
fixation,1815816.4030001163,0.48678032755851747,0.5891241610050202,2.8726959228515625,2.801411437988281,166.0,6220,28
fixation,1815999.7320001125,0.5200617448850111,0.5344313356009397,2.8835685036399146,2.8023334849964487,183.0,6221,28
fixation,1816216.4050000906,0.4321686288243846,0.530158668756485,2.8552189877158716,2.7810901842619242,316.0,6222,28
fixation,1816649.75,0.4503609261342457,0.8519783977951322,2.7349624633789062,2.699242728097098,233.0,6223,28
fixation,1816899.765000105,0.479158715903759,0.862498664855957,2.7568954467773437,2.6965957641601563,167.0,6224,28
fixation,1817099.765000105,0.5531439453363418,0.8607557207345963,2.6877532958984376,2.6269287109375,167.0,6225,28
fixation,1817283.0990000963,0.5824456483125686,0.8325761735439301,2.6764984130859375,2.63720703125,167.0,6226,28
fixation,1817466.4370000362,0.5267581063158372,0.8515116975587957,2.6593645881204044,2.6550364774816178,283.0,6227,28
fixation,1817833.1100000143,0.45851160160132814,0.43299771632467,2.8492279052734375,2.8054896763392856,117.0,6228,28
fixation,1817966.4470000267,0.43474722121443066,0.37932112174374716,2.8362208775111606,2.8010057721819197,116.0,6229,28
fixation,1818133.1160000563,0.5128456130623817,0.3673081826418638,2.848306655883789,2.7736034393310547,134.0,6230,28
fixation,1818283.128000021,0.553135429819425,0.36147425572077435,2.852900187174479,2.752934773763021,100.0,6231,28
fixation,1818433.1290000677,0.40308944042772055,0.41857670713216066,2.877595901489258,2.816342353820801,267.0,6232,28
fixation,1818733.1330000162,0.4805488085204905,0.41923676973039453,2.900565407492898,2.815755670720881,184.0,6233,28
fixation,1818933.128000021,0.5293944895267486,0.40995708405971526,2.844618225097656,2.75277099609375,167.0,6234,28
fixation,1819133.1410000324,0.5661399215459824,0.4161347672343254,2.835376739501953,2.763805389404297,67.0,6235,28
fixation,1819249.8110001087,0.420036324432918,0.4676738040787833,2.856520516531808,2.8112400599888394,233.0,6236,28
fixation,1819516.4810000658,0.46370551817946964,0.465365899933709,2.8789248996310763,2.7887641059027777,150.0,6237,28
fixation,1819699.8190000057,0.5427838265895844,0.47185826301574707,2.8450393676757812,2.7463836669921875,133.0,6238,28
fixation,1819866.4880000353,0.448598024520007,0.5300581157207489,2.840451327237216,2.772499778053977,183.0,6239,28
fixation,1820083.159000039,0.5198748939567142,0.532961497704188,2.8600955539279513,2.77457512749566,158.0,6240,FIX_CROS
fixation,1820399.8280000687,0.500044695892424,0.4810271729838173,2.7399315024321935,2.686581305737765,875.0,6241,FIX_CROS
fixation,1821299.84100008,0.4911429626601083,0.43429513701370787,2.8390088762555803,2.8028978620256697,117.0,6242,28.2
fixation,1821449.8490000963,0.5860449208153619,0.42584914134608376,2.8286302354600696,2.7586212158203125,150.0,6243,28.2
fixation,1821633.1860001087,0.6631555946973654,0.42269830061839175,2.80185053898738,2.747814471905048,217.0,6244,28.2
fixation,1821866.5240000486,0.7146103637559074,0.4186202000294413,2.8184988839285716,2.7595955984933034,233.0,6245,28.2
fixation,1822133.1950000525,0.7674067947599623,0.42543065051237744,2.85597907172309,2.778715345594618,300.0,6246,28.2
fixation,1822449.8680000305,0.7999783381819725,0.4297817088663578,2.9091033935546875,2.7869491577148438,67.0,6247,28.2
fixation,1822549.8690000772,0.695031125755871,0.4219280472573112,2.898894366096048,2.8177553064682903,283.0,6248,28.2
fixation,1822849.878000021,0.6799240093678236,0.4191375495865941,2.8922557830810547,2.8183727264404297,267.0,6249,28.2
fixation,1823133.219000101,0.7351779639720917,0.41993940012021497,2.876993352716619,2.769839200106534,184.0,6250,28.2
fixation,1823349.8880000114,0.7828238368034363,0.42752319475015005,2.881538899739583,2.7689921061197915,250.0,6251,28.2
fixation,1823733.2290000916,0.49633681898315746,0.43749097858866054,2.8482564290364585,2.821760813395182,200.0,6252,28.2
fixation,1823949.901000023,0.4251398692528407,0.47129488984743756,2.8436050415039062,2.8156102498372397,100.0,6253,28.2
fixation,1824083.2380000353,0.37519826797338635,0.4380241334438324,2.8125833364633412,2.782471876878005,217.0,6254,28.2
fixation,1824333.2410000563,0.47011996971236336,0.5176401999261644,2.7442253960503473,2.6836073133680554,150.0,6255,28.2
fixation,1824499.9130001068,0.44984637200832367,0.5237045117786953,2.737361363002232,2.6890040806361606,117.0,6256,28.2
fixation,1824683.2510000467,0.2082708179950714,0.4342252194881439,2.7484051513671877,2.7311883544921876,417.0,6257,28.2
fixation,1825116.5930000544,0.22618306428194046,0.43142372369766235,2.692323957170759,2.6829746791294644,116.0,6258,28.2
fixation,1825249.92900002,0.2728034244342284,0.42837551642547955,2.660006436434659,2.631102128462358,183.0,6259,28.2
fixation,1825449.935000062,0.31543211473359,0.4353156006998486,2.6536712646484375,2.633271959092882,158.0,6260,28.2
fixation,1825783.2740000486,0.4503255294901984,0.5129818501217025,2.720872061593192,2.6718957083565846,226.0,6261,28.2
fixation,1826049.9510000944,0.5083682090044022,0.5133026018738747,2.7836578369140623,2.6960296630859375,167.0,6262,28.2
fixation,1826233.2850000858,0.4915636256337166,0.5177384465932846,2.7222366333007812,2.645658493041992,142.0,6263,28.2
fixation,1826516.6260000467,0.3532640026963275,0.42757966077846027,2.7562434984290083,2.669883396314538,375.0,6264,28.2
fixation,1826933.3010001183,0.45170298140299947,0.5114696002320239,2.727893227025082,2.627406070106908,317.0,6265,28.2
fixation,1827299.9750000238,0.3781296085743677,0.4385736279544376,2.757287161690848,2.6908336821056547,350.0,6266,28.2
fixation,1827683.307000041,0.47887951880693436,0.5047112882137299,2.8180191040039064,2.724870300292969,167.0,6267,28.2
fixation,1827866.640000105,0.5206551088227166,0.5127879406015078,2.798633999294705,2.7287724812825522,300.0,6268,28.2
fixation,1828199.9900000095,0.6410901363079364,0.4392383866585218,2.816149198091947,2.7221351036658654,217.0,6269,NOTRIAL
fixation,1828449.9900000095,0.6307413876056671,0.2690477706491947,2.8772176106770835,2.746649424235026,408.0,6270,NOTRIAL
fixation,1828933.330000043,0.6230580667654674,0.2542443116505941,2.9430246988932294,2.764786783854167,250.0,6271,NOTRIAL
fixation,1829350.012000084,0.6256317330731286,0.26241827342245316,2.896001180013021,2.7377183702256946,142.0,6272,NOTRIAL
fixation,1829533.3490000963,0.6224865363194392,0.4424074338032649,2.9120812049278846,2.799999530498798,216.0,6273,NOTRIAL
fixation,1829766.685000062,0.6289091814648021,0.4772166081450202,2.905129172585227,2.7782786976207388,183.0,6274,NOTRIAL
fixation,1829966.6920000315,0.5756416718165079,0.4647805078162087,2.797147962782118,2.7139174849898726,450.0,6275,NOTRIAL
fixation,1830466.6980000734,0.6426462242379785,0.7140121930278838,2.6725423336029053,2.5819690227508545,1075.0,6276,NOTRIAL
fixation,1831666.7180000544,0.565929964184761,0.4649703145027161,2.7230209350585937,2.6688507080078123,159.0,6277,NOTRIAL
fixation,1831866.719000101,0.6331859916448593,0.4681717574596405,2.7442855834960938,2.685746765136719,167.0,6278,NOTRIAL
fixation,1832066.7250000238,0.6178094288882088,0.26613200061461506,2.7727993235868564,2.699877570657169,283.0,6279,NOTRIAL
fixation,1832383.3960000277,0.5428070681435722,0.3222906844956534,2.8481597900390625,2.790968758719308,233.0,6280,NOTRIAL
fixation,1832666.7340000868,0.5003954107562701,0.45656999001900356,2.8727900187174478,2.7971771240234373,500.0,6281,FIX_CROS
fixation,1833200.0860000849,0.5371033132076264,0.40649335145950316,2.8270526123046875,2.78220947265625,417.0,6282,FIX_CROS
fixation,1833633.4300000668,0.5325331340233485,0.33258424202601117,2.8765029907226562,2.820012410481771,100.0,6283,28.1
fixation,1833783.4340000153,0.29180064371653963,0.28953363639967783,2.774784633091518,2.7693263462611606,116.0,6284,28.1
fixation,1833933.4360001087,0.20928728133440017,0.2949886232614517,2.7269551595052084,2.707196044921875,250.0,6285,28.1
fixation,1834216.7740000486,0.2610936876800325,0.28873183495468563,2.7549014621310763,2.713434855143229,150.0,6286,28.1
fixation,1834383.4470000267,0.32264007478952406,0.2910587638616562,2.7380889892578124,2.7061813354492186,166.0,6287,28.1
fixation,1834583.4500000477,0.39240257900494796,0.30050423855964953,2.7564474252554088,2.7092754657451925,216.0,6288,28.1
fixation,1834816.7920000553,0.4418403682383624,0.2970342609015378,2.7829950506036933,2.736695723100142,183.0,6289,28.1
fixation,1835033.4630000591,0.47593515780236983,0.2946601476934221,2.7647552490234375,2.7093658447265625,150.0,6290,28.1
fixation,1835216.8010001183,0.5775375902652741,0.2973589852452278,2.760447692871094,2.6818252563476563,167.0,6291,28.1
fixation,1835416.7980000973,0.6514700889587403,0.28861362238725025,2.7168955485026043,2.6448638916015623,250.0,6292,28.1
fixation,1835700.137000084,0.6026306802576239,0.28781210563399573,2.7026783336292612,2.6382182728160513,184.0,6293,28.1
fixation,1835916.807000041,0.562826392325488,0.2906301116401499,2.711915449662642,2.6635256680575283,183.0,6294,28.1
fixation,1836116.813000083,0.5366162930925688,0.2953852030138175,2.7378578186035156,2.6899426778157554,200.0,6295,28.1
fixation,1836383.4870001078,0.6817512843343947,0.294128590159946,2.7597232394748263,2.6591373019748263,150.0,6296,28.1
fixation,1836566.833000064,0.7625750243663788,0.2924484610557556,2.743879699707031,2.657664489746094,167.0,6297,28.1
fixation,1836833.5,0.22739635178676018,0.38414023358088273,2.7287445068359375,2.7387906588040867,216.0,6298,28.1
fixation,1837083.5080000162,0.29339631308208813,0.3930168774994937,2.7223136208274146,2.6842582009055396,183.0,6299,28.1
fixation,1837283.515000105,0.3451991180578868,0.3949739138285319,2.643271891276042,2.623491414388021,250.0,6300,28.1
fixation,1837583.523000002,0.2260373719036579,0.4737230638662974,2.577569325764974,2.6024042765299478,200.0,6301,28.1
fixation,1837800.1920000315,0.24729289802221152,0.47816344981010145,2.5969379131610575,2.6166463998647838,217.0,6302,28.1
fixation,1838050.1970000267,0.3308791920542717,0.47494787275791167,2.5893707275390625,2.590728759765625,167.0,6303,28.1
fixation,1838266.8710000515,0.48717961832880974,0.6555836871266365,2.558206558227539,2.504528045654297,141.0,6304,28.1
fixation,1838683.5390000343,0.35294616056813133,0.5136827362908257,2.718663533528646,2.6717732747395835,150.0,6305,28.1
fixation,1838850.208000064,0.31335338205099106,0.5003015274802843,2.7581761678059897,2.7068812052408853,100.0,6306,28.1
fixation,1838966.8800001144,0.249605292783064,0.4762030138688929,2.670145371380974,2.6385336483226105,283.0,6307,28.1
fixation,1839300.2210000753,0.4342078357934952,0.4669369041919708,2.6505767822265627,2.5728530883789062,167.0,6308,28.1
fixation,1839483.5590000153,0.4698863085359335,0.4688462298363447,2.641195297241211,2.569244384765625,133.0,6309,28.1
fixation,1839666.8950001001,0.2514600180662595,0.472994320667707,2.6460054837740383,2.6303687462439904,217.0,6310,28.1
fixation,1839916.898000002,0.30123216807842257,0.4712762519717216,2.6375717163085937,2.5838104248046876,167.0,6311,28.1
fixation,1840100.2350000143,0.35272096246480944,0.47669965475797654,2.6287384033203125,2.5701019287109377,167.0,6312,28.1
fixation,1840283.5710000992,0.40965281261338127,0.4708542476097743,2.664254082573785,2.597288343641493,150.0,6313,28.1
fixation,1840466.909000039,0.4424038330713908,0.47414132704337436,2.6847915649414062,2.6209640502929688,100.0,6314,28.1
fixation,1840583.5790001154,0.49821473509073255,0.47431743144989014,2.67435302734375,2.61258544921875,166.0,6315,28.1
fixation,1840783.5820000172,0.5538274414009519,0.47621771196524304,2.637903849283854,2.5922478569878473,150.0,6316,28.1
fixation,1840950.2510000467,0.6168844562310439,0.46332782621567065,2.6226290189302883,2.58047602726863,217.0,6317,28.1
fixation,1841200.256000042,0.699393334488074,0.45660345007975894,2.6012891133626304,2.5566024780273438,200.0,6318,28.1
fixation,1841433.5930000544,0.7873387549604688,0.4611035372529711,2.611110142299107,2.532932826450893,116.0,6319,28.1
fixation,1841616.9300000668,0.4006777459924871,0.5741753903302279,2.5715082341974433,2.6288937655362217,183.0,6320,28.1
fixation,1841833.6010000706,0.3080633908510208,0.5645133411884308,2.5406878662109373,2.5867034912109377,416.0,6321,28.1
fixation,1842266.9420000315,0.22925135555366674,0.5582195234795412,2.5290533701578775,2.5375868479410806,400.0,6322,28.1
fixation,1842716.952000022,0.39412057027220726,0.5640312358736992,2.544525146484375,2.519451141357422,133.0,6323,28.1
fixation,1842866.9570000172,0.3203404255603489,0.5637760209409814,2.480856644479852,2.5178600110505758,317.0,6324,28.1
fixation,1843200.2990000248,0.2976248810688655,0.5702997694412867,2.5308189392089844,2.5316149393717446,200.0,6325,28.1
fixation,1843483.640000105,0.7152873774369558,0.5527493291431003,2.5675760904947915,2.4866265190972223,150.0,6326,28.1
fixation,1843650.307000041,0.7751561552286148,0.5576627055803934,2.5659383138020835,2.4839935302734375,100.0,6327,28.1
fixation,1843850.3150000572,0.2980699730770929,0.5030908009835652,2.5774732317243303,2.6333748953683034,117.0,6328,28.1
fixation,1844016.9880000353,0.4891262879738441,0.6477116827781384,2.618861271784856,2.560548048753005,217.0,6329,28.1
fixation,1844283.659000039,0.27038270235061646,0.4857413977384567,2.649983215332031,2.6386749267578127,166.0,6330,28.1
fixation,1844466.9970000982,0.24364932738244532,0.4797151334583759,2.6252593994140625,2.5720146179199217,334.0,6331,28.1
fixation,1844833.6700000763,0.19653971244891486,0.4690352529287338,2.5961456298828125,2.5537897745768228,100.0,6332,28.1
fixation,1844967.0100001097,0.2505110563202338,0.47059133513407275,2.5942812832919033,2.5526553067294033,184.0,6333,28.1
fixation,1845183.6840000153,0.2942400127649307,0.46871709479735446,2.6217721792367787,2.5688711313100963,217.0,6334,28.1
fixation,1845433.691000104,0.35903309150175616,0.4714806066317992,2.614898681640625,2.5687297474254263,183.0,6335,28.1
fixation,1845650.3620001078,0.49499498969978756,0.4748928944269816,2.6320487128363714,2.5764634874131946,300.0,6336,28.1
fixation,1845983.7040001154,0.5308022722601891,0.46735984459519386,2.6134262084960938,2.56549072265625,200.0,6337,28.1
fixation,1846233.7100000381,0.7656932662833821,0.3717092898758975,2.555421309037642,2.4714605158025567,183.0,6338,28.1
fixation,1846483.7170000076,0.5649808324300326,0.4673497688311797,2.5613332895132213,2.541224553034856,217.0,6339,28.1
fixation,1846733.7210000753,0.5275414012945615,0.46902669736972225,2.6159750131460338,2.584728534405048,217.0,6340,28.1
fixation,1846983.730000019,0.6165812565730169,0.46079014585568356,2.5773855356069713,2.527215810922476,217.0,6341,28.1
fixation,1847250.4050000906,0.7051290044417748,0.4553736024177991,2.6025918813852162,2.5387948843149037,216.0,6342,28.1
fixation,1847483.742000103,0.7675842642784119,0.45850924775004387,2.626842498779297,2.5491256713867188,75.0,6343,28.1
fixation,1847767.0790001154,0.22515500404618002,0.5606238083405928,2.6099687056107954,2.6278880726207388,176.0,6344,28.1
fixation,1847983.7490000725,0.29921032807656694,0.5655729174613953,2.596166338239397,2.5899505615234375,241.0,6345,28.1
fixation,1848483.7610000372,0.49930315878656173,0.4516846802499559,2.5669793023003473,2.5431959364149304,142.0,6346,NOTRIAL
fixation,1848683.7630000114,0.6336220668421851,0.3775739222764969,2.661490546332465,2.5977376302083335,150.0,6347,NOTRIAL
fixation,1848850.432000041,0.6337479998668035,0.46928606058160466,2.7008870442708335,2.6409708658854165,200.0,6348,NOTRIAL
fixation,1849100.4370000362,0.5253153592348099,0.2921155858784914,2.729175567626953,2.6841068267822266,133.0,6349,NOTRIAL
fixation,1849267.1100000143,0.4958661735057831,0.2661759227514267,2.7243194580078125,2.6654541015625,92.0,6350,NOTRIAL
fixation,1849400.4420000315,0.49382867770535605,0.2644317788737161,2.7299041748046875,2.651308332170759,108.0,6351,NOTRIAL
fixation,1849583.7780001163,0.6101861189712178,0.44229672849178314,2.749907060102983,2.6419816450639204,183.0,6352,NOTRIAL
fixation,1849817.117000103,0.4746931138492766,0.27445669330301736,2.731778099423363,2.6517697288876487,350.0,6353,NOTRIAL
fixation,1850200.4600000381,0.3719075039813393,0.4735158250520104,2.7673877916837992,2.6967950118215462,316.0,6354,NOTRIAL
fixation,1850550.4640001059,0.45539484918117523,0.4536754935979843,2.8094100952148438,2.689218521118164,133.0,6355,NOTRIAL
fixation,1850700.4670000076,0.43172613009810445,0.4613546386361122,2.730316162109375,2.6454116821289064,333.0,6356,NOTRIAL
fixation,1851083.807000041,0.6380827099084854,0.714524720609188,2.6728233337402343,2.5762359619140627,341.0,6357,NOTRIAL
fixation,1851700.4910000563,0.559440752863884,0.674362987279892,2.54051513671875,2.5216690063476563,166.0,6358,NOTRIAL
fixation,1851883.824000001,0.5786629489489964,0.6944082783801215,2.5989597865513394,2.5498035975864957,233.0,6359,NOTRIAL
fixation,1852150.4960000515,0.5027640716117971,0.7018135488033295,2.560015510110294,2.5633661606732536,283.0,6360,NOTRIAL
fixation,1852467.1670000553,0.5674491027990977,0.689322806066937,2.541629367404514,2.506717258029514,150.0,6361,NOTRIAL
fixation,1852633.8380000591,0.5044501020627863,0.7073586863629958,2.5735940372242645,2.546538409064798,291.0,6362,NOTRIAL
fixation,1853117.1840000153,0.5005074877005357,0.6938989345843976,2.5406881479116588,2.5507214864095054,217.0,6363,NOTRIAL
fixation,1853383.8560000658,0.47267613085833465,0.793634447184476,2.4938715154474433,2.5594843084161933,183.0,6364,NOTRIAL
fixation,1853600.5250000954,0.555176011540673,0.7964901517737996,2.424410733309659,2.3964094682173296,183.0,6365,NOTRIAL
fixation,1853817.199000001,0.5024865549057722,0.7221025116741657,2.465068817138672,2.440509796142578,134.0,6366,NOTRIAL
fixation,1854017.1970000267,0.4889744436368346,0.25590005004778504,2.646754264831543,2.589999198913574,267.0,6367,NOTRIAL
fixation,1854300.53700006,0.48477113382382825,0.20763947069644928,2.6954761851917612,2.632383866743608,183.0,6368,NOTRIAL
fixation,1854600.5490000248,0.4733132336820875,0.7413501952375684,2.645623343331473,2.58905029296875,116.0,6369,NOTRIAL
fixation,1854767.219000101,0.6326213876406351,0.7200193868743049,2.65578375922309,2.582887437608507,150.0,6370,NOTRIAL
fixation,1854950.5580000877,0.4986304080202466,0.7218269663197654,2.647854759579613,2.5782303583054316,350.0,6371,NOTRIAL
fixation,1855333.9000000954,0.6417736746370792,0.7133486904203892,2.5700178146362305,2.482354164123535,267.0,6372,NOTRIAL
fixation,1855650.5730000734,0.519637250087478,0.5403415953571146,2.672089316628196,2.621855995871804,366.0,6373,NOTRIAL
fixation,1856033.9140000343,0.4990010793719973,0.5157253103596824,2.701725551060268,2.637119838169643,117.0,6374,NOTRIAL
fixation,1856183.918000102,0.3626711315342358,0.44295420178345274,2.703719002859933,2.6667818341936385,233.0,6375,NOTRIAL
fixation,1856450.5890001059,0.3896652062733968,0.23138955980539322,2.7353617350260415,2.6612930297851562,108.0,6376,NOTRIAL
fixation,1856750.5960000753,0.5546255968511105,0.39794497564435005,2.780186653137207,2.6762218475341797,258.0,6377,NOTRIAL
fixation,1857067.2700001001,0.37645393796265125,0.47070720915993053,2.8506387074788413,2.7458063761393228,400.0,6378,NOTRIAL
fixation,1857483.9430000782,0.3597157375104185,0.4733436645373054,2.7783623294553896,2.7061413751132246,1158.0,6379,NOTRIAL
fixation,1858867.3020000458,0.47271271475723814,0.6186499638216836,2.6954149518694197,2.639552525111607,109.0,6380,NOTRIAL
fixation,1859033.9720000029,0.4582407452442028,0.2831354019818483,2.795116283275463,2.7297741925274885,450.0,6381,NOTRIAL
fixation,1859533.9840000868,0.5074965570654187,0.47467678572450367,2.807854788643973,2.7444915771484375,241.0,6382,NOTRIAL
fixation,1859950.6610000134,0.5255619645118713,0.4535288840532303,2.7416961669921873,2.6846435546875,75.0,6383,1
fixation,1860067.330000043,0.43645219824143816,0.3486631459423474,2.7667813982282365,2.730301993233817,234.0,6384,1
fixation,1860333.9960000515,0.5397655735997593,0.3453918283476549,2.781942030962776,2.7144847196691178,284.0,6385,1
fixation,1860650.668000102,0.4352358700707555,0.5363584812730551,2.7677907943725586,2.745253562927246,267.0,6386,1
fixation,1860950.6770000458,0.43512311901735223,0.3427487715430882,2.827705715013587,2.777125482973845,383.0,6387,1
fixation,1861367.3510000706,0.5528048191751752,0.3408903841461454,2.872704642159598,2.7422681535993303,233.0,6388,1
fixation,1861650.6860001087,0.37409456819295883,0.8730060756206512,2.7154083251953125,2.6740900675455728,100.0,6389,1
fixation,1861784.0250000954,0.3318929804695977,0.8777722054057651,2.732023451063368,2.667604234483507,150.0,6390,1
fixation,1861967.3600000143,0.4326728218131595,0.8727807369497087,2.5841471354166665,2.537294175889757,150.0,6391,1
fixation,1862150.699000001,0.49520528150929344,0.8629156317975786,2.475028143988715,2.4563751220703125,150.0,6392,1
fixation,1862334.0350000858,0.5754872241190502,0.8584137367350715,2.5458177839006697,2.4654388427734375,234.0,6393,1
fixation,1862600.7040001154,0.637001259968831,0.8654401783759778,2.654894315279447,2.5318673940805287,217.0,6394,1
fixation,1862884.043000102,0.4977489307522774,0.5155483096837997,2.7558609008789063,2.7054153442382813,167.0,6395,1
fixation,1863067.3800001144,0.43310743144580294,0.5431090125015804,2.777197701590402,2.7225864955357144,116.0,6396,1
fixation,1863217.3850001097,0.42663977726509694,0.338661704408495,2.8637422260485197,2.794022409539474,316.0,6397,1
fixation,1863584.05400002,0.4170167205425409,0.5112686707423284,2.8487936166616588,2.7861785888671875,217.0,6398,1
fixation,1863834.0590000153,0.43781017715280707,0.3395931991663846,2.8574870716441763,2.7930783358487217,184.0,6399,1
fixation,1864050.7270001173,0.5316845938563347,0.3473426058888435,2.862712097167969,2.7682289123535155,333.0,6400,1
fixation,1864417.4020000696,0.4352864067662846,0.3667086579582908,2.816683682528409,2.7700611461292612,183.0,6401,1
fixation,1864617.4050000906,0.41566496325863733,0.3551357981231478,2.769794718424479,2.7169704861111112,758.0,6402,1
fixation,1865534.0850000381,0.40923844774564105,0.36482354750235874,2.75726318359375,2.7240829467773438,92.0,6403,1
fixation,1865700.7580000162,0.41309306155080383,0.362474355360736,2.776416944420856,2.7495030942170517,383.0,6404,1
fixation,1866100.7630000114,0.43900505134037565,0.347190546137946,2.667657034737723,2.642675127301897,233.0,6405,1
fixation,1866350.7660000324,0.41700630764598434,0.3585282512333082,2.719043897545856,2.69482189676036,767.0,6406,1
fixation,1867134.1150000095,0.43530368485621046,0.3493721942816462,2.743128095354353,2.7148775373186385,234.0,6407,1
fixation,1867384.1160000563,0.4490540444850922,0.34988925059636433,2.734466552734375,2.71063232421875,250.0,6408,1
fixation,1867717.4560000896,0.5540079891681671,0.3598576277494431,2.684678649902344,2.65196533203125,166.0,6409,1
fixation,1867917.4610000849,0.431123245288344,0.5615165777066174,2.662587782915901,2.667449951171875,283.0,6410,1
fixation,1868250.8000000715,0.555811670422554,0.527941320836544,2.6832069396972655,2.6252349853515624,333.0,6411,1
fixation,1868634.1490000486,0.4520222081078423,0.35488942596647477,2.729829576280382,2.6998053656684027,150.0,6412,1
fixation,1868800.8190000057,0.4140004420822317,0.3565404377877712,2.8222472450949927,2.737091758034446,741.0,6413,1
fixation,1869700.8290001154,0.4212000289788613,0.3507210904589066,2.9124703040489783,2.86358642578125,425.0,6414,1
fixation,1870167.5050001144,0.46953424587845805,0.4234556518495083,2.772173309326172,2.7525962829589843,333.0,6415,FIX_CROS
fixation,1870517.512000084,0.4362637646294929,0.37659513990621307,2.733102746911951,2.7356117867134713,616.0,6416,FIX_CROS
fixation,1871167.5200001001,0.3601559195667505,0.3920999336987734,2.796466827392578,2.7771778106689453,133.0,6417,1.2
fixation,1871317.5250000954,0.39912021656831104,0.38612752017520724,2.779197329566592,2.736963907877604,358.0,6418,1.2
fixation,1871734.2010000944,0.21729524744053683,0.381377508242925,2.7810033162434897,2.7819341023763022,192.0,6419,1.2
fixation,1871950.8790000677,0.27560400664806367,0.3819115608930588,2.80970458984375,2.7592742919921873,167.0,6420,1.2
fixation,1872134.2180000544,0.3312276415526867,0.3896894659847021,2.8092966079711914,2.7368106842041016,267.0,6421,1.2
fixation,1872417.5560001135,0.3335500508546829,0.3918115571141243,2.814891815185547,2.738739013671875,66.0,6422,1.2
fixation,1872534.2280000448,0.5006851280728976,0.39011062930027646,2.822289784749349,2.730696360270182,200.0,6423,1.2
fixation,1872767.5640000105,0.5682882773024696,0.38392637776476995,2.798938206263951,2.7312186104910716,233.0,6424,1.2
fixation,1873034.236000061,0.6248828023672104,0.3725287262350321,2.76953125,2.6969451904296875,134.0,6425,1.2
fixation,1873200.9060000181,0.5511470623314381,0.3844516072422266,2.747343063354492,2.7103490829467773,267.0,6426,1.2
fixation,1873484.2470000982,0.575332988392223,0.38090064308860083,2.750271883877841,2.6941639293323862,184.0,6427,1.2
fixation,1873684.25,0.6087687363227209,0.37314081688721973,2.7312800089518228,2.6992289225260415,108.0,6428,1.2
fixation,1873967.5880000591,0.6371097713708878,0.370563084880511,2.754820081922743,2.688773261176215,292.0,6429,1.2
fixation,1874284.262000084,0.6773557202382521,0.37557039613073523,2.7419239390980112,2.6722980846058237,367.0,6430,1.2
fixation,1874667.6010000706,0.6684861719608307,0.3779935002326965,2.7270492553710937,2.6713882446289063,166.0,6431,1.2
fixation,1874850.9400000572,0.7131426066160202,0.37700991332530975,2.753428649902344,2.6900726318359376,167.0,6432,1.2
fixation,1875034.2780001163,0.7624810322334892,0.38014482432290125,2.762141980622944,2.672829878957648,317.0,6433,1.2
fixation,1875367.6190000772,0.7926221953497993,0.3745483871963289,2.76151360405816,2.6719428168402777,158.0,6434,1.2
fixation,1875684.2890000343,0.3799527330057962,0.4545868443591254,2.779782976422991,2.7788892473493303,109.0,6435,1.2
fixation,1875850.9600000381,0.5782665577199724,0.459708078040017,2.8448062472873263,2.748931884765625,150.0,6436,1.2
fixation,1876034.2940000296,0.6737281965172809,0.45954185918621393,2.728671530018682,2.690496030061141,384.0,6437,1.2
fixation,1876450.9720000029,0.7426786124706268,0.45662963688373565,2.694444274902344,2.6511764526367188,167.0,6438,1.2
fixation,1876650.9760000706,0.7845994085073471,0.46465670104537693,2.725398472377232,2.6493704659598216,233.0,6439,1.2
fixation,1876917.648000002,0.7480525299906731,0.45908549427986145,2.723731994628906,2.6634521484375,66.0,6440,1.2
fixation,1877100.9900000095,0.23363673919811845,0.48033188842236996,2.7151880264282227,2.737027168273926,267.0,6441,1.2
fixation,1877384.327000022,0.2806072003311581,0.4712292204300563,2.741816202799479,2.696779039171007,150.0,6442,1.2
fixation,1877567.6630001068,0.19110231896241506,0.4633202205101649,2.670423380533854,2.6547760009765624,250.0,6443,1.2
fixation,1877834.3360000849,0.24150743867669786,0.4734440552336829,2.7188491821289062,2.6820765904017856,233.0,6444,1.2
fixation,1878101.0080000162,0.2930197730660439,0.47279614955186844,2.7071792602539064,2.689971923828125,167.0,6445,1.2
fixation,1878301.0110000372,0.33618581836873834,0.47775259478525683,2.740854436700994,2.717194990678267,184.0,6446,1.2
fixation,1878501.012000084,0.38477846682071687,0.4809003874659538,2.80120849609375,2.7447998046875,167.0,6447,1.2
fixation,1878684.3520001173,0.4374202313748273,0.47712805054404517,2.7973591197620737,2.7336619984019888,183.0,6448,1.2
fixation,1878884.3570001125,0.4901434689760208,0.47116697281599046,2.75330810546875,2.724232482910156,166.0,6449,1.2
fixation,1879084.364000082,0.538096908479929,0.47388483211398125,2.682647705078125,2.6625595092773438,141.0,6450,1.2
fixation,1879601.03700006,0.6952933470408121,0.4667938162883123,2.73956298828125,2.674951171875,242.0,6451,1.2
fixation,1879884.375,0.7668331811825434,0.4644509082039197,2.7455596923828125,2.6537144978841147,200.0,6452,1.2
fixation,1880101.0460000038,0.7467927171124352,0.4622815160287751,2.653511895073785,2.597497728135851,300.0,6453,1.2
fixation,1880467.7210000753,0.41638797521591187,0.568911568986045,2.6638692220052085,2.6904364691840277,150.0,6454,1.2
fixation,1880634.3910000324,0.3805687427520752,0.5679048326882449,2.685026689009233,2.6750224720348013,183.0,6455,1.2
fixation,1880834.3960000277,0.46224796772003174,0.5698215588927269,2.686955769856771,2.6413866678873696,200.0,6456,1.2
fixation,1881051.0670000315,0.5256007194519043,0.5672647520899773,2.6537025451660154,2.6284690856933595,334.0,6457,1.2
fixation,1881401.0730000734,0.5492136826117834,0.5579637264211973,2.666009267171224,2.6355794270833335,200.0,6458,1.2
fixation,1881634.409000039,0.5919228196144104,0.5557559671856108,2.599513462611607,2.5848533993675593,350.0,6459,1.2
fixation,1882084.418000102,0.5602832635243734,0.5493750125169754,2.589238484700521,2.592437744140625,108.0,6460,1.2
fixation,1882417.7550001144,0.3573582222064336,0.3926957928472095,2.6778937445746527,2.671330769856771,142.0,6461,1.2
fixation,1882601.0970000029,0.4116778828203678,0.3837756089866161,2.7082595825195312,2.677721405029297,334.0,6462,1.2
fixation,1882984.4340000153,0.2511793185364116,0.3675042146986181,2.5992084849964487,2.6139401522549717,183.0,6463,1.2
fixation,1883184.438000083,0.20806170322678305,0.3675449395721609,2.5935100208629263,2.597066705877131,183.0,6464,1.2
fixation,1883401.1100000143,0.2631839567964727,0.3690738379955292,2.613639137961648,2.5916872891512783,184.0,6465,1.2
fixation,1883601.1120001078,0.31859240829944613,0.3789526164531708,2.5929290771484377,2.577955627441406,167.0,6466,1.2
fixation,1883801.1160000563,0.40217468049377203,0.3837626678869128,2.5858383178710938,2.5686464309692383,267.0,6467,1.2
fixation,1884084.4560000896,0.4447692077268254,0.3796449104944865,2.629136981386127,2.615582090435606,550.0,6468,1.2
fixation,1884651.1330000162,0.43201251824696857,0.27542491629719734,2.7372957865397134,2.6847750345865884,200.0,6469,NOTRIAL
fixation,1884867.7970000505,0.3927295938134193,0.26982558965682985,2.792333984375,2.7502395629882814,167.0,6470,NOTRIAL
fixation,1885051.1360000372,0.42390068372090656,0.26616663734118146,2.8408406575520835,2.787836710611979,108.0,6471,NOTRIAL
fixation,1885317.8090000153,0.44417693465948105,0.26281870901584625,2.8210652669270835,2.7493896484375,100.0,6472,NOTRIAL
fixation,1885617.8150000572,0.4431438706815243,0.26303345523774624,2.8321685791015625,2.7473297119140625,200.0,6473,NOTRIAL
fixation,1885851.1520000696,0.487820463180542,0.2548772194981575,2.766610107421875,2.7010955810546875,417.0,6474,NOTRIAL
fixation,1886301.1630001068,0.6228046384122636,0.25454239547252655,2.766354031032986,2.692840576171875,158.0,6475,NOTRIAL
fixation,1886617.8370000124,0.49740857233603797,0.25348675101995466,2.807237243652344,2.721360778808594,492.0,6476,NOTRIAL
fixation,1887167.8460000753,0.6431383805142509,0.45527204788393444,2.7214236789279513,2.64715576171875,300.0,6477,NOTRIAL
fixation,1887517.8540000916,0.6278023351641262,0.2598719636307043,2.7458514045266544,2.6826979693244484,283.0,6478,NOTRIAL
fixation,1887851.1930000782,0.465663558906979,0.2594151496887207,2.758392333984375,2.7249043782552085,150.0,6479,NOTRIAL
fixation,1888017.861000061,0.4385727018117905,0.26077539920806886,2.7633544921875,2.743304443359375,83.0,6480,NOTRIAL
fixation,1888151.2000000477,0.6117636263370514,0.4714463271877982,2.7913929332386362,2.707590276544744,184.0,6481,NOTRIAL
fixation,1888367.8710000515,0.647146755031177,0.47513078791754587,2.763460431780134,2.7097157069614957,233.0,6482,NOTRIAL
fixation,1888617.875,0.5639456467969077,0.4628981926611492,2.7352709089006697,2.6857692173549106,117.0,6483,NOTRIAL
fixation,1888767.8800001144,0.4987887734403977,0.46652532254274076,2.7609294011042667,2.710064227764423,441.0,6484,NOTRIAL
fixation,1889351.2230000496,0.49155579693615437,0.4566810391843319,2.747377395629883,2.701284408569336,126.0,6485,NOTRIAL
fixation,1889534.557000041,0.45721642808480695,0.7192056477069855,2.6748712713068183,2.6773223876953125,183.0,6486,NOTRIAL
fixation,1889767.898000002,0.6508644131513742,0.7204186641252958,2.6129185603215146,2.546208308293269,217.0,6487,NOTRIAL
fixation,1890017.9020000696,0.5239308909936384,0.6907027688893405,2.547403508966619,2.546511563387784,183.0,6488,NOTRIAL
fixation,1890217.9070000648,0.5705968226705279,0.6875559517315456,2.5622029985700334,2.543499537876674,467.0,6489,NOTRIAL
fixation,1890701.25,0.5719257712364196,0.6951534628868103,2.57220458984375,2.5512451171875,92.0,6490,NOTRIAL
fixation,1891301.2610000372,0.49646707210275864,0.5175276299317678,2.736933390299479,2.6813184950086804,142.0,6491,NOTRIAL
fixation,1891484.6010000706,0.45702235557531057,0.3584888624517541,2.8267814234683386,2.735549123663651,316.0,6492,NOTRIAL
fixation,1891851.2740000486,0.48846431431316195,0.40575094592003597,2.7499484107607888,2.6804446265811013,350.0,6493,FIX_CROS
fixation,1892234.614000082,0.4571060124904879,0.37529515354864057,2.8046436925088205,2.721408967048891,516.0,6494,FIX_CROS
fixation,1892784.6240000725,0.41181205077604816,0.48757472363385285,2.933388449928977,2.858946366743608,183.0,6495,1.1
fixation,1893001.2940000296,0.5337986014783382,0.4657730907201767,2.9396915435791016,2.833099365234375,134.0,6496,1.1
fixation,1893167.9630000591,0.6147456743887493,0.4621883417878832,2.8665902273995534,2.795361110142299,233.0,6497,1.1
fixation,1893434.6350001097,0.6400975249707699,0.4564361870288849,2.867208480834961,2.8151416778564453,133.0,6498,1.1
fixation,1893601.3050000668,0.6736440275396619,0.45367551488535746,2.877927507672991,2.8531406947544644,125.0,6499,1.1
fixation,1893884.6440000534,0.45154785364866257,0.4674762561917305,2.8768437703450522,2.8899739583333335,92.0,6500,1.1
fixation,1894017.9810000658,0.5000654250383377,0.47424172461032865,2.912091064453125,2.86373291015625,167.0,6501,1.1
fixation,1894234.6490000486,0.406757804480466,0.4726970426060937,2.7965337579900567,2.7939883145419033,183.0,6502,1.1
fixation,1894451.3220000267,0.3232696842063557,0.47252603010697797,2.7500166459517046,2.7712443958629263,192.0,6503,1.1
fixation,1894834.659000039,0.6478694001833598,0.35756853222846985,2.7696258544921877,2.7076568603515625,242.0,6504,NOTRIAL
fixation,1895117.9990000725,0.6403187946839766,0.26354853334752,2.857725663618608,2.767854170365767,183.0,6505,NOTRIAL
fixation,1895318.0020000935,0.6221000024905572,0.2617906859287849,2.8592183039738583,2.7711058396559496,442.0,6506,NOTRIAL
fixation,1895834.6770000458,0.6396663203125909,0.25277676930030185,2.870389665876116,2.7723766508556547,350.0,6507,NOTRIAL
fixation,1896251.355000019,0.6362563457529423,0.26232502596863244,2.8894596423132946,2.7989739886784957,983.0,6508,NOTRIAL
fixation,1897368.0390000343,0.638641779837401,0.4595349988211756,2.901636538298234,2.837740690811821,376.0,6509,NOTRIAL
fixation,1897801.3800001144,0.6492735533802597,0.6926940028314237,2.705846150716146,2.6646208586516202,458.0,6510,NOTRIAL
fixation,1898451.3910000324,0.5116258528497484,0.2058331867059072,2.7416754828559027,2.666469997829861,142.0,6511,NOTRIAL
fixation,1898634.7320001125,0.4947172966268327,0.14614969160821703,2.768154568142361,2.672120836046007,150.0,6512,NOTRIAL
fixation,1898801.401000023,0.5529853074174178,0.17744561284780502,2.8755420885587992,2.762162057976974,316.0,6513,NOTRIAL
fixation,1899151.4070000648,0.5111846725145975,0.25077275683482486,2.9474970499674478,2.8613255818684897,100.0,6514,NOTRIAL
fixation,1899301.4110000134,0.3771563805639744,0.22843921277672052,2.9483489990234375,2.875761032104492,133.0,6515,NOTRIAL
fixation,1899451.4070000648,0.35022879391908646,0.2236817516386509,2.8620361328125,2.76719970703125,166.0,6516,NOTRIAL
fixation,1899651.4110000134,0.4423050594826539,0.23392165452241898,2.796014149983724,2.707228342692057,200.0,6517,NOTRIAL
fixation,1899884.7470000982,0.5265518261326684,0.2292918281422721,2.783843994140625,2.7083265516493054,158.0,6518,NOTRIAL
fixation,1900268.0970000029,0.6391573916007947,0.4736492269999021,2.8461747602982954,2.773966008966619,1284.0,6519,NOTRIAL
fixation,1901818.117000103,0.5562042310833931,0.663701805472374,2.7508399963378904,2.7281349182128904,334.0,6520,NOTRIAL
fixation,1902184.8010001183,0.5122536987066268,0.4627771293123563,2.7478963216145833,2.6925816853841145,500.0,6521,NOTRIAL
fixation,1902718.1360000372,0.4966685878379004,0.3482511895043509,2.679072788783482,2.640651157924107,117.0,6522,29
fixation,1902868.1410000324,0.3978257415195306,0.575721487402916,2.447320302327474,2.461700439453125,200.0,6523,29
fixation,1903101.4760000706,0.43276242166757584,0.5739066898822784,2.433624267578125,2.410472869873047,66.0,6524,29
fixation,1903201.4770001173,0.5117549654096365,0.5638854242861271,2.395050048828125,2.344615936279297,266.0,6525,29
fixation,1903484.8110001087,0.5527723014354706,0.5597148060798645,2.4030853271484376,2.381646728515625,83.0,6526,29
fixation,1903651.4810000658,0.3338773964267028,0.886222663678621,2.3773386101973686,2.421581870631168,316.0,6527,29
fixation,1904068.1540000439,0.3881633788347244,0.8785075008869171,2.42144775390625,2.483642578125,84.0,6528,29
fixation,1904168.1560000181,0.4390803173184395,0.891678762435913,2.44671630859375,2.4659576416015625,167.0,6529,29
fixation,1904368.1580001116,0.5266369879245758,0.8689935803413391,2.4185098501352162,2.4354248046875,217.0,6530,29
fixation,1904601.5010000467,0.5695032738149166,0.8581675048917532,2.4650068283081055,2.4549713134765625,266.0,6531,29
fixation,1904884.8390001059,0.6280637681484222,0.8678919672966003,2.5751842151988638,2.4869565096768467,183.0,6532,29
fixation,1905084.84100008,0.6600432753562927,0.8687223732471466,2.6359161376953124,2.52735595703125,91.0,6533,29
fixation,1905584.8480000496,0.3441515989028491,0.8724230665426987,2.813989492563101,2.7381861760066104,209.0,6534,29
fixation,1905818.1830000877,0.3912839572876692,0.8724423218518496,2.7629594802856445,2.6632308959960938,267.0,6535,29
fixation,1906101.515000105,0.4248132450239999,0.8776212675230843,2.576688494001116,2.5686253138950894,233.0,6536,29
fixation,1906368.1870000362,0.48207603991031645,0.8698476135730744,2.5234420776367186,2.5225860595703127,167.0,6537,29
fixation,1906551.5250000954,0.5219923811299461,0.8581998880420413,2.584881373814174,2.5325535365513394,233.0,6538,29
fixation,1906818.1940000057,0.5839402917772532,0.8590232990682125,2.6769285202026367,2.5765771865844727,267.0,6539,29
fixation,1907118.199000001,0.632204607129097,0.8659166276454926,2.7674484252929688,2.6226150512695314,167.0,6540,29
fixation,1907301.53700006,0.6638464629650116,0.869569127758344,2.792475382486979,2.6392110188802085,108.0,6541,29
fixation,1907618.2030000687,0.44276780102934155,0.6051977787699018,2.7921861921037947,2.7213548932756697,109.0,6542,29
fixation,1907768.2070000172,0.3941433489322662,0.5843274712562561,2.7806986490885417,2.692083740234375,250.0,6543,29
fixation,1908051.5460000038,0.4853234244020362,0.535932857739298,2.6366802014802633,2.5392464085629114,316.0,6544,29
fixation,1908418.2180000544,0.312847467760245,0.874664880335331,2.4819107055664062,2.4477856953938804,200.0,6545,29
fixation,1908651.5550000668,0.36476202060778934,0.8753623738884926,2.4733606974283853,2.4053802490234375,200.0,6546,29
fixation,1908868.2280000448,0.3941197656095028,0.8816819302737713,2.320770263671875,2.389118194580078,134.0,6547,29
fixation,1909051.5650000572,0.4547577053308487,0.8861433726090652,2.4738393930288463,2.427125197190505,216.0,6548,29
fixation,1909301.5670000315,0.5264479368925095,0.8642805423587561,2.329897880554199,2.3747615814208984,266.0,6549,29
fixation,1909584.9070000648,0.5824140860484197,0.8579832086196313,2.4176119290865383,2.384021465594952,217.0,6550,29
fixation,1909834.9110000134,0.6378545388579369,0.8708858738342921,2.5021438598632812,2.417496999104818,200.0,6551,29
fixation,1910134.9200000763,0.4181068258153068,0.5935942894882626,2.6292622884114585,2.623231675889757,150.0,6552,29
fixation,1910301.5880000591,0.40050593204796314,0.579673271626234,2.6759700775146484,2.612018585205078,133.0,6553,29
fixation,1910501.5900000334,0.6640865667299791,0.8675038435242393,2.493258389559659,2.3336542302911933,191.0,6554,29
fixation,1910901.6000000238,0.5935193039476871,0.8463755175471306,2.3650875091552734,2.3526859283447266,125.0,6555,29
fixation,1911051.6040000916,0.6299324306574735,0.8723193894733082,2.4856317693536933,2.3985096324573862,183.0,6556,29
fixation,1911251.6060000658,0.6592861630699851,0.8744145740162242,2.4951019287109375,2.393034501509233,191.0,6557,29
fixation,1911701.6160000563,0.4034292884171009,0.6053001582622528,2.5555076599121094,2.554894765218099,192.0,6558,29
fixation,1911918.2860000134,0.43596429874499637,0.5823215916752815,2.515832265218099,2.493946075439453,200.0,6559,29
fixation,1912134.9570000172,0.4015148989856243,0.5704366452991962,2.4398021697998047,2.458017349243164,133.0,6560,29
fixation,1912301.6260000467,0.5102169559552119,0.5617427550829374,2.4431316669170675,2.419079120342548,216.0,6561,29
fixation,1912551.634000063,0.5497874640501462,0.5592605517460749,2.4336888239933896,2.4076925424429088,216.0,6562,29
fixation,1912784.9670000076,0.5120661767820517,0.6539131676157316,2.4109814961751304,2.4223531087239585,200.0,6563,29
fixation,1913034.9730000496,0.4057725982533561,0.60201006465488,2.4799940321180554,2.498836941189236,150.0,6564,29
fixation,1913218.3090000153,0.3879098954300086,0.6638338913520178,2.411309560139974,2.4377123514811196,200.0,6565,29
fixation,1913451.648000002,0.3787773760656516,0.5586767519513766,2.4767939249674478,2.4835421244303384,200.0,6566,29
fixation,1913684.9870001078,0.45577896013855934,0.5620265305042267,2.4748783111572266,2.4447860717773438,133.0,6567,29
fixation,1913851.6540000439,0.5145338118076325,0.5612809896469116,2.5235580444335937,2.4736175537109375,166.0,6568,29
fixation,1914068.330000043,0.3908711706216519,0.593518268603545,2.553590040940505,2.5601976834810696,434.0,6569,29
fixation,1914551.6740000248,0.31310643575021196,0.8651902611766543,2.4525604248046875,2.431219918387277,233.0,6570,29
fixation,1914818.3460000753,0.36409613490104675,0.8730352195826444,2.4376872669566763,2.4351251775568183,183.0,6571,29
fixation,1915035.0180000067,0.40972317329474855,0.8757192407335553,2.3706229073660716,2.403536115373884,117.0,6572,29
fixation,1915185.0170000792,0.4686708947022756,0.8659153812461429,2.317381117078993,2.420411851671007,150.0,6573,29
fixation,1915368.35800004,0.38389668613672256,0.6294549831322261,2.5763135637555803,2.5594961983816966,233.0,6574,29
fixation,1915618.3620001078,0.3853244945406914,0.6040380865335464,2.60738525390625,2.6020416259765624,166.0,6575,29
fixation,1915801.702000022,0.4240849142273267,0.6003485495845476,2.562042236328125,2.519672393798828,200.0,6576,29
fixation,1916035.040000081,0.4695708565413952,0.601754991337657,2.5388240814208984,2.495333671569824,267.0,6577,29
fixation,1916335.043000102,0.5410777007540067,0.5993613749742508,2.5236778259277344,2.475571950276693,200.0,6578,29
fixation,1916851.7240000963,0.6071859683309283,0.5794740532125745,2.4910779680524553,2.484401157924107,109.0,6579,29
fixation,1917018.3910000324,0.3950886815786362,0.6325739860534668,2.5665298461914063,2.5887222290039062,166.0,6580,29
fixation,1917201.730000019,0.38019849359989166,0.6205045743422075,2.584085637872869,2.5728995583274146,183.0,6581,29
fixation,1917401.736000061,0.41983541548252107,0.6211401283740997,2.547105407714844,2.551161193847656,167.0,6582,29
fixation,1917601.7370001078,0.4740976889928182,0.6210621272524198,2.5129979451497397,2.5141283671061196,200.0,6583,29
fixation,1917818.4100000858,0.5352231357246637,0.614953825250268,2.4926490783691406,2.496169090270996,266.0,6584,29
fixation,1918118.415000081,0.4169858280155394,0.665175865093867,2.4758097330729165,2.5157012939453125,150.0,6585,29
fixation,1918351.7520000935,0.3808002450636455,0.5597162970474788,2.4985079084123885,2.5048348563058034,233.0,6586,29
fixation,1918635.0880000591,0.314960401919153,0.826451000240114,2.4604593912760415,2.423100789388021,150.0,6587,29
fixation,1918901.7610000372,0.41636773347854616,0.8916144788265228,2.4713150024414063,2.4943862915039063,167.0,6588,29
fixation,1919085.0990000963,0.39961996823549273,0.8831970959901809,2.4528579711914062,2.4981353759765623,167.0,6589,29
fixation,1919268.4360001087,0.4589722504218419,0.8761928578217825,2.410732693142361,2.4697146945529513,150.0,6590,29
fixation,1919485.1070001125,0.4473277294919604,0.566824346780777,2.606169927687872,2.584376743861607,350.0,6591,29
fixation,1919918.4470000267,0.38249049915207756,0.8666846917735206,2.473478529188368,2.4711710611979165,150.0,6592,29
fixation,1920118.4500000477,0.4235207084566355,0.6049524992704391,2.616567611694336,2.5839385986328125,133.0,6593,29
fixation,1920285.1220000982,0.5132895335555077,0.5780154007176558,2.6083221435546875,2.540381113688151,400.0,6594,29
fixation,1920718.4650000334,0.40105094843440586,0.6094082014428245,2.5816752115885415,2.5591973198784723,300.0,6595,29
fixation,1921051.80400002,0.48359887012177044,0.6030466068122122,2.5660493638780384,2.5256740025111606,767.0,6596,29
fixation,1921835.1490000486,0.5486628338694572,0.5902768621842066,2.6617139180501304,2.6376673380533853,200.0,6597,29
fixation,1922068.4870001078,0.5991176908666437,0.5794930539347909,2.5771248557350854,2.5688421075994317,183.0,6598,29
fixation,1922318.4970000982,0.40205627335951877,0.6210664212703705,2.5959625244140625,2.6261268028846154,216.0,6599,29
fixation,1922568.5010000467,0.46279510855674744,0.6185848951339722,2.6302444458007814,2.5945816040039062,166.0,6600,29
fixation,1922768.4930000305,0.5345219039916992,0.6158820796012878,2.611318359375,2.575836181640625,416.0,6601,29
fixation,1923285.1690000296,0.4971342910277216,0.4975794242662296,2.7305437054550437,2.6901577062774122,950.0,6602,FIX_CROS
fixation,1924268.5220000744,0.37893169224262235,0.45861214250326154,2.827861022949219,2.8227081298828125,166.0,6603,29.2
fixation,1924451.8570001125,0.337995657324791,0.46583895534276965,2.86953125,2.8445220947265626,167.0,6604,29.2
fixation,1924635.1920000315,0.3219514808484486,0.47038702241012026,2.8557630266462053,2.7916063581194197,117.0,6605,29.2
fixation,1924768.526000023,0.235672394434611,0.4724627323448658,2.819505055745443,2.7654876708984375,200.0,6606,29.2
fixation,1925001.864000082,0.1843888871371746,0.45567702626188594,2.823134104410807,2.737623850504557,200.0,6607,29.2
fixation,1925235.202000022,0.26104763481352067,0.47219473620255786,2.8266432020399304,2.72995842827691,150.0,6608,29.2
fixation,1925418.534000039,0.3263721416393916,0.46879500647385913,2.8253194173177083,2.734205118815104,250.0,6609,29.2
fixation,1925685.2060000896,0.36470671743154526,0.4679540805518627,2.8338495890299478,2.7440198262532554,200.0,6610,29.2
fixation,1925901.875,0.4516525944073995,0.4688503195842107,2.7937337239583333,2.703136189778646,250.0,6611,29.2
fixation,1926168.5460000038,0.5112741986910502,0.47547705471515656,2.797529856363932,2.711390177408854,200.0,6612,29.2
fixation,1926401.8830000162,0.5847100294553317,0.46553556621074677,2.7678140493539662,2.6818683330829325,217.0,6613,29.2
fixation,1926651.8850001097,0.6611293941736222,0.45711407214403155,2.749737548828125,2.6866119384765623,167.0,6614,29.2
fixation,1926851.8890000582,0.7545873793688688,0.4606802368705923,2.761659102006392,2.6452095725319604,183.0,6615,29.2
fixation,1927051.8930000067,0.7998140837465014,0.4661476824964796,2.750941685267857,2.632328578404018,117.0,6616,29.2
fixation,1927185.2270001173,0.7737630946295602,0.46206351688929964,2.751277378627232,2.642881120954241,125.0,6617,29.2
fixation,1927535.2310000658,0.20699769693116346,0.4594328726331393,2.7465731302897134,2.7370071411132812,200.0,6618,29.2
fixation,1927951.9050000906,0.56741738691926,0.528688962260882,2.677354176839193,2.6021556854248047,392.0,6619,29.2
fixation,1928385.2440000772,0.647454908490181,0.45458342134952545,2.7357025146484375,2.6743820190429686,167.0,6620,NOTRIAL
fixation,1928801.9190000296,0.6298709704595453,0.24871135853669224,2.787745756261489,2.6946258544921875,283.0,6621,NOTRIAL
fixation,1929135.2610000372,0.6293094542718702,0.25467421535042023,2.8142668201077368,2.7214249641664567,1026.0,6622,NOTRIAL
fixation,1930218.6150000095,0.6289375658546176,0.4567737616598606,2.801142011369978,2.7661378043038503,466.0,6623,NOTRIAL
fixation,1930735.28700006,0.6493947729468346,0.7271449565887451,2.7470932006835938,,142.0,6624,NOTRIAL
fixation,1931085.2950000763,0.6508030151167223,0.7090286295260152,2.7666507844002015,2.706478980279738,509.0,6625,NOTRIAL
fixation,1931635.3060001135,0.5439778745174408,0.813371479511261,2.5957550048828124,2.5616790771484377,92.0,6626,NOTRIAL
fixation,1931985.316000104,0.5281178738389697,0.5942397841385433,2.7217821393694197,2.6880405970982144,109.0,6627,FIX_CROS
fixation,1932151.980000019,0.5357093640736171,0.4148158111742565,2.8131256103515625,2.7489286150251115,233.0,6628,FIX_CROS
fixation,1932418.6540000439,0.5013467894589647,0.46764838093138755,2.700931305580951,2.6773402437250664,783.0,6629,FIX_CROS
fixation,1933218.6630001068,0.4580043575593403,0.4719607223357473,2.680518014090402,2.6834509713309154,233.0,6630,29.1
fixation,1933485.3360000849,0.5279101346220288,0.46714738649981363,2.720951625279018,2.694037301199777,124.0,6631,29.1
fixation,1933818.6740000248,0.4982295259833336,0.47267994603940416,2.7456261771065846,2.7160186767578125,225.0,6632,29.1
fixation,1934068.6800000668,0.47107328847050667,0.4759319064517816,2.7511514027913413,2.7194506327311196,400.0,6633,29.1
fixation,1934502.0310000181,0.5302899352141789,0.4758282090936388,2.681575230189732,2.6459361485072543,242.0,6634,29.1
fixation,1934968.708000064,0.5385540916639215,0.5055102688424727,2.7174000459558822,2.6797323787913605,275.0,6635,29.1
fixation,1935285.3820000887,0.46522921654913163,0.47632385790348053,2.691126505533854,2.67919921875,300.0,6636,29.1
fixation,1935618.7230000496,0.5114552910263473,0.4767341388238443,2.6249080348659204,2.584191812051309,625.0,6637,29.1
fixation,1936435.4070000648,0.5125173285603524,0.4603677295148373,2.685681915283203,2.6615875244140623,325.0,6638,29.1
fixation,1936785.4160000086,0.4624761862529291,0.4797216694097261,2.6229260418866134,2.6196738578177787,624.0,6639,29.1
fixation,1937602.0990000963,0.49419704675674436,0.48017548223336537,2.6533304850260415,2.6385955810546875,242.0,6640,29.1
fixation,1937868.7720000744,0.5259885274701648,0.464857532746262,2.63527340359158,2.599328782823351,300.0,6641,29.1
fixation,1938185.4450000525,0.5041057918316278,0.479282123538164,2.588692689553285,2.570984669220753,658.0,6642,29.1
fixation,1939018.793000102,0.502577041204159,0.4603461336631041,2.6970602182241588,2.6556965754582333,425.0,6643,29.1
fixation,1939468.8010001183,0.4576698437333107,0.4685078255832195,2.603424072265625,2.579267120361328,333.0,6644,29.1
fixation,1939818.8080000877,0.5118667793770632,0.4711645804345608,2.6242408752441406,2.5789095560709634,400.0,6645,29.1
fixation,1940252.1460000277,0.6061096257633634,0.4302810960345798,2.643912421332465,2.6025831434461804,150.0,6646,NOTRIAL
fixation,1940418.8200000525,0.6270185634493828,0.4543509930372238,2.6187095642089844,2.581226348876953,67.0,6647,NOTRIAL
fixation,1940518.8180000782,0.6263864988630469,0.27537126432765613,2.6932525634765625,2.6178838556463067,183.0,6648,NOTRIAL
fixation,1940718.8210000992,0.631626284122467,0.2585459239780903,2.7818862915039064,2.6827102661132813,167.0,6649,NOTRIAL
fixation,1940902.1600000858,0.6114431344545804,0.25680718513635487,2.844194852388822,2.7170997032752404,225.0,6650,NOTRIAL
fixation,1941185.5,0.6400308344099257,0.25560106005933547,2.8375379774305554,2.705435858832465,142.0,6651,NOTRIAL
fixation,1941368.8370000124,0.5273444492083329,0.2573006594410309,2.827551523844401,2.7262361966646633,217.0,6652,NOTRIAL
fixation,1941602.1750000715,0.49890142335341525,0.25906310975551605,2.829157902644231,2.7244943472055287,225.0,6653,NOTRIAL
fixation,1942018.8520001173,0.6096032410860062,0.46375319734215736,2.8113155364990234,2.7069149017333984,125.0,6654,NOTRIAL
fixation,1942168.8520001173,0.642501738667488,0.4677486315369606,2.8177886962890626,2.7323074340820312,167.0,6655,NOTRIAL
fixation,1942368.8470000029,0.5618252635002137,0.4646838292479515,2.7885665893554688,2.7263473510742187,167.0,6656,NOTRIAL
fixation,1942568.8540000916,0.501504799085004,0.4556839359658105,2.741304670061384,2.697784423828125,233.0,6657,NOTRIAL
fixation,1942818.8630000353,0.5530944883823394,0.45741758346557615,2.7195663452148438,2.6649169921875,167.0,6658,NOTRIAL
fixation,1943052.2010000944,0.5064638182520866,0.46766897290945053,2.7331695556640625,,67.0,6659,NOTRIAL
fixation,1943135.5360000134,0.5042368322610855,0.4633292012981006,2.724969046456473,2.701204572405134,233.0,6660,NOTRIAL
fixation,1943385.540000081,0.4930334101120631,0.4651626358429591,2.7252960205078125,2.6968454996744793,250.0,6661,NOTRIAL
fixation,1943668.8790000677,0.4559861868619919,0.7144192457199097,2.6404380798339844,2.6355514526367188,67.0,6662,NOTRIAL
fixation,1943785.5470000505,0.35583541449159384,0.7270183768123388,2.650686264038086,2.6680870056152344,266.0,6663,NOTRIAL
fixation,1944068.887000084,0.3417131354411443,0.7306989034016927,2.629548814561632,2.6123792860243054,158.0,6664,NOTRIAL
fixation,1944535.563000083,0.5218798667192459,0.7088713228702546,2.5936569213867187,2.5314605712890623,166.0,6665,NOTRIAL
fixation,1944718.8990000486,0.5655713395939933,0.691568319996198,2.5814446343315973,2.525173611111111,300.0,6666,NOTRIAL
fixation,1945035.5710000992,0.5802442252635955,0.6997263789176941,2.5728271484375,2.523542785644531,166.0,6667,NOTRIAL
fixation,1945218.9080001116,0.653431783914566,0.7110338938236237,2.551407470703125,2.5255706787109373,425.0,6668,NOTRIAL
fixation,1945868.9220000505,0.6372921764850616,0.7014477465833936,2.523321969168527,2.5087193080357144,109.0,6669,NOTRIAL
fixation,1946035.5920000076,0.5375765055418015,0.8314251482486725,2.5276199340820313,2.4961456298828124,166.0,6670,NOTRIAL
fixation,1946252.2580000162,0.4994849106296897,0.41747724171727896,2.711416562398275,2.649407386779785,800.0,6671,NOTRIAL
fixation,1947085.60800004,0.3679458188513915,0.45780258625745773,2.7818425496419272,2.749063491821289,400.0,6672,NOTRIAL
fixation,1947502.2850000858,0.34609366697924476,0.47576492854527064,2.7340427943638392,2.7034375871930805,592.0,6673,NOTRIAL
fixation,1948335.634000063,0.35080069275397174,0.4843345070784947,2.7497377215691334,2.748346580649322,883.0,6674,NOTRIAL
fixation,1949568.992000103,0.5334304107560052,0.6915047731664445,2.6368331909179688,2.61385260687934,300.0,6675,NOTRIAL
fixation,1949918.9970000982,0.5132998083868334,0.44772692841868245,2.7362498621786795,2.6966109737273185,517.0,6676,NOTRIAL
fixation,1950485.6670000553,0.43901572308757086,0.31060458990660583,2.7423872514204546,2.7056080211292612,183.0,6677,6
fixation,1950685.6810001135,0.41817359030246737,0.3975340023636818,2.720011901855469,2.709918212890625,167.0,6678,6
fixation,1950902.3420000076,0.3765345201605842,0.8444367661362603,2.5772886730375744,2.5919363839285716,350.0,6679,6
fixation,1951302.3520001173,0.4299834536181556,0.8697810106807284,2.462982177734375,2.5036248101128473,150.0,6680,6
fixation,1951469.0180000067,0.48401519656181335,0.862632950146993,2.3649607340494794,2.4627614339192707,250.0,6681,6
fixation,1951735.6930000782,0.5403975304216146,0.8634676802903414,2.4295082092285156,2.426335334777832,267.0,6682,6
fixation,1952019.0310000181,0.6096130953385279,0.8714690323059375,2.4581439678485575,2.3950359637920675,217.0,6683,6
fixation,1952269.0330001116,0.5717613846063614,0.8608554750680923,2.392070007324219,2.38800048828125,167.0,6684,6
fixation,1952452.3680000305,0.5521980949810573,0.8576818406581879,2.339656284877232,2.398219517299107,116.0,6685,6
fixation,1952602.3760000467,0.6017653495073318,0.8622530438005924,2.402833938598633,2.413919448852539,133.0,6686,6
fixation,1952769.0440000296,0.5473282571349826,0.8593508835349765,2.3759961809430803,2.421545846121652,234.0,6687,6
fixation,1953035.71600008,0.6103433826390434,0.8569370157578412,2.4552540498621322,2.438437069163603,283.0,6688,6
fixation,1953335.7210000753,0.5903764963150024,0.8566111458672417,2.364615546332465,2.41241455078125,150.0,6689,6
fixation,1953502.3910000324,0.5347990787455014,0.8614430746861866,2.344165802001953,2.4270106724330356,474.0,6690,6
fixation,1954169.0730000734,0.5926242657005787,0.8611924350261688,2.3965988159179688,2.425077438354492,134.0,6691,6
fixation,1954319.0730000734,0.6180425484975179,0.8618296384811401,2.45709228515625,2.4563013712565103,100.0,6692,6
fixation,1954485.7450000048,0.524230784840054,0.42774903608693016,2.6587948269314237,2.6062791612413196,150.0,6693,6
fixation,1954669.0790001154,0.45915130376815794,0.3113988772034645,2.639540100097656,2.621104431152344,167.0,6694,6
fixation,1954869.0840001106,0.40861187502741814,0.3534486833959818,2.6472949981689453,2.6507320404052734,134.0,6695,6
fixation,1955035.7540000677,0.402351737767458,0.287960209697485,2.6516441345214843,2.660327911376953,333.0,6696,6
fixation,1955419.1010000706,0.5351815430017618,0.6263231084896967,2.574047382061298,2.54831049992488,217.0,6697,6
fixation,1955669.10800004,0.44643420594580036,0.6164530129993663,2.626054651596967,2.626221600700827,284.0,6698,6
fixation,1956002.4430000782,0.6133402526378632,0.5008108586072921,2.658551025390625,2.6511962890625,250.0,6699,6
fixation,1956302.455000043,0.49574275634118486,0.44607007609946386,2.667586190359933,2.661594935825893,233.0,6700,6
fixation,1956569.1160000563,0.5157932142416636,0.5571192383766175,2.656479899088542,2.6328857421875,250.0,6701,6
fixation,1956835.7950000763,0.5369979278607802,0.5930090316317298,2.6304362903941763,2.5874210704456675,367.0,6702,6
fixation,1957252.4630000591,0.48844185173511506,0.4049964681267738,2.68074951171875,2.6415008544921874,166.0,6703,6
fixation,1957435.8010001183,0.4657702296972275,0.35371817861284527,2.6963413783482144,2.6659949166434154,233.0,6704,6
fixation,1957685.813000083,0.4500231668353081,0.3166534372915824,2.7773056030273438,2.760521570841471,400.0,6705,6
fixation,1958119.1580001116,0.4040343475838502,0.4197720177471638,2.8101234436035156,2.818675994873047,200.0,6706,6
fixation,1958335.8250000477,0.3637954294681549,0.4060403337845436,2.803460928109976,2.7945169302133412,217.0,6707,6
fixation,1958585.827000022,0.3999526490058218,0.29660193834986004,2.748201642717634,2.7189832414899553,233.0,6708,6
fixation,1958835.8360000849,0.38417721167206764,0.2996104185779889,2.8098373413085938,2.794062296549479,200.0,6709,6
fixation,1959085.8340001106,0.4747381694614887,0.29574051809807617,2.887404759724935,2.8605740865071616,400.0,6710,6
fixation,1959519.1830000877,0.4097591969701979,0.27008477515644497,2.9225294325086804,2.8832160101996527,158.0,6711,6
fixation,1959852.5220000744,0.5566740036010742,0.5354103863239288,2.8801177978515624,2.7980194091796875,75.0,6712,6
fixation,1960002.526000023,0.38992472644895315,0.29315933398902416,2.957469940185547,2.877894401550293,274.0,6713,6
fixation,1960502.5350000858,0.44627134799957274,0.8352684557437897,2.718183898925781,2.690480041503906,158.0,6714,6
fixation,1960685.8620001078,0.39125111410694735,0.8607920340953334,2.7589303293535785,2.69451904296875,517.0,6715,6
fixation,1961235.8730000257,0.4543027520179749,0.8761238634586335,2.6092742919921874,2.608856201171875,91.0,6716,6
fixation,1961552.5460000038,0.4217141079051154,0.4437467966760908,2.7570648193359375,2.740912301199777,108.0,6717,6
fixation,1961685.8800001144,0.4260239268724735,0.31605661144623387,2.815923837515024,2.7707073505108175,217.0,6718,6
fixation,1961919.2180000544,0.4104378641797946,0.29020203993870664,2.7648063072791467,2.738666240985577,434.0,6719,6
fixation,1962402.5640000105,0.46976391767913644,0.47028458931229333,2.8086700439453125,2.777257052334872,366.0,6720,FIX_CROS
fixation,1962819.236000061,0.37068873185377854,0.29932865729698765,2.762476994441106,2.7513815072866588,217.0,6721,FIX_CROS
fixation,1963085.91200006,0.2804605543613434,0.295959597826004,2.8335418701171875,2.8330596923828124,175.0,6722,FIX_CROS
fixation,1963385.915000081,0.2022093025346597,0.3687896343568961,2.898726145426432,2.8777618408203125,200.0,6723,6.2
fixation,1963602.5840001106,0.24449496641755103,0.37489133775234224,2.8541168212890624,2.8058792114257813,166.0,6724,6.2
fixation,1963785.9210000038,0.29468943344222176,0.38215236531363594,2.7994893391927085,2.746705796983507,150.0,6725,6.2
fixation,1963952.5860000849,0.3778743472966281,0.3835642215880481,2.8095966685901987,2.7506699995561075,183.0,6726,6.2
fixation,1964169.2570000887,0.44609200152067036,0.3852872928747764,2.8239605243389425,2.771837674654447,217.0,6727,6.2
fixation,1964402.5900000334,0.48582455068826674,0.38185023963451387,2.804119873046875,2.7733078002929688,166.0,6728,6.2
fixation,1964585.915000081,0.5364413410425186,0.380904421210289,2.795538330078125,2.7567764282226563,167.0,6729,6.2
fixation,1964769.2510000467,0.5878765702247619,0.3756030648946762,2.7633595784505207,2.7133331298828125,250.0,6730,6.2
fixation,1965035.9280000925,0.6227714978158474,0.3780318256467581,2.724029541015625,2.6851673126220703,133.0,6731,6.2
fixation,1965202.5970000029,0.67412647853295,0.3741412361462911,2.7084986368815103,2.673182169596354,200.0,6732,6.2
fixation,1965435.9330000877,0.7262257391756232,0.3766425549983978,2.700246637517756,2.6668756658380683,183.0,6733,6.2
fixation,1965652.6000000238,0.7821269358197848,0.37937477851907414,2.714318593343099,2.635082244873047,200.0,6734,6.2
fixation,1965952.5980000496,0.24992428381334653,0.47177684984423895,2.6905711780894888,2.736083984375,183.0,6735,6.2
fixation,1966185.932000041,0.4040609470435551,0.4815360190612929,2.736078534807478,2.675799778529576,233.0,6736,6.2
fixation,1966469.2660000324,0.2772144854068756,0.5670680344104767,2.6225021362304686,2.6605239868164063,167.0,6737,6.2
fixation,1966652.6060000658,0.25474351085722446,0.5634436942636967,2.6362953186035156,2.6596336364746094,133.0,6738,6.2
fixation,1966802.6060000658,0.31809753328561785,0.5683799833059311,2.615704345703125,2.6390960693359373,166.0,6739,6.2
fixation,1967002.60800004,0.37086525559425354,0.5683161735534668,2.6514739990234375,2.636895751953125,83.0,6740,6.2
fixation,1967119.2770000696,0.4237958507405387,0.5658282803164588,2.689663357204861,2.657962375217014,150.0,6741,6.2
fixation,1967302.6090000868,0.5118342683865473,0.5638592403668624,2.665758573091947,2.630419217623197,216.0,6742,6.2
fixation,1967552.6120001078,0.5644411623477936,0.5639008522033692,2.659535217285156,2.624993896484375,166.0,6743,6.2
fixation,1967752.6100000143,0.6311473961059864,0.548210485623433,2.6242710993840146,2.6170196533203125,216.0,6744,6.2
fixation,1968002.6190000772,0.7106437385082245,0.5504283932122317,2.6363164728338067,2.611142245205966,191.0,6745,6.2
fixation,1968302.6230000257,0.4543806811173757,0.47781209978792405,2.6353658040364585,2.6646728515625,142.0,6746,6.2
fixation,1968485.958000064,0.5048640370368958,0.48025550776057774,2.6779310438368054,2.6646321614583335,150.0,6747,6.2
fixation,1968652.6290000677,0.5644981587926546,0.4679722934961319,2.6848233540852866,2.662384033203125,200.0,6748,6.2
fixation,1968869.3010001183,0.6080463200807571,0.4661360591650009,2.66661376953125,2.6704391479492187,167.0,6749,6.2
fixation,1969052.6360000372,0.6575710157553355,0.45960060556729637,2.6817036946614583,2.675678507486979,250.0,6750,6.2
fixation,1969402.6430000067,0.7992249859703912,0.4698772562874688,2.6987491183810763,2.6401553683810763,158.0,6751,6.2
fixation,1969752.6490000486,0.7050374709069729,0.45250172540545464,2.7143802642822266,2.672199249267578,125.0,6752,6.2
fixation,1969935.9870001078,0.4660030025988817,0.41647090343758464,2.8263425827026367,2.7727999687194824,533.0,6753,6.2
fixation,1970502.66200006,0.6272530989213423,0.3691616803407669,2.8168834339488638,2.716634576970881,183.0,6754,NOTRIAL
fixation,1970702.6640000343,0.6358510727683703,0.25566359733541805,2.8064371744791665,2.7304306030273438,200.0,6755,NOTRIAL
fixation,1970936.003000021,0.6191160082817078,0.255657943431288,2.876021385192871,2.792140007019043,267.0,6756,NOTRIAL
fixation,1971219.3430000544,0.6389362486925992,0.26191812279549515,2.9265941273082388,2.8057417436079546,183.0,6757,NOTRIAL
fixation,1971436.0140000582,0.6352555453777313,0.46265955695084165,2.8866359165736606,2.791967119489397,234.0,6758,NOTRIAL
fixation,1971719.3520001173,0.5791670481363932,0.30562854806582135,2.8841654459635415,2.784162394205729,250.0,6759,NOTRIAL
fixation,1971986.0240000486,0.6218555420637131,0.2623772897890636,2.887180873325893,2.7628844124930247,467.0,6760,NOTRIAL
fixation,1972486.034000039,0.5337299168109894,0.44708016216754914,2.856695556640625,2.7759185791015626,167.0,6761,NOTRIAL
fixation,1972669.3700000048,0.5057805757159772,0.46442313492298126,2.8370686406674595,2.761069919752038,391.0,6762,NOTRIAL
fixation,1973269.381000042,0.5655995175242424,0.4565797559916973,2.776396942138672,2.7098411560058593,325.0,6763,NOTRIAL
fixation,1973669.390000105,0.47833475172519685,0.734807288646698,2.6878082275390627,2.6638824462890627,83.0,6764,NOTRIAL
fixation,1973802.7270001173,0.3390695716326053,0.7360820357616131,2.6672762357271633,2.662311260516827,217.0,6765,NOTRIAL
fixation,1974036.0640000105,0.3724794205692079,0.7317117320166694,2.665776570638021,2.6134033203125,150.0,6766,NOTRIAL
fixation,1974236.0700000525,0.6512885475770022,0.724915345509847,2.580480722280649,2.539031982421875,658.0,6767,NOTRIAL
fixation,1975169.4230000973,0.553479769400188,0.5829976797103882,2.694187709263393,2.625647408621652,116.0,6768,NOTRIAL
fixation,1975336.094000101,0.49572660454681944,0.44385382320199696,2.8117404859893176,2.7616527323820153,817.0,6769,FIX_CROS
fixation,1976186.1200000048,0.4148117005825043,0.40630972664803267,2.78802490234375,2.7040672302246094,267.0,6770,FIX_CROS
fixation,1976469.4590001106,0.31439878791570663,0.3734036050736904,2.776897430419922,2.750659942626953,66.0,6771,6.1
fixation,1976569.4600000381,0.21495365637999314,0.36849437539394087,2.755980271559495,2.7632469764122596,216.0,6772,6.1
fixation,1976819.46600008,0.24967750310897827,0.3725128710269928,2.7107147216796874,2.684489440917969,166.0,6773,6.1
fixation,1977002.8030000925,0.30776662528514864,0.3835952326655388,2.7367401123046875,2.710186767578125,167.0,6774,6.1
fixation,1977202.8090000153,0.2159016869134373,0.3726677745580673,2.755956013997396,2.736238267686632,150.0,6775,6.1
fixation,1977402.8150000572,0.40993293672800063,0.3778013840317726,2.796437072753906,2.7403823852539064,167.0,6776,6.1
fixation,1977586.1500000954,0.4915699794888496,0.3787337303161621,2.7506423950195313,2.7049209594726564,167.0,6777,6.1
fixation,1977786.1580001116,0.5316199296050601,0.3772391296095318,2.74202643500434,2.7110409206814237,150.0,6778,6.1
fixation,1977969.4960000515,0.5970168337225914,0.3855060823261738,2.7381083170572915,2.693781534830729,200.0,6779,6.1
fixation,1978202.8350000381,0.6346874170833163,0.3885622007979287,2.7365315755208335,2.7035641140407987,150.0,6780,6.1
fixation,1978386.1710000038,0.6871644715468089,0.3882561633984248,2.7900054931640623,2.7384043375651044,250.0,6781,6.1
fixation,1978652.8430000544,0.7035827537377676,0.388232484459877,2.7856292724609375,2.7406082153320312,100.0,6782,6.1
fixation,1978769.5110000372,0.6695886671543121,0.3841687113046646,2.7926910400390623,2.769793701171875,83.0,6783,6.1
fixation,1978869.5130000114,0.7198708525725773,0.38173252769878935,2.8293358939034596,2.7743759155273438,233.0,6784,6.1
fixation,1979136.182000041,0.763648372888565,0.38226151317358015,2.882215881347656,2.823078918457031,167.0,6785,6.1
fixation,1979319.5200001001,0.8085351437330246,0.37438084557652473,2.888286590576172,2.8265342712402344,74.0,6786,6.1
fixation,1979619.526000023,0.21659497713500803,0.4808159145441922,2.8810882568359375,2.9126836603338067,175.0,6787,6.1
fixation,1979819.526000023,0.23762964350836618,0.47933952723230633,2.9020516531808034,2.863133021763393,116.0,6788,6.1
fixation,1979952.861000061,0.17557829072078068,0.46857974330584207,2.7486297607421877,2.730890909830729,250.0,6789,6.1
fixation,1980219.534000039,0.22043964605439792,0.47455619275569916,2.6765913529829546,2.6752444180575283,183.0,6790,6.1
fixation,1980419.5390000343,0.25310075970796436,0.4760721383186487,2.6895787165715146,2.689227764423077,216.0,6791,6.1
fixation,1980936.2140001059,0.27317031535009545,0.47255735906461876,2.7474683125813804,2.75848388671875,392.0,6792,6.1
fixation,1981352.8880000114,0.2389110975405749,0.46783238912329955,2.655521168428309,2.6925982306985294,283.0,6793,6.1
fixation,1981652.8930000067,0.2698927101763812,0.4690821672027761,2.6766107732599433,2.7027227228338067,183.0,6794,6.1
fixation,1981869.5650000572,0.30921857953071596,0.47001157850027087,2.685252380371094,2.6977691650390625,166.0,6795,6.1
fixation,1982069.566000104,0.3547281727194786,0.4716570317745209,2.6999176025390623,2.6850631713867186,166.0,6796,6.1
fixation,1982252.9050000906,0.3883293500313392,0.46789512496728164,2.697357177734375,2.6678079458383412,217.0,6797,6.1
fixation,1982502.9130001068,0.4488826673477888,0.46879300102591515,2.7049198150634766,2.664548873901367,141.0,6798,6.1
fixation,1982836.2480000257,0.4904024501641591,0.4714344988266627,2.6454137166341147,2.647674560546875,92.0,6799,6.1
fixation,1982969.5820000172,0.5380267103513082,0.46117448558410007,2.6803410847981772,2.655207316080729,200.0,6800,6.1
fixation,1983186.2540000677,0.5861319601535797,0.47009576559066774,2.657861328125,2.6338653564453125,167.0,6801,6.1
fixation,1983386.2580000162,0.6327699693766508,0.4551533487710086,2.6061234907670454,2.5911990079012783,184.0,6802,6.1
fixation,1983602.9310001135,0.7084900687138239,0.4613780428965886,2.603546142578125,2.5858675638834634,200.0,6803,6.1
fixation,1983836.2670000792,0.7943638730794191,0.46185790095478296,2.630009651184082,2.6142578125,267.0,6804,6.1
fixation,1984186.2750000954,0.2591803888125079,0.5529618178095136,2.617894853864397,2.6919217790876115,234.0,6805,6.1
fixation,1984452.9460000992,0.3446016162633896,0.5548828095197678,2.628251647949219,2.640716552734375,167.0,6806,6.1
fixation,1984652.9500000477,0.40207619965076447,0.5611840605735778,2.59903564453125,2.6168838500976563,167.0,6807,6.1
fixation,1984852.9540001154,0.45585492501656216,0.5627905031045278,2.6175880432128906,2.6369730631510415,200.0,6808,6.1
fixation,1985069.625,0.5155198400219282,0.5670604531963667,2.616124471028646,2.625493367513021,200.0,6809,6.1
fixation,1985302.9610000849,0.5707413310354407,0.5507787953723561,2.5963245738636362,2.6025876131924717,183.0,6810,6.1
fixation,1985502.9670000076,0.618422446342615,0.5480793462349818,2.560925997220553,2.5974038931039662,217.0,6811,6.1
fixation,1985752.9720000029,0.6785578752557436,0.5517343481381735,2.5815251668294272,2.5880215962727866,200.0,6812,6.1
fixation,1985986.3090000153,0.7294226214289665,0.5505815260112286,2.596578598022461,2.575063705444336,142.0,6813,6.1
fixation,1986552.9880000353,0.5355526775121688,0.4339101105928421,2.756561279296875,2.7103012084960936,167.0,6814,6.1
fixation,1986769.6570000648,0.3052889207998912,0.39576102793216705,2.8156458536783853,2.766869862874349,200.0,6815,6.1
fixation,1987002.9990000725,0.19697207691414015,0.3745386504701206,2.6401868547712053,2.620784214564732,234.0,6816,6.1
fixation,1987319.6660000086,0.5143880546092987,0.30606559477746487,2.6767539978027344,2.603452682495117,133.0,6817,NOTRIAL
fixation,1987486.3350000381,0.6245796363800764,0.2613236363977194,2.7465200424194336,2.6385345458984375,274.0,6818,NOTRIAL
fixation,1987936.3470000029,0.6132414822395031,0.2570611933867137,2.838750203450521,2.7149149576822915,650.0,6819,NOTRIAL
fixation,1988603.026000023,0.5733637094497681,0.25148801058530806,2.808489990234375,2.705303955078125,167.0,6820,NOTRIAL
fixation,1988786.3630000353,0.6107559770345687,0.25617736428976057,2.8082809448242188,2.7227081298828124,166.0,6821,NOTRIAL
fixation,1989019.699000001,0.6363829795052024,0.48262054341680866,2.7930549172794117,2.7206367043887867,283.0,6822,NOTRIAL
fixation,1989336.3720000982,0.5650151607237364,0.46165323963290766,2.7305635151110197,2.6793831273129114,316.0,6823,NOTRIAL
fixation,1989686.3820000887,0.6232443253199259,0.46288389563560484,2.7435038248697916,2.6964345296223957,250.0,6824,NOTRIAL
fixation,1989953.0520000458,0.6468262757573809,0.4741619591202055,2.7415553501674106,2.687237330845424,234.0,6825,NOTRIAL
fixation,1990236.3940000534,0.6554055710633596,0.757468518283632,2.654539320203993,2.6084120008680554,150.0,6826,NOTRIAL
fixation,1990403.0610001087,0.647804716054131,0.7207326959161198,2.6762973561006436,2.6228054271024814,292.0,6827,NOTRIAL
fixation,1990953.0690000057,0.6447167488244864,0.704390273644374,2.672306941105769,2.638689481295072,209.0,6828,NOTRIAL
fixation,1991269.7450000048,0.5148360878229141,0.8174946308135986,2.6399879455566406,2.6266708374023438,75.0,6829,NOTRIAL
fixation,1991519.7460000515,0.5195796853966184,0.6402756207519107,2.7241346571180554,2.6631622314453125,142.0,6830,NOTRIAL
fixation,1991703.0850000381,0.5768794147081153,0.46992289118988567,2.8319687954215116,2.7426754263944404,717.0,6831,NOTRIAL
fixation,1992469.7660000324,0.38527744067342656,0.4610904266959743,2.822849474455181,2.7695842542146383,317.0,6832,NOTRIAL
fixation,1992819.7690000534,0.35961227852200706,0.47436693996664075,2.7783735971602184,2.7509528266059027,1058.0,6833,NOTRIAL
fixation,1994086.4650000334,0.5418320372700691,0.7251496116320292,2.5992736816406246,2.517711639404297,192.0,6834,NOTRIAL
fixation,1994336.4720000029,0.5552669337817601,0.368484289873214,2.7728365943545388,2.661374773297991,350.0,6835,NOTRIAL
fixation,1994719.8140000105,0.5219737341006597,0.46236329960326356,2.796971638997396,2.702887217203776,400.0,6836,NOTRIAL
fixation,1995153.159000039,0.4495823841828566,0.37981413534054387,2.7679443359375,2.697240976186899,225.0,6837,8
fixation,1995519.8340001106,0.39215827981630963,0.8513868550459543,2.397028605143229,2.4211934407552085,92.0,6838,8
fixation,1995653.1730000973,0.3544134779108895,0.873807688554128,2.4291788736979165,2.4197319878472223,150.0,6839,8
fixation,1996019.8500000238,0.4983460810035467,0.8593232724815607,2.142573356628418,2.291379928588867,267.0,6840,8
fixation,1996303.1810001135,0.5278140753507614,0.8582516998052597,2.215104675292969,2.3157943725585937,167.0,6841,8
fixation,1996486.5190000534,0.5660049451722039,0.8592238558663262,2.3107401529947915,2.312806871202257,150.0,6842,8
fixation,1996653.1900000572,0.6228301094637977,0.8694972727033827,2.429443359375,2.3680250379774304,150.0,6843,8
fixation,1996869.8630000353,0.4034434946683737,0.8808899453053107,2.289886474609375,2.4794205885667067,217.0,6844,8
fixation,1997136.534000039,0.4704956034055123,0.8659662054135249,2.4394460824819713,2.467742919921875,216.0,6845,8
fixation,1997369.8740000725,0.539403110742569,0.8644797205924988,2.447094257061298,2.3922952505258412,217.0,6846,8
fixation,1997603.2150000334,0.5866822344916207,0.8666480439049857,2.426964896065848,2.383996146065848,117.0,6847,8
fixation,1997753.2170000076,0.4139356464147568,0.8924746096134186,2.4039886474609373,2.4932708740234375,84.0,6848,8
fixation,1997853.2200000286,0.4044833183288574,0.8664142906665802,2.2719696044921873,2.4849334716796876,84.0,6849,8
fixation,1997986.557000041,0.37220844129721325,0.8750172704458237,2.4967659844292536,2.4685295952690973,300.0,6850,8
fixation,1998303.2260000706,0.40658455217878026,0.8811273400982221,2.369049072265625,2.4601453145345054,200.0,6851,8
fixation,1998519.8990000486,0.4916055326660474,0.8681352759401003,2.2908401489257812,2.380894978841146,200.0,6852,8
fixation,1998753.2370001078,0.5466878143223849,0.8651748191226613,2.363615556196733,2.3530106977982954,184.0,6853,8
fixation,1998969.9070000648,0.5978455218401822,0.8754032389684157,2.3890256014737217,2.3317149769176138,183.0,6854,8
fixation,1999169.9100000858,0.621356315082974,0.8695699738131629,2.4276224772135415,2.350124782986111,150.0,6855,8
fixation,1999386.5820000172,0.48120280106862384,0.5534780886438158,2.560477362738715,2.5287950303819446,150.0,6856,8
fixation,1999603.2510000467,0.46351884034546936,0.41713547029278497,2.585318825461648,2.5365545099431817,184.0,6857,8
fixation,1999819.9230000973,0.552675606807073,0.44867237011591593,2.6033355712890627,2.5201395670572917,250.0,6858,8
fixation,2000086.6010000706,0.5422562658786774,0.4677390709519386,2.6125198364257813,2.5388153076171873,166.0,6859,8
fixation,2000386.5990000963,0.5421618759632111,0.4821583658456802,2.64556884765625,2.5681722005208334,250.0,6860,8
fixation,2000669.9460000992,0.4752890318632126,0.44363167881965637,2.69093746609158,2.61128658718533,300.0,6861,8
fixation,2001003.28700006,0.38925947363560015,0.5199986260670882,2.6497779259314904,2.607617891751803,217.0,6862,8
fixation,2001253.2890000343,0.45682068996959263,0.48049023416307235,2.6696879069010415,2.607518513997396,150.0,6863,8
fixation,2001436.6190000772,0.38050371408462524,0.5539207512682135,2.6586497913707388,2.6364205100319604,183.0,6864,8
fixation,2001636.6320000887,0.40357733689821684,0.5351159435052139,2.7129410963792067,2.680180476262019,216.0,6865,8
fixation,2001886.637000084,0.4932401386591104,0.49750094688855684,2.715356680063101,2.649182833158053,224.0,6866,8
fixation,2002253.2980000973,0.48579671340329306,0.4532101963247572,2.776212419782366,2.7245919363839284,109.0,6867,8
fixation,2002403.313000083,0.5450513202410477,0.4736159535554739,2.8112757756159854,2.7164447490985575,225.0,6868,8
fixation,2002869.9880000353,0.539768195670584,0.47119673697844794,2.7867000413977583,2.6984438688858696,375.0,6869,8
fixation,2003286.6600000858,0.4568969209988912,0.4416046341260274,2.7094390869140623,2.654618326822917,250.0,6870,8
fixation,2003553.333000064,0.44566136598587036,0.4101905700835315,2.68841552734375,2.6338944868607954,184.0,6871,8
fixation,2003753.3380000591,0.4334036677048124,0.37003825913215505,2.667228435647899,2.61584420039736,483.0,6872,8
fixation,2004270.012000084,0.5138999248544375,0.4261128902435303,2.635686238606771,2.543717702229818,200.0,6873,8
fixation,2004486.6800000668,0.5391187510069679,0.4837424395715489,2.66944481344784,2.580478443818934,575.0,6874,8
fixation,2005220.0250000954,0.5049304053896949,0.4832472545760019,2.7361319405691966,2.669863746279762,350.0,6875,8
fixation,2005770.03700006,0.5258546069264411,0.480326559394598,2.6901458740234374,2.6521202087402345,326.0,6876,8
fixation,2006136.7060000896,0.43879797905683515,0.4890102446079254,2.784722900390625,2.7556854248046876,167.0,6877,8
fixation,2006320.0460000038,0.44955122967561084,0.4237683229148388,2.7568702697753906,2.6893030802408853,200.0,6878,8
fixation,2006553.3820000887,0.5265090391039848,0.48433349281549454,2.7149581909179688,2.6508216857910156,66.0,6879,8
fixation,2006653.3880000114,0.44116603263786863,0.5081952682563237,2.7011893136160716,2.6643894740513394,116.0,6880,8
fixation,2006803.387000084,0.41865598197494236,0.4225218668580055,2.714251926967076,2.687129429408482,233.0,6881,8
fixation,2007070.0590000153,0.39482284616678953,0.5704899244010448,2.7104015350341797,2.681241989135742,267.0,6882,8
fixation,2007370.0640000105,0.39004135876893997,0.4378690371910731,2.6925938924153647,2.683049519856771,100.0,6883,8
fixation,2007520.0680000782,0.5374616845087572,0.4264886013486169,2.683603460138494,2.6236405806107954,192.0,6884,8
fixation,2007853.4070000648,0.5335516279393976,0.3728768534281037,2.717066678133878,2.6660593206232246,358.0,6885,8
fixation,2008236.7480000257,0.5731510346134504,0.3646468172470729,2.703962961832682,2.6569506327311196,200.0,6886,8
fixation,2008470.0840001106,0.5370482173230913,0.48786186509662205,2.6734031394675926,2.64223791051794,458.0,6887,8
fixation,2009186.762000084,0.4858947362412106,0.4294395704161037,2.835205771706321,2.7706645618785513,367.0,6888,FIX_CROS
fixation,2009586.7710000277,0.4037713127977708,0.4487338968936135,2.8427806181066178,2.7663044649011947,283.0,6889,FIX_CROS
fixation,2009903.4440000057,0.29604609310626984,0.46559655169645947,2.805994669596354,2.745457967122396,100.0,6890,8.2
fixation,2010020.1120001078,0.258832804181359,0.4674294198101217,2.785591819069602,2.7306352095170454,184.0,6891,8.2
fixation,2010236.7850000858,0.3280070424079895,0.4697138037946489,2.7412346733940973,2.678036159939236,150.0,6892,8.2
fixation,2010420.1220000982,0.37748285830020906,0.47066065669059753,2.7175933837890627,2.6419113159179686,167.0,6893,8.2
fixation,2010603.4600000381,0.42298314381729474,0.4717197607864033,2.738705721768466,2.6813839999112217,183.0,6894,8.2
fixation,2010820.1300001144,0.4650104410118527,0.4708016680346595,2.7597613864474826,2.6956185234917536,300.0,6895,8.2
fixation,2011153.469000101,0.5021287500858307,0.47993380948901176,2.78680419921875,2.720684051513672,74.0,6896,8.2
fixation,2011436.807000041,0.5356247909367085,0.47249876894056797,2.7306766510009766,2.656024932861328,125.0,6897,8.2
fixation,2011586.8080000877,0.5694414537686568,0.4700417530078154,2.7662752591646633,2.693738497220553,217.0,6898,8.2
fixation,2011820.1470000744,0.6290177660329002,0.4569969049521855,2.680830819266183,2.613267081124442,234.0,6899,8.2
fixation,2012070.1520000696,0.6868138462305069,0.45774227753281593,2.6663195292154946,2.5980758666992188,200.0,6900,8.2
fixation,2012303.486000061,0.7276972399817573,0.4545503656069438,2.6843143039279513,2.604548136393229,150.0,6901,8.2
fixation,2012470.1610000134,0.7493635515371958,0.45772923653324443,2.6837666829427085,2.617755889892578,200.0,6902,8.2
fixation,2012686.830000043,0.7033955322371589,0.4589162485467063,2.7093031141493054,2.6452501085069446,158.0,6903,8.2
fixation,2013036.8380000591,0.5760839689861644,0.4675371579148553,2.747916481711648,2.6760975230823862,175.0,6904,8.2
fixation,2013253.506000042,0.615241527557373,0.46614041593339706,2.789420233832465,2.690885755750868,150.0,6905,8.2
fixation,2013420.1770000458,0.5721313084165255,0.46672168001532555,2.701054890950521,2.636077880859375,200.0,6906,8.2
fixation,2013636.8460000753,0.6247558756308123,0.46035151048140094,2.661478215997869,2.5903209339488638,183.0,6907,8.2
fixation,2013853.5140000582,0.6935088373720646,0.45473177544772625,2.7109031677246094,2.597024917602539,133.0,6908,8.2
fixation,2014036.8530000448,0.4704302061687816,0.47593139789321204,2.7512373490767046,2.696470780806108,183.0,6909,8.2
fixation,2014270.191000104,0.3201880007982254,0.477268648147583,2.768157958984375,2.718613688151042,250.0,6910,NOTRIAL
fixation,2014553.5270000696,0.3843582570552826,0.40501562257607776,2.7506035698784723,2.6864488389756946,150.0,6911,NOTRIAL
fixation,2014770.1930000782,0.6322983619239595,0.28879153894053566,2.84671868218316,2.697265625,300.0,6912,NOTRIAL
fixation,2015103.5330001116,0.6072940195982273,0.2617156585821739,2.8887874896709738,2.770940927358774,433.0,6913,NOTRIAL
fixation,2015553.543000102,0.6271740607917309,0.2507632728666067,2.861848831176758,2.7546520233154297,141.0,6914,NOTRIAL
fixation,2015753.5470000505,0.6274034074611134,0.2541160128182835,2.876739925808377,2.7656067742241754,600.0,6915,NOTRIAL
fixation,2016520.2290000916,0.6266435202625062,0.2538287229835987,2.8912472195095487,2.791805691189236,300.0,6916,NOTRIAL
fixation,2017020.236000061,0.6415101488431295,0.5067970297402806,2.7330813937717013,2.6910637749565973,300.0,6917,NOTRIAL
fixation,2017336.9100000858,0.6418047269185384,0.47761235932509105,2.7040781656901043,2.677081298828125,250.0,6918,NOTRIAL
fixation,2017636.9130001068,0.6525409243724964,0.7112491053563578,2.601980138708044,2.5729765715422452,458.0,6919,NOTRIAL
fixation,2018570.2570000887,0.5496187632282575,0.7666082481543223,2.639723459879557,2.603663126627604,192.0,6920,NOTRIAL
fixation,2018803.6020001173,0.6409218082825343,0.7272509495417278,2.628001912434896,2.5923945109049478,508.0,6921,NOTRIAL
fixation,2019653.6200000048,0.4850410722634372,0.4646436300347833,2.701242783490349,2.6781840604894303,283.0,6922,FIX_CROS
fixation,2019970.2940000296,0.4369587302207947,0.4302833713591099,2.629374694824219,2.6229591369628906,334.0,6923,FIX_CROS
fixation,2020336.9680000544,0.32518932900645514,0.4259027283300053,2.6477785977450283,2.6424907337535513,183.0,6924,8.1
fixation,2020536.9680000544,0.300771849496024,0.4337959885597229,2.651362827845982,2.625911167689732,233.0,6925,8.1
fixation,2020803.6450001001,0.2162169344150103,0.4174480059972176,2.650127704326923,2.623151339017428,216.0,6926,8.1
fixation,2021053.6470000744,0.2894756843646367,0.4280456188652251,2.6689961751302085,2.6278279622395835,150.0,6927,8.1
fixation,2021236.98300004,0.34862690501742893,0.42773957881662583,2.669643825954861,2.6250813802083335,150.0,6928,8.1
fixation,2021420.3190000057,0.420525823533535,0.4334092691540718,2.6887802124023437,2.6489212036132814,167.0,6929,8.1
fixation,2021603.6560000181,0.4660475730895996,0.4319267779588699,2.693170166015625,2.643568420410156,166.0,6930,8.1
fixation,2021786.9940000772,0.521669735511144,0.4264940830568473,2.684037526448568,2.641779581705729,200.0,6931,8.1
fixation,2022003.6640000343,0.5541596472263336,0.42080308198928834,2.677204895019531,2.6255218505859377,167.0,6932,8.1
fixation,2022187.0010000467,0.6154474399306558,0.4130057408051057,2.6773418079723013,2.6374969482421875,184.0,6933,8.1
fixation,2022403.6710000038,0.6828382114569346,0.4132433955868085,2.680492401123047,2.624037424723307,200.0,6934,8.1
fixation,2022637.009000063,0.7427912418331418,0.41143880039453506,2.6683949061802457,2.6064834594726562,234.0,6935,8.1
fixation,2022887.015000105,0.7854947166310416,0.4140758274330033,2.68220943874783,2.592331780327691,300.0,6936,8.1
fixation,2023203.6830000877,0.7388099025596272,0.41077309440482745,2.6809137517755683,2.6374137184836646,183.0,6937,8.1
fixation,2023420.3540000916,0.7897752188146114,0.41875783167779446,2.703702926635742,2.6128063201904297,141.0,6938,8.1
fixation,2023703.6980000734,0.3730778217315674,0.5258035957813263,2.692803955078125,2.7030029296875,159.0,6939,8.1
fixation,2023903.702000022,0.4213727593421936,0.5275512874126435,2.7029449462890627,2.67047119140625,167.0,6940,8.1
fixation,2024087.034000039,0.45171206030580735,0.5263876981205411,2.6289859347873263,2.6056332058376737,150.0,6941,8.1
fixation,2024253.705000043,0.5015743225812912,0.5164248049259186,2.5979238656850963,2.5849092923677883,217.0,6942,8.1
fixation,2024487.0420000553,0.5437846996567466,0.5181687880646099,2.6020077792080967,2.5857294256036933,184.0,6943,8.1
fixation,2024703.7140001059,0.6156567803450993,0.5039006482277598,2.577347891671317,2.572159903390067,241.0,6944,8.1
fixation,2025170.3890000582,0.5774291723966598,0.500211937725544,2.609503173828125,2.580485534667969,158.0,6945,8.1
fixation,2025403.7260000706,0.7491043380328587,0.4164311098200934,2.697359357561384,2.595727103097098,125.0,6946,8.1
fixation,2025753.730000019,0.6712174032415662,0.38064273446798325,2.702587672642299,2.6200953892299106,225.0,6947,NOTRIAL
fixation,2026003.7380000353,0.6474951605002085,0.35764921373791164,2.798470391167535,2.6930118136935763,150.0,6948,NOTRIAL
fixation,2026187.0690000057,0.6321841584784644,0.26362633598702295,2.8088455200195312,2.6970411028180803,234.0,6949,NOTRIAL
fixation,2026437.0760000944,0.5728345484960646,0.2573084632555644,2.812372843424479,2.7107071649460566,350.0,6950,NOTRIAL
fixation,2026837.0860000849,0.6275719612836838,0.46563609763979913,2.813494873046875,2.706640625,334.0,6951,NOTRIAL
fixation,2027220.4270000458,0.5663829863071441,0.2773695334792137,2.824934387207031,2.730085754394531,166.0,6952,NOTRIAL
fixation,2027420.4240000248,0.6220884417945688,0.2504104098135775,2.8385210904208096,2.7483139038085938,366.0,6953,NOTRIAL
fixation,2027803.7670000792,0.5797616615891457,0.24404681660234928,2.876049041748047,2.7922019958496094,75.0,6954,NOTRIAL
fixation,2027920.4400000572,0.5794324576854706,0.2460428633623653,2.862642076280382,2.786280314127604,142.0,6955,NOTRIAL
fixation,2028087.1100000143,0.5670958276717893,0.263667955994606,2.861566851215978,2.7642595844884075,517.0,6956,NOTRIAL
fixation,2028637.1200000048,0.5744651615619659,0.48993202788489204,2.802274431501116,2.711188180106027,584.0,6957,NOTRIAL
fixation,2029253.7940000296,0.6511214788143451,0.6994759669670692,2.690121283897987,2.5998385502741885,875.0,6958,NOTRIAL
fixation,2030570.4790000916,0.4911754031976064,0.4809143434871327,2.8081540194424717,2.729403409090909,542.0,6959,NOTRIAL
fixation,2031153.827000022,0.6113436371088028,0.45864842645823956,2.679279327392578,2.623727798461914,133.0,6960,NOTRIAL
fixation,2031337.1640000343,0.3664776752037661,0.4733383769967726,2.6626952035086497,2.649876730782645,934.0,6961,NOTRIAL
fixation,2032303.8500000238,0.5000100042670965,0.7006717175245285,2.6065425872802734,2.5968074798583984,141.0,6962,NOTRIAL
fixation,2032653.8560000658,0.4811939615756273,0.4806470535695553,2.781810760498047,2.695690155029297,125.0,6963,NOTRIAL
fixation,2032803.8590000868,0.5165619735534375,0.4676269648166803,2.773591848520132,2.6889043954702525,433.0,6964,NOTRIAL
fixation,2033270.540000081,0.44824522733688354,0.4314657419919968,2.667674763997396,2.6626210530598957,250.0,6965,11
fixation,2033570.5390000343,0.3572722405195236,0.8570421775182088,2.396471150716146,2.4874888102213544,250.0,6966,11
fixation,2033853.8880000114,0.4303962364792824,0.8876657277345658,2.4245697021484376,2.4817626953125,167.0,6967,11
fixation,2034037.2270001173,0.4973527206615968,0.8666774576360529,2.2829464999112217,2.40265586159446,184.0,6968,11
fixation,2034237.2320001125,0.5606207567102769,0.8595538086750928,2.3482998118681064,2.367604872759651,284.0,6969,11
fixation,2034537.2430000305,0.4935937766966067,0.8638074649007697,2.346902144582648,2.4625139738384045,317.0,6970,11
fixation,2034870.5850000381,0.5619252188639208,0.8568509844216433,2.440951260653409,2.438873291015625,183.0,6971,11
fixation,2035087.2540000677,0.5988457302252451,0.8674294484986199,2.455724080403646,2.407375759548611,150.0,6972,11
fixation,2035253.9270000458,0.6403158446153004,0.8627008438110352,2.499517822265625,2.419793701171875,250.0,6973,11
fixation,2035570.5960000753,0.5265772730112076,0.5269949644804001,2.5816497802734375,2.557261657714844,166.0,6974,11
fixation,2035770.6010000706,0.3902258644501368,0.4790753503640493,2.610784912109375,2.606243896484375,250.0,6975,11
fixation,2036087.2770000696,0.5906363752755251,0.44997240196574817,2.6580144708806817,2.5942923805930396,192.0,6976,11
fixation,2036437.2860000134,0.442000425606966,0.48462499156594274,2.6872459411621095,2.679608917236328,326.0,6977,11
fixation,2036803.9670000076,0.5326765385957865,0.49999830012138075,2.7282926119290867,2.689624492938702,217.0,6978,11
fixation,2037053.9780000448,0.46397655238123503,0.5039913400131113,2.766842112821691,2.7447043026194855,291.0,6979,11
fixation,2037487.3220000267,0.43802114576101303,0.4551483379168944,2.8386098688299004,2.784455039284446,367.0,6980,11
fixation,2037887.3320000172,0.5098603963851929,0.49162841632085685,2.810551362879136,2.72503662109375,284.0,6981,11
fixation,2038204.0100001097,0.4694179524978002,0.4537342727184296,2.745799763997396,2.7221659342447917,258.0,6982,11
fixation,2038687.3530000448,0.5232696481372999,0.4766508107600005,2.821749479874321,2.7311527418053667,375.0,6983,11
fixation,2039087.3600000143,0.4949992323915164,0.4812227297160361,2.861170450846354,2.7762425740559897,300.0,6984,FIX_CROS
fixation,2039420.7000000477,0.4350557876750827,0.41401249822229147,2.762086868286133,2.701313018798828,267.0,6985,FIX_CROS
fixation,2039720.7060000896,0.3537847489118576,0.4271108880639076,2.796540069580078,2.7543685913085936,333.0,6986,FIX_CROS
fixation,2040104.0470000505,0.27303426645018836,0.47926751185547223,2.8339774391867896,2.8198353160511362,184.0,6987,11.2
fixation,2040320.7170000076,0.3285226739115185,0.4771209789646996,2.8199886745876737,2.777467515733507,150.0,6988,11.2
fixation,2040504.0560001135,0.40983829349279405,0.4788698434829712,2.7796630859375,2.709954833984375,167.0,6989,11.2
fixation,2040687.3930000067,0.4559929048021634,0.4800277315080166,2.7773221333821616,2.7284698486328125,200.0,6990,11.2
fixation,2040920.7280000448,0.4225958718193902,0.47581614885065293,2.75608147515191,2.7245669894748263,150.0,6991,11.2
fixation,2041104.066000104,0.516364648938179,0.47384103387594223,2.7492355346679687,2.7117568969726564,167.0,6992,11.2
fixation,2041304.0690000057,0.5670826898680793,0.46329789525932735,2.7713758680555554,2.7020263671875,150.0,6993,11.2
fixation,2041487.4070000648,0.6107791455892416,0.46136376376335436,2.793176504281851,2.742749727689303,216.0,6994,11.2
fixation,2041737.41200006,0.6656506332484159,0.45313899083571,2.7825691916725854,2.7361519553444604,183.0,6995,11.2
fixation,2041954.0820000172,0.7153089675638411,0.46177682446108925,2.770599365234375,2.714480929904514,150.0,6996,11.2
fixation,2042137.4190000296,0.7604295909404755,0.45456672211488086,2.7535324096679688,2.7094446818033853,108.0,6997,11.2
fixation,2042437.4270000458,0.43235241745909053,0.47515708580613136,2.754002888997396,2.7782986958821616,192.0,6998,11.2
fixation,2042687.4310001135,0.668449459473292,0.41945221622784934,2.8248891194661456,2.7333272298177085,250.0,6999,NOTRIAL
fixation,2042954.1030000448,0.6450669467449188,0.4473964174588521,2.79654778374566,2.742975870768229,150.0,7000,NOTRIAL
fixation,2043137.4340000153,0.6179066611097214,0.2571005294931696,2.8714028216422873,2.7678203176944813,783.0,7001,NOTRIAL
fixation,2043937.4540001154,0.6393310487270355,0.25543161779642104,2.90761474609375,2.8126123046875,416.0,7002,NOTRIAL
fixation,2044387.4650000334,0.6363322672744592,0.45126432925462723,2.873530705769857,2.7970657348632812,400.0,7003,NOTRIAL
fixation,2044837.4730000496,0.6457594447844738,0.7103277791190792,2.8050186569626265,2.6920801111169763,624.0,7004,NOTRIAL
fixation,2045687.4900000095,0.6494641105333964,0.7240573267141978,2.7448577880859375,2.6527582804361978,100.0,7005,NOTRIAL
fixation,2046004.165000081,0.3450977746397257,0.7582509368658066,2.6864681243896484,2.695009231567383,126.0,7006,NOTRIAL
fixation,2046154.1700000763,0.35319074913859366,0.7295618623495101,2.638872528076172,2.6372421264648436,342.0,7007,NOTRIAL
fixation,2046754.182000041,0.49301952947961525,0.47936621974123284,2.684952106881649,2.656718801944814,776.0,7008,FIX_CROS
fixation,2047554.1960000992,0.41640307009220123,0.47320170061928885,2.690828595842634,2.6757104056222096,234.0,7009,11.1
fixation,2047820.8630000353,0.47644420464833576,0.4754082030720181,2.693973117404514,2.6692064073350696,150.0,7010,11.1
fixation,2048004.2000000477,0.5518481777264521,0.4659068240569188,2.6610177847055287,2.6143716665414662,217.0,7011,11.1
fixation,2048254.2070000172,0.6030197183291117,0.4618981510400772,2.695317586263021,2.656479899088542,250.0,7012,11.1
fixation,2048520.878000021,0.5560272634029388,0.46958219135801,2.6967366536458335,2.6540540059407554,200.0,7013,11.1
fixation,2048787.5490000248,0.39129117131233215,0.46867851316928866,2.6990310668945314,2.6854873657226563,166.0,7014,11.1
fixation,2048987.5550000668,0.4757098077485959,0.47711040265858173,2.7586307525634766,2.714441935221354,400.0,7015,11.1
fixation,2049420.8950001001,0.5331426642157815,0.4730400104414333,2.881834550337358,2.8174008456143467,183.0,7016,11.1
fixation,2049620.9000000954,0.5597665182181767,0.4727154491203172,2.8265489850725447,2.7795181274414062,233.0,7017,11.1
fixation,2049870.9060000181,0.6025355756282806,0.45988916605710983,2.77181396484375,2.720448303222656,175.0,7018,11.1
fixation,2050254.2470000982,0.5145179441100672,0.4743407109850331,2.7405331260279606,2.700821725945724,309.0,7019,11.1
fixation,2050587.5840001106,0.5611840064326922,0.47319690386454266,2.7026824951171875,2.658721923828125,200.0,7020,11.1
fixation,2050820.9220000505,0.6055075123029596,0.46915799729964314,2.6377374985638786,2.5941045424517464,291.0,7021,11.1
fixation,2051320.9400000572,0.45802012582619983,0.47562552243471146,2.699435763888889,2.6837293836805554,292.0,7022,11.1
fixation,2051654.273000002,0.6008945043597903,0.4784711131027767,2.7110770089285716,2.6362816946847096,234.0,7023,11.1
fixation,2052070.9460000992,0.6191914596340873,0.2848704294724898,2.788022128018466,2.7005670720880683,183.0,7024,NOTRIAL
fixation,2052270.9590001106,0.6296539353696924,0.2620288329689126,2.824131212736431,2.7077138800370064,317.0,7025,NOTRIAL
fixation,2052604.3020000458,0.6173629363377889,0.2521403171122074,2.7741572062174478,2.6858011881510415,200.0,7026,NOTRIAL
fixation,2052854.2950000763,0.6282822352189285,0.45910729467868805,2.8236905611478367,2.726800771859976,217.0,7027,NOTRIAL
fixation,2053120.9670000076,0.5005773098932372,0.26466461415919995,2.8295720418294272,2.7272571987575955,608.0,7028,NOTRIAL
fixation,2053937.6470000744,0.5047687157507865,0.25497579935096926,2.811070103799143,2.71741460984753,508.0,7029,NOTRIAL
fixation,2054520.986000061,0.5089328643437978,0.46634434324664037,2.720310520481419,2.646931828679265,617.0,7030,NOTRIAL
fixation,2055170.9950000048,0.5770694381660886,0.6808821669331303,2.5973612467447915,2.5403589319299766,450.0,7031,NOTRIAL
fixation,2055687.668000102,0.6481331207535483,0.721334538676522,2.5906413685191763,2.5179790150035513,183.0,7032,NOTRIAL
fixation,2055937.6770000458,0.5406691074371338,0.7984486997127533,2.4792449951171873,2.486602783203125,91.0,7033,NOTRIAL
fixation,2056271.0080000162,0.35671589204243254,0.7686640918254852,2.6282457624162947,2.5999298095703125,125.0,7034,NOTRIAL
fixation,2056621.0180000067,0.5294906377792359,0.506960517168045,2.7290496826171875,2.6583892822265627,76.0,7035,NOTRIAL
fixation,2056821.0210000277,0.33653654158115387,0.4570981591939926,2.728485107421875,2.685009765625,167.0,7036,NOTRIAL
fixation,2057021.0160000324,0.3719852202468448,0.2535973083641794,2.674250284830729,2.583558824327257,158.0,7037,NOTRIAL
fixation,2057337.6950000525,0.5594694231237684,0.41005368317876545,2.7230965750558034,2.589996337890625,109.0,7038,NOTRIAL
fixation,2057487.6980000734,0.6341700506837744,0.4513900930944242,2.8198876631887337,2.7051849365234375,317.0,7039,NOTRIAL
fixation,2057837.7010000944,0.450046612881124,0.47166694700717926,2.8268957138061523,2.7756519317626953,267.0,7040,NOTRIAL
fixation,2058137.702000022,0.3778243511915207,0.4803505353629589,2.8052546183268228,2.7454249064127603,200.0,7041,NOTRIAL
fixation,2058354.3690000772,0.3571867461626728,0.47824306475619477,2.7355368932088218,2.6892639795939126,808.0,7042,NOTRIAL
fixation,2059754.398000002,0.4978259205818176,0.39512865410910714,2.7982906765407987,2.7285563151041665,142.0,7043,NOTRIAL
fixation,2059921.0670000315,0.5076406930883726,0.4705903857946396,2.7927627563476562,2.713578796386719,500.0,7044,NOTRIAL
fixation,2060454.4170000553,0.4913637654648887,0.3824574549992879,2.678285386827257,2.644287109375,150.0,7045,12
fixation,2060671.080000043,0.3937005758285522,0.8780191749334335,2.474900817871094,2.5408004760742187,167.0,7046,12
fixation,2060854.4130001068,0.37602824303838944,0.8786428570747375,2.4786563449435763,2.515904744466146,150.0,7047,12
fixation,2061071.0870000124,0.4570096075534821,0.8721048951148986,2.442718505859375,2.4049530029296875,84.0,7048,12
fixation,2061204.4200000763,0.49751511080698535,0.869330184026198,2.2158619273792612,2.390439120205966,183.0,7049,12
fixation,2061404.4270000458,0.536971366405487,0.8617076337337494,2.36253662109375,2.3994171142578127,83.0,7050,12
fixation,2061521.0960000753,0.5914386533773862,0.8596238356370193,2.421330378605769,2.4271017221304088,217.0,7051,12
fixation,2061854.4360001087,0.4957541657818688,0.46740518427557415,2.676111857096354,2.6434949239095054,600.0,7052,12
fixation,2062471.114000082,0.5053893506526947,0.45375019013881684,2.6177337646484373,2.61514892578125,167.0,7053,12
fixation,2062671.1160000563,0.5072595388628542,0.401470054872334,2.6595215797424316,2.624192237854004,534.0,7054,12
fixation,2063237.8050000668,0.4909756821393967,0.366091171503067,2.6327935791015626,2.59304443359375,417.0,7055,12
fixation,2063754.4740000963,0.4645363613963127,0.885873196380479,2.5167628696986606,2.5029874529157365,233.0,7056,12
fixation,2064004.4760000706,0.5240866765379906,0.858019990225633,2.5403455098470054,2.5198580423990884,200.0,7057,12
fixation,2064221.1430000067,0.5548660159111023,0.8663982450962067,2.532395935058594,2.439768981933594,167.0,7058,12
fixation,2064404.480000019,0.6013466185993619,0.8623066511419084,2.5201263427734375,2.39798821343316,150.0,7059,12
fixation,2064587.813000083,0.5334829326186862,0.858813111271177,2.383854457310268,2.4046500069754466,233.0,7060,12
fixation,2064921.1490000486,0.5042997479438782,0.4949889898300171,2.6429728190104167,2.6047047932942706,250.0,7061,12
fixation,2065187.8200000525,0.49372289578119916,0.4686220373426165,2.6425098237537203,2.5818314325241816,350.0,7062,12
fixation,2065554.4770001173,0.5087123811244965,0.455454734819276,2.660459245954241,2.609198434012277,124.0,7063,12
fixation,2065854.4790000916,0.5157086782985263,0.4669860750436783,2.6913028293185763,2.634280734592014,142.0,7064,12
fixation,2066037.813000083,0.5824598342180252,0.36071978211402894,2.7542160034179686,2.679949951171875,167.0,7065,12
fixation,2066237.8140000105,0.497910430485552,0.3637269545685161,2.653170036547112,2.6119158195726797,550.0,7066,12
fixation,2066821.151000023,0.504834002815187,0.4363468252122402,2.6547317504882812,2.603130340576172,267.0,7067,12
fixation,2067104.486000061,0.49817311204969883,0.4767059590667486,2.662576675415039,2.6044273376464844,274.0,7068,12
fixation,2067637.824000001,0.5011760964989662,0.45313425628202303,2.722681862967355,2.687788827078683,459.0,7069,FIX_CROS
fixation,2068121.1690000296,0.4772803708910942,0.45011937990784645,2.6841913859049478,2.6101099650065103,200.0,7070,FIX_CROS
fixation,2068354.4970000982,0.40849512815475464,0.42946252785623074,2.693450927734375,2.6534833908081055,266.0,7071,FIX_CROS
fixation,2068654.5010000467,0.3244275487959385,0.40836297906935215,2.758638381958008,2.717252731323242,133.0,7072,12.2
fixation,2068821.17900002,0.2164065631536337,0.3390749738766597,2.7557819073016825,2.6939474252554088,217.0,7073,12.2
fixation,2069071.1830000877,0.2765476240052117,0.3285444594091839,2.708251953125,2.6244913736979165,150.0,7074,12.2
fixation,2069237.8500000238,0.3433717448603023,0.3335214324972846,2.6750682484019888,2.6081001975319604,183.0,7075,12.2
fixation,2069454.5240000486,0.4206270318139683,0.33122953230684454,2.7143374356356533,2.6555952592329546,183.0,7076,12.2
fixation,2069654.5270000696,0.4591059767537647,0.3290870090325673,2.707729763454861,2.682649400499132,150.0,7077,12.2
fixation,2069837.855000019,0.5150168008274503,0.33191829091972774,2.721257527669271,2.68155754937066,150.0,7078,12.2
fixation,2070004.5250000954,0.5423072112931145,0.3266344020764033,2.7197418212890625,2.671144273546007,158.0,7079,12.2
fixation,2070304.5320000648,0.5831502288579941,0.3292914003133774,2.707196044921875,2.6561050415039062,158.0,7080,12.2
fixation,2070504.5330001116,0.6202384755015373,0.3359702154994011,2.7378921508789062,2.670726776123047,74.0,7081,12.2
fixation,2070854.5410000086,0.7358074594627727,0.3349995030598207,2.665946266867898,2.603665438565341,175.0,7082,12.2
fixation,2071071.219000101,0.8100560121238232,0.32565242517739534,2.7040977478027344,2.621936798095703,275.0,7083,12.2
fixation,2071521.2290000916,0.817056825527778,0.3133244262291835,2.7455714299128604,2.6330531193659854,209.0,7084,12.2
fixation,2071871.2370001078,0.23754031424011504,0.4367956987449101,2.734619140625,2.7285897391183034,117.0,7085,12.2
fixation,2072004.5690000057,0.19972367667489582,0.4242363025744756,2.68576897515191,2.6413777669270835,150.0,7086,12.2
fixation,2072187.9060000181,0.2947645366191864,0.4290385439991951,2.6608978271484376,2.583750915527344,167.0,7087,12.2
fixation,2072371.2430000305,0.3478228415434177,0.42448919209150165,2.6292454646183896,2.5634789100060096,217.0,7088,12.2
fixation,2072604.580000043,0.3879816489560263,0.42629630650792805,2.647355215890067,2.6048965454101562,233.0,7089,12.2
fixation,2072854.5840001106,0.44073825648852755,0.4285944498011044,2.6647208077566966,2.621008736746652,233.0,7090,12.2
fixation,2073104.5900000334,0.4693068795733982,0.4255073029134009,2.6630723741319446,2.606540256076389,300.0,7091,12.2
fixation,2073421.2610000372,0.5217912026814052,0.42220214541469303,2.6542532784598216,2.600091116768973,234.0,7092,12.2
fixation,2073671.265000105,0.5486679971218109,0.4171043468846215,2.6437869601779513,2.5830891927083335,150.0,7093,12.2
fixation,2073837.938000083,0.5943067446351051,0.4143940173089504,2.6380030314127603,2.5823033650716147,200.0,7094,12.2
fixation,2074054.605000019,0.6443981468677521,0.41391296982765197,2.622170003255208,2.5726338704427083,250.0,7095,12.2
fixation,2074321.2810000181,0.6987059882708958,0.4133670596139772,2.6262599400111606,2.572603498186384,234.0,7096,12.2
fixation,2074571.284000039,0.7259025037288666,0.4162777379155159,2.6626190185546874,2.602862548828125,167.0,7097,12.2
fixation,2074754.6220000982,0.762827330827713,0.41538828015327456,2.6956497192382813,2.6109832763671874,174.0,7098,12.2
fixation,2075087.9610000849,0.21152223249276478,0.5274408320585887,2.6567718505859377,2.663557942708333,250.0,7099,12.2
fixation,2075354.6330000162,0.26874888915082684,0.5217239740102187,2.5585088315217392,2.5251146399456523,383.0,7100,12.2
fixation,2075754.6410000324,0.3034392512506909,0.5184889435768127,2.5246141221788196,2.4864095052083335,150.0,7101,12.2
fixation,2075921.3120000362,0.3543075869480769,0.5264157752195994,2.55074462890625,2.5043050130208333,250.0,7102,12.2
fixation,2076204.6520000696,0.4061175435781479,0.5241773426532745,2.5829861958821616,2.556237538655599,200.0,7103,12.2
fixation,2076437.9870001078,0.46455071760075434,0.5221070604664939,2.5913903372628346,2.564671107700893,233.0,7104,12.2
fixation,2076687.992000103,0.508516652243478,0.5134915060230664,2.584566388811384,2.5802993774414062,233.0,7105,12.2
fixation,2076937.9970000982,0.5490102492845975,0.5031186491250992,2.5624178372896633,2.5462576059194713,217.0,7106,12.2
fixation,2077171.3380000591,0.5922389115606036,0.5011277805481639,2.5398221697126115,2.521602085658482,233.0,7107,12.2
fixation,2077421.3420000076,0.6393770039081573,0.5099626988172531,2.528361511230469,2.5200424194335938,166.0,7108,12.2
fixation,2077621.3450000286,0.6819611627321976,0.5076284798292013,2.5277780386117787,2.5171532264122596,216.0,7109,12.2
fixation,2077854.6840000153,0.723438660800457,0.5068157091736794,2.568083953857422,2.532361602783203,333.0,7110,12.2
fixation,2078204.691000104,0.7593209198836622,0.5111798669757515,2.593595833613955,2.524786061254041,483.0,7111,12.2
fixation,2078721.3690000772,0.808047374089559,0.5149761090675989,2.603118896484375,2.5271097819010415,100.0,7112,12.2
fixation,2078938.0380001068,0.2277979736144726,0.6200004242933713,2.5524151141826925,2.5681246243990383,217.0,7113,12.2
fixation,2079171.375,0.29260169135199654,0.6103110677666135,2.553336249457465,2.52547370062934,150.0,7114,12.2
fixation,2079354.7130000591,0.3379713326692581,0.6134491175413131,2.4627655029296873,2.4675308227539063,167.0,7115,12.2
fixation,2079538.0480000973,0.39091059416532514,0.6100804388523102,2.4690017700195312,2.4753341674804688,167.0,7116,12.2
fixation,2079721.3850001097,0.4360005015676672,0.61628119782968,2.516519719904119,2.4986738725142046,183.0,7117,12.2
fixation,2079921.3910000324,0.47265430711782896,0.6070623145653651,2.5070213904747596,2.4952286940354567,216.0,7118,12.2
fixation,2080171.3940000534,0.5240471959114075,0.6094977930188179,2.4877777099609375,2.4900805155436196,200.0,7119,12.2
fixation,2080388.0640000105,0.44689155783918166,0.6133314172426859,2.5219048394097223,2.52622307671441,150.0,7120,12.2
fixation,2080571.401000023,0.4882019375051771,0.610609518630164,2.5220227922712053,2.486968994140625,116.0,7121,12.2
fixation,2080754.739000082,0.6989326097748496,0.604246283119375,2.5032112815163354,2.4474237615411933,183.0,7122,12.2
fixation,2080971.409000039,0.7655261605978012,0.6002273187041283,2.516124725341797,2.479412078857422,74.0,7123,12.2
fixation,2081604.7450000048,0.6274100318551064,0.276188184817632,2.743829091389974,2.6380526224772134,200.0,7124,12.2
fixation,2081821.4160000086,0.5952775925397873,0.2692987769842148,2.786090087890625,2.662835693359375,166.0,7125,NOTRIAL
fixation,2082004.7600001097,0.6170904007222917,0.25634553366237217,2.7799004448784723,2.64833747016059,150.0,7126,NOTRIAL
fixation,2082171.4260001183,0.5320114493370056,0.24789363741874695,2.7194473266601564,2.6322097778320312,166.0,7127,NOTRIAL
fixation,2082354.7670000792,0.49522106770588004,0.25159009319284686,2.7688698146654214,2.6823136702827783,767.0,7128,NOTRIAL
fixation,2083171.4470000267,0.6284586380828511,0.4565102965994315,2.737670204856179,2.6375350952148438,366.0,7129,NOTRIAL
fixation,2083571.449000001,0.5355302512645721,0.4631811618804932,2.677838134765625,2.630450439453125,166.0,7130,NOTRIAL
fixation,2083771.452000022,0.5015352135119231,0.4629316472488901,2.678198109502378,2.6326287311056387,383.0,7131,NOTRIAL
fixation,2084221.4600000381,0.6026277005672455,0.7215892463922501,2.599973890516493,2.469512939453125,166.0,7132,NOTRIAL
fixation,2084404.7970000505,0.6385778933763504,0.7325794498125712,2.6161066691080728,2.5368474324544272,100.0,7133,NOTRIAL
fixation,2084521.4670000076,0.5618285413195447,0.6891193564345197,2.591705694431212,2.5399560695741235,691.0,7134,NOTRIAL
fixation,2085388.1600000858,0.5055281574075873,0.4157153855670582,2.715817538174716,2.637177900834517,176.0,7135,NOTRIAL
fixation,2085588.1610000134,0.5267865419387817,0.3875822976231575,2.7572280883789064,2.6722686767578123,175.0,7136,NOTRIAL
fixation,2086254.8340001106,0.5314603104041173,0.4137029005930974,2.7870694673978367,2.6990215594951925,217.0,7137,FIX_CROS
fixation,2086488.17900002,0.4944243993271481,0.4504410075870427,2.75030517578125,2.686152371493253,367.0,7138,FIX_CROS
fixation,2086888.191000104,0.3961711923281352,0.427923091433265,2.66632080078125,2.6571206757516572,550.0,7139,FIX_CROS
fixation,2087554.8700000048,0.484588976417269,0.46605388820171356,2.800713675362723,2.7481068202427457,233.0,7140,12.1
fixation,2087804.8760000467,0.5136528760194778,0.4701603278517723,2.8270225524902344,2.747180938720703,67.0,7141,12.1
fixation,2087904.878000021,0.5884203637639681,0.46318846692641574,2.826634724934896,2.7261683146158853,200.0,7142,12.1
fixation,2088138.21600008,0.7035705894231796,0.4571738410741091,2.8407745361328125,2.7236557006835938,134.0,7143,12.1
fixation,2088338.2200000286,0.3672034272125789,0.47458444429295404,2.8255462646484375,2.7707813807896207,234.0,7144,12.1
fixation,2088588.2240000963,0.4160626158118248,0.47177365571260454,2.827250671386719,2.74765625,167.0,7145,12.1
fixation,2088788.2290000916,0.46698588842437383,0.47215418091842104,2.7613772437686013,2.688143048967634,350.0,7146,12.1
fixation,2089154.9000000954,0.5004299074411392,0.47217217087745667,2.7234649658203125,2.669158935546875,167.0,7147,12.1
fixation,2089354.9060000181,0.566165569153699,0.46920088881796057,2.684763128107244,2.6202503551136362,183.0,7148,12.1
fixation,2089554.9080001116,0.6203724708822038,0.4675882160663605,2.6737518310546875,2.62345208062066,150.0,7149,12.1
fixation,2089738.2470000982,0.6623232084162095,0.46680467356653776,2.6629961799172794,2.6263750861672794,284.0,7150,12.1
fixation,2090038.2510000467,0.6955335048528818,0.4563312094945174,2.6610248272235575,2.6154256967397838,217.0,7151,12.1
fixation,2090271.5890001059,0.7274701992670695,0.45579205205043155,2.6520716349283853,2.60565185546875,108.0,7152,12.1
fixation,2090588.2540000677,0.7331708754811969,0.4506929012991133,2.6801074800037203,2.606145222981771,350.0,7153,12.1
fixation,2091138.2710000277,0.7117063221004274,0.44826415926218033,2.676084730360243,2.6134151882595487,292.0,7154,12.1
fixation,2091454.9440000057,0.7317860076824824,0.45563671986262005,2.6971638997395835,2.6119664510091147,100.0,7155,12.1
fixation,2091588.2780001163,0.6805529226275051,0.45638687382726106,2.614842134363511,2.5697874181410847,284.0,7156,12.1
fixation,2091904.9480000734,0.5222083061933518,0.46801079958677294,2.6577987670898438,2.617352294921875,167.0,7157,12.1
fixation,2092121.617000103,0.3084560621243257,0.4710104786432706,2.652368398813101,2.652483426607572,216.0,7158,12.1
fixation,2092354.958000064,0.29046812440667835,0.47204297355243136,2.677459716796875,2.658536638532366,125.0,7159,12.1
fixation,2092704.9650000334,0.594725849536749,0.24808399837750655,2.6835291935847354,2.5981539212740383,209.0,7160,NOTRIAL
fixation,2092938.3010001183,0.6120070559637887,0.25395517743059565,2.8067125592912947,2.711480276925223,234.0,7161,NOTRIAL
fixation,2093204.96600008,0.5584635409441862,0.25303782387213275,2.8557600541548296,2.7542613636363638,183.0,7162,NOTRIAL
fixation,2093421.640000105,0.6319021701812744,0.25441484798987707,2.8232106526692706,2.688206990559896,250.0,7163,NOTRIAL
fixation,2093688.3120000362,0.5767880767583847,0.25956514179706575,2.7832061767578127,2.6849075317382813,167.0,7164,NOTRIAL
fixation,2093888.3170000315,0.6237844391302629,0.4422935728322376,2.80417216907848,2.6940487948330967,367.0,7165,NOTRIAL
fixation,2094304.9950000048,0.5244515708514622,0.45261857765061514,2.7873742239815846,2.699047633579799,234.0,7166,NOTRIAL
fixation,2094555.0050001144,0.5608080694308648,0.455728890804144,2.753819392277644,2.6591104360727162,225.0,7167,NOTRIAL
fixation,2094971.6780000925,0.5653379999455952,0.44442872064454214,2.7631080264136907,2.7122359502883184,342.0,7168,NOTRIAL
fixation,2095371.6870000362,0.5839677598025348,0.6840155390468804,2.5554516766522384,2.5559989310599662,625.0,7169,NOTRIAL
fixation,2096555.063000083,0.543921320903592,0.5570446252822876,2.793539279844703,2.7223957340891767,684.0,7170,NOTRIAL
fixation,2097371.75,0.6113199330866337,0.4389486759901047,2.8082728385925293,2.717438220977783,541.0,7171,NOTRIAL
fixation,2098105.103000045,0.511979075272878,0.6852795879046122,2.7564188639322915,2.707781982421875,242.0,7172,NOTRIAL
fixation,2098388.4390000105,0.5463033802807331,0.5704057216644287,2.8644514083862305,2.7744979858398438,266.6769999265671,7173,NOTRIAL
