classified_movement,recording_timestamp,x,y,pupil_l,pupil_r,duration,ID,USER
fixation,0.0,0.5889654159545898,0.4583899701635043,2.127305348714193,2.2058604847301138,383.0,1,Starttimelines
fixation,433.3179999887943,0.5664363139205508,0.20453876505295435,2.1646558973524304,2.272677951388889,308.0,2,Starttimelines
fixation,1133.4229999780655,0.20882120728492737,0.25084003806114197,2.168689727783203,2.287548065185547,134.0,3,Starttimelines
fixation,1300.1049999892712,0.17695153256257376,0.2503409795463085,2.1489130655924478,2.242767333984375,208.0,4,Starttimelines
fixation,1800.147999972105,0.17921210991011727,0.292928515209092,2.160941229926215,2.1856214735243054,300.0,5,Starttimelines
fixation,2166.8479999899864,0.29665241688489913,0.29359122142195704,2.1775833129882813,2.235298919677734,666.0,6,Starttimelines
fixation,2866.8589999973774,0.274873822927475,0.29098009318113327,2.1933085123697915,2.251220703125,200.0,7,Starttimelines
fixation,3100.186999976635,0.39391279468933743,0.2794457587103049,2.1997833251953125,2.2483851114908853,200.0,8,Starttimelines
fixation,3333.533999979496,0.4256925880908966,0.283408984541893,2.211811065673828,2.25482177734375,134.0,9,Starttimelines
fixation,3500.2119999825954,0.4809376547733943,0.2754301577806473,2.2051849365234375,2.2481486002604165,108.0,10,Starttimelines
fixation,3933.5669999718666,0.5130881667137146,0.28983138501644135,2.2154134114583335,2.275304158528646,92.0,11,Starttimelines
fixation,4066.902999997139,0.5800052940845489,0.29000268280506136,2.2954559326171875,2.3614013671875,166.0,12,Starttimelines
fixation,4266.908999979496,0.6370623230934143,0.2863524466753006,2.270733642578125,2.402691650390625,166.0,13,Starttimelines
fixation,4466.908999979496,0.7198279350996017,0.2769322246313095,2.2634048461914062,2.3955307006835938,133.0,14,Starttimelines
fixation,4633.576999992132,0.7626375257968903,0.2431107461452484,2.2354660034179688,2.2881927490234375,75.0,15,Starttimelines
fixation,5000.244999974966,0.19039435933033624,0.317464346686999,2.2651163736979165,2.3923746744791665,100.0,16,Starttimelines
fixation,5133.576999992132,0.17485575513406235,0.38549885560165753,2.312020041725852,2.3907817493785513,367.0,17,Starttimelines
fixation,5533.5759999752045,0.1783797231813272,0.4693020557363828,2.272413889567057,2.327617645263672,400.0,18,Starttimelines
fixation,5966.925999999046,0.3095325057705243,0.47932424892981845,2.3046391805013022,2.348200480143229,208.0,19,Starttimelines
fixation,6500.2809999883175,0.3785748556256294,0.49066380517823355,2.316186087472098,2.361037118094308,467.0,20,Starttimelines
fixation,7000.307999998331,0.32252135414343613,0.5729766212976896,2.2787064772385817,2.2862771841195912,433.0,21,Starttimelines
fixation,7466.98299998045,0.3610766939818859,0.5705740191042423,2.2809810638427734,2.3060436248779297,266.0,22,Starttimelines
fixation,7766.989999979734,0.3199528343975544,0.5732629373669624,2.2881813049316406,2.269632339477539,274.0,23,Starttimelines
fixation,8367.016999989748,0.1954728290438652,0.5404902771115303,2.3139724731445312,2.266571044921875,67.0,24,Starttimelines
fixation,8467.020999997854,0.19653937499970198,0.6114277802407742,2.345478057861328,2.308004379272461,267.0,25,Starttimelines
fixation,8767.028999984264,0.256183928085698,0.6005302800072564,2.304134792751736,2.254909939236111,300.0,26,Starttimelines
fixation,9100.362999975681,0.20735490322113037,0.6045373976230621,2.2857157389322915,2.2285257975260415,200.0,27,Starttimelines
fixation,9367.037000000477,0.3189981698989868,0.670670747756958,2.216015625,2.225408935546875,341.0,28,Starttimelines
fixation,10667.072999984026,0.4860249360402425,0.5322427103916804,2.1539764404296875,2.1130777994791665,100.0,29,Starttimelines
fixation,10800.412000000477,0.4914162953694661,0.5834577083587646,2.174718221028646,,100.0,30,Starttimelines
fixation,10933.750999987125,0.4891074299812317,0.571731428305308,2.2130635579427085,2.20501708984375,100.0,31,Starttimelines
fixation,11067.087999999523,0.49381181597709656,0.5873623291651408,2.210596720377604,,100.0,32,Starttimelines
fixation,11200.426999986172,0.4893115290573665,0.5645066201686859,2.2491978236607144,2.278228759765625,234.0,33,Starttimelines
fixation,11533.767999976873,0.5685891111691793,1.2268940210342407,2.2424519856770835,,100.0,34,Starttimelines
fixation,11733.777999997139,0.5629367083311081,1.2303297519683838,2.273193359375,,133.0,35,Starttimelines
fixation,12033.787000000477,0.7978668212890625,1.0424768924713135,2.195220947265625,,100.0,36,Starttimelines
fixation,12167.125999987125,0.7793650329113007,0.994359165430069,2.160140991210937,,67.0,37,Starttimelines
fixation,12400.467999994755,0.7758424580097198,0.9130655229091644,2.1219406127929688,2.5301971435546875,67.0,38,Starttimelines
fixation,12633.808999985456,0.529864639043808,1.3645999431610107,2.0400543212890625,,66.0,39,Starttimelines
fixation,14400.530999988317,0.47410159185528755,0.49690188467502594,2.156097412109375,2.183837890625,134.0,40,Starttimelines
fixation,14567.203999996185,0.478788287802176,0.443624499169263,2.2969804243607954,2.311735673384233,367.0,41,Starttimelines
fixation,15000.54699999094,0.33531139940023424,0.5154627934098244,2.2231185913085936,2.245256042480469,334.0,42,Starttimelines
fixation,15433.892999976873,0.4372011125087738,0.8498050570487976,2.087677001953125,,100.0,43,Starttimelines
fixation,16542.26599997282,0.6968938112258911,1.0830879211425781,2.2010421752929688,,67.0,44,Starttimelines
fixation,16642.259999990463,0.78743976354599,0.9397255778312683,2.1807861328125,2.4041900634765625,167.0,45,Starttimelines
fixation,16875.59699997306,0.7688254415988922,0.9376707176367441,2.162541707356771,2.2431182861328125,200.0,46,Starttimelines
fixation,17175.616999983788,0.5505480021238327,0.9740048348903656,2.3120040893554688,2.1832275390625,67.0,47,Starttimelines
fixation,17675.62199997902,0.4971471776564916,0.5873222152392069,2.1377538045247397,1.8886260986328125,200.0,48,Starttimelines
fixation,17975.628999978304,0.4808849573135376,0.5416680812835694,2.0627197265625,,167.0,49,Starttimelines
fixation,18708.983999997377,0.6412100940942764,0.6348637739817301,2.3006591796875,,200.0,50,Starttimelines
fixation,18942.32499998808,0.622992530465126,0.6335287988185883,2.2700347900390625,2.4359283447265625,67.0,51,Starttimelines
fixation,19409.00799998641,0.21563530464967093,0.6516467531522115,2.347620646158854,2.3678385416666665,100.0,52,Starttimelines
fixation,19542.34399998188,0.18475102726370096,0.6267439015209675,2.3601016998291016,2.378498077392578,267.0,53,Starttimelines
fixation,19875.688999980688,0.30218009278178215,0.514338344335556,2.2478294372558594,2.2799816131591797,266.0,54,Starttimelines
fixation,20209.030000001192,0.45552733540534973,0.3610659133304249,2.199148004705256,2.231080488725142,375.0,55,Starttimelines
fixation,20909.055999994278,0.6099455824920109,0.47328065974371775,2.272761753627232,2.3411865234375,233.0,56,Starttimelines
fixation,21175.73299998045,0.5542383462190628,0.6216752588748932,2.1954803466796875,2.3405685424804688,333.0,57,Starttimelines
fixation,21575.74399998784,0.554737389087677,0.993768552939097,2.162989298502604,,108.0,58,Starttimelines
fixation,24817.493000000715,0.27940502390265465,0.37021101266145706,2.5597572326660156,2.6218185424804688,126.0,59,Starttimelines
fixation,25017.505999982357,0.5012101661413908,0.36445486545562744,2.411405563354492,2.5025577545166016,267.0,60,Starttimelines
fixation,25317.509999990463,0.5290502905845642,0.314020465527262,2.2833426339285716,2.407649448939732,234.0,61,Starttimelines
fixation,25617.509999990463,0.62435411129679,0.3114990826163973,2.323178972516741,2.425112043108259,234.0,62,Starttimelines
fixation,25917.516999989748,0.7385084927082062,0.2967313975095749,2.3016433715820312,2.4281997680664062,75.0,63,Starttimelines
fixation,26834.1969999969,0.7791703343391418,1.0128984451293945,2.2541122436523438,2.573593139648437,69.0,64,Starttimelines
fixation,27200.868000000715,0.35764315937246594,0.3774707977260862,2.261010306222098,2.384314400809152,233.0,65,Starttimelines
fixation,29550.90199998021,0.6507394711176554,0.5299480358759562,2.3680013020833335,,100.0,66,Starttimelines
fixation,29750.909999996424,0.6113930615511808,0.5286033749580383,2.2972758900035513,2.431131536310369,366.0,67,Starttimelines
fixation,30217.587999999523,0.4767295643687248,0.6149723753333092,2.130931854248047,2.27313232421875,134.0,68,Starttimelines
fixation,30384.259999990463,0.46940284967422485,0.6718286871910095,2.1635475158691406,,133.0,69,Starttimelines
fixation,30717.601999998093,0.6687261939048768,0.715089225769043,2.2508026123046876,,167.0,70,Starttimelines
fixation,30917.606999993324,0.6628411064545313,0.6980196138223013,2.261601765950521,2.395757039388021,200.0,71,Starttimelines
fixation,31150.94999998808,0.6140161289109124,0.6636450091997782,2.211213853624132,2.294952392578125,300.0,72,Starttimelines
fixation,31484.29199999571,0.5860072591088035,0.6707721731879495,2.2045454545454546,2.424652099609375,367.0,73,Starttimelines
fixation,32017.64699998498,0.7471642613410949,0.6794753551483155,2.2794219970703127,,167.0,74,Starttimelines
fixation,32384.320999979973,0.6667740444342295,0.6306952999697791,2.2473890516493054,2.4332648383246527,308.0,75,Starttimelines
fixation,33676.028999984264,0.17342903092503548,0.7883254587650299,2.3865280151367188,2.729522705078125,80.0,76,Starttimelines
fixation,33809.36399999261,0.19906586781144142,0.7812418341636658,2.3292770385742188,2.2611236572265625,67.0,77,Starttimelines
fixation,33909.36599999666,0.23930564522743225,0.7676008939743042,2.3024368286132812,2.4624404907226562,67.0,78,Starttimelines
fixation,34109.37199997902,0.31370458006858826,0.6791578531265259,2.2683258056640625,,67.0,79,Starttimelines
fixation,34309.38599997759,0.3212854415178299,0.6374205350875854,2.2551345825195312,2.4475479125976562,67.0,80,Starttimelines
fixation,34442.72299998999,0.4046471118927002,0.6724727153778076,2.24859619140625,,66.0,81,Starttimelines
fixation,34542.72399997711,0.4001680910587311,0.6256796419620514,2.2359695434570312,2.5187530517578125,66.0,82,Starttimelines
fixation,34642.72699999809,0.4032990208693913,0.6698967473847526,2.2621917724609375,,241.0,83,Starttimelines
fixation,35142.75299999118,0.5530383586883545,0.5784996151924133,2.3118693033854165,2.458282470703125,100.0,84,Starttimelines
fixation,36209.46399998665,0.46031323075294495,0.5370258092880249,2.5149688720703125,,67.0,85,Starttimelines
fixation,36309.467999994755,0.326508480641577,0.5317853589852651,2.428902520073785,2.409335666232639,300.0,86,Starttimelines
fixation,36642.81399998069,0.2906151831150055,0.5753127574920655,2.338800048828125,2.2881317138671875,166.0,87,Starttimelines
fixation,36876.15599998832,0.2083768406882882,0.612318741157651,2.296971321105957,2.2317676544189453,541.0,88,Starttimelines
fixation,37809.53000000119,0.5901869356632232,0.5155920460820198,2.2081451416015625,2.3134674072265624,326.0,89,Starttimelines
fixation,38176.20999997854,0.6457940995693207,0.5433716952800751,2.194775390625,2.3219879150390623,167.0,90,Starttimelines
fixation,38376.22199997306,0.7265024284521738,0.5385187665621439,2.2117919921875,2.3321228027343746,108.0,91,Starttimelines
fixation,38776.23399999738,0.21704711019992828,0.6073275655508041,2.2636566162109375,2.2556838989257812,67.0,92,Starttimelines
fixation,38876.23799997568,0.18084509577602148,0.6043228134512901,2.2593421936035156,2.31781005859375,267.0,93,Starttimelines
fixation,39176.24799999595,0.20725102722644806,0.5939164161682129,2.2361846923828126,2.2438201904296875,167.0,94,Starttimelines
fixation,39376.25199997425,0.24218874145299196,0.6016220524907112,2.2449378967285156,2.175189971923828,267.0,95,Starttimelines
fixation,39676.26099997759,0.18443125784397124,0.678895115852356,2.185906982421875,2.2029678344726564,333.0,96,Starttimelines
fixation,40042.93899998069,0.18473065147797266,0.5002982417742411,2.2363433837890625,2.2851664225260415,300.0,97,Starttimelines
fixation,40409.61599999666,0.2765943109989166,0.4902303427457809,2.2111572265625,2.2788970947265623,167.0,98,Starttimelines
fixation,40609.62699997425,0.24944997020065784,0.5073057282716036,2.2455978393554688,2.28997802734375,275.0,99,Starttimelines
fixation,41409.645999997854,0.2699575126171112,0.6719526946544647,2.2689743041992188,2.3496017456054688,67.0,100,Starttimelines
fixation,41509.65199998021,0.2246194535068103,0.6819931481565747,2.30096435546875,2.394228254045759,234.0,101,Starttimelines
fixation,41776.32799997926,0.178894115878003,0.6932088221822467,2.2447313581194197,2.2649993896484375,467.0,102,Starttimelines
fixation,42276.339999973774,0.19118047067347696,0.4938785354880726,2.2066767075482536,2.243699915268842,567.0,103,Starttimelines
fixation,42876.35799998045,0.24629653990268707,0.4866160973906517,2.196247100830078,2.2498092651367188,142.0,104,Starttimelines
fixation,43309.70600000024,0.24233048078086641,0.4963025947411855,2.23876953125,2.2772115071614585,292.0,105,Starttimelines
fixation,43643.04899999499,0.17933768182992935,0.5805501431226731,2.2578216552734376,2.24542236328125,333.0,106,Starttimelines
fixation,44009.72999998927,0.21299210786819459,0.59816614985466,2.273480224609375,2.22388916015625,166.0,107,Starttimelines
fixation,44576.41899999976,0.3078269213438034,0.5858454704284668,2.1808242797851562,,67.0,108,Starttimelines
fixation,44709.75599998236,0.30856216089292005,0.5010344697670503,2.2310360995205967,2.304411454634233,366.0,109,Starttimelines
fixation,45109.76999998093,0.3757997800906499,0.47845233728488284,2.1679178873697915,2.2618433634440103,200.0,110,Starttimelines
fixation,45343.111999988556,0.43028276413679123,0.47112781181931496,2.152141571044922,2.2466964721679688,133.0,111,Starttimelines
fixation,45509.78599998355,0.4601127505302429,0.46568726499875385,2.135101318359375,2.2195866902669272,200.0,112,Starttimelines
fixation,45743.125999987125,0.5241913348436356,0.4436458572745323,2.126708984375,2.2183380126953125,75.0,113,Starttimelines
fixation,46109.80999997258,0.5867373570799828,0.4600961208343506,2.176776885986328,2.315418243408203,125.0,114,Starttimelines
fixation,46276.4809999764,0.678029422958692,0.4569084048271179,2.200536092122396,2.328094482421875,200.0,115,Starttimelines
fixation,46509.822999984026,0.7010987624526024,0.4543561488389969,2.169055938720703,2.2694168090820312,133.0,116,Starttimelines
fixation,46676.49699997902,0.42575649559497836,0.5003285837173462,2.1477886962890627,2.2660289946056547,1034.0,117,Starttimelines
fixation,47743.20199999213,0.22039263819654784,0.5101983845233917,2.087153116861979,2.1807479858398438,208.0,118,Starttimelines
fixation,48243.22099998593,0.17786287143826485,0.5414908453822136,2.1509017944335938,2.1531600952148438,259.0,119,Starttimelines
fixation,48576.567999988794,0.24372505024075508,0.5193530321121216,2.1382293701171875,2.1568679809570312,75.0,120,Starttimelines
fixation,49009.91599997878,0.2513851262629032,0.5270045846700668,2.2267837524414062,2.1797714233398438,133.0,121,Starttimelines
fixation,49243.25199997425,0.32251017540693283,0.577089462429285,2.19873046875,2.1979598999023438,267.0,122,Starttimelines
fixation,49543.26399999857,0.3750730026513338,0.5757963806390762,2.1268138885498047,2.1721229553222656,267.0,123,Starttimelines
fixation,49843.27399998903,0.3190945237874985,0.5759803950786591,2.1525811089409723,2.166834513346354,300.0,124,Starttimelines
fixation,50176.61299997568,0.3845633566379547,0.5504987935225168,2.1384684244791665,2.1521809895833335,108.0,125,Starttimelines
fixation,50576.62799999118,0.46724388500054675,0.5438989549875259,2.161249796549479,2.2205963134765625,192.0,126,Starttimelines
fixation,50809.97099998593,0.5370452666983885,0.542888847344062,2.135305068072151,2.2271814346313477,566.0,127,Starttimelines
fixation,51409.98899999261,0.6066948523124059,0.5451283156871796,2.1031112670898438,2.2263310750325522,200.0,128,Starttimelines
fixation,51643.32799997926,0.64341801404953,0.5438714474439621,2.1273880004882812,2.2601699829101562,75.0,129,Starttimelines
fixation,52043.34399998188,0.7222869429323409,0.5349923140472836,2.1704576280381946,2.34051513671875,300.0,130,Starttimelines
fixation,52376.689999997616,0.7672142684459686,0.544948567946752,2.1746622721354165,2.3324381510416665,100.0,131,Starttimelines
fixation,52576.69199997187,0.22649318352341652,0.6194751113653183,2.2363624572753906,2.2898025512695312,133.0,132,Starttimelines
fixation,52743.36699998379,0.1769029437140985,0.620864366943186,2.216551347212358,2.286519830877131,367.0,133,Starttimelines
fixation,53610.05799999833,0.2822027187794447,0.6077204570174217,2.295557975769043,2.3384002685546874,533.0,134,Starttimelines
fixation,54176.74399998784,0.2354759317305353,0.6283650000890096,2.2847103542751737,2.2867024739583335,300.0,135,Starttimelines
fixation,54510.089999973774,0.21861077969272932,0.6745403235157331,2.2434488932291665,2.2860514322916665,400.0,136,Starttimelines
fixation,54943.43799999356,0.1724973867336909,0.6878489454587301,2.2850443522135415,2.3136596679687496,108.0,137,Starttimelines
fixation,55276.78700000048,0.29657437205314635,0.6538496673107147,2.2745819091796875,2.3547698974609377,166.0,138,Starttimelines
fixation,55876.80499997735,0.3685100506991148,0.6261594593524933,2.254497528076172,2.3694632393973216,258.0,139,Starttimelines
fixation,56176.81999999285,0.42277630666891736,0.6256876637538274,2.1993789672851562,2.285882568359375,200.0,140,Starttimelines
fixation,56410.15699997544,0.4652727507054806,0.6368283182382584,2.208263397216797,2.25286865234375,141.0,141,Starttimelines
fixation,57010.17999997735,0.5906004548072815,0.6259894907474518,2.2518096923828126,2.355854034423828,167.0,142,Starttimelines
fixation,57210.18799999356,0.6391983658075333,0.6228766739368439,2.2170135498046877,2.3014102511935763,333.0,143,Starttimelines
fixation,57576.869999974966,0.6966034173965454,0.6210817396640778,2.185199737548828,2.2799301147460938,133.0,144,Starttimelines
fixation,57743.54099997878,0.7671545644601186,0.6278047627872891,2.1944461398654513,2.2736985948350696,300.0,145,Starttimelines
fixation,58110.22199997306,0.4543532133102417,0.4448738992214203,2.1818618774414062,2.4080123901367188,67.0,146,Starttimelines
fixation,58243.55899998546,0.2313086148351431,0.42366793006658554,2.2595138549804688,2.4491920471191406,134.0,147,Starttimelines
fixation,58410.236999988556,0.17910560313612223,0.41977313440293074,2.2736101150512695,2.3972530364990234,533.0,148,Starttimelines
fixation,58976.92099997401,0.2702055796980858,0.41472871601581573,2.2554092407226562,2.3436431884765625,74.0,149,Starttimelines
fixation,59410.26699998975,0.2585792727768421,0.45576517283916473,2.2857386271158853,2.4082539876302085,200.0,150,Starttimelines
fixation,59643.606999993324,0.19507518038153648,0.5618861950933933,2.325824737548828,2.339395523071289,267.0,151,Starttimelines
fixation,59943.61299997568,0.26757054030895233,0.5549931355885097,2.3011692592075894,2.2828892299107144,234.0,152,Starttimelines
fixation,60210.292999982834,0.30248717963695526,0.5609940886497498,2.2886276245117188,2.2874832153320312,67.0,153,Starttimelines
fixation,60310.29599997401,0.3381176143884659,0.5513219237327576,2.2471771240234375,2.2609786987304688,75.0,154,Starttimelines
fixation,60710.3069999814,0.3698284576336543,0.4273959534863631,2.2800420125325522,2.3407211303710938,392.0,155,Starttimelines
fixation,61143.65500000119,0.3474868208169937,0.5475861966609955,2.23846435546875,2.239312744140625,175.0,156,Starttimelines
fixation,61543.66899999976,0.46318742419992176,0.40875288205487387,2.2031141008649553,2.2755868094308034,225.0,157,Starttimelines
fixation,61810.34499999881,0.4140171051025391,0.42055883705616,2.240704345703125,2.29365234375,167.0,158,Starttimelines
fixation,62043.68299999833,0.30127762754758197,0.4295830378929774,2.1995035807291665,2.2645899454752603,200.0,159,Starttimelines
fixation,62277.02399998903,0.26580044627189636,0.4274858981370926,2.174402872721354,2.2555084228515625,108.0,160,Starttimelines
fixation,62743.706999987364,0.3754560699065526,0.423586443066597,2.142093234592014,2.2051272922092013,300.0,161,Starttimelines
fixation,63077.04899999499,0.42002882063388824,0.41055989265441895,2.1245829264322915,2.2015177408854165,100.0,162,Starttimelines
fixation,63210.38699999452,0.48459341128667194,0.405696044365565,2.12939453125,2.2228800455729165,108.0,163,Starttimelines
fixation,63643.73399999738,0.550465750694275,0.40799497365951537,2.1324127197265623,2.2764007568359377,158.0,164,Starttimelines
fixation,63843.74099999666,0.53006312251091,0.40709413091341656,2.1417999267578125,2.2910919189453125,100.0,165,Starttimelines
fixation,63977.07799997926,0.605120849609375,0.4095700293779373,2.1132598876953126,2.2853179931640626,167.0,166,Starttimelines
fixation,64177.08499997854,0.660503726452589,0.40198906511068344,2.0917606353759766,2.2691478729248047,267.0,167,Starttimelines
fixation,64477.09399998188,0.7401455144087473,0.39168938994407654,2.072761535644531,2.2406107584635415,200.0,168,Starttimelines
fixation,65143.78000000119,0.17454495131969452,0.4661274328827858,2.152215576171875,2.269110107421875,333.0,169,Starttimelines
fixation,65510.45999997854,0.2303900523827626,0.4509387302857179,2.1256995567908654,2.2117638221153846,434.0,170,Starttimelines
fixation,65977.1399999857,0.4698244503566197,0.48413972769464764,2.15045166015625,2.221930367606027,233.0,171,Starttimelines
fixation,66243.81499999762,0.4951084752877553,0.48031478623549145,2.162541707356771,2.289326985677083,108.0,172,Starttimelines
fixation,66643.8259999752,0.5128876426153712,0.4630843351284663,2.2071122063530817,2.315244402204241,1200.0,173,Starttimelines
fixation,67877.1969999969,0.492893622471736,0.4802041489344377,2.2238053541917067,2.3166292630709133,441.0,174,Starttimelines
fixation,68677.22499999404,0.5245199203491211,0.47783150441116756,2.253836737738715,2.3427886962890625,300.0,175,26
fixation,69010.56499999762,0.4186973385512829,0.6192408427596092,2.1757774353027344,2.224231719970703,134.0,176,26
fixation,69210.57299998403,0.4242069460451603,0.29595011100172997,2.245443344116211,2.330036163330078,275.0,177,26
fixation,69743.923999995,0.3220079370907375,0.8750619377408709,2.091894967215402,2.2282257080078125,233.0,178,26
fixation,70377.27599999309,0.48648761709531146,0.8526564439137777,2.066950480143229,,100.0,179,26
fixation,70510.61299997568,0.3955828795830409,0.8620425562063853,2.1047541300455728,,200.0,180,26
fixation,70843.95799997449,0.37543389449516934,0.855439821879069,2.0876337687174478,2.3903350830078125,202.0,181,26
fixation,71077.298999995,0.4292670711874962,0.8630570471286774,2.0605697631835938,2.217987060546875,133.0,182,26
fixation,71243.96999999881,0.4767119586467743,0.8584916234016419,2.046929931640625,2.322357177734375,166.0,183,26
fixation,71443.97799998522,0.516721119483312,0.8585031529267629,2.036565144856771,,200.0,184,26
fixation,71810.65500000119,0.5887812839614021,0.8634834885597229,2.046941121419271,,300.0,185,26
fixation,72144.00099998713,0.662868877251943,0.8585035999615988,2.0701700846354165,,104.0,186,26
fixation,72343.99899998307,0.659322053194046,0.8504451513290405,2.0504608154296875,,67.0,187,26
fixation,72444.00799998641,0.59963059425354,0.8566423952579498,2.0114898681640625,,208.0,188,26
fixation,72844.02099999785,0.4423696945110957,0.34117650985717773,2.1436665852864585,2.2419586181640625,92.0,189,26
fixation,72977.36099997163,0.4104051128029823,0.2988861367106438,2.1626510620117188,2.25386962890625,334.0,190,26
fixation,73344.03999999166,0.38407548736123476,0.3088279559331782,2.1223907470703125,2.2253274356617645,575.0,191,26
fixation,74210.73199999332,0.4262546718120575,0.32480848431587217,2.135906982421875,2.1812469482421877,158.0,192,26
fixation,74410.74099999666,0.4494475156068802,0.3231731057167053,2.1938720703125,2.2729522705078127,166.0,193,26
fixation,74610.7459999919,0.48915303746859234,0.31255728503068286,2.1661478678385415,2.3022816975911455,108.0,194,26
fixation,75044.09399998188,0.570440065402251,0.3142760246992111,2.201202392578125,2.348583514873798,441.0,195,26
fixation,75710.78299999237,0.4794008620083332,0.5534242019057274,2.1101455688476562,2.209087371826172,125.0,196,26
fixation,75877.45699998736,0.3881787558396657,0.670534759759903,2.1590576171875,2.234503173828125,200.0,197,26
fixation,76144.1289999783,0.43596185743808746,0.8207119479775429,2.1545677185058594,2.3460540771484375,267.0,198,26
fixation,76510.81099998951,0.6679564565420151,0.8660318851470947,2.1776885986328125,,141.0,199,26
fixation,76910.82499998808,0.595688396692276,0.3976833552122116,2.2624267578125,2.437033081054687,158.0,200,26
fixation,77144.16499999166,0.3883542163031442,0.6369270554610661,2.2349984305245534,2.3545379638671875,233.0,201,26
fixation,77410.84199997783,0.3629245249664082,0.6917983153287102,2.223612168255974,2.3159727208754597,566.0,202,26
fixation,78010.86099997163,0.46878673434257506,0.7980034649372101,2.21767578125,2.3513946533203125,174.0,203,FIX_CROS
fixation,78444.20899999142,0.4820794463157654,0.42305245498816174,2.376866658528646,2.4994303385416665,100.0,204,FIX_CROS
fixation,78910.88299998641,0.5566367308298746,0.42910365263621014,2.3480733235677085,,92.0,205,FIX_CROS
fixation,79044.22899997234,0.5089339514573415,0.4793737307190895,2.3887507120768228,,200.0,206,26.1
fixation,79377.57499998808,0.3131873607635498,0.5040360987186432,2.361175537109375,2.4918594360351562,67.0,207,26.1
fixation,79510.91099998355,0.20339862505594888,0.4827023595571518,2.300872802734375,2.4137064615885415,100.0,208,26.1
fixation,79644.24899998307,0.18589323420416226,0.47843056510795245,2.2707991166548296,2.3416387384588067,367.0,209,26.1
fixation,80044.26099997759,0.25191490948200224,0.5023565709590911,2.267486572265625,2.295465087890625,167.0,210,26.1
fixation,80244.26599997282,0.31603347659111025,0.5096723020076752,2.2522308349609377,2.350152587890625,167.0,211,26.1
fixation,80444.27499997616,0.4219999915879706,0.4844966031934904,2.244692595108696,2.3019143809442935,767.0,212,26.1
fixation,81244.30199998617,0.507548525929451,0.4868713840842247,2.237476348876953,2.348846435546875,133.0,213,26.1
fixation,81410.97199997306,0.5658221145470937,0.48263850311438244,2.1925455729166665,2.3249359130859375,108.0,214,26.1
fixation,81877.65500000119,0.6153621077537537,0.480586476624012,2.2076899210611978,2.323064168294271,200.0,215,26.1
fixation,82110.99300000072,0.645878791809082,0.47868863493204117,2.1819686889648438,2.359479268391927,200.0,216,26.1
fixation,82344.33599999547,0.6878370523452759,0.46615556478500364,2.150238037109375,2.317816162109375,167.0,217,26.1
fixation,82544.34299999475,0.7436499185860157,0.4632155317813158,2.1482505798339844,2.3236236572265625,267.0,218,26.1
fixation,82844.35099998116,0.7972216755151749,0.48149800300598145,2.2047805786132812,2.3491134643554688,75.0,219,26.1
fixation,83477.70600000024,0.3222312740981579,0.5166801884770393,2.3027610778808594,2.3339335123697915,133.0,220,26.1
fixation,83644.37599998713,0.2761999562382698,0.5235951289534568,2.225939178466797,2.2859230041503906,667.0,221,26.1
fixation,84344.40199998021,0.21865209192037582,0.5218896071116129,2.1950658162434897,2.237665812174479,200.0,222,26.1
fixation,84577.74099999666,0.1999615037983114,0.5291060696948658,2.263663552024148,2.257417158647017,374.0,223,26.1
fixation,85377.77399998903,0.4460410944053105,0.48775904306343626,2.249021257672991,2.265934535435268,233.0,224,26.1
fixation,85644.45299997926,0.4846172095699744,0.48152380843054166,2.1849434592507104,2.249717018821023,742.0,225,26.1
fixation,86644.49300000072,0.4882707893848419,0.433644138276577,2.208587646484375,2.3169326782226562,67.0,226,NOTRIAL
fixation,86777.83199998736,0.3665102496743202,0.28392285853624344,2.3261642456054688,2.4681015014648438,133.0,227,NOTRIAL
fixation,86944.5039999783,0.3372729622891971,0.2806573946561132,2.2687410627092635,2.413236345563616,475.0,228,NOTRIAL
fixation,87644.53299999237,0.604345178604126,0.26254249513149264,2.2236419677734376,2.339178466796875,159.0,229,NOTRIAL
fixation,87844.54199999571,0.6311572064956029,0.26390864004691444,2.239066569010417,2.397696940104167,1000.0,230,NOTRIAL
fixation,88877.91499999166,0.664667139450709,0.48242367307345074,2.1280619303385415,2.297938028971354,100.0,231,NOTRIAL
fixation,89011.2539999783,0.6453468203544617,0.4769565835595131,2.1455459594726562,2.3203201293945312,75.0,232,NOTRIAL
fixation,89411.26799997687,0.6393853142147973,0.26657029879944666,2.2542005266462053,2.4422498430524553,692.0,233,NOTRIAL
fixation,90144.625,0.6205807055036227,0.46338412041465443,2.2041002909342446,2.4099044799804688,400.0,234,NOTRIAL
fixation,90611.30599999428,0.5670356005430222,0.47154057770967484,2.180370330810547,2.4013671875,133.0,235,NOTRIAL
fixation,90777.97899997234,0.6372161835432053,0.48471302837133406,2.2062652587890623,2.362042236328125,341.0,236,NOTRIAL
fixation,91511.33499997854,0.5855896825140173,0.2697773548689755,2.2665141712535513,2.426239013671875,367.0,237,NOTRIAL
fixation,92278.02499997616,0.5729421079158783,0.2921699099242687,2.234661102294922,2.4106674194335938,125.0,238,NOTRIAL
fixation,92478.03299999237,0.36441193148493767,0.2778240740299225,2.2490806579589844,2.3840599060058594,133.0,239,NOTRIAL
fixation,92978.048999995,0.5867129985023948,0.46968865920515623,2.169786341050092,2.3125807818244484,559.0,240,NOTRIAL
fixation,93578.06699997187,0.3404727122362922,0.7118204174672856,2.109735376694623,2.184182643890381,1133.0,241,NOTRIAL
fixation,94744.7729999721,0.3615480363368988,0.7108862400054932,2.0582809448242188,2.1097259521484375,74.0,242,NOTRIAL
fixation,95111.44099998474,0.6316724121570587,0.713509331146876,2.0912144978841147,,192.0,243,NOTRIAL
fixation,95378.12999999523,0.48370201885700226,0.6704885959625244,2.0948562622070312,2.2774658203125,67.0,244,NOTRIAL
fixation,95544.79999998212,0.41697829961776733,0.7155513167381287,2.1007843017578125,,66.0,245,NOTRIAL
fixation,95944.80999997258,0.3606635133425395,0.7176101803779602,2.1156056722005205,2.245697021484375,100.0,246,NOTRIAL
fixation,96144.81499999762,0.35669421404600143,0.6836715564131737,2.134204864501953,2.2444610595703125,133.0,247,NOTRIAL
fixation,96311.49099999666,0.3534613072872162,0.7376572132110596,2.1351898193359373,,167.0,248,NOTRIAL
fixation,96511.4959999919,0.32191794613997143,0.7033675312995911,2.1181131998697915,2.207850138346354,100.0,249,NOTRIAL
fixation,96811.50699999928,0.6290362179279327,0.690402090549469,2.160792032877604,2.2772216796875,100.0,250,NOTRIAL
fixation,96944.84599998593,0.6283953487873077,0.6972088913122813,2.1542205810546875,2.31427001953125,100.0,251,NOTRIAL
fixation,97078.18299999833,0.5892817215486006,0.6916312900456515,2.1280892112038354,2.274276733398437,367.0,252,NOTRIAL
fixation,97478.19399997592,0.6470537781715393,0.6906976368692186,2.104395548502604,2.3520660400390625,300.0,253,NOTRIAL
fixation,97844.87299999595,0.6469765272405412,0.692424519194497,2.089567396375868,2.242523193359375,608.0,254,NOTRIAL
fixation,98811.5719999969,0.44450366497039795,0.8088033199310303,2.0420913696289062,,67.0,255,NOTRIAL
fixation,99044.9129999876,0.5067433901131153,0.32082873582839966,2.2313098907470703,2.3429698944091797,266.0,256,FIX_CROS
fixation,99344.92099997401,0.48799540400505065,0.4345583111047745,2.158428955078125,2.300384521484375,174.0,257,FIX_CROS
fixation,99878.27199998498,0.4969306748646956,0.4046969310595439,2.266735370342548,2.413386418269231,425.0,258,FIX_CROS
fixation,100344.95399999619,0.3424643675486247,0.39421844979127246,2.245396931966146,2.406366984049479,100.0,259,26.2
fixation,100478.29499998689,0.225149754434824,0.3644973151385784,2.2297706604003906,2.3885154724121094,133.0,260,26.2
fixation,100644.9659999907,0.19283020496368408,0.3661550666604723,2.2316807338169644,2.3359178815569197,233.0,261,26.2
fixation,100911.63799998164,0.2725820690393448,0.3603823408484459,2.1827239990234375,2.2883529663085938,75.0,262,26.2
fixation,101311.65299999714,0.37392337939568926,0.37799549847841263,2.1908678327287947,2.2643203735351562,459.0,263,26.2
fixation,101811.66999998689,0.4290791501601537,0.37833086649576825,2.1673482259114585,2.281163533528646,108.0,264,26.2
fixation,102278.35099998116,0.4879173586765925,0.36809725562731427,2.1870574951171875,2.2763544718424478,200.0,265,26.2
fixation,102511.69399997592,0.5365075717369715,0.35774119943380356,2.1578750610351562,2.2842076619466147,200.0,266,26.2
fixation,102745.03299999237,0.6121901174386343,0.34462784975767136,2.1257476806640625,2.239593505859375,200.0,267,26.2
fixation,102978.375,0.6354140043258667,0.351962074637413,2.1382675170898438,2.279815673828125,75.0,268,26.2
fixation,103511.72599998116,0.7843350221713384,0.3397427226106326,2.1375808715820312,2.2873992919921875,200.0,269,26.2
fixation,103745.06499999762,0.8148686408996582,0.3393463969230652,2.1098236083984374,2.2628631591796875,175.0,270,26.2
fixation,104278.41599997878,0.1815203164111484,0.4505361250855706,2.1493766091086646,2.253043434836648,367.0,271,26.2
fixation,104678.43299999833,0.22526990196534566,0.46044286659785677,2.170769827706473,2.2164132254464284,234.0,272,26.2
fixation,104945.1099999845,0.2887599803507328,0.4594867490231991,2.165203094482422,2.181173324584961,275.0,273,26.2
fixation,105545.13099998236,0.3538345843553543,0.47758252918720245,2.1688130696614585,2.192937215169271,100.0,274,26.2
fixation,105745.1399999857,0.39548756182193756,0.4611351915768215,2.141416277204241,2.218994140625,233.0,275,26.2
fixation,106011.81499999762,0.4320441912859678,0.4498758390545845,2.1011962890625,2.1938514709472656,266.0,276,26.2
fixation,106311.82099997997,0.47646133974194527,0.4416077435016632,2.1173744201660156,2.1907997131347656,133.0,277,26.2
fixation,106478.49799999595,0.5083987563848495,0.4486248418688774,2.1108436584472656,2.209758758544922,134.0,278,26.2
fixation,106678.50799998641,0.6263319750626882,0.4479074478149414,2.1306559244791665,2.2374267578125,108.0,279,26.2
fixation,107078.51199999452,0.6962096922927432,0.4306505140331056,2.1620347764756946,2.2699610392252603,292.0,280,26.2
fixation,107411.86699998379,0.7857557063301405,0.4146746943394343,2.1118761698404946,2.2271016438802085,400.0,281,26.2
fixation,107911.88499999046,0.24308738857507706,0.5468895634015402,2.146174112955729,2.2113850911458335,100.0,282,26.2
fixation,108045.22399997711,0.19734760983423752,0.5455707961862738,2.1515267112038354,2.1823841441761362,367.0,283,26.2
fixation,108445.23999997973,0.250645462423563,0.5542967319488525,2.1722640991210938,2.1709747314453125,75.0,284,26.2
fixation,108911.923999995,0.36392275989055634,0.5217143706977367,2.1739768981933594,2.1852010091145835,133.0,285,26.2
fixation,109078.59799998999,0.3692948594689369,0.5819576978683472,2.1661148071289062,,67.0,286,26.2
fixation,109178.59699997306,0.39489032824834186,0.5373528632852766,2.134468926323785,2.163738250732422,300.0,287,26.2
fixation,109511.94499999285,0.4398292042315006,0.5110598653554916,2.071025848388672,2.1234893798828125,133.0,288,26.2
fixation,109678.61899998784,0.481151157617569,0.508977934718132,2.099263000488281,2.12607659233941,334.0,289,26.2
fixation,110078.63199999928,0.5716942648092905,0.4940372308095296,2.0930328369140625,2.1210403442382812,108.0,290,26.2
fixation,110545.31199997663,0.6425856649875641,0.5249872803688049,2.0955657958984375,2.307952880859375,125.0,291,26.2
fixation,110711.98399999738,0.6671115330287388,0.5092750745160239,2.170074462890625,2.3109308878580728,233.0,292,26.2
fixation,110978.65999999642,0.7388565133918416,0.5078430040316149,2.077811501242898,2.2729353471235796,367.0,293,26.2
fixation,111378.67499998212,0.7939352776323046,0.5074325352907181,2.0771026611328125,2.2110072544642856,241.0,294,26.2
fixation,111945.35899999738,0.17909569342931111,0.649496986468633,2.1640696207682293,2.204798380533854,500.0,295,26.2
fixation,112478.70899999142,0.2303413301706314,0.6660414404339261,2.2015787760416665,2.1485222710503473,300.0,296,26.2
fixation,112812.05199998617,0.2660518568009138,0.6589621379971504,2.176054000854492,2.1463260650634766,267.0,297,26.2
fixation,113112.06299999356,0.32223731875419614,0.6645223379135132,2.2018646240234374,2.1148834228515625,167.0,298,26.2
fixation,113312.07099997997,0.35507288575172424,0.6480273604393005,2.1166229248046875,2.1057052612304688,67.0,299,26.2
fixation,113412.0719999969,0.3650057911872864,0.6657456755638123,2.1446533203125,,67.0,300,26.2
fixation,113678.74899998307,0.4180509954690933,0.6215796053409577,2.10592041015625,2.0669769287109374,166.0,301,26.2
fixation,113878.75699999928,0.49821384251117706,0.6025365114212036,2.0410675048828124,2.0802459716796875,166.0,302,26.2
fixation,114112.09699997306,0.5865063518285751,0.5909863114356995,2.06927490234375,2.1512794494628906,133.0,303,26.2
fixation,114278.76999998093,0.6118552734454473,0.5990674495697021,2.0669581095377603,2.09344482421875,200.0,304,26.2
fixation,114545.44599997997,0.7689740061759949,0.5780175924301147,2.10577392578125,2.225616455078125,100.0,305,26.2
fixation,114712.11599999666,0.5153061430901289,0.48136549256742,2.1415233612060547,2.225088119506836,533.0,306,NOTRIAL
fixation,115278.80199998617,0.6052244106928507,0.4049808979034424,2.1993815104166665,2.370539347330729,100.0,307,NOTRIAL
fixation,115412.14199998975,0.6323580741882324,0.27360325175173145,2.2288127225988053,2.388951021082261,575.0,308,NOTRIAL
fixation,116312.16999998689,0.6403709497393631,0.47117568152706796,2.2226283375809834,2.3536905428258383,1367.0,309,NOTRIAL
fixation,117712.21799999475,0.6519434998432795,0.6798043151696523,2.1438318888346353,2.348406982421875,200.0,310,NOTRIAL
fixation,117978.89599999785,0.6503459598336901,0.692778834274837,2.163761683872768,2.3342132568359375,233.0,311,NOTRIAL
fixation,118312.23799997568,0.649222731590271,0.6996461053689321,2.1562652587890625,2.3415679931640625,100.0,312,NOTRIAL
fixation,118478.91399997473,0.6459753314654032,0.6930513978004456,2.136505126953125,2.3184051513671875,100.0,313,NOTRIAL
fixation,118945.58799999952,0.5131562948226929,0.4081049710512161,2.1815338134765625,,67.0,314,NOTRIAL
fixation,119045.60099998116,0.5007058481375376,0.4057735900084178,2.2068201700846353,2.3396759033203125,200.0,315,NOTRIAL
fixation,119312.27399998903,0.3701530955731869,0.4773203767836094,2.251312255859375,2.3647918701171875,133.0,316,NOTRIAL
fixation,119512.27399998903,0.6517001688480377,0.4740858987758034,2.2397187885485197,2.407088430304276,641.0,317,NOTRIAL
fixation,120445.63899999857,0.47579485177993774,0.7029130061467489,2.1300760904947915,,92.0,318,NOTRIAL
fixation,120578.97399997711,0.45774205525716144,0.722031831741333,2.1529947916666665,,100.0,319,NOTRIAL
fixation,120712.31999999285,0.535344409942627,0.7174155473709106,2.1789459228515624,2.433868408203125,167.0,320,NOTRIAL
fixation,120945.6629999876,0.5322428405284881,0.7073548674583435,2.1340087890625,,167.0,321,NOTRIAL
fixation,121212.3369999826,0.4892049841582775,0.45051518827676773,2.1889419555664062,2.2880821228027344,142.0,322,NOTRIAL
fixation,121645.67699998617,0.5045761168003082,0.5102620124816895,2.196990966796875,,92.0,323,3
fixation,121779.02499997616,0.5012597255408764,0.45316243544220924,2.2655982971191406,2.3503265380859375,133.0,324,3
fixation,121979.03099998832,0.4214705675840378,0.3249299004673958,2.3385887145996094,2.4912567138671875,133.0,325,3
fixation,122145.70299997926,0.3806837813721763,0.3025779773791631,2.2955729166666665,2.4403008355034723,308.0,326,3
fixation,126145.83100000024,0.395446104662759,0.31542960022177013,2.2724522181919644,2.3686109270368303,241.0,327,3
fixation,126679.17899999022,0.4839869476854801,0.30916617438197136,2.2893638610839844,2.3646583557128906,125.0,328,3
fixation,126845.85099998116,0.456306473352015,0.3045413149520755,2.266129493713379,2.403792381286621,533.0,329,3
fixation,127412.53499999642,0.5325868179400762,0.2945846791068713,2.2357508341471353,2.359619140625,200.0,330,3
fixation,127645.875,0.5653711224303526,0.29524443430059094,2.2302497414981617,2.3850600298713234,566.0,331,3
fixation,128279.22799998522,0.3929481485060283,0.3241203342165266,2.226721627371652,2.3791002546037947,241.0,332,3
fixation,128812.57699999213,0.41533413529396057,0.3202812472979228,2.257329305013021,2.4162495930989585,92.0,333,3
fixation,128945.91200000048,0.48105805997665113,0.32911791595128864,2.3028658353365383,2.4321394700270433,433.0,334,3
fixation,129412.59699997306,0.5313142267140475,0.31992081891406665,2.2302370938387783,2.3648251620205967,367.0,335,3
fixation,129812.60899999738,0.5868425786495208,0.3191414495309194,2.2040069580078123,2.37423095703125,500.0,336,3
fixation,130379.29499998689,0.5144452750682831,0.3170342892408371,2.180425008138021,2.345062255859375,100.0,337,3
fixation,130512.63299998641,0.4692660868167877,0.31821513921022415,2.1947174072265625,2.347381591796875,67.0,338,3
fixation,130712.63799998164,0.44688304513692856,0.3206838419040044,2.2185185750325522,2.4067281087239585,200.0,339,3
fixation,130945.97999998927,0.4206480085849762,0.32162768542766573,2.2247589111328123,2.400555419921875,174.0,340,3
fixation,131379.32699999213,0.4002925405899684,0.3100707183281581,2.2333272298177085,2.3549601236979165,100.0,341,3
fixation,131779.33799999952,0.48669274896383286,0.3173111751675606,2.249755859375,2.3923377990722656,126.0,342,3
fixation,131946.0149999857,0.45575927197933197,0.34270820766687393,2.261662801106771,2.4068425496419272,400.0,343,3
fixation,132412.69199997187,0.5164498307488181,0.33135211874138226,2.2060685591264204,2.330089569091797,533.0,344,3
fixation,133012.71699997783,0.4619717709720135,0.3836158514022827,2.2529258728027344,2.3770751953125,133.0,345,3
fixation,133179.38499999046,0.5840959668159484,0.33203704208135604,2.2848800659179687,2.4665817260742187,334.0,346,3
fixation,133546.06599998474,0.6062944481770197,0.31545103589693707,2.2384490966796875,2.4021275838216147,200.0,347,3
fixation,133812.74300000072,0.4983024224638939,0.32388103380799294,2.1776275634765625,2.317211151123047,133.0,348,3
fixation,133979.4129999876,0.571551936013358,0.30961087133203236,2.200657435825893,2.339176722935268,242.0,349,3
fixation,134646.09599998593,0.5348877631700956,0.3073195115878032,2.215785099909856,2.340266301081731,433.0,350,3
fixation,135112.7769999802,0.5563599367936453,0.3107605775197347,2.226348876953125,2.3253097534179683,200.0,351,3
fixation,135346.11499997973,0.5975273847579956,0.2999964505434036,2.2488784790039062,2.3472671508789062,67.0,352,3
fixation,135446.1169999838,0.46503925919532774,0.3298309415578842,2.26748046875,2.3737335205078125,167.0,353,3
fixation,136046.13099998236,0.4481585941144398,0.373850411602429,2.301759992327009,2.4381931849888394,225.0,354,3
fixation,136312.80499997735,0.4816203206777573,0.39867053627967836,2.32127685546875,2.4510711669921874,166.0,355,3
fixation,136512.80899998546,0.5124913640320301,0.39455609302967787,2.236156463623047,2.36055850982666,533.0,356,3
fixation,137079.49099999666,0.4933956394592921,0.458894620090723,2.1932108561197916,2.31397667709662,2300.0,357,3
fixation,139412.8829999864,0.4132840447127819,0.4453354589641094,2.1844139099121094,2.341796875,133.0,358,3.2
fixation,139579.55599999428,0.3296637646853924,0.4751625023782253,2.2213668823242188,2.33575439453125,134.0,359,3.2
fixation,139746.22999998927,0.2288949340581894,0.47286784648895264,2.209602355957031,2.31195068359375,133.0,360,3.2
fixation,139912.89899998903,0.18197120279073714,0.4591135442256927,2.1774353027343745,2.2505462646484373,174.0,361,3.2
fixation,140346.24699997902,0.30128298368718887,0.47601186401314205,2.168056911892361,2.211495293511285,292.0,362,3.2
fixation,140679.58899998665,0.35429310612380505,0.46908309683203697,2.161773681640625,2.232034683227539,267.0,363,3.2
fixation,140979.60299998522,0.3224070854485035,0.47014742344617844,2.172771453857422,2.181011199951172,134.0,364,3.2
fixation,141146.27499997616,0.2318605909293348,0.455725221471353,2.1701812744140625,2.1738725142045454,367.0,365,3.2
fixation,141546.28199997544,0.4503082390874624,0.44654097594320774,2.1377410888671875,2.1828155517578125,267.0,366,3.2
fixation,141846.295999974,0.5392988100647926,0.44658857956528664,2.1220016479492188,2.2187156677246094,141.0,367,3.2
fixation,142312.9659999907,0.6112755358219146,0.44595439583063123,2.094984436035156,2.2241592407226562,333.0,368,3.2
fixation,142679.65599998832,0.6801765660444895,0.4348229120175044,2.073369344075521,2.203760782877604,108.0,369,3.2
fixation,143079.6699999869,0.7425199985504151,0.43026516437530515,2.0705192565917967,2.246673583984375,666.0,370,3.2
fixation,143779.6819999814,0.8075746808733258,0.4107500101838793,2.051177978515625,2.1788221086774553,233.0,371,3.2
fixation,144046.35899999738,0.8301614373922348,0.4200734905898571,2.0815658569335938,2.180591583251953,134.0,372,3.2
fixation,144279.70899999142,0.29950757324695587,0.5161987443765005,2.031122843424479,2.171747843424479,100.0,373,3.2
fixation,144413.04299998283,0.24548602774739264,0.5404106229543686,2.1049545288085936,2.195440673828125,333.0,374,3.2
fixation,144779.72599998116,0.29593055446942645,0.5460761537154516,2.1171773274739585,2.1229120890299478,200.0,375,3.2
fixation,145013.06499999762,0.3338402584195137,0.535246305167675,2.0512619018554688,2.0949478149414062,141.0,376,3.2
fixation,145479.74899998307,0.4015353173017502,0.5973846912384033,2.13323974609375,,92.0,377,3.2
fixation,145613.0869999826,0.40442733466625214,0.5135438740253448,2.105524698893229,2.0676651000976562,100.0,378,3.2
fixation,145746.42599999905,0.4597961336374283,0.5134646818041801,2.11136474609375,2.2091461181640626,334.0,379,3.2
fixation,146113.10699999332,0.5187195017933846,0.4971677605062723,2.0944766998291016,2.1491832733154297,275.0,380,3.2
fixation,146679.79099997878,0.5919401794672012,0.49701205392678577,2.1052659352620444,2.202976862589518,800.0,381,3.2
fixation,147513.14199998975,0.6383742243051529,0.5176265984773636,2.0873260498046875,2.188018798828125,75.0,382,3.2
fixation,147846.49099999666,0.6719136536121368,0.517816424369812,2.1251602172851562,,126.0,383,3.2
fixation,148013.1699999869,0.7224312169211251,0.49765776310648235,2.1459524972098216,,233.0,384,3.2
fixation,148813.19599997997,0.3123668481906255,0.524739017089208,2.1279093424479165,2.2158711751302085,100.0,385,3.2
fixation,148946.53499999642,0.3175395727157593,0.5665099769830704,2.1906967163085938,2.2394866943359375,134.0,386,3.2
fixation,149113.20699998736,0.3477819561958313,0.5483880894524711,2.114715576171875,2.137329864501953,700.0,387,3.2
fixation,149846.56599998474,0.38747310638427734,0.4265845865011215,2.1385726928710938,2.1989669799804688,134.0,388,NOTRIAL
fixation,150013.23799997568,0.3440847370554419,0.2918638324036318,2.1620644962086395,2.2247637580422794,575.0,389,NOTRIAL
fixation,150913.26699998975,0.4891600400209427,0.27713191136717796,2.221138763427734,2.3066024780273438,659.0,390,NOTRIAL
fixation,151646.62599998713,0.37592345972855884,0.4598844001690547,2.201471964518229,2.26263427734375,100.0,391,NOTRIAL
fixation,151779.9619999826,0.33850329369306564,0.5027428542574247,2.2308934529622397,2.3141555786132812,208.0,392,NOTRIAL
fixation,152279.97799998522,0.5190985985100269,0.2921414664015174,2.2292747497558594,2.3330516815185547,258.0,393,NOTRIAL
fixation,152579.97899997234,0.6414355870924497,0.4769146873762733,2.2109712299547697,2.3573279129831413,633.0,394,NOTRIAL
fixation,153280.0109999776,0.5495524555444717,0.4780123345553875,2.1209068298339844,2.291339874267578,133.0,395,NOTRIAL
fixation,153446.67299997807,0.48419965989887714,0.47794148201743764,2.145578384399414,2.291856129964193,800.0,396,NOTRIAL
fixation,154313.37699997425,0.41804787069559096,0.523541688422362,2.1608454386393228,2.280989074707031,1000.0,397,NOTRIAL
fixation,155346.73599997163,0.3320157080888748,0.7131629943847656,2.12930908203125,2.174554443359375,174.0,398,NOTRIAL
fixation,155913.420999974,0.5180141727129618,0.7080009678999583,2.08734130859375,,192.0,399,NOTRIAL
fixation,156146.76399999857,0.5779928763707479,0.7044176657994589,2.0866495768229165,1.4592437744140625,100.0,400,NOTRIAL
fixation,156313.44499999285,0.5829230546951294,0.7167695959409078,2.058476765950521,,100.0,401,NOTRIAL
fixation,156446.78099998832,0.6479417051587786,0.7057639496667044,2.076298304966518,,1166.0,402,NOTRIAL
fixation,157713.4849999845,0.480027848482132,0.45410488843917846,2.140924072265625,,167.0,403,NOTRIAL
fixation,157946.82400000095,0.4925414798781276,0.27379435300827026,2.172837257385254,2.3219966888427734,533.0,404,NOTRIAL
fixation,158513.50899997354,0.47569115459918976,0.39477212727069855,2.1440277099609375,2.3168792724609375,75.0,405,FIX_CROS
fixation,158946.8669999838,0.5017498070374131,0.36250972747802734,2.2856388092041016,2.414278984069824,533.0,406,FIX_CROS
fixation,159513.54399999976,0.3972552493214607,0.342244952917099,2.27685546875,2.413909912109375,67.0,407,3.1
fixation,159646.89099997282,0.2440463200211525,0.34080972969532014,2.26798095703125,2.366104125976562,166.0,408,3.1
fixation,159846.89599999785,0.21236543506383895,0.33069753348827363,2.2281097412109374,2.3050079345703125,166.0,409,3.1
fixation,160080.22999998927,0.4019986055791378,0.3181748893111944,2.1153411865234375,2.222349166870117,267.0,410,3.1
fixation,160846.920999974,0.5422436743974686,0.32726293057203293,2.236546834309896,2.352625528971354,200.0,411,3.1
fixation,161080.26199999452,0.5866369716823101,0.3220721520483494,2.1847476959228516,2.335092544555664,275.0,412,3.1
fixation,161680.28599998355,0.6256157457828522,0.2792159877717495,2.1598587036132812,2.2050399780273438,67.0,413,3.1
fixation,161813.62799999118,0.4281981512904167,0.32465508207678795,2.214101791381836,2.336423873901367,267.0,414,3.1
fixation,162213.63199999928,0.6501019299030304,0.31429471969604494,2.171881103515625,2.315216064453125,167.0,415,3.1
fixation,162413.64099997282,0.6909554501374563,0.2871481428543727,2.1659698486328125,2.2455596923828125,108.0,416,3.1
fixation,162913.65699997544,0.7976764515042305,0.300300657749176,2.1452598571777344,2.321380615234375,134.0,417,3.1
fixation,163380.3369999826,0.1685901933482715,0.40796455315181185,2.116607666015625,2.280611310686384,242.0,418,3.1
fixation,164013.69199997187,0.21548791229724884,0.4372742511332035,2.1162376403808594,2.2149085998535156,133.0,419,3.1
fixation,164180.37199997902,0.2595979997089931,0.4327172658273152,2.178728376116071,2.215297154017857,234.0,420,3.1
fixation,164447.04799997807,0.3065979480743408,0.419650144301928,2.0922687237079325,2.1349088228665867,433.0,421,3.1
fixation,164913.72799998522,0.3966223342078073,0.40731423241751535,2.0532444545200894,2.126702444893973,233.0,422,3.1
fixation,165180.39299997687,0.4510605571170648,0.4042966440320015,2.0658671061197915,2.1389541625976562,400.0,423,3.1
fixation,165613.73799997568,0.5319806039333344,0.3945055852333705,2.0441046820746527,2.126315646701389,300.0,424,3.1
fixation,165947.08499997854,0.5789613127708435,0.3999025449156761,2.028915405273437,2.1233062744140625,75.0,425,3.1
fixation,166280.42999997735,0.623426353931427,0.3940684661269188,2.07191162109375,2.187882995605469,334.0,426,3.1
fixation,166647.10699999332,0.6928574629127979,0.38932979479432106,2.0665721893310547,2.1752166748046875,267.0,427,3.1
fixation,166947.1169999838,0.7408814579248428,0.3988339478770892,2.0690180460611978,2.27532958984375,200.0,428,3.1
fixation,167180.45699998736,0.7990989722311497,0.3734834175556898,2.0863685607910156,2.1912841796875,267.0,429,3.1
fixation,167513.80099999905,0.7276101261377335,0.3592851832509041,2.0783920288085938,2.1755447387695312,133.0,430,3.1
fixation,167680.47299999,0.6775001883506775,0.37634865939617157,2.0956929524739585,2.209233601888021,108.0,431,3.1
fixation,168113.82299998403,0.6810739735762278,0.37230563163757324,2.152287801106771,2.3103841145833335,100.0,432,3.1
fixation,168247.15799999237,0.7539532836526632,0.3787384517490864,2.1573305130004883,2.257115364074707,533.0,433,3.1
fixation,168813.84299999475,0.7308824717998504,0.39721634685993196,2.1125,2.273516845703125,166.0,434,3.1
fixation,169013.84999999404,0.8022829182446003,0.3897096663713455,2.1081676483154297,2.2606754302978516,274.0,435,3.1
fixation,169480.53899997473,0.23555954297383627,0.5155632446209589,2.156000773111979,2.2065887451171875,92.0,436,3.1
fixation,169613.87799999118,0.19292017966508865,0.5235268503427506,2.1363067626953125,2.2201812744140623,174.0,437,3.1
fixation,170113.8939999938,0.19314177334308624,0.49766887724399567,2.1202621459960938,2.1063079833984375,66.0,438,3.1
fixation,170213.89699998498,0.2693058225241574,0.518985853953795,2.1464427601207388,2.1571793989701704,366.0,439,3.1
fixation,170613.9009999931,0.3389656198652167,0.5092275158355111,2.0885186446340462,2.0927011590254936,633.0,440,3.1
fixation,171280.58899998665,0.42271055032809574,0.4942217494050662,2.0567525227864585,2.103515625,200.0,441,3.1
fixation,171513.9279999733,0.46575422286987306,0.4890215486288071,2.0641387939453124,2.1170166015625,166.0,442,3.1
fixation,171747.27099999785,0.5509145557880402,0.48403877913951876,2.054229736328125,2.109954833984375,167.0,443,3.1
fixation,171980.60899999738,0.6388814806938171,0.4895233392715454,2.0404388427734377,2.1465850830078126,167.0,444,3.1
fixation,172180.61800000072,0.7076446910699209,0.4880369289053811,2.0247294108072915,2.1215938991970487,300.0,445,3.1
fixation,172513.9619999826,0.7530487626791,0.48007428646087646,2.026592254638672,2.1393661499023438,133.0,446,3.1
fixation,172680.63399997354,0.8100203176339468,0.4306061863899231,1.9914499918619792,2.1076507568359375,108.0,447,3.1
fixation,173147.32499998808,0.19238421693444252,0.5922604203224182,2.2105331420898438,2.217060089111328,133.0,448,3.1
fixation,173313.9959999919,0.16995213429133096,0.6192292438613044,2.2089674207899304,2.23893059624566,300.0,449,3.1
fixation,173680.67699998617,0.2569912806153297,0.6098739266395569,2.192340087890625,2.1269195556640623,166.0,450,3.1
fixation,173880.68299999833,0.28842233972890036,0.5999030428273338,2.1602063860212053,2.062502179827009,233.0,451,3.1
fixation,174147.3489999771,0.3290053568780422,0.5997813418507576,2.1511383056640625,2.0902748107910156,134.0,452,3.1
fixation,174347.35299998522,0.42447205384572345,0.5749719192584356,2.1172815958658853,2.136871337890625,200.0,453,3.1
fixation,174614.02799999714,0.48169346153736115,0.5605091631412507,2.1371856689453126,2.2012725830078126,167.0,454,3.1
fixation,174847.36899998784,0.6505158692598343,0.5498823722203573,2.1521326700846353,2.2081705729166665,200.0,455,3.1
fixation,175080.70899999142,0.6763991340994835,0.5562537387013435,2.1222152709960938,2.2725830078125,133.0,456,3.1
fixation,175280.71399998665,0.7499064107735952,0.5375717629988989,2.065521240234375,2.2780863444010415,108.0,457,3.1
fixation,175680.7239999771,0.800513744354248,0.5142123475670815,2.0866928100585933,,141.0,458,3.1
fixation,176214.07899999619,0.25892818884717095,0.6883807049857246,2.173456827799479,2.227167765299479,300.0,459,3.1
fixation,176547.41599997878,0.29800008051097393,0.6768548414111137,2.1119632720947266,2.1342525482177734,267.0,460,3.1
fixation,176847.42299997807,0.35111699253320694,0.6669672131538391,2.0669403076171875,2.119369506835937,75.0,461,3.1
fixation,177380.78099998832,0.4241762310266495,0.6786755144596099,2.133863830566406,2.386093139648437,333.0,462,3.1
fixation,177747.45699998736,0.43684885650873184,0.6209639459848404,2.1083984375,2.2147903442382812,67.0,463,3.1
fixation,177847.46099999547,0.43990223854780197,0.6705115884542465,2.107738494873047,2.1658172607421875,134.0,464,3.1
fixation,178014.13099998236,0.499881386756897,0.6458606421947479,2.082280476888021,2.1818084716796875,100.0,465,3.1
fixation,178147.46699997783,0.5165406093001366,0.6688005551695824,2.0692005157470703,2.1661529541015625,267.0,466,3.1
fixation,178447.47499999404,0.6046961545944214,0.6591887176036835,2.0802154541015625,,75.0,467,3.1
fixation,178880.8139999807,0.6712184846401215,0.6370746330781416,2.192349520596591,2.377110799153646,358.0,468,3.1
fixation,179280.82499998808,0.6790651679039001,0.6316008369127909,2.1457316080729165,,100.0,469,3.1
fixation,179414.1629999876,0.7029073536396027,0.6456680297851562,2.1670684814453125,2.2653045654296875,67.0,470,3.1
fixation,179580.8329999745,0.7042428056399027,0.6389811635017395,2.120203653971354,,100.0,471,3.1
fixation,179714.16799998283,0.6095524430274963,0.6354249536991119,2.0897613525390626,2.2644920349121094,167.0,472,3.1
fixation,179980.8489999771,0.5540409088134766,0.642945870757103,2.0584716796875,2.201934814453125,66.0,473,3.1
fixation,180114.18399998546,0.5556665857632955,0.6307962338129679,2.0985616048177085,2.142501831054687,100.0,474,3.1
fixation,180814.20600000024,0.6545509397983551,0.5609729290008545,2.1479034423828125,2.2777811686197915,100.0,475,3.1
fixation,180947.54299998283,0.6872304916381836,0.5616300404071808,2.1523895263671875,2.299517822265625,167.0,476,3.1
fixation,181147.5449999869,0.7816497172628131,0.5428604334592819,2.051786150251116,2.242091587611607,242.0,477,3.1
fixation,181780.9129999876,0.3185107111930847,0.6909773349761963,2.103302001953125,,66.0,478,NOTRIAL
fixation,181880.91399997473,0.31813313918454306,0.654692930834634,2.117468697684152,2.1580708821614585,233.0,479,NOTRIAL
fixation,182214.25099998713,0.40412932336330415,0.4267861694097519,2.176373291015625,2.2231414794921873,167.0,480,NOTRIAL
fixation,182414.2579999864,0.48100675269961357,0.2763431519269943,2.1727676391601562,2.196502685546875,133.0,481,NOTRIAL
fixation,182580.92899999022,0.6279252581298351,0.27697368152439594,2.1860294342041016,2.302946090698242,274.0,482,NOTRIAL
fixation,183114.28099998832,0.5531966437896093,0.2680608170727889,2.1876653035481772,2.3077545166015625,192.0,483,NOTRIAL
fixation,183347.62199997902,0.507021104650838,0.27821086772850584,2.2402943202427457,2.3735057285853793,467.0,484,NOTRIAL
fixation,183847.63699999452,0.5645787734538317,0.2710209721699357,2.2099924087524414,2.3271942138671875,534.0,485,NOTRIAL
fixation,184414.32299998403,0.6412263214588165,0.49184867180883884,2.169332504272461,2.332355499267578,275.0,486,NOTRIAL
fixation,185114.34799999,0.5644505023956299,0.4409806951880455,2.1539306640625,2.255035400390625,200.0,487,NOTRIAL
fixation,185347.68699997663,0.49939423373767305,0.4406724529606955,2.172060285295759,2.297827584402902,233.0,488,NOTRIAL
fixation,185647.69999998808,0.5662810802459717,0.45210815221071243,2.1310901641845703,2.2701892852783203,266.0,489,NOTRIAL
fixation,185947.71299999952,0.6283291171897541,0.4791642170060765,2.1435005881569604,2.2857305353338067,366.0,490,NOTRIAL
fixation,186347.72899997234,0.6550534533129798,0.48965537382496727,2.1389024522569446,2.2637532552083335,300.0,491,NOTRIAL
fixation,186681.08100000024,0.5388586223125458,0.47527887920538586,2.102874755859375,2.2806320190429688,200.0,492,NOTRIAL
fixation,186914.41599997878,0.495023874938488,0.47101689875125885,2.108720397949219,2.257044474283854,342.0,493,NOTRIAL
fixation,187614.44999998808,0.5207515448331833,0.45013809353113177,2.1558319091796876,2.3056060791015627,667.0,494,NOTRIAL
fixation,188314.46699997783,0.5617635920643806,0.4511776442329089,2.092945098876953,2.2280756632486978,400.0,495,NOTRIAL
fixation,188814.48399999738,0.33287382764475687,0.7206738335745675,2.093988691057478,2.1470113900991588,475.0,496,NOTRIAL
fixation,189581.18099999428,0.6004385893995111,0.7005693560296838,2.0556529651988638,2.164337158203125,359.0,497,NOTRIAL
fixation,189981.19599997997,0.6521279295285543,0.7177324136098225,2.072440592447917,,504.0,498,NOTRIAL
fixation,190564.55499997735,0.6498319336346218,0.7108742254120963,2.029667445591518,,236.0,499,NOTRIAL
fixation,190897.89199998975,0.5601467589537302,0.41595111621750724,2.1099921332465277,2.230396270751953,300.0,500,NOTRIAL
fixation,191231.2349999845,0.4110802710056305,0.2939193695783615,2.149120330810547,2.2994117736816406,133.0,501,NOTRIAL
fixation,191397.90799999237,0.3421778857707977,0.2710300087928772,2.1473663330078123,2.255047607421875,174.0,502,NOTRIAL
fixation,191864.58999997377,0.6282539814710617,0.4585259421305223,2.191162109375,2.3289316350763496,726.0,503,NOTRIAL
fixation,192664.61599999666,0.48735616356134415,0.6959148695071539,2.0456314086914062,2.1690673828125,200.0,504,NOTRIAL
fixation,192897.95699998736,0.453943423098988,0.4037230759859085,2.17533196343316,2.2864617241753473,300.0,505,NOTRIAL
fixation,193231.29999998212,0.49004897475242615,0.4871803919474284,2.186487833658854,2.2648773193359375,108.0,506,NOTRIAL
fixation,193631.31199997663,0.49716754257678986,0.45435352126757306,2.211176554361979,2.3524068196614585,100.0,507,2
fixation,193764.6519999802,0.4362307101488113,0.42377090752124785,2.27088623046875,2.4230194091796875,167.0,508,2
fixation,193964.6589999795,0.5309451669454575,0.47510549798607826,2.241222381591797,2.318981170654297,134.0,509,2
fixation,194164.66499999166,0.2575994042249826,0.8567448120850784,2.139764639047476,2.2530188927283654,434.0,510,2
fixation,194631.34599998593,0.29841552674770355,0.8490026295185089,2.058563232421875,2.120269775390625,100.0,511,2
fixation,194764.6819999814,0.34642089903354645,0.8579361736774445,1.9902725219726562,2.14996337890625,74.0,512,2
fixation,195164.6969999969,0.3865870616652749,0.8446255272085016,1.9955014315518467,,360.0,513,2
fixation,195639.71699997783,0.46473102271556854,0.8363542755444845,1.9504903157552083,,200.0,514,2
fixation,195873.05099999905,0.5200054123997688,0.84507617354393,1.949911117553711,,279.0,515,2
fixation,196239.73799997568,0.545916348695755,0.841185575723648,1.9458816528320313,,336.0,516,2
fixation,196606.4089999795,0.6075930833816529,0.8425902962684632,1.9554443359375,,167.0,517,2
fixation,196806.42299997807,0.6340837279955546,0.8570237259070078,1.961822509765625,,200.0,518,2
fixation,197039.75499999523,0.7207013414456294,0.845696366750277,1.9931840163010817,2.1614532470703125,866.0,519,2
fixation,197939.7839999795,0.6817130744457245,0.846764882405599,1.9408162434895833,,400.0,520,2
fixation,198373.12999999523,0.6927410364151001,0.8450839519500732,1.9965362548828125,,100.0,521,2
fixation,198606.47999998927,0.7416163206100463,0.8504557609558105,2.0215606689453125,,169.0,522,2
fixation,198806.47899997234,0.5118040442466736,0.8680975139141083,1.9295120239257812,,134.0,523,2
fixation,198973.16099998355,0.48401986559232074,0.8670422832171122,1.9379323323567708,,100.0,524,2
fixation,199364.83799999952,0.42655768245458603,0.499787837266922,,2.1537246704101562,133.0,525,2
fixation,199531.50099998713,0.4517867863178253,0.5425965984662374,,2.1455179850260415,100.0,526,2
fixation,199731.50899997354,0.45211032032966614,0.5522358020146688,,2.2039998372395835,100.0,527,2
fixation,199964.8489999771,0.42671065032482147,0.5864895880222321,2.1277008056640625,2.14208984375,66.0,528,2
fixation,200064.85099998116,0.42643512785434723,0.5897666811943054,2.0903701782226562,2.140228271484375,66.0,529,2
fixation,200164.8559999764,0.4286766690867288,0.5866933763027191,2.1099722726004466,2.137030465262277,233.0,530,2
fixation,200431.53099998832,0.5503230839967728,0.6136428713798523,2.051422119140625,2.1039505004882812,142.0,531,2
fixation,200864.87699997425,0.5910051266352335,0.5449803670247396,2.1127497355143228,,192.0,532,2
fixation,201131.55399999022,0.5539093712965647,0.538534853193495,2.11187744140625,2.1759033203125,300.0,533,2
fixation,201464.89899998903,0.48109261095523836,0.5202917456626892,2.0666107177734374,2.147857666015625,166.0,534,2
fixation,201698.23799997568,0.29372286796569824,0.8280688921610514,2.0893351236979165,2.118194580078125,100.0,535,2
fixation,201831.57699999213,0.25155641564301084,0.8466367849281856,2.0954459054129466,2.1459452311197915,234.0,536,2
fixation,202098.25199997425,0.27687060087919235,0.8420391082763672,2.082183837890625,2.12384033203125,67.0,537,2
fixation,202431.60399997234,0.4738103896379471,0.4403790906071663,2.0895042419433594,2.1515274047851562,126.0,538,2
fixation,202598.26799997687,0.42252187927563983,0.5334506382544836,2.1207809448242188,2.1523923006924717,400.0,539,2
fixation,203031.61499997973,0.3868196564061301,0.5750505392040525,2.1956002371651784,2.213445027669271,467.0,540,2
fixation,203864.97599998116,0.4518189241488775,0.5905725121498108,2.199498494466146,2.259462629045759,492.0,541,2
fixation,204398.32799997926,0.4416328860180719,0.488115519285202,2.1801932198660716,2.24102783203125,242.0,542,2
fixation,204998.34699997306,0.45669282257556915,0.43200325131416323,2.2226513671875,2.31835693359375,826.0,543,2
fixation,205865.04799997807,0.45644181339364304,0.35426332762366847,2.156573646946957,2.2485929790296053,633.0,544,2
fixation,206531.73799997568,0.4207695374886195,0.4502212792634964,2.135838826497396,2.241473388671875,500.0,545,2
fixation,207065.09299999475,0.395515509446462,0.5387746731440226,2.2074920654296877,2.248499552408854,500.0,546,2
fixation,207598.44599997997,0.3597123771905899,0.642863541841507,2.184814453125,2.1996994018554688,67.0,547,2
fixation,207698.4509999752,0.31294649839401245,0.8465903103351593,2.163875034877232,2.231746128627232,234.0,548,2
fixation,207965.12699997425,0.4405091740190983,0.8234802037477493,2.1155128479003906,2.266850789388021,133.0,549,2
fixation,208131.79699999094,0.45818638801574707,0.8564573129018148,2.0435943603515625,2.1464385986328125,100.0,550,2
fixation,208265.13699999452,0.505962073802948,0.8432152390480041,1.989697265625,2.134246826171875,167.0,551,2
fixation,208465.15299999714,0.5404532313346863,0.8481097221374512,1.982537841796875,2.074569702148437,167.0,552,2
fixation,208698.48799997568,0.5369726121425629,0.8491081893444061,1.9876480102539062,,67.0,553,2
fixation,208798.50099998713,0.48055946826934814,0.8472677171230316,1.9922409057617188,2.156097412109375,208.0,554,2
fixation,209298.51199999452,0.45473223328590395,0.4651855081319809,2.1677764892578124,2.2282501220703126,159.0,555,2
fixation,209498.51999998093,0.45999785885214806,0.35701642744243145,2.184093475341797,2.2766571044921875,267.0,556,2
fixation,209798.53299999237,0.4809309740861257,0.30472731093565625,2.1428502400716147,2.202906290690104,208.0,557,2
fixation,210231.87799999118,0.4553849478562673,0.342893182237943,2.0959767659505206,2.142653401692708,500.0,558,2
fixation,210765.22799998522,0.4025858109816909,0.38146650325506926,2.1559581756591797,2.24106502532959,533.0,559,2
fixation,211365.24799999595,0.38832851201295854,0.5598215073347091,2.1809402465820313,2.2118927001953126,333.0,560,2
fixation,211765.25999999046,0.35871047323400324,0.35122816129164264,2.2623429731889204,2.3530023748224433,367.0,561,2
fixation,212165.2729999721,0.35312981605529786,0.30145625174045565,2.211614990234375,2.317022705078125,175.0,562,2
fixation,212631.95600000024,0.5774348765611649,0.5776545256376266,2.1999771118164064,2.3047149658203123,325.0,563,2
fixation,213031.96799999475,0.6915876343846321,0.8251624181866646,2.246471405029297,2.3837788899739585,133.0,564,2
fixation,213198.6399999857,0.5197089463472366,0.8390150666236877,2.1547775268554688,,67.0,565,2
fixation,213431.9809999764,0.5106111317873001,0.8245423957705498,2.077259063720703,2.2695719401041665,133.0,566,2
fixation,213598.6550000012,0.5123195988791329,0.8520986863545009,2.0414297921316966,2.2460174560546875,234.0,567,2
fixation,213965.33100000024,0.5612172484397888,0.8448652625083923,2.0489120483398438,,67.0,568,FIX_CROS
fixation,214098.6699999869,0.47897687926888466,0.452584944665432,2.229686737060547,2.303852081298828,141.0,569,FIX_CROS
fixation,214532.01799997687,0.4983782268622342,0.3669894293827169,2.255170934340533,2.3240589815027572,559.0,570,FIX_CROS
fixation,215132.03499999642,0.44202255209287006,0.4523840645949046,2.188685099283854,2.303105672200521,100.0,571,2.2
fixation,215298.70999997854,0.2692999020218849,0.45871293544769287,2.1795730590820312,2.3188400268554688,66.0,572,2.2
fixation,215398.71099999547,0.19065446481108667,0.4477963477373123,2.214466857910156,2.2494598388671876,333.0,573,2.2
fixation,215765.3859999776,0.23668673013647398,0.4510111982623736,2.166961669921875,2.2369766235351562,200.0,574,2.2
fixation,216298.73599997163,0.5069680698215961,0.4371388331055641,2.2180328369140625,2.2781944274902344,125.0,575,2.2
fixation,216465.4050000012,0.5397697041432062,0.45184772710005444,2.274480183919271,2.370244344075521,200.0,576,2.2
fixation,216998.75899997354,0.6446377262473106,0.4422064758837223,2.22833251953125,2.394195556640625,133.0,577,2.2
fixation,217165.42899999022,0.6916047996944852,0.4444396479262246,2.24228752983941,2.3481818305121527,300.0,578,2.2
fixation,217498.77199998498,0.7557343244552612,0.4204299807548523,2.1378326416015625,2.275579833984375,166.0,579,2.2
fixation,217698.7769999802,0.8076207637786865,0.43284520719732555,2.169706072126116,2.292875017438616,233.0,580,2.2
fixation,218398.798999995,0.47443564236164093,0.5142044946551323,2.1438827514648438,2.230224609375,66.0,581,2.2
fixation,218498.80199998617,0.4494210895564821,0.5350652154948976,2.2081180148654513,2.2804641723632812,300.0,582,2.2
fixation,218832.1439999938,0.49777237858091083,0.510551284466471,2.1581246512276784,2.2213770548502603,233.0,583,2.2
fixation,219098.81999999285,0.5300818710100084,0.503699731968698,2.1015530540829612,2.2122911725725447,700.0,584,2.2
fixation,219832.173999995,0.47716660300890607,0.4902634471654892,2.1417694091796875,2.250757853190104,100.0,585,NOTRIAL
fixation,219965.51599997282,0.3701058030128479,0.3118463084101677,2.1730308532714844,2.3156776428222656,134.0,586,NOTRIAL
fixation,220132.1859999895,0.34235071872963624,0.2841462615658255,2.1644349939682903,2.262572344611673,575.0,587,NOTRIAL
fixation,220965.54799997807,0.3522874283439973,0.29497223391252403,2.2398430319393383,2.3244512221392464,567.0,588,NOTRIAL
fixation,221765.57499998808,0.4139207676053047,0.300505556166172,2.2360763549804688,2.278539021809896,192.0,589,NOTRIAL
fixation,221998.91499999166,0.3506755211523601,0.2929233121020453,2.268892560686384,2.355963570731027,233.0,590,NOTRIAL
fixation,222265.5909999907,0.339424204826355,0.48598273992538454,2.257426961263021,2.2963348388671876,500.0,591,NOTRIAL
fixation,222832.27399998903,0.43652109056711197,0.477311668296655,2.215972900390625,2.2837015787760415,200.0,592,NOTRIAL
fixation,223098.9509999752,0.3475268936675528,0.5103478852821433,2.281255307404891,2.3049356211786685,766.0,593,NOTRIAL
fixation,223932.30999997258,0.5143923237919807,0.5993944779038429,2.1596946716308594,2.2241592407226562,133.0,594,NOTRIAL
fixation,224132.3179999888,0.49776241183280945,0.6613743901252747,2.1446304321289062,2.2746505737304688,67.0,595,NOTRIAL
fixation,224265.65399998426,0.36800649762153625,0.7054601162672043,2.1608810424804688,2.31109619140625,67.0,596,NOTRIAL
fixation,224432.3299999833,0.34392941296100615,0.7170104444026947,2.1927215576171877,2.283648681640625,175.0,597,NOTRIAL
fixation,224832.33899998665,0.4914315541585286,0.6972479820251465,2.0905914306640625,1.6897735595703125,92.0,598,NOTRIAL
fixation,224965.67499998212,0.49144791811704636,0.6459963023662567,2.0871429443359375,1.9496841430664062,74.0,599,NOTRIAL
fixation,225532.36199998856,0.4673994431893031,0.4767848567830192,2.21014404296875,2.289735582139757,300.0,600,FIX_CROS
fixation,226099.05099999905,0.44083526993499084,0.37163327020757336,2.164324592141544,2.263292200425092,559.0,601,FIX_CROS
fixation,226732.40599998832,0.37104367713133496,0.44383151829242706,2.1507415771484375,2.2034403483072915,100.0,602,2.1
fixation,226899.07499998808,0.26223011314868927,0.46255771070718765,2.171966552734375,2.254730224609375,67.0,603,2.1
fixation,226999.08100000024,0.18145981634205038,0.44613253392956476,2.1476315585049717,2.220457597212358,367.0,604,2.1
fixation,227799.10899999738,0.2728149925961214,0.48533268974107857,2.205578972311581,2.2439018698299633,559.0,605,2.1
fixation,228399.12599998713,0.3635283129082786,0.46525998247994316,2.135799831814236,2.14227294921875,300.0,606,2.1
fixation,228732.4739999771,0.40056332647800447,0.45126213431358336,2.1131805419921874,2.1433685302734373,167.0,607,2.1
fixation,228932.4809999764,0.45661720964643693,0.44696929554144543,2.09893798828125,2.144499037000868,300.0,608,2.1
fixation,229265.8259999752,0.5143216600020727,0.4405738562345505,2.1052831013997397,2.194788614908854,200.0,609,2.1
fixation,229499.16799998283,0.5717368159029219,0.45180535482035744,2.1275770399305554,2.2492438422309027,300.0,610,2.1
fixation,229832.50999999046,0.6099453508853913,0.44969589412212374,2.13341064453125,2.2653289794921876,167.0,611,2.1
fixation,230432.53199997544,0.7933215975761414,0.43173731565475465,2.1976409912109376,2.30040283203125,167.0,612,2.1
fixation,230865.87799999118,0.33633059859275816,0.551234370470047,2.1235382080078127,2.2187774658203123,158.0,613,2.1
fixation,231065.88799998164,0.3001648783683777,0.5461529940366745,2.1514358520507812,2.2418975830078125,74.0,614,2.1
fixation,231465.89999997616,0.6162616709868113,0.41887592275937396,2.182713826497396,,92.0,615,NOTRIAL
fixation,231599.23799997568,0.6144310576575143,0.43587533065250944,2.232783726283482,2.3716321672712053,233.0,616,NOTRIAL
fixation,231899.24799999595,0.6010635711930015,0.2867802713405002,2.2081548517400567,2.354819557883523,733.0,617,NOTRIAL
fixation,232665.9389999807,0.629189672795209,0.27379986305128445,2.204782659357244,2.3386951793323862,366.0,618,NOTRIAL
fixation,233065.95199999213,0.5794069563800638,0.473759844221852,2.182431307705966,2.325833407315341,733.0,619,NOTRIAL
fixation,233832.64599999785,0.5898118615150452,0.6902401944001516,2.136199951171875,2.294691903250558,500.0,620,NOTRIAL
fixation,234499.3329999745,0.6529588500658671,0.6996545294920603,2.1087443033854165,2.260950724283854,100.0,621,NOTRIAL
fixation,234632.6669999957,0.6491170525550842,0.6994077265262604,2.1110992431640625,2.2630157470703125,67.0,622,NOTRIAL
fixation,234732.67299997807,0.6501382887363434,0.6937946677207947,2.1139373779296875,2.273523966471354,100.0,623,NOTRIAL
fixation,234866.01199999452,0.6500964760780334,0.6954644471406937,2.1108016967773438,2.272491455078125,67.0,624,NOTRIAL
fixation,235299.3559999764,0.5160323798656463,0.5310919106006622,2.089697265625,2.185546875,159.0,625,NOTRIAL
fixation,235532.69799998403,0.35638312101364134,0.44923644661903384,2.134808349609375,2.1778167724609374,166.0,626,NOTRIAL
fixation,235766.0379999876,0.34899941086769104,0.518694281578064,2.1083221435546875,2.3079071044921875,75.0,627,NOTRIAL
fixation,236232.71899998188,0.4486780358212335,0.27098123516355244,2.2155064174107144,2.3259102957589284,233.0,628,NOTRIAL
fixation,236499.39099997282,0.6326150536537171,0.4758036367595196,2.155987548828125,2.3155891418457033,667.0,629,NOTRIAL
fixation,237232.74899998307,0.5422796772585975,0.46853355235523647,2.1285841200086804,2.2820807562934027,300.0,630,NOTRIAL
fixation,237566.0909999907,0.5025797188282013,0.47940272092819214,2.1360244750976562,2.2518310546875,75.0,631,NOTRIAL
fixation,238132.7729999721,0.4334011897444725,0.39050496369600296,2.2657508850097656,2.4229507446289062,133.0,632,14
fixation,238299.44599997997,0.4026373356580734,0.33686408698558806,2.2449493408203125,2.3526885986328123,167.0,633,14
fixation,238499.4509999752,0.46544910669326783,0.32740997672080996,2.15421142578125,2.25853271484375,167.0,634,14
fixation,238699.4579999745,0.523106038570404,0.31150829792022705,2.1031890869140626,2.145703125,167.0,635,14
fixation,239166.13899999857,0.5246617959605323,0.41523949139648014,2.0813717312282987,2.139684041341146,292.0,636,14
fixation,239499.4809999764,0.4677024483680725,0.444836300611496,2.022114562988281,2.097889709472656,334.0,637,14
fixation,239932.82899999619,0.3905768632888794,0.8545701026916503,1.9198028564453125,1.9826316833496094,166.0,638,14
fixation,240166.1699999869,0.35046089192231494,0.8415327270825704,1.9312540690104167,2.0196075439453125,100.0,639,14
fixation,240366.17499998212,0.45888514816761017,0.8511988520622253,1.8977890014648438,2.1396942138671875,67.0,640,14
fixation,240499.5109999776,0.4646845757961273,0.8576646248499552,1.9041035970052083,,100.0,641,14
fixation,240632.8519999981,0.4972444623708725,0.8526242077350616,1.9059638977050781,,133.0,642,14
fixation,240799.52199998498,0.3680870354175568,0.8615451455116272,1.935650634765625,,167.0,643,14
fixation,241099.5300000012,0.3484925925731659,0.8726559281349182,1.96453857421875,,167.0,644,14
fixation,241299.53899997473,0.4227238595485687,0.8629746735095978,1.9408721923828125,,67.0,645,14
fixation,241399.5419999957,0.5558289034026009,0.8614183153424945,1.9310128348214286,,234.0,646,14
fixation,241741.22799998522,0.5725471377372742,0.8605668544769287,1.9106674194335938,,69.0,647,14
fixation,241841.22099998593,0.6105729937553406,0.8742020130157471,1.944610595703125,,100.0,648,14
fixation,241974.5609999895,0.6364361303193229,0.8602467945643834,1.9249071393694197,,242.0,649,14
fixation,242507.91099998355,0.559003971517086,0.4635726027190685,2.0101585388183594,2.0790481567382812,133.0,650,14
fixation,242707.91799998283,0.5042113810777664,0.4205345430157401,2.0631464177911933,2.119730169122869,366.0,651,14
fixation,243107.9319999814,0.47262755036354065,0.4210887998342514,2.0087432861328125,2.0692214965820312,74.0,652,14
fixation,243607.94799998403,0.48108394985849207,0.41597686978903686,2.1388730135830967,2.2332597212357954,358.0,653,14
fixation,244007.96099999547,0.5101054161787033,0.3988555744290352,2.1058387756347656,2.182659149169922,141.0,654,14
fixation,244441.30799999833,0.5190171870318326,0.39956672896038403,2.0597090287642046,2.1527668346058237,367.0,655,14
fixation,244841.32099997997,0.4682038112690574,0.40871218787996394,2.0158442447060034,2.044266550164474,634.0,656,14
fixation,245508.01299998164,0.4870394592483838,0.32519665857156116,2.0743993123372397,2.104400634765625,200.0,657,14
fixation,245741.35699999332,0.4423534182401804,0.3286089667907128,2.10568119929387,2.1675145075871396,434.0,658,14
fixation,246241.37599998713,0.5714522046702248,0.6249969686780658,2.017266409737723,2.1170131138392856,234.0,659,FIX_CROS
fixation,246841.3979999721,0.4828282772348477,0.43388594744297176,2.134336618276743,2.2138630793644833,859.0,660,FIX_CROS
fixation,247741.4319999814,0.4419412910938263,0.41999976336956024,2.1392059326171875,2.242584228515625,67.0,661,14.2
fixation,247874.7729999721,0.23747650533914566,0.342105175058047,2.1792144775390625,2.2137451171875,100.0,662,14.2
fixation,248041.4429999888,0.19521833304315805,0.3352289367467165,2.161785125732422,2.214998245239258,267.0,663,14.2
fixation,248674.80199998617,0.36706289649009705,0.34818393364548683,2.1088027954101562,2.1616897583007812,125.0,664,14.2
fixation,248841.47599998116,0.40896742343902587,0.34329264163970946,2.1865386962890625,2.2590118408203126,167.0,665,14.2
fixation,249041.48599997163,0.46114175394177437,0.32564307376742363,2.156505584716797,2.244098663330078,134.0,666,14.2
fixation,249208.15599998832,0.5035302340984344,0.3153269737958908,2.1684799194335938,2.19122314453125,75.0,667,14.2
fixation,249708.17499998212,0.5995367288589477,0.3168287366628647,2.1927154541015623,2.3011871337890626,167.0,668,14.2
fixation,249908.18299999833,0.6592524111270904,0.31076051145792005,2.132843017578125,2.2576507568359374,333.0,669,14.2
fixation,250274.86199998856,0.7000635504722595,0.30588469207286834,2.0896942138671877,2.2287689208984376,166.0,670,14.2
fixation,250474.8669999838,0.7614652216434479,0.309807188808918,2.120288848876953,2.2345848083496094,141.0,671,14.2
fixation,250874.87999999523,0.7891467014948527,0.29575324058532715,2.123804728190104,2.2168070475260415,92.0,672,14.2
fixation,251141.55599999428,0.19922437022129694,0.40069929758707684,2.1644490559895835,2.292444864908854,100.0,673,14.2
fixation,251274.89499998093,0.1761050671339035,0.4127247482538223,2.186920166015625,2.277862548828125,74.0,674,14.2
fixation,251741.57799997926,0.22740719467401505,0.45258985459804535,2.153289794921875,2.180908203125,67.0,675,14.2
fixation,251841.5799999833,0.27507646977901457,0.442908838391304,2.181141662597656,2.1853073120117186,334.0,676,14.2
fixation,252208.25899997354,0.33006962239742277,0.41986823081970215,2.1178466796875,2.1027130126953124,175.0,677,14.2
fixation,252708.27499997616,0.37623506983121235,0.4237708419561386,2.1175740559895835,2.1898569742838543,492.0,678,14.2
fixation,253241.625,0.4513484674195449,0.40793641780813533,2.10516357421875,2.1661949157714844,400.0,679,14.2
fixation,253674.9739999771,0.5173705697059632,0.4022551506757736,2.1146514892578123,2.1653961181640624,166.0,680,14.2
fixation,253874.97999998927,0.5456796213984489,0.3974127434194088,2.1180191040039062,2.1526336669921875,141.0,681,14.2
fixation,254441.66399997473,0.6644463777542114,0.4064245864748955,2.1232330322265627,2.260600280761719,334.0,682,14.2
fixation,254808.34299999475,0.723260797560215,0.4030057191848755,2.0727996826171875,2.2323360443115234,267.0,683,14.2
fixation,255108.35299998522,0.7933451570570469,0.3849679883569479,2.0843734741210938,2.1925926208496094,267.0,684,14.2
fixation,255475.02899998426,0.22610922530293465,0.47455573081970215,2.1106224060058594,2.199512481689453,133.0,685,14.2
fixation,255641.70299997926,0.1764567106962204,0.4838976711034775,2.1010162353515627,2.17423095703125,174.0,686,14.2
fixation,256175.05199998617,0.22950337420810352,0.5302014770832929,2.1778397993607954,2.171030217950994,359.0,687,14.2
fixation,256575.06299999356,0.3060019463300705,0.5259005959544863,2.1415437970842635,2.122351510184152,467.0,688,14.2
fixation,257075.08199998736,0.37520918250083923,0.5041957845290502,2.0904006958007812,2.0711135864257812,200.0,689,14.2
fixation,257308.4199999869,0.42057906836271286,0.48255079984664917,2.0334014892578125,2.0586700439453125,75.0,690,14.2
fixation,257741.7689999938,0.5018004634314113,0.4763421267271042,2.098970201280382,2.103937784830729,600.0,691,14.2
fixation,258775.1329999864,0.6365849177042643,0.47305069201522404,2.1281856960720487,2.258692423502604,300.0,692,14.2
fixation,259108.47799998522,0.6810613175233206,0.48575575898091,2.089813232421875,2.2221349080403647,200.0,693,14.2
fixation,259341.81899997592,0.7421564519405365,0.4700739711523056,2.07252197265625,2.1313995361328124,166.0,694,14.2
fixation,259541.82499998808,0.7911794543266296,0.47609721720218656,2.0247039794921875,2.191229248046875,174.0,695,14.2
fixation,260108.50899997354,0.18504466590556232,0.6108893183144656,2.189759687943892,2.1467937122691763,367.0,696,14.2
fixation,260508.5229999721,0.22577797745664915,0.6101833035548528,2.1781819661458335,2.0775222778320312,200.0,697,14.2
fixation,260741.86199998856,0.2924790009856224,0.6148826678593954,2.1685002644856772,2.047114054361979,200.0,698,14.2
fixation,261075.20999997854,0.3272932767868042,0.5861280709505081,2.0374374389648438,2.0623397827148438,67.0,699,14.2
fixation,261208.54699999094,0.47107422202825544,0.5593661338090896,2.0980316162109376,2.0893656412760415,334.0,700,14.2
fixation,261575.22499999404,0.5334158390760422,0.5417793989181519,2.0931472778320312,2.1571044921875,75.0,701,14.2
fixation,262175.24399998784,0.6151953339576721,0.5360423376162847,2.156214396158854,2.250722249348958,100.0,702,14.2
fixation,262308.58100000024,0.6612061023712158,0.5406511008739472,2.1313552856445312,2.2791629367404513,334.0,703,14.2
fixation,262675.2619999945,0.6208127439022064,0.5437842905521393,2.10723876953125,2.2301177978515625,67.0,704,14.2
fixation,262841.9319999814,0.730136881271998,0.5553888281186422,2.0895233154296875,2.2622833251953125,100.0,705,14.2
fixation,263108.60799998045,0.7893989980220795,0.5243676841259003,2.0756378173828125,2.2173370361328124,175.0,706,14.2
fixation,263641.9579999745,0.34227852150797844,0.6423762366175652,2.084484100341797,2.1559371948242188,133.0,707,14.2
fixation,263808.6329999864,0.29924497279253875,0.6706544892354445,2.1019744873046875,2.0982485684481533,367.0,708,14.2
fixation,264275.3109999895,0.35680346687634784,0.701153834660848,2.033452351888021,2.045867919921875,100.0,709,14.2
fixation,264408.6519999802,0.34778453409671783,0.6703724712133408,2.032867431640625,2.0291519165039062,67.0,710,14.2
fixation,264741.99799999595,0.4271501153707504,0.6674924194812775,1.9561767578125,,66.0,711,14.2
fixation,264842.0,0.49103316068649294,0.6716054677963257,1.9956787109375,1.980010986328125,167.0,712,14.2
fixation,265208.6809999943,0.6793474107980728,0.656536415219307,2.0227508544921875,,66.0,713,14.2
fixation,265808.70199999213,0.37033814787864683,0.32474673330783843,2.209681396484375,2.302930908203125,825.0,714,14.2
fixation,266675.39899998903,0.4148445129394531,0.2861299701035023,2.1571998596191406,2.252941131591797,134.0,715,NOTRIAL
fixation,266842.0759999752,0.5819811940193176,0.2759343147277832,2.177899169921875,2.2665771484374995,167.0,716,NOTRIAL
fixation,267042.08199998736,0.6282138407230378,0.2776406057178974,2.1932327270507814,2.317369079589844,341.0,717,NOTRIAL
fixation,267608.7729999721,0.567904050151507,0.2873714442054431,2.217742919921875,2.3239542643229165,400.0,718,NOTRIAL
fixation,268275.46399998665,0.5808481077353159,0.425271933277448,2.1684163411458335,2.298090616861979,92.0,719,NOTRIAL
fixation,268408.80099999905,0.6361252036359575,0.5140298787090514,2.2060784233940973,2.3392876519097223,300.0,720,NOTRIAL
fixation,268775.4809999764,0.6369519114494324,0.6690026640892028,2.1215576171875,2.250811063326322,500.0,721,NOTRIAL
fixation,269308.8369999826,0.6362012624740601,0.6918135285377502,2.1138687133789062,,66.0,722,NOTRIAL
fixation,269408.83899998665,0.6309136301279068,0.6733453124761581,2.091350555419922,2.243053436279297,133.0,723,NOTRIAL
fixation,269575.51299998164,0.6377648982134733,0.6891605908220465,2.100821755149148,2.2539265950520835,367.0,724,NOTRIAL
fixation,270075.5300000012,0.4507535750215704,0.41808307577263226,2.1884571422230112,2.3067751797762783,367.0,725,FIX_CROS
fixation,270475.5419999957,0.4860379360616207,0.46444370597600937,2.1800765991210938,2.2558822631835938,142.0,726,FIX_CROS
fixation,270975.55899998546,0.4062051719852856,0.35832901086126057,2.2806603567940846,2.373795645577567,467.0,727,FIX_CROS
fixation,271475.57699999213,0.3116871118545532,0.304403655230999,2.2450180053710938,2.3245925903320312,67.0,728,14.1
fixation,271575.5799999833,0.23167474195361137,0.3036232180893421,2.2480010986328125,2.3294334411621094,134.0,729,14.1
fixation,271742.25199997425,0.18666189536452293,0.2864847593009472,2.164531707763672,2.2797794342041016,275.0,730,14.1
fixation,272408.9399999976,0.3618527501821518,0.2932412803173065,2.19365234375,2.256182861328125,166.0,731,14.1
fixation,272608.947999984,0.4408655107021332,0.2779679626226425,2.22567138671875,2.2524871826171875,166.0,732,14.1
fixation,272808.95299997926,0.5041476463278135,0.2687549392382304,2.1564852396647134,2.1998507181803384,400.0,733,14.1
fixation,273275.6369999945,0.5737711191177368,0.2689387649297714,2.18048095703125,2.243932088216146,108.0,734,14.1
fixation,273775.65399998426,0.6559179574251175,0.2713463380932808,2.18463134765625,2.2654571533203125,75.0,735,14.1
fixation,274175.66799998283,0.6714379377663136,0.26965286023914814,2.160308837890625,2.3145275115966797,259.0,736,14.1
fixation,274475.6769999862,0.7191526393095652,0.2588232234120369,2.1326395670572915,2.261235555013021,100.0,737,14.1
fixation,274609.0149999857,0.7704900758607047,0.24919498605387552,2.10443115234375,2.216334751674107,233.0,738,14.1
fixation,274875.68699997663,0.7944400161504745,0.2593328195313613,2.1185760498046875,2.232640584309896,200.0,739,14.1
fixation,275342.36999997497,0.2124225894610087,0.3552171587944031,2.099609375,2.2090657552083335,92.0,740,14.1
fixation,275475.70699998736,0.17236779795752633,0.368848302298122,2.1636725531684027,2.2526668972439237,300.0,741,14.1
fixation,275809.045999974,0.23576857397953668,0.39737147589524585,2.1494598388671875,2.188440958658854,108.0,742,14.1
fixation,276242.3949999809,0.26500268578529357,0.4076707363128662,2.2065612792968747,2.2185699462890627,159.0,743,14.1
fixation,276442.39999997616,0.23852040842175484,0.4014809414744377,2.2098358154296873,2.2334228515625,334.0,744,14.1
fixation,276842.4129999876,0.3021459945223548,0.3930965851653706,2.1509052623401987,2.1406125155362217,367.0,745,14.1
fixation,277242.420999974,0.3472674425159182,0.3903454967907497,2.144169398716518,2.152890886579241,234.0,746,14.1
fixation,277509.09599998593,0.4210407833258311,0.3572901909550031,2.0910008748372397,2.1349995930989585,200.0,747,14.1
fixation,277775.7689999938,0.5029759407043457,0.36039771139621735,2.1114349365234375,2.143932342529297,141.0,748,14.1
fixation,278242.4509999752,0.5609108954668045,0.35890798473900015,2.1297531127929688,2.213104248046875,726.0,749,14.1
fixation,279009.13899999857,0.6567653885909489,0.35358316770621706,2.099796840122768,2.2113146100725447,233.0,750,14.1
fixation,279275.8109999895,0.7145095944404602,0.3438491314649582,2.06956787109375,2.2210357666015623,166.0,751,14.1
fixation,279475.81699997187,0.7617950936158498,0.33970070133606595,2.0632909138997397,2.2150700887044272,200.0,752,14.1
fixation,279709.1550000012,0.808156023422877,0.3444926589727402,2.0849609375,2.2330322265625,108.0,753,14.1
fixation,280242.50899997354,0.17774785434206328,0.4655189849436283,2.1597862243652344,2.1647427876790366,392.0,754,14.1
fixation,280675.8549999893,0.20853514596819878,0.47423819452524185,2.1231040954589844,2.1137466430664062,141.0,755,14.1
fixation,281209.20600000024,0.27795683840910596,0.48261842131614685,2.1547698974609375,2.17987060546875,92.0,756,14.1
fixation,281342.54299998283,0.33111509680747986,0.47276103049516677,2.1401962280273437,2.18160400390625,334.0,757,14.1
fixation,281709.22299999,0.2152569256722927,0.4799162447452545,2.1311721801757812,2.1469268798828125,67.0,758,14.1
fixation,281809.22599998116,0.17351688910275698,0.46141250245273113,2.0990161895751953,2.157482147216797,267.0,759,14.1
fixation,282142.56999999285,0.33150521027190344,0.4598131499120167,2.123046875,2.1387972150530135,467.0,760,14.1
fixation,282642.5829999745,0.38704155571758747,0.4545636214315891,2.102537155151367,2.121488571166992,267.0,761,14.1
fixation,282942.59699997306,0.487002690633138,0.443355455994606,2.0711822509765625,2.1006317138671875,108.0,762,14.1
fixation,283442.6099999845,0.5509444730622428,0.43745662910597666,2.099269321986607,2.1632232666015625,226.0,763,14.1
fixation,283742.621999979,0.6440724313259125,0.444344624876976,2.092387390136719,2.1440887451171875,334.0,764,14.1
fixation,284109.29799997807,0.6864234745502472,0.466615691781044,2.07742919921875,2.2071197509765623,167.0,765,14.1
fixation,284309.30799999833,0.7420492917299271,0.43911197036504745,2.0644264221191406,2.1389007568359375,133.0,766,14.1
fixation,284475.97899997234,0.795138398806254,0.42829109231630963,2.045745849609375,2.156305948893229,108.0,767,14.1
fixation,284909.3289999962,0.23575901371591232,0.5784913126160117,2.182996862074908,2.131564869600184,559.0,768,14.1
fixation,285509.3439999819,0.2786105807338442,0.5756021908351353,2.17071533203125,2.107112339564732,234.0,769,14.1
fixation,285809.3529999852,0.33317673206329346,0.5519174188375473,2.10552978515625,2.0690841674804688,75.0,770,14.1
fixation,286209.36199998856,0.35147125720977784,0.5921180129051209,2.1337005615234377,2.16131591796875,167.0,771,14.1
fixation,286409.36599999666,0.3989306017756462,0.5286969120303789,2.1915562947591147,2.1902252197265626,200.0,772,14.1
fixation,286642.70699998736,0.4392758309841156,0.5305414795875549,2.1526947021484375,2.146204630533854,100.0,773,14.1
fixation,286842.70999997854,0.4805801287293434,0.5181833431124687,2.090801239013672,2.1289596557617188,133.0,774,14.1
fixation,287009.38399997354,0.5278412103652954,0.517991591244936,2.0829391479492188,2.1216303507486978,267.0,775,14.1
fixation,287309.3909999728,0.6076984643936157,0.5204849183559418,2.0721435546875,2.17454833984375,167.0,776,14.1
fixation,287509.39599999785,0.6435211300849915,0.525216355919838,2.0652618408203125,2.1543350219726562,134.0,777,14.1
fixation,287709.40299999714,0.7029804119041988,0.5321436439241681,2.049251011439732,2.204533168247768,234.0,778,14.1
fixation,287976.0759999752,0.7804527878761292,0.4952777872482936,2.027186075846354,2.1167399088541665,108.0,779,14.1
fixation,288309.4169999957,0.19272471422498877,0.6640434481880881,2.1121271306818183,2.14862060546875,359.0,780,14.1
fixation,288709.42999997735,0.3362696021795273,0.6336141675710678,2.0659103393554688,2.0439483642578127,200.0,781,14.1
fixation,288942.77099999785,0.30214529037475585,0.6444565236568451,2.0862945556640624,2.022509765625,166.0,782,14.1
fixation,289142.77399998903,0.34482113023598987,0.6269107262293497,2.0460052490234375,1.9958241780598958,108.0,783,14.1
fixation,289509.4499999881,0.44196065408842905,0.6552645308630807,2.005859375,,226.0,784,14.1
fixation,289776.125,0.4785424917936325,0.6251240372657776,2.0921173095703125,2.1234283447265625,100.0,785,14.1
fixation,290009.4649999738,0.4783925712108612,0.6088705062866211,2.0532302856445312,,67.0,786,14.1
fixation,290176.1369999945,0.5155463725328445,0.5893258213996887,2.0419036865234377,2.1512044270833335,175.0,787,14.1
fixation,290676.15399998426,0.6070362031459808,0.5811665058135986,2.0557327270507812,2.1440467834472656,133.0,788,14.1
fixation,290842.8259999752,0.7047228501601652,0.5907743302258578,2.1632191051136362,2.3213050148703833,733.0,789,14.1
fixation,291609.5189999938,0.8158786356449127,0.5880721509456635,2.223077392578125,2.4058746337890624,175.0,790,14.1
fixation,292242.8739999831,0.4092501799265544,0.7347742120424906,2.271550496419271,2.427398681640625,100.0,791,14.1
fixation,292509.54699999094,0.46934523185094196,0.6839374899864197,2.194788614908854,2.3719940185546875,100.0,792,14.1
fixation,292642.88499999046,0.47747233510017395,0.7064473330974579,2.1814651489257812,,66.0,793,14.1
fixation,292876.22499999404,0.5340721309185028,0.7039244174957275,2.1742095947265625,2.314682006835937,67.0,794,14.1
fixation,292976.2279999852,0.5217173993587494,0.6821214854717255,2.1984939575195312,2.3404922485351562,67.0,795,14.1
fixation,293076.2319999933,0.5736129209399223,0.7149099335074425,2.202871322631836,2.423446655273437,267.0,796,14.1
fixation,294009.59299999475,0.4837246388196945,0.7110753953456879,2.2449722290039062,2.470565795898437,67.0,797,14.1
fixation,294142.9319999814,0.42520063122113544,0.6913851102193197,2.2773895263671875,2.535995483398437,100.0,798,14.1
fixation,294309.60399997234,0.4264020423094432,0.437213197350502,2.2947158813476562,2.45576900906033,600.0,799,NOTRIAL
fixation,294942.9589999914,0.36056647698084515,0.32862310111522675,2.2847696940104165,2.4444122314453125,100.0,800,NOTRIAL
fixation,295076.29699999094,0.33750680834054947,0.2984902213017146,2.3085708618164062,2.4385299682617188,200.0,801,NOTRIAL
fixation,295409.6399999857,0.6161318868398666,0.2779621295630932,2.2862014770507812,2.42486572265625,142.0,802,NOTRIAL
fixation,295842.98699998856,0.6222481926282247,0.290481761097908,2.3350652058919272,2.5205052693684897,400.0,803,NOTRIAL
fixation,296543.0109999776,0.5721840593549941,0.2571944081121021,1.8475850423177083,1.96014404296875,292.0,804,NOTRIAL
fixation,296876.3549999893,0.6339305520057679,0.25008497685194014,1.7839385986328125,1.897735595703125,175.0,805,NOTRIAL
fixation,297409.7039999962,0.6292147189378738,0.26306635700166225,1.8358192443847656,1.935455322265625,125.0,806,NOTRIAL
fixation,297576.37699997425,0.49125605449080467,0.2603061906993389,1.84368896484375,1.9172477722167969,134.0,807,NOTRIAL
fixation,297776.38399997354,0.6571633443236351,0.25363725889474154,1.8854751586914062,1.9979801177978516,275.0,808,NOTRIAL
fixation,298376.4019999802,0.5604310681422552,0.28145423862669205,2.0396736992730036,2.1347359551323786,592.0,809,NOTRIAL
fixation,299043.0909999907,0.3404247595204247,0.489822655916214,2.071602715386285,2.180816650390625,300.0,810,NOTRIAL
fixation,299409.7689999938,0.5770359894503718,0.49370051337325055,2.07391821819803,2.2228625753651494,766.0,811,NOTRIAL
fixation,300209.7949999869,0.6471426069736481,0.7012481704354286,2.086431121826172,2.2218280368381076,666.0,812,NOTRIAL
fixation,300909.81999999285,0.6386060118675232,0.7014142473538717,2.0760498046875,2.19744873046875,100.0,813,NOTRIAL
fixation,301109.8259999752,0.6422155300776163,0.6892352004845937,2.061426798502604,2.1951904296875,100.0,814,NOTRIAL
fixation,301243.16499999166,0.5182261304421858,0.43309942158785736,2.1401422674005683,2.266845703125,367.0,815,NOTRIAL
fixation,301676.50999999046,0.36926851811863126,0.48793692602997735,2.2149229503813244,2.2805553617931547,708.0,816,NOTRIAL
fixation,303076.5559999943,0.6227098852396011,0.432452067732811,2.2427940368652344,2.404205322265625,126.0,817,NOTRIAL
fixation,303276.56199997663,0.44767842374064704,0.27146291732788086,2.2357663241299717,2.378018465909091,367.0,818,NOTRIAL
fixation,303709.9089999795,0.4897204695476426,0.48293572747045094,2.125210232204861,2.2509689331054688,608.0,819,NOTRIAL
fixation,304676.6069999933,0.27625082929929096,0.8718711932500204,2.1586303710937496,,100.0,820,9
fixation,304809.94499999285,0.26841234415769577,0.8653580099344254,2.22052001953125,2.289108276367187,66.0,821,9
fixation,304909.9469999969,0.33715574741363524,0.8834357857704163,2.1201171875,,166.0,822,9
fixation,305109.9539999962,0.3802209757268429,0.8660286962985992,2.0321083068847656,2.183197021484375,133.0,823,9
fixation,305276.6259999871,0.41356469690799713,0.8738394677639008,1.9961280822753906,,134.0,824,9
fixation,305443.30099999905,0.5118653575579325,0.8585119247436523,1.9364115397135417,,108.0,825,9
fixation,305943.31599998474,0.6152831390500069,0.8548650220036507,1.9602127075195312,,267.0,826,9
fixation,306410.0009999871,0.7128624618053436,0.8596991449594498,2.057300567626953,,133.0,827,9
fixation,306610.0079999864,0.4629972477753957,0.5010112722714742,2.0812403361002603,2.2085113525390625,200.0,828,9
fixation,306843.34999999404,0.43623048232661354,0.4762755077746179,2.088685777452257,2.1681187947591147,600.0,829,9
fixation,307510.0409999788,0.4747090233223779,0.561009155852454,2.190597534179687,2.2504141671316966,241.0,830,9
fixation,308043.39199998975,0.5294360909610987,0.4295765170827508,2.1400604248046875,2.2557363510131836,534.0,831,9
fixation,308610.0799999833,0.6035970399777094,0.5198525538047155,2.1076037089029946,2.246302286783854,400.0,832,9
fixation,309043.42999997735,0.5009456694126129,0.6117445468902588,2.0929534912109373,2.178668212890625,167.0,833,9
fixation,309243.4359999895,0.383968714872996,0.6446078300476075,2.130467732747396,2.1833475748697917,508.0,834,9
fixation,309976.79699999094,0.49511066675186155,0.4172041445970535,2.164306640625,2.244781494140625,166.0,835,9
fixation,310176.8039999902,0.4441102920816495,0.4690974595455023,2.2528445904071512,2.357846186711238,866.0,836,9
fixation,311076.83100000024,0.4917335957288742,0.48961151391267776,2.2867965698242188,2.36431884765625,74.0,837,FIX_CROS
fixation,311410.1769999862,0.47777564227581026,0.3093883514404297,2.2998687744140627,2.41405029296875,159.0,838,FIX_CROS
fixation,311610.18299999833,0.4119945814212163,0.3625156581401825,2.3363418579101562,2.4545110066731772,200.0,839,FIX_CROS
fixation,311843.52399998903,0.3212381104628245,0.37813522666692734,2.3205413818359375,2.4271214803059897,200.0,840,9.2
fixation,312076.86499997973,0.22469550122817358,0.41471682488918304,2.266754150390625,2.4315338134765625,100.0,841,9.2
fixation,312210.20299997926,0.1881632643441359,0.4065856660405795,2.2681350708007812,2.342488606770833,200.0,842,9.2
fixation,312476.8779999912,0.2913007785876592,0.42498454203208286,2.2321039835611978,2.29931640625,200.0,843,9.2
fixation,312710.2189999819,0.3351188525557518,0.41514065861701965,2.186767578125,2.2003555297851562,75.0,844,9.2
fixation,313110.2349999845,0.390275391665372,0.425529500300234,2.1939045299183237,2.2521112615411933,359.0,845,9.2
fixation,313543.58100000024,0.4541339973608653,0.41586215297381085,2.1731974283854165,2.2176005045572915,108.0,846,9.2
fixation,313976.9249999821,0.5294174083641597,0.3830580988100597,2.1617431640625,2.233239310128348,225.0,847,9.2
fixation,314243.6029999852,0.5786032140254974,0.4015584334731102,2.1662139892578125,2.263909912109375,334.0,848,9.2
fixation,314610.28199997544,0.5260405987501144,0.40161633864045143,2.1270484924316406,2.2326107025146484,267.0,849,9.2
fixation,314910.2909999788,0.6280327320098877,0.40197264552116396,2.1394134521484376,2.2643310546875,167.0,850,9.2
fixation,315110.295999974,0.6890821009874344,0.3908213749527931,2.126953125,2.2446467081705728,200.0,851,9.2
fixation,315343.63799998164,0.7400063574314117,0.37439003586769104,2.1110916137695312,2.2218170166015625,75.0,852,9.2
fixation,316143.6620000005,0.1848356956616044,0.5263912007212639,2.233949661254883,2.248363494873047,267.0,853,9.2
fixation,316443.6699999869,0.25047675023476285,0.5100675721963247,2.130488077799479,2.1665852864583335,108.0,854,9.2
fixation,316943.68699997663,0.2492498755455017,0.5331477746367455,2.1943511962890625,2.1063003540039062,66.0,855,9.2
fixation,317043.69199997187,0.31045834968487424,0.5181069572766622,2.1666641235351562,2.1828028361002603,200.0,856,9.2
fixation,317277.03299999237,0.3715878358254066,0.5074306382582738,2.122442392202524,2.1311258169320912,433.0,857,9.2
fixation,317743.7129999995,0.42988409474492073,0.5003783330321312,2.0847930908203125,2.1328792572021484,266.0,858,9.2
fixation,318043.72099998593,0.4961528107523918,0.4889754354953766,2.0582313537597656,2.1317176818847656,141.0,859,9.2
fixation,318477.06999999285,0.4922156408429146,0.4577910453081131,2.1087722778320312,2.18792724609375,125.0,860,9.2
fixation,318643.73999997973,0.5506067633628845,0.467801034450531,2.1512481689453127,2.2330169677734375,166.0,861,9.2
fixation,318843.7419999838,0.59003746509552,0.48243888281285763,2.106494903564453,2.2329139709472656,266.0,862,9.2
fixation,319143.75499999523,0.6744100600481033,0.47375573217868805,2.148651123046875,2.1972122192382812,66.0,863,9.2
fixation,319243.75999999046,0.6794846653938293,0.48628218472003937,2.1137115478515627,2.22152099609375,166.0,864,9.2
fixation,319443.7649999857,0.7296720594167709,0.47940821200609207,2.1025009155273438,2.18109130859375,74.0,865,9.2
fixation,319843.77799999714,0.8085117638111115,0.4615669796864192,2.1396484375,2.228912353515625,92.0,866,9.2
fixation,319977.1139999926,0.7792728468775749,0.4666101150214672,2.134857177734375,2.276031494140625,133.0,867,9.2
fixation,320177.1239999831,0.3662666752934456,0.571848951280117,2.1312217712402344,2.1941757202148438,133.0,868,9.2
fixation,320343.795999974,0.3257653777088438,0.5745556056499481,2.1004638671875,2.1229248046874996,233.0,869,9.2
fixation,320610.4659999907,0.37721377313137056,0.572296541929245,2.0635498046875,2.058013916015625,167.0,870,9.2
fixation,320810.4739999771,0.4833872800364214,0.5600541926482144,2.048426908605239,2.043115469125601,700.0,871,9.2
fixation,321577.1659999788,0.6386672471250806,0.5476584221635546,2.131072998046875,2.207036336263021,233.0,872,9.2
fixation,321843.8419999778,0.6226572446963367,0.5332297349677366,2.0849591423483456,2.181301341337316,566.0,873,9.2
fixation,322443.8609999716,0.46869508922100067,0.34407493968804675,2.1581446329752603,2.2676493326822915,200.0,874,NOTRIAL
fixation,322677.19900000095,0.49754762649536133,0.29150209575891495,2.1531982421875,2.258941650390625,67.0,875,NOTRIAL
fixation,322810.53999999166,0.5900809466838837,0.2861573725938797,2.1894561767578127,2.3085906982421873,167.0,876,NOTRIAL
fixation,323010.54399999976,0.6167401432991028,0.2821085671583811,2.185103352864583,2.344288126627604,508.0,877,NOTRIAL
fixation,323777.2389999926,0.5768778522809347,0.30196934772862327,2.2205301920572915,2.3355848524305554,292.0,878,NOTRIAL
fixation,324110.58199998736,0.6380990693966547,0.49574443449576694,2.1781692504882812,2.281052907307943,400.0,879,NOTRIAL
fixation,324543.92999997735,0.5704366955906153,0.48944895062595606,2.1140079498291016,2.240790367126465,533.0,880,NOTRIAL
fixation,325110.61499997973,0.6326437642176946,0.6783572683731715,2.0938390096028647,2.2360204060872397,200.0,881,NOTRIAL
fixation,325410.62699997425,0.6361157260835171,0.6852148175239563,2.0877933502197266,2.222616195678711,267.0,882,NOTRIAL
fixation,325910.64199998975,0.6392294963200887,0.6874997516473135,2.048182169596354,2.1799087524414062,100.0,883,NOTRIAL
fixation,326143.9859999716,0.48848095163702965,0.4720863575736682,2.0838610331217446,2.1984647115071616,408.0,884,NOTRIAL
fixation,326910.6789999902,0.4825914762914181,0.33472864143550396,2.209453582763672,2.284626007080078,266.0,885,FIX_CROS
fixation,327210.69099998474,0.4318099766969681,0.3797813653945923,2.1888084411621094,2.317655563354492,266.0,886,9.1
fixation,327510.7039999962,0.39934348315000534,0.3900338187813759,2.1830215454101562,2.3008193969726562,66.0,887,9.1
fixation,327610.70699998736,0.2761051207780838,0.3790231943130493,2.1878662109375,2.303131103515625,66.0,888,9.1
fixation,327744.0449999869,0.1951583375533422,0.3657184574339125,2.169618394639757,2.228022257486979,300.0,889,9.1
fixation,328510.73699998856,0.2763163626194,0.41192688047885895,2.188519287109375,2.192575073242187,158.0,890,9.1
fixation,328710.746999979,0.32639709413051604,0.40852496325969695,2.210479736328125,2.2235565185546875,166.0,891,9.1
fixation,328910.7539999783,0.34618736803531647,0.38360272645950316,2.144122314453125,2.145025634765625,166.0,892,9.1
fixation,329144.09599998593,0.3972781283987893,0.3735911531580819,2.074981689453125,2.1446431477864585,300.0,893,9.1
fixation,329477.4429999888,0.4639528691768646,0.3622661605477333,2.066070556640625,2.113800048828125,75.0,894,9.1
fixation,329977.45999997854,0.5183032552401224,0.37985006471474964,2.1250406901041665,2.1912943522135415,200.0,895,9.1
fixation,330210.8039999902,0.5803462239828977,0.35952219502492383,2.067452170632102,2.1345894553444604,366.0,896,9.1
fixation,330610.8139999807,0.6193244457244873,0.36482639610767365,2.0249862670898438,2.141956329345703,133.0,897,9.1
fixation,330777.4859999716,0.7110552251338959,0.34434491991996763,2.02589111328125,2.1060516357421877,167.0,898,9.1
fixation,331010.82799997926,0.7901054695248604,0.32982514426112175,2.0299606323242188,2.0897254943847656,133.0,899,9.1
fixation,331577.51399999857,0.19999272873004278,0.472511259218057,2.038792928059896,2.1444524129231772,200.0,900,9.1
fixation,331810.8529999852,0.20097857500825608,0.47719426240239826,2.0569000244140625,2.1281585693359375,233.0,901,9.1
fixation,332077.5300000012,0.2307464728752772,0.4581471731265386,2.0150909423828125,2.061457316080729,108.0,902,9.1
fixation,332610.88099998236,0.28333621720472973,0.4776736944913864,2.1378911336263022,2.1485087076822915,192.0,903,9.1
fixation,332844.22099998593,0.3326151967048645,0.46851331492265064,2.1440963745117183,2.131261189778646,208.0,904,9.1
fixation,333377.5689999759,0.44046476632356646,0.45647735297679903,2.12012939453125,2.1153518676757814,334.0,905,9.1
fixation,333744.25,0.3956015871630775,0.46225009941392475,2.0743916829427085,2.083731757269965,600.0,906,9.1
fixation,334810.9499999881,0.5637006759643555,0.4678364098072052,2.092157999674479,,92.0,907,9.1
fixation,334944.2919999957,0.5849628618785313,0.44411011040210724,2.145789010184152,,233.0,908,9.1
fixation,335210.9629999995,0.5850517196314675,0.4461729590381895,2.0755201067243303,2.1789114815848216,233.0,909,9.1
fixation,335477.63899999857,0.6344164033730825,0.4423561265071233,2.051904296875,2.1459197998046875,500.0,910,9.1
fixation,336010.9919999838,0.6513794809579849,0.44080817326903343,2.0472793579101562,2.1522750854492188,133.0,911,9.1
fixation,336177.6599999964,0.7824859070150476,0.43799386447981786,2.0355642218338814,2.1616291246916117,634.0,912,9.1
fixation,336911.0179999769,0.22237883508205414,0.5236721113324165,2.0804443359375,2.149585723876953,133.0,913,9.1
fixation,337077.69199997187,0.18401758053473063,0.5186599705900464,2.031348092215402,2.128821236746652,233.0,914,9.1
fixation,337344.3680000007,0.1889011636376381,0.5499440282583237,2.1276473999023438,2.126087188720703,134.0,915,9.1
fixation,337511.0339999795,0.23364296555519104,0.5653198719024658,2.1635833740234376,2.1120941162109377,167.0,916,9.1
fixation,337711.04299998283,0.35845791300137836,0.5346793929735819,2.0969340006510415,2.0770950317382812,200.0,917,9.1
fixation,337944.38399997354,0.46784404913584393,0.5279966195424398,2.1014556884765625,2.0942874484592013,300.0,918,9.1
fixation,338311.0649999976,0.5104482173919678,0.5292650957902273,2.108739217122396,2.1718241373697915,108.0,919,9.1
fixation,339111.09799999,0.6736679226160049,0.5008815377950668,2.1648127237955728,2.271741231282552,200.0,920,9.1
fixation,339344.42999997735,0.735114660527971,0.5168598939975103,2.128565470377604,2.273373074001736,300.0,921,9.1
fixation,339677.7800000012,0.8058117081721624,0.5084905525048574,2.1073201497395835,2.1889928181966147,200.0,922,9.1
fixation,339944.447999984,0.5018444657325745,0.5971021056175232,2.0096282958984375,2.1519317626953125,67.0,923,9.1
fixation,340211.1239999831,0.4310975447297096,0.6232285499572754,2.064132690429687,,67.0,924,9.1
fixation,340377.8039999902,0.41857558488845825,0.6181573569774628,2.0806350708007812,2.1292012532552085,133.0,925,9.1
fixation,340944.4809999764,0.5135532702718463,0.5591810728822436,2.082124982561384,2.1710641043526784,226.0,926,9.1
fixation,341311.16099998355,0.5629059771696726,0.5872055292129517,2.063629150390625,2.1820831298828125,100.0,927,9.1
fixation,341477.8329999745,0.539917583266894,0.594890758395195,2.02386474609375,2.1488990783691406,200.0,928,9.1
fixation,341711.17299997807,0.5084284941355387,0.5716117769479752,2.017155965169271,2.1015716552734376,200.0,929,NOTRIAL
fixation,341977.85099998116,0.5680603981018066,0.6159160137176514,2.0851974487304688,,66.0,930,NOTRIAL
fixation,342077.85399997234,0.5701329261064529,0.578427642583847,2.0573959350585938,2.1411895751953125,66.0,931,NOTRIAL
fixation,342211.19900000095,0.535138475894928,0.26016323268413544,2.14052734375,2.302374267578125,167.0,932,NOTRIAL
fixation,342411.2039999962,0.565735035472446,0.2818866201021053,2.177822536892361,2.2868228488498263,900.0,933,NOTRIAL
fixation,343344.5679999888,0.5694184958934784,0.454685003310442,2.2007095336914064,2.3367042541503906,667.0,934,NOTRIAL
fixation,344077.92599999905,0.6402930099713174,0.6955665569556387,2.1901092529296875,2.3110937821237663,633.0,935,NOTRIAL
fixation,344777.93799999356,0.41482645950534125,0.5551823106679049,2.194854736328125,2.2332527854225854,366.0,936,NOTRIAL
fixation,345177.96099999547,0.3600063527885236,0.5025342357786078,2.232769614771793,2.3081030594675163,641.0,937,NOTRIAL
fixation,346344.65699997544,0.48391304232857446,0.4538682766936042,2.2735096324573862,2.336252385919744,375.0,938,NOTRIAL
fixation,347078.02799999714,0.5057352210084597,0.4702604611714681,2.2303492228190103,2.278887939453125,200.0,939,20
fixation,347344.7009999752,0.39676641921202344,0.8339238365491232,2.179936726888021,2.2569173177083335,100.0,940,20
fixation,347478.0379999876,0.3618520349264145,0.856307864189148,2.1415939331054688,2.2462234497070312,133.0,941,20
fixation,347678.04299998283,0.43916197419166564,0.8365955531597138,2.1151458740234377,2.2650184631347656,167.0,942,20
fixation,347878.0409999788,0.5081366151571274,0.828210324048996,2.017608642578125,2.2467803955078125,67.0,943,20
fixation,347978.0449999869,0.5137563347816467,0.8625646829605103,2.0103225708007812,,133.0,944,20
fixation,348144.71799999475,0.5792021512985229,0.867576539516449,2.0181640625,,166.0,945,20
fixation,348344.7339999974,0.6238525152206421,0.8672606706619262,2.028369140625,,166.0,946,20
fixation,348611.40799999237,0.4942725461262923,0.5127871334552765,2.121002197265625,2.193261953500601,442.0,947,20
fixation,349778.11199998856,0.44820438921451566,0.6421704411506652,2.1291656494140625,2.126758575439453,159.0,948,20
fixation,350044.7879999876,0.5220006108283997,0.48406411831577617,2.1434249877929688,2.2136052449544272,400.0,949,20
fixation,350478.1369999945,0.47947730582494,0.4681921314734679,2.0600433349609375,2.134404109074519,433.0,950,20
fixation,350944.8189999759,0.5275573233763377,0.468744936088721,2.0564193725585938,2.1273880004882812,200.0,951,20
fixation,351178.16099998355,0.6330007771650951,0.4702987402677536,2.0874226888020835,2.1903615315755207,500.0,952,20
fixation,351711.5069999993,0.5892864376306534,0.43015425354242326,2.071844482421875,2.1826751708984373,334.0,953,20
fixation,352111.5149999857,0.4007966773850577,0.45309893148286,1.9643140520368303,2.045019967215402,242.0,954,20
fixation,352678.20199999213,0.41272246092557907,0.43054602295160294,2.0722923278808594,2.133453369140625,133.0,955,20
fixation,353011.5539999902,0.6357159885493192,0.5247026085853577,2.124723954634233,,359.0,956,20
fixation,353411.56599998474,0.6337634921073914,0.5332988798618317,2.0950164794921875,2.1714935302734375,67.0,957,20
fixation,353511.5689999759,0.4985924532467669,0.5210818567059257,2.057711514559659,2.1433590975674717,734.0,958,20
fixation,354278.2529999912,0.5147929340600967,0.6670666486024857,2.0694656372070312,2.136693318684896,133.0,959,FIX_CROS
fixation,354444.9319999814,0.4992457926273346,0.4620451182126999,2.1936798095703125,2.2889633178710938,74.0,960,FIX_CROS
fixation,354844.9389999807,0.4555315040051937,0.32475723000243306,2.276021957397461,2.360992431640625,525.0,961,FIX_CROS
fixation,355411.6209999919,0.3790587584177653,0.4372675617535909,2.22186279296875,2.3446858723958335,100.0,962,20.2
fixation,355578.29399999976,0.2776424437761307,0.4516162797808647,2.2473526000976562,2.3079681396484375,67.0,963,20.2
fixation,355678.295999974,0.21576218456029891,0.45726269781589507,2.25986328125,2.3010833740234373,167.0,964,20.2
fixation,355878.31299999356,0.19065242012341818,0.452988234659036,2.1985321044921875,2.2454910278320312,200.0,965,20.2
fixation,356144.9879999757,0.2822187915444374,0.45895818918943404,2.1766815185546875,2.173797607421875,333.0,966,20.2
fixation,356511.6559999883,0.35734128952026367,0.44986797124147415,2.1529312133789062,2.1908187866210938,142.0,967,20.2
fixation,356945.0029999912,0.4307067195574443,0.45666660202874076,2.190707736545139,2.2143020629882812,292.0,968,20.2
fixation,357278.3549999893,0.5137499868869781,0.4533740282058716,2.1260452270507812,2.2180938720703125,75.0,969,20.2
fixation,357745.0379999876,0.6446975320577621,0.43821304937203726,2.1355911254882813,2.243429113317419,1100.0,970,20.2
fixation,358878.40699997544,0.7642045766115189,0.43010902032256126,2.0823097229003906,2.2311439514160156,134.0,971,20.2
fixation,359045.0789999962,0.8079986770947775,0.4533073504765828,2.1643168131510415,2.291193644205729,100.0,972,20.2
fixation,359211.7419999838,0.5249229733433042,0.5179289334586689,2.0596215384347096,2.1616930280412947,466.0,973,20.2
fixation,359745.1029999852,0.45590033531188967,0.5300431460142135,2.0981903076171875,2.101983642578125,175.0,974,20.2
fixation,360245.11599999666,0.505316857780729,0.43171820789575577,2.1500647408621654,2.221954345703125,459.0,975,NOTRIAL
fixation,360745.1259999871,0.4892368622516331,0.28755103600652593,2.1880163895456413,2.2851795397306742,633.0,976,NOTRIAL
fixation,361411.822999984,0.6329932727596976,0.284877594221722,2.1844856955788354,2.311934037642045,374.0,977,NOTRIAL
fixation,362078.5109999776,0.5730214600379651,0.30555179715156555,2.1995450533353367,2.2917280930739183,426.0,978,NOTRIAL
fixation,362545.19499999285,0.5776094123721123,0.46145667135715485,2.1164169311523438,2.2605743408203125,141.0,979,NOTRIAL
fixation,362978.5409999788,0.6392766535282135,0.48466085493564603,2.15216064453125,2.222314453125,167.0,980,NOTRIAL
fixation,363178.545999974,0.6285884916782379,0.6756159603595734,2.1127105712890626,2.2584126790364585,167.0,981,NOTRIAL
fixation,363378.545999974,0.6318921744823456,0.6869315505027771,2.1123148600260415,,100.0,982,NOTRIAL
fixation,363511.89199998975,0.6297762393951416,0.6826739311218262,2.0975443522135415,2.1939849853515625,100.0,983,NOTRIAL
fixation,363645.22899997234,0.6306498484178023,0.6968548975207589,2.057986172762784,2.2253570556640625,367.0,984,NOTRIAL
fixation,364045.2419999838,0.6451315991580486,0.4995851591229439,2.109691619873047,2.188023158482143,267.0,985,NOTRIAL
fixation,364378.5869999826,0.6307090024153391,0.4832744350035985,2.1000467936197915,2.255833943684896,100.0,986,NOTRIAL
fixation,364511.9249999821,0.5704654130068693,0.469237513162873,2.076844648881392,2.1800897771661933,366.0,987,NOTRIAL
fixation,364911.93699997663,0.5158194661140442,0.47237644493579867,2.0642486572265626,2.1648826599121094,174.0,988,NOTRIAL
fixation,365445.2889999747,0.5143978794415792,0.4988569915294647,2.094690958658854,,92.0,989,NOTRIAL
fixation,365578.61999997497,0.49831299607952434,0.44680333882570267,2.1358159383138022,2.1852056329900567,400.0,990,NOTRIAL
fixation,366011.9699999988,0.35493114093939465,0.5075957576433817,2.128082275390625,2.1744791666666665,200.0,991,NOTRIAL
fixation,366278.65699997544,0.4889075820510452,0.46849808580166585,2.125752629460515,2.1896003516944678,1234.0,992,FIX_CROS
fixation,367845.38799998164,0.20443351566791534,0.3918701708316803,2.2467193603515625,2.291224161783854,100.0,993,20.1
fixation,367978.7239999771,0.18393893539905548,0.3742529213428497,2.238330078125,2.3091949462890624,166.0,994,20.1
fixation,368212.0689999759,0.29796897768974306,0.37396904826164246,2.200140380859375,2.211962890625,167.0,995,20.1
fixation,368412.07799997926,0.3360121233595742,0.35442791879177094,2.106597900390625,2.1172298855251737,300.0,996,20.1
fixation,368778.7579999864,0.40921130031347275,0.34561388194561005,2.1136474609375,2.1088943481445312,74.0,997,20.1
fixation,369112.10799998045,0.574770450592041,0.352545162041982,2.135594685872396,2.167119344075521,92.0,998,20.1
fixation,369245.44599998,0.527419701218605,0.3635836601257324,2.1670303344726562,2.2162200927734377,334.0,999,20.1
fixation,369645.46399998665,0.6788326095451008,0.3464471128853885,2.1543620716441763,2.244140625,367.0,1000,20.1
fixation,370045.47499999404,0.7234131544828415,0.33576131612062454,2.1280975341796875,2.2632598876953125,75.0,1001,20.1
fixation,370478.82699999213,0.797064995765686,0.3473803848028183,2.15858154296875,2.2755218505859376,166.0,1002,20.1
fixation,371012.170999974,0.1884381708044272,0.4678293134157474,2.149023202749399,2.229060246394231,441.0,1003,20.1
fixation,371878.8759999871,0.26004644483327866,0.4835510700941086,2.150726318359375,2.1425603230794272,192.0,1004,20.1
fixation,372112.2169999778,0.35321906084815663,0.46693717564145726,2.139886220296224,2.1281089782714844,400.0,1005,20.1
fixation,372545.5649999976,0.39777156213919324,0.4556605940063794,2.0959447224934897,2.0798492431640625,200.0,1006,20.1
fixation,372778.90299999714,0.44367992877960205,0.4447605609893799,2.0607147216796875,2.1044820149739585,108.0,1007,20.1
fixation,373245.58899998665,0.45036108791828156,0.46731779476006824,2.13671875,2.192072550455729,100.0,1008,20.1
fixation,373412.2609999776,0.5271120518445969,0.4507687583565712,2.1139801025390623,2.2202911376953125,333.0,1009,20.1
fixation,373778.93799999356,0.5952738949230739,0.4390874739204134,2.066196986607143,2.1734771728515625,233.0,1010,20.1
fixation,374412.29399999976,0.6980476416647434,0.4211941547691822,2.0913963317871094,2.2283058166503906,259.0,1011,20.1
fixation,374712.3029999733,0.7543763418992361,0.42958522339661914,2.0542805989583335,2.2492345174153643,200.0,1012,20.1
fixation,374945.64199998975,0.8134751617908478,0.41400229930877686,2.0860799153645835,2.146367390950521,108.0,1013,20.1
fixation,375412.3259999752,0.19943458853023394,0.5566779140915189,2.1931381225585938,2.1864449637276784,459.0,1014,20.1
fixation,375912.34299999475,0.2732403755187988,0.5490239083766937,2.111016845703125,2.1271820068359375,167.0,1015,20.1
fixation,376112.34999999404,0.3481557976741057,0.5453694921273452,2.0961514986478367,2.089380117563101,434.0,1016,20.1
fixation,376579.0309999883,0.3928239941596985,0.5415978464815352,2.1179351806640625,2.0754835340711804,300.0,1017,20.1
fixation,376912.3759999871,0.4559627281767981,0.5300964713096619,2.1084136962890625,2.120450701032366,234.0,1018,20.1
fixation,377179.0529999733,0.5493270605802536,0.5368887931108475,2.0838902791341147,2.1806233723958335,200.0,1019,20.1
fixation,377412.39199998975,0.5911174714565277,0.527368688583374,2.0874603271484373,2.183270263671875,167.0,1020,20.1
fixation,378045.7459999919,0.7174968659877777,0.518883666396141,2.1230804443359377,2.2018585205078125,333.0,1021,20.1
fixation,378412.4249999821,0.794676661491394,0.5247915685176849,2.099573771158854,2.187957763671875,108.0,1022,20.1
fixation,378812.43799999356,0.2519904896616936,0.6640929132699966,2.1470870971679688,2.120574951171875,67.0,1023,20.1
fixation,378912.43299999833,0.22380270063877106,0.6720716468989849,2.1781692504882812,2.150785446166992,267.0,1024,20.1
fixation,379212.4429999888,0.2972177714109421,0.6555774211883545,2.1534347534179688,2.0753809611002603,208.0,1025,20.1
fixation,379812.47299999,0.3694659372170766,0.6532308061917623,2.0949554443359375,,100.0,1026,20.1
fixation,380312.4809999764,0.4927038848400116,0.6386876021112714,2.0742623465401784,1.6792449951171875,226.0,1027,20.1
fixation,380579.15399998426,0.5568183064460754,0.6287527680397034,2.1076558430989585,2.086669921875,100.0,1028,20.1
fixation,380712.4989999831,0.5596972306569418,0.5910534858703613,2.0401509602864585,2.082177734375,200.0,1029,20.1
fixation,380945.84299999475,0.5811052620410919,0.6041490286588669,2.0522308349609375,2.149810791015625,66.0,1030,20.1
fixation,381112.5149999857,0.6143976151943207,0.5962992906570435,2.0242843627929688,2.1391830444335938,67.0,1031,20.1
fixation,381212.51699998975,0.6476060077548027,0.5926955565810204,2.0181732177734375,2.209111531575521,134.0,1032,20.1
fixation,381379.19099998474,0.7015601843595505,0.5972480401396751,2.0568065643310547,2.203794479370117,267.0,1033,20.1
fixation,381679.20199999213,0.7698603719472885,0.5811936557292938,2.0701370239257812,2.1180419921875,75.0,1034,20.1
fixation,382145.8759999871,0.5883800784746805,0.4433402717113495,2.100285847981771,,92.0,1035,20.1
fixation,382279.22099998593,0.5864388812333345,0.4329779678955674,2.128523826599121,2.21636962890625,533.0,1036,NOTRIAL
fixation,382845.9059999883,0.5439483035694469,0.2809226594187997,2.1633841774680396,2.2275335138494317,366.0,1037,NOTRIAL
fixation,383245.9199999869,0.6260540746152401,0.28739385306835175,2.1874732971191406,2.2826805114746094,274.0,1038,NOTRIAL
fixation,383879.27499997616,0.562857251900893,0.2897804849422895,2.2044231708233175,2.3223959115835338,425.0,1039,NOTRIAL
fixation,384345.95600000024,0.6360095031559467,0.26870129723101854,2.1210689544677734,2.234623908996582,533.0,1040,NOTRIAL
fixation,384912.6439999938,0.6236468590795994,0.27396464720368385,2.1224403381347656,2.203065872192383,267.0,1041,NOTRIAL
fixation,385212.65299999714,0.5343300591815602,0.27097936245528137,2.1322784423828125,2.244906338778409,367.0,1042,NOTRIAL
fixation,385612.6629999876,0.6276365717252096,0.4998799003660679,2.1412734985351562,2.3014373779296875,401.0,1043,NOTRIAL
fixation,386046.0079999864,0.5061498724895975,0.4866299188655356,2.143039205799932,2.2709476636803667,767.0,1044,NOTRIAL
fixation,386879.3599999845,0.6527860852388235,0.6834394129422995,2.111761239858774,2.239270723783053,434.0,1045,NOTRIAL
fixation,387646.04699999094,0.6419021129608155,0.7029988169670105,2.0684722900390624,,159.0,1046,NOTRIAL
fixation,387879.38899999857,0.4962892797258165,0.48690402342213523,2.132437811957465,2.2733595106336804,300.0,1047,NOTRIAL
fixation,388246.06299999356,0.3705105027731727,0.4880131491843392,2.1774713852826286,2.2617645263671875,575.0,1048,NOTRIAL
fixation,389112.74099999666,0.43932399749755857,0.45994454324245454,2.2071136474609374,2.2612335205078127,158.0,1049,NOTRIAL
fixation,389312.7539999783,0.48791949078440666,0.4792705550789833,2.214069366455078,2.2618064880371094,141.0,1050,NOTRIAL
fixation,390212.7679999769,0.3771678606669108,0.8609827955563863,2.068089803059896,2.245956420898437,92.0,1051,12
fixation,390346.1059999764,0.4541485011577606,0.8521860241889954,2.0241546630859375,,100.0,1052,12
fixation,390812.78999999166,0.6021177768707275,0.8628228505452474,1.9501800537109375,,108.0,1053,12
fixation,391179.4739999771,0.5024041444063186,0.47598568722605705,2.0758430480957033,2.143366763466283,667.0,1054,12
fixation,392246.173999995,0.5036647066071227,0.4552826708233034,2.1037919328019425,2.19048412426098,1225.0,1055,12
fixation,393512.88499999046,0.5082315535030582,0.42486298897049646,2.0928126248446377,2.1872690374200996,1474.0,1056,12
fixation,395312.93699997663,0.4180944661299388,0.34803960223992664,2.2318293253580728,2.3288981119791665,192.0,1057,FIX_CROS
fixation,395546.28599998355,0.34757889062166214,0.3821247834712267,2.2628650665283203,2.346271514892578,267.0,1058,FIX_CROS
fixation,395846.29299998283,0.3030575066804886,0.3998529054224491,2.250896453857422,2.342845916748047,133.0,1059,12.2
fixation,396012.96399998665,0.24552382777134577,0.36986519893010456,2.2803141276041665,2.2968953450520835,100.0,1060,12.2
fixation,396146.298999995,0.20516006222793035,0.3789054602384567,2.1949659075055803,2.283660888671875,233.0,1061,12.2
fixation,396412.9769999981,0.4059695899486542,0.36371863186359404,2.1637908935546877,2.18165283203125,166.0,1062,12.2
fixation,396646.31599998474,0.48282569497823713,0.3622431352734566,2.1357681274414064,2.1620773315429687,333.0,1063,12.2
fixation,397012.9919999838,0.3800897508859634,0.3723303884267807,2.181535339355469,2.213609313964844,333.0,1064,12.2
fixation,397813.0179999769,0.5761844694614411,0.3706434518098831,2.2176849365234377,2.2714508056640623,167.0,1065,12.2
fixation,398013.021999985,0.6455921530723572,0.36742985993623734,2.2178421020507812,2.2613601684570312,75.0,1066,12.2
fixation,398413.0349999964,0.7473538815975189,0.350781398160117,2.1841866629464284,2.2694702148437496,233.0,1067,12.2
fixation,398679.70999997854,0.7940511405467987,0.3479228883981705,2.17203369140625,2.2672210693359376,174.0,1068,12.2
fixation,399079.72099998593,0.21359488616387048,0.4582258264223735,2.0577494303385415,2.1568400065104165,92.0,1069,12.2
fixation,399213.05799999833,0.17334433712742545,0.4627141546119343,2.114288330078125,2.1871199174360796,367.0,1070,12.2
fixation,399613.0689999759,0.2410938429335753,0.4569798832138379,2.1021525065104165,2.097905476888021,208.0,1071,12.2
fixation,400179.7430000007,0.21409956216812134,0.46445982456207274,2.1024627685546875,2.0520965576171877,166.0,1072,12.2
fixation,400379.7579999864,0.3055302252372106,0.4702070852120717,2.14898681640625,2.151514689127604,108.0,1073,12.2
fixation,400879.7729999721,0.48859506100416183,0.454319807390372,2.089228312174479,2.1181920369466147,192.0,1074,12.2
fixation,401113.11599999666,0.543055704661778,0.44215052681309835,2.0767102922712053,2.1442696707589284,233.0,1075,12.2
fixation,401413.1239999831,0.6148282364010811,0.4375005103647709,2.065441131591797,2.128124237060547,141.0,1076,12.2
fixation,401879.798999995,0.6726015082427433,0.41831245166914804,2.0398646763392856,2.133263724190848,233.0,1077,12.2
fixation,402146.4809999764,0.7304420123497645,0.4247796796262264,2.065119425455729,2.1674105326334634,400.0,1078,12.2
fixation,402579.82799997926,0.8166570365428925,0.42340660840272903,2.071746826171875,2.1463775634765625,141.0,1079,12.2
fixation,402979.83499997854,0.21711481859286627,0.583197683095932,2.1975504557291665,2.1533711751302085,92.0,1080,12.2
fixation,403113.1699999869,0.1901834886521101,0.5788067132234573,2.193777084350586,2.1837234497070312,267.0,1081,12.2
fixation,403413.1819999814,0.2632140535861254,0.5721213221549988,2.1521129608154297,2.117443084716797,267.0,1082,12.2
fixation,403713.19099998474,0.30365637987852095,0.5574592053890228,2.0858551025390626,2.0562408447265623,333.0,1083,12.2
fixation,404079.871999979,0.35987915595372516,0.5472270399332047,2.067520141601562,2.0535710652669272,200.0,1084,12.2
fixation,404313.2189999819,0.4291827231645584,0.5477583259344101,2.0849609375,2.0473175048828125,75.0,1085,12.2
fixation,404879.8949999809,0.5381298840045929,0.49841187596321107,2.090484619140625,2.146868896484375,166.0,1086,12.2
fixation,405079.9099999964,0.5688112030426661,0.5035165275136629,2.058954874674479,2.1572291056315103,200.0,1087,12.2
fixation,405313.24799999595,0.6257099986076355,0.51361965239048,2.0796112060546874,2.1490997314453124,167.0,1088,12.2
fixation,405513.2609999776,0.6655696715627398,0.5275457948446274,2.0725228445870534,2.1883937290736606,233.0,1089,12.2
fixation,405779.93399998546,0.7388392090797424,0.5209951251745224,2.0179334368024553,2.1703316824776784,233.0,1090,12.2
fixation,406046.60799998045,0.8071118891239166,0.5145909518003464,2.065863037109375,2.1248687744140624,175.0,1091,12.2
fixation,406513.28299999237,0.47949156165122986,0.6428058743476868,2.0475540161132812,,67.0,1092,12.2
fixation,406613.28599998355,0.45646172016859055,0.5924487411975861,2.0280532836914062,2.10198974609375,67.0,1093,12.2
fixation,406813.29399999976,0.45652738213539124,0.584492951631546,2.0425491333007812,2.1447219848632812,67.0,1094,12.2
fixation,406979.9649999738,0.5006231009960175,0.5704104095697403,2.040277099609375,2.0341262817382812,166.0,1095,12.2
fixation,407179.97899997234,0.4707118421792984,0.5493010133504868,2.0333213806152344,2.0384674072265625,133.0,1096,NOTRIAL
fixation,407413.31999999285,0.4723412444194158,0.5241085514426231,2.0441080729166665,2.0555450439453127,200.0,1097,NOTRIAL
fixation,407679.99499997497,0.40044352908929187,0.4290921042362849,2.0592447916666665,2.0967000325520835,100.0,1098,NOTRIAL
fixation,407813.3259999752,0.33982755350215094,0.29600185262305395,2.1198643275669644,2.137568882533482,467.0,1099,NOTRIAL
fixation,408346.68399998546,0.5143444538116455,0.28391705453395844,2.1188659667968746,2.127538045247396,100.0,1100,NOTRIAL
fixation,408480.0229999721,0.5691009238362312,0.2698567770421505,2.1237220764160156,2.1760902404785156,267.0,1101,NOTRIAL
fixation,408780.0339999795,0.6134317070245743,0.2829782962799072,2.1821365356445312,2.2443008422851562,75.0,1102,NOTRIAL
fixation,409113.3759999871,0.6258387118577957,0.496710336634091,2.1707752772739957,2.2782908848353793,475.0,1103,NOTRIAL
fixation,409946.7389999926,0.612975400686264,0.4415841281414032,2.0818634033203125,2.1663482666015623,158.0,1104,NOTRIAL
fixation,410146.746999979,0.6072228372097015,0.47570580542087554,2.1256668090820314,2.234375,333.0,1105,NOTRIAL
fixation,410513.4249999821,0.6442939609289169,0.7016779541969299,2.0878646850585936,2.1786224365234377,334.0,1106,NOTRIAL
fixation,410880.1029999852,0.6394610524177551,0.6965023875236511,2.0487457275390626,2.1153564453125,167.0,1107,NOTRIAL
fixation,411113.4439999759,0.6416623393694559,0.7014086246490479,2.0257059733072915,2.0797271728515625,100.0,1108,NOTRIAL
fixation,411346.7849999964,0.5545652833851901,0.42276323383504694,2.0655337246981533,2.1565745960582388,366.0,1109,NOTRIAL
fixation,411746.79699999094,0.49660039586680277,0.4639081656932831,2.079775129045759,2.165281023297991,241.0,1110,FIX_CROS
fixation,412246.8139999807,0.4047055851135935,0.3541678105081831,2.177709306989397,2.265909467424665,466.0,1111,FIX_CROS
fixation,412746.8299999833,0.3431554138660431,0.5026132836937904,2.1783294677734375,2.292072296142578,133.0,1112,12.1
fixation,412913.50199997425,0.3098384241263072,0.5015903959671656,2.1726531982421875,2.236419677734375,108.0,1113,12.1
fixation,413446.8529999852,0.4525258888800939,0.5025796343882879,2.1580301920572915,2.2415822347005205,108.0,1114,12.1
fixation,413880.20299997926,0.5012253820896149,0.5135222226381302,2.154083251953125,,259.0,1115,12.1
fixation,414246.8789999783,0.5582667787869772,0.4833194563786189,2.1011861165364585,2.230397542317708,100.0,1116,12.1
fixation,414380.2159999907,0.6256678402423859,0.4838127851486206,2.084222412109375,2.1857330322265627,167.0,1117,12.1
fixation,414580.2239999771,0.6698005919655164,0.48451483994722366,2.099720001220703,2.2061793009440103,400.0,1118,12.1
fixation,415013.56999999285,0.5937052369117737,0.4835729052623113,2.0985641479492188,2.238215128580729,200.0,1119,12.1
fixation,415246.9120000005,0.6192825237909952,0.4774889200925827,2.0839945475260415,2.2401631673177085,100.0,1120,12.1
fixation,415413.5829999745,0.33977054911000387,0.5070648842624256,2.1647164481026784,2.2553798130580356,467.0,1121,12.1
fixation,415946.93399998546,0.478764608502388,0.47597882399956387,2.165501912434896,2.256952921549479,200.0,1122,NOTRIAL
fixation,416180.2759999931,0.4322019852697849,0.3062603163222472,2.195850372314453,2.2951278686523438,400.0,1123,NOTRIAL
fixation,416613.6239999831,0.6371526047587395,0.27835438027977943,2.202251434326172,2.3274459838867188,142.0,1124,NOTRIAL
fixation,417080.3059999943,0.6274746816891891,0.27143026200624615,2.265606219951923,2.3739905724158654,425.0,1125,NOTRIAL
fixation,417580.322999984,0.4929000685612361,0.28431809196869534,2.2093968709309895,2.318884785970052,1000.0,1126,NOTRIAL
fixation,418613.69099998474,0.3407299760086783,0.5092282701155235,2.1939055344154097,2.2747118719692887,966.0,1127,NOTRIAL
fixation,419647.0599999726,0.5322384373708204,0.6717481179670854,2.0919022993607954,2.1623162163628473,367.0,1128,NOTRIAL
fixation,420080.40699997544,0.5392564199864864,0.6616896986961365,2.072141647338867,2.1839468819754466,267.0,1129,NOTRIAL
fixation,420413.7509999871,0.5896048716136387,0.7132353697504316,2.036982945033482,2.205596923828125,466.0,1130,NOTRIAL
fixation,420913.7679999769,0.6392950886174252,0.7197388410568237,2.045039929841694,2.139404296875,641.0,1131,NOTRIAL
fixation,421813.798999995,0.44281899503299166,0.39610270730086733,2.1329127720424106,2.218839372907366,225.0,1132,NOTRIAL
fixation,422080.47199997306,0.3934905103274754,0.2613689473697117,2.14593505859375,2.240877423967634,234.0,1133,NOTRIAL
fixation,422347.1479999721,0.4588124603033066,0.2584238350391388,2.1220169067382812,2.2223968505859375,75.0,1134,NOTRIAL
fixation,422680.4839999974,0.36149176859086557,0.47623491239163185,2.2209290535219255,2.2715016026650705,1026.0,1135,NOTRIAL
fixation,423780.5269999802,0.44398018531501293,0.38390632160007954,2.1629886627197266,2.231769561767578,267.0,1136,NOTRIAL
fixation,424613.8869999945,0.4177909692128499,0.4215977390607198,2.2422993977864585,2.3508682250976562,100.0,1137,11
fixation,424813.89599999785,0.3884769156575203,0.6780174449086189,2.0880584716796875,2.1947428385416665,133.0,1138,11
fixation,424980.5539999902,0.35440731296936673,0.8357896755139033,2.0732396443684897,2.1682637532552085,200.0,1139,11
fixation,425213.8979999721,0.4190651774406433,0.843387097120285,2.0656051635742188,2.1954345703125,66.0,1140,11
fixation,425347.2359999716,0.46796147525310516,0.8516601026058197,1.9999160766601562,,67.0,1141,11
fixation,425813.91899999976,0.48170336268164893,0.8476389375599948,1.9968705610795454,,366.0,1142,11
fixation,426247.27099999785,0.5674842596054077,0.8633925914764404,2.0095916748046876,,167.0,1143,11
fixation,426613.95299997926,0.6195199489593506,0.8636665840943655,1.9976603190104167,,200.0,1144,11
fixation,426880.6359999776,0.3832836627960205,0.8515074014663696,2.021331787109375,2.184051513671875,167.0,1145,11
fixation,427713.9989999831,0.4017477184534073,0.8253317773342133,2.0214691162109375,,66.0,1146,11
fixation,428014.00599998236,0.5327365217001542,0.8471137181572292,1.963904339334239,,767.0,1147,11
fixation,428814.0370000005,0.5677796900272369,0.8568967431783676,1.96990966796875,,133.0,1148,11
fixation,428980.71099999547,0.6224854588508606,0.8743481238683065,1.9806060791015625,,108.0,1149,11
fixation,429380.72199997306,0.5111432343721389,0.5923656225204468,2.0914352416992186,1.559478759765625,325.0,1150,11
fixation,429747.40799999237,0.4053988590836525,0.8552923023700714,1.98369140625,,667.0,1151,11
fixation,430655.7729999721,0.5477321445941925,0.864717036485672,1.957305908203125,,266.0,1152,11
fixation,430955.7849999964,0.5774680177370707,0.8685183127721151,1.9615020751953125,,100.0,1153,11
fixation,431464.1359999776,0.515224777162075,0.5136749570568403,2.028222401936849,2.1130232377485796,400.0,1154,11
fixation,431930.8259999752,0.6170965284109116,0.8271537721157074,1.96124267578125,2.0903396606445312,66.0,1155,11
fixation,432030.8289999962,0.6151684778077262,0.8425995707511902,1.9424983433314733,,233.0,1156,11
fixation,432297.50199997425,0.483093723654747,0.8527540961901346,1.9186147054036458,,200.0,1157,11
fixation,432530.8369999826,0.42471783856550854,0.8613000263770422,1.9580752054850261,,400.0,1158,11
fixation,432997.5179999769,0.5945355594158173,0.8728562891483307,1.9878169468470983,,469.0,1159,11
fixation,433872.54799997807,0.5022526491772045,0.5155327645215121,2.0949027321555396,,359.0,1160,11
fixation,434272.5679999888,0.5016925901174545,0.48681114614009857,2.0567901611328123,2.1301307678222656,167.0,1161,11
fixation,434472.5759999752,0.4037141978740692,0.5398182809352875,2.057080078125,2.059796142578125,175.0,1162,11
fixation,435039.25999999046,0.38564784328142804,0.5467056433359782,2.1170806884765625,2.0765380859375,92.0,1163,11
fixation,435205.92299997807,0.44762518505255383,0.520795472462972,2.0693400065104166,2.0888763427734376,500.0,1164,11
fixation,435739.28299999237,0.42903082966804507,0.48581314980983736,2.0589630126953127,2.0894317626953125,167.0,1165,11
fixation,435939.28999999166,0.5542466640472412,0.5265391511576516,2.0241285051618303,2.0804901123046875,233.0,1166,11
fixation,436205.9629999995,0.5382294815320235,0.5858378364489629,2.0294729379507213,2.055064392089844,433.0,1167,11
fixation,436705.9809999764,0.5010663803134646,0.5075532410826001,2.0627942766462053,2.100682576497396,233.0,1168,11
fixation,437372.66899999976,0.4897610942522685,0.46816403170426685,2.156977335611979,2.200892130533854,101.0,1169,FIX_CROS
fixation,437872.6749999821,0.44354044646024704,0.3855357766151428,2.1491572062174478,2.2129669189453125,192.0,1170,FIX_CROS
fixation,438106.02399998903,0.3592525254935026,0.4517183881253004,2.2190895080566406,2.231172561645508,267.0,1171,11.2
fixation,438406.02499997616,0.29889808408915997,0.5064264796674252,2.2209644317626953,2.2178821563720703,267.0,1172,11.2
fixation,438706.03299999237,0.3606290966272354,0.5029729356368383,2.2215067545572915,2.1980667114257812,200.0,1173,11.2
fixation,438939.375,0.4285974843161447,0.4929646466459547,2.157036917550223,2.1682303292410716,234.0,1174,11.2
fixation,439206.05099999905,0.4646938472986221,0.4871832698583603,2.12818603515625,2.173553466796875,167.0,1175,11.2
fixation,439406.0639999807,0.5284180972311232,0.47898126310772365,2.1247066921657987,2.18943108452691,300.0,1176,11.2
fixation,439739.4089999795,0.5920248244489942,0.46618693854127613,2.1540985107421875,2.205113002232143,234.0,1177,11.2
fixation,440539.43399998546,0.7108510945524488,0.4593879005738667,2.1881583077566966,2.338841029575893,242.0,1178,11.2
fixation,441072.77799999714,0.49834286607801914,0.48627093248069286,2.1580142974853516,2.210369873046875,525.0,1179,NOTRIAL
fixation,441639.47099998593,0.6093676115075747,0.2989475963016351,2.2395121256510415,2.330010732014974,400.0,1180,NOTRIAL
fixation,442072.8179999888,0.5743774175643921,0.2779912859201431,2.2235870361328125,2.3069915771484375,166.0,1181,NOTRIAL
fixation,442639.50499999523,0.6183441711796654,0.313817979560958,2.249447292751736,2.373384263780382,292.0,1182,NOTRIAL
fixation,443006.18299999833,0.582123590367181,0.480169673760732,2.151367914109003,2.3001549130394343,700.0,1183,NOTRIAL
fixation,443772.8739999831,0.6494616692264875,0.6928415397802988,2.1122639973958335,2.2474403381347656,400.0,1184,NOTRIAL
fixation,444272.8899999857,0.6436723709106446,0.6902841687202453,2.084124755859375,2.2219746907552085,166.0,1185,NOTRIAL
fixation,444472.8979999721,0.6467194755872091,0.6955641508102417,2.065882364908854,,100.0,1186,NOTRIAL
fixation,444706.2379999757,0.592647735029459,0.34329576417803764,2.1717605590820312,2.3169727325439453,267.0,1187,NOTRIAL
fixation,445006.24799999595,0.6303224954111822,0.27006069159713286,2.165765696558459,2.312781498349946,967.0,1188,NOTRIAL
fixation,446072.9509999752,0.4974958178671924,0.8145200610160828,2.050625887784091,2.2018085826526987,366.0,1189,NOTRIAL
fixation,446506.2999999821,0.4874486178159714,0.43678804238637287,2.1547393798828125,2.2639261881510415,108.0,1190,FIX_CROS
fixation,446906.3149999976,0.4987824865513378,0.4570554883943664,2.2067252265082464,2.264592488606771,600.0,1191,FIX_CROS
fixation,447539.670999974,0.45787764713168144,0.49591200053691864,2.180908203125,2.2368240356445312,133.0,1192,11.1
fixation,447706.3439999819,0.5012947260229675,0.49548017592341814,2.153921056676794,2.243982950846354,908.0,1193,11.1
fixation,449006.39199998975,0.5402536213397979,0.45764355063438417,2.1523406982421873,2.2791671752929688,167.0,1194,11.1
fixation,449539.7459999919,0.5939297452569008,0.44405872374773026,2.193370819091797,2.2792129516601562,133.0,1195,11.1
fixation,449706.41799998283,0.5066311436670797,0.4904570585047757,2.1708246866861978,2.2438748917489684,1800.0,1196,11.1
fixation,451573.1509999931,0.3908058702945709,0.30083434532086056,2.283208211263021,2.408147176106771,200.0,1197,NOTRIAL
fixation,451806.49399998784,0.3421849235892296,0.3014653076728185,2.2965927124023438,2.4106775919596353,208.0,1198,NOTRIAL
fixation,452573.18699997663,0.4871157258749008,0.2861377124985059,2.3304417928059897,2.4499333699544272,200.0,1199,NOTRIAL
fixation,452806.5259999931,0.5696560132962006,0.27390167174430996,2.2393558208759012,2.340606689453125,867.0,1200,NOTRIAL
fixation,453706.55499997735,0.6194602012634277,0.2691983938217163,2.241094970703125,2.2935089111328124,175.0,1201,NOTRIAL
fixation,454206.57400000095,0.49832815925280255,0.28827621539433795,2.1912740071614585,2.306920369466146,100.0,1202,NOTRIAL
fixation,454539.9159999788,0.6311314553022385,0.482858261714379,2.172262018377131,2.3024622599283853,392.0,1203,NOTRIAL
fixation,455006.5989999771,0.5224495589733124,0.46306873857975006,2.0900390625,2.2887725830078125,167.0,1204,NOTRIAL
fixation,455239.9399999976,0.4873882688227154,0.2784214026871182,2.164616176060268,2.287139892578125,708.0,1205,NOTRIAL
fixation,456173.3059999943,0.5397681966423988,0.46142633631825447,2.1073570251464844,2.1980743408203125,133.0,1206,NOTRIAL
fixation,456639.98699998856,0.6302804723381996,0.4890737608075142,2.130535125732422,2.2804412841796875,125.0,1207,NOTRIAL
fixation,456806.6589999795,0.5790426541458477,0.25993887267329474,2.1830277876420454,2.262215354225852,367.0,1208,NOTRIAL
fixation,457206.67299997807,0.6222654730081558,0.2799147367477417,2.152099609375,2.2931365966796875,74.0,1209,NOTRIAL
fixation,457640.02099999785,0.6237266992821413,0.4746013196075664,2.1221241670496322,2.247732162475586,567.0,1210,NOTRIAL
fixation,458240.0409999788,0.5753870925733021,0.47900659910270144,2.0452052525111606,2.192201886858259,467.0,1211,NOTRIAL
fixation,458740.05799999833,0.621686523159345,0.489488589266936,2.0691731770833335,2.2253087361653643,200.0,1212,NOTRIAL
fixation,458973.39899998903,0.504695857742003,0.47897909794534954,2.077477591378348,2.191279820033482,934.0,1213,NOTRIAL
fixation,459940.0989999771,0.5134720280766487,0.6931233108043671,2.0559043884277344,2.1672439575195312,133.0,1214,NOTRIAL
fixation,460173.43699997663,0.5876036822795868,0.7020667433738709,2.063238525390625,,167.0,1215,NOTRIAL
fixation,460440.11599999666,0.6435309648513794,0.6977147161960602,2.0374984741210938,,67.0,1216,NOTRIAL
fixation,460606.7870000005,0.6453197970986366,0.7073848247528076,2.0334548950195312,2.1204071044921875,266.0,1217,NOTRIAL
fixation,460973.4659999907,0.6382319728533427,0.7171599070231119,2.021001180013021,,100.0,1218,NOTRIAL
fixation,461173.47199997306,0.4913435596972704,0.5196841787546873,2.070463180541992,2.1324353899274553,267.0,1219,NOTRIAL
fixation,461573.4859999716,0.37771502137184143,0.4917836177349091,2.1319915771484377,2.2255499267578127,842.0,1220,NOTRIAL
fixation,462740.19099998474,0.5190722309052944,0.42850627936422825,2.1453990936279297,2.215555191040039,259.0,1221,NOTRIAL
fixation,463040.20299997926,0.49523916840553284,0.4740339418252309,2.138432820638021,2.189214070638021,108.0,1222,NOTRIAL
fixation,463440.2169999778,0.47868560751279193,0.43414030969142914,2.164352416992187,2.232213338216146,92.0,1223,8
fixation,463573.5529999733,0.4163502939045429,0.4418759420514107,2.199382781982422,2.279254913330078,142.0,1224,8
fixation,463940.2309999764,0.39533549547195435,0.8394608855247497,1.9698638916015625,,159.0,1225,8
fixation,464140.2309999764,0.46805158257484436,0.8622913882136345,1.9523296356201172,2.825653076171875,267.0,1226,8
fixation,464440.23999997973,0.5360821068286896,0.8609214723110199,1.8879867553710938,,333.0,1227,8
fixation,464806.9269999862,0.6103951632976532,0.8688512742519379,1.905517578125,,141.0,1228,8
fixation,465090.2689999938,0.46672592484034026,0.8534391751656165,1.9027087871844952,,433.0,1229,8
fixation,465623.61899998784,0.585804358124733,0.8619657605886459,1.94036865234375,,134.0,1230,8
fixation,466090.3029999733,0.5178889830907186,0.5105326043234931,2.079282972547743,2.1798214382595487,292.0,1231,8
fixation,466423.646999985,0.5478419214487076,0.4953955292701721,2.034254455566406,2.131761169433594,334.0,1232,8
fixation,466790.3249999881,0.5720732510089874,0.46634387969970703,1.999053955078125,2.0841870989118303,233.0,1233,8
fixation,467090.33599999547,0.4691874037186305,0.42637533446153003,2.0060806274414062,2.0659637451171875,200.0,1234,8
fixation,467323.6769999862,0.3944282650947571,0.47895000874996185,2.038800048828125,2.0313262939453125,174.0,1235,8
fixation,467823.69499999285,0.37841019928455355,0.5758743822574616,2.10181884765625,2.10997314453125,166.0,1236,8
fixation,468057.0370000005,0.46833555698394774,0.5616665601730346,2.097906494140625,2.1077499389648438,167.0,1237,8
fixation,468257.0419999957,0.5544731259346009,0.5044266631205877,2.054326375325521,2.1455393473307294,508.0,1238,8
fixation,469023.7349999845,0.5533508360385895,0.48640007674694063,2.0778045654296875,2.14737548828125,158.0,1239,8
fixation,469223.7430000007,0.5807104309399923,0.4691939726471901,2.1076838175455728,2.19976806640625,200.0,1240,8
fixation,469490.41799998283,0.49000925570726395,0.41864590160548687,2.0554943084716797,2.1339035034179688,267.0,1241,8
fixation,469790.4279999733,0.47988573741167784,0.489656955935061,2.041360855102539,2.0906906127929688,542.0,1242,8
fixation,470657.1259999871,0.49789196997880936,0.463984635969003,2.1679585774739585,2.2039515177408853,192.0,1243,FIX_CROS
fixation,470890.46399998665,0.4467245390017827,0.4737559234102567,2.2295405069986978,2.3149134318033853,200.0,1244,FIX_CROS
fixation,471157.14199998975,0.3631690591573715,0.46351418892542523,2.214024861653646,2.309717814127604,200.0,1245,8.2
fixation,471390.4819999933,0.320880938321352,0.5027954503893852,2.2333812713623047,2.2761173248291016,267.0,1246,8.2
fixation,471690.4930000007,0.35905230790376663,0.5141725242137909,2.2269058227539062,2.2590255737304688,67.0,1247,8.2
fixation,471790.4959999919,0.4137704759836197,0.4983756810426712,2.151483154296875,2.2254638671875,167.0,1248,8.2
fixation,471990.5039999783,0.44720015302300453,0.4922018498182297,2.1309814453125,2.2000083923339844,134.0,1249,8.2
fixation,472157.1749999821,0.4920278675854206,0.4875212237238884,2.1317481994628906,2.1810989379882812,133.0,1250,8.2
fixation,472323.8449999988,0.5199388325214386,0.48556233048439024,2.088031005859375,2.209429931640625,166.0,1251,8.2
fixation,472857.197999984,0.6070076482636588,0.48805050339017597,2.1627611432756697,,225.0,1252,8.2
fixation,473123.8739999831,0.6723330840468407,0.4765215367078781,2.208477020263672,,133.0,1253,8.2
fixation,473290.545999974,0.6866309915979704,0.49539290244380635,2.157599131266276,2.279277801513672,400.0,1254,8.2
fixation,473723.8949999809,0.6539487689733505,0.4828469455242157,2.108489990234375,2.2398223876953125,66.0,1255,8.2
fixation,473823.89599999785,0.5232933759689331,0.5119022329648336,2.0952250162760415,,100.0,1256,8.2
fixation,473957.23699998856,0.5177486687898636,0.45901329815387726,2.0611572265625,2.1811981201171875,67.0,1257,8.2
fixation,474190.5749999881,0.48188594728708267,0.4925638437271118,2.1777801513671875,2.2747573852539062,67.0,1258,8.2
fixation,474290.5759999752,0.5066381692886353,0.48962490260601044,2.16021728515625,2.2552490234375,75.0,1259,8.2
fixation,474823.9309999943,0.4635835126042366,0.49360651671886446,2.175250244140625,2.2137747870551214,666.0,1260,8.2
fixation,475523.9539999962,0.5300857067108155,0.36139721870422364,2.1584381103515624,2.264398193359375,166.0,1261,NOTRIAL
fixation,475723.96099999547,0.5640621244907379,0.27210613489151003,2.198663330078125,2.2571258544921875,166.0,1262,NOTRIAL
fixation,475923.96799999475,0.6207412242889404,0.2751724511384964,2.2072998046875,2.2832107543945312,341.0,1263,NOTRIAL
fixation,476557.322999984,0.6196819494167963,0.2753127761185169,2.2163518269856772,2.336875406901042,992.0,1264,NOTRIAL
fixation,477590.69199997187,0.6302801966667175,0.5033912174403667,2.159399668375651,2.303868611653646,400.0,1265,NOTRIAL
fixation,478024.0379999876,0.5746383965015411,0.4727660194039345,2.1365585327148438,2.2467193603515625,75.0,1266,NOTRIAL
fixation,478724.06299999356,0.6289555600711277,0.7184574263436454,2.1187242780412947,2.200546264648437,233.0,1267,NOTRIAL
fixation,479090.7419999838,0.6388060732891685,0.709722427945388,2.0384521484375,2.06207275390625,633.0,1268,NOTRIAL
fixation,479790.7659999728,0.4917326850049636,0.47246402940329385,2.113699520335478,2.211604398839614,574.0,1269,FIX_CROS
fixation,480657.46099999547,0.49331575632095337,0.463214754126966,2.234086036682129,2.3332271575927734,526.0,1270,FIX_CROS
fixation,481224.1479999721,0.46078770980238914,0.45163581520318985,2.2076988220214844,2.3238525390625,133.0,1271,8.1
fixation,481390.81999999285,0.4118472456932068,0.4584113597869873,2.2244598388671877,2.294036865234375,166.0,1272,8.1
fixation,481624.1620000005,0.3306467533111572,0.4625567279078744,2.1863458806818183,2.241629860617898,367.0,1273,8.1
fixation,482024.1749999821,0.3749263882637024,0.45601795613765717,2.145248413085937,2.195770263671875,75.0,1274,8.1
fixation,482390.8549999893,0.4160865321755409,0.4389352351427078,2.1141204833984375,2.214385986328125,66.0,1275,8.1
fixation,482490.8569999933,0.4459543252984683,0.45864110191663104,2.2070236206054688,2.2555465698242188,200.0,1276,8.1
fixation,482724.1999999881,0.5254123747348786,0.43798021972179413,2.1681060791015625,2.2531005859375,167.0,1277,8.1
fixation,483290.88499999046,0.5977032408118248,0.4356854297220707,2.168985366821289,2.302318572998047,258.0,1278,8.1
fixation,483590.8909999728,0.6399580121040345,0.44400411248207095,2.1573974609375,2.28382568359375,166.0,1279,8.1
fixation,483790.9019999802,0.6768923401832581,0.4553956240415573,2.1274261474609375,2.3321762084960938,74.0,1280,8.1
fixation,484190.9169999957,0.7526029249032339,0.43496720492839813,2.1342137654622397,2.3036575317382812,192.0,1281,8.1
fixation,484424.2569999993,0.7927635634938875,0.44155487169822055,2.1317316691080728,2.309137980143229,400.0,1282,8.1
fixation,484890.9359999895,0.47557754442095757,0.5025471113622189,2.051471710205078,2.129871368408203,133.0,1283,8.1
fixation,485057.61199998856,0.44239194442828494,0.5227281550566355,2.0705464680989585,2.1483586629231772,208.0,1284,8.1
fixation,485724.30099999905,0.5368963032960892,0.5620271861553192,2.1346511840820312,,133.0,1285,8.1
fixation,485890.97199997306,0.5346342772245407,0.5008349269628525,2.1600570678710938,2.222503662109375,66.0,1286,8.1
fixation,486457.6519999802,0.2973027974367142,0.481538612395525,2.2255287170410156,2.2378578186035156,126.0,1287,8.1
fixation,486624.32400000095,0.25024688492218655,0.49478375911712646,2.260686238606771,2.2681757609049478,200.0,1288,8.1
fixation,486891.0,0.198569863413771,0.44284752756357193,2.1251424153645835,2.1426099141438804,400.0,1289,8.1
fixation,487357.6769999862,0.5353639014065266,0.4529890874400735,2.073988914489746,2.136159896850586,533.0,1290,8.1
fixation,487924.3599999845,0.5884588559468588,0.4332913011312485,2.0647430419921875,2.127934773763021,108.0,1291,8.1
fixation,488424.3709999919,0.44722380489110947,0.45073030050843954,2.124940872192383,2.197568893432617,534.0,1292,8.1
fixation,489024.39199998975,0.37696170682708424,0.46227381378412247,2.1611976623535156,2.193218231201172,408.0,1293,8.1
fixation,489757.74399998784,0.3136042853196462,0.45905940731366474,2.1658782958984375,2.225407918294271,100.0,1294,8.1
fixation,490324.4279999733,0.5012868557657514,0.45056526362895966,2.195957728794643,2.257836478097098,467.0,1295,NOTRIAL
fixation,490824.44099998474,0.6305075407028198,0.4489819496870041,2.157373046875,2.32564697265625,167.0,1296,NOTRIAL
fixation,491024.4469999969,0.6316729474526185,0.2739289113535331,2.1533878032977762,2.2834707406850963,867.0,1297,NOTRIAL
fixation,491957.8099999726,0.6390100836753845,0.48276679158210756,2.163272705078125,2.31736572265625,833.0,1298,NOTRIAL
fixation,492824.50599998236,0.6478632017970085,0.6949482075870037,2.1185379028320312,2.2711308797200522,267.0,1299,NOTRIAL
fixation,493124.5159999728,0.6505697220563889,0.7037285566329956,2.1016464233398438,,134.0,1300,NOTRIAL
fixation,493291.1889999807,0.6462580263614655,0.6930972784757614,2.0900497436523438,2.2617340087890625,67.0,1301,NOTRIAL
fixation,493391.1889999807,0.6455600133963993,0.713749885559082,2.0854949951171875,,233.0,1302,NOTRIAL
fixation,493657.86599999666,0.6450359970331192,0.7039167284965515,2.0789794921875,2.24688720703125,66.0,1303,NOTRIAL
fixation,493757.8709999919,0.6457319855690002,0.7135230302810669,2.074920654296875,,66.0,1304,NOTRIAL
fixation,493891.2079999745,0.5104197561740875,0.5274945696194967,2.0837402343749996,2.16961669921875,100.0,1305,NOTRIAL
fixation,494057.8789999783,0.36824521693316375,0.49791725928133185,2.1556132923473013,2.252329046075994,366.0,1306,NOTRIAL
fixation,494491.22899997234,0.6456839558151033,0.4762549048496617,2.1838781568739147,2.298539479573568,1208.0,1307,NOTRIAL
fixation,495991.27899998426,0.4983850084245205,0.5129206664860249,2.166881561279297,2.250368390764509,267.0,1308,NOTRIAL
fixation,496791.3039999902,0.4353760778903961,0.3934362530708313,2.2529500325520835,2.3695831298828125,100.0,1309,7
fixation,496924.6399999857,0.3904595196247101,0.3288288563489914,2.086711120605469,2.1970703125,334.0,1310,7
fixation,497557.996999979,0.4370573063691457,0.8600916961828867,1.8358408610026042,,192.0,1311,7
fixation,497791.33499997854,0.47688306371370953,0.859431803226471,1.91668701171875,,100.0,1312,7
fixation,497924.67299997807,0.5183201134204865,0.8548413813114166,1.9140777587890625,,74.0,1313,7
fixation,498074.6769999862,0.5250282734632492,0.8579096496105194,1.9005126953125,,134.0,1314,7
fixation,498241.3519999981,0.4464099407196045,0.8616603314876556,1.8970184326171875,,134.0,1315,7
fixation,498408.0229999721,0.4031955798467,0.859900544087092,1.9152628580729167,,200.0,1316,7
fixation,498641.36599999666,0.5758106708526611,0.8525326430797577,1.9132057189941407,1.6876373291015625,667.0,1317,7
fixation,499341.38899999857,0.6073213948143853,0.729352162943946,1.9695773654513888,,300.0,1318,7
fixation,499708.0679999888,0.5255516096949577,0.4449071027338505,2.037914276123047,2.1466471354166665,133.0,1319,7
fixation,499874.74099999666,0.4908385689962994,0.43376492912119086,1.9816714200106533,2.0607965642755683,733.0,1320,7
fixation,500641.4309999943,0.5210842669010163,0.4270148307085037,1.933001708984375,2.0060394287109373,175.0,1321,7
fixation,501108.11499997973,0.3888838877901435,0.3523929128423333,2.0570173263549805,2.118302345275879,525.0,1322,7
fixation,501674.7999999821,0.44719645380973816,0.334702804684639,2.0429534912109375,2.1053314208984375,74.0,1323,7
fixation,502008.1449999809,0.5029597952961922,0.34049856662750244,2.0453720092773438,2.0643107096354165,192.0,1324,7
fixation,502241.4859999716,0.5388066867987314,0.3202052215735118,2.0850677490234375,2.04925537109375,108.0,1325,7
fixation,502674.8329999745,0.5730520844459533,0.34166647791862487,2.0556060791015627,2.1514434814453125,158.0,1326,7
fixation,502874.8379999995,0.6080128252506256,0.33661070962746936,2.072260538736979,2.189387003580729,100.0,1327,7
fixation,503041.50999999046,0.38772620922989315,0.34757158988051945,2.057796902126736,2.1095428466796875,308.0,1328,7
fixation,503674.8669999838,0.4304562790526284,0.36120010250144535,2.078433566623264,2.0999348958333335,300.0,1329,7
fixation,504008.21099999547,0.49348868429660797,0.35869031250476835,2.07720947265625,2.0741973876953126,333.0,1330,7
fixation,504374.8899999857,0.5519834331103733,0.3551099704844611,2.0452074323381697,2.081388201032366,233.0,1331,7
fixation,504641.5649999976,0.5783712416887283,0.36277201771736145,2.0408287048339844,2.117534637451172,134.0,1332,7
fixation,504808.2359999716,0.6024618893861771,0.3590018078684807,2.0456008911132812,2.1342544555664062,67.0,1333,7
fixation,504941.57400000095,0.3851111786706107,0.3710132837295532,2.041386195591518,2.0827124459402904,467.0,1334,7
fixation,505441.5909999907,0.4537369744344191,0.37547789920460095,2.013803655450994,2.0945795232599433,367.0,1335,7
fixation,505841.6049999893,0.5772643254862891,0.38716041379504734,2.035030788845486,2.11199951171875,300.0,1336,7
fixation,506174.947999984,0.492173748581033,0.42845486731905685,2.0329654091282894,2.101711072419819,633.0,1337,7
fixation,506841.6319999993,0.5229546765486399,0.4306654632091522,2.0035166422526043,2.0742451985677084,508.0,1338,7
fixation,507808.32799997926,0.49672943353652954,0.45319119095802307,2.174229939778646,2.1576741536458335,100.0,1339,FIX_CROS
fixation,507941.6639999747,0.4448520503938198,0.46422302909195423,2.2581787109375,2.2962232317243303,267.0,1340,FIX_CROS
fixation,508241.66899999976,0.3782264483826501,0.475345715880394,2.2453133719308034,2.309326171875,233.0,1341,7.1
fixation,508541.68299999833,0.4857708092998056,0.49576157682082234,2.240553014418658,2.2968157599954044,566.0,1342,7.1
fixation,509141.69599998,0.5183445640972683,0.47544424661568235,2.227142333984375,2.2312520345052085,241.0,1343,7.1
fixation,509808.3819999993,0.47539128538440256,0.48488958004642935,2.2350481818704044,2.2927017211914062,567.0,1344,7.1
fixation,510475.06699997187,0.5654750049114228,0.3759052962064743,2.221881103515625,2.29827880859375,167.0,1345,NOTRIAL
fixation,510675.0719999969,0.5798036009073257,0.27237628400325775,2.231433868408203,2.2842941284179688,133.0,1346,NOTRIAL
fixation,510841.74399998784,0.6208513915538788,0.2778484493494034,2.2374114990234375,2.34854736328125,174.0,1347,NOTRIAL
fixation,511275.0939999819,0.631210134787993,0.2736248793927106,2.2664961381392046,2.424917047674006,367.0,1348,NOTRIAL
fixation,511675.1049999893,0.6486754059791565,0.27173428535461425,2.236236572265625,2.427191162109375,167.0,1349,NOTRIAL
fixation,511875.11199998856,0.5735159624706615,0.2828608819029548,2.2102841463955967,2.3715709339488638,367.0,1350,NOTRIAL
fixation,512275.125,0.6382787466049195,0.488859553138415,2.1846527099609374,2.317041015625,508.0,1351,NOTRIAL
fixation,513141.82099998,0.6349552571773529,0.5299174636602402,2.1061134338378906,,125.0,1352,NOTRIAL
fixation,513308.49099999666,0.6357705071568489,0.5062883980572224,2.167064666748047,2.3626327514648438,134.0,1353,NOTRIAL
fixation,513475.1629999876,0.6389355659484863,0.6732590397198995,2.114100138346354,2.2721074422200522,200.0,1354,NOTRIAL
fixation,513808.5079999864,0.5769067390968925,0.48713401822667374,2.1044953998766447,2.2402623494466147,634.0,1355,NOTRIAL
fixation,514541.8629999757,0.6145523389180502,0.6672148605187734,2.0683797200520835,2.1865081787109375,100.0,1356,NOTRIAL
fixation,514708.5370000005,0.6176068425178528,0.6759048759937286,2.0830596923828124,2.214617919921875,167.0,1357,NOTRIAL
fixation,514908.54299998283,0.6282102465629578,0.6796015858650207,2.0529022216796875,,167.0,1358,NOTRIAL
fixation,515108.55099999905,0.645516961812973,0.6868553012609482,2.0631256103515625,,134.0,1359,NOTRIAL
fixation,515275.2199999988,0.647697369257609,0.6849124232927958,2.0442352294921875,2.1507110595703125,100.0,1360,NOTRIAL
fixation,515508.5649999976,0.49058615788817406,0.5046889123817285,2.0927759806315103,2.1969940185546877,408.0,1361,FIX_CROS
fixation,516275.25599998236,0.48308978229761124,0.4432652182877064,2.1566123962402344,2.2480850219726562,125.0,1362,FIX_CROS
fixation,516441.92999997735,0.41495724643270177,0.4517812728881836,2.2243499755859375,2.3249219258626304,400.0,1363,FIX_CROS
fixation,516875.27799999714,0.3534393459558487,0.4273141324520111,2.2170486450195312,2.28509521484375,67.0,1364,7.2
fixation,517008.6180000007,0.2441126275807619,0.42055072635412216,2.2346229553222656,2.2635116577148438,134.0,1365,7.2
fixation,517175.28999999166,0.20061534767349562,0.41030652572711307,2.1677068074544272,2.2637252807617188,208.0,1366,7.2
fixation,517741.97899997234,0.29914788603782655,0.44211860150098803,2.2189971923828127,2.2283355712890627,325.0,1367,7.2
fixation,518108.6589999795,0.3270861729979515,0.43238047510385513,2.2405166625976562,2.2365646362304688,134.0,1368,7.2
fixation,518275.3329999745,0.4360945870478948,0.4087493598461151,2.161182657877604,2.213215128580729,500.0,1369,7.2
fixation,518842.0189999938,0.5124226450920105,0.40113080739974977,2.12886962890625,2.219866943359375,167.0,1370,7.2
fixation,519042.0269999802,0.5711871460080147,0.405200757086277,2.1448898315429688,2.241771697998047,133.0,1371,7.2
fixation,519208.69900000095,0.6280449330806732,0.4038783311843872,2.151357014973958,2.2609659830729165,108.0,1372,7.2
fixation,519675.3859999776,0.7387496650218963,0.38809221386909487,2.1598297119140626,2.3032012939453126,167.0,1373,7.2
fixation,519875.3939999938,0.7951489865779877,0.37869072556495664,2.1366943359375,2.3085968017578127,167.0,1374,7.2
fixation,520108.73299998045,0.29585424438118935,0.4437868818640709,2.1161651611328125,2.261096954345703,133.0,1375,7.2
fixation,520275.40699997544,0.22746452440818152,0.46021924664576846,2.1153564453125,2.18218994140625,200.0,1376,7.2
fixation,520508.7489999831,0.28850120802720386,0.48664628714323044,2.1656621297200522,2.1619033813476562,200.0,1377,7.2
fixation,520742.0919999778,0.3587505966424942,0.49152301251888275,2.1225738525390625,2.1648941040039062,75.0,1378,7.2
fixation,521275.44499999285,0.668245534102122,0.4844765439629555,2.1444371541341147,2.2799962361653647,200.0,1379,7.2
fixation,521542.11899998784,0.4940987914800644,0.5548251986503601,2.09354248046875,2.132684326171875,167.0,1380,7.2
fixation,521742.12699997425,0.7603005409240723,0.5012876838445663,2.1420196533203124,2.2732879638671877,167.0,1381,7.2
fixation,521942.1329999864,0.8056556923048837,0.4767977659191404,2.110907418387277,2.2487574986049106,233.0,1382,7.2
fixation,522242.1399999857,0.5405852571129799,0.4890257027000189,2.0710716247558594,2.2033748626708984,275.0,1383,NOTRIAL
fixation,522808.8289999962,0.416842982172966,0.2900957191983859,2.2096379597981772,2.2845077514648438,192.0,1384,NOTRIAL
fixation,523042.1659999788,0.3340619749882642,0.29121964205713835,2.2218134262982536,2.301496617934283,575.0,1385,NOTRIAL
fixation,524075.5349999964,0.42640532897068906,0.2884757805329103,2.2535236065204325,2.294612004206731,434.0,1386,NOTRIAL
fixation,524542.2199999988,0.4871117979288101,0.2813557058572769,2.205545043945312,2.2688018798828127,175.0,1387,NOTRIAL
fixation,525008.9009999931,0.4889311470091343,0.2928263433277607,2.2342453002929688,2.378440093994141,658.0,1388,NOTRIAL
fixation,525708.923999995,0.3477980155836452,0.49783573593154096,2.2059691458037407,2.284827954841383,1100.0,1389,NOTRIAL
fixation,526875.625,0.6083281934261322,0.6782401204109192,2.1843338012695312,2.2499008178710938,134.0,1390,NOTRIAL
fixation,527042.295999974,0.6478421737750372,0.70268714427948,2.1906941731770835,2.2798334757486978,208.0,1391,NOTRIAL
fixation,527575.6449999809,0.64386680492988,0.7281316656332749,2.0869680551382213,,442.0,1392,NOTRIAL
fixation,528167.3259999752,0.4822049748439055,0.46610767910113704,2.1021341177133412,2.2113271859975963,434.0,1393,NOTRIAL
fixation,528667.3429999948,0.3659426479077921,0.4965539011286526,2.194345985970846,2.249146624309261,1367.0,1394,NOTRIAL
fixation,530100.7199999988,0.4717237154642741,0.4859780967235565,2.15966796875,2.2305196126302085,108.0,1395,NOTRIAL
fixation,531034.0819999874,0.4178045019507408,0.8730728924274445,2.0183448791503906,2.1463165283203125,133.0,1396,19
fixation,531200.7539999783,0.4946305751800537,0.8565637270609537,2.0092569986979165,,108.0,1397,19
fixation,531967.4449999928,0.4842178844488584,0.36289890798238605,2.121891902043269,2.2005697397085338,434.0,1398,19
fixation,532500.795999974,0.4954734414815903,0.8168544977903366,1.9566421508789062,2.034288024902344,333.0,1399,19
fixation,532867.47299999,0.5160702566305796,0.8496981263160706,1.93316650390625,2.068878173828125,100.0,1400,19
fixation,533000.8129999936,0.5567349493503571,0.8487887680530548,1.9238739013671875,,133.0,1401,19
fixation,533200.8189999759,0.4662161519130071,0.5033082962036133,2.044825236002604,2.1165313720703125,200.0,1402,19
fixation,533434.1599999964,0.46763581534226734,0.40299444397290546,2.05328369140625,2.1378682454427085,108.0,1403,19
fixation,533867.5099999905,0.45849484843867166,0.40305398191724506,2.2144775390624996,2.2894701276506697,226.0,1404,19
fixation,534134.1819999814,0.45471872985363004,0.635450945297877,2.257979329427083,2.345142618815104,508.0,1405,19
fixation,534967.5419999957,0.4855567043026288,0.43481787542502087,2.2763544718424478,2.3888880411783853,200.0,1406,19
fixation,535200.8819999993,0.45964805947409737,0.393868754307429,2.321957058376736,2.4615851508246527,300.0,1407,19
fixation,535534.2279999852,0.48459233716130257,0.3487134724855423,2.3009872436523438,2.444255828857422,275.0,1408,19
fixation,536134.246999979,0.4890006333589554,0.35112497210502625,2.253718058268229,2.395904541015625,92.0,1409,19
fixation,536267.5869999826,0.4587297909534894,0.39398238177482897,2.3423860990084133,2.4428206223707933,434.0,1410,19
fixation,536734.271999985,0.4413456112146378,0.367163248360157,2.2879241943359374,2.4078689575195313,333.0,1411,19
fixation,537100.9499999881,0.4060909003019333,0.3769699079649789,2.256964547293527,2.371924264090402,241.0,1412,19
fixation,537700.9759999812,0.43746941685676577,0.40504292845726014,2.3104156494140624,2.431024169921875,158.0,1413,19
fixation,537900.9819999933,0.47255491515000664,0.445784526069959,2.3731282552083335,2.493269856770833,500.0,1414,19
fixation,538434.3329999745,0.6013555356434414,0.5082253579582486,2.296545846121652,2.440026419503348,242.0,1415,19
fixation,539067.6939999759,0.47646445284287137,0.4141234755516052,2.368921915690104,2.5181452433268228,192.0,1416,19
fixation,539301.0359999835,0.45410641485994513,0.3764431286941875,2.3302459716796875,2.4864751642400567,375.0,1417,19
fixation,539934.3929999769,0.44602050880591076,0.3713042587041855,2.2842381795247397,2.4087422688802085,192.0,1418,19
fixation,540167.7349999845,0.433782737268958,0.360533892068752,1.8428124716115553,1.9104312715076266,1566.0,1419,19
fixation,541767.7939999998,0.4164151940494776,0.35872489400207996,1.8063850402832031,1.8373794555664062,274.0,1420,19
fixation,542634.4899999797,0.4697486230960259,0.368722888139578,2.055052537184495,2.11380122258113,426.0,1421,19
fixation,543134.5059999824,0.44801264646507444,0.65276871408735,1.9908643450055803,1.9871713738692434,700.0,1422,19
fixation,543901.1969999969,0.46819480711763556,0.3909848467870192,2.0587158203125,2.1186759255149146,367.0,1423,19
fixation,544301.2129999995,0.42416610320409137,0.39047485291957856,2.073511759440104,2.135462443033854,500.0,1424,19
fixation,544834.5629999936,0.4600534662604332,0.3729537591338158,2.1102569580078123,2.2002655029296876,334.0,1425,FIX_CROS
fixation,545901.2669999897,0.3478806257247925,0.4336142003536224,2.230902099609375,2.2900787353515626,167.0,1426,19.1
fixation,546134.6019999981,0.23135876283049583,0.3602728247642517,2.19854736328125,2.2963943481445312,67.0,1427,19.1
fixation,546234.6039999723,0.19644309473889215,0.32829332777432035,2.1588657924107144,2.2368927001953125,234.0,1428,19.1
fixation,546501.2829999924,0.2429582066833973,0.3208872713148594,2.1215782165527344,2.161121368408203,133.0,1429,19.1
fixation,546701.2909999788,0.29361625760793686,0.317551888525486,2.0865554809570312,2.1660537719726562,75.0,1430,19.1
fixation,547101.3029999733,0.3753362655639648,0.3368146002292633,2.18818359375,2.245310974121094,325.0,1431,19.1
fixation,547467.9829999804,0.4188088998198509,0.3278968334197998,2.1516596476236978,2.2077713012695312,200.0,1432,19.1
fixation,547701.32099998,0.4464462449153264,0.3256123463312785,2.1466776529947915,2.1859893798828125,108.0,1433,19.1
fixation,548201.3379999995,0.5345474034547806,0.3277450978755951,2.212413024902344,2.2906570434570312,334.0,1434,19.1
fixation,548568.0189999938,0.5804670055707296,0.3170483609040578,2.1900634765625,2.2921600341796875,200.0,1435,19.1
fixation,548801.3619999886,0.6138637810945511,0.31838005781173706,2.159698486328125,2.2961196899414062,75.0,1436,19.1
fixation,549201.3739999831,0.6836232344309489,0.3026369959115982,2.221037122938368,2.312447441948785,300.0,1437,19.1
fixation,549534.7189999819,0.7662301977475484,0.2975225389003754,2.160069783528646,2.3013427734375,500.0,1438,19.1
fixation,550334.7459999919,0.20231777926286063,0.4391289949417114,2.096288045247396,2.224482218424479,92.0,1439,19.1
fixation,550468.0839999914,0.1760550154881044,0.40878525511784986,2.1482779762961646,2.2536191073330967,367.0,1440,19.1
fixation,550868.0969999731,0.2216645603378614,0.3967873603105545,2.084869384765625,2.0968170166015625,108.0,1441,19.1
fixation,551334.7789999843,0.2968172818422318,0.41472477912902833,2.061566162109375,2.0830169677734376,166.0,1442,19.1
fixation,551534.7859999835,0.3733684228999274,0.4013228267431259,2.0175388881138394,2.057218279157366,233.0,1443,19.1
fixation,551801.4619999826,0.4212477058172226,0.3987589464946227,1.9962685324928977,2.0440618341619317,367.0,1444,19.1
fixation,552201.474999994,0.4666101336479187,0.4074503779411316,2.040252685546875,2.0731404622395835,100.0,1445,19.1
fixation,552334.8129999936,0.5102897683779398,0.3988726983467738,2.0304361979166665,2.0914382934570312,200.0,1446,19.1
fixation,552568.1479999721,0.5395238250494003,0.39481569081544876,2.045989990234375,2.105541229248047,133.0,1447,19.1
fixation,552734.8249999881,0.5927507877349854,0.3953799605369568,2.0632400512695312,2.153961181640625,74.0,1448,19.1
fixation,553134.8399999738,0.5224914997816086,0.40057031703846796,2.1024791172572543,2.196795872279576,466.0,1449,19.1
fixation,553634.8569999933,0.5404525816440582,0.3926659017801285,2.1123931884765623,2.16751708984375,166.0,1450,19.1
fixation,553834.8619999886,0.584503044684728,0.39667946100234985,2.097223917643229,2.147369384765625,100.0,1451,19.1
fixation,554001.5359999835,0.7172008965696607,0.3969144608293261,2.116396222795759,2.2548435756138394,234.0,1452,19.1
fixation,554268.2119999826,0.7687305137515068,0.4087991937994957,2.1410751342773438,2.2906875610351562,133.0,1453,19.1
fixation,554734.8909999728,0.19313002675771712,0.5356761559844017,2.2126953125,2.2113525390625,325.0,1454,19.1
fixation,555134.9059999883,0.2604053405423959,0.5066187754273415,2.1508712768554688,2.158025105794271,200.0,1455,19.1
fixation,555368.2459999919,0.2912568151950836,0.49939726541439694,2.1313985188802085,2.1054000854492188,200.0,1456,19.1
fixation,555601.5889999866,0.32613572207364167,0.4990868866443634,2.091368241743608,2.0974578857421875,367.0,1457,19.1
fixation,556034.9359999895,0.4276917390525341,0.47767700627446175,2.0343856811523438,2.0492286682128906,133.0,1458,19.1
fixation,556201.6079999804,0.43147657066583633,0.4994796812534332,2.0922927856445312,2.1022109985351562,67.0,1459,19.1
fixation,556334.9449999928,0.5749810725450516,0.48195541799068453,2.0798095703125,2.126329040527344,333.0,1460,19.1
fixation,557101.6429999769,0.767919547855854,0.4709922671318054,2.0449600219726562,2.145549774169922,134.0,1461,19.1
fixation,557534.9930000007,0.19827758334577084,0.6170861274003983,2.1617355346679688,2.1637115478515625,133.0,1462,19.1
fixation,557701.6679999828,0.17262056469917297,0.6032260258992513,2.1530575222439237,2.160792032877604,301.0,1463,19.1
fixation,558035.0149999857,0.2262530392035842,0.6130956076085567,2.158842086791992,2.085142135620117,267.0,1464,19.1
fixation,558335.0279999971,0.27473772764205934,0.6021012783050537,2.1427520751953124,2.0883697509765624,167.0,1465,19.1
fixation,558535.0349999964,0.3112967610359192,0.602999081214269,2.1363677978515625,2.0696767171223955,108.0,1466,19.1
fixation,558968.3859999776,0.37191419303417206,0.6387675702571869,2.1677818298339844,,126.0,1467,19.1
fixation,559135.0599999726,0.4131635214601244,0.5830036742346627,2.133322579520089,2.093707275390625,233.0,1468,19.1
fixation,559435.072999984,0.45850064357121784,0.5638278226057688,2.09625244140625,2.033757527669271,100.0,1469,19.1
fixation,559701.746999979,0.5083350390195847,0.557795524597168,2.056407928466797,2.033905029296875,133.0,1470,19.1
fixation,559868.420999974,0.5470483377575874,0.5478684902191162,2.0384483337402344,2.0262603759765625,134.0,1471,19.1
fixation,560035.0959999859,0.5926562079361507,0.5643480207238879,2.02398681640625,2.1031014578683034,233.0,1472,19.1
fixation,560301.7709999979,0.7167579631010691,0.5721022834380468,2.0371119181315103,2.151189168294271,200.0,1473,19.1
fixation,560535.1159999967,0.7949743345379829,0.5682412758469582,2.0266342163085938,2.1143341064453125,141.0,1474,19.1
fixation,561035.1379999816,0.2167589385062456,0.692548967897892,2.066455841064453,2.0574417114257812,125.0,1475,19.1
fixation,561201.8079999983,0.2505602613091469,0.6951615512371063,2.1133143107096353,2.1094868977864585,200.0,1476,19.1
fixation,561535.1559999883,0.3790253872672717,0.6867405076821645,2.0427118937174478,2.000872802734375,200.0,1477,19.1
fixation,561768.4939999878,0.455154812335968,0.6470182120800019,1.993988037109375,2.0002975463867188,167.0,1478,19.1
fixation,562001.8409999907,0.6013287504514059,0.638847827911377,1.9851735432942708,1.9552230834960938,100.0,1479,19.1
fixation,562135.1769999862,0.6062026917934418,0.6477002501487732,1.9851150512695312,,67.0,1480,19.1
fixation,562368.5179999769,0.6900107681751251,0.6408410966396332,2.0511322021484375,2.1245697021484373,167.0,1481,19.1
fixation,562568.523999989,0.7314529716968536,0.636161615451177,2.060150146484375,2.135157267252604,100.0,1482,19.1
fixation,562701.8609999716,0.8015023734834459,0.6361503899097443,2.056644015842014,2.11246575249566,300.0,1483,NOTRIAL
fixation,563268.5479999781,0.5474226474761963,0.27595097571611404,2.1119664510091147,2.2008870442708335,192.0,1484,NOTRIAL
fixation,563501.8899999857,0.6267191780650098,0.2815268098012261,2.1475305971891983,2.268741110096807,766.0,1485,NOTRIAL
fixation,564301.9159999788,0.6483525757988294,0.5047139177719752,2.130701700846354,2.282024383544922,808.0,1486,NOTRIAL
fixation,565335.2849999964,0.6401898711919785,0.6986956506967544,2.0538566589355467,,659.0,1487,NOTRIAL
fixation,566068.6429999769,0.5075615644454956,0.5379110649228096,2.0794754028320312,2.1377105712890625,67.0,1488,FIX_CROS
fixation,566168.6449999809,0.5060187578201294,0.546222522854805,2.089202880859375,,67.0,1489,FIX_CROS
fixation,566268.6479999721,0.5038013905286789,0.529299795627594,2.0844192504882812,2.158554077148437,75.0,1490,FIX_CROS
fixation,566968.6699999869,0.3138652904467149,0.38487743789499457,2.290433016690341,2.3497730601917612,366.0,1491,FIX_CROS
fixation,567368.6839999855,0.2854904660156795,0.4997952516589846,2.2268545968191966,2.299224853515625,233.0,1492,19.2
fixation,567635.3619999886,0.3452071590082986,0.5029031038284302,2.2418975830078125,2.242305210658482,234.0,1493,19.2
fixation,567902.0359999835,0.37991978228092194,0.4967092603445053,2.15540771484375,2.2116729736328127,167.0,1494,19.2
fixation,568102.0379999876,0.4239516531427701,0.49835728605588275,2.1653035481770835,2.1794255574544272,200.0,1495,19.2
fixation,568335.3849999905,0.4634834617376328,0.49723591208457946,2.147540283203125,2.1927459716796873,167.0,1496,19.2
fixation,568535.3889999986,0.4966450035572052,0.49672822281718254,2.1597747802734375,2.2144126892089844,134.0,1497,19.2
fixation,568702.0629999936,0.5272193476557732,0.5028564445674419,2.1613922119140625,2.2505416870117188,133.0,1498,19.2
fixation,568868.7309999764,0.5730039179325104,0.4901346762975057,2.146764119466146,2.239288330078125,108.0,1499,19.2
fixation,569368.75,0.6291117072105408,0.48611606657505035,2.1872634887695312,2.3308792114257812,66.0,1500,19.2
fixation,569468.75,0.6953836590051651,0.47949305474758147,2.1285171508789062,2.298051452636719,333.0,1501,19.2
fixation,569835.4289999902,0.7242071330547333,0.4794831648468971,2.128162384033203,2.2620887756347656,142.0,1502,19.2
fixation,570302.1139999926,0.700008065384977,0.4688660002806607,2.1245619829963234,2.3022344252642464,1125.0,1503,19.2
fixation,571502.1539999843,0.6471684133564984,0.27689345401746257,2.191939177336516,2.3392187047887734,900.0,1504,NOTRIAL
fixation,572435.5189999938,0.6436304599046707,0.4787815324962139,2.175048828125,2.3526458740234375,267.0,1505,NOTRIAL
fixation,572735.5279999971,0.6407339998653957,0.49539090267249514,2.199774605887277,2.371767316545759,234.0,1506,NOTRIAL
fixation,573035.5399999917,0.6310501565103945,0.6703789195288783,2.1310657003651494,2.278753529424253,767.0,1507,NOTRIAL
fixation,573835.5649999976,0.47521933913230896,0.48442656885493884,2.1405265114524146,2.2592717950994317,367.0,1508,NOTRIAL
fixation,574268.9129999876,0.620722036151325,0.48070407702642326,2.1573513255399814,2.3309137680951286,574.0,1509,NOTRIAL
fixation,575102.273999989,0.4329395017453602,0.4647046114717211,2.174429757254464,2.2910635811941966,225.0,1510,NOTRIAL
fixation,575768.9649999738,0.4849411234259605,0.4677411615848541,2.239912414550781,2.307667541503906,333.0,1511,24
fixation,576235.6459999979,0.4102279891570409,0.8427461981773376,2.0941670735677085,2.317901611328125,100.0,1512,24
fixation,576368.9849999845,0.46872490644454956,0.8685978770256042,2.1010589599609375,,166.0,1513,24
fixation,576568.9909999967,0.5578919649124146,0.8671314915021261,2.0548095703125,2.168121337890625,108.0,1514,24
fixation,576969.0039999783,0.5275460282961527,0.5629223187764486,2.1291325887044272,,192.0,1515,24
fixation,577235.6809999943,0.5141178685076097,0.4700433524215923,2.1522270651424633,2.2785150864545036,574.0,1516,24
fixation,578069.0439999998,0.5458789103560977,0.5201182232962714,2.124198065863715,2.2159288194444446,300.0,1517,24
fixation,578402.3879999816,0.5217061766556331,0.5477998277970723,2.139925275530134,2.211145673479353,467.0,1518,24
fixation,578902.4059999883,0.49321589725358145,0.5488413103989193,2.1159842354910716,2.2033233642578125,234.0,1519,24
fixation,579169.0849999785,0.5238191857933998,0.5765174105763435,2.13922119140625,2.2248764038085938,275.0,1520,24
fixation,579702.4369999766,0.5502882351477941,0.5197886290649573,2.181114832560221,2.3282750447591147,792.0,1521,24
fixation,580535.7979999781,0.5222056778994474,0.46335214376449585,2.1293501420454546,2.2987615411931817,374.0,1522,24
fixation,581235.8219999969,0.5278673134744167,0.45855613052845,2.1390743255615234,2.2797889709472656,258.0,1523,24
fixation,581569.1699999869,0.5358784411634717,0.5510879244123187,2.1181858607700894,2.209570748465402,241.0,1524,24
fixation,582102.5189999938,0.4517278014258905,0.3884047730402513,2.1580866033380683,2.2385503595525567,726.0,1525,24
fixation,582869.2139999866,0.38319583071602714,0.41997503903177047,2.107962714301215,2.1700337727864585,300.0,1526,24
fixation,583235.8929999769,0.41630056435647217,0.6164448002110356,2.138257897418478,2.133086464621804,774.0,1527,24
fixation,584435.9339999855,0.48898176848888397,0.47081994853521647,2.163494712428043,2.239424856085526,625.0,1528,FIX_CROS
fixation,585135.9569999874,0.33850716054439545,0.3879958763718605,2.2333831787109375,2.2721710205078125,66.0,1529,24.1
fixation,585235.9599999785,0.21201612800359726,0.32957208901643753,2.2109336853027344,2.283802032470703,133.0,1530,24.1
fixation,585402.6329999864,0.18082407303154469,0.32467763498425484,2.198568344116211,2.239055633544922,267.0,1531,24.1
fixation,585735.9769999981,0.27599452435970306,0.3346126824617386,2.1908111572265625,2.1998138427734375,74.0,1532,24.1
fixation,586102.6559999883,0.23010246455669403,0.34583549201488495,2.159368896484375,2.190252685546875,159.0,1533,24.1
fixation,586302.6629999876,0.16156474214333755,0.3339796857191966,2.2250284048227162,2.251622126652644,434.0,1534,24.1
fixation,586769.3439999819,0.2702123373746872,0.32132643461227417,2.1425882975260415,2.1735102335611978,200.0,1535,24.1
fixation,587002.6849999726,0.3348018527030945,0.32345353563626605,2.1422017415364585,2.161219278971354,108.0,1536,24.1
fixation,587802.7109999955,0.33273894526064396,0.34047827683389187,2.190380096435547,2.2366714477539062,258.0,1537,24.1
fixation,588136.0559999943,0.4784551374614239,0.31578559055924416,2.114508628845215,2.178248405456543,533.0,1538,24.1
fixation,588702.7399999797,0.434251394122839,0.3169691078364849,2.1176700592041016,2.1443538665771484,266.0,1539,24.1
fixation,589002.7509999871,0.47523510828614235,0.32470736652612686,2.1140518188476562,2.153423309326172,133.0,1540,24.1
fixation,589669.4349999726,0.6928631439805031,0.30783430114388466,2.1142921447753906,2.192371368408203,134.0,1541,24.1
fixation,589869.4429999888,0.7695420205593109,0.30816265642642976,2.08016357421875,2.19134521484375,167.0,1542,24.1
fixation,590069.4499999881,0.8059955537319183,0.3007866144180298,2.043187459309896,2.1584625244140625,108.0,1543,24.1
fixation,590402.795999974,0.18863012144962946,0.39123760163784027,2.0136210123697915,2.090601603190104,100.0,1544,24.1
fixation,590536.1329999864,0.1811474146587508,0.41230606181280954,2.059798104422433,2.132281712123326,467.0,1545,24.1
fixation,591036.148999989,0.25843698034683865,0.41159970313310623,2.0606206258138022,2.080103556315104,200.0,1546,24.1
fixation,591269.4869999886,0.2991571664810181,0.4097826719284058,2.07451171875,2.0388031005859375,167.0,1547,24.1
fixation,591502.8319999874,0.36245881766080856,0.4023585543036461,2.0682144165039062,2.0391998291015625,133.0,1548,24.1
fixation,591702.8369999826,0.4458998292684555,0.4086239164074262,2.0445327758789062,2.0609334309895835,200.0,1549,24.1
fixation,591936.1799999774,0.4726855605840683,0.41030194610357285,2.0493507385253906,2.072071075439453,133.0,1550,24.1
fixation,592102.8509999812,0.5263477265834808,0.41419434547424316,2.0548095703125,2.1028976440429688,74.0,1551,24.1
fixation,592469.5309999883,0.5838030108383724,0.3996586331299373,2.0892181396484375,2.148463657924107,226.0,1552,24.1
fixation,592769.5399999917,0.6496141999959946,0.40278206020593643,2.1241989135742188,2.211639404296875,75.0,1553,24.1
fixation,593269.5569999814,0.7517006761497922,0.38818123439947766,2.139127943250868,2.221552530924479,300.0,1554,24.1
fixation,593602.9039999843,0.8040962550375197,0.3917929579814275,2.1089240180121527,2.2153862847222223,308.0,1555,24.1
fixation,594202.9199999869,0.1754799778573215,0.50842116586864,2.161646842956543,2.1518239974975586,525.0,1556,24.1
fixation,594769.6099999845,0.21271183921231163,0.49713733461168075,2.1170535617404513,2.1068301730685763,300.0,1557,24.1
fixation,595136.2839999795,0.27941704222134184,0.5169649486030851,2.1631927490234375,2.1380222865513394,233.0,1558,24.1
fixation,595402.9619999826,0.34938668956359226,0.5121344154079756,2.13653564453125,2.1469217936197915,200.0,1559,24.1
fixation,595636.2979999781,0.40513215959072113,0.4968372732400894,2.1182937622070312,2.1166763305664062,75.0,1560,24.1
fixation,596102.9879999757,0.34573742374777794,0.5400362610816956,2.194408416748047,2.245223999023437,141.0,1561,24.1
fixation,596569.6659999788,0.5312607983748118,0.46751683453718823,2.1665242513020835,2.1743265787760415,101.0,1562,24.1
fixation,596703.0049999952,0.490893166926172,0.49059735900825924,2.1748216417100696,2.2380167643229165,300.0,1563,24.1
fixation,597036.3429999948,0.5383051700062222,0.48920851780308616,2.077787611219618,2.1471405029296875,300.0,1564,24.1
fixation,597369.6929999888,0.6212376975096189,0.48547435379945314,2.0612217829777646,2.138500507061298,433.0,1565,24.1
fixation,597836.372999996,0.6630324771006902,0.47761566440264386,2.078058878580729,2.124059041341146,200.0,1566,24.1
fixation,598069.7179999948,0.7045446261763573,0.49147219583392143,2.0932655334472656,2.1972122192382812,141.0,1567,24.1
fixation,598536.3979999721,0.7957623104254404,0.4799397364258766,2.075525919596354,2.2156219482421875,192.0,1568,24.1
fixation,598836.4079999924,0.25692931935191154,0.5570459291338921,2.123992919921875,2.1551589965820312,134.0,1569,24.1
fixation,599003.0810000002,0.20796087880929312,0.5968345801035563,2.1297378540039062,2.1130243937174478,200.0,1570,24.1
fixation,599236.420999974,0.1788897469639778,0.606885838508606,2.0979583740234373,2.083563232421875,167.0,1571,24.1
fixation,599436.425999999,0.3665528419342908,0.5844642682508989,2.027895840731534,2.016177090731534,367.0,1572,24.1
fixation,599836.4379999936,0.43885551393032074,0.5821232348680496,2.046173095703125,2.0821914672851562,67.0,1573,24.1
fixation,600069.7819999754,0.48886043578386307,0.5621237754821777,2.0564804077148438,2.0541534423828125,74.0,1574,24.1
fixation,600503.1289999783,0.54645307858785,0.5971423188845316,2.063776652018229,,92.0,1575,24.1
fixation,600636.4649999738,0.5750935673713684,0.5821879208087921,2.0911178588867188,2.099594116210937,134.0,1576,24.1
fixation,600803.1379999816,0.6154381781816483,0.5338148176670074,2.0620651245117188,2.1175460815429688,75.0,1577,24.1
fixation,601669.8329999745,0.46366332471370697,0.6716488972306252,1.9904136657714844,2.0027313232421875,266.0,1578,24.1
fixation,602003.1789999902,0.5581971406936646,0.6587975025177002,1.9917068481445312,2.054840087890625,67.0,1579,24.1
fixation,602203.1859999895,0.5860882759094238,0.6624121069908142,1.9573577880859374,,167.0,1580,24.1
fixation,602436.5259999931,0.6621163742882865,0.6601628065109253,1.9890027727399553,,242.0,1581,24.1
fixation,602761.5379999876,0.6436313920550876,0.662164204650455,1.9849209255642362,,302.0,1582,NOTRIAL
fixation,603128.2149999738,0.46374968332903727,0.4613575892789023,2.059688023158482,2.13336181640625,233.0,1583,NOTRIAL
fixation,603394.8899999857,0.5575014889240265,0.2740520887076855,2.105482482910156,2.177293395996094,333.0,1584,NOTRIAL
fixation,603761.5699999928,0.6280050804981818,0.2696297111419531,2.1223672720102162,2.198169414813702,442.0,1585,NOTRIAL
fixation,604428.2599999905,0.6353953517973423,0.45259789004921913,2.1450538635253906,2.244450251261393,792.0,1586,NOTRIAL
fixation,605261.619999975,0.6484014809131622,0.6731971323490142,2.09439697265625,2.2211700439453126,167.0,1587,NOTRIAL
fixation,605461.6279999912,0.6454991579055787,0.6970494747161865,2.1082763671875,2.25836181640625,167.0,1588,NOTRIAL
fixation,605728.300999999,0.6436910152435302,0.7078833222389221,2.097967529296875,2.2537994384765625,167.0,1589,NOTRIAL
fixation,605961.6449999809,0.44461753964424133,0.486892764767011,2.1351199679904513,2.198209974500868,300.0,1590,FIX_CROS
fixation,606294.9879999757,0.4488071799278259,0.5038824528455734,2.1094512939453125,2.200180053710937,74.0,1591,FIX_CROS
fixation,606695.0029999912,0.4816007658839226,0.45225719809532167,2.1264076232910156,2.203269195556641,659.0,1592,FIX_CROS
fixation,607395.021999985,0.42045190930366516,0.404389426112175,2.0880661010742188,2.1877365112304688,67.0,1593,24.2
fixation,607528.3559999764,0.24242834995190302,0.34847794969876605,2.1460418701171875,2.213902791341146,100.0,1594,24.2
fixation,607661.69599998,0.18179735647780554,0.3268961118800299,2.0977652413504466,2.178656441824777,241.0,1595,24.2
fixation,608228.3799999952,0.21673457324504852,0.3471153397113085,2.1033153533935547,2.097005844116211,267.0,1596,24.2
fixation,608561.7219999731,0.2668021321296692,0.337650902569294,2.1255626678466797,2.1267452239990234,266.0,1597,24.2
fixation,608861.7299999893,0.32824240760369733,0.32899779216809705,2.1118011474609375,2.1085773814808237,366.0,1598,24.2
fixation,609261.7399999797,0.36547998487949374,0.3311133772134781,2.1114105224609374,2.15577392578125,166.0,1599,24.2
fixation,609495.0810000002,0.4294995541373889,0.3247455433011055,2.1239547729492188,2.1635894775390625,200.0,1600,24.2
fixation,609728.4229999781,0.49953109622001646,0.31805762052536013,2.1242584228515624,2.1779876708984376,167.0,1601,24.2
fixation,609928.4249999821,0.5745455920696259,0.3161984831094742,2.118352254231771,2.190129597981771,108.0,1602,24.2
fixation,610328.4379999936,0.6860467323235103,0.3034567130463464,2.178501674107143,2.2367444719587053,226.0,1603,24.2
fixation,610595.1119999886,0.7252731695771217,0.3075466454029083,2.1512222290039062,2.2771263122558594,133.0,1604,24.2
fixation,610795.1169999838,0.8005032762885094,0.297483641654253,2.1048851013183594,2.197967529296875,141.0,1605,24.2
fixation,611195.1299999952,0.21986721207698187,0.38089558978875476,2.080052693684896,2.138147989908854,92.0,1606,24.2
fixation,611328.4659999907,0.17322022318840027,0.39010619521141054,2.1244110107421874,2.1786407470703124,167.0,1607,24.2
fixation,611528.4719999731,0.18650432427724203,0.397360198199749,2.1432978312174478,2.1297531127929688,200.0,1608,24.2
fixation,611795.148999989,0.25836536784966785,0.4188275883595149,2.131261189778646,2.12396240234375,108.0,1609,24.2
fixation,612295.1649999917,0.44887920171022416,0.41525289565324786,2.1623794555664064,2.218817138671875,333.0,1610,24.2
fixation,612661.8439999819,0.4986785724759102,0.40302877128124237,2.1377944946289062,2.1821746826171875,74.0,1611,24.2
fixation,613028.5249999762,0.5679153427481651,0.3859412632882595,2.1055831909179688,2.1704177856445312,126.0,1612,24.2
fixation,613195.1949999928,0.5869920551776886,0.39418379589915276,2.1168136596679688,2.220630645751953,133.0,1613,24.2
fixation,613361.8669999838,0.6394570171833038,0.39156801501909894,2.1196441650390625,2.2182820638020835,108.0,1614,24.2
fixation,613728.545999974,0.6998624801635742,0.37279029563069344,2.090991973876953,2.1585960388183594,126.0,1615,24.2
fixation,613895.2149999738,0.7305822446942329,0.3697984218597412,2.115558624267578,2.1800765991210938,267.0,1616,24.2
fixation,614195.2299999893,0.7715125779310862,0.36279576520125073,2.0777791341145835,2.120452880859375,100.0,1617,24.2
fixation,614328.5659999847,0.808804452419281,0.373327578107516,2.068832397460937,2.1371561686197915,200.0,1618,24.2
fixation,614628.5769999921,0.19582132995128632,0.4789382902284463,2.0468533833821616,2.1250089009602866,400.0,1619,24.2
fixation,615061.9249999821,0.2689187005162239,0.512099951505661,2.0902633666992188,2.0556983947753906,133.0,1620,24.2
fixation,615228.5959999859,0.3628736473619938,0.5054509863257408,2.070842742919922,2.059581756591797,142.0,1621,24.2
fixation,615795.2809999883,0.4418976604938507,0.49498417377471926,2.14320068359375,2.1275115966796876,159.0,1622,24.2
fixation,616361.9669999778,0.5416232496500015,0.44938526799281436,2.0847269694010415,2.1268463134765625,200.0,1623,24.2
fixation,616595.3069999814,0.5860680863261223,0.4738593213260174,2.1052589416503906,2.181446075439453,133.0,1624,24.2
fixation,616761.9769999981,0.6242305934429169,0.484208345413208,2.06903076171875,2.201690673828125,74.0,1625,24.2
fixation,617195.3269999921,0.711391019821167,0.4454262524843216,2.108929443359375,2.170819091796875,159.0,1626,24.2
fixation,617395.3279999793,0.7721418397767204,0.4751753274883543,2.1209498814174106,2.2389962332589284,234.0,1627,24.2
fixation,617662.0059999824,0.8191136717796326,0.4553048759698868,2.0671157836914062,2.1607704162597656,133.0,1628,24.2
fixation,617895.34799999,0.22449501603841782,0.5871414840221405,2.1321754455566406,2.1226234436035156,134.0,1629,24.2
fixation,618062.0189999938,0.1897202772088349,0.5997719336301088,2.1546545028686523,2.100722312927246,533.0,1630,24.2
fixation,618628.7029999793,0.26030237413942814,0.6211359649896622,2.2053756713867188,2.0925140380859375,141.0,1631,24.2
fixation,619162.0529999733,0.30786433815956116,0.6182314157485962,2.1839370727539062,2.1716995239257812,75.0,1632,24.2
fixation,619695.4029999971,0.4030781537294388,0.6195131093263626,2.1595306396484375,,134.0,1633,24.2
fixation,619862.074000001,0.45525304476420086,0.5486369132995605,2.109715779622396,2.1387252807617188,100.0,1634,24.2
fixation,620028.7459999919,0.4519911344562258,0.5551164405686515,2.073093959263393,2.080134800502232,233.0,1635,24.2
fixation,620295.420999974,0.520327739417553,0.5436029881238937,2.0447235107421875,2.0293070475260415,134.0,1636,24.2
fixation,620495.4279999733,0.521116703748703,0.5337318778038025,2.006317138671875,2.0304361979166665,100.0,1637,24.2
fixation,620628.7629999816,0.49037235975265503,0.5978480577468872,2.061065673828125,,66.0,1638,24.2
fixation,620728.7689999938,0.49307111899058026,0.5535098711649576,2.0550079345703125,1.8922220865885417,100.0,1639,24.2
fixation,620895.4359999895,0.60361597687006,0.5431868061423302,2.057178497314453,2.0907363891601562,142.0,1640,24.2
fixation,621362.1180000007,0.6051346262296041,0.5582660039265951,2.0444844563802085,,92.0,1641,24.2
fixation,621495.4589999914,0.7019623451762729,0.5443667107158237,2.1156463623046875,2.1997612847222223,300.0,1642,24.2
fixation,621828.798999995,0.7523833155632019,0.5518408954143524,2.085101318359375,2.20135498046875,166.0,1643,24.2
fixation,622028.8079999983,0.7983220269282659,0.5509780496358871,2.0613250732421875,2.162378946940104,200.0,1644,24.2
fixation,622328.8179999888,0.3754684527715047,0.6414880653222402,2.083282470703125,2.047185262044271,100.0,1645,24.2
fixation,622462.1550000012,0.3423808980733156,0.6761283501982689,2.079387664794922,2.043513706752232,267.0,1646,24.2
fixation,623262.1839999855,0.4286304811636607,0.6831898788611094,2.0314788818359375,,200.0,1647,24.2
fixation,623528.8569999933,0.48522577931483585,0.6663088500499725,2.0030899047851562,2.2331695556640625,200.0,1648,24.2
fixation,623762.199000001,0.5312211414178213,0.6661331156889597,1.972887674967448,1.983734130859375,200.0,1649,24.2
fixation,623995.5399999917,0.5665523247285322,0.6631060351024974,1.973720203746449,,367.0,1650,24.2
fixation,624395.5539999902,0.6537186106046041,0.6566788156827291,2.014765421549479,,109.0,1651,24.2
fixation,624620.5599999726,0.6529261867205302,0.6696946024894714,2.0253804524739585,,100.0,1652,NOTRIAL
fixation,624787.2339999974,0.6198690980672836,0.47078364714980125,2.080099105834961,,267.0,1653,NOTRIAL
fixation,625087.2439999878,0.6206580549478531,0.4265013784170151,2.07080078125,2.2041244506835938,67.0,1654,NOTRIAL
fixation,625187.2439999878,0.6380080246925354,0.2822838670015335,2.1344427490234374,2.24775634765625,841.0,1655,NOTRIAL
fixation,626253.947999984,0.6399826043181949,0.4682233863406711,2.164918687608507,2.2672627766927085,300.0,1656,NOTRIAL
fixation,626920.6359999776,0.6439975380897522,0.45126156210899354,2.152264404296875,2.255224609375,167.0,1657,NOTRIAL
fixation,627153.9719999731,0.6466938424855471,0.705018786713481,2.1202163696289062,2.220412190755208,533.0,1658,NOTRIAL
fixation,627787.3269999921,0.6466292440891266,0.7108917981386185,2.0646438598632812,2.1867828369140625,75.0,1659,NOTRIAL
fixation,628220.6689999998,0.4150354750454426,0.17563359253108501,2.1803054809570312,2.2874107360839844,133.0,1660,NOTRIAL
fixation,628420.6769999862,0.4780692681670189,0.16200551763176918,2.138813018798828,2.2634239196777344,133.0,1661,NOTRIAL
fixation,628620.6829999983,0.354935164252917,0.2835285981496175,2.14473876953125,2.2672434488932294,500.0,1662,NOTRIAL
fixation,629187.3669999838,0.3395730045934518,0.4811688686410586,2.190317153930664,2.257351557413737,800.0,1663,NOTRIAL
fixation,630020.7219999731,0.45399824902415276,0.5100970454514027,2.169417063395182,2.217071533203125,400.0,1664,NOTRIAL
fixation,630887.4109999835,0.5198288857936859,0.44676360860466957,2.2218780517578125,2.2301597595214844,126.0,1665,17
fixation,631054.0829999745,0.45203546807169914,0.5966090708971024,2.1705284118652344,2.2357521057128906,133.0,1666,17
fixation,631487.4299999774,0.3280736530820529,0.873902956644694,2.0224177042643228,2.0770721435546875,200.0,1667,17
fixation,631720.7689999938,0.38587406277656555,0.8578009456396103,1.9486732482910156,,133.0,1668,17
fixation,631887.4429999888,0.4353911131620407,0.8635935187339783,1.9447174072265625,,75.0,1669,17
fixation,632220.7859999835,0.49905671179294586,0.8508543610572815,1.9670425415039063,,325.0,1670,17
fixation,632870.8069999814,0.5810550848642985,0.8459946513175964,1.9489949544270833,,100.0,1671,17
fixation,633037.4779999852,0.6525370597839355,0.8622054338455201,2.02689208984375,2.515731811523437,167.0,1672,17
fixation,633270.8179999888,0.6539811889330546,0.8520061373710632,1.9852854410807292,,100.0,1673,17
fixation,633470.8279999793,0.47146938741207123,0.5515783975521723,2.052820841471354,2.0553970336914062,100.0,1674,17
fixation,633670.8329999745,0.4701051115989685,0.5538187921047211,1.9644699096679688,,66.0,1675,17
fixation,633804.1699999869,0.4746396914124489,0.4984389543533325,1.9824295043945312,2.066028594970703,141.0,1676,17
fixation,634237.5209999979,0.47894518077373505,0.5618334213892618,1.9228719075520833,1.952301025390625,100.0,1677,17
fixation,634370.8539999723,0.45548614859580994,0.4992653355002403,2.0031661987304688,2.0481948852539062,266.0,1678,17
fixation,634670.8659999967,0.46995055079460146,0.5717045545578003,1.987799072265625,1.966693115234375,166.0,1679,17
fixation,634870.872999996,0.5149863660335541,0.5659814647265843,1.9769766671316964,1.9655325753348214,233.0,1680,17
fixation,635137.5499999821,0.5589936375617981,0.5758814811706543,2.0057373046875,2.016754150390625,100.0,1681,17
fixation,635337.5549999774,0.5596634348233541,0.5672928690910339,2.0164337158203125,2.0677566528320312,100.0,1682,17
fixation,635470.8919999897,0.5161239121641431,0.548449524811336,2.018591744559152,2.0102767944335938,233.0,1683,17
fixation,635737.5649999976,0.4851812720298767,0.481403316060702,2.063023885091146,2.0839640299479165,108.0,1684,17
fixation,636137.5789999962,0.38976459577679634,0.6496321856975555,2.056732177734375,2.0875701904296875,142.0,1685,17
fixation,636670.9319999814,0.44927499890327455,0.66165691614151,2.0692718505859373,,166.0,1686,17
fixation,636870.9379999936,0.529766857624054,0.6392013430595398,2.0196634928385415,,100.0,1687,17
fixation,637120.9389999807,0.5263765454292297,0.6554274360338846,2.0310770670572915,2.0691375732421875,100.0,1688,17
fixation,637254.2849999964,0.5620509598936353,0.6462580604212624,1.9954114641462053,2.0377197265625,467.0,1689,17
fixation,637820.9709999859,0.5314965605735779,0.6744083881378173,1.9498687744140626,,166.0,1690,17
fixation,638020.9779999852,0.4179561212658882,0.7316606938838959,2.075511932373047,,133.0,1691,17
fixation,638187.6509999931,0.39176475008328754,0.7065058085653517,1.9957038031684027,2.0983123779296875,300.0,1692,17
fixation,638520.994999975,0.4286581575870514,0.6691118776798248,1.9761734008789062,,74.0,1693,17
fixation,638921.0079999864,0.4924893890108381,0.6794562935829163,1.9743314470563615,,459.0,1694,17
fixation,639487.6939999759,0.5417588244784962,0.6769575801762667,1.940216064453125,2.02947998046875,366.0,1695,17
fixation,639887.7089999914,0.5822315067052841,0.6742052286863327,1.91546630859375,,133.0,1696,17
fixation,640087.7169999778,0.4078999850898981,0.6950703859329224,2.0135135650634766,1.9913330078125,266.0,1697,17
fixation,640554.4009999931,0.5816698908805847,0.6609750032424927,1.952984619140625,,167.0,1698,17
fixation,640887.7439999878,0.5422280907630921,0.6615751147270202,1.927398681640625,2.0885009765625,174.0,1699,17
fixation,641454.4319999814,0.5481260716915131,0.5656017363071442,2.010955810546875,2.032455444335937,67.0,1700,17
fixation,641587.7699999809,0.517433375120163,0.6129779517650604,2.0054550170898438,2.03321533203125,200.0,1701,17
fixation,641821.1119999886,0.48888474702835083,0.5669887363910675,2.0050201416015625,1.9956588745117188,167.0,1702,17
fixation,642054.4529999793,0.46666228771209717,0.5831771194934845,2.0376739501953125,1.9710540771484373,67.0,1703,17
fixation,642154.4539999962,0.4643562138080597,0.6059132218360901,1.9915618896484375,2.0028228759765625,67.0,1704,17
fixation,642287.7929999828,0.38600146770477295,0.7868607441584269,1.94903564453125,,100.0,1705,17
fixation,642421.1299999952,0.4159456714987755,0.5482467859983444,2.0842361450195312,2.0703086853027344,133.0,1706,17
fixation,642587.8029999733,0.45488137006759644,0.4941396862268448,2.0485107421875,2.07403564453125,174.0,1707,17
fixation,643121.1539999843,0.45803661942481994,0.4601538270711899,2.043927001953125,2.1088409423828125,159.0,1708,17
fixation,643321.1609999835,0.5310173680384954,0.5740793446699778,2.0426864624023438,2.05523681640625,200.0,1709,17
fixation,643554.5019999743,0.5651047494676378,0.58004915383127,2.0373501247829857,2.0806749131944446,300.0,1710,17
fixation,643921.1809999943,0.3880490642040968,0.6350274085998535,2.026081085205078,1.97491455078125,267.0,1711,17
fixation,644287.8579999804,0.41013067960739136,0.6480695009231567,2.0320205688476562,2.0073394775390625,66.0,1712,17
fixation,644387.8629999757,0.42024430135885876,0.6798556049664816,2.0223388671875,,100.0,1713,17
fixation,644587.8689999878,0.4589632395654917,0.6788181662559509,2.0300960540771484,1.9852294921875,266.0,1714,17
fixation,644887.8789999783,0.4686422624758312,0.5974431080477578,2.02337646484375,1.9759347098214286,233.0,1715,17
fixation,645221.2209999859,0.5229409039020538,0.6299067735671997,1.9380455017089844,,133.0,1716,17
fixation,645454.5629999936,0.5566217303276062,0.6408884127934774,1.98236083984375,,108.0,1717,17
fixation,645821.2439999878,0.561298593878746,0.6483488082885742,2.053844451904297,,133.0,1718,17
fixation,646354.5939999819,0.39546749989191693,0.6710622641775343,2.088675604926215,,292.0,1719,17
fixation,646754.6059999764,0.41406258940696716,0.5775618702173233,2.0150680541992188,2.0019912719726562,67.0,1720,17
fixation,646854.6099999845,0.4237675070762634,0.671997681260109,2.086681365966797,1.879608154296875,134.0,1721,17
fixation,647021.2819999754,0.4500480145215988,0.6566449999809265,1.990692138671875,,67.0,1722,17
fixation,647121.2849999964,0.4535730630159378,0.6917459964752197,2.0959701538085938,,67.0,1723,17
fixation,647421.2929999828,0.40718021988868713,0.7083057463169098,2.0504379272460938,,67.0,1724,17
fixation,647521.2969999909,0.3991921737790108,0.3967735439538956,2.0832443237304688,2.1455650329589844,667.0,1725,17
fixation,648221.3199999928,0.4944132020076116,0.4824355940024058,2.1225865681966147,2.198399861653646,208.0,1726,FIX_CROS
fixation,648754.670999974,0.4772978988678559,0.4661629012097483,2.1875457763671875,2.257917321246603,758.0,1727,FIX_CROS
fixation,649554.699000001,0.5189127988285489,0.4824593514204025,2.240268283420139,2.298428005642361,300.0,1728,17.1
fixation,650321.3909999728,0.4562827944755554,0.46703967452049255,2.26226806640625,2.3079376220703125,67.0,1729,17.1
fixation,650454.7279999852,0.45298660546541214,0.48382075130939484,2.3006153106689453,2.3207168579101562,266.0,1730,17.1
fixation,650854.7399999797,0.4950591892004013,0.4946419924497604,2.2180084228515624,2.2571380615234373,166.0,1731,NOTRIAL
fixation,651054.7489999831,0.5321967422962188,0.480254527926445,2.2048248291015624,2.2441192626953126,166.0,1732,NOTRIAL
fixation,651288.0889999866,0.6115169660611586,0.264481631192294,2.2546192515980112,2.3391043923117896,375.0,1733,NOTRIAL
fixation,652021.4439999759,0.5743963420391083,0.2930776119232178,2.2632598876953125,2.378953552246094,326.0,1734,NOTRIAL
fixation,652388.121999979,0.6275043884913126,0.2686656382348802,2.206119113498264,2.3012457953559027,300.0,1735,NOTRIAL
fixation,652721.4669999778,0.6307527113843847,0.4727282021884565,2.166288587782118,2.307861893265336,900.0,1736,NOTRIAL
fixation,653688.1659999788,0.6420902132987976,0.7376284956932068,2.0672088623046876,,167.0,1737,NOTRIAL
fixation,653954.8419999778,0.6394571661949158,0.7169909179210663,2.0786056518554688,,66.0,1738,NOTRIAL
fixation,654054.8429999948,0.6344553828239441,0.7075922191143036,2.0642776489257812,2.1973419189453125,74.0,1739,NOTRIAL
fixation,654654.8659999967,0.6161759297053019,0.5983529090881348,2.0996602376302085,,100.0,1740,NOTRIAL
fixation,654888.2039999962,0.6436658799648285,0.6974462494254112,2.058244069417318,,408.0,1741,NOTRIAL
fixation,655588.2299999893,0.4354092925786972,0.33282168085376423,2.1152547200520835,2.1980565388997397,392.0,1742,NOTRIAL
fixation,656054.9099999964,0.49406677910259794,0.47838687364544186,2.0877859933035716,2.2030187334333147,933.0,1743,FIX_CROS
fixation,657021.6089999974,0.47221577912569046,0.4563920386135578,2.1367568969726562,2.2513084411621094,134.0,1744,17.2
fixation,657188.2809999883,0.4436212529738744,0.4589245667060216,2.159612019856771,2.250300089518229,100.0,1745,17.2
fixation,657354.9519999921,0.37749389708042147,0.452861362695694,2.1260223388671875,2.2061492919921877,166.0,1746,17.2
fixation,657554.9599999785,0.34800825516382855,0.4527372618516286,2.0778299967447915,2.1900736490885415,100.0,1747,17.2
fixation,657721.6349999905,0.24033750779926777,0.4671435095369816,2.15167236328125,2.1721229553222656,134.0,1748,17.2
fixation,657888.3049999774,0.19781094342470168,0.4501666992902756,2.10938720703125,2.1619522094726564,333.0,1749,17.2
fixation,658254.9859999716,0.33526677265763283,0.46998021751642227,2.1859912872314453,2.1983909606933594,274.0,1750,17.2
fixation,658788.3389999866,0.39233801265557605,0.4599968542655309,2.2058563232421875,2.2073974609375,108.0,1751,17.2
fixation,659155.0179999769,0.3538022054867311,0.5599742721427571,2.2417782870205967,2.2278262051669033,359.0,1752,17.2
fixation,659555.0329999924,0.3882099874317646,0.5489725470542908,2.1724853515625,2.1516685485839844,133.0,1753,17.2
fixation,660088.3869999945,0.5399104058742523,0.44057558476924896,2.1474761962890625,2.1622886657714844,126.0,1754,17.2
fixation,660255.0579999983,0.49550120532512665,0.4551851501067479,2.1789220174153647,2.2466710408528647,200.0,1755,17.2
fixation,660488.3999999762,0.4705309042563805,0.4571632261459644,2.1623722956730766,2.2481842041015625,434.0,1756,NOTRIAL
fixation,660955.0839999914,0.36773676176865894,0.41284023225307465,2.1999562581380205,2.276606241861979,100.0,1757,NOTRIAL
fixation,661088.4189999998,0.33229158222675326,0.30353563725948335,2.243316650390625,2.3310587565104166,500.0,1758,NOTRIAL
fixation,661655.1099999845,0.3418396464549005,0.49891422782093287,2.237575054168701,2.2639312744140625,1067.0,1759,NOTRIAL
fixation,662788.4759999812,0.6147886278728644,0.6727583818137646,2.1368726094563804,2.2399000084918477,800.0,1760,NOTRIAL
fixation,663621.8399999738,0.4909863993525505,0.6725110709667206,2.0733210245768228,2.2088902791341147,200.0,1761,NOTRIAL
fixation,663921.8509999812,0.49136475645578825,0.6753299236297607,2.0824725811298075,2.1856168111165366,433.0,1762,NOTRIAL
fixation,664388.5359999835,0.42267584800720215,0.7163821458816528,2.0852864583333335,2.1357421875,100.0,1763,NOTRIAL
fixation,664521.8689999878,0.39475442800256944,0.6995059649149576,2.0714619954427085,2.1224395751953127,308.0,1764,NOTRIAL
fixation,665155.224999994,0.4781878709793091,0.7126401484012603,2.0543212890625,2.145538330078125,325.0,1765,NOTRIAL
fixation,665621.9059999883,0.48041075468063354,0.495428629219532,2.0969136555989585,2.1676422119140626,200.0,1766,NOTRIAL
fixation,665888.5799999833,0.3697568401694298,0.4569546580314636,2.108123779296875,2.107879638671875,67.0,1767,NOTRIAL
fixation,665988.5859999955,0.33953166007995605,0.48162440210580826,2.10400390625,2.1324920654296875,142.0,1768,NOTRIAL
fixation,666455.2649999857,0.3841932149309861,0.5012299590989163,2.178213822214227,2.2038750899465462,641.0,1769,NOTRIAL
fixation,667455.3019999862,0.34862934549649555,0.5241497432192167,2.2591476440429688,2.2930806477864585,200.0,1770,NOTRIAL
fixation,667721.9789999723,0.6162518635392189,0.45732029527425766,2.149036407470703,2.241297403971354,400.0,1771,NOTRIAL
fixation,668155.3269999921,0.4916868342293633,0.4788721203804016,2.09725104437934,2.170862833658854,308.0,1772,NOTRIAL
fixation,668855.3529999852,0.4583294242620468,0.49725745618343353,2.1789283752441406,2.2609329223632812,134.0,1773,18
fixation,669055.3599999845,0.36146887838840486,0.8478823661804199,2.077484130859375,2.177032470703125,167.0,1774,18
fixation,669322.0389999747,0.4353457510471344,0.8573822736740112,2.000933837890625,,167.0,1775,18
fixation,669522.0439999998,0.5032676855723063,0.8529598414897919,1.9240086873372395,,200.0,1776,18
fixation,669755.3899999857,0.5776904026667277,0.8618612885475159,1.918701171875,,100.0,1777,18
fixation,670213.7339999974,0.5059316953023275,0.5851088166236877,2.0873311360677085,,100.0,1778,18
fixation,670347.0689999759,0.4808950424194336,0.562711775302887,2.0615203857421873,2.10595703125,167.0,1779,18
fixation,670547.0859999955,0.4773529874426978,0.5546722710132599,2.0310145786830356,2.077427455357143,241.0,1780,18
fixation,671147.1059999764,0.4777686093002558,0.554465351626277,2.0283193588256836,2.0616668701171874,533.0,1781,18
fixation,671713.7969999909,0.476012395960944,0.5979711668831962,2.0085013253348216,1.968170166015625,233.0,1782,18
fixation,672080.4759999812,0.48148641486962634,0.6128498514493307,2.043085734049479,,100.0,1783,18
fixation,672213.8119999766,0.4766454036746706,0.557366994874818,2.0347508021763394,1.9782366071428572,233.0,1784,18
fixation,672480.4849999845,0.48022283613681793,0.6085108041763305,2.0151641845703123,1.9688262939453125,167.0,1785,18
fixation,672680.494999975,0.48062179144471884,0.5504063572734594,2.0353431701660156,2.0082600911458335,534.0,1786,18
fixation,673313.8489999771,0.482064581730149,0.5478908202864907,2.0563798384232954,2.0667144775390627,366.0,1787,18
fixation,673713.8609999716,0.48352210720380145,0.6063965360323588,2.0849965413411455,,100.0,1788,18
fixation,673847.1949999928,0.48579442997773487,0.549789863328139,2.083521525065104,2.0978736877441406,200.0,1789,18
fixation,674080.5429999828,0.48275502771139145,0.6114190965890884,2.1016769409179688,,134.0,1790,18
fixation,674247.2129999995,0.4794864111713001,0.5701111789260592,2.1077063424246654,2.102270762125651,467.0,1791,18
fixation,674747.2289999723,0.4828188717365265,0.5729403893152872,2.0622762044270835,,100.0,1792,18
fixation,674880.5659999847,0.4786699675023556,0.5669148340821266,2.0522804260253906,2.077728271484375,142.0,1793,18
fixation,675380.5849999785,0.4858080063547407,0.5965372323989868,2.0998382568359375,,226.0,1794,18
fixation,675647.2599999905,0.48276446759700775,0.5602971017360687,2.1096954345703125,2.1168975830078125,67.0,1795,18
fixation,675780.59799999,0.4770786414543788,0.5714550216992696,2.0795694986979165,2.0907440185546875,100.0,1796,18
fixation,675913.9349999726,0.4787949174642563,0.5993956824143728,2.072596232096354,2.1154022216796875,200.0,1797,18
fixation,676147.273999989,0.5879002809524536,0.5002264082431793,2.0568262736002603,2.1420389811197915,400.0,1798,18
fixation,676580.619999975,0.4920326939650944,0.47975999897434596,2.092338198707217,2.174410865420387,708.0,1799,18
fixation,677647.3269999921,0.5008260536761511,0.4679862643991198,2.1401149204799106,2.2118896484375,692.0,1800,FIX_CROS
fixation,678380.6849999726,0.42925127893686293,0.492905792593956,2.113665771484375,2.141864013671875,333.0,1801,18.2
fixation,678780.6999999881,0.552252858877182,0.4877798954645793,2.080958048502604,2.155207316080729,100.0,1802,18.2
fixation,678914.0389999747,0.5772818227608999,0.49270262320836383,2.096013387044271,2.1929219563802085,108.0,1803,18.2
fixation,679447.3919999897,0.4947270636375134,0.500260475736398,2.1786780724158654,2.2609036763509116,434.0,1804,18.2
fixation,680314.0909999907,0.5951543152332306,0.4959633946418762,2.138591766357422,,125.0,1805,18.2
fixation,680480.7599999905,0.5892133514086405,0.4786656137023653,2.1517406645275297,2.2599981398809526,700.0,1806,18.2
fixation,681214.122999996,0.467886949578921,0.49160229166348773,2.130986531575521,2.1976114908854165,200.0,1807,18.2
fixation,681447.4659999907,0.42404667857815237,0.4888560701819027,2.1642518884995403,2.2087904986213234,567.0,1808,18.2
fixation,682047.4849999845,0.36587683856487274,0.33046454936265945,2.247364044189453,2.300678253173828,134.0,1809,NOTRIAL
fixation,682214.1589999795,0.3425672125248682,0.30503269746190026,2.2160528273809526,2.265652611142113,700.0,1810,NOTRIAL
fixation,682980.8509999812,0.33165156096220016,0.5051855625850814,2.241328648158482,2.287726266043527,474.0,1811,NOTRIAL
fixation,684180.8949999809,0.5126575045287609,0.6447437852621078,2.1963882446289062,2.1991686139787947,266.0,1812,NOTRIAL
fixation,684480.9019999802,0.5020465012639761,0.7068177722394466,2.0806188583374023,2.1780166625976562,533.0,1813,NOTRIAL
fixation,685047.5859999955,0.5032186359167099,0.6446789503097534,2.0388870239257812,2.1981201171875,67.0,1814,NOTRIAL
fixation,685147.5909999907,0.5037962347269058,0.7031532526016235,2.0388717651367188,2.121551513671875,67.0,1815,FIX_CROS
fixation,685280.925999999,0.4941762536764145,0.7050487995147705,2.0575485229492188,,66.0,1816,FIX_CROS
fixation,685514.2699999809,0.4905659083057852,0.480150827590157,2.185202205882353,2.235055362477022,567.0,1817,FIX_CROS
fixation,686114.2870000005,0.4389374532869884,0.46086333266326357,2.2371608189174106,2.316802978515625,233.0,1818,FIX_CROS
fixation,686414.2939999998,0.3653373382985592,0.47343625873327255,2.3158607482910156,2.373615264892578,133.0,1819,18.1
fixation,686580.9709999859,0.38864876329898834,0.4995616748929024,2.3127670288085938,2.3293380737304688,66.0,1820,18.1
fixation,686714.3069999814,0.5442563891410828,0.48975952714681625,2.2935867309570312,2.3510589599609375,67.0,1821,18.1
fixation,686814.3109999895,0.6093951277434826,0.4928878266364336,2.300273895263672,2.3878822326660156,275.0,1822,18.1
fixation,687581.0049999952,0.4407661578484944,0.4919264976467405,2.2998831612723216,2.338963099888393,241.0,1823,18.1
fixation,688247.6949999928,0.45225758478045464,0.4974581338465214,2.279041290283203,2.28656005859375,125.0,1824,18.1
fixation,688414.3649999797,0.3745529516176744,0.5024505664001812,2.2584394975142046,2.2701263427734375,367.0,1825,18.1
fixation,688814.3799999952,0.41215458884835243,0.5024109855294228,2.1709327697753906,2.2223663330078125,134.0,1826,18.1
fixation,688981.0519999862,0.4449423342943192,0.49844839572906496,2.1446380615234375,2.1846435546875,167.0,1827,18.1
fixation,689181.0599999726,0.5147005518277487,0.4945284575223923,2.146636962890625,2.20428466796875,108.0,1828,18.1
fixation,689614.4099999964,0.5382339283823967,0.4546857178211212,2.1827945709228516,2.237283706665039,259.0,1829,18.1
fixation,689947.7539999783,0.6171248597758157,0.4777843526431492,2.210233415876116,2.3288138253348216,241.0,1830,18.1
fixation,690547.773999989,0.5613634847104549,0.45697794668376446,2.1990108489990234,2.3122427804129466,266.0,1831,NOTRIAL
fixation,690881.1180000007,0.4886698161180203,0.30024072986382705,2.2246809739332933,2.3450153057391825,433.0,1832,NOTRIAL
fixation,691347.8029999733,0.6105883551968468,0.269299500518375,2.1623721652560763,2.2696719699435763,308.0,1833,NOTRIAL
fixation,692047.8259999752,0.6129674166440964,0.2779921842738986,2.2461652755737305,2.3485288619995117,533.0,1834,NOTRIAL
fixation,692614.5129999816,0.6355749646822612,0.48688148856163027,2.170330810546875,2.329178873697917,508.0,1835,NOTRIAL
fixation,693547.8769999743,0.5638275593519211,0.5199483148753643,2.2394752502441406,2.3169749866832388,400.0,1836,NOTRIAL
fixation,694014.5579999983,0.5158817867437998,0.8060174716843499,2.0908016628689237,2.213644027709961,300.0,1837,NOTRIAL
fixation,694414.574000001,0.4519781991839409,0.99802465736866,2.0718994140625,,142.0,1838,NOTRIAL
fixation,694947.9199999869,0.6180126536637545,0.48762840777635574,2.210198402404785,2.307520548502604,541.0,1839,NOTRIAL
fixation,695947.9569999874,0.5697043580668313,0.45768279688698904,2.1652417864118303,2.289151872907366,233.0,1840,NOTRIAL
fixation,696214.6339999735,0.6230104506015778,0.48697132170200347,2.1426116943359377,2.28160400390625,334.0,1841,NOTRIAL
fixation,696581.3129999936,0.651189535856247,0.48295941203832626,2.129730224609375,2.2260208129882812,75.0,1842,NOTRIAL
fixation,696981.3269999921,0.5761045813560486,0.5019280711809794,2.1173909505208335,,92.0,1843,NOTRIAL
fixation,697214.6679999828,0.4890440148966653,0.4800007662602833,2.1760123116629466,2.264977591378348,233.0,1844,NOTRIAL
fixation,697481.3429999948,0.5653844707541995,0.4716462584005462,2.0923945109049478,2.1995930391199447,600.0,1845,NOTRIAL
fixation,698114.7009999752,0.4956209182739258,0.2845554232597351,2.12366943359375,2.23135986328125,166.0,1846,NOTRIAL
fixation,698314.7069999874,0.3416159227490425,0.2888895273208618,2.1201419830322266,2.2175521850585938,274.0,1847,NOTRIAL
fixation,698981.3979999721,0.6209993703024728,0.7370037862232753,2.014713832310268,,226.0,1848,NOTRIAL
fixation,699248.072999984,0.6447522863745689,0.7134276926517487,2.0392684936523438,2.1191558837890625,141.0,1849,NOTRIAL
fixation,699648.0859999955,0.5466558535893759,0.28235314538081485,2.0856831868489585,2.2424901326497397,192.0,1850,NOTRIAL
fixation,699881.4279999733,0.3828926607966423,0.2959497906267643,2.1468238830566406,2.2569923400878906,134.0,1851,NOTRIAL
fixation,700048.1019999981,0.3354511968791485,0.2965983872612317,2.1298090616861978,2.2303746541341147,408.0,1852,NOTRIAL
fixation,700714.7909999788,0.6538434525330862,0.6973275442918142,2.027226765950521,2.1254781087239585,100.0,1853,NOTRIAL
fixation,700914.7999999821,0.638743782043457,0.7075665533542633,2.0667144775390627,2.1980224609375,166.0,1854,NOTRIAL
fixation,701414.8149999976,0.6463545927634606,0.7048569596730746,2.0295621431790867,,429.0,1855,NOTRIAL
fixation,701964.8299999833,0.6403261975005821,0.7041681784170645,2.0514662000868054,2.1978759765625,900.0,1856,NOTRIAL
fixation,702931.5359999835,0.6405948102474213,0.7149587422609329,2.0289840698242188,,134.0,1857,NOTRIAL
fixation,703098.2069999874,0.5462980767091116,0.7108948429425558,2.004247029622396,,200.0,1858,NOTRIAL
fixation,703331.550999999,0.5709901068891797,0.7198980535779681,2.0031204223632812,,467.0,1859,NOTRIAL
fixation,703831.5669999719,0.4919732425894056,0.7801887307848249,1.947385515485491,,234.0,1860,NOTRIAL
fixation,704131.5749999881,0.5283898239334425,0.369284941504399,2.0903498331705728,2.147937774658203,408.0,1861,NOTRIAL
fixation,704731.5969999731,0.3191775158047676,0.4185648709535599,2.0618896484375,2.1523284912109375,67.0,1862,NOTRIAL
fixation,704964.9389999807,0.34826391296727316,0.2949827547584261,2.198878696986607,2.238218035016741,241.0,1863,NOTRIAL
fixation,705464.9549999833,0.6019574254751205,0.4499247446656227,2.21087646484375,2.292682647705078,258.0,1864,NOTRIAL
fixation,705764.9659999907,0.639671476987692,0.47193681506010204,2.2118013822115383,2.337702824519231,433.0,1865,NOTRIAL
fixation,706231.6459999979,0.4952428542515811,0.4619992568212397,2.0997197768267464,2.205423691693474,567.0,1866,NOTRIAL
fixation,706831.6699999869,0.5107618914200709,0.4894061879469798,2.0951678936298075,2.2425818810096154,433.0,1867,NOTRIAL
fixation,707398.349999994,0.4062185660004616,0.8379675000905991,2.02880859375,,134.0,1868,5
fixation,707565.0209999979,0.38247283299763996,0.8629626035690308,2.053553263346354,,100.0,1869,5
fixation,707698.3579999804,0.46099234620730084,0.8556327025095621,2.058314005533854,,113.0,1870,5
fixation,708156.7049999833,0.594759613275528,0.850345179438591,2.0472412109375,,125.0,1871,5
fixation,708356.7099999785,0.5370919853448868,0.5641600117087364,2.165599822998047,2.2275924682617188,133.0,1872,5
fixation,708590.0499999821,0.5269526392221451,0.5452242344617844,2.1480560302734375,2.195953369140625,67.0,1873,5
fixation,708690.0539999902,0.5183757146199545,0.5171476652224859,2.106836954752604,2.171808878580729,200.0,1874,5
fixation,708923.3929999769,0.4132824808359146,0.5498404681682587,2.1360076904296874,2.1326171875,175.0,1875,5
fixation,709423.4079999924,0.407612798566168,0.5554383627393029,2.0984684337269175,2.0807051885695684,726.0,1876,5
fixation,710256.7619999945,0.533385843038559,0.5135588390486581,2.0454199654715404,2.131579807826451,466.0,1877,5
fixation,710756.773999989,0.4666435122489929,0.40507032970587414,2.0922253926595054,2.150975545247396,400.0,1878,5
fixation,711223.4549999833,0.4699297584593296,0.6579567790031433,2.028606414794922,2.077465057373047,134.0,1879,5
fixation,711790.1369999945,0.4601856569449107,0.4724409778912862,2.1388753255208335,2.188573201497396,100.0,1880,5
fixation,711923.4739999771,0.46517554897329083,0.40599452801372693,2.1204654859459917,2.1837164837381113,767.0,1881,5
fixation,712723.5,0.49458437133580446,0.4736831970512867,2.069345474243164,2.151909828186035,534.0,1882,FIX_CROS
fixation,713290.1859999895,0.3836051697532336,0.48226775974035263,2.1449559529622397,2.2169621785481772,200.0,1883,FIX_CROS
fixation,713523.5289999843,0.3026212826371193,0.5284546663363775,2.2332356770833335,2.2405929565429688,200.0,1884,5.2
fixation,713756.8689999878,0.2209668681025505,0.4820543900132179,2.2578811645507812,2.2929153442382812,66.0,1885,5.2
fixation,713856.872999996,0.19190066946404322,0.41466322754110607,2.1813507080078125,2.267850603376116,233.0,1886,5.2
fixation,714123.5469999909,0.24078751541674137,0.4227864444255829,2.2030982971191406,2.184894561767578,134.0,1887,5.2
fixation,714290.2209999859,0.32083990424871445,0.4117219001054764,2.173065185546875,2.1556142171223955,200.0,1888,5.2
fixation,714523.5609999895,0.3605911135673523,0.41651418805122375,2.1698532104492188,2.1392898559570312,75.0,1889,5.2
fixation,714990.2439999878,0.4301625698804855,0.419450518488884,2.218353271484375,2.212841796875,167.0,1890,5.2
fixation,715190.25,0.46726909279823303,0.41732893884181976,2.2054519653320312,2.2563095092773438,75.0,1891,5.2
fixation,715723.6009999812,0.5918656513094902,0.4079797510057688,2.22332763671875,2.285665512084961,267.0,1892,5.2
fixation,716023.6089999974,0.6375519812107087,0.3998737335205078,2.1866302490234375,2.2871124267578127,167.0,1893,5.2
fixation,716590.298999995,0.7831743111213049,0.38591155658165616,2.1902796427408853,2.24017333984375,192.0,1894,5.2
fixation,716890.3049999774,0.23031977067391077,0.4734094738960266,2.162256876627604,2.2730305989583335,100.0,1895,5.2
fixation,717023.6429999769,0.19794565998017788,0.4754223898053169,2.161640167236328,2.2088470458984375,267.0,1896,5.2
fixation,717323.6559999883,0.3400881257322099,0.4947282605701023,2.1400027804904513,2.1285586886935763,300.0,1897,5.2
fixation,717656.997999996,0.434841764824731,0.49466010289532797,2.140315464564732,2.121374947684152,241.0,1898,5.2
fixation,718190.3519999981,0.549728624522686,0.5062553957104683,2.125457763671875,,126.0,1899,5.2
fixation,718357.0169999897,0.5711988707383474,0.45970265567302704,2.1550750732421875,2.205408732096354,100.0,1900,5.2
fixation,718923.7079999745,0.7370089987913767,0.47540177901585895,2.1247660319010415,2.2451807657877603,192.0,1901,5.2
fixation,719157.0469999909,0.7782874442636967,0.4751340914517641,2.1156845092773438,2.2823829650878906,267.0,1902,5.2
fixation,719490.3909999728,0.3832397535443306,0.5766464869181315,2.1188532511393228,2.157679239908854,200.0,1903,5.2
fixation,719723.7339999974,0.34049764914172037,0.5844849560941968,2.128535679408482,2.1061292375837053,233.0,1904,5.2
fixation,720023.7430000007,0.4159081310033798,0.5741716861724854,2.111822509765625,2.0797332763671874,166.0,1905,5.2
fixation,720223.7489999831,0.4949188604950905,0.569944903254509,2.097940444946289,2.0466417585100447,266.0,1906,5.2
fixation,720523.7589999735,0.5059162080287933,0.5354667454957962,2.0793075561523438,2.0616226196289062,66.0,1907,5.2
fixation,720623.7639999986,0.5932788593428475,0.549965079341616,2.1068551199776784,2.1164983113606772,233.0,1908,5.2
fixation,720890.4379999936,0.5718821175396442,0.5430000182241201,2.0962581634521484,2.1152474539620534,267.0,1909,5.2
fixation,721190.447999984,0.6203449155603137,0.5338685129370008,2.0815963745117188,2.1379122052873885,475.0,1910,5.2
fixation,721923.8069999814,0.4050874598324299,0.3154105022549629,2.176555633544922,2.2654991149902344,125.0,1911,NOTRIAL
fixation,722090.4779999852,0.4787346323331197,0.28594712913036346,2.1992899576822915,2.273707071940104,108.0,1912,NOTRIAL
fixation,722590.496999979,0.6227119535207748,0.2778691589832306,2.205682373046875,2.301446533203125,342.0,1913,NOTRIAL
fixation,723290.5189999938,0.5612055744443621,0.2795573089803968,2.1903228759765625,2.2795322963169644,226.0,1914,NOTRIAL
fixation,723590.5259999931,0.6219317432906892,0.478037904534075,2.1796671549479165,2.2914148966471353,600.0,1915,NOTRIAL
fixation,724223.8839999735,0.5753400206565857,0.47749787718057635,2.160536193847656,2.2296051025390624,333.0,1916,NOTRIAL
fixation,724623.8959999979,0.3577264666557312,0.49950507283210754,2.2010223388671877,2.241827392578125,166.0,1917,NOTRIAL
fixation,724823.9029999971,0.3340630866587162,0.5274836719036102,2.1950759887695312,2.2228469848632812,141.0,1918,NOTRIAL
fixation,725390.5879999995,0.5826084582429183,0.7024941616936734,2.0328485589278373,2.214141845703125,1259.0,1919,NOTRIAL
fixation,726765.6299999952,0.5729249000549317,0.7096653580665588,2.0109405517578125,,169.0,1920,NOTRIAL
fixation,726965.6369999945,0.5651525954405466,0.5959992210070292,2.0654398600260415,,200.0,1921,FIX_CROS
fixation,727265.648999989,0.49499847491582233,0.489230473836263,2.0728607177734375,2.1365865071614585,108.0,1922,FIX_CROS
fixation,727665.6629999876,0.43550202548503875,0.4569652020931244,2.1289520263671875,2.1691986083984376,159.0,1923,FIX_CROS
fixation,727865.6689999998,0.34053403288125994,0.48534117043018343,2.1691268920898437,2.250993347167969,333.0,1924,FIX_CROS
fixation,728265.6799999774,0.2603403776884079,0.45605410635471344,2.166631062825521,2.2138214111328125,100.0,1925,5.1
fixation,728399.0169999897,0.18666481524705886,0.3783676877617836,2.1266265869140626,2.161761474609375,333.0,1926,5.1
fixation,728765.6939999759,0.227573661506176,0.36332048773765563,2.080560302734375,2.106707763671875,166.0,1927,5.1
fixation,728999.0349999964,0.30055905133485794,0.36358203552663326,2.077096939086914,2.071321487426758,267.0,1928,5.1
fixation,729299.0449999869,0.28158922865986824,0.3743925057351589,2.1003150939941406,2.1185455322265625,133.0,1929,5.1
fixation,729465.7139999866,0.3461757093667984,0.3637664407491684,2.1104003906249997,2.111187744140625,166.0,1930,5.1
fixation,729665.72299999,0.37927982211112976,0.3511854608853658,2.1042989095052085,2.088348388671875,108.0,1931,5.1
fixation,730165.7359999716,0.500510711222887,0.3652360886335373,2.169818878173828,2.214740753173828,133.0,1932,5.1
fixation,730332.4109999835,0.5614434778690338,0.3726149300734202,2.1947224934895835,2.3066609700520835,108.0,1933,5.1
fixation,730699.0889999866,0.6540500606809344,0.3569010772875377,2.1652984619140625,2.211942400251116,225.0,1934,5.1
fixation,730965.7639999986,0.7052273650964102,0.3532134493192037,2.1467692057291665,2.27264404296875,108.0,1935,5.1
fixation,732099.1319999993,0.1826899821559588,0.43073107302188873,2.11563958062066,2.1564212375217013,300.0,1936,5.1
fixation,732432.474999994,0.22952128946781158,0.4468839044372241,2.0910975138346353,2.1213251749674478,208.0,1937,5.1
fixation,732932.4939999878,0.28564467281103134,0.4694371127656528,2.1510162353515625,2.135430472237723,459.0,1938,5.1
fixation,733432.5089999735,0.21695610880851746,0.4621078819036484,2.151177978515625,2.181329345703125,167.0,1939,5.1
fixation,733632.5139999986,0.18512731976807117,0.44925424456596375,2.170696258544922,2.1306838989257812,142.0,1940,5.1
fixation,734232.5379999876,0.3248928599059582,0.4848703294992447,2.236419677734375,2.192754109700521,126.0,1941,5.1
fixation,734399.2079999745,0.30151116102933884,0.48678339272737503,2.2629356384277344,2.2487754821777344,133.0,1942,5.1
fixation,734565.8809999824,0.35657999068498614,0.4703769639134407,2.188037109375,2.1716705322265626,333.0,1943,5.1
fixation,734932.5599999726,0.40547401309013364,0.4562073886394501,2.1421661376953125,2.137457275390625,167.0,1944,5.1
fixation,735132.5639999807,0.4393935836851597,0.45768456161022186,2.1485671997070312,2.1535873413085938,134.0,1945,5.1
fixation,735299.2379999757,0.4727861945118223,0.4580818201814379,2.155054364885603,2.190972464425223,467.0,1946,5.1
fixation,736199.2689999938,0.6064513689941831,0.4360465821292665,2.1832444932725696,2.250790066189236,308.0,1947,5.1
fixation,736732.6180000007,0.6631969114144644,0.42449579387903214,2.118158976236979,2.186915079752604,200.0,1948,5.1
fixation,736965.9589999914,0.7134902775287628,0.43335310866435367,2.1198959350585938,2.2196782430013022,200.0,1949,5.1
fixation,737199.300999999,0.748687632381916,0.43307871495683986,2.1086222330729165,2.162591298421224,400.0,1950,5.1
fixation,737632.646999985,0.7081540450453758,0.4344981163740158,2.0751113891601562,2.2006238301595054,400.0,1951,5.1
fixation,738065.9939999878,0.7514998912811279,0.42621148377656937,2.0916900634765625,2.2090682983398438,74.0,1952,5.1
fixation,738466.0059999824,0.7673951364480532,0.43755875069361466,2.1436626727764425,2.3028106689453125,425.0,1953,5.1
fixation,738932.6859999895,0.8246260464191437,0.43570574223995207,2.1437103271484377,2.2635223388671877,174.0,1954,5.1
fixation,739332.7019999921,0.2096678465604782,0.5518906315167745,2.2209676106770835,2.2528483072916665,92.0,1955,5.1
fixation,739466.0339999795,0.1728620252438954,0.5614853075572422,2.182737077985491,2.225640433175223,233.0,1956,5.1
fixation,739732.7109999955,0.20867339860309253,0.5655680461363359,2.1368047540838067,2.1286246559836646,374.0,1957,5.1
fixation,740432.7339999974,0.20490573660323494,0.5673203421266455,2.204266196803043,2.1295543469880758,625.0,1958,5.1
fixation,741132.7549999952,0.2832771582262857,0.5627120307513646,2.134432111467634,2.0630362374441966,233.0,1959,5.1
fixation,741399.4299999774,0.31862541536490124,0.5435089369614919,2.071131388346354,2.0209757486979165,100.0,1960,5.1
fixation,741566.1009999812,0.3663285136222839,0.542844271659851,2.0744476318359375,2.04615478515625,167.0,1961,5.1
fixation,741766.1119999886,0.40732478598753613,0.5426098704338074,2.089533487955729,2.0591634114583335,108.0,1962,5.1
fixation,742232.7929999828,0.4910350739955902,0.5583504438400269,2.1406173706054688,2.1168975830078125,133.0,1963,5.1
fixation,742399.4659999907,0.49201327562332153,0.5208296775817871,2.148951212565104,2.151031494140625,100.0,1964,5.1
fixation,742532.8019999862,0.5450986802577973,0.5230959773063659,2.1237335205078125,2.166387939453125,166.0,1965,5.1
fixation,743066.1550000012,0.6453819632530212,0.502041706442833,2.1490386962890624,2.236737060546875,159.0,1966,5.1
fixation,743266.1589999795,0.751306359966596,0.534020721912384,2.2208429972330728,2.3227208455403647,200.0,1967,5.1
fixation,743499.5,0.7961147278547287,0.5204115808010101,2.1889114379882812,2.253692626953125,75.0,1968,5.1
fixation,743866.1769999862,0.2980550453066826,0.6614357630411783,2.1449381510416665,2.1531600952148438,192.0,1969,5.1
fixation,744099.5209999979,0.3295643664896488,0.6435918435454369,2.198078155517578,2.1151046752929688,134.0,1970,5.1
fixation,744332.8599999845,0.3719338208436966,0.615653908252716,2.111480712890625,2.044989013671875,166.0,1971,5.1
fixation,744666.2060000002,0.37925773362318677,0.6403294006983439,2.175959269205729,2.0532989501953125,100.0,1972,5.1
fixation,744832.8769999743,0.6487878958384196,0.603897449043062,2.0646904839409723,2.1080493927001953,300.0,1973,5.1
fixation,745166.2219999731,0.6712464532431435,0.6016678038765403,2.0853208654067097,2.170124308268229,567.0,1974,5.1
fixation,745799.5759999752,0.5757855091776166,0.3771472615855081,2.133704049246652,2.2827845982142856,234.0,1975,NOTRIAL
fixation,746066.2509999871,0.516483327921699,0.29469796489266786,2.183802885167739,2.2631252513212314,567.0,1976,NOTRIAL
fixation,746666.2699999809,0.568572860211134,0.3049068208783865,2.1945838928222656,2.2949695587158203,267.0,1977,NOTRIAL
fixation,746999.6159999967,0.6315824538469315,0.49483029544353485,2.2108917236328125,2.2898426055908203,267.0,1978,NOTRIAL
fixation,747732.9779999852,0.4977038154999415,0.43375445405642193,2.2282257080078125,2.264593505859375,200.0,1979,NOTRIAL
fixation,747966.3159999847,0.5669348041216532,0.46299439668655396,2.2497889200846353,2.3255106608072915,200.0,1980,NOTRIAL
fixation,748266.3289999962,0.566079725821813,0.46793122092882794,2.212397257486979,2.2754618326822915,100.0,1981,NOTRIAL
fixation,748433.0019999743,0.620135635137558,0.672577403485775,2.1088361740112305,2.221094767252604,533.0,1982,NOTRIAL
fixation,748999.6879999936,0.6196679830551147,0.6913224816322326,2.071929931640625,2.2424774169921875,166.0,1983,NOTRIAL
fixation,749233.0289999843,0.6263684119497027,0.6978268197604588,2.0561904907226562,2.1619110107421875,467.0,1984,NOTRIAL
fixation,749733.0499999821,0.6459042538296093,0.706205590204759,2.0815013538707388,2.21441650390625,375.0,1985,NOTRIAL
fixation,750299.7369999886,0.44451262056827545,0.3381121582709826,2.1752155010516825,2.2948843149038463,425.0,1986,NOTRIAL
fixation,750799.7549999952,0.3485492595604488,0.48486928045749667,2.2317143031529016,2.2683659144810266,1166.0,1987,NOTRIAL
fixation,752033.1319999993,0.475557674964269,0.4817856599887212,2.2298990885416665,2.2341715494791665,108.0,1988,NOTRIAL
fixation,752466.4839999974,0.5283271729946136,0.46362490952014923,2.2761688232421875,2.33970947265625,167.0,1989,29
fixation,752699.822999984,0.4174268792072932,0.6492516299088796,2.233617146809896,2.296696980794271,100.0,1990,29
fixation,752833.1609999835,0.34546702802181245,0.8650531530380249,2.1094146728515626,2.1895828247070312,167.0,1991,29
fixation,753033.1669999957,0.32210876047611237,0.8698683977127075,2.0781478881835938,,67.0,1992,29
fixation,753133.1719999909,0.32100959867239,0.8547705262899399,2.040191650390625,2.1696319580078125,67.0,1993,29
fixation,753233.1749999821,0.3225342333316803,0.867622435092926,2.0276718139648438,,67.0,1994,29
fixation,753333.1789999902,0.42898762226104736,0.8518842458724976,1.9931411743164062,,75.0,1995,29
fixation,753699.8579999804,0.38110557198524475,0.8419435705457415,2.1032823835100447,,225.0,1996,29
fixation,753966.5319999754,0.45362972021102904,0.8567604899406434,2.1552337646484374,,167.0,1997,29
fixation,754166.5399999917,0.5221080303192138,0.8573365330696106,2.0768951416015624,2.25531005859375,167.0,1998,29
fixation,754366.5449999869,0.5747246997697013,0.8607674155916486,2.018700735909598,,234.0,1999,29
fixation,754666.5549999774,0.6545800765355428,0.8690519134203593,2.0164845784505205,,100.0,2000,29
fixation,754924.896999985,0.4395956794420878,0.6399867534637451,2.0926666259765625,2.0733795166015625,100.0,2001,29
fixation,755091.57099998,0.3928383350372314,0.6076194703578949,2.0802581787109373,2.0945465087890627,167.0,2002,29
fixation,755291.5779999793,0.4830212816596031,0.5755559653043747,2.052104949951172,2.0411643981933594,134.0,2003,29
fixation,755458.247999996,0.5388672997554144,0.5562319457530975,2.013463338216146,2.0028167724609376,200.0,2004,29
fixation,755691.5889999866,0.5054439008235931,0.5689971424066104,2.0149453970102162,2.0288473275991588,434.0,2005,29
fixation,756158.271999985,0.4560961549480756,0.5648137629032135,2.0189743041992188,2.0578486124674478,200.0,2006,29
fixation,756424.947999984,0.5140371719996134,0.3922574718793233,1.9976399739583333,2.0906880696614585,108.0,2007,29
fixation,756824.9609999955,0.5300921946763992,0.32357057929039,2.0171432495117188,2.0502090454101562,133.0,2008,29
fixation,757024.9649999738,0.38097134480873746,0.6056143467624983,1.9893430074055989,1.9984499613444011,400.0,2009,29
fixation,757458.3149999976,0.41488899538914364,0.6154771248499552,1.9987335205078125,1.952196756998698,208.0,2010,29
fixation,758091.6679999828,0.47853004932403564,0.6349964439868927,2.0539474487304688,1.920074462890625,66.0,2011,29
fixation,758191.6689999998,0.4742175340652466,0.5759740471839905,2.0182876586914062,1.695068359375,66.0,2012,29
fixation,758291.6719999909,0.4949510246515274,0.6184664368629456,1.9969711303710938,,66.0,2013,29
fixation,758391.6749999821,0.5343854278326035,0.5724620372056961,1.9672393798828125,1.9500783284505208,133.0,2014,29
fixation,758558.3469999731,0.5321252942085266,0.5858868956565857,1.9474029541015625,,67.0,2015,29
fixation,758658.349999994,0.5310415253043175,0.5679867044091225,1.9508628845214844,1.9355367024739583,134.0,2016,29
fixation,758825.0229999721,0.4697237014770508,0.5729309916496277,2.0023651123046875,1.9382095336914062,100.0,2017,29
fixation,759091.6969999969,0.5328701386849085,0.5883495708306631,1.984850565592448,1.9812530517578124,200.0,2018,29
fixation,759391.7060000002,0.5478569269180298,0.5675907731056213,1.9698333740234375,1.98306884765625,166.0,2019,29
fixation,759625.0469999909,0.6146134212613106,0.573084220290184,1.9716835021972656,1.9691238403320312,133.0,2020,29
fixation,759825.0539999902,0.3962757557630539,0.6459163665771485,1.95836181640625,1.9290313720703125,167.0,2021,29
fixation,760425.072999984,0.4585030986504121,0.6410995884375139,2.0013594193892046,1.9753926595052083,359.0,2022,29
fixation,760825.0810000002,0.5119600653648376,0.6125926196575164,1.9497894287109374,1.94683837890625,175.0,2023,29
fixation,761258.4299999774,0.5319025814533234,0.3436146914958954,2.0281524658203125,2.088273620605469,659.0,2024,29
fixation,761958.4529999793,0.5676597207784653,0.3624590076506138,2.0549850463867188,2.09783935546875,134.0,2025,29
fixation,762158.4599999785,0.4020877741277218,0.47358106821775436,2.0448760986328125,2.0519027709960938,134.0,2026,29
fixation,762325.1329999864,0.40250204876065254,0.5943025611341,2.0593509674072266,2.069559097290039,267.0,2027,29
fixation,762625.1389999986,0.49342698603868484,0.5774577260017395,2.0819759368896484,2.0676498413085938,267.0,2028,FIX_CROS
fixation,762925.1519999802,0.48833978176116943,0.5107773840427399,2.0809478759765625,2.1519673665364585,108.0,2029,FIX_CROS
fixation,763491.8379999995,0.3870948428908984,0.4999084323644638,2.2329228719075522,2.2510986328125,400.0,2030,FIX_CROS
fixation,763958.5179999769,0.4559090584516525,0.49390392005443573,2.2002105712890625,2.2095184326171875,167.0,2031,29.1
fixation,764158.5259999931,0.49819118597290735,0.49312096427787433,2.199381048029119,2.201478437943892,367.0,2032,29.1
fixation,764558.5389999747,0.5273984968662262,0.4987330436706543,2.173151652018229,2.174128214518229,100.0,2033,29.1
fixation,764691.8739999831,0.5282283978802818,0.46432117904935566,2.1476353236607144,2.1750640869140625,241.0,2034,NOTRIAL
fixation,765191.8919999897,0.6087826043367386,0.3681364506483078,2.2666091918945312,2.3448638916015625,133.0,2035,NOTRIAL
fixation,765358.5649999976,0.6217937579280451,0.2963419619359468,2.244306865491365,2.3257518567537008,634.0,2036,NOTRIAL
fixation,766025.2529999912,0.6412071684996287,0.44850706855456035,2.184745279947917,2.308632405598958,500.0,2037,NOTRIAL
fixation,766591.9379999936,0.6340996972892595,0.6719928642977839,2.188875944718071,2.3131368885869565,774.0,2038,NOTRIAL
fixation,767658.6399999857,0.4747359424829483,0.45641581565141676,2.2235794067382812,2.2972061157226564,342.0,2039,FIX_CROS
fixation,768258.6569999754,0.45414962371190387,0.43604494796858895,2.2295396592881946,2.281255933973524,593.0,2040,FIX_CROS
fixation,768892.0109999776,0.41374771669507027,0.47722049802541733,2.2285385131835938,2.2658958435058594,133.0,2041,29.2
fixation,769058.6839999855,0.3511296920478344,0.4982773922383785,2.2490158081054688,2.2597579956054688,133.0,2042,29.2
fixation,769225.3539999723,0.32191862910985947,0.4981147199869156,2.2594871520996094,2.233081817626953,134.0,2043,29.2
fixation,769392.0269999802,0.2446968760341406,0.5186142474412918,2.1998825073242188,2.234617233276367,275.0,2044,29.2
fixation,770225.3859999776,0.49359023322661716,0.4996043046315511,2.2470779418945312,2.2431462605794272,200.0,2045,29.2
fixation,770458.7239999771,0.5794632211327553,0.488895520567894,2.175983428955078,2.249645233154297,141.0,2046,29.2
fixation,770925.4059999883,0.6658783086708614,0.47824476872171673,2.1429268973214284,2.230872017996652,234.0,2047,29.2
fixation,771192.0810000002,0.7027303576469421,0.4894440591335297,2.13677978515625,2.250115966796875,167.0,2048,29.2
fixation,771392.0879999995,0.7538975051471165,0.4706310842718397,2.0773119245256693,2.200995309012277,233.0,2049,29.2
fixation,771658.7619999945,0.6168924967447916,0.47986068659358555,2.0861409505208335,2.1841566297743054,300.0,2050,29.2
fixation,771992.1069999933,0.58573077917099,0.4953745394945145,2.0980682373046875,2.20025634765625,167.0,2051,29.2
fixation,772225.4469999969,0.37299797534942625,0.4939884841442108,2.1181549072265624,2.147265625,167.0,2052,29.2
fixation,772425.4519999921,0.315311461687088,0.5078176036477089,2.111083984375,2.1544036865234375,75.0,2053,29.2
fixation,773058.8089999855,0.3420969694852829,0.5194568435351054,2.2370147705078125,2.2507832845052085,100.0,2054,29.2
fixation,773258.8129999936,0.3428906574845314,0.5117348184188207,2.124131096733941,2.1458562215169272,608.0,2055,29.2
fixation,774158.8439999819,0.6369609911190836,0.2828928287092008,2.2243017899362663,2.33488624974301,625.0,2056,NOTRIAL
fixation,774825.5339999795,0.6412493248780569,0.4653785119454066,2.2706197102864585,2.403575642903646,500.0,2057,NOTRIAL
fixation,775358.8799999952,0.6456319822205437,0.7145920577976439,2.2160814073350696,2.355749342176649,608.0,2058,NOTRIAL
fixation,776192.244999975,0.42386203597892413,0.4398046068169854,2.2484547008167612,2.402865323153409,359.0,2059,NOTRIAL
fixation,776592.2589999735,0.3518544981877009,0.5013789236545563,2.3368937174479165,2.435338338216146,100.0,2060,NOTRIAL
fixation,776758.925999999,0.6405321270227432,0.4678081706166267,2.3061981201171875,2.4259368896484377,666.0,2061,NOTRIAL
fixation,777492.2889999747,0.48748342096805575,0.4665085092186928,2.3098526000976562,2.397694396972656,341.0,2062,NOTRIAL
fixation,778625.6659999788,0.4599366243928671,0.4794543832540512,2.3831005096435547,2.441730499267578,267.0,2063,15
fixation,778925.6779999733,0.47584512474991025,0.45073209915842327,2.3150721958705356,2.3932262602306547,700.0,2064,15
fixation,779659.0409999788,0.4481673315167427,0.48328038801749545,2.300440470377604,2.3456573486328125,200.0,2065,15
fixation,780325.7349999845,0.4452674261161259,0.6817266302449363,2.2642735072544644,2.452056884765625,233.0,2066,15
fixation,780592.4099999964,0.5117728233337402,0.6311510503292084,2.2797607421875,2.460948944091797,167.0,2067,15
fixation,780825.7559999824,0.4219151834646861,0.8284856478373209,2.231043497721354,2.3933868408203125,100.0,2068,15
fixation,780959.0919999778,0.40385491649309796,0.8541513979434967,2.2277145385742188,2.4058761596679688,200.0,2069,15
fixation,781225.771999985,0.4890422932803631,0.8526017069816589,2.2002410888671875,,133.0,2070,15
fixation,781392.4449999928,0.5120536386966705,0.8587029129266739,2.2087440490722656,,134.0,2071,15
fixation,781559.119999975,0.4237770438194275,0.8453580899672075,2.13507080078125,,367.0,2072,15
fixation,781959.1339999735,0.4633443355560303,0.8447631994883219,1.8626912434895833,,100.0,2073,15
fixation,782125.8099999726,0.5523318449656168,0.694772481918335,1.8273518880208333,,100.0,2074,15
fixation,782292.4809999764,0.5050981442133585,0.39938969165086746,1.821685791015625,1.906903584798177,208.0,2075,15
fixation,782759.1639999747,0.4470674941937129,0.40479084849357605,1.8694305419921875,1.9288584391276042,100.0,2076,15
fixation,783159.1769999862,0.45300630033016204,0.49591206312179564,2.1042739868164064,2.1282318115234373,333.0,2077,15
fixation,783959.2039999962,0.5143418339165774,0.442137212915854,2.158784346147017,2.2545665394176138,367.0,2078,15
fixation,784359.2159999907,0.4431930035352707,0.5152996232112249,2.1030375162760415,2.1378631591796875,200.0,2079,15
fixation,784592.5579999983,0.4172303726275762,0.532273648513688,2.109498765733507,2.077763875325521,300.0,2080,15
fixation,784925.9019999802,0.5000719455155459,0.5328451178290627,2.0720284201882104,2.104739102450284,366.0,2081,15
fixation,785325.9129999876,0.5599412471055984,0.5239654295146465,2.0396480560302734,2.1224594116210938,274.0,2082,15
fixation,785959.2689999938,0.5189563035964966,0.6694837609926859,1.975189208984375,,92.0,2083,15
fixation,786092.6089999974,0.4920716498579298,0.45130656233855654,2.1308804466610862,2.1697933799342106,700.0,2084,15
fixation,786825.9659999907,0.49798547426859535,0.4921702782313029,2.1484527587890625,2.2065032958984374,500.0,2085,FIX_CROS
fixation,787359.3179999888,0.45136977625744684,0.465010116142886,2.2161429268973216,2.2463777982271633,467.0,2086,FIX_CROS
fixation,787859.3329999745,0.3855711817741394,0.43755703171094257,2.2722371419270835,2.263031005859375,100.0,2087,15.2
fixation,787992.670999974,0.2952246844768524,0.39260560274124146,2.2444702148437496,2.25477294921875,166.0,2088,15.2
fixation,788192.675999999,0.20527299812861852,0.363015027982848,2.164954049246652,2.1836863926478793,466.0,2089,15.2
fixation,788692.6899999976,0.18374956399202347,0.36787351965904236,2.1920623779296875,2.1341171264648438,74.0,2090,15.2
fixation,789059.371999979,0.24687829944822523,0.3878488789002101,2.2183108859592013,2.2063090006510415,292.0,2091,15.2
fixation,789892.7309999764,0.2106034055352211,0.38523003160953523,2.2402313232421873,2.2715423583984373,158.0,2092,15.2
fixation,790092.7369999886,0.18222168646752834,0.3649750053882599,2.188893127441406,2.2097740173339844,666.0,2093,15.2
fixation,790792.7579999864,0.24527841806411743,0.3644187342789438,2.155332777235243,2.1354327731662326,600.0,2094,15.2
fixation,791426.1139999926,0.2913658296068509,0.37346556037664413,2.1625773111979165,2.1212437947591147,200.0,2095,15.2
fixation,791659.4549999833,0.2710156112909317,0.3720671057701111,2.1376556396484374,2.152801513671875,167.0,2096,15.2
fixation,791859.4589999914,0.29097964366277057,0.35606591900189716,2.1627705891927085,2.0775299072265625,108.0,2097,15.2
fixation,792392.8119999766,0.3379331848451069,0.38796786751065937,2.2072557721819197,2.182519095284598,233.0,2098,15.2
fixation,792992.8299999833,0.39660777648289997,0.38180893162886304,2.1295267740885415,2.1187235514322915,92.0,2099,15.2
fixation,793126.1699999869,0.4439287529541896,0.3710431536802879,2.1343102088341346,2.1496746356670675,433.0,2100,15.2
fixation,793592.8519999981,0.4245911315083504,0.3712188998858134,2.10498046875,2.145294189453125,200.0,2101,15.2
fixation,793826.1929999888,0.2950952798128128,0.3788430474021218,2.147635719992898,2.1704975474964487,375.0,2102,15.2
fixation,794526.2189999819,0.44198213730539593,0.3760549170630319,2.159085954938616,2.193300519670759,225.0,2103,15.2
fixation,794792.8929999769,0.47767034471035,0.3715764105319977,2.169793701171875,2.1923614501953126,166.0,2104,15.2
fixation,794992.8959999979,0.5341379145781199,0.35995467172728646,2.106294420030382,2.1622161865234375,300.0,2105,15.2
fixation,795326.244999975,0.6338065564632416,0.3493131324648857,2.1166763305664062,2.12786865234375,75.0,2106,15.2
fixation,795659.5879999995,0.7176357172429562,0.3413891438394785,2.1060428619384766,2.1647682189941406,259.0,2107,15.2
fixation,795959.5969999731,0.6930113865269555,0.34491100079483455,2.089116414388021,2.191892835828993,300.0,2108,15.2
fixation,796292.9419999719,0.6421604624816349,0.3549793192318508,2.108008248465402,2.2205309186662947,233.0,2109,15.2
fixation,796559.6180000007,0.683578222990036,0.3581830561161041,2.1041641235351562,2.2301101684570312,67.0,2110,15.2
fixation,796692.9560000002,0.790798656642437,0.34875600039958954,2.1198806762695312,2.2100181579589844,141.0,2111,15.2
fixation,797092.9689999819,0.18139392882585526,0.4727180302143097,2.17181396484375,2.2368179321289063,325.0,2112,15.2
fixation,797459.6459999979,0.23073938087775156,0.46759636814777666,2.133783193734976,2.1491429255558896,434.0,2113,15.2
fixation,797926.3289999962,0.27374476939439774,0.4632370173931122,2.1005592346191406,2.0977020263671875,142.0,2114,15.2
fixation,798459.6879999936,0.35471770763397215,0.47795653343200684,2.168853759765625,2.127117919921875,166.0,2115,15.2
fixation,798659.6919999719,0.41052445934878457,0.4621233029497994,2.1371900770399304,2.104639689127604,300.0,2116,15.2
fixation,798993.0399999917,0.47074398025870323,0.4524528793990612,2.0640716552734375,2.0997276306152344,267.0,2117,15.2
fixation,799293.0499999821,0.5390504052241644,0.45190541942914325,2.0732599894205728,2.1103719075520835,200.0,2118,15.2
fixation,799526.3939999938,0.5784469445546468,0.442438468337059,2.071929931640625,2.1020100911458335,108.0,2119,15.2
fixation,799859.7379999757,0.7153751134872437,0.3918891727924347,2.05614013671875,,158.0,2120,15.2
fixation,800126.4149999917,0.2215341329574585,0.5605084327134219,2.1705558083274146,2.148831454190341,367.0,2121,15.2
fixation,800526.4299999774,0.24465692229568958,0.5673993602395058,2.1198158264160156,2.1134986877441406,142.0,2122,15.2
fixation,800959.7819999754,0.40929973125457764,0.6618752479553223,2.050908406575521,,92.0,2123,15.2
fixation,801093.119999975,0.39314863085746765,0.6234373599290848,2.1192474365234375,2.060211181640625,67.0,2124,15.2
fixation,801226.4579999745,0.5733589410781861,0.5965264856815338,2.0612274169921876,2.060614013671875,167.0,2125,15.2
fixation,801426.4619999826,0.595208652317524,0.5911054462194443,2.0394630432128906,2.050409952799479,134.0,2126,15.2
fixation,801659.8079999983,0.537756601969401,0.5616520742575327,2.0348536173502603,1.8990234375,200.0,2127,NOTRIAL
fixation,801926.4849999845,0.5413990244269371,0.5790748298168182,2.0493927001953125,2.071575164794922,134.0,2128,NOTRIAL
fixation,802193.1579999924,0.5516023755073547,0.3459753543138504,2.1284912109375,2.215997314453125,167.0,2129,NOTRIAL
fixation,802393.1719999909,0.630020409822464,0.2790388933249882,2.153387887137277,2.2538561139787947,241.0,2130,NOTRIAL
fixation,802926.5229999721,0.6298314690589905,0.2967897102236748,2.204539489746094,2.3268203735351562,326.0,2131,NOTRIAL
fixation,803293.1999999881,0.639756860004531,0.4973979733056492,2.1333753797743054,2.2737825181749134,600.0,2132,NOTRIAL
fixation,803926.5549999774,0.6345145636134677,0.6460123029020097,2.0678253173828125,2.1785335540771484,300.0,2133,NOTRIAL
fixation,804259.898999989,0.6428562477231026,0.6926498785614967,2.0785179138183594,2.1950887044270835,133.0,2134,NOTRIAL
fixation,804426.57099998,0.6384571899067272,0.7045835798436945,2.0756572376598013,2.15740966796875,375.0,2135,NOTRIAL
fixation,805226.5989999771,0.5813625156879425,0.4266141653060913,2.1226917613636362,2.211245450106534,367.0,2136,FIX_CROS
fixation,805626.6099999845,0.5039263923962911,0.47577091803153354,2.074421691894531,2.1787150065104166,1000.0,2137,FIX_CROS
fixation,806659.9779999852,0.47762137949466704,0.4926303267478943,2.089910888671875,2.152508544921875,166.0,2138,15.1
fixation,806859.9869999886,0.43862192581097287,0.4938746790091197,2.1066055297851562,2.1726481119791665,200.0,2139,15.1
fixation,807093.3279999793,0.6362367967764536,0.4873107655180825,2.103483412000868,2.1893429226345487,300.0,2140,15.1
fixation,807426.6729999781,0.6023381352424622,0.46017072669097353,2.064394269670759,2.1462271554129466,233.0,2141,15.1
fixation,808026.6949999928,0.6461389561494192,0.46557651956876117,2.1700032552083335,2.2247416178385415,92.0,2142,15.1
fixation,808160.0329999924,0.692467886209488,0.48320709466934203,2.19183349609375,2.3078765869140625,175.0,2143,15.1
fixation,808826.72299999,0.3195038139820099,0.5190755493111081,2.233249240451389,2.265569051106771,300.0,2144,15.1
fixation,809193.4019999802,0.37578404943148297,0.5075283373395602,2.165715535481771,2.2037506103515625,200.0,2145,15.1
fixation,809426.7439999878,0.4065101325511932,0.4987708777189255,2.135235595703125,2.141522216796875,174.0,2146,15.1
fixation,809860.0939999819,0.4969087342421214,0.4432702362537384,2.123835245768229,2.130610148111979,100.0,2147,15.1
fixation,810293.4429999888,0.536561432811949,0.42456941306591034,2.17629157172309,2.2224527994791665,300.0,2148,NOTRIAL
fixation,810626.7870000005,0.5938675155242285,0.2651594753066699,2.1883621215820312,2.309636433919271,200.0,2149,NOTRIAL
fixation,810860.1299999952,0.6301298419634501,0.27505768835544586,2.180156453450521,2.304521687825521,500.0,2150,NOTRIAL
fixation,811426.8149999976,0.6404411252588034,0.49690750427544117,2.180508613586426,2.296884536743164,533.0,2151,NOTRIAL
fixation,811993.5049999952,0.6398684361151287,0.6723486397947583,2.2006966727120534,2.3285616361177883,467.0,2152,NOTRIAL
fixation,812526.8559999764,0.6390521058014461,0.6669631344931466,2.1830444335937496,2.330915010892428,466.0,2153,NOTRIAL
fixation,813060.2089999914,0.56532983481884,0.48507967963814735,2.1756553649902344,2.317108154296875,133.0,2154,NOTRIAL
fixation,813226.8799999952,0.6253673017024994,0.48122842113176983,2.221912638346354,2.3391743977864583,508.0,2155,NOTRIAL
fixation,814026.9089999795,0.6293599903583527,0.479848962277174,2.1933746337890625,2.281391143798828,133.0,2156,NOTRIAL
fixation,814193.5799999833,0.5139413177967072,0.4828140139579773,2.1951980590820312,2.3246002197265625,75.0,2157,NOTRIAL
fixation,814660.2629999816,0.46847207099199295,0.47892171889543533,2.2107620239257812,2.264129638671875,67.0,2158,28
fixation,814760.2649999857,0.4257211710015933,0.41727931052446365,2.24249267578125,2.354303995768229,200.0,2159,28
fixation,814993.6079999804,0.481745849053065,0.41844846308231354,2.1960042317708335,2.2096710205078125,108.0,2160,28
fixation,815493.6239999831,0.4445682168006897,0.8729525705178579,2.18426513671875,,200.0,2161,28
fixation,815726.9619999826,0.4898780882358551,0.8553669303655624,2.1128387451171875,,133.0,2162,28
fixation,815893.6369999945,0.5699824094772339,0.8635995473180499,2.0528695242745534,,234.0,2163,28
fixation,816160.3139999807,0.49810313433408737,0.8395510166883469,2.0268096923828125,,133.0,2164,28
fixation,816360.3169999719,0.4615120626986027,0.4380927011370659,2.1894264221191406,2.289348602294922,133.0,2165,28
fixation,816526.9919999838,0.4369661957025528,0.41542088985443115,2.202911376953125,2.312213897705078,133.0,2166,28
fixation,816693.6639999747,0.5166653171181679,0.38680511340498924,2.213787078857422,2.3387832641601562,134.0,2167,28
fixation,816860.3359999955,0.5434552431106567,0.3940928280353546,2.283843994140625,2.3768997192382812,67.0,2168,28
fixation,816993.673999995,0.38638604964528767,0.4389131899390902,2.262850080217634,2.3932059151785716,233.0,2169,28
fixation,817260.3489999771,0.418539859354496,0.43470390886068344,2.2777748107910156,2.4038619995117188,134.0,2170,28
fixation,817427.0209999979,0.4851987212896347,0.4410285949707031,2.2969398498535156,2.409923553466797,133.0,2171,28
fixation,817593.6939999759,0.5631888508796692,0.43725567559401196,2.306060791015625,2.3810882568359375,100.0,2172,28
fixation,817760.3680000007,0.4011121367414792,0.48720022787650424,2.304438273111979,2.3560155232747397,208.0,2173,28
fixation,818360.3899999857,0.5597800612449646,0.4813142940402031,2.313465118408203,2.419574737548828,134.0,2174,28
fixation,818527.0649999976,0.44521105715206694,0.5079530754259655,2.3323516845703125,2.404301234654018,233.0,2175,28
fixation,818793.7399999797,0.4119914434850216,0.5331282988190651,2.3200759887695312,2.3742523193359375,133.0,2176,28
fixation,819593.7699999809,0.5018386542797089,0.6049020886421204,2.269805908203125,,66.0,2177,28
fixation,819760.4389999807,0.48086342215538025,0.6464386135339737,2.2324142456054688,2.3949356079101562,67.0,2178,28
fixation,819860.4449999928,0.47870611151059467,0.7001197735468546,2.230646769205729,,100.0,2179,28
fixation,819993.7829999924,0.44644659757614136,0.8468677997589111,2.1997833251953125,,66.0,2180,28
fixation,820093.7879999876,0.4479467074076335,0.8227252066135406,2.187093098958333,2.463775634765625,100.0,2181,28
fixation,820660.4759999812,0.5039928704500198,0.4280716989721571,2.243493216378348,2.3868996756417404,226.0,2182,28
fixation,820927.1519999802,0.5623537302017212,0.47611359010140103,2.269505818684896,2.3691787719726562,208.0,2183,28
fixation,821393.8359999955,0.5429111644625664,0.8460636958479881,2.1776199340820312,,258.0,2184,28
fixation,821693.84799999,0.4756598039106889,0.8513641628352079,2.1241344105113638,2.385711669921875,366.0,2185,28
fixation,822093.8599999845,0.5489636734127998,0.8530453220009804,2.0701141357421875,,266.0,2186,28
fixation,822393.8739999831,0.47092829644680023,0.8508792519569397,2.0699920654296875,,70.0,2187,28
fixation,822677.2149999738,0.4570490960031748,0.37367554288357496,2.2456932067871094,2.3258323669433594,541.0,2188,28
fixation,823543.9120000005,0.48704195885281815,0.4636669041294801,2.286656429893092,2.355141890676398,633.0,2189,FIX_CROS
fixation,824210.6019999981,0.33547380566596985,0.40946540981531143,2.2953262329101562,2.3849334716796875,67.0,2190,28.1
fixation,824343.9409999847,0.22180315355459848,0.36996422708034515,2.2605183919270835,2.373326619466146,100.0,2191,28.1
fixation,824477.2779999971,0.1920229885727167,0.35816129483282566,2.21661376953125,2.3065414428710938,267.0,2192,28.1
fixation,824777.2879999876,0.24376230686903,0.35773269832134247,2.1636581420898438,2.2754440307617188,75.0,2193,28.1
fixation,825243.9709999859,0.33076368520657223,0.39517027139663696,2.2168451944986978,2.2630030314127603,200.0,2194,28.1
fixation,825477.3129999936,0.36675192043185234,0.3766811043024063,2.2158470153808594,2.225025177001953,133.0,2195,28.1
fixation,825643.9859999716,0.40649033337831497,0.3821580894291401,2.2020606994628906,2.2334060668945312,141.0,2196,28.1
fixation,826077.3289999962,0.4694386780261993,0.3879371404647827,2.196295166015625,2.255712890625,159.0,2197,28.1
fixation,826277.3389999866,0.5132146924734116,0.3811812400817871,2.232219696044922,2.306995391845703,142.0,2198,28.1
fixation,826677.3539999723,0.5193327069282532,0.36514612038930255,2.19671630859375,2.2748616536458335,92.0,2199,28.1
fixation,826810.6919999719,0.5464663058519363,0.38263554126024246,2.2160797119140625,2.3322677612304688,133.0,2200,28.1
fixation,826977.3629999757,0.6085189804434776,0.37369097024202347,2.1954193115234375,2.3212547302246094,267.0,2201,28.1
fixation,827277.3739999831,0.6717180386185646,0.35463811457157135,2.1579246520996094,2.2365493774414062,142.0,2202,28.1
fixation,827810.7239999771,0.36943204514682293,0.37494480423629284,2.183513641357422,2.2801151275634766,266.0,2203,28.1
fixation,828144.0689999759,0.24692983366549015,0.3783986456692219,2.1883544921875,2.260232925415039,267.0,2204,28.1
fixation,828477.4139999747,0.3560347507397334,0.37440236657857895,2.1979827880859375,2.1803080240885415,200.0,2205,28.1
fixation,828710.7539999783,0.4208806037902832,0.3674784451723099,2.127294921875,2.168975830078125,166.0,2206,28.1
fixation,828944.0909999907,0.47389925420284273,0.37101038694381716,2.1416839599609374,2.17587890625,167.0,2207,28.1
fixation,829177.4389999807,0.58220933675766,0.4529026448726654,2.1360382080078124,2.199505615234375,167.0,2208,28.1
fixation,829377.4429999888,0.6315267483393351,0.458443025747935,2.149876912434896,2.2068379720052085,108.0,2209,28.1
fixation,829777.4560000002,0.6682070195674896,0.361640103161335,2.13812255859375,2.2432022094726562,67.0,2210,28.1
fixation,829877.4579999745,0.6958583678518023,0.4384922981262207,2.1515917096819197,2.2389112200055803,234.0,2211,28.1
fixation,830144.1359999776,0.7311539351940155,0.44752706090609234,2.162256876627604,2.293604532877604,100.0,2212,28.1
fixation,830577.4849999845,0.7371046423912049,0.3491569459438324,2.126068115234375,2.2360443115234374,159.0,2213,28.1
fixation,830777.4869999886,0.7602964788675308,0.35806461423635483,2.1488876342773438,2.2742080688476562,75.0,2214,28.1
fixation,831110.8349999785,0.8038152456283569,0.34061284363269806,2.1351585388183594,2.2071075439453125,125.0,2215,28.1
fixation,831344.1729999781,0.24353922717273235,0.45780790597200394,2.1703834533691406,2.285919189453125,133.0,2216,28.1
fixation,831510.8469999731,0.18073156252503395,0.43889140486717226,2.0985786437988283,2.1486221313476563,666.0,2217,28.1
fixation,832577.5499999821,0.28741974383592606,0.4377720206975937,2.12030029296875,2.1177597045898438,67.0,2218,28.1
fixation,832710.8879999816,0.5791080594062805,0.4483099430799484,2.1743255615234376,2.175714111328125,166.0,2219,28.1
fixation,832910.8939999938,0.6313539557158947,0.4446916226297617,2.1554336547851562,2.2157936096191406,266.0,2220,28.1
fixation,833544.2489999831,0.5678115367889405,0.4183551579713821,2.113836669921875,2.184356689453125,159.0,2221,28.1
fixation,833744.2539999783,0.5539271354675293,0.4409449428319931,2.1435699462890625,2.2139892578125,167.0,2222,28.1
fixation,833944.2639999986,0.6797936201095581,0.44377638697624205,2.13631591796875,2.2361724853515623,167.0,2223,28.1
fixation,834144.2709999979,0.7592788226902485,0.429807698354125,2.119424819946289,2.2287960052490234,267.0,2224,28.1
fixation,834944.2979999781,0.5000308896854239,0.520340917807705,2.120009224369841,2.2096351955247964,1900.0,2225,28.1
fixation,836877.699000001,0.46125856538613635,0.6219528118769327,2.101750691731771,2.0775909423828125,100.0,2226,28.1
fixation,837111.0370000005,0.526962718793324,0.5677559546061924,2.0553414481026784,2.0873931884765624,233.0,2227,NOTRIAL
fixation,837411.0479999781,0.5254282280802727,0.5824139565229416,2.040332794189453,2.122802734375,133.0,2228,NOTRIAL
fixation,837611.0519999862,0.5018944873621589,0.2915899102625094,2.161930285002056,2.2596194618626644,641.0,2229,NOTRIAL
fixation,838577.7549999952,0.3385365360549518,0.3181364174400057,2.2346343994140625,2.299424307686942,466.0,2230,NOTRIAL
fixation,839511.1159999967,0.4444831721484661,0.30064620450139046,2.182903289794922,2.2041053771972656,125.0,2231,NOTRIAL
fixation,839677.7889999747,0.49568375845750173,0.3035616765419642,2.2063232421875,2.2672414143880206,500.0,2232,NOTRIAL
fixation,840244.4739999771,0.6267503499984741,0.5075791584593909,2.162874494280134,2.2761339460100447,234.0,2233,NOTRIAL
fixation,840511.148999989,0.5005625825036656,0.49086670712991193,2.149200439453125,2.2591982754794033,367.0,2234,NOTRIAL
fixation,840944.497999996,0.6143223444620768,0.7024475435415903,2.130446116129557,2.2406356811523436,400.0,2235,NOTRIAL
fixation,841511.1839999855,0.5737775564193726,0.6766583323478699,2.0732574462890625,2.25701904296875,67.0,2236,NOTRIAL
fixation,841611.1879999936,0.5817568898200989,0.7073558143207005,2.071500505719866,,233.0,2237,NOTRIAL
fixation,841877.8619999886,0.6447082382181416,0.7180907207986583,2.0682990032693613,2.148406982421875,766.0,2238,NOTRIAL
fixation,842711.224999994,0.49137676134705544,0.4683194700628519,2.0846633911132812,2.175020217895508,275.0,2239,FIX_CROS
fixation,843177.9069999754,0.41610922385007143,0.39008699357509613,2.1333017349243164,2.1925792694091797,525.0,2240,FIX_CROS
fixation,843744.5919999778,0.35563800111413,0.49711842834949493,2.139678955078125,2.1848716735839844,134.0,2241,28.2
fixation,843911.2659999728,0.2679551765322685,0.5185618884861469,2.179828643798828,2.1991920471191406,133.0,2242,28.2
fixation,844077.9389999807,0.20482263043522836,0.5020545184612274,2.1514877319335937,2.1556686401367187,341.0,2243,28.2
fixation,844677.9589999914,0.3956422011057536,0.5061929374933243,2.1105779012044272,2.1243682861328126,192.0,2244,28.2
fixation,844911.300999999,0.4358402818441391,0.49757755398750303,2.1297454833984375,2.20487060546875,167.0,2245,28.2
fixation,845111.3059999943,0.49307169020175934,0.49046753843625385,2.114110310872396,2.1812235514322915,108.0,2246,28.2
fixation,845544.6550000012,0.5981491804122925,0.47366034239530563,2.1416873931884766,2.236246109008789,267.0,2247,28.2
fixation,845844.6639999747,0.640092647075653,0.49520398676395416,2.13134765625,2.294671630859375,167.0,2248,28.2
fixation,846044.6719999909,0.6878091096878052,0.48907649020353955,2.123407999674479,2.2731475830078125,108.0,2249,28.2
fixation,846444.6859999895,0.6341097007195154,0.4724831705292066,2.1165593465169272,2.2286224365234375,192.0,2250,28.2
fixation,846678.0229999721,0.6956118245919546,0.49030302299393547,2.1316952175564237,2.2896355523003473,300.0,2251,28.2
fixation,847011.3709999919,0.7843939363956451,0.4808758534491062,2.139862060546875,2.27569580078125,142.0,2252,28.2
fixation,847511.3889999986,0.2061051751176516,0.518913192053636,2.1905339558919272,2.2218144734700522,400.0,2253,28.2
fixation,847944.7359999716,0.2686267506617766,0.5161174077254075,2.1525491567758412,2.166333712064303,433.0,2254,NOTRIAL
fixation,848444.7519999743,0.41924599185585976,0.3333112336695194,2.1624412536621094,2.2060165405273438,133.0,2255,NOTRIAL
fixation,848611.4249999821,0.6195767245910786,0.2857026899302447,2.173412181712963,2.2638171160662615,900.0,2256,NOTRIAL
fixation,849544.7909999788,0.6378115639090538,0.4655645510980061,2.1997653416224887,2.3265462602887834,933.0,2257,NOTRIAL
fixation,850544.8279999793,0.6424729738916669,0.6534884529454368,2.181302025204613,2.308199927920387,700.0,2258,NOTRIAL
fixation,851278.1859999895,0.5546024615565935,0.5110848893721899,2.1773579915364585,2.3057874043782554,400.0,2259,NOTRIAL
fixation,851711.5349999964,0.6213752723165921,0.49126620271376203,2.145463126046317,2.2645955766950334,934.0,2260,NOTRIAL
fixation,852678.2359999716,0.5211725682020187,0.4826480969786644,2.0985107421875,2.2182464599609375,75.0,2261,NOTRIAL
fixation,853011.5810000002,0.4818663075566292,0.48522168956696987,2.1828174591064453,2.2427501678466797,267.0,2262,16
fixation,853711.6039999723,0.4120134214560191,0.8060037096341451,1.9796854654947917,2.0491739908854165,100.0,2263,16
fixation,853844.9409999847,0.4183889627456665,0.8250696659088135,1.98046875,2.1396484375,66.0,2264,16
fixation,854378.2929999828,0.581628292798996,0.8627595603466034,1.9598464965820312,,141.0,2265,16
fixation,854944.9799999893,0.5070428450902303,0.41436122357845306,2.0643513997395835,2.1368509928385415,92.0,2266,16
fixation,855078.3149999976,0.49256719435964313,0.3850396211658205,2.070377894810268,2.1301487513950894,233.0,2267,16
fixation,855344.9939999878,0.5191408336162567,0.37490645945072176,2.0432586669921875,2.1148345947265623,166.0,2268,16
fixation,855545.0009999871,0.4762898966670036,0.40682440996170044,2.0191696166992186,2.0828704833984375,333.0,2269,16
fixation,855911.6779999733,0.5116417407989502,0.4107224643230438,2.0524444580078125,2.0884195963541665,200.0,2270,16
fixation,856145.0209999979,0.5413626953959465,0.41281689889729023,2.0655174255371094,2.121461868286133,267.0,2271,16
fixation,856445.0309999883,0.5702314853668213,0.4054525077342987,2.074700927734375,2.138922119140625,167.0,2272,16
fixation,856645.0359999835,0.4572512097656727,0.4378889501094818,2.0565853118896484,2.111776351928711,267.0,2273,16
fixation,856945.048999995,0.49288041558530593,0.43302035000589156,2.0523274739583335,2.0975223117404513,300.0,2274,16
fixation,857278.3919999897,0.5335967441399893,0.43408362319072086,2.0616175333658853,2.1214625040690103,200.0,2275,16
fixation,857511.7359999716,0.5631785213947296,0.4397763252258301,2.07666015625,2.1464996337890625,166.0,2276,16
fixation,857745.0759999752,0.4706190600991249,0.4698522314429283,2.0693016052246094,2.1366844177246094,141.0,2277,16
fixation,858311.7579999864,0.5336762126535177,0.4468160467222333,2.1160364151000977,2.2034711837768555,533.0,2278,16
fixation,858878.4399999976,0.5696931878725687,0.4583193063735962,2.0910517374674478,2.1837793986002603,200.0,2279,16
fixation,859111.7809999883,0.48938383782903355,0.48377958436806995,2.059808095296224,2.1541163126627603,400.0,2280,16
fixation,859545.1279999912,0.5216954946517944,0.45543352887034416,2.040302276611328,2.172565460205078,141.0,2281,16
fixation,859911.7999999821,0.5628757642375098,0.448640290233824,2.0965372721354165,2.1801656087239585,292.0,2282,16
fixation,860245.146999985,0.49275844792524975,0.49549416452646255,2.1415506998697915,2.209740956624349,400.0,2283,16
fixation,860678.4899999797,0.5334299902121226,0.49024159585436183,2.116771697998047,2.183013916015625,400.0,2284,16
fixation,861111.8389999866,0.5717372179031373,0.4809812605381012,2.0872650146484375,2.1448883056640624,166.0,2285,16
fixation,861345.175999999,0.5134046276410421,0.4970322549343109,2.0666910807291665,2.094996134440104,200.0,2286,16
fixation,861645.1869999766,0.5377855859696865,0.5148186329752207,2.0832462310791016,2.1390743255615234,267.0,2287,16
fixation,861945.1939999759,0.5709595463492654,0.510903846133839,2.029693603515625,2.094870827414773,733.0,2288,16
fixation,862745.2149999738,0.5081903994083404,0.3942665636539459,2.0601715087890624,2.1280029296875,175.0,2289,16
fixation,863211.9029999971,0.49615727294059025,0.390805531115759,2.174415951683408,2.2187282017299106,700.0,2290,16
fixation,863945.2589999735,0.4849130908648173,0.4449860801299413,2.171869913736979,2.2173055013020835,108.0,2291,FIX_CROS
fixation,864311.9399999976,0.3845057161524892,0.4194691777229309,2.2584714889526367,2.343862533569336,525.0,2292,FIX_CROS
fixation,864911.9579999745,0.3292730785906315,0.504597470164299,2.2568931579589844,2.2744483947753906,133.0,2293,16.1
fixation,865078.6319999993,0.25555647909641266,0.5133327474960914,2.253692626953125,2.244664118840144,434.0,2294,16.1
fixation,865545.3129999936,0.387172544002533,0.4989041805267334,2.15777587890625,2.1696929931640625,167.0,2295,16.1
fixation,865745.3199999928,0.44227748215198515,0.499372997879982,2.15506591796875,2.1858184814453123,167.0,2296,16.1
fixation,865945.3259999752,0.47759410242239636,0.5089832047621409,2.178095499674479,2.237553914388021,108.0,2297,16.1
fixation,866278.6719999909,0.5249311476945877,0.4787708446383476,2.1179962158203125,2.2200469970703125,66.0,2298,16.1
fixation,866378.675999999,0.5869382662432534,0.4860664201634271,2.1486075265066966,2.2488882882254466,233.0,2299,16.1
fixation,866645.3509999812,0.6125382840633392,0.4939608693122864,2.1335662841796874,2.2520782470703127,167.0,2300,16.1
fixation,866845.3569999933,0.6469279170036316,0.49225216507911684,2.089080810546875,2.2616424560546875,167.0,2301,16.1
fixation,867045.3649999797,0.6827879846096039,0.48403040568033856,2.1162211100260415,2.204554239908854,100.0,2302,16.1
fixation,867245.3709999919,0.729961613814036,0.4795000155766805,2.104985555013021,,100.0,2303,16.1
fixation,867378.7079999745,0.7235324084758759,0.49184052646160126,2.1483612060546875,2.2883453369140625,66.0,2304,16.1
fixation,867478.7129999995,0.7645948827266693,0.4726267158985138,2.1336669921875,2.2665863037109375,74.0,2305,16.1
fixation,867945.3919999897,0.21786913447655165,0.52664659344233,2.215478750375601,2.2097238393930287,434.0,2306,16.1
fixation,868445.3999999762,0.2994082321723302,0.5024301409721375,2.0883246527777777,2.0857950846354165,300.0,2307,16.1
fixation,868778.7439999878,0.345999039709568,0.4954228326678276,2.0631942749023438,2.0531845092773438,133.0,2308,16.1
fixation,868978.747999996,0.5410103367434608,0.45184237096044755,2.079065958658854,2.1627400716145835,300.0,2309,NOTRIAL
fixation,869312.0899999738,0.6181946337223053,0.2960074782371521,2.170614013671875,2.299127197265625,833.0,2310,NOTRIAL
fixation,870178.7769999802,0.6411917448043823,0.4715661068757375,2.1684865315755206,2.3365468343098956,500.0,2311,NOTRIAL
fixation,870712.121999979,0.6445636919566563,0.6524298872266497,2.1839098249162947,2.3599686395554316,700.0,2312,NOTRIAL
fixation,871478.8089999855,0.5088077574968338,0.4384397387504578,2.1916717529296874,2.341352844238281,341.0,2313,FIX_CROS
fixation,872245.4889999926,0.48488953709602356,0.46337680518627167,2.2371788024902344,2.3455543518066406,126.0,2314,FIX_CROS
fixation,872445.494999975,0.4025868967175484,0.4758467823266983,2.2336502075195312,2.33829345703125,334.0,2315,FIX_CROS
fixation,872812.1719999909,0.2909655769666036,0.46686233083407086,2.2349751790364585,2.3423004150390625,100.0,2316,16.2
fixation,872945.5109999776,0.20867188274860382,0.4639558158814907,2.2055702209472656,2.3201904296875,134.0,2317,16.2
fixation,873112.1819999814,0.1815665401518345,0.456051841378212,2.171600341796875,2.2701492309570312,75.0,2318,16.2
fixation,873612.199000001,0.35979045554995537,0.464097335934639,2.181072235107422,2.189006805419922,125.0,2319,16.2
fixation,873778.869999975,0.41704313457012177,0.46990666538476944,2.1931126912434897,2.2704493204752603,200.0,2320,16.2
fixation,874012.2119999826,0.4532327875494957,0.4604930654168129,2.1399917602539062,2.2331886291503906,133.0,2321,16.2
fixation,874178.8839999735,0.5455165931156704,0.4432780955518995,2.116021292550223,2.2073843819754466,233.0,2322,16.2
fixation,874445.5589999855,0.613879919052124,0.4468042880296707,2.1019622802734377,2.2357147216796873,167.0,2323,16.2
fixation,874645.5639999807,0.7518594494232764,0.43712931069043964,2.130510770357572,2.2441875751201925,434.0,2324,16.2
fixation,875112.247999996,0.8097996711730957,0.43977148830890656,2.127593994140625,2.2614669799804688,75.0,2325,16.2
fixation,875445.5939999819,0.2606479823589325,0.5508258175104856,2.191396713256836,2.1895217895507812,259.0,2326,16.2
fixation,875812.2729999721,0.3705686330795288,0.5457372665405273,2.1751327514648438,2.1708145141601562,267.0,2327,16.2
fixation,876112.2809999883,0.3531691332658132,0.5483946568436093,2.1530032687717013,2.161351521809896,300.0,2328,16.2
fixation,876445.6239999831,0.43921415011088055,0.5371640225251516,2.1659952799479165,2.135747273763021,108.0,2329,16.2
fixation,876945.6429999769,0.43622609972953796,0.5778623223304749,2.2154998779296875,2.223251342773437,67.0,2330,16.2
fixation,877045.646999985,0.4490310276548068,0.5196617841720581,2.2615152994791665,2.291112263997396,200.0,2331,16.2
fixation,877312.3199999928,0.524954315688875,0.5666797028647529,2.1214667426215277,2.2500228881835938,367.0,2332,16.2
fixation,877779.0039999783,0.6049188785254955,0.5040810331702232,2.2029151916503906,2.3098983764648438,267.0,2333,16.2
fixation,878079.0099999905,0.6681995221546718,0.5364580111844199,2.157324654715402,2.3346532185872397,233.0,2334,16.2
fixation,878379.0229999721,0.6929732412099838,0.5165189802646637,2.0439720153808594,2.2811622619628906,133.0,2335,16.2
fixation,878545.69599998,0.7235456705093384,0.5157378713289896,2.0646260579427085,2.2833455403645835,108.0,2336,16.2
fixation,878979.0429999828,0.7304604761302471,0.5158885093405843,2.137784004211426,2.27135009765625,533.0,2337,16.2
fixation,879545.7299999893,0.665320435166359,0.2650801584124565,2.1354049682617187,2.2727615356445314,341.0,2338,NOTRIAL
fixation,880145.7529999912,0.631478081146876,0.41232436150312424,2.150477091471354,2.3066838582356772,192.0,2339,NOTRIAL
fixation,880379.0929999948,0.6375056296586991,0.4907968357205391,2.171125030517578,2.362445068359375,667.0,2340,NOTRIAL
fixation,881079.1159999967,0.6442636019653745,0.6795736302932104,2.0974417792426214,2.239596896701389,600.0,2341,NOTRIAL
fixation,881745.8079999983,0.38705835342407224,0.4484534045060476,2.131097412109375,2.2559275309244793,500.0,2342,NOTRIAL
fixation,882279.1599999964,0.3537246912717819,0.4864145010709763,2.1714141845703123,2.2290130615234376,167.0,2343,NOTRIAL
fixation,882512.5009999871,0.6140565517402831,0.4839131392183758,2.1787312825520835,2.3268577938988093,700.0,2344,NOTRIAL
fixation,883245.8579999804,0.49891772866249084,0.46035651713609693,2.1090652465820314,2.2733993530273438,341.0,2345,NOTRIAL
fixation,883979.2189999819,0.3976020894944668,0.4225678853690624,2.1895065307617188,2.2764320373535156,659.0,2346,30
fixation,884679.2399999797,0.45930376648902893,0.39106518030166626,2.1011505126953125,2.1476516723632812,75.0,2347,30
fixation,885045.9199999869,0.49319618195295334,0.3838290100296338,2.1227391560872397,2.194859822591146,192.0,2348,30
fixation,885279.2579999864,0.38926249529634205,0.41525752416678835,2.176367623465402,2.249853951590402,241.0,2349,30
fixation,885812.6109999716,0.4305313229560852,0.3980562935272853,2.1088587443033853,2.1420593261718746,192.0,2350,30
fixation,886045.9519999921,0.48563939034938813,0.4032807260751724,2.1315093994140626,2.176171875,166.0,2351,30
fixation,886245.9579999745,0.520686149597168,0.40207863599061966,2.1074752807617188,2.1646957397460938,74.0,2352,30
fixation,886745.974999994,0.4271969236433506,0.4213648922741413,2.081439971923828,2.177581787109375,133.0,2353,30
fixation,886912.6459999979,0.39669997096061704,0.4332375332713127,2.098216247558594,2.1902252197265626,334.0,2354,30
fixation,887345.9939999878,0.4016532103220622,0.8717638850212097,1.9288075764973958,,100.0,2355,30
fixation,887479.3339999914,0.3428990952670574,0.8677660077810287,1.9526519775390625,,267.0,2356,30
fixation,887779.3409999907,0.43345672488212583,0.8643540620803833,1.91754150390625,,167.0,2357,30
fixation,888179.3519999981,0.5210785269737244,0.8626436233520508,1.8561614990234374,,167.0,2358,30
fixation,888379.3599999845,0.5761445803301675,0.8538251859801156,1.8580551147460938,2.0376739501953125,467.0,2359,30
fixation,888879.371999979,0.6432359303746905,0.8616164071219308,1.8945726667131697,,234.0,2360,30
fixation,889146.0429999828,0.6003465294837952,0.6794093966484069,1.905718994140625,,167.0,2361,30
fixation,889487.7189999819,0.3983169888908213,0.3814278529448943,2.0213692405007104,2.0654130415482954,366.0,2362,30
fixation,889887.7299999893,0.45492156346638996,0.3857891708612442,2.0481669108072915,2.069910685221354,108.0,2363,30
fixation,890354.4089999795,0.5029832124710083,0.36648325994610786,2.0190162658691406,2.0734519958496094,134.0,2364,30
fixation,890521.0810000002,0.3923487874368827,0.40081269790728885,2.0486729939778647,2.132268269856771,400.0,2365,30
fixation,890954.4219999909,0.5065720677375793,0.375441774725914,2.0597432454427085,2.1223068237304688,200.0,2366,30
fixation,891187.7619999945,0.40351382941007613,0.40205283761024474,2.0607391357421876,2.16087646484375,333.0,2367,30
fixation,891921.1159999967,0.514857416972518,0.39332733489573,2.118185043334961,2.2172927856445312,259.0,2368,30
fixation,892221.121999979,0.5411522707768849,0.3971777409315109,2.1320931570870534,2.208400181361607,467.0,2369,30
fixation,892721.1349999905,0.5558361113071442,0.4027416557073593,2.113433837890625,2.209376017252604,100.0,2370,30
fixation,892854.47299999,0.39871639013290405,0.43067716807127,2.0938873291015625,2.1878108978271484,267.0,2371,30
fixation,893187.8149999976,0.4536929205060005,0.42818762362003326,2.1356735229492188,2.186187744140625,74.0,2372,30
fixation,893754.5059999824,0.5242923200130463,0.4282213846842448,2.1374664306640625,2.2167256673177085,100.0,2373,30
fixation,893921.1729999781,0.5966031954568976,0.652476792826372,2.0660014433019303,2.1625071207682294,567.0,2374,30
fixation,894521.1889999807,0.5059701025485992,0.47662690877914426,2.030535888671875,2.11707763671875,175.0,2375,FIX_CROS
fixation,894987.872999996,0.504824683898025,0.34608987387683654,2.1532262166341147,2.2220637003580728,592.0,2376,FIX_CROS
fixation,895621.2289999723,0.492726269364357,0.3995446413755417,2.1569854736328127,2.257550048828125,167.0,2377,30.1
fixation,895821.2339999974,0.4602625876665115,0.40803841054439544,2.1513946533203123,2.2331207275390623,167.0,2378,30.1
fixation,896054.5749999881,0.21195635795593262,0.40560044944286344,2.162158203125,2.211505126953125,167.0,2379,30.1
fixation,896254.5789999962,0.17383331805467606,0.42056351556227756,2.1631234975961537,2.194452139047476,434.0,2380,30.1
fixation,896721.2659999728,0.21573057174682617,0.42374868094921114,2.1420806884765624,2.1366790771484374,167.0,2381,30.1
fixation,896954.6029999852,0.3436722457408905,0.4168575257062912,2.1113853454589844,2.0991668701171875,134.0,2382,30.1
fixation,897121.2769999802,0.4952908344566822,0.40209898725152016,2.1097640991210938,2.122528076171875,133.0,2383,30.1
fixation,897287.9469999969,0.5760413805643717,0.41164403160413104,2.1221720377604165,2.2187601725260415,108.0,2384,30.1
fixation,897654.6269999743,0.6980849305788676,0.3898225923379262,2.08489990234375,2.1973114013671875,92.0,2385,30.1
fixation,897787.9629999995,0.7585219442844391,0.3985432654619217,2.1492767333984375,2.289111328125,166.0,2386,30.1
fixation,897987.9679999948,0.7864049673080444,0.3969436213374138,2.1273880004882812,2.2458038330078125,74.0,2387,30.1
fixation,898421.3159999847,0.8453960518042246,0.3845818042755127,2.1363983154296875,2.1671244303385415,100.0,2388,30.1
fixation,898621.324000001,0.25005803257226944,0.4735741416613261,2.1374613444010415,2.183476765950521,100.0,2389,30.1
fixation,898754.6620000005,0.19284496412557714,0.487515909706845,2.1083921544692097,2.1554206399356617,567.0,2390,30.1
fixation,899354.6789999902,0.27690330892801285,0.5137321054935455,2.0926513671875,2.1034698486328125,74.0,2391,30.1
fixation,899854.699000001,0.3380696326494217,0.5111400127410889,2.1278228759765625,2.1205963134765624,166.0,2392,30.1
fixation,900054.7049999833,0.36678952574729917,0.4972271859645844,2.1001129150390625,2.0947296142578127,166.0,2393,30.1
fixation,900554.7179999948,0.47827211519082385,0.4783449073632558,2.057856241861979,2.0845743815104165,192.0,2394,30.1
fixation,901154.7399999797,0.5898433668272836,0.4702499657869339,2.0338047572544644,2.0937020438058034,225.0,2395,30.1
fixation,901454.7489999831,0.6678612232208252,0.49114837249120075,2.017023722330729,2.1472574869791665,108.0,2396,30.1
fixation,901821.4249999821,0.6803715030352274,0.46510915954907733,2.0142974853515625,,92.0,2397,30.1
fixation,901954.7639999986,0.7017489969730377,0.47232924997806547,2.0261199951171873,2.1353424072265623,166.0,2398,30.1
fixation,902154.7679999769,0.7591626234352589,0.47043839283287525,2.021677017211914,2.132364273071289,266.0,2399,30.1
fixation,902454.7789999843,0.7930235763390859,0.4685722192128499,2.007837931315104,2.104456583658854,100.0,2400,30.1
fixation,902654.7870000005,0.36698249354958534,0.5511329248547554,1.9476318359375,2.042583465576172,133.0,2401,30.1
fixation,902821.4579999745,0.33535836305883193,0.5952846871482002,2.0653805202907987,2.053132798936632,300.0,2402,30.1
fixation,903154.8039999902,0.37118326624234516,0.5822927057743073,2.0134989420572915,2.056513468424479,108.0,2403,30.1
fixation,903588.148999989,0.4439485464245081,0.5681388135999441,2.0787429809570312,2.0804574148995534,267.0,2404,30.1
fixation,903888.1599999964,0.5011091142892837,0.550886544585228,2.0632171630859375,2.1156463623046875,167.0,2405,30.1
fixation,904154.8359999955,0.5895038970879146,0.5446628630161285,2.0423366001674106,2.1031316121419272,233.0,2406,30.1
fixation,904421.5099999905,0.5557866543531418,0.5372467041015625,2.0058975219726562,2.0825729370117188,134.0,2407,30.1
fixation,904588.1799999774,0.6560299973934889,0.5448026433587074,2.0604124069213867,2.1340599060058594,533.0,2408,30.1
fixation,905154.8680000007,0.5964051286379496,0.2502031773328781,2.130523681640625,2.215118408203125,200.0,2409,NOTRIAL
fixation,905388.2069999874,0.5743790935902369,0.278359626020704,2.1271478562127974,2.2441028413318453,700.0,2410,NOTRIAL
fixation,906154.898999989,0.5694136749953032,0.46032068878412247,2.131338119506836,2.276730537414551,533.0,2411,NOTRIAL
fixation,906754.9189999998,0.6416150371233622,0.6783831755320231,2.1047047932942706,2.2609933706430287,500.0,2412,NOTRIAL
fixation,907354.9369999766,0.6417796909809113,0.6909516453742981,2.0661239624023438,,74.0,2413,NOTRIAL
fixation,907621.6119999886,0.6233615626891454,0.3359152153134346,2.1035385131835938,2.2654622395833335,192.0,2414,NOTRIAL
fixation,907854.9529999793,0.6440362706780434,0.49564864858984947,2.118885040283203,2.265331268310547,141.0,2415,NOTRIAL
fixation,908321.6369999945,0.6280065129200617,0.31109414498011273,2.133997599283854,2.325963338216146,192.0,2416,FIX_CROS
fixation,908554.9759999812,0.48962443694472313,0.46481883472629953,2.0564635140555247,2.1952738080705916,941.0,2417,FIX_CROS
fixation,909855.0269999802,0.18403458914586476,0.46647485877786365,2.138946533203125,2.1633998325892856,241.0,2418,30.2
fixation,910488.3819999993,0.2267861825724443,0.4834841539462407,2.1479670206705728,2.1292928059895835,192.0,2419,30.2
fixation,910755.0569999814,0.3144283692042033,0.564848060409228,2.1624577840169272,2.0947392781575522,200.0,2420,30.2
fixation,910988.3999999762,0.3867669850587845,0.5441257417201996,2.0720458984375,2.0904815673828123,167.0,2421,30.2
fixation,911188.4069999754,0.42297959327697754,0.5512674227356911,2.1112594604492188,2.0928497314453125,134.0,2422,30.2
fixation,911355.0789999962,0.5370716353257498,0.4575125227371852,2.0709203084309897,2.1254425048828125,200.0,2423,30.2
fixation,911588.423999995,0.48827940101424855,0.45603205884496373,2.0736986796061196,2.149888356526693,400.0,2424,30.2
fixation,912021.7689999938,0.5641167561213175,0.4509525348742803,2.1160303751627603,2.1870829264322915,200.0,2425,30.2
fixation,912255.1129999757,0.6437088946501414,0.45105011761188507,2.1098734537760415,2.2352091471354165,108.0,2426,30.2
fixation,912621.7939999998,0.6923144285877546,0.44436972464124364,2.1398035685221353,2.255896250406901,392.0,2427,30.2
fixation,913055.1419999897,0.798125181879316,0.4417111085993903,2.1141575404575894,2.1995064871651784,467.0,2428,30.2
fixation,913588.4919999838,0.5100336611270905,0.4150323897600174,2.099169921875,2.2159759521484377,167.0,2429,NOTRIAL
fixation,913821.8339999914,0.33338963240385056,0.3057604022324085,2.1745254516601564,2.2533172607421874,666.0,2430,NOTRIAL
fixation,914555.1899999976,0.3261699610286289,0.4765134635898802,2.198983086480035,2.23697747124566,300.0,2431,NOTRIAL
fixation,914921.8659999967,0.4235316012054682,0.6068087704479694,2.1703414916992188,2.184790475027902,266.0,2432,NOTRIAL
fixation,915221.8779999912,0.35804234743118285,0.7038291335105896,2.15675048828125,2.2171295166015623,166.0,2433,NOTRIAL
fixation,915421.8849999905,0.40871477872133255,0.714039109647274,2.182109832763672,2.247767130533854,133.0,2434,NOTRIAL
fixation,915588.5559999943,0.4149317920207977,0.7225996971130371,2.1310028076171874,2.183868408203125,334.0,2435,NOTRIAL
fixation,915955.2369999886,0.4079733192920685,0.6888318955898285,2.0803375244140625,2.1401901245117188,67.0,2436,NOTRIAL
fixation,916088.572999984,0.3343137949705124,0.7409958690404892,2.0812530517578125,,134.0,2437,NOTRIAL
fixation,916621.925999999,0.4631306231021881,0.6711758673191071,2.068115234375,2.1403299967447915,92.0,2438,NOTRIAL
fixation,916788.5939999819,0.4984290196615107,0.7165069439831901,2.039885577033548,,567.0,2439,NOTRIAL
fixation,917388.6180000007,0.6490304512637002,0.7271430364676884,2.0325753348214284,,467.0,2440,NOTRIAL
fixation,917921.9609999955,0.44520821422338486,0.5091330856084824,2.0771217346191406,,133.0,2441,NOTRIAL
fixation,918121.97299999,0.3501039370894432,0.5094800889492035,2.0800933837890625,2.158130645751953,141.0,2442,NOTRIAL
fixation,918588.6589999795,0.4357573042313258,0.4697394569714864,2.1034342447916665,2.1375350952148438,100.0,2443,NOTRIAL
fixation,918788.6649999917,0.3474590956018521,0.5135945786650364,2.143909160907452,2.175994873046875,867.0,2444,NOTRIAL
fixation,919688.69599998,0.47442587465047836,0.48592625092715025,2.0839500427246094,2.142666816711426,533.0,2445,NOTRIAL
fixation,920688.7329999804,0.5262663470847266,0.5747540252549308,2.1127144949776784,2.1767413799579325,474.0,2446,6
fixation,921455.4279999733,0.543992359062721,0.5899198178587288,2.0707871009563577,2.1666330190805287,967.0,2447,6
fixation,922522.1339999735,0.45521512627601624,0.7980471551418304,1.9863357543945312,,67.0,2448,6
fixation,922622.1379999816,0.3905581484238307,0.859586626291275,1.9717203776041667,,200.0,2449,6
fixation,922855.4809999764,0.4414610465367635,0.8626023133595785,1.961395263671875,,100.0,2450,6
fixation,922988.8169999719,0.46940863132476807,0.8597656488418579,1.941741943359375,,79.0,2451,6
fixation,923138.8219999969,0.5283294141292572,0.864333200454712,1.9101974487304687,,346.0,2452,6
fixation,923505.5049999952,0.5944186151027679,0.8718189150094986,1.9204559326171875,,136.0,2453,6
fixation,923747.175999999,0.5959349870681763,0.8749510943889618,1.8924179077148438,,67.0,2454,6
fixation,923847.1789999902,0.42390114068984985,0.8565042813618978,1.9227320353190105,,408.0,2455,6
fixation,924338.8609999716,0.4689093381166458,0.8471342623233795,1.9349899291992188,,135.0,2456,6
fixation,925005.5529999733,0.6024063229560852,0.8260189741849899,2.0379486083984375,2.1620635986328125,67.0,2457,6
fixation,925105.5559999943,0.5989196300506592,0.8340693712234497,2.0201950073242188,2.1797714233398438,67.0,2458,6
fixation,925205.5579999983,0.6207984004701886,0.8637157423155648,2.0015694754464284,,234.0,2459,6
fixation,925505.5629999936,0.4320390841790608,0.4636441618204117,2.096228463309152,2.1602434430803568,234.0,2460,6
fixation,925805.5799999833,0.4360958971083164,0.36622037924826145,2.1100406646728516,2.1658191680908203,267.0,2461,6
fixation,926105.5869999826,0.40200329978357663,0.3382262194698507,2.110237815163352,2.152891679243608,742.0,2462,6
fixation,927172.2889999747,0.3744213730096817,0.5921767155329386,2.150487263997396,2.1341145833333335,108.0,2463,6
fixation,927638.9699999988,0.3738275542855263,0.45002367720007896,2.169567108154297,2.294689178466797,125.0,2464,6
fixation,927805.6409999728,0.3555449899286032,0.4377115163952112,2.1889991760253906,2.2662296295166016,267.0,2465,6
fixation,928138.9889999926,0.5061017779203562,0.344989150762558,2.137080265925481,2.2040804349459133,433.0,2466,6
fixation,928605.6719999909,0.47101663425564766,0.34113147109746933,2.1004867553710938,2.175281524658203,266.0,2467,6
fixation,928905.6819999814,0.4160907098225185,0.3244403153657913,2.1155319213867188,2.157665797642299,466.0,2468,6
fixation,929405.7049999833,0.3865255080163479,0.3219299738605817,2.1257108052571616,2.1750500996907554,400.0,2469,6
fixation,929872.3879999816,0.5849302336573601,0.5156602878123522,2.061807632446289,2.1378211975097656,267.0,2470,6
fixation,930172.3999999762,0.5339647084474564,0.570958286523819,2.0374984741210938,2.057544708251953,142.0,2471,6
fixation,930605.7519999743,0.46300313870112103,0.6603940526644388,2.0663070678710938,,192.0,2472,6
fixation,930905.7639999986,0.42377885431051254,0.4747564382851124,2.1430606842041016,2.170513153076172,266.0,2473,6
fixation,931239.1109999716,0.554774499601788,0.6841945383283827,2.011293199327257,2.0711593627929688,300.0,2474,6
fixation,931605.7899999917,0.5577470660209656,0.6776978373527527,1.9958419799804688,2.1189956665039062,66.0,2475,6
fixation,932039.1409999728,0.41292912513017654,0.47303763777017593,2.1363372802734375,2.1470108032226562,133.0,2476,FIX_CROS
fixation,932205.8149999976,0.49560673258922716,0.4886010879719699,2.1287141022858798,2.196178294994213,900.0,2477,FIX_CROS
fixation,933272.5179999769,0.20666113247474036,0.4300442934036255,2.267333984375,2.305018107096354,100.0,2478,6.2
fixation,933405.8579999804,0.18076306457320848,0.4180823117494583,2.2389094034830728,2.282140096028646,200.0,2479,6.2
fixation,933639.19599998,0.24144749715924263,0.41054000705480576,2.2327499389648438,2.2118148803710938,75.0,2480,6.2
fixation,934005.8779999912,0.36147114137808484,0.43405501544475555,2.2119344075520835,2.186004638671875,92.0,2481,6.2
fixation,934139.2149999738,0.40204891562461853,0.4260958954691887,2.2381134033203125,2.2738990783691406,133.0,2482,6.2
fixation,934305.8889999986,0.4542696252465248,0.41476934403181076,2.2444610595703125,2.2837066650390625,74.0,2483,6.2
fixation,934672.5679999888,0.5049040988087654,0.4011877253651619,2.2312240600585938,2.2861251831054683,134.0,2484,6.2
fixation,934839.2389999926,0.5521028876304627,0.40781634747982026,2.2455078125,2.309521484375,167.0,2485,6.2
fixation,935072.5810000002,0.6305974970261256,0.41242751603325206,2.1948839823404946,2.2891871134440103,400.0,2486,6.2
fixation,936072.6129999757,0.7532828271389007,0.3960812002420425,2.1639678955078123,2.3033447265625,167.0,2487,6.2
fixation,936272.6209999919,0.7976988554000854,0.39676123559474946,2.165887451171875,2.3161468505859375,175.0,2488,6.2
fixation,936839.3059999943,0.18054318502545358,0.5200584396719933,2.21734619140625,2.2034698486328126,325.0,2489,6.2
fixation,937205.9859999716,0.26197796368173193,0.5155875693474498,2.148115975516183,2.165163312639509,466.0,2490,6.2
fixation,937706.0029999912,0.3905655685812235,0.5015504648908973,2.102977752685547,2.128223419189453,533.0,2491,6.2
fixation,938306.0229999721,0.5105085372924805,0.4900972967346509,2.1088485717773438,2.1524276733398438,200.0,2492,6.2
fixation,938539.3659999967,0.5464902594685555,0.4922523982822895,2.1357269287109375,2.1942062377929683,134.0,2493,6.2
fixation,938706.0389999747,0.6137446661790212,0.49097881217797595,2.1478474934895835,2.2503662109375,108.0,2494,6.2
fixation,939139.3899999857,0.7386875078082085,0.4762723743915558,2.1509780883789062,2.2771339416503906,134.0,2495,6.2
fixation,939639.4089999795,0.47381506860256195,0.55572740056298,2.1399411288174717,2.18768310546875,367.0,2496,6.2
fixation,940072.7589999735,0.5469416975975037,0.5449241772294044,2.1151466369628906,2.1514434814453125,133.0,2497,6.2
fixation,940406.1039999723,0.40994078914324444,0.5668640534083048,2.0759989420572915,2.164342244466146,100.0,2498,NOTRIAL
fixation,940606.1129999757,0.5085602054993311,0.4815174639225006,2.1349283854166665,2.1803487141927085,200.0,2499,NOTRIAL
fixation,940839.4549999833,0.612643301486969,0.28674662278758156,2.216784441912616,2.3506204110604747,900.0,2500,NOTRIAL
fixation,941772.8249999881,0.6459407185514768,0.4833202337225278,2.2102991739908853,2.3851941426595054,400.0,2501,NOTRIAL
fixation,942239.5099999905,0.6488719206107291,0.7007871129010853,2.152815969366776,2.300057803883272,634.0,2502,NOTRIAL
fixation,942939.5379999876,0.5413807593286037,0.5499274134635925,2.1666488647460938,2.2467433384486606,275.0,2503,FIX_CROS
fixation,943539.5599999726,0.5026016235351562,0.4556315392255783,2.2482833862304688,2.3133163452148438,192.0,2504,FIX_CROS
fixation,943772.8999999762,0.4408463478088379,0.4167018234729767,2.2952667236328126,2.3795196533203127,166.0,2505,FIX_CROS
fixation,943972.9079999924,0.36812494908060345,0.412382504769734,2.261387416294643,2.319490705217634,233.0,2506,6.1
fixation,944272.9129999876,0.23384088774522147,0.4077036331097285,2.237136840820312,2.3206583658854165,100.0,2507,6.1
fixation,944406.2559999824,0.1787459895014763,0.4178766876459122,2.2893096923828127,2.3864227294921876,175.0,2508,6.1
fixation,944939.6069999933,0.44926859935124713,0.42447223017613095,2.241694132486979,2.323883056640625,192.0,2509,6.1
fixation,945172.9439999759,0.5094648376107216,0.41477788984775543,2.2407150268554688,2.3304061889648438,74.0,2510,6.1
fixation,945539.6269999743,0.557637982070446,0.40944545716047287,2.208263397216797,2.3223342895507812,126.0,2511,6.1
fixation,946039.6429999769,0.684393028418223,0.3906690726677577,2.1590983072916665,2.2799072265625,100.0,2512,6.1
fixation,946539.6579999924,0.7886004328727723,0.35051023960113525,2.1348648071289062,,326.0,2513,6.1
fixation,946973.0089999735,0.8228349834680557,0.4010208025574684,2.1294937133789062,2.268951416015625,75.0,2514,6.1
fixation,947339.6839999855,0.17614133242103788,0.5060738126436869,2.1392025417751737,2.175838894314236,292.0,2515,6.1
fixation,947673.0309999883,0.2341321458419164,0.5255414396524429,2.1792805989583335,2.163213094075521,200.0,2516,6.1
fixation,947906.3739999831,0.3086935157577197,0.5191312928994497,2.1176579793294272,2.155853271484375,200.0,2517,6.1
fixation,948139.7139999866,0.3651398718357086,0.5075028121471405,2.0967681884765623,2.1150238037109377,166.0,2518,6.1
fixation,948339.72299999,0.3930273503065109,0.5079966634511948,2.1095657348632812,2.1127090454101562,66.0,2519,6.1
fixation,948439.7299999893,0.43888789415359497,0.5020968417326609,2.086512247721354,2.1218363444010415,108.0,2520,6.1
fixation,948873.0810000002,0.5278951724370321,0.46628089745839435,2.1003519694010415,2.1699345906575522,192.0,2521,6.1
fixation,949106.4229999781,0.5965972021222115,0.4896019399166107,2.1088924407958984,2.2373485565185547,267.0,2522,6.1
fixation,949406.4359999895,0.6580245047807693,0.4881691075861454,2.083911895751953,2.216663360595703,134.0,2523,6.1
fixation,949573.1079999804,0.6980660728045872,0.4878668763807842,2.0745348249162947,2.190830775669643,233.0,2524,6.1
fixation,949839.7889999747,0.7477724254131317,0.48481516912579536,2.058795928955078,2.2158660888671875,133.0,2525,6.1
fixation,950006.4649999738,0.7964025288820267,0.47777528315782547,2.0797348022460938,2.1741307576497397,200.0,2526,6.1
fixation,950273.1419999897,0.49527445808053017,0.5767309963703156,2.068889617919922,2.1232528686523438,133.0,2527,6.1
fixation,950439.8169999719,0.4488942176103592,0.5722606405615807,2.1027374267578125,2.1060104370117188,133.0,2528,6.1
fixation,950673.1609999835,0.45230271560805185,0.5764044352940151,2.1308855329241068,2.1424037388392856,233.0,2529,NOTRIAL
fixation,950973.1729999781,0.5984461009502411,0.30103125236928463,2.179126739501953,2.2845191955566406,267.0,2530,NOTRIAL
fixation,951273.1869999766,0.572979748249054,0.28343989700078964,2.157318115234375,2.2554244995117188,133.0,2531,NOTRIAL
fixation,951439.8609999716,0.6221939081495459,0.29072657295248727,2.1887963034889917,2.3298561789772725,733.0,2532,NOTRIAL
fixation,952206.5629999936,0.5752979632880952,0.4826345932152536,2.1677703857421875,2.331595526801215,600.0,2533,NOTRIAL
fixation,952839.923999995,0.5697020987669627,0.7020587573448817,2.0947697957356772,2.2261276245117183,200.0,2534,NOTRIAL
fixation,953073.2679999769,0.6424163430929184,0.7016492784023285,2.1043357849121094,2.2233479817708335,133.0,2535,NOTRIAL
fixation,953273.2769999802,0.6372641921043396,0.7000288764635721,2.107635498046875,2.202082316080729,100.0,2536,NOTRIAL
fixation,953406.6139999926,0.6480090916156769,0.7028079926967621,2.0907440185546875,2.2602081298828125,67.0,2537,NOTRIAL
fixation,953873.295999974,0.6524503111839295,0.7062039732933044,2.08631591796875,,159.0,2538,NOTRIAL
fixation,954139.9719999731,0.4410994201898575,0.4462588612849896,2.185175969050481,2.302550095778245,433.0,2539,NOTRIAL
fixation,954639.9879999757,0.3433668731074584,0.492804890400485,2.230377197265625,2.280252557051809,633.0,2540,NOTRIAL
fixation,955340.0129999816,0.4563618472644261,0.26344549868788036,2.2519945417131697,2.335242135184152,233.0,2541,NOTRIAL
fixation,955640.0249999762,0.5005970448255539,0.5163138632973036,2.226079305013021,2.297785441080729,208.0,2542,NOTRIAL
fixation,956206.7109999955,0.4733975827693939,0.5226852297782898,2.2737808227539062,2.3513336181640625,66.0,2543,21
fixation,956440.048999995,0.34034910798072815,0.865519676889692,2.147975376674107,2.3311920166015625,233.0,2544,21
fixation,956706.7279999852,0.4103989079594612,0.8564000874757767,2.1161766052246094,,133.0,2545,21
fixation,956873.4019999802,0.4614179730415344,0.8519821763038635,2.0782241821289062,,75.0,2546,21
fixation,957340.0810000002,0.4550615648428599,0.8511324127515157,2.077601114908854,,100.0,2547,21
fixation,957506.7559999824,0.5351611137390136,0.854994249343872,2.05811767578125,,166.0,2548,21
fixation,957706.7619999945,0.5837974190711975,0.859736979007721,2.0509796142578125,,166.0,2549,21
fixation,957981.771999985,0.6386144012212753,0.8681820929050446,2.027864456176758,,269.0,2550,21
fixation,958281.7829999924,0.5585487347382766,0.8539347992493556,1.9212317833533654,2.08941650390625,433.0,2551,21
fixation,958881.7999999821,0.4623424027647291,0.6286807826587132,2.050506591796875,2.0293426513671875,233.0,2552,21
fixation,959181.8109999895,0.4197700321674347,0.5628488510847092,2.020832061767578,2.015087127685547,133.0,2553,21
fixation,959515.1519999802,0.34150982754571096,0.857842573097774,1.9153638567243303,,233.0,2554,21
fixation,959781.8289999962,0.3895133818898882,0.8558101994650704,1.9340994698660714,,233.0,2555,21
fixation,960048.5039999783,0.4254547357559204,0.8564627766609192,1.9174423217773438,,67.0,2556,21
fixation,960215.1749999821,0.4273569881916046,0.8573687672615051,1.9317092895507812,,67.0,2557,21
fixation,960348.5109999776,0.48864129185676575,0.8505515456199646,1.9054972330729167,,108.0,2558,21
fixation,960848.523999989,0.6375652194023133,0.8660380244255066,1.9699188232421876,,167.0,2559,21
fixation,961048.5329999924,0.6597083210945129,0.8637587229410807,1.9748382568359375,,100.0,2560,21
fixation,961181.871999979,0.5793020606040955,0.8592225750287373,1.88994140625,,500.0,2561,21
fixation,961790.2199999988,0.5988395810127258,0.6071848074595133,1.9805823432074652,2.0235824584960938,302.0,2562,21
fixation,962123.5649999976,0.5489232391119003,0.5478758066892624,1.953857421875,2.027740478515625,134.0,2563,21
fixation,962323.5719999969,0.4147895142436028,0.5346255093812943,1.9290679931640624,1.941033935546875,342.0,2564,21
fixation,962856.9229999781,0.4398043602705002,0.3463268429040909,1.9738108317057292,1.9662017822265625,100.0,2565,21
fixation,963190.2649999857,0.42498448949593765,0.4282114597467276,2.0632112943209133,2.0802084115835338,425.0,2566,21
fixation,963656.9499999881,0.3746146857738495,0.5559392869472504,2.040623256138393,2.006415230887277,233.0,2567,21
fixation,963990.2939999998,0.4795360267162323,0.6465071737766266,1.9840736389160156,,133.0,2568,21
fixation,964156.9659999907,0.47659158147871494,0.6553309708833694,1.99029541015625,2.002161661783854,266.0,2569,21
fixation,964490.3119999766,0.41860467692216236,0.5662497699260711,2.030621337890625,1.9814159686748798,500.0,2570,21
fixation,965423.6769999862,0.4873060424413,0.4170484702501978,2.1625071934291293,2.205712454659598,458.0,2571,FIX_CROS
fixation,965957.0300000012,0.35771626730759937,0.4511074423789978,2.177556355794271,2.192779541015625,100.0,2572,21.1
fixation,966123.7029999793,0.20486167818307877,0.41312070935964584,2.212085723876953,2.2178268432617188,133.0,2573,21.1
fixation,966290.375,0.18963631391525268,0.4227388113737106,2.2200958251953127,2.260009765625,167.0,2574,21.1
fixation,966490.3809999824,0.2452340903026717,0.42072013659136637,2.187678745814732,2.2017320905412947,234.0,2575,21.1
fixation,966757.0579999983,0.30237401723861695,0.4283619225025177,2.2144805908203127,2.1608856201171873,167.0,2576,21.1
fixation,966990.3979999721,0.4743279032409191,0.4164971709251404,2.17724609375,2.1906967163085938,134.0,2577,21.1
fixation,967157.0719999969,0.5236124694347382,0.40261977910995483,2.1837539672851562,2.2051620483398438,75.0,2578,21.1
fixation,967623.7539999783,0.6143474678198496,0.4084204783042272,2.2105255126953125,2.297632853190104,108.0,2579,21.1
fixation,968023.7689999938,0.6895716339349747,0.4049648120999336,2.15869140625,2.274188995361328,125.0,2580,21.1
fixation,968190.4399999976,0.7475485175848007,0.4052025318145752,2.1474945068359377,2.2706146240234375,334.0,2581,21.1
fixation,968990.4649999738,0.1808700313170751,0.5182560930649439,2.14632331000434,2.16249762641059,300.0,2582,21.1
fixation,969323.8079999983,0.26997348107397556,0.510155426338315,2.1073970794677734,2.0889968872070312,266.0,2583,21.1
fixation,969623.8169999719,0.3001047770182292,0.5060638139645258,2.0672098795572915,2.051640828450521,100.0,2584,21.1
fixation,969757.1539999843,0.3583416683333261,0.4990819607462202,2.0448499407087053,2.031805855887277,233.0,2585,21.1
fixation,970023.8279999793,0.4004680663347244,0.501286119222641,2.0634841918945312,2.043121337890625,74.0,2586,21.1
fixation,970423.8389999866,0.4632586147636175,0.4834867846220732,2.116140365600586,2.1369192940848216,258.0,2587,21.1
fixation,970723.849999994,0.528416533023119,0.4795318692922592,2.067068099975586,2.156360626220703,266.0,2588,21.1
fixation,971023.8599999845,0.5852428004145622,0.49191997572779655,2.079242706298828,2.156909942626953,133.0,2589,21.1
fixation,971190.5300000012,0.6443468630313873,0.5132995396852493,2.0908660888671875,2.2523880004882812,75.0,2590,21.1
fixation,971590.5419999957,0.6918509900569916,0.48589002234595163,2.116335187639509,2.1913670131138394,234.0,2591,21.1
fixation,971857.2169999778,0.7334250770509243,0.49379998072981834,2.070333480834961,2.2296600341796875,267.0,2592,21.1
fixation,972157.2279999852,0.7800143361091614,0.47677939385175705,2.0251541137695312,2.1663742065429688,75.0,2593,21.1
fixation,972590.572999984,0.5059076547622681,0.5842059403657913,2.0634765625,,134.0,2594,21.1
fixation,972957.25,0.4792626698811849,0.5637293954690298,2.072438557942708,2.095830281575521,100.0,2595,21.1
fixation,973090.5879999995,0.4977281242609024,0.5608519294432232,2.073775155203683,2.049579326923077,475.0,2596,NOTRIAL
fixation,973923.9509999752,0.6179777809551784,0.2865540087223053,2.191951206752232,2.305574689592634,241.0,2597,NOTRIAL
fixation,974490.6359999776,0.6290054470300674,0.2827478051185608,2.1658655802408853,2.3243230183919272,192.0,2598,NOTRIAL
fixation,974723.9759999812,0.5787416100502014,0.28818017670086454,2.197666713169643,2.325201851981027,233.0,2599,NOTRIAL
fixation,974990.6519999802,0.6170136034488678,0.2898947039717122,2.1722701223273027,2.297773662366365,634.0,2600,NOTRIAL
fixation,975690.6749999821,0.6398206899563471,0.4862591413160165,2.1589838663736978,2.29815673828125,400.0,2601,NOTRIAL
fixation,976157.3599999845,0.6477582959028391,0.6845201070492084,2.1320166954627404,2.2605870564778647,434.0,2602,NOTRIAL
fixation,976657.3769999743,0.647194117307663,0.6784224957227707,2.117767333984375,2.2543563842773438,67.0,2603,NOTRIAL
fixation,976790.7169999778,0.5626559518277645,0.5633038319647312,2.0837841033935547,2.1739959716796875,266.0,2604,NOTRIAL
fixation,977090.7239999771,0.49317704637845355,0.460051861902078,2.136732737223307,2.2309837341308594,408.0,2605,NOTRIAL
fixation,977857.4189999998,0.47144583695464665,0.3966214226351844,2.1965535481770835,2.293238321940104,592.0,2606,FIX_CROS
fixation,978524.1069999933,0.322757288813591,0.3636995926499367,2.2178726196289062,2.2847518920898438,67.0,2607,21.2
fixation,978657.4449999928,0.21391678974032402,0.3066473603248596,2.2073593139648438,2.2982406616210938,67.0,2608,21.2
fixation,978757.4509999752,0.17845124644892557,0.29590168808187756,2.179571969168527,2.2478790283203125,234.0,2609,21.2
fixation,979024.122999996,0.23722077161073685,0.2849269099533558,2.1075286865234375,2.1773910522460938,141.0,2610,21.2
fixation,979424.1389999986,0.3872981518507004,0.3103540241718292,2.1342544555664062,2.17181396484375,125.0,2611,21.2
fixation,979590.8079999983,0.3604533101121585,0.30657418568929035,2.1891199747721353,2.229680379231771,200.0,2612,21.2
fixation,979824.1519999802,0.41172511130571365,0.2976432666182518,2.1541175842285156,2.2044715881347656,141.0,2613,21.2
fixation,980357.5039999783,0.4743574510018031,0.3152348945538203,2.169652303059896,2.2256927490234375,92.0,2614,21.2
fixation,980490.8419999778,0.5133005857467652,0.2829940378665924,2.2140625,2.2742218017578124,166.0,2615,21.2
fixation,980724.1839999855,0.5904067754745483,0.26784252375364304,2.1723251342773438,2.2527847290039062,75.0,2616,21.2
fixation,981190.8669999838,0.7588820358117422,0.26239942262570065,2.1452789306640625,2.2262674967447915,92.0,2617,21.2
fixation,981324.2049999833,0.8050727844238281,0.25588037570317584,2.1413421630859375,2.2097574869791665,108.0,2618,21.2
fixation,981724.2189999819,0.1952751183084079,0.35956594560827526,2.099860055106027,2.162687029157366,225.0,2619,21.2
fixation,981990.8959999979,0.24635788053274155,0.378644843186651,2.0906524658203125,2.161675589425223,233.0,2620,21.2
fixation,982257.57099998,0.32066648205121356,0.3775390163064003,2.1015752156575522,2.108708699544271,200.0,2621,21.2
fixation,982490.9109999835,0.35876579880714415,0.3726228952407837,2.10225830078125,2.1119659423828123,166.0,2622,21.2
fixation,982690.9189999998,0.4039096012711525,0.3657173564036687,2.0675252278645835,2.1315205891927085,200.0,2623,21.2
fixation,982924.2609999776,0.5873635768890381,0.36687015295028685,2.0974578857421875,2.1813690185546877,167.0,2624,21.2
fixation,983124.2669999897,0.6197657336791357,0.36165569225947064,2.0706075032552085,2.1858952840169272,200.0,2625,21.2
fixation,983357.6059999764,0.6846316009759903,0.3657832518219948,2.096221923828125,2.1925506591796875,75.0,2626,21.2
fixation,983924.2949999869,0.8060752749443054,0.3374814912676811,2.1066818237304688,2.1808700561523438,75.0,2627,21.2
fixation,984290.9759999812,0.17515464700185335,0.4628069435174649,2.1357316237229567,2.1484609750600963,425.0,2628,21.2
fixation,984757.6559999883,0.21903087198734283,0.454081837620054,2.092466081891741,2.064874921526228,467.0,2629,21.2
fixation,985291.0089999735,0.5527456369664934,0.4268448336256875,2.0619659423828125,2.0611979166666665,300.0,2630,21.2
fixation,985624.3529999852,0.6302068034807841,0.4401783347129822,2.0657501220703125,2.1446024576822915,108.0,2631,21.2
fixation,986024.3669999838,0.6871761083602905,0.44028954207897186,2.0606613159179688,2.1761550903320312,67.0,2632,21.2
fixation,986124.371999979,0.7549294829368591,0.4303545927007993,2.0737838745117188,2.1770248413085938,200.0,2633,21.2
fixation,986357.7109999955,0.8033188680807749,0.42636753370364505,2.0642827351888022,2.1195653279622397,208.0,2634,21.2
fixation,986891.0629999936,0.18338449471271956,0.5669217522327716,2.110835148737981,2.1144690880408654,433.0,2635,21.2
fixation,987357.746999979,0.21108273913462958,0.562749927242597,2.0888697306315103,2.088078816731771,200.0,2636,21.2
fixation,987591.0879999995,0.17850425200802938,0.6438214651175908,2.084021432059152,2.0591605050223216,233.0,2637,21.2
fixation,987857.7629999816,0.2547348716429302,0.6560740896633693,2.1527513776506697,2.0414908272879466,233.0,2638,21.2
fixation,988124.4409999847,0.3056895261009534,0.562397321065267,2.0867741902669272,2.0660374959309897,200.0,2639,21.2
fixation,988357.7800000012,0.3518186616046088,0.5456538285527911,2.0788421630859375,2.055385044642857,233.0,2640,21.2
fixation,988624.4549999833,0.41953527679045993,0.5479071016112963,2.086278279622396,2.0780042012532554,400.0,2641,21.2
fixation,989091.1379999816,0.4157196134328842,0.653166726231575,2.063739776611328,2.070770263671875,133.0,2642,21.2
fixation,989257.8099999726,0.43721796572208405,0.6219788938760757,2.1007766723632812,2.0303878784179688,66.0,2643,21.2
fixation,989424.4809999764,0.4338439532688686,0.6973537121500287,1.9724360874720983,2.0628204345703125,234.0,2644,21.2
fixation,989691.1569999754,0.45774686336517334,0.7133139967918396,1.9681625366210938,,67.0,2645,21.2
fixation,989857.8319999874,0.38898995518684387,0.7181592583656311,1.9897104899088542,1.9671783447265625,100.0,2646,21.2
fixation,990024.5039999783,0.6113529950380325,0.7155919969081879,2.0180084228515627,2.1287384033203125,334.0,2647,NOTRIAL
fixation,990457.8489999771,0.5701311429341634,0.3803986708323161,2.1033223470052085,2.1884231567382812,200.0,2648,NOTRIAL
fixation,990691.1899999976,0.5606022626161575,0.2880507046356797,2.1432533264160156,2.251002311706543,533.0,2649,NOTRIAL
fixation,991257.875,0.622104310327106,0.2861890428596073,2.1904703776041665,2.3025987413194446,308.0,2650,NOTRIAL
fixation,991824.5609999895,0.6279660701751709,0.35334713459014894,2.1809356689453123,2.279888916015625,159.0,2651,NOTRIAL
fixation,992091.2369999886,0.635479932030042,0.4859604674081008,2.1625137329101562,2.301464080810547,400.0,2652,NOTRIAL
fixation,992524.5829999745,0.6276713311672211,0.631521213054657,2.101605224609375,2.23609619140625,167.0,2653,NOTRIAL
fixation,992724.5899999738,0.6247145533561707,0.6461090743541718,2.098052978515625,2.217193603515625,67.0,2654,NOTRIAL
fixation,992891.2619999945,0.5849779285490513,0.47173431143164635,2.124055862426758,2.248448371887207,541.0,2655,NOTRIAL
fixation,993757.9579999745,0.5567365934451421,0.33001476526260376,2.163935343424479,2.2991739908854165,192.0,2656,NOTRIAL
fixation,994024.6329999864,0.5718295127153397,0.6147121302783489,2.0527286529541016,2.183408737182617,267.0,2657,NOTRIAL
fixation,994324.6449999809,0.6412246653011867,0.6835870700223106,2.0788465227399553,2.2283757527669272,234.0,2658,NOTRIAL
fixation,994691.324000001,0.6439031064510345,0.6715656518936157,2.081451416015625,2.280731201171875,67.0,2659,NOTRIAL
fixation,994791.3259999752,0.6379203498363495,0.7021545767784119,2.0829238891601562,,67.0,2660,NOTRIAL
fixation,994891.3310000002,0.575068651101528,0.7014398360863711,2.0104831793369393,2.1902008056640625,1300.0,2661,NOTRIAL
fixation,996258.0449999869,0.4231748878955841,0.4560394585132599,2.0669657389322915,2.174560546875,100.0,2662,NOTRIAL
fixation,996424.7159999907,0.3449057000023978,0.49222604132124353,2.140529087611607,2.1891555786132812,933.0,2663,NOTRIAL
fixation,997424.7459999919,0.43032366202937233,0.4627487013737361,2.142483181423611,2.219697740342882,300.0,2664,NOTRIAL
fixation,998191.4419999719,0.5363897532224655,0.474031038582325,2.1526222229003906,2.2612342834472656,126.0,2665,10
fixation,998358.1139999926,0.4390215128660202,0.5243695477644602,2.2047831217447915,2.2885843912760415,100.0,2666,10
fixation,998591.4560000002,0.30118033289909363,0.8761644860108694,2.0619608561197915,,200.0,2667,10
fixation,999191.4769999981,0.4630458831787109,0.8528080105781555,1.9814453125,2.9906158447265625,159.0,2668,10
fixation,999391.4819999933,0.5295402109622955,0.8526497483253479,2.0279769897460938,,75.0,2669,10
fixation,999758.1609999835,0.6231148719787598,0.8626731991767883,2.0341766357421873,,167.0,2670,10
fixation,999958.1689999998,0.658023789525032,0.8554633110761642,2.060451507568359,,133.0,2671,10
fixation,1000124.8379999995,0.6869594231247902,0.8513309210538864,2.034212112426758,,266.0,2672,10
fixation,1000458.1829999983,0.5904360055923462,0.5350201904773713,2.05654296875,2.1688270568847656,167.0,2673,10
fixation,1000658.1889999807,0.5452874526381493,0.48134495690464973,2.066986083984375,2.1759071350097656,133.0,2674,10
fixation,1000824.8599999845,0.5165373146533966,0.4569294095039368,2.040130615234375,2.1803192138671874,166.0,2675,10
fixation,1001091.5339999795,0.32519055902957916,0.8426678989614759,2.032993861607143,2.1258773803710938,234.0,2676,10
fixation,1001358.2099999785,0.2880722641944885,0.8750123143196106,2.050164794921875,2.055145263671875,167.0,2677,10
fixation,1001558.2189999819,0.3669271916151047,0.8667839169502258,2.0123519897460938,,75.0,2678,10
fixation,1001924.898999989,0.38824385702610015,0.48964863717556,2.124609375,2.153118896484375,166.0,2679,10
fixation,1002124.9029999971,0.36387148797512053,0.48527933061122897,2.190692138671875,2.1919891357421877,166.0,2680,10
fixation,1002324.9069999754,0.5063512267974707,0.47944001165720135,2.135387714092548,2.1841806265024037,433.0,2681,10
fixation,1002791.5899999738,0.466075474396348,0.481372544541955,2.0906944274902344,2.1618728637695312,267.0,2682,10
fixation,1003091.6009999812,0.4838464967906475,0.4164942242205143,2.1366405487060547,2.190530776977539,267.0,2683,10
fixation,1003391.6089999974,0.5045453409353892,0.5760149425930448,2.0610894097222223,2.127436319986979,300.0,2684,10
fixation,1003791.6239999831,0.5521682977676392,0.5513179540634155,2.1096527099609377,2.1563949584960938,167.0,2685,10
fixation,1003991.6319999993,0.6165956445038319,0.5716172531247139,2.108053207397461,2.218446731567383,275.0,2686,10
fixation,1004591.6519999802,0.5968967646360397,0.5104991436004639,2.113714599609375,2.2196975708007813,326.0,2687,10
fixation,1004958.3310000002,0.5128751218318939,0.45042961835861206,2.046185302734375,2.202435302734375,167.0,2688,10
fixation,1005158.3369999826,0.4641282856464386,0.486980140209198,2.0898895263671875,2.1599822998046876,175.0,2689,10
fixation,1005691.6909999847,0.3689500441153844,0.5072137986620268,2.2129007975260415,2.1926727294921875,192.0,2690,10
fixation,1005925.0300000012,0.37135713795820874,0.546224319934845,2.179856363932292,2.143327840169271,500.0,2691,10
fixation,1006458.3809999824,0.3912232480943203,0.5411342531442642,2.1283798217773438,2.118865966796875,267.0,2692,10
fixation,1006825.0599999726,0.4716917922099431,0.6723640461762747,2.0694427490234375,2.1039810180664062,400.0,2693,10
fixation,1007325.0789999962,0.39868777990341187,0.5805681347846985,2.161921183268229,2.1717681884765625,100.0,2694,10
fixation,1007458.4149999917,0.39727620780467987,0.5473134517669678,2.1656951904296875,2.1502838134765625,67.0,2695,10
fixation,1007625.0859999955,0.3762447468259118,0.493392751975493,2.122751409357244,2.1694183349609375,367.0,2696,10
fixation,1008025.099999994,0.4764373501141866,0.46306296686331433,2.106257120768229,2.1392415364583335,108.0,2697,FIX_CROS
fixation,1008391.7800000012,0.4237537149872099,0.34859632168497356,2.1544886997767856,2.200068882533482,225.0,2698,FIX_CROS
fixation,1008658.4539999962,0.3635979890823364,0.4327608823776245,2.204457092285156,2.216290283203125,334.0,2699,FIX_CROS
fixation,1009058.4629999995,0.23568766564130783,0.39612695574760437,2.1909103393554688,2.2576217651367188,67.0,2700,10.2
fixation,1009158.4659999907,0.18812832459807396,0.3665493428707123,2.1972946166992187,2.1738800048828124,334.0,2701,10.2
fixation,1009525.1429999769,0.2659316837787628,0.3857051819562912,2.167425537109375,2.1713775634765624,167.0,2702,10.2
fixation,1010058.4869999886,0.3711124476459291,0.3853924986388948,2.1985049777560763,2.237418280707465,292.0,2703,10.2
fixation,1010391.8339999914,0.32902539148926735,0.38999285735189915,2.244935989379883,2.2447738647460938,266.0,2704,10.2
fixation,1010691.8409999907,0.38661662116646767,0.38942769169807434,2.1962966918945312,2.2517013549804688,133.0,2705,10.2
fixation,1010858.5109999776,0.46468759576479596,0.37612547477086383,2.1825358072916665,2.2092793782552085,108.0,2706,10.2
fixation,1011458.5259999931,0.5591994673013687,0.36457523703575134,2.138275146484375,2.2547988891601562,75.0,2707,10.2
fixation,1011825.2019999921,0.630473812421163,0.35403887430826825,2.16278076171875,2.24200439453125,92.0,2708,10.2
fixation,1011958.5379999876,0.669656616449356,0.3553884416818619,2.1621490478515626,2.255523681640625,167.0,2709,10.2
fixation,1012158.5429999828,0.7021646350622177,0.3682345561683178,2.1285552978515625,2.255664825439453,134.0,2710,10.2
fixation,1012358.5469999909,0.773837023973465,0.35317752361297605,2.079083251953125,2.1887359619140625,175.0,2711,10.2
fixation,1012891.8929999769,0.18248853994452435,0.4669008812178736,2.1184373938519023,2.1779300855553667,758.0,2712,10.2
fixation,1013691.9189999998,0.21298195173343024,0.4543208082516988,2.0854949951171875,2.0536982218424478,200.0,2713,10.2
fixation,1013958.5959999859,0.2839987256697246,0.4640668588025229,2.100736345563616,2.0996573311941966,234.0,2714,10.2
fixation,1014225.2689999938,0.4147845779856046,0.45004966109991074,2.0089391072591147,2.0889714558919272,200.0,2715,10.2
fixation,1014458.6109999716,0.44104571640491486,0.45278169214725494,2.0780410766601562,2.0993118286132812,75.0,2716,10.2
fixation,1014858.6209999919,0.49223795533180237,0.4306543096899986,2.1058883666992188,2.1039886474609375,67.0,2717,10.2
fixation,1014958.6289999783,0.5186996519565582,0.4406245917081833,2.1436553955078126,2.153778076171875,167.0,2718,10.2
fixation,1015191.9689999819,0.5821992456912994,0.4398309260606766,2.093603515625,2.1843353271484376,166.0,2719,10.2
fixation,1015758.6499999762,0.7108709514141083,0.4310312904417515,2.075794219970703,2.1443138122558594,126.0,2720,10.2
fixation,1015925.3259999752,0.681539249420166,0.45823085904121397,2.182257080078125,2.3353729248046875,167.0,2721,10.2
fixation,1016125.3319999874,0.7657612363497416,0.4505866865317027,2.222381591796875,2.360015869140625,208.0,2722,10.2
fixation,1016692.0179999769,0.8185080587863922,0.43622923269867897,2.198314666748047,2.3561134338378906,133.0,2723,10.2
fixation,1017158.7009999752,0.18228765470641,0.56562311734472,2.3220607212611606,2.4037671770368303,233.0,2724,10.2
fixation,1017425.3769999743,0.2691103219985962,0.5581890642642975,2.3052749633789062,2.3150558471679688,67.0,2725,10.2
fixation,1017558.7139999866,0.37256327271461487,0.5338915387789408,2.217035929361979,2.2121124267578125,108.0,2726,10.2
fixation,1017992.0639999807,0.45841071175204384,0.5031052066220177,2.2373504638671875,2.253612518310547,292.0,2727,10.2
fixation,1018325.4069999754,0.496387576063474,0.5096549441417059,2.3001708984375,2.327916463216146,100.0,2728,10.2
fixation,1018458.7439999878,0.6528348177671432,0.5201533082872629,2.244081497192383,2.3504486083984375,266.0,2729,10.2
fixation,1018758.7519999743,0.7071055223544439,0.5207226028045019,2.2193222045898438,2.3380152384440103,200.0,2730,10.2
fixation,1018992.0949999988,0.7779156625270843,0.5166879534721375,2.1960662841796874,2.3562896728515623,167.0,2731,10.2
fixation,1019192.0989999771,0.799503743648529,0.5432467559973398,2.214630126953125,2.4173431396484375,100.0,2732,10.2
fixation,1019392.1089999974,0.40766867995262146,0.614194130897522,2.1917755126953127,2.318323771158854,167.0,2733,10.2
fixation,1019592.1159999967,0.3830632269382477,0.6185699254274368,2.1960678100585938,2.302764892578125,67.0,2734,10.2
fixation,1019725.4539999962,0.3819444328546524,0.6120333671569824,2.197087605794271,2.28302001953125,100.0,2735,10.2
fixation,1020292.1399999857,0.5859541339533669,0.5892607271671295,2.2637241908482144,2.4012934366861978,233.0,2736,10.2
fixation,1020558.8129999936,0.5316098587853568,0.5850389046328408,2.226159232003348,2.4379468645368303,233.0,2737,10.2
fixation,1020825.4889999926,0.5069115161895752,0.6029667854309082,2.1798324584960938,2.3577880859375,67.0,2738,10.2
fixation,1020958.8279999793,0.39774472266435623,0.6102297306060791,2.2098541259765625,2.3470458984375,66.0,2739,10.2
fixation,1021058.8319999874,0.39527562260627747,0.6024794280529022,2.1928176879882812,2.3531494140625,66.0,2740,10.2
fixation,1021225.5039999783,0.3746896982192993,0.6226979643106461,2.2299652099609375,2.327545166015625,67.0,2741,10.2
fixation,1021458.8429999948,0.4737906331817309,0.43040526285767555,2.2613067626953125,2.3824234008789062,400.0,2742,NOTRIAL
fixation,1021892.1899999976,0.4269951619207859,0.32960543036460876,2.3039474487304688,2.423961639404297,133.0,2743,NOTRIAL
fixation,1022058.8599999845,0.34799956902861595,0.3030865490436554,2.3149490356445312,2.424385070800781,141.0,2744,NOTRIAL
fixation,1022458.8779999912,0.5851301302512487,0.2734070420265198,2.3196818033854165,2.4421615600585938,200.0,2745,NOTRIAL
fixation,1022692.2189999819,0.623029337479518,0.28822786189042604,2.392322246844952,2.594127948467548,433.0,2746,NOTRIAL
fixation,1023192.2349999845,0.6474350707398521,0.4992816655172242,2.307120429144965,2.4806145562065973,608.0,2747,NOTRIAL
fixation,1024125.6009999812,0.6597674695345072,0.6979972089712436,2.071575458233173,2.114654541015625,859.0,2748,NOTRIAL
fixation,1025192.3019999862,0.5089225828647613,0.4619090735912323,1.644769287109375,1.7316497802734374,175.0,2749,FIX_CROS
fixation,1025625.6509999931,0.4419514861176996,0.3832736471120049,1.7552211985868567,1.8026051240808822,559.0,2750,FIX_CROS
fixation,1026225.670999974,0.29644808918237686,0.3338591903448105,1.8322067260742188,1.8823699951171875,66.0,2751,10.1
fixation,1026325.6749999821,0.20284714798132578,0.32157450914382935,1.8720347086588542,1.9332733154296875,100.0,2752,10.1
fixation,1026459.0129999816,0.16890675202012062,0.32574691995978355,1.9130516052246094,1.9628791809082031,141.0,2753,10.1
fixation,1026892.3599999845,0.21810017419712885,0.3229390723364694,1.9592633928571428,1.9664088657924108,226.0,2754,10.1
fixation,1027159.0349999964,0.2627675049006939,0.323164239525795,2.0083045959472656,2.017669677734375,141.0,2755,10.1
fixation,1027659.0499999821,0.3246557489037514,0.35831543803215027,2.0777015686035156,2.1199607849121094,125.0,2756,10.1
fixation,1027825.72299999,0.3583954907953739,0.3564661145210266,2.1661033630371094,2.1822967529296875,133.0,2757,10.1
fixation,1027992.3959999979,0.41368559189140797,0.34633744135499,2.0616588592529297,2.1144161224365234,267.0,2758,10.1
fixation,1028292.4019999802,0.46064343303442,0.32392536103725433,2.0184898376464844,2.0541648864746094,134.0,2759,10.1
fixation,1028459.0749999881,0.49995765941483633,0.3246476160628455,2.064028058733259,2.0952715192522318,233.0,2760,10.1
fixation,1028725.7539999783,0.5699019014835358,0.318294158577919,2.0671722412109377,2.17958984375,166.0,2761,10.1
fixation,1028925.7629999816,0.6501955837011337,0.32011696447928745,2.090184529622396,2.2104161580403647,200.0,2762,10.1
fixation,1029192.4369999766,0.7128779888153076,0.2984606772661209,2.0379180908203125,2.1491317749023438,75.0,2763,10.1
fixation,1029559.1180000007,0.7932900786399841,0.30397742986679077,2.0605697631835938,2.1115493774414062,75.0,2764,10.1
fixation,1029859.1289999783,0.23931033706123178,0.4111573553898118,2.0972505049272017,2.159271933815696,725.0,2765,10.1
fixation,1030625.8269999921,0.3118462055921555,0.4216679662466049,2.09508056640625,2.12393798828125,166.0,2766,10.1
fixation,1030825.8339999914,0.36230514304978506,0.4232998767069408,2.0866503034319197,2.1157618931361606,233.0,2767,10.1
fixation,1031092.5069999993,0.4603387896831219,0.41420282079623294,2.080042912409856,2.1266244741586537,434.0,2768,10.1
fixation,1031559.1949999928,0.521920253833135,0.4036768227815628,2.059819539388021,2.1466573079427085,108.0,2769,10.1
fixation,1031959.2089999914,0.560392803615994,0.39702122244569993,2.127780490451389,2.1922098795572915,292.0,2770,10.1
fixation,1032292.5519999862,0.616376306861639,0.406772967427969,2.1231327056884766,2.2006874084472656,267.0,2771,10.1
fixation,1032625.8959999979,0.709885026727404,0.3999077358416149,2.1020355224609375,2.1873953683035716,233.0,2772,10.1
fixation,1032892.5769999921,0.7685271799564362,0.3775979205965996,2.0651321411132812,2.1577720642089844,134.0,2773,10.1
fixation,1033392.5969999731,0.20724315622023173,0.5086568253380912,2.145353044782366,2.126589093889509,226.0,2774,10.1
fixation,1033659.2709999979,0.20309730805456638,0.5004198662936687,2.1357879638671875,2.129077911376953,133.0,2775,10.1
fixation,1033825.9469999969,0.17475970089435577,0.50209541618824,2.0869293212890625,2.109247843424479,108.0,2776,10.1
fixation,1034325.9639999866,0.5122806243598461,0.47954886220395565,2.082225799560547,2.149372100830078,266.0,2777,10.1
fixation,1034625.9689999819,0.5529734849929809,0.47654539048671724,2.0094070434570312,2.1187042236328124,333.0,2778,10.1
fixation,1035292.6599999964,0.6431577106316885,0.46402418116728467,2.034418741861979,2.0798441569010415,92.0,2779,10.1
fixation,1035425.996999979,0.6971382290124893,0.4890171870589256,2.082752990722656,2.1644241333007814,333.0,2780,10.1
fixation,1035792.675999999,0.7893880712134498,0.4782552921346256,2.0133143833705356,2.158166067940848,474.0,2781,10.1
fixation,1036626.0399999917,0.1776026553577847,0.6067403852939606,2.0945010715060763,2.0843353271484375,300.0,2782,10.1
fixation,1036992.7129999995,0.3147885277867317,0.6022897809743881,2.096080780029297,2.0687713623046875,141.0,2783,10.1
fixation,1037459.396999985,0.4227367639541626,0.6044387420018514,2.0395711263020835,2.1491851806640625,92.0,2784,10.1
fixation,1037592.7369999886,0.4624825641512871,0.5442204028367996,2.1113815307617188,2.0834121704101562,66.0,2785,10.1
fixation,1038292.7579999864,0.5600475966930389,0.5760572850704193,2.0040740966796875,,125.0,2786,10.1
fixation,1038526.0989999771,0.6095697939395904,0.5296043515205383,2.0401580810546873,2.08192138671875,167.0,2787,10.1
fixation,1038726.1089999974,0.6718758940696716,0.5581603348255157,2.0253082275390626,2.1178070068359376,167.0,2788,10.1
fixation,1038926.1149999797,0.7233374536037445,0.5537622034549713,1.98326416015625,2.122608184814453,167.0,2789,10.1
fixation,1039126.125,0.7575624088446299,0.5600755910078684,1.9989267985026042,2.1330388387044272,200.0,2790,NOTRIAL
fixation,1039359.4659999907,0.8108233710130056,0.5491218964258829,2.037287394205729,2.1235504150390625,200.0,2791,NOTRIAL
fixation,1039626.1429999769,0.5585306033943639,0.2991237635865356,2.084520282167377,2.2123491691820547,1100.0,2792,NOTRIAL
fixation,1040759.5189999938,0.5685558710247278,0.5067927502095699,2.1150379180908203,2.2861013412475586,534.0,2793,NOTRIAL
fixation,1041359.5419999957,0.567978526864733,0.6413789732115609,2.0687364850725447,2.207514081682478,467.0,2794,NOTRIAL
fixation,1041859.5599999726,0.5721558034420013,0.6751492619514465,2.0902557373046875,,134.0,2795,NOTRIAL
fixation,1042026.2369999886,0.5680212080478668,0.6475984156131744,2.0749740600585938,2.2721710205078125,67.0,2796,NOTRIAL
fixation,1042192.9069999754,0.5710304379463196,0.6587013006210327,2.0588912963867188,,66.0,2797,NOTRIAL
fixation,1042292.9120000005,0.5695311725139618,0.6307584047317505,2.0684356689453125,2.20196533203125,66.0,2798,NOTRIAL
fixation,1042526.2539999783,0.3794458756844203,0.49527854720751446,2.1875038146972656,2.270349253778872,800.0,2799,NOTRIAL
fixation,1043392.9539999962,0.5210843330079858,0.2999406782063571,2.226462624289773,2.3246196400035513,366.0,2800,NOTRIAL
fixation,1043826.3019999862,0.5138527240071978,0.4548657462000847,2.186309814453125,2.289261954171317,467.0,2801,NOTRIAL
fixation,1044592.994999975,0.4178060829639435,0.7759162425994873,2.069317626953125,,159.0,2802,22
fixation,1044793.0049999952,0.3760392665863037,0.8670978744824728,2.093358357747396,,200.0,2803,22
fixation,1045026.3429999948,0.4784342527389526,0.8583753705024719,2.006524658203125,2.30657958984375,167.0,2804,22
fixation,1045226.3509999812,0.5147133469581604,0.8586369653542837,1.986279805501302,,200.0,2805,22
fixation,1045459.6909999847,0.5606578290462494,0.8605978935956955,1.966339111328125,,133.0,2806,22
fixation,1045626.3619999886,0.42912427335977554,0.8507285118103027,1.9645423889160156,,134.0,2807,22
fixation,1045793.0379999876,0.400467523932457,0.8507321834564209,1.9840423583984375,2.12982177734375,167.0,2808,22
fixation,1045993.0429999828,0.44806796312332153,0.8466462095578512,1.981292724609375,,200.0,2809,22
fixation,1046226.3859999776,0.5253161688645681,0.846282015244166,1.961395263671875,,200.0,2810,22
fixation,1046459.7279999852,0.5997885018587112,0.8582699149847031,1.9846382141113281,,133.0,2811,22
fixation,1046734.7289999723,0.4611265609661738,0.6731162071228027,2.003718058268229,,200.0,2812,22
fixation,1046968.0769999921,0.4145562966664632,0.6991870284080506,2.0135182698567706,,508.0,2813,22
fixation,1047701.4349999726,0.4183522127568722,0.6968670189380646,1.9966678619384766,,259.0,2814,22
fixation,1048001.4429999888,0.4175212442874908,0.7102520108222962,2.0385498046875,,171.0,2815,22
fixation,1048234.7809999883,0.44092537999153136,0.6940478467941285,1.9889306640625,2.3479156494140625,850.0,2816,22
fixation,1049151.4839999974,0.4630792438983917,0.7012893557548523,1.9867630004882812,,136.0,2817,22
fixation,1049318.1559999883,0.49069999655087787,0.6855534911155701,1.956377665201823,,200.0,2818,22
fixation,1049551.498999983,0.455137737095356,0.6527849286794662,2.0651957194010415,1.6415252685546875,400.0,2819,22
fixation,1049984.849999994,0.4968620389699936,0.6869146724541982,1.9661788940429688,,208.0,2820,22
fixation,1050484.8639999926,0.5282038450241089,0.549025422334671,2.0620086669921873,2.0655487060546873,158.0,2821,22
fixation,1050784.8769999743,0.43962735112975626,0.6837339821983787,1.9791618795955883,1.9289627075195312,574.0,2822,22
fixation,1051618.2389999926,0.4089597165584564,0.4024921119213104,2.0913604736328124,2.1313232421875,167.0,2823,22
fixation,1051818.244999975,0.3874877418080966,0.42359170069297153,2.0865885416666665,2.1397527058919272,208.0,2824,22
fixation,1052351.596999973,0.4481936991214752,0.4858994036912918,2.088348388671875,2.1302413940429688,75.0,2825,22
fixation,1052818.2819999754,0.48209001993139583,0.4564490479727586,2.060980478922526,2.123241424560547,400.0,2826,22
fixation,1053251.6299999952,0.5627070814371109,0.590780720114708,1.9363441467285156,1.9742317199707031,134.0,2827,22
fixation,1053418.3019999862,0.5345685269151416,0.5501082582133157,1.927825927734375,1.9777788434709822,475.0,2828,22
fixation,1054585.0119999945,0.5012761929205486,0.47013182086603983,2.097135271344866,2.1665126255580356,225.0,2829,FIX_CROS
fixation,1054851.6889999807,0.4629945456981659,0.4721171741302197,2.15017582820012,2.2099104661207933,433.0,2830,FIX_CROS
fixation,1055318.3689999878,0.429750956594944,0.48904260620474815,2.1661605834960938,2.2099609375,134.0,2831,22.2
fixation,1055485.0399999917,0.394695982336998,0.5014719317356745,2.1781412760416665,2.2232767740885415,100.0,2832,22.2
fixation,1055651.7139999866,0.5557761132717133,0.49674559831619264,2.1592437744140627,2.2206451416015627,166.0,2833,22.2
fixation,1055851.720999986,0.5897153956549508,0.4975732054029192,2.1472440447126115,2.2256502423967635,474.0,2834,22.2
fixation,1056618.4129999876,0.6312392462383617,0.48773770982568915,2.139676180752841,2.261392766779119,367.0,2835,22.2
fixation,1057051.7619999945,0.49003198529992786,0.48538531363010406,2.1265106201171875,2.1977451869419644,233.0,2836,22.2
fixation,1057318.4329999983,0.41431858763098717,0.49719084799289703,2.0938987731933594,2.166309356689453,400.0,2837,22.2
fixation,1057751.7870000005,0.3513031989336014,0.5071970239281655,2.101153564453125,2.15478515625,341.0,2838,NOTRIAL
fixation,1058285.1369999945,0.6278984585115986,0.29520676693608683,2.149808822139617,2.2643024075415825,1025.0,2839,NOTRIAL
fixation,1059351.8349999785,0.6367821043187921,0.4945189370350404,2.1161346435546875,2.282997824928977,366.0,2840,NOTRIAL
fixation,1059785.1819999814,0.6329893909002605,0.685678631067276,2.1337360582853617,2.272110939025879,633.0,2841,NOTRIAL
fixation,1060485.2039999962,0.6339794312204633,0.6930840483733586,2.1067613874162947,2.2142530168805803,233.0,2842,NOTRIAL
fixation,1060751.8779999912,0.5226430594921112,0.7416877001523972,2.041412353515625,2.219456990559896,133.0,2843,NOTRIAL
fixation,1060918.550999999,0.5290157198905945,0.7679306864738464,2.0348307291666665,,100.0,2844,FIX_CROS
fixation,1061051.8879999816,0.5140019878745079,0.7152679860591888,2.049072265625,2.2125930786132812,66.0,2845,FIX_CROS
fixation,1061151.8899999857,0.5032153129577637,0.5596552789211273,2.1300201416015625,,66.0,2846,FIX_CROS
fixation,1061818.5779999793,0.4818081334233284,0.4547475076147488,2.2418910435267856,2.3627237173227162,467.0,2847,FIX_CROS
fixation,1062318.5939999819,0.417866587638855,0.45102186501026154,2.2254842122395835,2.3357137044270835,100.0,2848,22.1
fixation,1062451.9339999855,0.36482913196086886,0.46440725922584536,2.23275146484375,2.313482666015625,166.0,2849,22.1
fixation,1062651.9359999895,0.27705693542957305,0.47394597828388213,2.210498046875,2.291180419921875,166.0,2850,22.1
fixation,1062851.9429999888,0.2032403168933732,0.47333244127886637,2.214444841657366,2.238457815987723,233.0,2851,22.1
fixation,1063118.6180000007,0.22527665458619595,0.4781403988599777,2.2177352905273438,2.2491378784179688,134.0,2852,22.1
fixation,1063285.2879999876,0.28353792641844067,0.47971366133008686,2.2292981828962053,2.2612479073660716,233.0,2853,22.1
fixation,1063551.9639999866,0.4423441346734762,0.539921659976244,2.184297561645508,2.1818695068359375,266.0,2854,22.1
fixation,1063851.973999977,0.5258920987447103,0.5317558894554774,2.1601537068684897,2.2129236857096353,200.0,2855,22.1
fixation,1064085.3149999976,0.6702930132548014,0.5184381703535715,2.1606038411458335,2.2081095377604165,100.0,2856,22.1
fixation,1064218.6539999843,0.7630280047655106,0.5154269307851791,2.121568298339844,2.230645751953125,342.0,2857,22.1
fixation,1064852.0079999864,0.3927614875137806,0.4018692076206207,2.130748748779297,2.252513885498047,259.0,2858,NOTRIAL
fixation,1065152.0179999769,0.3495827853679657,0.3132701635360718,2.202606201171875,2.2778594970703123,167.0,2859,NOTRIAL
fixation,1065352.025999993,0.4057185471057892,0.30042964120705923,2.182439168294271,2.2658538818359375,500.0,2860,NOTRIAL
fixation,1065918.7099999785,0.4127727166602486,0.480326804675554,2.21815330103824,2.298382407740543,633.0,2861,NOTRIAL
fixation,1066652.068999976,0.4947129935026169,0.6852521598339081,2.1176605224609375,2.2105941772460938,67.0,2862,NOTRIAL
fixation,1066752.072999984,0.5121612350145975,0.7198899785677592,2.1081085205078125,,100.0,2863,NOTRIAL
fixation,1066885.4089999795,0.6231880486011505,0.6949078403413296,2.1268138885498047,2.2647979736328123,267.0,2864,NOTRIAL
fixation,1067185.420999974,0.5190374950567881,0.6990121603012085,2.093744913736979,,100.0,2865,NOTRIAL
fixation,1067418.7619999945,0.5022705569863319,0.7014608308672905,2.0807762145996094,2.007476806640625,274.0,2866,NOTRIAL
fixation,1067918.7800000012,0.5020719426018851,0.6121112023081098,2.120049612862723,,225.0,2867,NOTRIAL
fixation,1068218.7909999788,0.35734129467835796,0.4928288654639171,2.2012158907376804,2.2459417489858775,866.0,2868,NOTRIAL
fixation,1069152.1519999802,0.3978734041253726,0.2802324841419856,2.203984578450521,2.3087183634440103,200.0,2869,NOTRIAL
fixation,1069418.8269999921,0.5458986610174179,0.267466988414526,2.173492431640625,2.2839813232421875,133.0,2870,NOTRIAL
fixation,1069685.5019999743,0.5231055170297623,0.48981478065252304,2.153942108154297,2.225971221923828,142.0,2871,NOTRIAL
fixation,1070252.1879999936,0.3636158009370168,0.8156308134396871,2.1288096110026036,,100.0,2872,25
fixation,1070385.5249999762,0.34151316930850345,0.8680176635583242,2.0505574544270835,2.1515655517578125,200.0,2873,25
fixation,1070652.2029999793,0.4209730625152588,0.8617450992266337,1.9511006673177083,,108.0,2874,25
fixation,1071218.8879999816,0.5167718132336935,0.8577482601006826,1.9467086791992188,,200.0,2875,25
fixation,1072327.2569999993,0.5588452368974686,0.8553319424390793,1.8792953491210938,,133.0,2876,25
fixation,1072560.59799999,0.49869229396184284,0.5183443791336484,1.9920484754774306,2.040140151977539,300.0,2877,25
fixation,1072927.275999993,0.3657808005809784,0.8564827740192413,1.866424560546875,1.9511260986328125,133.0,2878,25
fixation,1073127.2800000012,0.41958407560984295,0.8552481730779012,1.8385009765625,,100.0,2879,25
fixation,1073260.6189999878,0.46008723601698875,0.849872037768364,1.845327377319336,,275.0,2880,25
fixation,1073860.6409999728,0.4888159760407039,0.6092079622404916,1.9704023088727678,2.0064570109049478,226.0,2881,25
fixation,1074127.3159999847,0.48356540713991436,0.524515130690166,1.9257594517299108,1.9538828531901042,233.0,2882,25
fixation,1074393.9909999967,0.5150879124800364,0.46856604764858883,1.8760223388671875,1.9162826538085938,200.0,2883,25
fixation,1074627.3319999874,0.5451108902692795,0.46256079971790315,1.8357650756835937,1.9072601318359375,334.0,2884,25
fixation,1074994.0099999905,0.5674131611982981,0.4595157454411189,1.8782602945963542,1.9611663818359375,108.0,2885,25
fixation,1075394.0249999762,0.5584463775157928,0.5463023409247398,1.9053001403808594,1.9703025817871094,125.0,2886,25
fixation,1075560.69599998,0.5277016825146146,0.6051219006379446,1.9124009874131944,1.9903450012207031,300.0,2887,25
fixation,1075927.3759999871,0.5155863910913467,0.5952257563670477,1.913134256998698,1.9608184814453125,200.0,2888,25
fixation,1076260.7159999907,0.47542449831962585,0.6033305287361145,1.922637939453125,1.898895263671875,166.0,2889,25
fixation,1076460.7299999893,0.4795506000518799,0.6226023435592651,1.9110488891601562,1.84405517578125,66.0,2890,25
fixation,1076660.7339999974,0.45404112339019775,0.6272062063217163,1.8710988362630208,,100.0,2891,25
fixation,1076794.074000001,0.4494832828640938,0.596655860543251,1.869049072265625,1.8002471923828125,133.0,2892,25
fixation,1077127.4189999998,0.4520936645567417,0.6175621598958969,1.900177001953125,1.8419036865234375,134.0,2893,25
fixation,1077427.4279999733,0.4866831451654434,0.6261671334505081,1.8597831726074219,1.8634567260742188,134.0,2894,25
fixation,1077594.09799999,0.4816562036673228,0.6058251559734344,1.8887939453125,1.7951431274414062,100.0,2895,25
fixation,1077727.4349999726,0.4464086592197418,0.544276088476181,1.8633766174316406,1.8501841227213542,134.0,2896,25
fixation,1077994.1109999716,0.47092591722806293,0.4643947333097458,1.887359619140625,1.895782470703125,108.0,2897,25
fixation,1078360.7909999788,0.5131841361522674,0.3788379535079002,1.9565994262695312,1.9378814697265625,333.0,2898,25
fixation,1079094.146999985,0.615315223733584,0.3881506671508153,1.9889424641927083,2.0336710611979165,200.0,2899,25
fixation,1079360.8269999921,0.509555272012949,0.3198606565594673,1.9647537231445313,2.0090408325195312,666.0,2900,25
fixation,1080060.846999973,0.5231403609116873,0.4080365200837453,1.9750467936197917,2.0051854451497393,208.0,2901,FIX_CROS
fixation,1080727.5399999917,0.4890249917904536,0.4428051859140396,2.086054484049479,2.1459808349609375,92.0,2902,FIX_CROS
fixation,1080860.8769999743,0.3500723455633436,0.4536254863653864,2.162660871233259,2.2034519740513394,466.0,2903,FIX_CROS
fixation,1081360.894999981,0.24850283190608025,0.386183999478817,2.1481857299804688,2.1733474731445312,66.0,2904,25.2
fixation,1081494.2289999723,0.21263270309338203,0.3306251833072075,2.144000713641827,2.152064396784856,433.0,2905,25.2
fixation,1081960.9120000005,0.3045383340546063,0.32600816977875574,2.1210479736328125,2.135786873953683,466.0,2906,25.2
fixation,1082460.9309999943,0.36783237755298615,0.32996695808001925,2.1483568464006697,2.19500732421875,233.0,2907,25.2
fixation,1082727.6059999764,0.48151811957359314,0.3222950931106295,2.1707872663225447,2.2086356026785716,234.0,2908,25.2
fixation,1082994.2809999883,0.45771603286266327,0.3277270495891571,2.181793212890625,2.2326698303222656,141.0,2909,25.2
fixation,1083860.9799999893,0.6329537232716879,0.32488494614760083,2.210230509440104,2.289031982421875,100.0,2910,25.2
fixation,1083994.3179999888,0.665791392326355,0.3088752031326294,2.2029190063476562,2.253856658935547,141.0,2911,25.2
fixation,1084427.6629999876,0.7396375834941864,0.308105709652106,2.124384562174479,2.2316741943359375,393.0,2912,25.2
fixation,1084861.0129999816,0.7898366418149736,0.29892836179998183,2.099212646484375,2.161105685763889,308.0,2913,25.2
fixation,1085394.3680000007,0.20140275855859122,0.4201139161984126,2.0671234130859375,2.066350301106771,92.0,2914,25.2
fixation,1085527.7039999962,0.17356516149911014,0.4240460449999029,2.128752274946733,2.157492897727273,366.0,2915,25.2
fixation,1085927.7169999778,0.22836984395980836,0.4124768227338791,2.1003326416015624,2.0829193115234377,174.0,2916,25.2
fixation,1086494.4059999883,0.2646006941795349,0.4331014007329941,2.150360107421875,2.145065307617187,67.0,2917,25.2
fixation,1086594.4050000012,0.30392850935459137,0.4302392564713955,2.17559814453125,2.181407928466797,134.0,2918,25.2
fixation,1086794.4109999835,0.3975807763636112,0.4161648601293564,2.1048107147216797,2.1558990478515625,267.0,2919,25.2
fixation,1087094.421999991,0.4617360134919484,0.4027735119064649,2.0897674560546875,2.128565470377604,200.0,2920,25.2
fixation,1087427.7689999938,0.3291494439948689,0.4290675195780667,2.1620913418856533,2.1605266224254263,366.0,2921,25.2
fixation,1087827.7749999762,0.38821327686309814,0.42046112567186356,2.1454620361328125,2.1804580688476562,74.0,2922,25.2
fixation,1088261.1269999743,0.5641972780227661,0.41181361079216006,2.1255615234375,2.216070556640625,167.0,2923,25.2
fixation,1088461.1349999905,0.5388085424900055,0.3924602478742599,2.122174072265625,2.2677032470703127,167.0,2924,25.2
fixation,1088694.4759999812,0.6374159157276154,0.4048821379741033,2.0944391886393228,2.188725789388021,200.0,2925,25.2
fixation,1088927.8169999719,0.6671626195311546,0.40826156362891197,2.0798988342285156,2.1838035583496094,141.0,2926,25.2
fixation,1089394.498999983,0.6173555084637233,0.4015272068125861,2.0565338134765625,2.1878138950892856,234.0,2927,25.2
fixation,1089661.173999995,0.7066701501607895,0.3917119950056076,2.081939697265625,2.2259002685546876,333.0,2928,25.2
fixation,1090027.8559999764,0.7646828790505728,0.3847622275352478,2.0793813069661455,2.208684285481771,108.0,2929,25.2
fixation,1090461.2009999752,0.8188717762629191,0.3801349153121312,2.1301133897569446,2.2108340793185763,300.0,2930,25.2
fixation,1090861.2149999738,0.21532530834277472,0.4654977371295293,2.147364298502604,2.2492421468098955,100.0,2931,25.2
fixation,1090994.5519999862,0.17516573352946174,0.4911656147903866,2.176627265082465,2.1823527018229165,300.0,2932,25.2
fixation,1091327.898999989,0.24237910116260702,0.5363517525521192,2.1814616810191763,2.1727252536349826,866.0,2933,25.2
fixation,1092227.9289999902,0.37721150234723705,0.4954117815463971,2.1412408290765224,2.156648908342634,1466.0,2934,25.2
fixation,1093727.9819999933,0.4821425899863243,0.48624879121780396,2.1363372802734375,2.1634190877278647,200.0,2935,25.2
fixation,1093994.6550000012,0.5632739424705505,0.4804675281047821,2.0886383056640625,2.137152099609375,167.0,2936,25.2
fixation,1094194.6659999788,0.5892375665051597,0.4728327138083322,2.075413295200893,2.1358729771205356,234.0,2937,25.2
fixation,1094461.3399999738,0.6584708914160728,0.48817718774080276,2.0862464904785156,2.1571311950683594,142.0,2938,25.2
fixation,1094861.3549999893,0.6571038663387299,0.45222219824790955,2.0371602376302085,2.16741943359375,92.0,2939,25.2
fixation,1094994.6919999719,0.702657163143158,0.4970789961516857,2.0980682373046875,2.2574996948242188,133.0,2940,25.2
fixation,1095161.3639999926,0.7441093139350414,0.4911905098706484,2.0999069213867188,2.257080078125,267.0,2941,25.2
fixation,1095461.372999996,0.7948725521564484,0.49762458354234695,2.1152801513671875,2.2618789672851562,75.0,2942,25.2
fixation,1095994.726999998,0.172181217931211,0.6095362305641174,2.153261184692383,2.171405792236328,266.0,2943,25.2
fixation,1096294.7349999845,0.23699764627963305,0.6187196467071772,2.151102066040039,2.0681800842285156,533.0,2944,25.2
fixation,1096894.7549999952,0.32222277990409304,0.6003194153308868,2.1030164446149553,2.02935791015625,241.0,2945,25.2
fixation,1097461.4429999888,0.3665855675935745,0.585103859504064,2.0068206787109375,2.0747833251953125,100.0,2946,25.2
fixation,1097594.7800000012,0.4231310188770294,0.5867621997992197,2.084253946940104,2.0896708170572915,100.0,2947,25.2
fixation,1097728.1180000007,0.458855068931977,0.5763872588674227,2.0437240600585938,2.008945041232639,400.0,2948,25.2
fixation,1098161.4649999738,0.5211431384086609,0.5418262034654617,1.9814987182617188,1.9728775024414062,75.0,2949,25.2
fixation,1098594.8149999976,0.5715064704418182,0.5340081105629603,1.9962056477864583,2.013214111328125,92.0,2950,25.2
fixation,1098728.1519999802,0.6252440129007611,0.5435557280267987,2.0351148332868303,2.1395975748697915,233.0,2951,25.2
fixation,1099061.495999992,0.7015069127082825,0.5770574569702148,2.019384765625,2.1660308837890625,167.0,2952,25.2
fixation,1099261.5039999783,0.7525604218244553,0.5600678126017252,1.9887364705403645,2.114252726236979,200.0,2953,25.2
fixation,1099494.8439999819,0.6976123203833898,0.5666711876789728,2.027745564778646,2.1136703491210938,200.0,2954,25.2
fixation,1099728.1859999895,0.8207401216030121,0.5637362539768219,2.012701416015625,2.1618927001953123,175.0,2955,25.2
fixation,1100161.5349999964,0.2620009556412697,0.7436957359313965,2.1348495483398438,2.1334991455078125,126.0,2956,25.2
fixation,1100328.2049999833,0.272756889462471,0.6813513040542603,2.0959320068359375,2.093719482421875,100.0,2957,25.2
fixation,1100461.5499999821,0.2792583703994751,0.7354515790939331,2.121795654296875,,67.0,2958,25.2
fixation,1100561.548999995,0.27137497067451477,0.6843308806419373,2.050506591796875,2.0477828979492188,67.0,2959,25.2
fixation,1100661.5549999774,0.28592443466186523,0.7411553263664246,2.1028099060058594,2.066024780273437,134.0,2960,25.2
fixation,1100828.2259999812,0.3077489882707596,0.6765677183866501,2.0454025268554688,2.011260986328125,133.0,2961,25.2
fixation,1101028.2359999716,0.3944256703058879,0.7395768562952677,2.0971043904622397,1.990509033203125,200.0,2962,25.2
fixation,1101461.5839999914,0.4502776463826497,0.6606359481811523,1.9358723958333333,,100.0,2963,25.2
fixation,1101661.5899999738,0.44557884335517883,0.6656933307647706,1.9507568359375,2.055023193359375,167.0,2964,NOTRIAL
fixation,1101894.9309999943,0.5493397464354833,0.40302132815122604,2.0924148559570312,2.1866734822591147,200.0,2965,NOTRIAL
fixation,1102128.272999972,0.5670540220207638,0.29436307748158774,2.1484551323784724,2.2545606825086804,1500.0,2966,NOTRIAL
fixation,1103661.6629999876,0.5704296652008506,0.4705037930432488,2.1250376981847428,2.2551718319163605,567.0,2967,NOTRIAL
fixation,1104261.6849999726,0.6369241029024124,0.7067588903009892,2.1085376739501953,2.2521839141845703,266.0,2968,NOTRIAL
fixation,1104561.6949999928,0.6391917169094086,0.7049446105957031,2.1130142211914062,,66.0,2969,NOTRIAL
fixation,1104661.699000001,0.6307897965113322,0.6900345981121063,2.0917510986328125,2.2386627197265625,100.0,2970,NOTRIAL
fixation,1104795.0370000005,0.5814536690711976,0.6799563348293305,2.0346160888671876,2.191822052001953,167.0,2971,NOTRIAL
fixation,1104995.0419999957,0.5845957001050314,0.6885481278101603,2.0056559244791665,2.18475341796875,100.0,2972,NOTRIAL
fixation,1105195.046999991,0.5872833579778671,0.6742968559265137,2.014389038085937,2.2043228149414062,67.0,2973,NOTRIAL
fixation,1105295.050999999,0.5818338394165039,0.709703654050827,2.0408897399902344,,141.0,2974,NOTRIAL
fixation,1105728.400999993,0.5110974758863449,0.48878930509090424,2.0902481079101562,2.192272186279297,134.0,2975,FIX_CROS
fixation,1106161.75,0.3546124380081892,0.37445737794041634,2.1624755859375,2.276947021484375,258.0,2976,FIX_CROS
fixation,1106461.7579999864,0.277635028729072,0.3962144461961893,2.164972158578726,2.2761559119591346,433.0,2977,FIX_CROS
fixation,1106928.4419999719,0.24274956434965134,0.3642153702676296,2.181396484375,2.2109909057617188,134.0,2978,25.1
fixation,1107095.1129999757,0.20705302390787336,0.3053370714187622,2.1450636121961804,2.174923366970486,300.0,2979,25.1
fixation,1107428.4589999914,0.2481657236814499,0.2886427015066147,2.077020263671875,2.156243896484375,167.0,2980,25.1
fixation,1107628.4639999866,0.2906539514660835,0.2929733544588089,2.0966415405273438,2.1262130737304688,75.0,2981,25.1
fixation,1107961.8109999895,0.3912113830447197,0.30287834256887436,2.108020782470703,2.1505889892578125,125.0,2982,25.1
fixation,1108128.4829999804,0.4205562546849251,0.29380178451538086,2.1225051879882812,2.2158050537109375,75.0,2983,25.1
fixation,1108461.8289999962,0.5014209772149721,0.29340758671363193,2.1628214518229165,2.2485275268554688,192.0,2984,25.1
fixation,1108728.5029999912,0.5625014007091522,0.2808745875954628,2.1801071166992188,2.3046493530273438,75.0,2985,25.1
fixation,1109161.848999977,0.6469508349895478,0.2865055501461029,2.123883056640625,2.25789794921875,166.0,2986,25.1
fixation,1109361.8529999852,0.7174388349056244,0.2547045864164829,2.0646286010742188,2.1904876708984373,333.0,2987,25.1
fixation,1109728.5289999843,0.6919938385486603,0.25802185088396073,2.06331787109375,2.1556732177734377,167.0,2988,25.1
fixation,1109928.5349999964,0.7700726638237635,0.267787237962087,2.0596110026041665,2.2023595174153647,208.0,2989,25.1
fixation,1110495.2179999948,0.17526586074382067,0.3623473923653364,2.1349143981933594,2.2186203002929688,267.0,2990,25.1
fixation,1110795.223999977,0.2508600329359372,0.3801992287238439,2.1404927571614585,2.1878662109375,108.0,2991,25.1
fixation,1111461.9079999924,0.34751890152692794,0.3854107394814491,2.1612335205078126,2.215362548828125,333.0,2992,25.1
fixation,1111828.5849999785,0.393969481641596,0.3781963898376985,2.103972001509233,2.2007793079723013,367.0,2993,25.1
fixation,1112228.595999986,0.3513614631124905,0.3891191950866154,2.152590070452009,2.2068579537527904,467.0,2994,25.1
fixation,1112728.6099999845,0.32636768370866776,0.3858662520845731,2.173202514648437,2.188196818033854,200.0,2995,25.1
fixation,1112961.949000001,0.3552444974581401,0.3823391944169998,2.1489410400390625,2.19525146484375,100.0,2996,25.1
fixation,1113128.6189999878,0.47027868777513504,0.37249720841646194,2.139794667561849,2.1903470357259116,400.0,2997,25.1
fixation,1113895.3079999983,0.45301172137260437,0.3718608958380563,2.1431993756975447,2.2129385811941966,225.0,2998,25.1
fixation,1114161.9839999974,0.545578291018804,0.36762570010291207,2.1655697292751737,2.2709181043836804,308.0,2999,25.1
fixation,1114728.6669999957,0.4320764829005514,0.3782790856701987,2.1502554757254466,2.222761971609933,458.0,3000,25.1
fixation,1115562.0300000012,0.5776055710656303,0.3635709785989353,2.1416843959263394,2.273311070033482,459.0,3001,25.1
fixation,1116062.045999974,0.6850050962888278,0.35905679716513705,2.085023146409255,2.206365732046274,433.0,3002,25.1
fixation,1116895.4079999924,0.7848992745081583,0.3302810887495677,2.0902913411458335,,100.0,3003,25.1
fixation,1117362.0889999866,0.18536686214307943,0.4824025370180607,2.1579106648763022,2.165935516357422,392.0,3004,25.1
fixation,1117795.4389999807,0.2685878872871399,0.46216219911972684,2.0972366333007812,2.1159032185872397,200.0,3005,25.1
fixation,1118028.7789999843,0.29897460093100864,0.46347178270419437,2.0704345703125,2.0911127726236978,200.0,3006,25.1
fixation,1118262.1180000007,0.33053753276666004,0.4661565124988556,2.0935465494791665,2.099329630533854,108.0,3007,25.1
fixation,1118795.4689999819,0.3952190801501274,0.4594118967652321,2.16827392578125,2.1609954833984375,67.0,3008,25.1
fixation,1118895.47299999,0.42284829542040825,0.46309249475598335,2.1654624938964844,2.19927978515625,134.0,3009,25.1
fixation,1119095.4799999893,0.5157469362020493,0.4500876764456431,2.1231587727864585,2.1812947591145835,200.0,3010,25.1
fixation,1119328.8169999719,0.556133508682251,0.4493175372481346,2.0910059611002603,2.19451904296875,200.0,3011,25.1
fixation,1119595.497999996,0.641688272356987,0.4489782564342022,2.0866317749023438,2.1866607666015625,267.0,3012,25.1
fixation,1119895.5079999864,0.7056997939944267,0.43313202261924744,2.0628929138183594,2.1542282104492188,142.0,3013,25.1
fixation,1120728.8649999797,0.20257009379565716,0.5513811632990837,2.141681671142578,2.1697349548339844,125.0,3014,25.1
fixation,1120895.5399999917,0.1735237017273903,0.5577818751335144,2.1411781311035156,2.093342590332031,667.0,3015,25.1
fixation,1121595.5639999807,0.29610362499952314,0.568569564819336,2.097276306152344,2.0532196044921873,334.0,3016,25.1
fixation,1121962.2430000007,0.3410032279789448,0.5627142563462257,2.1277732849121094,2.0918540954589844,133.0,3017,25.1
fixation,1122128.9120000005,0.36886568553745747,0.5457416847348213,2.0970096588134766,2.062267303466797,266.0,3018,25.1
fixation,1122428.925999999,0.4674578706423442,0.5370684166749319,2.089141845703125,2.0891520182291665,200.0,3019,25.1
fixation,1122662.2649999857,0.498784564435482,0.5280764475464821,2.077930450439453,2.1277262369791665,133.0,3020,25.1
fixation,1122828.9379999936,0.5266667604446411,0.5341471831003824,2.098719278971354,2.137456258138021,108.0,3021,25.1
fixation,1123495.6259999871,0.6315679550170898,0.5210087522864342,2.0930099487304688,2.2137527465820312,67.0,3022,25.1
fixation,1123628.9629999995,0.7188153394630977,0.5360249366079058,2.105989728655134,2.2579236711774553,233.0,3023,25.1
fixation,1123895.6399999857,0.7832758724689484,0.5248821924130121,2.0694732666015625,2.1966145833333335,100.0,3024,25.1
fixation,1124028.976999998,0.8257047335306803,0.5304086357355118,2.064325968424479,2.1779327392578125,100.0,3025,25.1
fixation,1124195.6519999802,0.2511371597647667,0.6564206406474113,2.1287155151367188,2.1071090698242188,134.0,3026,25.1
fixation,1124395.6569999754,0.20365289279392787,0.6566923175539289,2.114264351981027,2.1087777273995534,234.0,3027,25.1
fixation,1124662.3349999785,0.17925553768873215,0.6615276038646698,2.0863571166992188,2.1136322021484375,67.0,3028,25.1
fixation,1124795.670999974,0.3237253800034523,0.64126156270504,1.9602584838867188,2.04705810546875,66.0,3029,25.1
fixation,1124895.6749999821,0.1817334145307541,0.6467908173799515,2.085540771484375,2.0387954711914062,66.0,3030,25.1
fixation,1124995.6809999943,0.29918129245440167,0.6618792712688446,2.1809005737304688,2.0391362508138022,200.0,3031,25.1
fixation,1125329.0209999979,0.3870833218097687,0.6413535475730896,2.037628173828125,,67.0,3032,25.1
fixation,1125429.0249999762,0.4769709010918935,0.647950013478597,2.0892537434895835,2.067108154296875,100.0,3033,25.1
fixation,1125629.0309999883,0.5052557960152626,0.5752439945936203,2.0680809020996094,2.0789896647135415,133.0,3034,25.1
fixation,1125862.371999979,0.6061988870302836,0.6374061107635498,2.1093292236328125,,100.0,3035,25.1
fixation,1126095.7139999866,0.6699784100055695,0.5923372209072113,2.1000289916992188,2.107452392578125,74.0,3036,25.1
fixation,1126629.0639999807,0.5834917078415552,0.4681701560815175,2.1269302368164062,2.270027160644531,200.0,3037,NOTRIAL
fixation,1126862.4059999883,0.6082629760106405,0.35104431211948395,2.1547520955403647,2.2449493408203125,200.0,3038,NOTRIAL
fixation,1127095.746999979,0.6333605035355216,0.28575309013065536,2.141043412057977,2.2729315506784538,633.0,3039,NOTRIAL
fixation,1127762.4359999895,0.6393355402079496,0.4795138199221004,2.1450014981356533,2.2936651056463067,367.0,3040,NOTRIAL
fixation,1128195.7819999754,0.6444316560571844,0.6702204725959084,2.1190074573863638,2.258066350763494,366.0,3041,NOTRIAL
fixation,1128595.795999974,0.644451230764389,0.671069398522377,2.1032257080078125,2.1846160888671875,66.0,3042,NOTRIAL
fixation,1128695.7999999821,0.6422072251637777,0.6665032406648,2.0931549072265625,2.2025680541992188,100.0,3043,NOTRIAL
fixation,1128862.470999986,0.6418675929307938,0.6686770915985107,2.0958709716796875,2.2200927734375,75.0,3044,NOTRIAL
fixation,1129295.821999997,0.4692681849002838,0.522510102391243,2.143719482421875,2.2157440185546875,166.0,3045,NOTRIAL
fixation,1129529.1620000005,0.6096699888055975,0.46349028475356824,2.1782184947620737,2.3230489095052085,1100.0,3046,NOTRIAL
fixation,1130695.8669999838,0.509765625,0.4767965227365494,2.1587905883789062,2.258563995361328,141.0,3047,NOTRIAL
fixation,1131162.5539999902,0.43864475190639496,0.47448234756787616,2.1834615071614585,2.276758829752604,100.0,3048,27
fixation,1132095.9179999828,0.5320257544517517,0.8535329302151998,2.0301411946614585,,92.0,3049,27
fixation,1132229.2569999993,0.5846794247627258,0.8579891068594796,2.0338854108537947,,233.0,3050,27
fixation,1132495.9349999726,0.5239020735025406,0.8568940907716751,1.9578094482421875,,141.0,3051,27
fixation,1132745.9389999807,0.5203644931316376,0.860475942492485,1.9294471740722656,,133.0,3052,27
fixation,1132912.6169999838,0.4234480677466643,0.8548329566654406,1.9328854209498356,2.186019897460937,642.0,3053,27
fixation,1133879.3179999888,0.5664493640263876,0.8409261703491211,1.9611358642578125,,92.0,3054,27
fixation,1134145.9939999878,0.5024754745619637,0.4295429693801062,2.1456211635044644,2.2169603620256697,233.0,3055,27
fixation,1134412.669999987,0.4875323308838738,0.3638269388013416,2.0826416015625,2.125985039605035,300.0,3056,27
fixation,1134746.0129999816,0.4517252360071455,0.36192758487803595,2.040470668247768,2.074059622628348,467.0,3057,27
fixation,1135246.0300000012,0.47654940507241655,0.5382158373083387,2.0201405116489957,2.0421846829927883,467.0,3058,27
fixation,1135779.3809999824,0.39876934587955476,0.6007730960845947,2.1246490478515625,2.1441986083984377,175.0,3059,27
fixation,1136246.0639999807,0.5309882625937462,0.3525953181087971,2.174756622314453,2.2619674682617186,659.0,3060,27
fixation,1136946.0839999914,0.4951836141673001,0.3478772369298068,2.1945343017578125,2.277535178444602,367.0,3061,FIX_CROS
fixation,1137379.4339999855,0.5007113267978033,0.45497602224349976,2.1765848795572915,2.288853963216146,108.0,3062,FIX_CROS
fixation,1137812.7819999754,0.4739964738488197,0.45059668868780134,2.1840240478515627,2.2420867919921874,333.0,3063,FIX_CROS
fixation,1138212.795999974,0.28961582481861115,0.43096692115068436,2.162933349609375,2.279144287109375,66.0,3064,27.1
fixation,1138312.800999999,0.18860024362802505,0.3713200345635414,2.18682861328125,2.2121978759765626,333.0,3065,27.1
fixation,1138679.4779999852,0.2371620200574398,0.3741779550909996,2.1201629638671875,2.1585184733072915,200.0,3066,27.1
fixation,1138912.8199999928,0.29974389970302584,0.37723543047904967,2.092291259765625,2.084375,166.0,3067,27.1
fixation,1139112.821999997,0.3550974041223526,0.39270558655261995,2.1338043212890625,2.1298187255859373,166.0,3068,27.1
fixation,1139346.1669999957,0.47373066842556,0.3695450673500697,2.127680460611979,2.16827392578125,108.0,3069,27.1
fixation,1139812.8529999852,0.5658598244190216,0.361405573785305,2.165264129638672,2.2187652587890625,141.0,3070,27.1
fixation,1140346.2049999833,0.6496045887470245,0.3619841869388308,2.143648420061384,2.264927455357143,233.0,3071,27.1
fixation,1140612.8809999824,0.6258218189080557,0.3611784676710765,2.126307169596354,2.264348347981771,108.0,3072,27.1
fixation,1141079.5669999719,0.7166222706437111,0.35079571790993214,2.167997360229492,2.257923126220703,267.0,3073,27.1
fixation,1141412.9099999964,0.776436311006546,0.3562055826187134,2.1382293701171875,2.2759918212890624,174.0,3074,27.1
fixation,1141879.5949999988,0.7757503688335419,0.3440058746121146,2.1513921564275567,2.2873160622336646,375.0,3075,27.1
fixation,1142546.2889999747,0.7673624902963638,0.35137912910431623,2.0983800888061523,2.2683324813842773,533.0,3076,27.1
fixation,1143112.9759999812,0.8236546367406845,0.3442777916789055,2.0654144287109375,2.2012481689453125,74.0,3077,27.1
fixation,1143546.324000001,0.17617936667643094,0.4579595052882245,2.1046319258840462,2.158951608758224,642.0,3078,27.1
fixation,1144646.3649999797,0.24257507506344053,0.4838080500011091,2.1858673095703125,2.206027560763889,908.0,3079,27.1
fixation,1145846.4069999754,0.27357835322618484,0.4787191040813923,2.211833953857422,2.2111053466796875,126.0,3080,27.1
fixation,1146013.0779999793,0.3059776723384857,0.47919830307364464,2.232147216796875,2.227876663208008,267.0,3081,27.1
fixation,1146313.0849999785,0.3658514767885208,0.4759127000967662,2.1787592569986978,2.1873575846354165,200.0,3082,27.1
fixation,1146546.4289999902,0.38928748965263366,0.46052852272987366,2.1030914306640627,2.1372711181640627,167.0,3083,27.1
fixation,1147113.1139999926,0.4716954410076141,0.4498829752206802,2.1163604736328123,2.1637237548828123,159.0,3084,27.1
fixation,1147313.121999979,0.5352691233158111,0.4498158976435661,2.1133193969726562,2.1942459106445313,333.0,3085,27.1
fixation,1147679.7999999821,0.5072220623493194,0.44767995476722716,2.0677398681640624,2.142597961425781,333.0,3086,27.1
fixation,1148046.4809999764,0.46708468560661587,0.4508540800639561,2.062640598842076,2.1496047973632812,467.0,3087,27.1
fixation,1148546.495999992,0.5438761413097382,0.4412079453468323,2.05499267578125,2.181427001953125,75.0,3088,27.1
fixation,1148979.8429999948,0.5768534719944001,0.41573196053504946,2.10301513671875,2.1746734619140624,158.0,3089,27.1
fixation,1149179.848999977,0.6204040967501127,0.4500281306413504,2.0828106219951925,2.229505098783053,441.0,3090,27.1
fixation,1149979.872999996,0.695173485411538,0.4349167131715351,2.0751190185546875,2.1690436469184027,300.0,3091,27.1
fixation,1150313.2169999778,0.7454539438088735,0.44416022300720215,2.0905303955078125,2.2607040405273438,200.0,3092,27.1
fixation,1150546.5569999814,0.7989267259836197,0.4198736120015383,2.0571212768554688,2.1663684844970703,275.0,3093,27.1
fixation,1151179.9059999883,0.1751200720667839,0.5606794357299805,2.085150146484375,2.112847900390625,166.0,3094,27.1
fixation,1151913.2629999816,0.7635670267045498,0.42027489095926285,2.138702392578125,2.2337989807128906,267.0,3095,27.1
fixation,1152213.272999972,0.7991068984071413,0.4349191871782144,2.0458526611328125,2.1245320638020835,408.0,3096,27.1
fixation,1152946.6289999783,0.18329801445915586,0.5549532075723013,2.1670401436941966,2.147345406668527,692.0,3097,27.1
fixation,1153713.3179999888,0.29523516322175664,0.5505848924318949,2.1390469868977866,2.097930908203125,400.0,3098,27.1
fixation,1154179.995999992,0.406291201710701,0.542379054427147,2.145684814453125,2.109130859375,333.0,3099,27.1
fixation,1154546.675999999,0.44393736496567726,0.5374995172023773,2.1360740661621094,2.1309585571289062,133.0,3100,27.1
fixation,1154713.349999994,0.4953131228685379,0.5274252414703369,2.155474853515625,2.1218505859375,167.0,3101,27.1
fixation,1154913.3579999804,0.5218386252721151,0.5215683579444885,2.1363016764322915,2.1396484374999996,100.0,3102,27.1
fixation,1155046.6949999928,0.5606216043233871,0.5353138744831085,2.1409454345703125,2.203643798828125,74.0,3103,27.1
fixation,1155446.7079999745,0.6267939448356629,0.523938900232315,2.1676361083984377,2.2490325927734376,166.0,3104,27.1
fixation,1155646.7139999866,0.67038134932518,0.5370112776756286,2.1798553466796875,2.3154144287109375,166.0,3105,27.1
fixation,1155846.7199999988,0.7152747469288963,0.5422721952199936,2.141632080078125,2.2877306256975447,233.0,3106,27.1
fixation,1156113.394999981,0.783751959602038,0.5287551482518514,2.0728670756022134,2.2322781880696616,400.0,3107,27.1
fixation,1156546.744999975,0.8160789459943771,0.5272494629025459,2.0923690795898438,2.2295913696289062,74.0,3108,27.1
fixation,1157180.09799999,0.22622964282830557,0.40339983999729156,2.202061971028646,2.258392333984375,92.0,3109,27.1
fixation,1157313.4389999807,0.21003067741791406,0.3727435916662216,2.2170613606770835,2.2379048665364585,100.0,3110,27.1
fixation,1157446.775999993,0.17800422757863998,0.3677943982183933,2.1850814819335938,2.233722686767578,141.0,3111,27.1
fixation,1157946.7929999828,0.32140663479055676,0.38886318462235586,2.1832711356026784,2.1963588169642856,233.0,3112,27.1
fixation,1158246.798999995,0.40785170665809084,0.37370060490710394,2.1719796316964284,2.2489395141601562,466.0,3113,27.1
fixation,1158746.8169999719,0.4794292620250157,0.3669096167598452,2.1683153424944197,2.251735142299107,233.0,3114,NOTRIAL
fixation,1159080.1620000005,0.6087007224559784,0.3240589180162975,2.1959032331194197,2.33074951171875,233.0,3115,NOTRIAL
fixation,1159346.8379999995,0.5703590769659389,0.2815252190286463,2.1972919810901987,2.346316944469105,741.0,3116,NOTRIAL
fixation,1160246.8639999926,0.5624438285827636,0.44607355147600175,2.2052291870117187,2.33111572265625,325.0,3117,NOTRIAL
fixation,1160613.5409999788,0.5678311213850975,0.6261729324857394,2.201305389404297,2.3489934747869317,400.0,3118,NOTRIAL
fixation,1161046.8889999986,0.564775342742602,0.4695937848753399,2.219906277126736,2.3401769002278647,608.0,3119,NOTRIAL
fixation,1161980.248999983,0.5862485766410828,0.6908001899719238,2.1599273681640625,,67.0,3120,NOTRIAL
fixation,1162113.5869999826,0.3485507108271122,0.7144425511360168,2.1704978942871094,2.279277801513672,134.0,3121,NOTRIAL
fixation,1162280.2599999905,0.3308347165584564,0.7265387028455734,2.1770477294921875,2.281723022460937,67.0,3122,NOTRIAL
fixation,1162380.2619999945,0.32430713943072725,0.7260916914258685,2.1576320103236606,2.235536847795759,241.0,3123,NOTRIAL
fixation,1163113.6169999838,0.5072929076850414,0.30735788121819496,2.2118911743164062,2.301422119140625,126.0,3124,FIX_CROS
fixation,1163280.2899999917,0.39183878526091576,0.2680367100983858,2.2753868103027344,2.407257080078125,141.0,3125,FIX_CROS
fixation,1163780.3049999774,0.5022953713224048,0.4837203522523244,2.134062994094122,2.210955047607422,692.0,3126,FIX_CROS
fixation,1164546.9930000007,0.2665613293647766,0.3820253163576126,2.14459228515625,2.22406005859375,66.0,3127,27.2
fixation,1164647.0029999912,0.1899192988872528,0.3390719577670097,2.1160263061523437,2.192494201660156,333.0,3128,27.2
fixation,1165380.3599999845,0.3325999130805333,0.34269289672374725,2.1368204752604165,2.2061055501302085,92.0,3129,27.2
fixation,1166580.396999985,0.5254794988367293,0.29917853739526534,2.1811370849609375,2.29498291015625,300.0,3130,27.2
fixation,1166913.7409999967,0.5998636484146118,0.28506121039390564,2.0848312377929688,2.1960067749023438,74.0,3131,27.2
fixation,1167313.7549999952,0.6621958017349243,0.30283781588077546,2.0709075927734375,2.19464111328125,158.0,3132,27.2
fixation,1167513.7579999864,0.6100082039833069,0.28356218338012695,2.0657196044921875,2.193896484375,174.0,3133,27.2
fixation,1167980.443999976,0.5793488423029581,0.312028921312756,2.1011793348524304,2.2311943901909723,300.0,3134,27.2
fixation,1168313.7870000005,0.6529000997543335,0.29490306973457336,2.1239115397135415,2.267669677734375,100.0,3135,27.2
fixation,1168480.4589999914,0.7244583182036877,0.2857581749558449,2.0963611602783203,2.2623634338378906,267.0,3136,27.2
fixation,1168780.4699999988,0.7871672908465067,0.29818694293498993,2.112900797526042,2.2906392415364585,500.0,3137,27.2
fixation,1169313.8199999928,0.764760160446167,0.3011031121015549,2.10008544921875,2.294635009765625,166.0,3138,27.2
fixation,1169747.1689999998,0.17998707688906612,0.4097449691856609,2.1886749267578125,2.309322581571691,567.0,3139,27.2
fixation,1170613.8669999838,0.16299970980201448,0.43172530404159,2.2275848388671875,2.2161996023995534,225.0,3140,27.2
fixation,1170880.5439999998,0.21934730062882105,0.4251856009165446,2.161382039388021,2.26251220703125,108.0,3141,27.2
fixation,1171313.8899999857,0.26236817613244057,0.44129161164164543,2.209087371826172,2.211212158203125,125.0,3142,27.2
fixation,1171480.5619999766,0.31669632924927604,0.4383191184865104,2.2460428873697915,2.2733527289496527,300.0,3143,27.2
fixation,1171813.9079999924,0.34575873613357544,0.42343115535649384,2.184928200461648,2.2345650412819604,366.0,3144,27.2
fixation,1172213.9189999998,0.41100754737854006,0.39798064678907397,2.1417510986328123,2.2191085815429688,333.0,3145,27.2
fixation,1172580.598999977,0.43911770582199094,0.3878660172224045,2.125250244140625,2.223651123046875,167.0,3146,27.2
fixation,1173113.9529999793,0.5433247855731419,0.4044412832174982,2.1580429077148438,2.273547581263951,466.0,3147,27.2
fixation,1173613.970999986,0.5854440703988075,0.3978893868625164,2.119739532470703,2.241802215576172,274.0,3148,27.2
fixation,1174247.322999984,0.6391457542777061,0.3973490856587887,2.1407127380371094,2.2549781799316406,125.0,3149,27.2
fixation,1174780.6749999821,0.7479389548301697,0.40107092559337615,2.1506988525390627,2.3216949462890626,166.0,3150,27.2
fixation,1175380.69599998,0.2054087147116661,0.5292571038007736,2.1024703979492188,2.14544677734375,66.0,3151,27.2
fixation,1175480.699000001,0.17762700965007147,0.5307016323010126,2.1858723958333335,2.1892852783203125,108.0,3152,27.2
fixation,1175980.7159999907,0.23758685439825059,0.5010281771421432,2.145361328125,2.175921630859375,166.0,3153,27.2
fixation,1176180.721999973,0.31295789778232574,0.5063875913619995,2.126669747488839,2.131711687360491,233.0,3154,27.2
fixation,1176447.396999985,0.3475445628166199,0.5134206652641297,2.084307861328125,2.097320556640625,167.0,3155,27.2
fixation,1176680.7349999845,0.4222961254417896,0.5036781672388315,2.059978485107422,2.086027145385742,266.0,3156,27.2
fixation,1176980.747999996,0.37292725841204327,0.5078205466270447,2.095830281575521,2.1163965861002603,200.0,3157,27.2
fixation,1177214.0909999907,0.33584268391132355,0.5129319071769715,2.1787811279296876,2.1054901123046874,167.0,3158,27.2
fixation,1177414.09799999,0.30827660400133866,0.5259644675713319,2.178956251878005,2.193865262545072,433.0,3159,27.2
fixation,1177880.7800000012,0.28108327388763427,0.5348416149616242,2.2177490234375,2.21363525390625,166.0,3160,27.2
fixation,1178080.7849999964,0.5180762112140656,0.5023235487086433,2.168494088309152,2.219696044921875,233.0,3161,27.2
fixation,1178347.4619999826,0.5531248350938162,0.4886554057399432,2.127965291341146,2.2045160929361978,200.0,3162,27.2
fixation,1178614.1359999776,0.6377650300661722,0.48821846147378284,2.14166259765625,2.2402191162109375,108.0,3163,27.2
fixation,1179147.4899999797,0.7547598123550415,0.47846297919750214,2.1656005859375,2.350775146484375,167.0,3164,27.2
fixation,1179980.8389999866,0.19603256757060686,0.6092392255862554,2.2505035400390625,2.232447306315104,192.0,3165,27.2
fixation,1180214.1849999726,0.17037370502948762,0.6061136424541473,2.2252899169921876,2.2160675048828127,167.0,3166,27.2
fixation,1180414.1919999719,0.3316581758360068,0.5997394074996313,2.1261990865071616,2.106761932373047,400.0,3167,27.2
fixation,1180880.8839999735,0.4772782027721405,0.5702569521963596,2.0565357208251953,2.1013126373291016,266.0,3168,27.2
fixation,1181180.894999981,0.5219781796137491,0.5565325915813446,2.0751800537109375,2.150390625,100.0,3169,27.2
fixation,1181347.5679999888,0.5202617247899374,0.5626615285873413,2.1152496337890625,2.152674357096354,100.0,3170,27.2
fixation,1181480.9089999795,0.5652507305145263,0.5542445838451385,2.1056823730468746,2.1448455810546876,174.0,3171,27.2
fixation,1181980.923999995,0.641939891236169,0.5558158925601414,2.152308872767857,2.2760184151785716,225.0,3172,27.2
fixation,1182647.6169999838,0.7560751140117645,0.5477450311183929,2.106365966796875,2.320294189453125,159.0,3173,27.2
fixation,1182847.621999979,0.8067872334610332,0.5738575214689429,2.0994928533380683,2.271757646040483,367.0,3174,27.2
fixation,1183247.6379999816,0.7344313859939575,0.5714965505259377,2.0680040631975447,2.2423618861607144,467.0,3175,27.2
fixation,1183747.6579999924,0.686295285820961,0.5611152589321137,2.0763916015625,2.2178726196289062,342.0,3176,27.2
fixation,1184481.0179999769,0.4840736389160156,0.6506891399621964,2.0392799377441406,,125.0,3177,27.2
fixation,1184747.6929999888,0.7658721953630447,0.5674895793199539,2.1157913208007812,2.2814559936523438,133.0,3178,27.2
fixation,1184914.3619999886,0.8109536349773407,0.5542514026165009,2.0717041015625,2.276593017578125,167.0,3179,NOTRIAL
fixation,1185147.7079999745,0.6457939644654592,0.4201680968205134,2.0978266398111978,2.298161824544271,200.0,3180,NOTRIAL
fixation,1185381.045999974,0.5936542674899101,0.2934131883084774,2.1108474731445312,2.2687225341796875,133.0,3181,NOTRIAL
fixation,1185547.7199999988,0.6298690890443737,0.2765612134645725,2.125438295561692,2.287144628064386,974.0,3182,NOTRIAL
fixation,1186747.7609999776,0.6439516961574554,0.46415206293265027,2.161646525065104,2.3159881591796876,500.0,3183,NOTRIAL
fixation,1187581.120999992,0.6468889287539891,0.47791604697704315,2.195523943219866,2.3739493233816966,233.0,3184,NOTRIAL
fixation,1187847.796999991,0.6480223735173544,0.6910907367865244,2.140610758463542,2.2979877178485575,500.0,3185,NOTRIAL
fixation,1188814.495999992,0.6228154003620148,0.6043969392776489,2.119318644205729,2.3333511352539062,100.0,3186,NOTRIAL
fixation,1188981.1679999828,0.5238570645451546,0.7227204218506813,2.1708946228027344,2.3351949055989585,133.0,3187,NOTRIAL
fixation,1189181.170999974,0.530068730766123,0.5247038386084817,2.191446477716619,2.282682939009233,367.0,3188,NOTRIAL
fixation,1189614.521999985,0.6271709442138672,0.5023351103067398,2.1955810546875,2.330169677734375,342.0,3189,NOTRIAL
fixation,1190281.2149999738,0.6413384556770325,0.47893149554729464,2.22935791015625,2.362213134765625,159.0,3190,NOTRIAL
fixation,1190514.5549999774,0.43431863337755205,0.4262755587697029,2.2356292724609377,2.4026229858398436,334.0,3191,NOTRIAL
fixation,1190914.568999976,0.48197709769010544,0.48820509016513824,2.123394012451172,2.2918777465820312,134.0,3192,NOTRIAL
fixation,1191081.2409999967,0.5105676271698691,0.4833553365685723,2.165679931640625,2.292875810102983,367.0,3193,NOTRIAL
fixation,1191481.2559999824,0.46559858818848926,0.5199265480041504,2.1960347493489585,2.3143208821614585,100.0,3194,23
fixation,1191614.5929999948,0.43624241277575493,0.37850232794880867,2.250823974609375,2.415813446044922,142.0,3195,23
fixation,1193314.646999985,0.4280836880207062,0.8816801110903422,2.3172200520833335,,92.0,3196,23
fixation,1193447.9839999974,0.4533436745405197,0.8501410633325577,2.259044647216797,,133.0,3197,23
fixation,1193681.3349999785,0.5082396492362022,0.8412754187981287,2.06414794921875,2.141082763671875,200.0,3198,23
fixation,1193914.6779999733,0.5770089477300644,0.8525054045021534,2.0005550384521484,2.087259292602539,266.0,3199,23
fixation,1194214.6879999936,0.6595222279429436,0.8539582192897797,2.001556396484375,2.1056594848632812,141.0,3200,23
fixation,1194648.0359999835,0.4706219732761383,0.3447205200791359,2.1174240112304688,2.2067031860351562,125.0,3201,23
fixation,1194814.7069999874,0.428221863694489,0.33435978274792433,2.170701026916504,2.2715110778808594,533.0,3202,23
fixation,1195381.3909999728,0.48111233446333146,0.35556084911028546,2.191799587673611,2.30617438422309,300.0,3203,23
fixation,1195714.7379999757,0.45545220375061035,0.3653639058272044,2.233891805013021,2.375579833984375,100.0,3204,23
fixation,1195848.074999988,0.49400946497917175,0.35988740995526314,2.2034759521484375,2.3278656005859375,133.0,3205,23
fixation,1196014.75,0.4358308936158816,0.37368979801734287,2.194269816080729,2.3526738484700522,200.0,3206,23
fixation,1196614.7679999769,0.4211411376794179,0.4334082057078679,2.327448527018229,2.45147705078125,108.0,3207,23
fixation,1197114.7839999795,0.4194238526480539,0.34287492292267935,2.358036586216518,2.507289341517857,225.0,3208,23
fixation,1197381.4599999785,0.4431429292474474,0.3163640392678125,2.229428972516741,2.374556405203683,467.0,3209,23
fixation,1197881.476999998,0.48437848687171936,0.30433982983231544,2.1967391967773438,2.3267478942871094,134.0,3210,23
fixation,1198048.148999989,0.5192318797111511,0.2937207043170929,2.1640167236328125,2.3106658935546873,175.0,3211,23
fixation,1198548.1669999957,0.455395832657814,0.4498462099581957,2.1548099517822266,2.266324996948242,259.0,3212,23
fixation,1198848.1779999733,0.4292014539241791,0.4931871686130762,2.218168258666992,2.3245811462402344,267.0,3213,23
fixation,1199148.1859999895,0.46025019884109497,0.5361804842948914,2.2093658447265625,2.252484130859375,167.0,3214,23
fixation,1199381.525999993,0.4037596152888404,0.666214108467102,2.196499294704861,2.2602962917751737,300.0,3215,23
fixation,1199714.8689999878,0.5935251315434774,0.6500992824633917,2.2223434448242188,2.34820556640625,200.0,3216,23
fixation,1199948.2129999995,0.46056292951107025,0.5576186465180438,2.212568200152853,2.3184907332710596,775.0,3217,23
fixation,1201048.247999996,0.450809250275294,0.3101876527070999,2.25823974609375,2.354008992513021,92.0,3218,23
fixation,1201181.5839999914,0.4198497255643209,0.3422081251939138,2.3247416178385416,2.4715891520182294,500.0,3219,23
fixation,1201748.2709999979,0.4846618101000786,0.4567802995443344,2.310626983642578,2.398792266845703,275.0,3220,FIX_CROS
fixation,1202348.2899999917,0.4810135300670351,0.43755946840558735,2.283235822405134,2.4610508510044644,233.0,3221,FIX_CROS
fixation,1202881.6409999728,0.2667716696858406,0.5167532920837402,2.2810333251953123,2.343760681152344,334.0,3222,23.2
fixation,1203248.3199999928,0.3448249414563179,0.5119598031044006,2.189070129394531,2.250115966796875,333.0,3223,23.2
fixation,1203614.997999996,0.2349280915581263,0.5216697454452515,2.1824376032902646,2.2321695181039662,433.0,3224,23.2
fixation,1204081.6789999902,0.2968720495700836,0.5096715018153191,2.207195281982422,2.2345657348632812,133.0,3225,23.2
fixation,1204248.349999994,0.3966869831085205,0.4926008254289627,2.196002197265625,2.1759765625,167.0,3226,23.2
fixation,1204448.3579999804,0.4188823774456978,0.5038718357682228,2.158763885498047,2.2177581787109375,134.0,3227,23.2
fixation,1204648.3609999716,0.4842454269528389,0.48902303725481033,2.1280136108398438,2.1699447631835938,75.0,3228,23.2
fixation,1205081.7119999826,0.5304430164396763,0.45917830243706703,2.1367034912109375,2.2340589250837053,266.0,3229,23.2
fixation,1205381.72299999,0.5785634815692902,0.4945129230618477,2.1597824096679688,2.2762680053710938,74.0,3230,23.2
fixation,1205848.4059999883,0.5423537997099069,0.4763535868663054,2.0950223482572117,2.2294082641601562,434.0,3231,23.2
fixation,1206781.7709999979,0.614349290728569,0.46809471026062965,2.1334075927734375,2.2619400024414062,125.0,3232,23.2
fixation,1206948.4429999888,0.6700155685345331,0.48961220184961957,2.1474533081054688,2.299718221028646,208.0,3233,23.2
fixation,1207415.1159999967,0.6059657812118531,0.47983376383781434,2.1016845703125,,159.0,3234,23.2
fixation,1207615.1279999912,0.5913433581590652,0.47905955960353214,2.1555277506510415,2.286616007486979,200.0,3235,23.2
fixation,1207848.473999977,0.6508647700150808,0.47631678978602093,2.1445465087890625,2.2939605712890625,108.0,3236,23.2
fixation,1208281.821999997,0.6675864100456238,0.49321310222148895,2.1361572265625,2.33897705078125,158.0,3237,23.2
fixation,1208481.8269999921,0.719519168138504,0.4859162386920717,2.141447279188368,2.3146430121527777,300.0,3238,23.2
fixation,1208848.5059999824,0.5234534939130148,0.5009468893210093,2.1121826171875,2.2920684814453125,100.0,3239,23.2
fixation,1209015.1779999733,0.4765134071931243,0.49353119172155857,2.124009132385254,2.24715576171875,533.0,3240,23.2
fixation,1209615.196999997,0.35372910276055336,0.36621789261698723,2.1950912475585938,2.302288055419922,133.0,3241,NOTRIAL
fixation,1209781.8759999871,0.3372365075808305,0.3239550435772309,2.195398183969351,2.2873018704927883,866.0,3242,NOTRIAL
fixation,1210715.2439999878,0.3489492194993155,0.47922843056065695,2.188602992466518,2.2651585170200894,241.0,3243,NOTRIAL
fixation,1211348.6009999812,0.34249625106652576,0.4942648410797119,2.2410176595052085,2.326543172200521,100.0,3244,NOTRIAL
fixation,1211481.9399999976,0.49724570981093813,0.6668305141585213,2.1787806919642856,2.2967961629231772,233.0,3245,NOTRIAL
fixation,1211748.6159999967,0.50334786826914,0.6948587515137412,2.116700605912642,2.186182657877604,367.0,3246,NOTRIAL
fixation,1212215.2999999821,0.493167981505394,0.6677916049957275,2.0887985229492188,2.15521240234375,67.0,3247,NOTRIAL
fixation,1212448.6419999897,0.5031288266181946,0.7022804319858551,2.0957679748535156,2.197967529296875,134.0,3248,FIX_CROS
fixation,1212615.3159999847,0.49450228611628216,0.677296648422877,2.079564412434896,2.1877746582031246,100.0,3249,FIX_CROS
fixation,1213248.672999978,0.4819855010136962,0.431578048504889,2.2206907272338867,2.341628074645996,533.0,3250,FIX_CROS
fixation,1213815.3589999974,0.35848595947027206,0.43671008944511414,2.22613525390625,2.3304214477539062,67.0,3251,23.1
fixation,1213948.699999988,0.21893731132149696,0.4363570213317871,2.2281723022460938,2.2977828979492188,66.0,3252,23.1
fixation,1214048.7039999962,0.1719993781298399,0.4342636540532112,2.215106964111328,2.306110382080078,141.0,3253,23.1
fixation,1214615.3909999728,0.25649899393320086,0.453495155274868,2.227923583984375,2.278509521484375,334.0,3254,23.1
fixation,1214982.07099998,0.30664301344326567,0.43363387882709503,2.184114728655134,2.234954833984375,241.0,3255,23.1
fixation,1215582.0909999907,0.37339188371385845,0.44017664023808073,2.209688459123884,2.265568324497768,233.0,3256,23.1
fixation,1215848.7689999938,0.42833228160937625,0.42571457227071124,2.1801172892252603,2.271703084309896,200.0,3257,23.1
fixation,1216082.1079999804,0.45985330854143414,0.41939524028982433,2.148197719029018,2.2293526785714284,233.0,3258,23.1
fixation,1216348.7849999964,0.4983474612236023,0.4113980084657669,2.1325149536132812,2.1836395263671875,74.0,3259,23.1
fixation,1216715.4529999793,0.5249688029289246,0.3723490536212921,2.140899658203125,2.194091796875,67.0,3260,23.1
fixation,1216815.4659999907,0.565113287080418,0.42329254204576666,2.175424749200994,2.281981034712358,367.0,3261,23.1
fixation,1217215.4799999893,0.6183775365352631,0.41298387944698334,2.1517868041992188,2.2579574584960938,75.0,3262,23.1
fixation,1217582.1589999795,0.6479474766687914,0.40247915278781543,2.145912863991477,2.2706160111860796,359.0,3263,23.1
fixation,1217982.171999991,0.7441146969795227,0.40056492601122173,2.1220703125,2.3217969621930803,233.0,3264,23.1
fixation,1218248.848999977,0.8015474826097488,0.3904220685362816,2.1294326782226562,2.285888671875,66.0,3265,23.1
fixation,1218715.5279999971,0.19192716255784034,0.5234440043568611,2.1814453125,2.207447814941406,334.0,3266,23.1
fixation,1219082.2119999826,0.24264501904447874,0.5349863221247991,2.175328572591146,2.150751749674479,200.0,3267,23.1
fixation,1219315.550999999,0.27846324018069674,0.5117826419217246,2.0644618443080356,2.1124158586774553,234.0,3268,23.1
fixation,1219582.2259999812,0.3236337552467982,0.5129954467217127,2.0919698079427085,2.1020660400390625,108.0,3269,23.1
fixation,1220015.574000001,0.37943555414676666,0.49397483468055725,2.16204833984375,2.1515121459960938,67.0,3270,23.1
fixation,1220115.5679999888,0.41600972786545753,0.5051689334213734,2.17742919921875,2.2331886291503906,134.0,3271,23.1
fixation,1220282.25,0.4560401737689972,0.5017770872666285,2.141424325796274,2.2140322598544033,433.0,3272,23.1
fixation,1220748.9309999943,0.5074431175986925,0.4823588654398918,2.102015177408854,2.1698201497395835,200.0,3273,23.1
fixation,1220982.272999972,0.5531335274378458,0.4921949729323387,2.0978851318359375,2.2178624471028647,200.0,3274,23.1
fixation,1221215.6139999926,0.5953577011823654,0.49430644512176514,2.1124725341796875,2.2268905639648438,134.0,3275,23.1
fixation,1221382.2859999835,0.6722829043865204,0.4781453013420105,2.107177734375,2.235687255859375,75.0,3276,23.1
fixation,1221682.294999987,0.7895653694868088,0.46324686457713443,2.093958536783854,2.2581609090169272,192.0,3277,23.1
fixation,1221948.9689999819,0.4960863381624222,0.5705586791038513,2.09503173828125,2.23157958984375,166.0,3278,23.1
fixation,1222215.6459999979,0.548507829507192,0.5647724767525991,2.0932515462239585,2.1990966796875,100.0,3279,NOTRIAL
fixation,1222415.6519999802,0.549201230208079,0.5330055157343546,2.0857950846354165,2.1992568969726562,100.0,3280,NOTRIAL
fixation,1222582.324999988,0.5716971829533577,0.35806841403245926,2.1481857299804688,2.2412567138671875,133.0,3281,NOTRIAL
fixation,1222782.3329999745,0.633012558732714,0.287866935133934,2.1691763741629466,2.308892386300223,242.0,3282,NOTRIAL
fixation,1223282.348999977,0.6459345906972885,0.5514839608222246,2.1893356323242186,2.3623074262570114,1334.0,3283,NOTRIAL
fixation,1224749.0569999814,0.4806557248036067,0.5583510994911194,2.1647796630859375,2.2825826009114585,100.0,3284,NOTRIAL
fixation,1224949.0699999928,0.4814186841249466,0.5377228632569313,2.1412353515625,2.230707804361979,133.0,3285,NOTRIAL
fixation,1225115.746999979,0.48588302731513977,0.5579380989074707,2.16986083984375,,100.0,3286,NOTRIAL
fixation,1225782.4319999814,0.47491775701443356,0.27974626918633777,2.2950261433919272,2.3795750935872397,200.0,3287,NOTRIAL
fixation,1226049.1099999845,0.5382029811541239,0.2768793652455012,2.2763671875,2.387659708658854,100.0,3288,NOTRIAL
fixation,1226182.446999997,0.635818749666214,0.28327906794018215,2.2650044759114585,2.4251641167534723,300.0,3289,NOTRIAL
fixation,1226582.4599999785,0.5084469043291532,0.6927560132283431,2.103582528921274,2.2806905110677085,434.0,3290,NOTRIAL
fixation,1227049.1419999897,0.5242478251457214,0.7141073644161224,2.111572265625,,67.0,3291,NOTRIAL
fixation,1227182.4799999893,0.49211255212624866,0.39190807441870373,2.2168172200520835,2.3614044189453125,100.0,3292,NOTRIAL
fixation,1227315.8169999719,0.5215982918938001,0.4940308357278506,2.2265218098958335,2.3277079264322915,408.0,3293,NOTRIAL
fixation,1228082.5099999905,0.4323810438315074,0.38814450800418854,2.3377532958984375,2.490941365559896,100.0,3294,1
fixation,1228515.8599999845,0.3593720905482769,0.8618030175566673,2.190319061279297,,258.0,3295,1
fixation,1228815.8609999716,0.4145259976387024,0.8512238502502442,2.18807373046875,,166.0,3296,1
fixation,1229015.8669999838,0.5231716831525167,0.8585198862212045,2.0960010346912203,2.293685913085937,700.0,3297,1
fixation,1229749.2319999933,0.6519750714302063,0.8719968199729919,2.13785400390625,,179.0,3298,1
fixation,1230282.5769999921,0.4632432162761688,0.4020567834377289,,2.4190902709960938,67.0,3299,1
fixation,1230382.5789999962,0.401751157912341,0.8814078244295988,1.2019195556640625,,367.0,3300,1
fixation,1231449.2859999835,0.44067182866009796,0.4076002998785539,2.221689397638494,2.357756181196733,367.0,3301,1
fixation,1232115.97299999,0.531473974386851,0.5017623553673426,2.1741333007812496,2.256678263346354,100.0,3302,1
fixation,1232249.3099999726,0.5561857422192892,0.5011138816674551,2.2068049112955728,2.3072280883789062,200.0,3303,1
fixation,1232515.9849999845,0.4298119420806567,0.5450072735548019,2.2006734212239585,2.2988006591796877,200.0,3304,1
fixation,1232815.9930000007,0.41808008402585983,0.8233194500207901,2.0782470703125,,133.0,3305,1
fixation,1232982.6659999788,0.41813936829566956,0.8330162018537521,2.0810317993164062,2.37774658203125,134.0,3306,1
fixation,1233149.3289999962,0.4851055443286896,0.8514603277047476,2.0493698120117188,,200.0,3307,1
fixation,1233482.6819999814,0.533355787396431,0.5557681322097778,2.1122970581054688,2.1782150268554688,66.0,3308,1
fixation,1233616.0179999769,0.5585220217704773,0.5179332315921783,2.135479736328125,2.264331817626953,167.0,3309,1
fixation,1233816.025999993,0.5028119012713432,0.44578605704009533,2.1447010040283203,2.285306930541992,267.0,3310,1
fixation,1234349.375,0.49027396738529205,0.5699466466903687,2.123458862304687,2.23272705078125,67.0,3311,1
fixation,1234449.3819999993,0.4922942519187927,0.5778883099555969,2.1225128173828125,,67.0,3312,1
fixation,1234549.3819999993,0.48913462595506146,0.5535271100022576,2.139404296875,2.227680206298828,375.0,3313,1
fixation,1235282.7409999967,0.44055500626564026,0.3785020597279072,2.1895675659179688,2.3484954833984375,125.0,3314,FIX_CROS
fixation,1235449.4120000005,0.3584332090048563,0.47311946252981824,2.232814243861607,2.350340343656994,700.0,3315,FIX_CROS
fixation,1236216.1049999893,0.46780946999788287,0.5008880347013474,2.19813232421875,2.3068588256835936,333.0,3316,1.1
fixation,1236582.7829999924,0.5637361208597819,0.49034062027931213,2.1922734578450522,2.3046849568684897,200.0,3317,1.1
fixation,1236816.125,0.6063708811998367,0.49071236948172253,2.1701126098632812,2.3010050455729165,200.0,3318,1.1
fixation,1237049.4669999778,0.6343875428040823,0.4761971781651179,2.161005655924479,2.304534912109375,108.0,3319,1.1
fixation,1237482.8149999976,0.545681377251943,0.4397825251022975,2.1467132568359375,2.2300516764322915,92.0,3320,NOTRIAL
fixation,1237682.821999997,0.5475209951400757,0.4771523028612137,2.192718505859375,2.3022537231445312,66.0,3321,NOTRIAL
fixation,1237782.824999988,0.5871814727783203,0.24313935786485671,2.223614501953125,2.3752197265625,166.0,3322,NOTRIAL
fixation,1237982.8310000002,0.6312039102378645,0.2746020124146813,2.2011614347759045,2.361865394993832,633.0,3323,NOTRIAL
fixation,1238682.8549999893,0.6383424699306488,0.4735981846849124,2.1948064168294272,2.373346964518229,208.0,3324,NOTRIAL
fixation,1239216.2060000002,0.6452860713005066,0.4679300248622894,2.214593505859375,2.4024322509765623,159.0,3325,NOTRIAL
fixation,1239416.2129999995,0.6367077976465225,0.6644349656999111,2.1519908905029297,2.3500137329101562,267.0,3326,NOTRIAL
fixation,1239716.224999994,0.6380395293235779,0.6746981739997864,2.138951619466146,2.2987060546875,100.0,3327,NOTRIAL
fixation,1239882.894999981,0.6347499787807465,0.6701198021570841,2.118738810221354,,100.0,3328,NOTRIAL
fixation,1240016.2349999845,0.6392807811498642,0.6683405637741089,2.1008758544921875,2.2199249267578125,67.0,3329,NOTRIAL
fixation,1240149.574000001,0.6368108689785004,0.6679325997829437,2.1063385009765625,2.268096923828125,67.0,3330,NOTRIAL
fixation,1240249.5769999921,0.640176032270704,0.6848347016743251,2.106325422014509,,242.0,3331,FIX_CROS
fixation,1240849.599999994,0.4872853585651943,0.46694922801994143,2.1890622093563987,2.2854284989206413,692.0,3332,FIX_CROS
fixation,1241582.9609999955,0.445017009973526,0.4619254916906357,2.1645609537760415,2.27581787109375,100.0,3333,1.2
fixation,1241749.6329999864,0.30140850245952605,0.4824237942695618,2.20389404296875,2.286480712890625,167.0,3334,1.2
fixation,1241949.6429999769,0.2439708098769188,0.4883676260709763,2.1485504150390624,2.244879150390625,167.0,3335,1.2
fixation,1242149.647999972,0.1923312762608895,0.4902070164680481,2.1416590763972354,2.1983407827524037,434.0,3336,1.2
fixation,1242616.3329999745,0.2684142490228017,0.48526571194330853,2.1599629720052085,2.127202351888021,108.0,3337,1.2
fixation,1243083.0179999769,0.3381540417671204,0.47384603023529054,2.2409820556640625,2.2296173095703127,167.0,3338,1.2
fixation,1243283.023999989,0.37481895089149475,0.46890894571940106,2.233367919921875,2.269220987955729,100.0,3339,1.2
fixation,1243416.3609999716,0.43035721965134144,0.46209424547851086,2.1791458129882812,2.2174301147460938,267.0,3340,1.2
fixation,1243716.3759999871,0.4511498858531316,0.4569960633913676,2.160212198893229,2.195683797200521,100.0,3341,1.2
fixation,1243849.7119999826,0.48839096352458,0.45540471747517586,2.1426849365234375,2.2003822326660156,141.0,3342,1.2
fixation,1244283.0639999807,0.5104045106305016,0.4414598014619615,2.169865926106771,2.25225830078125,300.0,3343,1.2
fixation,1244616.4089999795,0.37185337841510774,0.4757367342710495,2.184442138671875,2.2848968505859375,167.0,3344,1.2
fixation,1244849.75,0.31559110184510547,0.48984915018081665,2.1998087565104165,2.255040486653646,100.0,3345,1.2
fixation,1244983.0889999866,0.276802696287632,0.49510564903418225,2.1826159159342446,2.2293993631998696,400.0,3346,1.2
fixation,1245449.7709999979,0.5566091934839884,0.4459306349356969,2.109217325846354,2.177647908528646,108.0,3347,1.2
fixation,1245883.119999975,0.6548434197902679,0.45938976407051085,2.168511962890625,2.3746871948242188,159.0,3348,1.2
fixation,1246083.1259999871,0.6905536502599716,0.45827963203191757,2.1449928283691406,2.374725341796875,141.0,3349,1.2
fixation,1246483.1409999728,0.7497891287008921,0.4305923614237044,2.0879618326822915,2.253779093424479,300.0,3350,1.2
fixation,1247049.8259999752,0.8019377589225769,0.41474199295043945,2.1158065795898438,,125.0,3351,1.2
fixation,1247216.496999979,0.7077627062797547,0.4223504960536957,2.146514892578125,,167.0,3352,1.2
fixation,1247416.5049999952,0.6794466078281403,0.4265275299549103,2.1475906372070312,,67.0,3353,1.2
fixation,1247516.5079999864,0.6728857457637787,0.45470595359802246,2.0971272786458335,2.3159891764322915,100.0,3354,1.2
fixation,1247649.845999986,0.638656459748745,0.4564156085252762,2.1385536193847656,2.3099136352539062,133.0,3355,1.2
fixation,1247816.5179999769,0.6158332824707031,0.4462175915638606,2.1155293782552085,2.265650431315104,108.0,3356,1.2
fixation,1248283.2019999921,0.8037115186452866,0.4374367743730545,2.164958953857422,2.3591957092285156,141.0,3357,1.2
fixation,1248783.2179999948,0.22411842218467168,0.5777139919144767,2.213193620954241,2.2494092668805803,233.0,3358,1.2
fixation,1249049.8929999769,0.29600989818573,0.5597775961671557,2.1227831159319197,2.1696624755859375,233.0,3359,1.2
fixation,1249349.9039999843,0.4221190856769681,0.5390131808817387,2.096578598022461,2.1265316009521484,533.0,3360,1.2
fixation,1249916.5899999738,0.48855748772621155,0.5259682163596153,2.1097373962402344,2.178380330403646,142.0,3361,1.2
fixation,1250349.9369999766,0.5135819494724274,0.4906863123178482,2.1211822509765623,2.171539306640625,158.0,3362,1.2
fixation,1250549.946999997,0.5782901644706726,0.5042087733745575,2.154474894205729,2.1977335611979165,108.0,3363,1.2
fixation,1250949.9589999914,0.6582918809010432,0.5138351149283923,2.139220017653245,2.264550526936849,433.0,3364,1.2
fixation,1251416.6389999986,0.7142773568630219,0.5216140449047089,2.083348592122396,2.238794962565104,108.0,3365,1.2
fixation,1251783.318999976,0.7655155910895421,0.5273329581205661,2.1253274770883412,2.32236328125,425.0,3366,1.2
fixation,1252250.0019999743,0.7445644214749336,0.5236656367778778,2.0737342834472656,2.2765960693359375,141.0,3367,1.2
fixation,1252616.6769999862,0.26307187146610683,0.4637921584977044,2.081607394748264,2.1916673448350696,292.0,3368,1.2
fixation,1252983.3589999974,0.20830849260091783,0.4644210249185562,2.118408203125,2.14681396484375,167.0,3369,1.2
fixation,1253183.3669999838,0.17827885411679745,0.46367861330509186,2.1091575622558594,2.136138916015625,142.0,3370,1.2
fixation,1253816.721999973,0.3683475852012634,0.4725987184792757,2.2081527709960938,2.2438106536865234,266.0,3371,1.2
fixation,1254116.7309999764,0.4142944723367691,0.4647394150495529,2.1628753662109377,2.2191986083984374,166.0,3372,1.2
fixation,1254316.7359999716,0.44782789879375035,0.4523550122976303,2.1341654459635415,2.2121751573350696,300.0,3373,1.2
fixation,1254650.0819999874,0.4850699990987778,0.45608881711959837,2.1418975830078124,2.2169151306152344,167.0,3374,1.2
fixation,1254850.0879999995,0.5052606500685215,0.4476764351129532,2.1287498474121094,2.2457542419433594,141.0,3375,1.2
fixation,1255283.4369999766,0.40588046610355377,0.45244354009628296,2.164178466796875,2.29091796875,159.0,3376,1.2
fixation,1255516.7779999971,0.3479752704501152,0.4734546482563019,2.2348037719726563,2.2987319946289064,333.0,3377,NOTRIAL
fixation,1255916.7929999828,0.5215969383716583,0.3062101066112518,2.189462280273437,2.291949462890625,166.0,3378,NOTRIAL
fixation,1256116.798999995,0.5638426457132611,0.2879306063765571,2.219996134440104,2.3296930222284224,700.0,3379,NOTRIAL
fixation,1256883.4909999967,0.5731760526404661,0.4910641233710682,2.2350042006548714,2.304239609662224,567.0,3380,NOTRIAL
fixation,1257516.846999973,0.5785944044589997,0.6892486333847045,2.125489044189453,2.2596588134765625,666.0,3381,NOTRIAL
fixation,1258250.2039999962,0.3822486504565838,0.47155772946601693,2.2051739360010902,2.3140209109284156,1433.0,3382,NOTRIAL
fixation,1259716.921999991,0.47897955775260925,0.47446244210004807,2.2130203247070312,2.2437591552734375,74.0,3383,NOTRIAL
fixation,1260116.9339999855,0.5244120146547046,0.4567560574838093,2.2104034423828125,2.295440673828125,233.0,3384,4
fixation,1260383.6079999804,0.5015804742773374,0.5166762322187424,2.32073974609375,2.3537063598632812,200.0,3385,4
fixation,1260683.6189999878,0.37619470059871674,0.8583402633666992,2.135498046875,,67.0,3386,4
fixation,1260783.621999979,0.3503990054130554,0.8690982103347779,2.0934295654296875,,167.0,3387,4
fixation,1260983.6269999743,0.46940645575523376,0.8631797234217325,2.031275431315104,,108.0,3388,4
fixation,1261450.3029999733,0.5491544348852975,0.8596327900886536,2.1056932721819197,,233.0,3389,4
fixation,1261716.976999998,0.6235342174768448,0.8531081825494766,2.160999298095703,,146.0,3390,4
fixation,1261983.6539999843,0.49585028489430744,0.5415010303258896,2.2393290201822915,2.377741495768229,200.0,3391,4
fixation,1262283.670999974,0.45914892479777336,0.8285797834396362,2.1387977600097656,2.4013570149739585,133.0,3392,4
fixation,1262450.3409999907,0.45808043082555133,0.8601630131403605,2.146662394205729,,100.0,3393,4
fixation,1262583.6789999902,0.43713391820589703,0.8662043611208597,2.1859461466471353,,200.0,3394,4
fixation,1262817.0209999979,0.40355734154582024,0.8562688305974007,2.2078075408935547,,267.0,3395,4
fixation,1263117.0279999971,0.536597415804863,0.8692976981401443,2.2021656036376953,,267.0,3396,4
fixation,1263450.375,0.6159443259239197,0.8691072165966034,2.2109298706054688,,75.0,3397,4
fixation,1263750.3849999905,0.41495219618082047,0.5584238171577454,2.2586898803710938,2.4861297607421875,67.0,3398,4
fixation,1263917.0569999814,0.3728603000442187,0.5690597097078959,2.3408381144205728,2.4502385457356772,208.0,3399,4
fixation,1264383.7379999757,0.5523645207285881,0.5021935664117336,2.2698402404785156,2.3564224243164062,125.0,3400,4
fixation,1264550.4089999795,0.5594068132340908,0.5684746019542217,2.231630325317383,2.3725852966308594,267.0,3401,4
fixation,1264983.7589999735,0.4705546945333481,0.6006275713443756,2.1446380615234375,2.293487548828125,66.0,3402,4
fixation,1265083.7609999776,0.4677823334932327,0.6133576035499573,2.1292877197265625,2.257431030273437,66.0,3403,4
fixation,1265183.7639999986,0.46481095254421234,0.5748130679130554,2.1160430908203125,2.162994384765625,66.0,3404,4
fixation,1265450.4389999807,0.3973310925066471,0.6377019211649895,2.0755157470703125,2.188568115234375,267.0,3405,4
fixation,1265750.4509999752,0.3881230503320694,0.5392365008592606,2.1840744018554688,2.2505722045898438,67.0,3406,4
fixation,1265850.4529999793,0.38469183444976807,0.6227142413457235,2.195805867513021,2.259307861328125,108.0,3407,4
fixation,1266183.7999999821,0.5726193288962046,0.49815810720125836,2.214991251627604,2.2921854654947915,92.0,3408,4
fixation,1266317.1369999945,0.5278416673342387,0.48829372972249985,2.2574564615885415,2.3578414916992188,200.0,3409,4
fixation,1266550.474999994,0.5944746572237748,0.49681387268579924,2.1806265024038463,2.310266348031851,434.0,3410,4
fixation,1267017.1589999795,0.4718940431873004,0.41162893796960515,2.1025619506835938,2.207106272379557,408.0,3411,4
fixation,1267683.849999994,0.4376616612076759,0.5038122504949569,1.6989791870117188,1.7794593811035155,674.0,3412,4
fixation,1268617.2139999866,0.46986190582576554,0.4280618037048139,1.9656396163137335,2.0313993755139803,633.0,3413,FIX_CROS
fixation,1269317.2369999886,0.3658549686272939,0.4268285532792409,2.0419820149739585,2.0888773600260415,100.0,3414,4.1
fixation,1269483.9089999795,0.22960157319903374,0.37802425026893616,2.1064987182617188,2.1748733520507812,66.0,3415,4.1
fixation,1269583.9129999876,0.1949510191168104,0.36579637016568867,2.125396728515625,2.1809212820870534,233.0,3416,4.1
fixation,1269850.5899999738,0.25883616507053375,0.37535537481307985,2.1288726806640623,2.1549102783203127,167.0,3417,4.1
fixation,1270050.595999986,0.3308166041970253,0.3768387734889984,2.12384033203125,2.1267013549804688,75.0,3418,4.1
fixation,1270450.6119999886,0.2743430770933628,0.4007401205599308,2.145252227783203,2.1531028747558594,134.0,3419,4.1
fixation,1270617.2829999924,0.2517852894961834,0.3877827525138855,2.211292266845703,2.2122421264648438,141.0,3420,4.1
fixation,1271017.296999991,0.45519496500492096,0.37835749487082165,2.1625874837239585,2.2387593587239585,92.0,3421,4.1
fixation,1271150.6339999735,0.48511041700839996,0.371117040514946,2.1917877197265625,2.2323379516601562,134.0,3422,4.1
fixation,1271683.9869999886,0.6039093633492788,0.3656972199678421,2.1738789876302085,2.2566070556640625,200.0,3423,4.1
fixation,1272250.673999995,0.5810658122811999,0.3727010850395475,2.109405517578125,2.2348698207310265,233.0,3424,4.1
fixation,1272517.348999977,0.7342429288796016,0.3439786008426121,2.1403350830078125,2.2645983014787947,234.0,3425,4.1
fixation,1272784.0249999762,0.7110226631164551,0.35507031679153445,2.108868408203125,2.257952880859375,167.0,3426,4.1
fixation,1272984.0319999754,0.7851011633872986,0.3419011026620865,2.079241943359375,2.2216949462890625,167.0,3427,4.1
fixation,1273450.7149999738,0.18715482147840354,0.4841856360435486,2.1422389103816104,2.19558833195613,425.0,3428,4.1
fixation,1273917.3999999762,0.24351935212810835,0.4767161086201668,2.0798924763997397,2.141881306966146,200.0,3429,4.1
fixation,1274150.7409999967,0.2882329002022743,0.46746160089969635,2.092449188232422,2.1151657104492188,133.0,3430,4.1
fixation,1274317.4129999876,0.33961644023656845,0.46186036119858426,2.091130574544271,2.1194839477539062,200.0,3431,4.1
fixation,1274550.7539999783,0.40396771728992464,0.4589729905128479,2.1109161376953125,2.14976806640625,166.0,3432,4.1
fixation,1274750.7599999905,0.43808166682720184,0.45855502784252167,2.1008199055989585,2.170293172200521,108.0,3433,4.1
fixation,1275184.1099999845,0.5048807710409164,0.437610591451327,2.1247100830078125,2.1856282552083335,100.0,3434,4.1
fixation,1275350.7839999795,0.5538816650708517,0.4556978940963745,2.1570027669270835,2.2599080403645835,108.0,3435,4.1
fixation,1275784.1279999912,0.6034892499446869,0.4387148544192314,2.1180648803710938,2.1997528076171875,67.0,3436,4.1
fixation,1275884.1329999864,0.6282167285680771,0.4570355284959078,2.1637821197509766,2.2702713012695312,267.0,3437,4.1
fixation,1276184.1429999769,0.6650164127349854,0.46719297766685486,2.14337158203125,2.3493423461914062,75.0,3438,4.1
fixation,1276650.8259999752,0.7297058701515198,0.4393913745880127,2.157869611467634,2.310856410435268,233.0,3439,4.1
fixation,1276917.5019999743,0.7944154292345047,0.4388579912483692,2.1292762756347656,2.2979202270507812,142.0,3440,4.1
fixation,1277317.5159999728,0.19909042368332544,0.5931834777196249,2.1992696126302085,2.238184611002604,92.0,3441,4.1
fixation,1277450.8529999852,0.17551966849714518,0.5755355767905712,2.194650650024414,2.2530555725097656,266.0,3442,4.1
fixation,1277750.8639999926,0.261651973426342,0.5690499007701874,2.1776397705078123,2.17623291015625,174.0,3443,4.1
fixation,1278250.8809999824,0.32870111967387955,0.5566106344524183,2.168013723273026,2.175522653680099,633.0,3444,4.1
fixation,1278917.571999997,0.3768244449581419,0.5451794564723969,2.1852918352399553,2.169884817940848,234.0,3445,4.1
fixation,1279184.245999992,0.4204388316720724,0.5393905453383923,2.1982269287109375,2.189368111746652,267.0,3446,4.1
fixation,1279884.2679999769,0.5362267451626914,0.49208987610680716,2.222255161830357,2.2471422467912947,225.0,3447,4.1
fixation,1280584.2899999917,0.6603900343179703,0.4891076125204563,2.2170028686523438,2.380157470703125,133.0,3448,4.1
fixation,1280750.9609999955,0.7330759366353353,0.5129788443446159,2.213129679361979,2.4051920572916665,200.0,3449,4.1
fixation,1280984.297999978,0.797101366519928,0.5208700343966484,2.1609817504882813,2.3563888549804686,341.0,3450,4.1
fixation,1281617.6529999971,0.3099885076284409,0.6308732092380523,2.1929840087890624,2.1912841796875,159.0,3451,4.1
fixation,1281950.995999992,0.36942621001175474,0.6492994597979954,2.118992396763393,2.1445999145507812,233.0,3452,4.1
fixation,1282217.669999987,0.4342033416032791,0.6377439200878143,2.1030044555664062,2.182281494140625,66.0,3453,4.1
fixation,1282351.0079999864,0.4427748719851176,0.6553217669328054,2.1085103352864585,2.0957794189453125,200.0,3454,4.1
fixation,1282584.345999986,0.4959655344486237,0.629554009437561,2.0697113037109376,2.04486083984375,167.0,3455,4.1
fixation,1282784.351999998,0.5198118388652802,0.5738380551338196,2.0883712768554688,2.0435256958007812,67.0,3456,4.1
fixation,1282884.3539999723,0.571946382522583,0.6061719457308451,2.098414103190104,2.015472412109375,100.0,3457,4.1
fixation,1283151.0329999924,0.6027209560076395,0.6012309193611145,2.0910135904947915,,100.0,3458,4.1
fixation,1283284.369999975,0.682488477230072,0.5886590242385864,2.1288055419921874,2.2098731994628906,167.0,3459,4.1
fixation,1283484.372999996,0.6830173929532369,0.5996963878472646,2.115392049153646,2.2460174560546875,100.0,3460,NOTRIAL
fixation,1283651.046999991,0.6862903088331223,0.5895667374134064,2.1022796630859375,,67.0,3461,NOTRIAL
fixation,1283751.0499999821,0.6860246807336807,0.5845853388309479,2.1200129191080728,2.2878545125325522,200.0,3462,NOTRIAL
fixation,1284117.7289999723,0.4866354124886649,0.31913480162620544,2.213049752371652,2.354984828404018,233.0,3463,NOTRIAL
fixation,1284384.4029999971,0.5582043886184692,0.2987459897994995,2.2593780517578126,2.4543731689453123,167.0,3464,NOTRIAL
fixation,1284984.421999991,0.6191808034976324,0.30971162269512814,2.3046544392903647,2.4878107706705728,192.0,3465,NOTRIAL
fixation,1285217.7639999986,0.5628717435257775,0.3272507297141211,2.2949109758649553,2.462611607142857,466.0,3466,NOTRIAL
fixation,1285717.7769999802,0.6278433000499551,0.300347583537752,2.2636614712801846,2.4169880260120737,733.0,3467,NOTRIAL
fixation,1286484.47299999,0.637753589078784,0.4693467253819108,2.2322750091552734,2.403177261352539,534.0,3468,NOTRIAL
fixation,1287051.1589999795,0.6443863727829673,0.6457804170521823,2.185299960049716,2.3989486694335938,367.0,3469,NOTRIAL
fixation,1287517.8429999948,0.6454748325049877,0.6498701311647892,2.1926517486572266,2.3808975219726562,266.0,3470,NOTRIAL
fixation,1287884.5189999938,0.5114842289023929,0.4686429533693526,2.1903567843967013,2.325222439236111,308.0,3471,FIX_CROS
fixation,1288584.5439999998,0.48586855828762054,0.43859533702625947,2.2603822595932903,2.386104808134191,567.0,3472,FIX_CROS
fixation,1289217.900999993,0.4331190511584282,0.41258811950683594,2.2564163208007812,2.3701400756835938,66.0,3473,4.2
fixation,1289351.2359999716,0.23325622081756592,0.3468243181705475,2.2783966064453125,2.389389038085937,67.0,3474,4.2
fixation,1289451.2389999926,0.18776852488517762,0.335500106215477,2.2271820068359376,2.2932083129882814,341.0,3475,4.2
fixation,1290084.5939999819,0.23814887106418609,0.35419122576713563,2.2213180541992186,2.292608642578125,326.0,3476,4.2
fixation,1290951.2889999747,0.2869250804185867,0.3522880047559738,2.273046875,2.3306488037109374,167.0,3477,4.2
fixation,1291151.296999991,0.31810561940073967,0.348435889929533,2.2668895721435547,2.3207759857177734,267.0,3478,4.2
fixation,1291451.3059999943,0.36430618166923523,0.3353532503048579,2.2125447591145835,2.290033976236979,108.0,3479,4.2
fixation,1291951.321999997,0.39527545869350433,0.3405230964223544,2.2072423299153643,2.281824747721354,200.0,3480,4.2
fixation,1292184.6609999835,0.45207053422927856,0.3132610619068146,2.2038497924804688,2.1851654052734375,75.0,3481,4.2
fixation,1292618.0109999776,0.3858468184868495,0.34827913840611774,2.1644490559895835,2.2403411865234375,100.0,3482,4.2
fixation,1292751.34799999,0.3162577748298645,0.3607040271162987,2.19677734375,2.29998779296875,67.0,3483,4.2
fixation,1292851.3509999812,0.38435500487685204,0.34344661608338356,2.1611328125,2.250701904296875,134.0,3484,4.2
fixation,1293084.6909999847,0.28656095266342163,0.3639805217583974,2.213892618815104,2.2573394775390625,108.0,3485,4.2
fixation,1293484.7029999793,0.680239756902059,0.31746935347716015,2.1853205362955728,2.266448974609375,200.0,3486,4.2
fixation,1294218.0629999936,0.17945123696699739,0.4331516558304429,2.133650779724121,2.239556312561035,525.0,3487,4.2
fixation,1294818.0819999874,0.3060304547349612,0.4320002148548762,2.1031951904296875,2.104405721028646,200.0,3488,4.2
fixation,1295051.4249999821,0.3538098952599934,0.4279923843485968,2.100426810128348,2.120162963867187,234.0,3489,4.2
fixation,1295351.4339999855,0.41824527084827423,0.42676711744732326,2.077880859375,2.1434699164496527,300.0,3490,4.2
fixation,1295684.7789999843,0.367049736281236,0.4400559440255165,2.129052480061849,2.1895904541015625,400.0,3491,4.2
fixation,1296118.1269999743,0.3088846728205681,0.5114002898335457,2.138249715169271,2.1784337361653647,200.0,3492,4.2
fixation,1296351.4669999778,0.3784385542659199,0.5166784559979158,2.1605996524586395,2.2108989042394303,567.0,3493,4.2
fixation,1296984.818999976,0.3448200659318404,0.32769308577884326,2.1838933771306817,2.2633819580078125,374.0,3494,NOTRIAL
fixation,1297651.5109999776,0.4320809543132782,0.31343118101358414,2.187713623046875,2.24871826171875,67.0,3495,NOTRIAL
fixation,1297751.5129999816,0.48246622681617735,0.3010359421372414,2.2463302612304688,2.3069534301757812,334.0,3496,NOTRIAL
fixation,1298118.1909999847,0.41940870537207675,0.2978971600532532,2.2199730506310096,2.3064915583683896,433.0,3497,NOTRIAL
fixation,1298618.2109999955,0.34189585596323013,0.5074973404407501,2.2403350830078126,2.3105758666992187,341.0,3498,NOTRIAL
fixation,1299418.2369999886,0.42922090490659076,0.48693303763866425,2.2363128662109375,2.3305206298828125,100.0,3499,NOTRIAL
fixation,1299651.5799999833,0.42934632003307344,0.4925644099712372,2.2266448974609374,2.301397705078125,167.0,3500,NOTRIAL
fixation,1299984.923999995,0.518561065196991,0.6920622984568278,2.0621236165364585,,100.0,3501,NOTRIAL
fixation,1300151.595999986,0.6037132441997528,0.7128314673900604,2.0737762451171875,2.25048828125,134.0,3502,NOTRIAL
fixation,1300318.2669999897,0.63749860227108,0.7203677073121071,2.0839157104492188,2.254974365234375,267.0,3503,NOTRIAL
fixation,1300618.275999993,0.5396326979001363,0.7129536946614583,2.035535685221354,2.13421630859375,500.0,3504,NOTRIAL
fixation,1301151.6269999743,0.5754540681838989,0.7125454902648926,2.0379959106445313,,667.0,3505,NOTRIAL
fixation,1301851.646999985,0.5114718079566956,0.7111976092511957,2.0116077769886362,,367.0,3506,NOTRIAL
fixation,1302251.6620000005,0.3556508347392082,0.7494092583656311,2.030162811279297,,134.0,3507,NOTRIAL
fixation,1302418.3339999914,0.33753530085086825,0.7377434372901917,2.035260009765625,2.2012863159179688,342.0,3508,NOTRIAL
fixation,1303051.6869999766,0.4596445970237255,0.39936989545822144,2.112415313720703,2.1703453063964844,133.0,3509,NOTRIAL
fixation,1303251.6949999928,0.354494650537769,0.5021218247711658,2.163872400919596,2.232257843017578,808.0,3510,NOTRIAL
fixation,1304351.7289999723,0.38313294351100924,0.48032373785972593,2.15322265625,2.2044586181640624,174.0,3511,NOTRIAL
fixation,1304951.748999983,0.5509722828865051,0.4638746604323387,2.1459274291992188,2.2021636962890625,66.0,3512,13
fixation,1305118.420999974,0.5127948125203451,0.4874034523963928,2.2042439778645835,2.266301472981771,100.0,3513,13
fixation,1305418.4299999774,0.3810667932033539,0.8648857474327087,1.9807098388671875,,167.0,3514,13
fixation,1305651.769999981,0.4400140047073364,0.872850701212883,1.9213180541992188,,133.0,3515,13
fixation,1305818.443999976,0.49602675437927246,0.8595547676086426,1.8860092163085938,,71.0,3516,13
fixation,1306035.1109999716,0.5429610013961792,0.8663331667582194,1.884521484375,,100.0,3517,13
fixation,1306201.7800000012,0.6013197302818298,0.8618351902280535,1.9127851213727678,,233.0,3518,13
fixation,1306726.8079999983,0.569906917711099,0.510023444890976,2.0179875691731772,2.093758322975852,400.0,3519,13
fixation,1307160.1539999843,0.46572801768779754,0.4867674931883812,1.9170547485351563,1.984173583984375,341.0,3520,13
fixation,1307826.8449999988,0.47010159194469453,0.434888619184494,1.9496917724609375,1.9594085693359375,174.0,3521,13
fixation,1308226.8579999804,0.5818741530179977,0.47409798949956894,1.9588638305664063,1.99456787109375,333.0,3522,13
fixation,1308593.5349999964,0.5703922467572349,0.507298761180469,1.9224799019949776,1.9702606201171875,467.0,3523,13
fixation,1309093.5529999733,0.583282220363617,0.45096863210201266,1.9300872802734375,1.9372344970703126,167.0,3524,13
fixation,1309293.5609999895,0.5835147649049759,0.5377633422613144,1.9013595581054688,1.9615058898925781,200.0,3525,13
fixation,1309526.898999989,0.553537929058075,0.55159912109375,1.93553466796875,1.9839057922363281,166.0,3526,13
fixation,1309760.2419999838,0.4626571812799999,0.5222866875784737,1.9637298583984375,2.0257975260416665,241.0,3527,13
fixation,1310360.2649999857,0.45708351901599337,0.4506157487630844,1.9767870221819197,2.0418167114257812,225.0,3528,13
fixation,1310660.2769999802,0.55853431224823,0.5708572685718536,1.929547119140625,1.9567057291666667,333.0,3529,13
fixation,1311026.9549999833,0.46984589099884033,0.5439489647746086,1.924323272705078,1.9554202431126644,666.0,3530,13
fixation,1311726.9809999764,0.44749340415000916,0.44324136316776275,1.9496466064453124,1.964013671875,841.0,3531,13
fixation,1312893.6919999719,0.46963354674252594,0.42635432563044806,2.0801863236860796,2.137630886501736,366.0,3532,FIX_CROS
fixation,1313293.7049999833,0.3799960419535637,0.4219066441059113,2.1025543212890625,2.169911193847656,333.0,3533,13.1
fixation,1313660.3859999776,0.429684542119503,0.5085862353444099,2.093914031982422,2.1940689086914062,134.0,3534,13.1
fixation,1313827.0619999766,0.47355193495750425,0.5088129937648773,2.1370941162109376,2.23287353515625,167.0,3535,13.1
fixation,1314027.0669999719,0.514656925201416,0.4872814789414406,2.0961837768554688,2.1801300048828125,333.0,3536,13.1
fixation,1314393.748999983,0.5411016047000885,0.48293977975845337,2.0958518981933594,2.143787384033203,133.0,3537,13.1
fixation,1314560.421999991,0.48720650871594745,0.4816892271240552,2.100560506184896,2.1433995564778647,208.0,3538,13.1
fixation,1315060.4409999847,0.541754275560379,0.4623822495341301,2.16351318359375,2.2039031982421875,67.0,3539,13.1
fixation,1315193.7769999802,0.45626723517974216,0.4790680855512619,2.1603317260742188,2.2519927978515626,200.0,3540,13.1
fixation,1315493.7889999747,0.4575719624757767,0.4839429636796316,2.1551544189453127,2.22451664851262,500.0,3541,NOTRIAL
fixation,1316060.47299999,0.5243608132004738,0.3752550706267357,2.1624832153320312,2.2738189697265625,134.0,3542,NOTRIAL
fixation,1316260.4789999723,0.557708939909935,0.2888862952589989,2.170550537109375,2.295391845703125,334.0,3543,NOTRIAL
fixation,1316627.1579999924,0.6223110357920328,0.2950943509737651,2.1813201904296875,2.3263066609700522,200.0,3544,NOTRIAL
fixation,1316860.5009999871,0.5102857318189409,0.28487663798862034,2.1684061686197915,2.34511481391059,300.0,3545,NOTRIAL
fixation,1317193.8449999988,0.5645403861999512,0.2803179795543353,2.2104949951171875,2.368377685546875,208.0,3546,NOTRIAL
fixation,1317660.5269999802,0.6349381605784098,0.4571436146895091,2.1940816243489585,2.308680216471354,100.0,3547,NOTRIAL
fixation,1317993.872999996,0.5204434484243393,0.32064221054315567,2.239654541015625,2.3726409912109374,325.0,3548,NOTRIAL
fixation,1318360.5519999862,0.5817273875077565,0.28304455876350404,2.170867919921875,2.2894358317057293,500.0,3549,NOTRIAL
fixation,1318893.9029999971,0.6325922136505445,0.5011495364209017,2.1266059875488277,2.3029607137044272,408.0,3550,NOTRIAL
fixation,1319693.9289999902,0.5393409558704921,0.28574754297733307,2.195563180106027,2.3226470947265625,225.0,3551,NOTRIAL
fixation,1319960.6059999764,0.4909916978615981,0.29592448472976685,2.198118943434495,2.329625056340144,434.0,3552,NOTRIAL
fixation,1320460.620999992,0.4926634085805793,0.4989079048759059,2.1198786685341284,2.2617721557617188,634.0,3553,NOTRIAL
fixation,1321127.3099999726,0.39054958075284957,0.5029651567339897,2.133319091796875,2.228651428222656,333.0,3554,NOTRIAL
fixation,1321493.9919999838,0.4151179250329733,0.31233302876353264,2.171072006225586,2.2884368896484375,266.0,3555,NOTRIAL
fixation,1321827.3359999955,0.3455001198583179,0.3085110584894816,2.1902058919270835,2.284425523546007,308.0,3556,NOTRIAL
fixation,1322560.69599998,0.4315871924161911,0.4825348764657974,2.173272705078125,2.2772598266601562,166.0,3557,NOTRIAL
fixation,1322760.699000001,0.49740838445723057,0.3119716253131628,2.216766357421875,2.3370018005371094,266.0,3558,NOTRIAL
fixation,1323060.7079999745,0.5651787051132747,0.29081120661326815,2.1714564732142856,2.291652134486607,466.0,3559,NOTRIAL
fixation,1323594.0649999976,0.4586944111755916,0.47415643504687716,2.1567491803850447,2.2906385149274553,233.0,3560,NOTRIAL
fixation,1323860.7409999967,0.35393773317337035,0.5028969407081604,2.17860107421875,2.296014404296875,166.0,3561,NOTRIAL
fixation,1324060.7439999878,0.33469832440217334,0.5054674074053764,2.1845499674479165,2.270604451497396,200.0,3562,NOTRIAL
fixation,1324294.0869999826,0.4206486688210414,0.4996040463447571,2.1875023475060096,2.278497549203726,433.0,3563,NOTRIAL
fixation,1324794.1049999893,0.6209598779678345,0.6657112598419189,2.1564239501953124,2.2769378662109374,167.0,3564,NOTRIAL
fixation,1324994.1129999757,0.6400937438011169,0.7024940550327301,2.14947509765625,2.324981689453125,67.0,3565,NOTRIAL
fixation,1325127.449999988,0.6386906802654266,0.7055665651957194,2.1371307373046875,2.2506866455078125,100.0,3566,NOTRIAL
fixation,1325260.7889999747,0.5790573954582214,0.7052118182182312,2.095762464735243,2.2605972290039062,300.0,3567,NOTRIAL
fixation,1325627.4679999948,0.5840590596199036,0.7128735714488559,2.060085720486111,,300.0,3568,NOTRIAL
fixation,1326027.4809999764,0.5230114795267582,0.474372798576951,2.132295608520508,2.2331771850585938,267.0,3569,FIX_CROS
fixation,1326694.170999974,0.5152854546904564,0.41104792430996895,2.1733245849609375,2.2660064697265625,125.0,3570,FIX_CROS
fixation,1326860.8409999907,0.4003586048881213,0.4376604954401652,2.241694132486979,2.3394571940104165,200.0,3571,FIX_CROS
fixation,1327127.5189999938,0.30028968304395676,0.44960656265417737,2.2458623250325522,2.295440673828125,200.0,3572,13.2
fixation,1327394.1929999888,0.2244720607995987,0.41508662700653076,2.20989990234375,2.2995681762695312,67.0,3573,13.2
fixation,1327527.5309999883,0.19033524181161607,0.35013469202177866,2.1671905517578125,2.2434779575892856,234.0,3574,13.2
fixation,1327794.2069999874,0.2620019555091858,0.3403303921222687,2.1415771484375,2.1576507568359373,167.0,3575,13.2
fixation,1327994.2139999866,0.3276693820953369,0.3358547568321228,2.1080169677734375,2.121197509765625,167.0,3576,13.2
fixation,1328194.220999986,0.3837774768471718,0.3392660915851593,2.1395950317382812,2.1464157104492188,75.0,3577,13.2
fixation,1328660.9029999971,0.3182468463977178,0.36578114330768585,2.222900390625,2.261957804361979,200.0,3578,13.2
fixation,1328894.2439999878,0.286999199539423,0.36595843732357025,2.1958160400390625,2.2991104125976562,141.0,3579,13.2
fixation,1329360.9289999902,0.3817518800497055,0.3446767330169678,2.1727752685546875,2.25006103515625,100.0,3580,13.2
fixation,1329927.6119999886,0.5045354600463595,0.3311132256473814,2.1815621512276784,2.2875148228236606,234.0,3581,13.2
fixation,1330194.2819999754,0.5965666539139218,0.3206941766871346,2.1257188585069446,2.233218722873264,300.0,3582,13.2
fixation,1330527.6309999824,0.6293651938438416,0.3169244766235352,2.104315185546875,2.1921142578125,167.0,3583,13.2
fixation,1330727.6339999735,0.5592934548854828,0.3172516942024231,2.0867156982421875,2.2308013916015623,167.0,3584,13.2
fixation,1330927.6409999728,0.5231131017208099,0.32138700038194656,2.1070022583007812,2.2377548217773438,75.0,3585,13.2
fixation,1331294.32099998,0.6894888473408562,0.309201180934906,2.164321899414062,2.3162743704659596,459.0,3586,13.2
fixation,1331794.3310000002,0.7645434056009565,0.30286686761038645,2.1458871023995534,2.264899117606027,234.0,3587,13.2
fixation,1332061.0069999993,0.8033674657344818,0.301289401948452,2.1091995239257812,2.276031494140625,75.0,3588,13.2
fixation,1332427.6859999895,0.1752595321999656,0.4303573916355769,2.1746334499782987,2.2458563910590277,292.0,3589,13.2
fixation,1332761.0300000012,0.2023940399289131,0.4330903559923172,2.179779052734375,2.2434600830078124,167.0,3590,13.2
fixation,1332961.0339999795,0.243815659545362,0.4287345428019762,2.130023956298828,2.1859378814697266,267.0,3591,13.2
fixation,1333261.045999974,0.3062033712863922,0.4328101843595505,2.161920166015625,2.1610107421875,167.0,3592,13.2
fixation,1333461.048999995,0.34987604022026064,0.4281641572713852,2.149383544921875,2.148358154296875,167.0,3593,13.2
fixation,1333661.0549999774,0.3784309387207031,0.42018300890922544,2.1482086181640625,2.178070068359375,167.0,3594,13.2
fixation,1333861.0579999983,0.47271468573146397,0.41283443735705483,2.1480339898003473,2.1756049262152777,300.0,3595,13.2
fixation,1334661.0810000002,0.7156886433561643,0.4008440859615803,2.1771888732910156,2.3066075642903647,400.0,3596,13.2
fixation,1335094.4309999943,0.7837433914343516,0.3984719117482503,2.1442413330078125,2.295354207356771,108.0,3597,13.2
fixation,1335527.7779999971,0.17723757307976484,0.5309043414890766,2.225900650024414,2.2445220947265625,266.0,3598,13.2
fixation,1335827.7879999876,0.25022782385349274,0.5300004688593057,2.1693502572866588,2.181292020357572,441.0,3599,13.2
fixation,1336527.8129999936,0.3090597639481227,0.5241770214504666,2.1793670654296875,2.192723592122396,300.0,3600,13.2
fixation,1336861.1559999883,0.4184790290892124,0.49359330534935,2.1353759765625,2.187183380126953,141.0,3601,13.2
fixation,1337361.170999974,0.502865731716156,0.5982522368431091,2.1362202962239585,,100.0,3602,13.2
fixation,1337494.5109999776,0.4985772557556629,0.5351362153887749,2.155208587646484,2.1240692138671875,134.0,3603,13.2
fixation,1337661.1849999726,0.541503369808197,0.5324973464012146,2.1279258728027344,2.178607940673828,133.0,3604,13.2
fixation,1337827.8559999764,0.5848528494437536,0.5376477465033531,2.1069056193033853,2.143731689453125,200.0,3605,13.2
fixation,1338094.5309999883,0.635314961274465,0.5476085742314657,2.0805460611979165,,100.0,3606,13.2
fixation,1338227.8689999878,0.6344371885061264,0.5640779435634613,2.0930328369140625,2.1925506591796875,66.0,3607,13.2
fixation,1338327.871999979,0.6994257509708405,0.56947141289711,2.077667236328125,2.2043487548828127,166.0,3608,13.2
fixation,1338527.8769999743,0.7331431433558464,0.5564732700586319,2.0571212768554688,2.1707496643066406,133.0,3609,13.2
fixation,1339094.5629999936,0.8179550170898438,0.5417641401290894,2.0521952311197915,,92.0,3610,13.2
fixation,1339261.2369999886,0.5059788525104523,0.6343120187520981,2.0495262145996094,2.1492156982421875,133.0,3611,13.2
fixation,1339427.9079999924,0.4996110163629055,0.6356987804174423,2.0339508056640625,2.0849533081054688,266.0,3612,13.2
fixation,1339794.5869999826,0.5233857035636902,0.6512437015771866,2.0377159118652344,1.9709625244140625,134.0,3613,NOTRIAL
fixation,1339994.5909999907,0.5222843885421753,0.6485919157663981,2.036768595377604,2.08990478515625,100.0,3614,NOTRIAL
fixation,1340161.2659999728,0.5681500457800351,0.31385680918510145,2.162053034855769,2.2830540583683896,433.0,3615,NOTRIAL
fixation,1340627.949000001,0.6175800263881683,0.28982073068618774,2.1696014404296875,2.3217315673828125,74.0,3616,NOTRIAL
fixation,1340994.6309999824,0.6333237588405609,0.29641410894691944,2.234175682067871,2.3822498321533203,534.0,3617,NOTRIAL
fixation,1341561.3169999719,0.6388536648052495,0.5611888188414458,2.1472592237519055,2.299188995361328,1367.0,3618,NOTRIAL
fixation,1343194.7069999874,0.6452915668487549,0.6836576362450918,2.1277974446614585,,108.0,3619,NOTRIAL
fixation,1343561.3869999945,0.4816471536954244,0.48328117777903873,2.216191609700521,2.2744712829589844,400.0,3620,NOTRIAL
fixation,1344028.071999997,0.3600466400384903,0.48136378079652786,2.1926193237304688,2.3024444580078125,75.0,3621,NOTRIAL
fixation,1344428.0859999955,0.646483525633812,0.4692888557910919,2.2376537322998047,,259.0,3622,NOTRIAL
fixation,1344728.0949999988,0.6415441278368235,0.44850734528154135,2.2610864639282227,2.4042530059814453,533.0,3623,NOTRIAL
fixation,1345328.1169999838,0.4963309198617935,0.6768325448036194,2.1262115478515624,2.2734100341796877,167.0,3624,NOTRIAL
fixation,1345528.123999983,0.4992995262145996,0.6836073696613312,2.1445846557617188,2.2576904296875,67.0,3625,NOTRIAL
fixation,1345628.1269999743,0.4991650953888893,0.6753924638032913,2.1277008056640625,2.2721633911132812,66.66899999976158,3626,NOTRIAL
